signal_id,ticker,ts,station,valid_date,lead_day,action,fair_prob,yes_mid,prob_edge,abs_prob_edge,edge_z,freshest_source,freshest_age_min,m2m_15m,m2m_30m,m2m_60m,signed_m2m_15m,signed_m2m_30m,signed_m2m_60m
70654,KXHIGHCHI-26MAY17-B90.5,2026-05-17 00:37:04.985638+00:00,KMDW,2026-05-17,1,SKIP,0.12619408602760904,0.03500000000000002,0.09119408602760902,0.09119408602760902,1.8238817205521802,GFS,29.997495166666667,,,,,,
70653,KXHIGHCHI-26MAY17-B84.5,2026-05-17 00:37:04.598462+00:00,KMDW,2026-05-17,1,SKIP,0.2162617715493847,0.32499999999999996,-0.10873822845061526,0.10873822845061526,2.174764569012305,GFS,29.99104223333333,,,,,,
70651,KXHIGHCHI-26MAY17-B88.5,2026-05-17 00:37:03.613774+00:00,KMDW,2026-05-17,1,SKIP,0.16034665246367671,0.11,0.050346652463676714,0.050346652463676714,1.0069330492735342,GFS,29.974630766666667,,,,,,
70650,KXHIGHCHI-26MAY17-B86.5,2026-05-17 00:37:03.252060+00:00,KMDW,2026-05-17,1,SKIP,0.18994012858564624,0.29500000000000004,-0.1050598714143538,0.1050598714143538,2.101197428287076,GFS,29.9686022,,,,,,
70649,KXHIGHCHI-26MAY17-T84,2026-05-17 00:37:02.861382+00:00,KMDW,2026-05-17,1,SKIP,0.47361915933067933,0.255,0.21861915933067932,0.21861915933067932,4.372383186613586,GFS,29.9620909,,,,,,
70648,KXHIGHMIA-26MAY17-B83.5,2026-05-17 00:37:02.452841+00:00,KMIA,2026-05-17,1,SKIP,0.22742122172378607,0.045000000000000026,0.18242122172378605,0.18242122172378605,3.648424434475721,GFS,29.955281883333335,,,,,,
70647,KXHIGHMIA-26MAY17-B87.5,2026-05-17 00:37:02.060803+00:00,KMIA,2026-05-17,1,SKIP,0.17352049662718735,0.41500000000000004,-0.24147950337281268,0.24147950337281268,4.8295900674562535,GFS,29.948747916666665,,,,,,
70646,KXHIGHMIA-26MAY17-B89.5,2026-05-17 00:37:01.396890+00:00,KMIA,2026-05-17,1,SKIP,0.1326411522588332,0.42500000000000004,-0.2923588477411668,0.2923588477411668,5.847176954823336,GFS,29.9376827,,,,,,
70645,KXHIGHNY-26MAY17-B89.5,2026-05-17 00:37:00.766907+00:00,KNYC,2026-05-17,1,SKIP,0.2121014751848915,0.41500000000000004,-0.20289852481510853,0.20289852481510853,4.05797049630217,GFS,29.927182983333335,,,,,,
70644,KXHIGHNY-26MAY17-B87.5,2026-05-17 00:37:00.334492+00:00,KNYC,2026-05-17,1,SKIP,0.2484332280510757,0.30999999999999994,-0.06156677194892424,0.06156677194892424,1.2313354389784847,GFS,29.919976066666667,,,,,,
70643,KXHIGHNY-26MAY17-T90,2026-05-17 00:36:59.745735+00:00,KNYC,2026-05-17,1,SKIP,0.15107758973975,0.07999999999999999,0.07107758973975001,0.07107758973975001,1.421551794795,GFS,29.91016345,,,,,,
70642,KXHIGHNY-26MAY17-B83.5,2026-05-17 00:36:59.365274+00:00,KNYC,2026-05-17,1,SKIP,0.18601390814727597,0.06499999999999997,0.121013908147276,0.121013908147276,2.42027816294552,GFS,29.903822433333332,,,,,,
70641,KXHIGHNY-26MAY17-T83,2026-05-17 00:36:58.749884+00:00,KNYC,2026-05-17,1,SKIP,0.13469463793472508,0.025000000000000015,0.10969463793472506,0.10969463793472506,2.193892758694501,GFS,29.893565933333335,,,,,,
70639,KXHIGHMIA-26MAY17-B85.5,2026-05-17 00:36:57.870917+00:00,KMIA,2026-05-17,1,SKIP,0.25883063139875884,0.12,0.13883063139875884,0.13883063139875884,2.776612627975177,GFS,29.878916483333334,,,,,,
70638,KXHIGHNY-26MAY17-B85.5,2026-05-17 00:36:57.292483+00:00,KNYC,2026-05-17,1,SKIP,0.2615254252438667,0.16000000000000003,0.10152542524386665,0.10152542524386665,2.030508504877333,GFS,29.869275916666666,,,,,,
70637,KXHIGHMIA-26MAY17-T90,2026-05-17 00:36:56.880524+00:00,KMIA,2026-05-17,1,SKIP,0.12864173729443182,0.025000000000000015,0.1036417372944318,0.1036417372944318,2.0728347458886356,GFS,29.862409933333332,,,,,,
70636,KXHIGHMIA-26MAY17-B87.5,2026-05-17 00:31:50.430927+00:00,KMIA,2026-05-17,1,SKIP,0.19996720747206004,0.41500000000000004,-0.21503279252794,0.21503279252794,4.300655850558799,GFS,24.75491665,,,,,,
70634,KXHIGHCHI-26MAY17-B84.5,2026-05-17 00:31:49.408764+00:00,KMDW,2026-05-17,1,SKIP,0.21829713650746885,0.32499999999999996,-0.10670286349253111,0.10670286349253111,2.134057269850622,GFS,24.7378806,,,,,,
70633,KXHIGHCHI-26MAY17-T84,2026-05-17 00:31:49.032780+00:00,KMDW,2026-05-17,1,SKIP,0.47768957869375667,0.255,0.22268957869375666,0.22268957869375666,4.453791573875133,GFS,24.7316142,,,,,,
70632,KXHIGHCHI-26MAY17-B90.5,2026-05-17 00:31:48.687570+00:00,KMDW,2026-05-17,1,SKIP,0.12590654740391824,0.03500000000000002,0.09090654740391822,0.09090654740391822,1.8181309480783643,GFS,24.7258607,,,,,,
70631,KXHIGHCHI-26MAY17-B86.5,2026-05-17 00:31:48.092810+00:00,KMDW,2026-05-17,1,SKIP,0.18627665799294932,0.29500000000000004,-0.10872334200705072,0.10872334200705072,2.1744668401410143,GFS,24.715948033333333,,,,,,
70630,KXHIGHCHI-26MAY17-B88.5,2026-05-17 00:31:47.715678+00:00,KMDW,2026-05-17,1,SKIP,0.15842649916304316,0.11,0.04842649916304316,0.04842649916304316,0.9685299832608631,GFS,24.7096625,,,,,,
70629,KXHIGHMIA-26MAY17-B83.5,2026-05-17 00:31:47.065720+00:00,KMIA,2026-05-17,1,SKIP,0.22990914843678661,0.045000000000000026,0.18490914843678657,0.18490914843678657,3.6981829687357313,GFS,24.698829866666667,,,,,,
70627,KXHIGHNY-26MAY17-B87.5,2026-05-17 00:31:46.325638+00:00,KNYC,2026-05-17,1,SKIP,0.2457804012070659,0.30499999999999994,-0.059219598792934036,0.059219598792934036,1.1843919758586807,GFS,24.686495166666667,,,,,,
70626,KXHIGHNY-26MAY17-B83.5,2026-05-17 00:31:45.980305+00:00,KNYC,2026-05-17,1,SKIP,0.19079712906607754,0.06499999999999997,0.12579712906607757,0.12579712906607757,2.5159425813215512,GFS,24.680739616666667,,,,,,
70625,KXHIGHNY-26MAY17-T90,2026-05-17 00:31:45.372809+00:00,KNYC,2026-05-17,1,SKIP,0.14798278249079505,0.08499999999999999,0.06298278249079506,0.06298278249079506,1.259655649815901,GFS,24.670614683333334,,,,,,
70624,KXHIGHNY-26MAY17-T83,2026-05-17 00:31:45.013542+00:00,KNYC,2026-05-17,1,SKIP,0.1354818433935896,0.025000000000000015,0.11048184339358957,0.11048184339358957,2.2096368678717915,GFS,24.6646269,,,,,,
70623,KXHIGHNY-26MAY17-B89.5,2026-05-17 00:31:44.617174+00:00,KNYC,2026-05-17,1,SKIP,0.21121747583467995,0.41000000000000003,-0.19878252416532008,0.19878252416532008,3.9756504833064015,GFS,24.658020766666667,,,,,,
70622,KXHIGHMIA-26MAY17-B85.5,2026-05-17 00:31:44.240518+00:00,KMIA,2026-05-17,1,SKIP,0.25831850873221884,0.11499999999999999,0.14331850873221885,0.14331850873221885,2.866370174644377,GFS,24.651743166666666,,,,,,
70621,KXHIGHMIA-26MAY17-B89.5,2026-05-17 00:31:43.651560+00:00,KMIA,2026-05-17,1,SKIP,0.13238300827382007,0.43999999999999995,-0.30761699172617984,0.30761699172617984,6.1523398345235965,GFS,24.6419272,,,,,,
70620,KXHIGHNY-26MAY17-B85.5,2026-05-17 00:31:43.000842+00:00,KNYC,2026-05-17,1,SKIP,0.2625866323093769,0.16000000000000003,0.10258663230937687,0.10258663230937687,2.051732646187537,GFS,24.6310819,,,,,,
70619,KXHIGHMIA-26MAY17-T90,2026-05-17 00:31:42.565171+00:00,KMIA,2026-05-17,1,SKIP,0.12843110052252846,0.01500000000000001,0.11343110052252844,0.11343110052252844,2.2686220104505685,GFS,24.623820716666668,,,,,,
70618,KXHIGHMIA-26MAY17-B87.5,2026-05-17 00:26:33.401093+00:00,KMIA,2026-05-17,1,SKIP,0.19578692644057988,0.42000000000000004,-0.22421307355942016,0.22421307355942016,4.484261471188403,GFS,19.471086083333333,,,,,,
70617,KXHIGHCHI-26MAY17-T84,2026-05-17 00:26:33.049324+00:00,KMDW,2026-05-17,1,SKIP,0.4817925791950999,0.265,0.21679257919509987,0.21679257919509987,4.335851583901997,GFS,19.465223266666666,,,,,,
70616,KXHIGHCHI-26MAY17-B84.5,2026-05-17 00:26:32.731340+00:00,KMDW,2026-05-17,1,SKIP,0.22034879327757695,0.32499999999999996,-0.104651206722423,0.104651206722423,2.09302413444846,GFS,19.459923533333335,,,,,,
70614,KXHIGHCHI-26MAY17-B90.5,2026-05-17 00:26:31.505666+00:00,KMDW,2026-05-17,1,SKIP,0.12562218121872734,0.03500000000000002,0.09062218121872732,0.09062218121872732,1.8124436243745463,GFS,19.439495633333333,,,,,,
70613,KXHIGHCHI-26MAY17-B86.5,2026-05-17 00:26:31.115886+00:00,KMDW,2026-05-17,1,SKIP,0.18258386363007847,0.29500000000000004,-0.11241613636992157,0.11241613636992157,2.248322727398431,GFS,19.4329993,,,,,,
70612,KXHIGHCHI-26MAY17-B88.5,2026-05-17 00:26:30.750551+00:00,KMDW,2026-05-17,1,SKIP,0.15648103564114033,0.11,0.046481035641140325,0.046481035641140325,0.9296207128228064,GFS,19.426910383333333,,,,,,
70611,KXHIGHMIA-26MAY17-B83.5,2026-05-17 00:26:30.316767+00:00,KMIA,2026-05-17,1,SKIP,0.232416989433057,0.045000000000000026,0.18741698943305696,0.18741698943305696,3.748339788661139,GFS,19.41968065,,,,,,
70609,KXHIGHMIA-26MAY17-B85.5,2026-05-17 00:26:29.274047+00:00,KMIA,2026-05-17,1,SKIP,0.25780228684692086,0.115,0.14280228684692087,0.14280228684692087,2.8560457369384173,GFS,19.402301983333334,,,,,,
70608,KXHIGHMIA-26MAY17-B89.5,2026-05-17 00:26:28.931040+00:00,KMIA,2026-05-17,1,SKIP,0.13212590119909404,0.385,-0.25287409880090594,0.25287409880090594,5.057481976018119,GFS,19.3965852,,,,,,
70607,KXHIGHNY-26MAY17-B89.5,2026-05-17 00:26:28.304779+00:00,KNYC,2026-05-17,1,SKIP,0.21032640062753924,0.44999999999999996,-0.23967359937246072,0.23967359937246072,4.793471987449214,GFS,19.386147516666668,,,,,,
70606,KXHIGHNY-26MAY17-B87.5,2026-05-17 00:26:27.908529+00:00,KNYC,2026-05-17,1,SKIP,0.2431063401583008,0.29500000000000004,-0.05189365984169925,0.05189365984169925,1.037873196833985,GFS,19.37954335,,,,,,
70605,KXHIGHNY-26MAY17-B83.5,2026-05-17 00:26:27.558609+00:00,KNYC,2026-05-17,1,SKIP,0.19560412674261507,0.06499999999999997,0.1306041267426151,0.1306041267426151,2.6120825348523016,GFS,19.37371135,,,,,,
70604,KXHIGHNY-26MAY17-T83,2026-05-17 00:26:27.159563+00:00,KNYC,2026-05-17,1,SKIP,0.13628985984251799,0.025000000000000015,0.11128985984251796,0.11128985984251796,2.225797196850359,GFS,19.367060583333334,,,,,,
70603,KXHIGHNY-26MAY17-T90,2026-05-17 00:26:26.732617+00:00,KNYC,2026-05-17,1,SKIP,0.14486320326286578,0.07499999999999998,0.0698632032628658,0.0698632032628658,1.3972640652573158,GFS,19.359944816666665,,,,,,
70602,KXHIGHNY-26MAY17-B85.5,2026-05-17 00:26:26.371614+00:00,KNYC,2026-05-17,1,SKIP,0.2636563336677462,0.14500000000000002,0.1186563336677462,0.1186563336677462,2.373126673354924,GFS,19.3539281,,,,,,
70601,KXHIGHMIA-26MAY17-T90,2026-05-17 00:26:25.746738+00:00,KMIA,2026-05-17,1,SKIP,0.12822130983439337,0.01500000000000001,0.11322130983439335,0.11322130983439335,2.2644261966878667,GFS,19.3435135,,,,,,
70600,KXHIGHMIA-26MAY17-B87.5,2026-05-17 00:21:17.340220+00:00,KMIA,2026-05-17,1,SKIP,0.19161246879457478,0.395,-0.20338753120542524,0.20338753120542524,4.067750624108505,GFS,14.203404866666666,,,,,,
70598,KXHIGHCHI-26MAY17-B90.5,2026-05-17 00:21:16.571386+00:00,KMDW,2026-05-17,1,SKIP,0.12534395986678368,0.03500000000000002,0.09034395986678366,0.09034395986678366,1.806879197335673,GFS,14.190590966666667,,,,,,
70597,KXHIGHCHI-26MAY17-B88.5,2026-05-17 00:21:15.905769+00:00,KMDW,2026-05-17,1,SKIP,0.15453112161640278,0.11,0.04453112161640278,0.04453112161640278,0.8906224323280556,GFS,14.17949735,,,,,,
70595,KXHIGHCHI-26MAY17-B86.5,2026-05-17 00:21:15.122166+00:00,KMDW,2026-05-17,1,SKIP,0.18004359577705686,0.29500000000000004,-0.11495640422294318,0.11495640422294318,2.2991280844588635,GFS,14.1664373,,,,,,
70594,KXHIGHCHI-26MAY17-T84,2026-05-17 00:21:14.500507+00:00,KMDW,2026-05-17,1,SKIP,0.48588439946948275,0.265,0.22088439946948274,0.22088439946948274,4.417687989389655,GFS,14.156076316666667,,,,,,
70593,KXHIGHCHI-26MAY17-B84.5,2026-05-17 00:21:14.158126+00:00,KMDW,2026-05-17,1,SKIP,0.2212523954580205,0.32499999999999996,-0.10374760454197945,0.10374760454197945,2.074952090839589,GFS,14.150369966666666,,,,,,
70592,KXHIGHMIA-26MAY17-B89.5,2026-05-17 00:21:13.746472+00:00,KMIA,2026-05-17,1,SKIP,0.13187256053127935,0.385,-0.2531274394687206,0.2531274394687206,5.0625487893744126,GFS,14.143509066666667,,,,,,
70591,KXHIGHMIA-26MAY17-B85.5,2026-05-17 00:21:13.367259+00:00,KMIA,2026-05-17,1,SKIP,0.25728747160971766,0.11,0.14728747160971767,0.14728747160971767,2.9457494321943534,GFS,14.13718885,,,,,,
70590,KXHIGHMIA-26MAY17-B83.5,2026-05-17 00:21:12.997772+00:00,KMIA,2026-05-17,1,SKIP,0.23491799683730108,0.045000000000000026,0.18991799683730104,0.18991799683730104,3.798359936746021,GFS,14.131030733333333,,,,,,
70589,KXHIGHNY-26MAY17-B87.5,2026-05-17 00:21:12.376063+00:00,KNYC,2026-05-17,1,SKIP,0.24043956563300012,0.30500000000000005,-0.06456043436699993,0.06456043436699993,1.2912086873399986,GFS,14.120668916666666,,,,,,
70588,KXHIGHNY-26MAY17-T90,2026-05-17 00:21:12.040304+00:00,KNYC,2026-05-17,1,SKIP,0.14175212454664093,0.07499999999999998,0.06675212454664095,0.06675212454664095,1.335042490932819,GFS,14.115072933333334,,,,,,
70587,KXHIGHNY-26MAY17-B85.5,2026-05-17 00:21:11.388862+00:00,KNYC,2026-05-17,1,SKIP,0.26472312020707933,0.14500000000000002,0.11972312020707931,0.11972312020707931,2.3944624041415863,GFS,14.104215566666667,,,,,,
70586,KXHIGHNY-26MAY17-B89.5,2026-05-17 00:21:10.938711+00:00,KNYC,2026-05-17,1,SKIP,0.20943775350273738,0.45499999999999996,-0.24556224649726258,0.24556224649726258,4.911244929945251,GFS,14.09671305,,,,,,
70585,KXHIGHNY-26MAY17-B83.5,2026-05-17 00:21:10.547793+00:00,KNYC,2026-05-17,1,SKIP,0.20038325221352846,0.06499999999999997,0.13538325221352848,0.13538325221352848,2.7076650442705694,GFS,14.09019775,,,,,,
70584,KXHIGHNY-26MAY17-T83,2026-05-17 00:21:10.201345+00:00,KNYC,2026-05-17,1,SKIP,0.1371104481985987,0.025000000000000015,0.11211044819859867,0.11211044819859867,2.242208963971973,GFS,14.084423616666667,,,,,,
70583,KXHIGHMIA-26MAY17-T90,2026-05-17 00:21:09.790486+00:00,KMIA,2026-05-17,1,SKIP,0.12801459240707222,0.01500000000000001,0.1130145924070722,0.1130145924070722,2.260291848141444,GFS,14.077575966666666,,,,,,
70582,KXHIGHMIA-26MAY17-B87.5,2026-05-17 00:15:53.109904+00:00,KMIA,2026-05-17,1,SKIP,0.18731949965989544,0.45499999999999996,-0.2676805003401045,0.2676805003401045,5.353610006802089,GFS,8.799566266666666,-0.03999999999999998,,,0.03999999999999998,,
70580,KXHIGHCHI-26MAY17-B90.5,2026-05-17 00:15:52.361761+00:00,KMDW,2026-05-17,1,SKIP,0.12506369631797273,0.03500000000000002,0.09006369631797272,0.09006369631797272,1.8012739263594542,GFS,8.787097216666666,-1.3877787807814457e-17,,,-1.3877787807814457e-17,,
70578,KXHIGHCHI-26MAY17-T84,2026-05-17 00:15:51.323643+00:00,KMDW,2026-05-17,1,SKIP,0.4062809244599429,0.265,0.1412809244599429,0.1412809244599429,2.825618489198858,GFS,8.76979525,-0.010000000000000009,,,-0.010000000000000009,,
70577,KXHIGHCHI-26MAY17-B86.5,2026-05-17 00:15:50.998472+00:00,KMDW,2026-05-17,1,SKIP,0.1775222310118808,0.29500000000000004,-0.11747776898811924,0.11747776898811924,2.3495553797623847,GFS,8.764375733333333,-5.551115123125783e-17,,,5.551115123125783e-17,,
70576,KXHIGHCHI-26MAY17-B84.5,2026-05-17 00:15:50.620917+00:00,KMDW,2026-05-17,1,SKIP,0.22048948986585082,0.32499999999999996,-0.10451051013414914,0.10451051013414914,2.0902102026829827,GFS,8.75808315,5.551115123125783e-17,,,-5.551115123125783e-17,,
70575,KXHIGHCHI-26MAY17-B88.5,2026-05-17 00:15:50.030716+00:00,KMDW,2026-05-17,1,SKIP,0.15251857774035935,0.11,0.042518577740359345,0.042518577740359345,0.8503715548071868,GFS,8.748246466666666,0.0,,,0.0,,
70574,KXHIGHMIA-26MAY17-B89.5,2026-05-17 00:15:49.615795+00:00,KMIA,2026-05-17,1,SKIP,0.13161552299925636,0.385,-0.2533844770007436,0.2533844770007436,5.0676895400148725,GFS,8.741331116666666,0.05499999999999999,,,-0.05499999999999999,,
70573,KXHIGHMIA-26MAY17-B85.5,2026-05-17 00:15:49.008852+00:00,KMIA,2026-05-17,1,SKIP,0.256758746036604,0.12,0.13675874603660398,0.13675874603660398,2.7351749207320797,GFS,8.7312154,0.0,,,0.0,,
70572,KXHIGHMIA-26MAY17-T90,2026-05-17 00:15:48.662644+00:00,KMIA,2026-05-17,1,SKIP,0.12780485846343378,0.01500000000000001,0.11280485846343377,0.11280485846343377,2.256097169268675,GFS,8.725445266666666,-1.0408340855860843e-17,,,-1.0408340855860843e-17,,
70571,KXHIGHMIA-26MAY17-B83.5,2026-05-17 00:15:48.255008+00:00,KMIA,2026-05-17,1,SKIP,0.23748658159861058,0.05500000000000003,0.18248658159861056,0.18248658159861056,3.649731631972211,GFS,8.718651333333334,-0.01000000000000003,,,-0.01000000000000003,,
70570,KXHIGHNY-26MAY17-B89.5,2026-05-17 00:15:47.805253+00:00,KNYC,2026-05-17,1,SKIP,0.20645418373226093,0.42500000000000004,-0.2185458162677391,0.2185458162677391,4.370916325354782,GFS,8.711155416666667,-0.015000000000000069,,,0.015000000000000069,,
70569,KXHIGHNY-26MAY17-B85.5,2026-05-17 00:15:47.184554+00:00,KNYC,2026-05-17,1,SKIP,0.26581873137714374,0.15500000000000003,0.11081873137714371,0.11081873137714371,2.216374627542874,GFS,8.700810433333332,0.004999999999999977,,,0.004999999999999977,,
70568,KXHIGHNY-26MAY17-B87.5,2026-05-17 00:15:46.794043+00:00,KNYC,2026-05-17,1,SKIP,0.2377007347139405,0.30500000000000005,-0.06729926528605956,0.06729926528605956,1.3459853057211912,GFS,8.694301916666667,-5.551115123125783e-17,,,5.551115123125783e-17,,
70567,KXHIGHNY-26MAY17-B83.5,2026-05-17 00:15:46.419223+00:00,KNYC,2026-05-17,1,SKIP,0.20527586907424863,0.07499999999999998,0.13027586907424865,0.13027586907424865,2.605517381484973,GFS,8.688054916666667,-0.009999999999999981,,,-0.009999999999999981,,
70566,KXHIGHNY-26MAY17-T90,2026-05-17 00:15:45.791180+00:00,KNYC,2026-05-17,1,SKIP,0.14062789566476191,0.07499999999999998,0.06562789566476193,0.06562789566476193,1.3125579132952385,GFS,8.677587533333334,0.010000000000000023,,,0.010000000000000023,,
70565,KXHIGHNY-26MAY17-T83,2026-05-17 00:15:45.378627+00:00,KNYC,2026-05-17,1,SKIP,0.13796884973922907,0.025000000000000015,0.11296884973922905,0.11296884973922905,2.259376994784581,GFS,8.67071165,-1.3877787807814457e-17,,,-1.3877787807814457e-17,,
70563,KXHIGHCHI-26MAY17-B88.5,2026-05-17 00:10:36.781952+00:00,KMDW,2026-05-17,1,SKIP,0.15054965153208497,0.11,0.040549651532084965,0.040549651532084965,0.8109930306416993,GFS,3.5274337333333334,0.0,,,0.0,,
70562,KXHIGHCHI-26MAY17-B86.5,2026-05-17 00:10:36.400988+00:00,KMDW,2026-05-17,1,SKIP,0.1750674078335238,0.29500000000000004,-0.11993259216647623,0.11993259216647623,2.3986518433295245,GFS,3.5210843333333335,-5.551115123125783e-17,,,5.551115123125783e-17,,
70561,KXHIGHCHI-26MAY17-B90.5,2026-05-17 00:10:35.796171+00:00,KMDW,2026-05-17,1,SKIP,0.1247960581712225,0.03500000000000002,0.08979605817122248,0.08979605817122248,1.7959211634244494,GFS,3.51100405,-1.3877787807814457e-17,,,-1.3877787807814457e-17,,
70560,KXHIGHCHI-26MAY17-B84.5,2026-05-17 00:10:35.404721+00:00,KMDW,2026-05-17,1,SKIP,0.21926189098090587,0.31499999999999995,-0.09573810901909408,0.09573810901909408,1.9147621803818815,GFS,3.5044798833333335,0.010000000000000064,,,-0.010000000000000064,,
70559,KXHIGHCHI-26MAY17-T84,2026-05-17 00:10:35.039996+00:00,KMDW,2026-05-17,1,SKIP,0.4124182945654462,0.265,0.1474182945654462,0.1474182945654462,2.948365891308924,GFS,3.498401133333333,0.0,,,0.0,,
70558,KXHIGHMIA-26MAY17-B89.5,2026-05-17 00:10:34.677845+00:00,KMIA,2026-05-17,1,SKIP,0.13136829724033292,0.38,-0.2486317027596671,0.2486317027596671,4.972634055193342,GFS,3.492365283333333,0.05499999999999999,,,-0.05499999999999999,,
70557,KXHIGHMIA-26MAY17-B85.5,2026-05-17 00:10:34.290984+00:00,KMIA,2026-05-17,1,SKIP,0.2562439741123683,0.125,0.13124397411236832,0.13124397411236832,2.6248794822473664,GFS,3.4859176,-0.015,,,-0.015,,
70556,KXHIGHMIA-26MAY17-B83.5,2026-05-17 00:10:33.973964+00:00,KMIA,2026-05-17,1,SKIP,0.239987378585515,0.05500000000000003,0.18498737858551498,0.18498737858551498,3.6997475717102994,GFS,3.4806339333333334,-0.01000000000000003,,,-0.01000000000000003,,
70555,KXHIGHMIA-26MAY17-B87.5,2026-05-17 00:10:33.612939+00:00,KMIA,2026-05-17,1,SKIP,0.18313432746176764,0.45499999999999996,-0.27186567253823235,0.27186567253823235,5.437313450764647,GFS,3.47461685,-0.03999999999999998,,,0.03999999999999998,,
70554,KXHIGHNY-26MAY17-T83,2026-05-17 00:10:32.983362+00:00,KNYC,2026-05-17,1,SKIP,0.13882010587101648,0.03500000000000002,0.10382010587101646,0.10382010587101646,2.0764021174203293,GFS,3.4641239,-0.010000000000000016,,,-0.010000000000000016,,
70553,KXHIGHNY-26MAY17-B85.5,2026-05-17 00:10:32.567464+00:00,KNYC,2026-05-17,1,SKIP,0.26688542816448996,0.15500000000000003,0.11188542816448993,0.11188542816448993,2.2377085632897984,GFS,3.4571922666666666,-0.010000000000000037,,,-0.010000000000000037,,
70552,KXHIGHNY-26MAY17-B89.5,2026-05-17 00:10:31.958200+00:00,KNYC,2026-05-17,1,SKIP,0.203338550939271,0.43499999999999994,-0.23166144906072894,0.23166144906072894,4.633228981214579,GFS,3.447037866666667,0.015000000000000069,,,-0.015000000000000069,,
70551,KXHIGHNY-26MAY17-T90,2026-05-17 00:10:31.344911+00:00,KNYC,2026-05-17,1,SKIP,0.13974413912579137,0.07999999999999999,0.05974413912579138,0.05974413912579138,1.1948827825158275,GFS,3.4368163833333334,-0.0049999999999999906,,,-0.0049999999999999906,,
70550,KXHIGHNY-26MAY17-B83.5,2026-05-17 00:10:30.960144+00:00,KNYC,2026-05-17,1,SKIP,0.21002385564854717,0.07499999999999998,0.1350238556485472,0.1350238556485472,2.7004771129709435,GFS,3.4304036,-0.009999999999999981,,,-0.009999999999999981,,
70549,KXHIGHNY-26MAY17-B87.5,2026-05-17 00:10:30.587147+00:00,KNYC,2026-05-17,1,SKIP,0.27974822621695944,0.30500000000000005,-0.02525177378304061,0.02525177378304061,0.5050354756608122,GFS,3.424186983333333,-0.010000000000000064,,,0.010000000000000064,,
70547,KXHIGHMIA-26MAY17-T90,2026-05-17 00:10:29.534521+00:00,KMIA,2026-05-17,1,SKIP,0.12760313059521208,0.01500000000000001,0.11260313059521207,0.11260313059521207,2.252062611904241,GFS,3.4066432166666667,-1.0408340855860843e-17,,,-1.0408340855860843e-17,,
70546,KXHIGHMIA-26MAY17-B89.5,2026-05-17 00:05:15.637229+00:00,KMIA,2026-05-17,1,SKIP,0.1286206323582226,0.365,-0.2363793676417774,0.2363793676417774,4.727587352835547,HRRR,58.70385585,0.020000000000000018,,,-0.020000000000000018,,
70545,KXHIGHCHI-26MAY17-T84,2026-05-17 00:05:15.222778+00:00,KMDW,2026-05-17,1,SKIP,0.6174581930537476,0.265,0.3524581930537476,0.3524581930537476,7.049163861074952,HRRR,58.69694833333333,0.0,,,0.0,,
70544,KXHIGHCHI-26MAY17-B84.5,2026-05-17 00:05:14.776197+00:00,KMDW,2026-05-17,1,SKIP,0.17359930073199603,0.30999999999999994,-0.1364006992680039,0.1364006992680039,2.728013985360078,HRRR,58.68950531666667,0.015000000000000069,,,-0.015000000000000069,,
70543,KXHIGHCHI-26MAY17-B86.5,2026-05-17 00:05:14.163337+00:00,KMDW,2026-05-17,1,SKIP,0.1493677324930944,0.29500000000000004,-0.14563226750690564,0.14563226750690564,2.9126453501381127,HRRR,58.67929098333333,-5.551115123125783e-17,,,5.551115123125783e-17,,
70542,KXHIGHCHI-26MAY17-B90.5,2026-05-17 00:05:13.801834+00:00,KMDW,2026-05-17,1,SKIP,0.12090919096178228,0.03500000000000002,0.08590919096178226,0.08590919096178226,1.7181838192356451,HRRR,58.67326593333333,-1.3877787807814457e-17,,,-1.3877787807814457e-17,,
70541,KXHIGHCHI-26MAY17-B88.5,2026-05-17 00:05:13.413731+00:00,KMDW,2026-05-17,1,SKIP,0.12463842157310343,0.11,0.014638421573103425,0.014638421573103425,0.2927684314620685,HRRR,58.66679755,0.0,,,0.0,,
70539,KXHIGHMIA-26MAY17-B87.5,2026-05-17 00:05:12.594234+00:00,KMIA,2026-05-17,1,SKIP,0.1324837774631177,0.45499999999999996,-0.3225162225368823,0.3225162225368823,6.450324450737646,HRRR,58.65313926666666,-0.05999999999999994,,,0.05999999999999994,,
70538,KXHIGHMIA-26MAY17-B85.5,2026-05-17 00:05:12.211745+00:00,KMIA,2026-05-17,1,SKIP,0.25006330003280186,0.125,0.12506330003280186,0.12506330003280186,2.501266000656037,HRRR,58.64676445,-0.015,,,-0.015,,
70537,KXHIGHMIA-26MAY17-B83.5,2026-05-17 00:05:11.610968+00:00,KMIA,2026-05-17,1,SKIP,0.2700135132434366,0.05500000000000003,0.21501351324343657,0.21501351324343657,4.300270264868731,HRRR,58.6367515,-0.01000000000000003,,,-0.01000000000000003,,
70536,KXHIGHNY-26MAY17-T90,2026-05-17 00:05:10.984949+00:00,KNYC,2026-05-17,1,SKIP,0.13886153992503086,0.07999999999999999,0.058861539925030876,0.058861539925030876,1.1772307985006174,HRRR,58.62631785,-0.0049999999999999906,,,-0.0049999999999999906,,
70535,KXHIGHNY-26MAY17-B89.5,2026-05-17 00:05:10.589517+00:00,KNYC,2026-05-17,1,SKIP,0.20015324677712884,0.43999999999999995,-0.2398467532228711,0.2398467532228711,4.796935064457422,HRRR,58.61972731666667,0.015000000000000069,,,-0.015000000000000069,,
70534,KXHIGHNY-26MAY17-B85.5,2026-05-17 00:05:10.247671+00:00,KNYC,2026-05-17,1,SKIP,0.26850849032600654,0.14500000000000002,0.12350849032600653,0.12350849032600653,2.4701698065201305,HRRR,58.61402988333333,-2.7755575615628914e-17,,,-2.7755575615628914e-17,,
70533,KXHIGHNY-26MAY17-T83,2026-05-17 00:05:09.636436+00:00,KNYC,2026-05-17,1,SKIP,0.13970193341938164,0.03500000000000002,0.10470193341938162,0.10470193341938162,2.094038668387632,HRRR,58.603842633333336,-0.010000000000000016,,,-0.010000000000000016,,
70532,KXHIGHNY-26MAY17-B87.5,2026-05-17 00:05:09.279939+00:00,KNYC,2026-05-17,1,SKIP,0.2764979033962351,0.30500000000000005,-0.02850209660376496,0.02850209660376496,0.5700419320752992,HRRR,58.59790101666667,-5.551115123125783e-17,,,5.551115123125783e-17,,
70531,KXHIGHNY-26MAY17-B83.5,2026-05-17 00:05:08.904119+00:00,KNYC,2026-05-17,1,SKIP,0.21483719212229246,0.07499999999999998,0.13983719212229248,0.13983719212229248,2.7967438424458493,HRRR,58.59163735,-0.009999999999999981,,,-0.009999999999999981,,
70529,KXHIGHMIA-26MAY17-T90,2026-05-17 00:05:08.130984+00:00,KMIA,2026-05-17,1,SKIP,0.12536112886501258,0.01500000000000001,0.11036112886501256,0.11036112886501256,2.207222577300251,HRRR,58.57875176666667,-1.0408340855860843e-17,,,-1.0408340855860843e-17,,
70528,KXHIGHMIA-26MAY17-B89.5,2026-05-17 00:00:02.123525+00:00,KMIA,2026-05-17,1,SKIP,0.12840567054159976,0.375,-0.24659432945840024,0.24659432945840024,4.931886589168005,HRRR,53.47862745,0.010000000000000009,0.065,,-0.010000000000000009,-0.065,
70527,KXHIGHMIA-26MAY17-B87.5,2026-05-17 00:00:01.465900+00:00,KMIA,2026-05-17,1,SKIP,0.12816297966005666,0.42999999999999994,-0.3018370203399433,0.3018370203399433,6.036740406798866,HRRR,53.467667033333335,0.025000000000000078,-0.014999999999999958,,-0.025000000000000078,0.014999999999999958,
70520,KXHIGHCHI-26MAY17-B84.5,2026-05-16 23:59:57.957902+00:00,KMDW,2026-05-17,1,SKIP,0.1711036698085292,0.32499999999999996,-0.15389633019147075,0.15389633019147075,3.077926603829415,HRRR,53.4092004,5.551115123125783e-17,5.551115123125783e-17,,-5.551115123125783e-17,-5.551115123125783e-17,
70519,KXHIGHCHI-26MAY17-B86.5,2026-05-16 23:59:57.548302+00:00,KMDW,2026-05-17,1,SKIP,0.14735115469175597,0.29500000000000004,-0.14764884530824407,0.14764884530824407,2.9529769061648814,HRRR,53.402373733333334,-5.551115123125783e-17,-5.551115123125783e-17,,5.551115123125783e-17,5.551115123125783e-17,
70518,KXHIGHCHI-26MAY17-B90.5,2026-05-16 23:59:56.925567+00:00,KMDW,2026-05-17,1,SKIP,0.12090919096178229,0.03500000000000002,0.08590919096178228,0.08590919096178228,1.7181838192356453,HRRR,53.39199481666667,-1.3877787807814457e-17,-1.3877787807814457e-17,,-1.3877787807814457e-17,-1.3877787807814457e-17,
70517,KXHIGHCHI-26MAY17-B88.5,2026-05-16 23:59:56.553492+00:00,KMDW,2026-05-17,1,SKIP,0.1243745509921823,0.11499999999999999,0.009374550992182304,0.009374550992182304,0.18749101984364608,HRRR,53.38579356666666,-0.0049999999999999906,-0.0049999999999999906,,-0.0049999999999999906,-0.0049999999999999906,
70509,KXHIGHMIA-26MAY17-B85.5,2026-05-16 23:59:53.516678+00:00,KMIA,2026-05-17,1,SKIP,0.24953997079916032,0.125,0.12453997079916032,0.12453997079916032,2.490799415983206,HRRR,53.33518,-0.0050000000000000044,-0.0050000000000000044,,-0.0050000000000000044,-0.0050000000000000044,
70508,KXHIGHMIA-26MAY17-B83.5,2026-05-16 23:59:53.171128+00:00,KMIA,2026-05-17,1,SKIP,0.2186696947183889,0.05999999999999998,0.15866969471838893,0.15866969471838893,3.1733938943677784,HRRR,53.32942083333333,-0.004999999999999977,-0.014999999999999979,,-0.004999999999999977,-0.014999999999999979,
70506,KXHIGHCHI-26MAY17-T84,2026-05-16 23:59:52.472421+00:00,KMDW,2026-05-17,1,SKIP,0.6224495818401993,0.235,0.3874495818401993,0.3874495818401993,7.748991636803986,HRRR,53.31777571666667,0.030000000000000027,0.020000000000000018,,0.030000000000000027,0.020000000000000018,
70500,KXHIGHNY-26MAY17-T83,2026-05-16 23:59:49.885376+00:00,KNYC,2026-05-17,1,SKIP,0.1405997313532498,0.025000000000000015,0.11559973135324977,0.11559973135324977,2.3119946270649954,HRRR,53.2746583,-1.3877787807814457e-17,-1.3877787807814457e-17,,-1.3877787807814457e-17,-1.3877787807814457e-17,
70499,KXHIGHNY-26MAY17-T90,2026-05-16 23:59:49.456740+00:00,KNYC,2026-05-17,1,SKIP,0.13799550585548032,0.08499999999999999,0.052995505855480324,0.052995505855480324,1.0599101171096064,HRRR,53.26751436666667,-0.009999999999999995,1.3877787807814457e-17,,-0.009999999999999995,1.3877787807814457e-17,
70498,KXHIGHNY-26MAY17-B89.5,2026-05-16 23:59:49.042133+00:00,KNYC,2026-05-17,1,SKIP,0.1969534076791858,0.355,-0.1580465923208142,0.1580465923208142,3.160931846416284,HRRR,53.26060425,0.08000000000000002,0.05499999999999999,,-0.08000000000000002,-0.05499999999999999,
70497,KXHIGHNY-26MAY17-B83.5,2026-05-16 23:59:48.651387+00:00,KNYC,2026-05-17,1,SKIP,0.219631715887397,0.06999999999999998,0.14963171588739702,0.14963171588739702,2.99263431774794,HRRR,53.254091816666666,0.005000000000000018,-0.004999999999999977,,0.005000000000000018,-0.004999999999999977,
70496,KXHIGHNY-26MAY17-B87.5,2026-05-16 23:59:48.260647+00:00,KNYC,2026-05-17,1,SKIP,0.2726578546272414,0.345,-0.07234214537275857,0.07234214537275857,1.4468429074551714,HRRR,53.24757948333333,-0.02999999999999997,-0.03999999999999998,,0.02999999999999997,0.03999999999999998,
70494,KXHIGHNY-26MAY17-B85.5,2026-05-16 23:59:47.410978+00:00,KNYC,2026-05-17,1,SKIP,0.2707220905635214,0.16500000000000004,0.10572209056352139,0.10572209056352139,2.1144418112704275,HRRR,53.23341833333333,-0.020000000000000046,-0.005000000000000032,,-0.020000000000000046,-0.005000000000000032,
70493,KXHIGHMIA-26MAY17-T90,2026-05-16 23:59:47.018566+00:00,KMIA,2026-05-17,1,SKIP,0.12518572728386168,0.01500000000000001,0.11018572728386167,0.11018572728386167,2.2037145456772333,HRRR,53.22687813333334,-1.0408340855860843e-17,-1.0408340855860843e-17,,-1.0408340855860843e-17,-1.0408340855860843e-17,
70492,KXHIGHMIA-26MAY17-B89.5,2026-05-16 23:54:41.782191+00:00,KMIA,2026-05-17,1,SKIP,0.1281932554826427,0.35,-0.22180674451735727,0.22180674451735727,4.436134890347145,HRRR,48.139605216666666,0.030000000000000027,0.08500000000000002,,-0.030000000000000027,-0.08500000000000002,
70491,KXHIGHMIA-26MAY17-B87.5,2026-05-16 23:54:41.408675+00:00,KMIA,2026-05-17,1,SKIP,0.1238361683995803,0.42999999999999994,-0.30616383160041966,0.30616383160041966,6.123276632008393,HRRR,48.13337995,0.025000000000000078,-0.014999999999999958,,-0.025000000000000078,0.014999999999999958,
70482,KXHIGHCHI-26MAY17-T84,2026-05-16 23:54:37.487325+00:00,KMDW,2026-05-17,1,SKIP,0.6274424418562496,0.235,0.39244244185624966,0.39244244185624966,7.848848837124993,HRRR,48.06802411666666,0.030000000000000027,0.030000000000000027,,0.030000000000000027,0.030000000000000027,
70481,KXHIGHCHI-26MAY17-B90.5,2026-05-16 23:54:36.896572+00:00,KMDW,2026-05-17,1,SKIP,0.1209091909617823,0.03500000000000002,0.08590919096178229,0.08590919096178229,1.7181838192356458,HRRR,48.05817823333334,-1.3877787807814457e-17,-1.3877787807814457e-17,,-1.3877787807814457e-17,-1.3877787807814457e-17,
70479,KXHIGHCHI-26MAY17-B84.5,2026-05-16 23:54:35.914346+00:00,KMDW,2026-05-17,1,SKIP,0.16860730328897086,0.31499999999999995,-0.14639269671102909,0.14639269671102909,2.9278539342205816,HRRR,48.0418078,5.551115123125783e-17,0.010000000000000064,,-5.551115123125783e-17,-0.010000000000000064,
70478,KXHIGHCHI-26MAY17-B88.5,2026-05-16 23:54:35.489912+00:00,KMDW,2026-05-17,1,SKIP,0.1241156763593414,0.11499999999999999,0.009115676359341407,0.009115676359341407,0.18231352718682814,HRRR,48.0347339,-0.0049999999999999906,-0.0049999999999999906,,-0.0049999999999999906,-0.0049999999999999906,
70477,KXHIGHCHI-26MAY17-B86.5,2026-05-16 23:54:35.137855+00:00,KMDW,2026-05-17,1,SKIP,0.14532476878395495,0.29500000000000004,-0.1496752312160451,0.1496752312160451,2.993504624320902,HRRR,48.028866283333336,-5.551115123125783e-17,-5.551115123125783e-17,,5.551115123125783e-17,5.551115123125783e-17,
70470,KXHIGHMIA-26MAY17-B83.5,2026-05-16 23:54:32.315433+00:00,KMIA,2026-05-17,1,SKIP,0.22121281306815876,0.05999999999999998,0.1612128130681588,0.1612128130681588,3.2242562613631756,HRRR,47.981825916666665,-0.004999999999999977,-0.014999999999999979,,-0.004999999999999977,-0.014999999999999979,
70469,KXHIGHMIA-26MAY17-B85.5,2026-05-16 23:54:31.952247+00:00,KMIA,2026-05-17,1,SKIP,0.24901648731236564,0.125,0.12401648731236564,0.12401648731236564,2.4803297462473126,HRRR,47.97577281666667,0.0,-0.015,,0.0,-0.015,
70463,KXHIGHNY-26MAY17-B85.5,2026-05-16 23:54:28.499184+00:00,KNYC,2026-05-17,1,SKIP,0.27293634326757976,0.17000000000000004,0.10293634326757972,0.10293634326757972,2.0587268653515944,HRRR,47.91822176666667,-0.015000000000000041,-0.02500000000000005,,-0.015000000000000041,-0.02500000000000005,
70462,KXHIGHNY-26MAY17-B89.5,2026-05-16 23:54:28.147201+00:00,KNYC,2026-05-17,1,SKIP,0.19373679246461592,0.30500000000000005,-0.11126320753538413,0.11126320753538413,2.2252641507076825,HRRR,47.912355383333335,0.12999999999999995,0.14499999999999996,,-0.12999999999999995,-0.14499999999999996,
70461,KXHIGHNY-26MAY17-T83,2026-05-16 23:54:27.761850+00:00,KNYC,2026-05-17,1,SKIP,0.14158416149233108,0.025000000000000015,0.11658416149233106,0.11658416149233106,2.331683229846621,HRRR,47.90593286666667,0.009999999999999988,-1.3877787807814457e-17,,0.009999999999999988,-1.3877787807814457e-17,
70460,KXHIGHNY-26MAY17-B87.5,2026-05-16 23:54:27.360537+00:00,KNYC,2026-05-17,1,SKIP,0.26881667399021386,0.38,-0.11118332600978614,0.11118332600978614,2.2236665201957226,HRRR,47.89924431666667,-0.07500000000000001,-0.08500000000000002,,0.07500000000000001,0.08500000000000002,
70459,KXHIGHNY-26MAY17-T90,2026-05-16 23:54:26.732717+00:00,KNYC,2026-05-17,1,SKIP,0.1371450494719785,0.08499999999999999,0.05214504947197851,0.05214504947197851,1.0429009894395702,HRRR,47.88878065,-0.0049999999999999906,-0.009999999999999995,,-0.0049999999999999906,-0.009999999999999995,
70458,KXHIGHNY-26MAY17-B83.5,2026-05-16 23:54:26.325470+00:00,KNYC,2026-05-17,1,SKIP,0.22434128527935623,0.06999999999999998,0.15434128527935626,0.15434128527935626,3.086825705587125,HRRR,47.8819932,0.005000000000000018,-0.004999999999999977,,0.005000000000000018,-0.004999999999999977,
70457,KXHIGHMIA-26MAY17-T90,2026-05-16 23:54:25.902966+00:00,KMIA,2026-05-17,1,SKIP,0.1250124037709387,0.01500000000000001,0.11001240377093868,0.11001240377093868,2.2002480754187737,HRRR,47.874951466666666,-1.0408340855860843e-17,-1.0408340855860843e-17,,-1.0408340855860843e-17,-1.0408340855860843e-17,
70456,KXHIGHMIA-26MAY17-B89.5,2026-05-16 23:49:14.879824+00:00,KMIA,2026-05-17,1,SKIP,0.1279811896869263,0.385,-0.2570188103130737,0.2570188103130737,5.140376206261474,HRRR,42.69123243333333,-0.010000000000000009,0.0,,0.010000000000000009,-0.0,
70454,KXHIGHMIA-26MAY17-B87.5,2026-05-16 23:49:14.160889+00:00,KMIA,2026-05-17,1,SKIP,0.11945834080059839,0.42,-0.30054165919940157,0.30054165919940157,6.010833183988031,HRRR,42.67925018333333,0.03500000000000003,-0.024999999999999967,,-0.03500000000000003,0.024999999999999967,
70452,KXHIGHNY-26MAY16-B80.5,2026-05-16 23:49:13.407434+00:00,KNYC,2026-05-16,0,SKIP,0.12079786704867868,0.095,0.025797867048678674,0.025797867048678674,0.5159573409735735,HRRR,42.6666926,0.9,0.9,,0.9,0.9,
70445,KXHIGHCHI-26MAY17-B90.5,2026-05-16 23:49:10.472953+00:00,KMDW,2026-05-17,1,SKIP,0.12090919096178229,0.03500000000000002,0.08590919096178228,0.08590919096178228,1.7181838192356453,HRRR,42.61778458333333,-1.3877787807814457e-17,-1.3877787807814457e-17,,-1.3877787807814457e-17,-1.3877787807814457e-17,
70444,KXHIGHCHI-26MAY17-B88.5,2026-05-16 23:49:10.089947+00:00,KMDW,2026-05-17,1,SKIP,0.12385909075906286,0.11499999999999999,0.008859090759062868,0.008859090759062868,0.17718181518125736,HRRR,42.61140115,1.3877787807814457e-17,-0.0049999999999999906,,1.3877787807814457e-17,-0.0049999999999999906,
70442,KXHIGHCHI-26MAY17-B84.5,2026-05-16 23:49:09.361339+00:00,KMDW,2026-05-17,1,SKIP,0.16608424799947097,0.30500000000000005,-0.13891575200052908,0.13891575200052908,2.7783150400105816,HRRR,42.599257683333335,0.009999999999999953,0.019999999999999962,,-0.009999999999999953,-0.019999999999999962,
70441,KXHIGHCHI-26MAY17-T84,2026-05-16 23:49:09.003546+00:00,KMDW,2026-05-17,1,SKIP,0.6324886807696997,0.245,0.38748868076969967,0.38748868076969967,7.749773615393993,HRRR,42.59329446666667,0.020000000000000018,0.020000000000000018,,0.020000000000000018,0.020000000000000018,
70440,KXHIGHCHI-26MAY17-B86.5,2026-05-16 23:49:08.685455+00:00,KMDW,2026-05-17,1,SKIP,0.14326753594288422,0.29500000000000004,-0.15173246405711582,0.15173246405711582,3.0346492811423165,HRRR,42.58799295,-5.551115123125783e-17,-5.551115123125783e-17,,5.551115123125783e-17,5.551115123125783e-17,
70433,KXHIGHMIA-26MAY17-B85.5,2026-05-16 23:49:05.563969+00:00,KMIA,2026-05-17,1,SKIP,0.24848740723939777,0.12,0.12848740723939778,0.12848740723939778,2.5697481447879555,HRRR,42.53596818333333,0.0050000000000000044,-0.009999999999999995,,0.0050000000000000044,-0.009999999999999995,
70432,KXHIGHMIA-26MAY17-T90,2026-05-16 23:49:05.225983+00:00,KMIA,2026-05-17,1,SKIP,0.12483936524502236,0.01500000000000001,0.10983936524502234,0.10983936524502234,2.1967873049004467,HRRR,42.530335083333334,-1.0408340855860843e-17,-1.0408340855860843e-17,,-1.0408340855860843e-17,-1.0408340855860843e-17,
70431,KXHIGHMIA-26MAY17-B83.5,2026-05-16 23:49:04.864191+00:00,KMIA,2026-05-17,1,SKIP,0.22378312001384953,0.07499999999999998,0.14878312001384955,0.14878312001384955,2.975662400276991,HRRR,42.52430521666667,-0.019999999999999983,-0.029999999999999985,,-0.019999999999999983,-0.029999999999999985,
70427,KXHIGHNY-26MAY16-B78.5,2026-05-16 23:49:03.313999+00:00,KNYC,2026-05-16,0,SKIP,0.7866276983181683,0.915,-0.12837230168183178,0.12837230168183178,2.5674460336366356,HRRR,42.498468683333336,-0.91,-0.91,,0.91,0.91,
70426,KXHIGHNY-26MAY17-B83.5,2026-05-16 23:49:02.965332+00:00,KNYC,2026-05-17,1,SKIP,0.22769844165811315,0.06999999999999998,0.15769844165811317,0.15769844165811317,3.153968833162263,HRRR,42.492657566666665,0.005000000000000018,-0.004999999999999977,,0.005000000000000018,-0.004999999999999977,
70425,KXHIGHNY-26MAY17-B85.5,2026-05-16 23:49:02.593917+00:00,KNYC,2026-05-17,1,SKIP,0.2751742686497272,0.17000000000000004,0.10517426864972718,0.10517426864972718,2.1034853729945433,HRRR,42.48646731666667,-0.02500000000000005,-0.02500000000000005,,-0.02500000000000005,-0.02500000000000005,
70424,KXHIGHNY-26MAY17-T90,2026-05-16 23:49:02.164648+00:00,KNYC,2026-05-17,1,SKIP,0.13630129583097877,0.08499999999999999,0.05130129583097878,0.05130129583097878,1.0260259166195755,HRRR,42.47931283333333,-0.0049999999999999906,-0.009999999999999995,,-0.0049999999999999906,-0.009999999999999995,
70423,KXHIGHNY-26MAY17-B89.5,2026-05-16 23:49:01.749312+00:00,KNYC,2026-05-17,1,SKIP,0.19046999325694866,0.30500000000000005,-0.11453000674305139,0.11453000674305139,2.2906001348610276,HRRR,42.47239056666667,0.12499999999999994,0.14999999999999997,,-0.12499999999999994,-0.14999999999999997,
70422,KXHIGHNY-26MAY17-B87.5,2026-05-16 23:49:01.358445+00:00,KNYC,2026-05-17,1,SKIP,0.2649344271133053,0.38,-0.11506557288669472,0.11506557288669472,2.3013114577338944,HRRR,42.465876116666664,-0.07500000000000001,-0.07500000000000001,,0.07500000000000001,0.07500000000000001,
70421,KXHIGHNY-26MAY17-T83,2026-05-16 23:49:01.015118+00:00,KNYC,2026-05-17,1,SKIP,0.14398187945700214,0.025000000000000015,0.11898187945700212,0.11898187945700212,2.3796375891400423,HRRR,42.460154,0.009999999999999988,-1.3877787807814457e-17,,0.009999999999999988,-1.3877787807814457e-17,
70415,KXHIGHCHI-26MAY17-B86.5,2026-05-16 23:43:57.048390+00:00,KMDW,2026-05-17,1,SKIP,0.14124792265029595,0.30000000000000004,-0.1587520773497041,0.1587520773497041,3.175041546994082,HRRR,37.39404186666667,-0.00500000000000006,-0.00500000000000006,,0.00500000000000006,0.00500000000000006,
70414,KXHIGHCHI-26MAY17-B88.5,2026-05-16 23:43:56.650676+00:00,KMDW,2026-05-17,1,SKIP,0.12361310714770711,0.11499999999999999,0.00861310714770712,0.00861310714770712,0.17226214295414238,HRRR,37.3874133,-0.0049999999999999906,-0.0049999999999999906,,-0.0049999999999999906,-0.0049999999999999906,
70413,KXHIGHCHI-26MAY17-T84,2026-05-16 23:43:56.030781+00:00,KMDW,2026-05-17,1,SKIP,0.6374211777713189,0.245,0.3924211777713189,0.3924211777713189,7.848423555426378,HRRR,37.377081716666666,0.020000000000000018,0.020000000000000018,,0.020000000000000018,0.020000000000000018,
70412,KXHIGHCHI-26MAY17-B90.5,2026-05-16 23:43:55.716167+00:00,KMDW,2026-05-17,1,SKIP,0.12090919096178229,0.03500000000000002,0.08590919096178228,0.08590919096178228,1.7181838192356453,HRRR,37.37183815,-1.3877787807814457e-17,-1.3877787807814457e-17,,-1.3877787807814457e-17,-1.3877787807814457e-17,
70410,KXHIGHCHI-26MAY17-B84.5,2026-05-16 23:43:54.515143+00:00,KMDW,2026-05-17,1,SKIP,0.16361806221956107,0.30500000000000005,-0.14138193778043898,0.14138193778043898,2.8276387556087794,HRRR,37.351821083333334,0.019999999999999962,0.019999999999999962,,-0.019999999999999962,-0.019999999999999962,
70403,KXHIGHMIA-26MAY17-B83.5,2026-05-16 23:43:51.687586+00:00,KMIA,2026-05-17,1,SKIP,0.22629549240055377,0.07499999999999998,0.1512954924005538,0.1512954924005538,3.0259098480110755,HRRR,37.30469513333333,-0.019999999999999983,-0.019999999999999983,,-0.019999999999999983,-0.019999999999999983,
70402,KXHIGHMIA-26MAY17-B89.5,2026-05-16 23:43:51.373228+00:00,KMIA,2026-05-17,1,SKIP,0.12777641869220324,0.38,-0.25222358130779676,0.25222358130779676,5.044471626155935,HRRR,37.29945583333333,-0.020000000000000018,0.0050000000000000044,,0.020000000000000018,-0.0050000000000000044,
70401,KXHIGHMIA-26MAY17-T90,2026-05-16 23:43:51.006915+00:00,KMIA,2026-05-17,1,SKIP,0.12467227903030507,0.01500000000000001,0.10967227903030506,0.10967227903030506,2.193445580606101,HRRR,37.293350616666665,-1.0408340855860843e-17,-1.0408340855860843e-17,,-1.0408340855860843e-17,-1.0408340855860843e-17,
70400,KXHIGHMIA-26MAY17-B85.5,2026-05-16 23:43:50.646828+00:00,KMIA,2026-05-17,1,SKIP,0.24797025259842817,0.12,0.12797025259842817,0.12797025259842817,2.559405051968563,HRRR,37.287349166666665,0.0050000000000000044,0.0,,0.0050000000000000044,0.0,
70396,KXHIGHNY-26MAY16-B78.5,2026-05-16 23:43:48.887161+00:00,KNYC,2026-05-16,0,SKIP,0.7864447329557142,0.9199999999999999,-0.13355526704428577,0.13355526704428577,2.6711053408857155,HRRR,37.258021383333336,-0.9149999999999999,-0.9149999999999999,,0.9149999999999999,0.9149999999999999,
70395,KXHIGHNY-26MAY17-T90,2026-05-16 23:43:48.525391+00:00,KNYC,2026-05-17,1,SKIP,0.13549162611112847,0.08499999999999999,0.05049162611112848,0.05049162611112848,1.0098325222225695,HRRR,37.25199188333333,-0.0049999999999999906,-0.009999999999999995,,-0.0049999999999999906,-0.009999999999999995,
70394,KXHIGHNY-26MAY17-B83.5,2026-05-16 23:43:47.859755+00:00,KNYC,2026-05-17,1,SKIP,0.2309799279405117,0.06499999999999997,0.16597992794051172,0.16597992794051172,3.319598558810234,HRRR,37.24089795,0.005000000000000032,0.010000000000000023,,0.005000000000000032,0.010000000000000023,
70393,KXHIGHNY-26MAY17-T83,2026-05-16 23:43:47.493532+00:00,KNYC,2026-05-17,1,SKIP,0.1463255530076045,0.025000000000000015,0.12132555300760448,0.12132555300760448,2.426511060152089,HRRR,37.23479423333333,-1.3877787807814457e-17,-1.3877787807814457e-17,,-1.3877787807814457e-17,-1.3877787807814457e-17,
70392,KXHIGHNY-26MAY17-B87.5,2026-05-16 23:43:47.128529+00:00,KNYC,2026-05-17,1,SKIP,0.26113968583998515,0.385,-0.12386031416001486,0.12386031416001486,2.4772062832002972,HRRR,37.22871085,-0.07500000000000001,-0.07,,0.07500000000000001,0.07,
70391,KXHIGHNY-26MAY17-B85.5,2026-05-16 23:43:46.496941+00:00,KNYC,2026-05-17,1,SKIP,0.2773617513326959,0.18,0.09736175133269592,0.09736175133269592,1.9472350266539185,HRRR,37.21818438333333,0.0,-0.035,,0.0,-0.035,
70390,KXHIGHNY-26MAY17-B89.5,2026-05-16 23:43:45.876180+00:00,KNYC,2026-05-17,1,SKIP,0.1872617617341497,0.30500000000000005,-0.11773823826585034,0.11773823826585034,2.3547647653170065,HRRR,37.207838366666664,0.10999999999999993,0.12999999999999995,,-0.10999999999999993,-0.12999999999999995,
70388,KXHIGHMIA-26MAY17-B87.5,2026-05-16 23:43:44.860326+00:00,KMIA,2026-05-17,1,SKIP,0.11517462227922323,0.42,-0.3048253777207768,0.3048253777207768,6.096507554415536,HRRR,37.190907466666665,0.03500000000000003,0.03500000000000003,,-0.03500000000000003,-0.03500000000000003,
70386,KXHIGHNY-26MAY16-B80.5,2026-05-16 23:43:44.069608+00:00,KNYC,2026-05-16,0,SKIP,0.12089862077435243,0.07999999999999999,0.04089862077435244,0.04089862077435244,0.8179724154870488,HRRR,37.17772883333333,0.915,0.915,,0.915,0.915,
70384,KXHIGHMIA-26MAY17-B89.5,2026-05-16 23:38:34.900760+00:00,KMIA,2026-05-17,1,SKIP,0.12756918952476226,0.38,-0.25243081047523774,0.25243081047523774,5.048616209504755,HRRR,32.0249147,-0.0050000000000000044,0.0,,0.0050000000000000044,-0.0,
70377,KXHIGHCHI-26MAY17-T84,2026-05-16 23:38:31.291803+00:00,KMDW,2026-05-17,1,SKIP,0.6424742306936482,0.255,0.38747423069364817,0.38747423069364817,7.749484613872963,HRRR,31.964765416666665,-0.020000000000000018,0.010000000000000009,,-0.020000000000000018,0.010000000000000009,
70376,KXHIGHCHI-26MAY17-B84.5,2026-05-16 23:38:30.683481+00:00,KMDW,2026-05-17,1,SKIP,0.16109160001226752,0.31999999999999995,-0.15890839998773243,0.15890839998773243,3.1781679997546486,HRRR,31.954626716666667,0.00500000000000006,-0.004999999999999949,,-0.00500000000000006,0.004999999999999949,
70375,KXHIGHCHI-26MAY17-B86.5,2026-05-16 23:38:30.277071+00:00,KMDW,2026-05-17,1,SKIP,0.13917015039863512,0.30000000000000004,-0.16082984960136493,0.16082984960136493,3.2165969920272985,HRRR,31.947853216666665,-0.00500000000000006,-0.00500000000000006,,0.00500000000000006,0.00500000000000006,
70374,KXHIGHCHI-26MAY17-B88.5,2026-05-16 23:38:29.647875+00:00,KMDW,2026-05-17,1,SKIP,0.1233659558195571,0.115,0.008365955819557097,0.008365955819557097,0.16731911639114194,HRRR,31.937366616666665,0.0,-0.0050000000000000044,,0.0,-0.0050000000000000044,
70373,KXHIGHCHI-26MAY17-B90.5,2026-05-16 23:38:29.238364+00:00,KMDW,2026-05-17,1,SKIP,0.12090919096178229,0.03500000000000002,0.08590919096178228,0.08590919096178228,1.7181838192356453,HRRR,31.93054143333333,-1.3877787807814457e-17,-1.3877787807814457e-17,,-1.3877787807814457e-17,-1.3877787807814457e-17,
70365,KXHIGHMIA-26MAY17-T90,2026-05-16 23:38:25.640002+00:00,KMIA,2026-05-17,1,SKIP,0.12450318702968464,0.01500000000000001,0.10950318702968463,0.10950318702968463,2.1900637405936925,HRRR,31.870568733333332,-1.0408340855860843e-17,-1.0408340855860843e-17,,-1.0408340855860843e-17,-1.0408340855860843e-17,
70364,KXHIGHMIA-26MAY17-B85.5,2026-05-16 23:38:25.275139+00:00,KMIA,2026-05-17,1,SKIP,0.24744045810103882,0.12,0.12744045810103882,0.12744045810103882,2.5488091620207762,HRRR,31.864487683333333,0.0050000000000000044,0.0050000000000000044,,0.0050000000000000044,0.0050000000000000044,
70363,KXHIGHMIA-26MAY17-B87.5,2026-05-16 23:38:24.680970+00:00,KMIA,2026-05-17,1,SKIP,0.11078158007129076,0.42,-0.30921841992870924,0.30921841992870924,6.184368398574184,HRRR,31.854584866666666,0.010000000000000009,0.03500000000000003,,-0.010000000000000009,-0.03500000000000003,
70360,KXHIGHNY-26MAY17-T83,2026-05-16 23:38:23.303078+00:00,KNYC,2026-05-17,1,SKIP,0.14872650864527942,0.025000000000000015,0.1237265086452794,0.1237265086452794,2.4745301729055877,HRRR,31.83162,-1.3877787807814457e-17,0.009999999999999988,,-1.3877787807814457e-17,0.009999999999999988,
70359,KXHIGHNY-26MAY17-B89.5,2026-05-16 23:38:22.939878+00:00,KNYC,2026-05-17,1,SKIP,0.18395995610927904,0.30500000000000005,-0.12104004389072101,0.12104004389072101,2.42080087781442,HRRR,31.825566666666667,0.034999999999999976,0.12999999999999995,,-0.034999999999999976,-0.12999999999999995,
70358,KXHIGHNY-26MAY17-B85.5,2026-05-16 23:38:22.581662+00:00,KNYC,2026-05-17,1,SKIP,0.27960269861762826,0.18,0.09960269861762827,0.09960269861762827,1.9920539723525654,HRRR,31.8195964,-0.014999999999999986,-0.024999999999999994,,-0.014999999999999986,-0.024999999999999994,
70357,KXHIGHNY-26MAY17-B83.5,2026-05-16 23:38:22.231972+00:00,KNYC,2026-05-17,1,SKIP,0.23434161753574254,0.06499999999999997,0.16934161753574256,0.16934161753574256,3.386832350714851,HRRR,31.813768233333334,0.005000000000000032,0.010000000000000023,,0.005000000000000032,0.010000000000000023,
70356,KXHIGHNY-26MAY17-T90,2026-05-16 23:38:21.866426+00:00,KNYC,2026-05-17,1,SKIP,0.13467732834878446,0.08499999999999999,0.049677328348784466,0.049677328348784466,0.9935465669756893,HRRR,31.8076758,1.3877787807814457e-17,-0.0049999999999999906,,1.3877787807814457e-17,-0.0049999999999999906,
70355,KXHIGHNY-26MAY17-B87.5,2026-05-16 23:38:21.495869+00:00,KNYC,2026-05-17,1,SKIP,0.25725219670936145,0.39,-0.13274780329063857,0.13274780329063857,2.654956065812771,HRRR,31.80149985,-0.015000000000000013,-0.08500000000000002,,0.015000000000000013,0.08500000000000002,
70353,KXHIGHNY-26MAY16-B80.5,2026-05-16 23:38:20.460413+00:00,KNYC,2026-05-16,0,SKIP,0.12100242749917278,0.08499999999999999,0.03600242749917279,0.03600242749917279,0.7200485499834558,HRRR,31.78424225,0.91,0.91,,0.91,0.91,
70350,KXHIGHMIA-26MAY17-B83.5,2026-05-16 23:38:18.960499+00:00,KMIA,2026-05-17,1,SKIP,0.228869270068629,0.07499999999999998,0.15386927006862902,0.15386927006862902,3.07738540137258,HRRR,31.759243683333334,-0.014999999999999986,-0.019999999999999983,,-0.014999999999999986,-0.019999999999999983,
70349,KXHIGHNY-26MAY16-B78.5,2026-05-16 23:38:18.538616+00:00,KNYC,2026-05-16,0,SKIP,0.7862562234499354,0.915,-0.12874377655006464,0.12874377655006464,2.5748755310012927,HRRR,31.7522123,-0.91,-0.91,,0.91,0.91,
70348,KXHIGHMIA-26MAY17-B89.5,2026-05-16 23:33:14.597388+00:00,KMIA,2026-05-17,1,SKIP,0.12736859969217595,0.375,-0.24763140030782405,0.24763140030782405,4.9526280061564805,HRRR,26.686525166666666,0.010000000000000009,0.0,,-0.010000000000000009,-0.0,
70347,KXHIGHMIA-26MAY17-B85.5,2026-05-16 23:33:14.205289+00:00,KMIA,2026-05-17,1,SKIP,0.24692132308136833,0.13,0.11692132308136832,0.11692132308136832,2.3384264616273662,HRRR,26.679990183333334,-0.010000000000000009,-0.0050000000000000044,,-0.010000000000000009,-0.0050000000000000044,
70339,KXHIGHCHI-26MAY17-B90.5,2026-05-16 23:33:10.867905+00:00,KMDW,2026-05-17,1,SKIP,0.12090919096178229,0.03500000000000002,0.08590919096178228,0.08590919096178228,1.7181838192356453,HRRR,26.624367116666665,-1.3877787807814457e-17,-1.3877787807814457e-17,,-1.3877787807814457e-17,-1.3877787807814457e-17,
70338,KXHIGHCHI-26MAY17-B86.5,2026-05-16 23:33:10.512540+00:00,KMDW,2026-05-17,1,SKIP,0.13810363407789472,0.29500000000000004,-0.15689636592210532,0.15689636592210532,3.1379273184421064,HRRR,26.618444366666665,-5.551115123125783e-17,-5.551115123125783e-17,,5.551115123125783e-17,5.551115123125783e-17,
70337,KXHIGHCHI-26MAY17-T84,2026-05-16 23:33:10.146606+00:00,KMDW,2026-05-17,1,SKIP,0.6474256160726145,0.265,0.3824256160726145,0.3824256160726145,7.64851232145229,HRRR,26.612345466666667,-0.020000000000000018,0.0,,-0.020000000000000018,0.0,
70336,KXHIGHCHI-26MAY17-B88.5,2026-05-16 23:33:09.829275+00:00,KMDW,2026-05-17,1,SKIP,0.12312844191688975,0.115,0.008128441916889745,0.008128441916889745,0.1625688383377949,HRRR,26.607056616666668,0.0,0.0,,0.0,0.0,
70335,KXHIGHCHI-26MAY17-B84.5,2026-05-16 23:33:09.469593+00:00,KMDW,2026-05-17,1,SKIP,0.15763804817828342,0.32499999999999996,-0.16736195182171654,0.16736195182171654,3.3472390364343307,HRRR,26.601061916666666,-0.019999999999999962,-0.009999999999999953,,0.019999999999999962,0.009999999999999953,
70327,KXHIGHMIA-26MAY17-T90,2026-05-16 23:33:05.990173+00:00,KMIA,2026-05-17,1,SKIP,0.12433951250203489,0.01500000000000001,0.10933951250203487,0.10933951250203487,2.1867902500406973,HRRR,26.543071583333333,-1.0408340855860843e-17,-1.0408340855860843e-17,,-1.0408340855860843e-17,-1.0408340855860843e-17,
70326,KXHIGHMIA-26MAY17-B87.5,2026-05-16 23:33:05.617627+00:00,KMIA,2026-05-17,1,SKIP,0.10647244075856852,0.405,-0.2985275592414315,0.2985275592414315,5.970551184828629,HRRR,26.536862483333334,0.014999999999999958,0.04999999999999999,,-0.014999999999999958,-0.04999999999999999,
70324,KXHIGHNY-26MAY16-B80.5,2026-05-16 23:33:04.609787+00:00,KNYC,2026-05-16,0,SKIP,0.12110472932735439,0.13,-0.008895270672645617,0.008895270672645617,0.17790541345291233,HRRR,26.52006515,-0.045,0.865,,0.045,-0.865,
70322,KXHIGHNY-26MAY17-T83,2026-05-16 23:33:03.619591+00:00,KNYC,2026-05-17,1,SKIP,0.15107915699918914,0.025000000000000015,0.12607915699918912,0.12607915699918912,2.521583139983782,HRRR,26.503561883333333,-1.3877787807814457e-17,0.009999999999999988,,-1.3877787807814457e-17,0.009999999999999988,
70321,KXHIGHNY-26MAY17-B89.5,2026-05-16 23:33:03.258891+00:00,KNYC,2026-05-17,1,SKIP,0.18070996993846108,0.31499999999999995,-0.13429003006153886,0.13429003006153886,2.685800601230777,HRRR,26.497550216666667,-0.009999999999999953,0.11500000000000005,,0.009999999999999953,-0.11500000000000005,
70320,KXHIGHNY-26MAY17-T90,2026-05-16 23:33:02.630779+00:00,KNYC,2026-05-17,1,SKIP,0.13389402722911742,0.08499999999999999,0.048894027229117426,0.048894027229117426,0.9778805445823485,HRRR,26.487081683333333,1.3877787807814457e-17,-0.0049999999999999906,,1.3877787807814457e-17,-0.0049999999999999906,
70319,KXHIGHNY-26MAY17-B85.5,2026-05-16 23:33:02.231320+00:00,KNYC,2026-05-17,1,SKIP,0.23708451632611646,0.16500000000000004,0.07208451632611643,0.07208451632611643,1.4416903265223284,HRRR,26.480424033333332,0.004999999999999977,-0.020000000000000046,,0.004999999999999977,-0.020000000000000046,
70318,KXHIGHNY-26MAY17-B83.5,2026-05-16 23:33:01.909377+00:00,KNYC,2026-05-17,1,SKIP,0.2376356698574398,0.06499999999999997,0.17263566985743983,0.17263566985743983,3.4527133971487967,HRRR,26.475058316666665,0.005000000000000032,0.010000000000000023,,0.005000000000000032,0.010000000000000023,
70317,KXHIGHNY-26MAY17-B87.5,2026-05-16 23:33:01.519041+00:00,KNYC,2026-05-17,1,SKIP,0.25344292395126083,0.405,-0.1515570760487392,0.1515570760487392,3.0311415209747836,HRRR,26.468552716666668,-0.025000000000000022,-0.10000000000000003,,0.025000000000000022,0.10000000000000003,
70314,KXHIGHMIA-26MAY17-B83.5,2026-05-16 23:33:00.350804+00:00,KMIA,2026-05-17,1,SKIP,0.23139126326963003,0.07499999999999998,0.15639126326963004,0.15639126326963004,3.127825265392601,HRRR,26.4490821,1.3877787807814457e-17,-0.019999999999999983,,1.3877787807814457e-17,-0.019999999999999983,
70313,KXHIGHNY-26MAY16-B78.5,2026-05-16 23:32:59.948859+00:00,KNYC,2026-05-16,0,SKIP,0.7860704467856204,0.875,-0.08892955321437956,0.08892955321437956,1.7785910642875913,HRRR,26.442383016666668,0.040000000000000036,-0.87,,-0.040000000000000036,0.87,
70312,KXHIGHMIA-26MAY17-B89.5,2026-05-16 23:27:58.614910+00:00,KMIA,2026-05-17,1,SKIP,0.12717161221334228,0.375,-0.24782838778665772,0.24782838778665772,4.956567755733154,HRRR,21.420150533333334,0.010000000000000009,-0.015000000000000013,0.065,-0.010000000000000009,0.015000000000000013,-0.065
70311,KXHIGHMIA-26MAY17-B85.5,2026-05-16 23:27:58.250873+00:00,KMIA,2026-05-17,1,SKIP,0.24640531685651687,0.13,0.11640531685651687,0.11640531685651687,2.328106337130337,HRRR,21.41408325,-0.0050000000000000044,-0.0050000000000000044,-0.010000000000000009,-0.0050000000000000044,-0.0050000000000000044,-0.010000000000000009
70309,KXHIGHMIA-26MAY17-T90,2026-05-16 23:27:57.479843+00:00,KMIA,2026-05-17,1,SKIP,0.12417877737336325,0.01500000000000001,0.10917877737336323,0.10917877737336323,2.1835755474672647,HRRR,21.40123275,-1.0408340855860843e-17,-1.0408340855860843e-17,-1.0408340855860843e-17,-1.0408340855860843e-17,-1.0408340855860843e-17,-1.0408340855860843e-17
70308,KXHIGHNY-26MAY16-B80.5,2026-05-16 23:27:57.094896+00:00,KNYC,2026-05-16,0,SKIP,0.12120699112025757,0.16500000000000004,-0.04379300887974247,0.04379300887974247,0.8758601775948494,HRRR,21.394816966666667,-0.06500000000000003,0.83,0.83,0.06500000000000003,-0.83,-0.83
70301,KXHIGHCHI-26MAY17-B86.5,2026-05-16 23:27:54.015116+00:00,KMDW,2026-05-17,1,SKIP,0.1375882112284634,0.29500000000000004,-0.15741178877153664,0.15741178877153664,3.1482357754307326,HRRR,21.3434873,-5.551115123125783e-17,-5.551115123125783e-17,-5.551115123125783e-17,5.551115123125783e-17,5.551115123125783e-17,5.551115123125783e-17
70300,KXHIGHCHI-26MAY17-B84.5,2026-05-16 23:27:53.606874+00:00,KMDW,2026-05-17,1,SKIP,0.15365249497837338,0.32499999999999996,-0.17134750502162657,0.17134750502162657,3.4269501004325313,HRRR,21.336683266666668,-0.019999999999999962,5.551115123125783e-17,5.551115123125783e-17,0.019999999999999962,-5.551115123125783e-17,-5.551115123125783e-17
70299,KXHIGHCHI-26MAY17-B90.5,2026-05-16 23:27:53.216507+00:00,KMDW,2026-05-17,1,SKIP,0.12090919096178228,0.03500000000000002,0.08590919096178226,0.08590919096178226,1.7181838192356451,HRRR,21.33017715,-1.3877787807814457e-17,-1.3877787807814457e-17,-1.3877787807814457e-17,-1.3877787807814457e-17,-1.3877787807814457e-17,-1.3877787807814457e-17
70298,KXHIGHCHI-26MAY17-T84,2026-05-16 23:27:52.586168+00:00,KMDW,2026-05-17,1,SKIP,0.7009460759919701,0.265,0.4359460759919701,0.4359460759919701,8.718921519839402,HRRR,21.3196715,-0.020000000000000018,0.0,-0.010000000000000009,-0.020000000000000018,0.0,-0.010000000000000009
70297,KXHIGHCHI-26MAY17-B88.5,2026-05-16 23:27:52.003354+00:00,KMDW,2026-05-17,1,SKIP,0.12289684750187255,0.115,0.007896847501872542,0.007896847501872542,0.15793695003745084,HRRR,21.309957933333333,0.0,-0.0050000000000000044,-0.0050000000000000044,0.0,-0.0050000000000000044,-0.0050000000000000044
70288,KXHIGHMIA-26MAY17-B87.5,2026-05-16 23:27:48.277155+00:00,KMIA,2026-05-17,1,SKIP,0.10218492600947934,0.405,-0.30281507399052066,0.30281507399052066,6.056301479810413,HRRR,21.247854616666668,0.0,0.04999999999999999,0.009999999999999953,-0.0,-0.04999999999999999,-0.009999999999999953
70285,KXHIGHNY-26MAY17-T90,2026-05-16 23:27:46.866554+00:00,KNYC,2026-05-17,1,SKIP,0.13312951985225124,0.08499999999999999,0.04812951985225125,0.04812951985225125,0.962590397045025,HRRR,21.2243446,1.3877787807814457e-17,-0.0049999999999999906,-0.009999999999999995,1.3877787807814457e-17,-0.0049999999999999906,-0.009999999999999995
70284,KXHIGHNY-26MAY17-T83,2026-05-16 23:27:46.481909+00:00,KNYC,2026-05-17,1,SKIP,0.15341762608623644,0.025000000000000015,0.1284176260862364,0.1284176260862364,2.5683525217247283,HRRR,21.21793385,-1.3877787807814457e-17,-1.3877787807814457e-17,-1.3877787807814457e-17,-1.3877787807814457e-17,-1.3877787807814457e-17,-1.3877787807814457e-17
70283,KXHIGHNY-26MAY17-B83.5,2026-05-16 23:27:46.086265+00:00,KNYC,2026-05-17,1,SKIP,0.24197326145694056,0.06499999999999997,0.1769732614569406,0.1769732614569406,3.539465229138812,HRRR,21.211339783333333,0.005000000000000032,0.005000000000000032,2.7755575615628914e-17,0.005000000000000032,0.005000000000000032,2.7755575615628914e-17
70282,KXHIGHNY-26MAY17-B87.5,2026-05-16 23:27:45.487677+00:00,KNYC,2026-05-17,1,SKIP,0.2496566094456758,0.405,-0.15534339055432422,0.15534339055432422,3.1068678110864845,HRRR,21.201363316666665,-0.020000000000000018,-0.09500000000000003,-0.11000000000000004,0.020000000000000018,0.09500000000000003,0.11000000000000004
70281,KXHIGHNY-26MAY17-B85.5,2026-05-16 23:27:44.902502+00:00,KNYC,2026-05-17,1,SKIP,0.23820374906132114,0.16500000000000004,0.0732037490613211,0.0732037490613211,1.464074981226422,HRRR,21.1916104,0.014999999999999958,0.014999999999999958,-0.020000000000000046,0.014999999999999958,0.014999999999999958,-0.020000000000000046
70280,KXHIGHNY-26MAY17-B89.5,2026-05-16 23:27:44.580706+00:00,KNYC,2026-05-17,1,SKIP,0.1774654983991599,0.31499999999999995,-0.13753450160084005,0.13753450160084005,2.750690032016801,HRRR,21.18624713333333,-0.009999999999999953,0.10000000000000003,0.13500000000000006,0.009999999999999953,-0.10000000000000003,-0.13500000000000006
70279,KXHIGHMIA-26MAY17-B83.5,2026-05-16 23:27:44.159972+00:00,KMIA,2026-05-17,1,SKIP,0.23389805657279694,0.07499999999999998,0.15889805657279696,0.15889805657279696,3.177961131455939,HRRR,21.1792349,1.3877787807814457e-17,-0.019999999999999983,-0.029999999999999985,1.3877787807814457e-17,-0.019999999999999983,-0.029999999999999985
70278,KXHIGHNY-26MAY16-B78.5,2026-05-16 23:27:43.804303+00:00,KNYC,2026-05-16,0,SKIP,0.7858847428240173,0.825,-0.03911525717598263,0.03911525717598263,0.7823051435196526,HRRR,21.173307083333334,0.08500000000000008,-0.82,-0.82,-0.08500000000000008,0.82,0.82
70276,KXHIGHMIA-26MAY17-B89.5,2026-05-16 23:22:42.171761+00:00,KMIA,2026-05-17,1,OPEN,0.12697692916659353,0.375,-0.24802307083340647,0.24802307083340647,4.960461416668129,HRRR,16.14609805,0.0050000000000000044,0.0,0.06,-0.0050000000000000044,-0.0,-0.06
70274,KXHIGHMIA-26MAY17-B85.5,2026-05-16 23:22:41.189781+00:00,KMIA,2026-05-17,1,OPEN,0.2458891689226514,0.125,0.12088916892265139,0.12088916892265139,2.4177833784530276,HRRR,16.129731716666665,-0.0050000000000000044,0.0,-0.015,-0.0050000000000000044,0.0,-0.015
70270,KXHIGHMIA-26MAY17-T90,2026-05-16 23:22:39.239961+00:00,KMIA,2026-05-17,1,OPEN,0.1240199225834313,0.01500000000000001,0.10901992258343128,0.10901992258343128,2.1803984516686254,HRRR,16.097234716666666,-1.0408340855860843e-17,-1.0408340855860843e-17,-1.0408340855860843e-17,-1.0408340855860843e-17,-1.0408340855860843e-17,-1.0408340855860843e-17
70269,KXHIGHNY-26MAY16-B80.5,2026-05-16 23:22:38.625657+00:00,KNYC,2026-05-16,0,SKIP,0.12130985999409138,0.09999999999999999,0.021309859994091393,0.021309859994091393,0.42619719988182786,HRRR,16.086996316666667,-0.0049999999999999906,0.895,0.895,-0.0049999999999999906,0.895,0.895
70262,KXHIGHCHI-26MAY17-B90.5,2026-05-16 23:22:35.428217+00:00,KMDW,2026-05-17,1,SKIP,0.12090919096178229,0.03500000000000002,0.08590919096178228,0.08590919096178228,1.7181838192356453,HRRR,16.03370565,-1.3877787807814457e-17,-1.3877787807814457e-17,-1.3877787807814457e-17,-1.3877787807814457e-17,-1.3877787807814457e-17,-1.3877787807814457e-17
70260,KXHIGHCHI-26MAY17-B84.5,2026-05-16 23:22:34.651773+00:00,KMDW,2026-05-17,1,SKIP,0.1496480999083982,0.31499999999999995,-0.16535190009160175,0.16535190009160175,3.307038001832035,HRRR,16.020764916666668,5.551115123125783e-17,0.010000000000000064,0.010000000000000064,-5.551115123125783e-17,-0.010000000000000064,-0.010000000000000064
70259,KXHIGHCHI-26MAY17-B86.5,2026-05-16 23:22:34.257984+00:00,KMDW,2026-05-17,1,SKIP,0.13708241977154312,0.29500000000000004,-0.15791758022845692,0.15791758022845692,3.1583516045691384,HRRR,16.014201766666666,0.004999999999999949,-5.551115123125783e-17,-5.551115123125783e-17,-0.004999999999999949,5.551115123125783e-17,5.551115123125783e-17
70258,KXHIGHCHI-26MAY17-B88.5,2026-05-16 23:22:33.853040+00:00,KMDW,2026-05-17,1,SKIP,0.12266958075047517,0.115,0.007669580750475163,0.007669580750475163,0.15339161500950327,HRRR,16.0074527,0.0,0.0,-0.0050000000000000044,0.0,0.0,-0.0050000000000000044
70257,KXHIGHCHI-26MAY17-T84,2026-05-16 23:22:33.436229+00:00,KMDW,2026-05-17,1,SKIP,0.7058689712625406,0.24,0.46586897126254057,0.46586897126254057,9.317379425250811,HRRR,16.00050585,0.0050000000000000044,-0.0050000000000000044,0.025000000000000022,0.0050000000000000044,-0.0050000000000000044,0.025000000000000022
70250,KXHIGHMIA-26MAY17-B87.5,2026-05-16 23:22:30.196123+00:00,KMIA,2026-05-17,1,OPEN,0.20757842724391917,0.405,-0.19742157275608085,0.19742157275608085,3.948431455121617,HRRR,15.946504083333334,0.014999999999999958,0.024999999999999967,-0.010000000000000009,-0.014999999999999958,-0.024999999999999967,0.010000000000000009
70249,KXHIGHMIA-26MAY17-B83.5,2026-05-16 23:22:29.730753+00:00,KMIA,2026-05-17,1,OPEN,0.23640553830798283,0.07499999999999998,0.16140553830798285,0.16140553830798285,3.2281107661596566,HRRR,15.938747916666667,1.3877787807814457e-17,-0.014999999999999986,-0.029999999999999985,1.3877787807814457e-17,-0.014999999999999986,-0.029999999999999985
70248,KXHIGHNY-26MAY16-B78.5,2026-05-16 23:22:29.335526+00:00,KNYC,2026-05-16,0,SKIP,0.785697936423952,0.89,-0.10430206357604799,0.10430206357604799,2.0860412715209598,HRRR,15.9321608,0.020000000000000018,-0.885,-0.885,-0.020000000000000018,0.885,0.885
70246,KXHIGHNY-26MAY17-T83,2026-05-16 23:22:28.612860+00:00,KNYC,2026-05-17,1,SKIP,0.15575673737900209,0.025000000000000015,0.13075673737900206,0.13075673737900206,2.6151347475800413,HRRR,15.920116366666667,-1.3877787807814457e-17,-1.3877787807814457e-17,-1.3877787807814457e-17,-1.3877787807814457e-17,-1.3877787807814457e-17,-1.3877787807814457e-17
70245,KXHIGHNY-26MAY17-B87.5,2026-05-16 23:22:28.224430+00:00,KNYC,2026-05-17,1,SKIP,0.2458692551175668,0.405,-0.15913074488243323,0.15913074488243323,3.1826148976486643,HRRR,15.913642533333332,-0.020000000000000018,-0.030000000000000027,-0.10000000000000003,0.020000000000000018,0.030000000000000027,0.10000000000000003
70244,KXHIGHNY-26MAY17-T90,2026-05-16 23:22:27.644162+00:00,KNYC,2026-05-17,1,SKIP,0.13237858512879436,0.08499999999999999,0.047378585128794365,0.047378585128794365,0.9475717025758873,HRRR,15.9039714,1.3877787807814457e-17,1.3877787807814457e-17,-0.009999999999999995,1.3877787807814457e-17,1.3877787807814457e-17,-0.009999999999999995
70243,KXHIGHNY-26MAY17-B89.5,2026-05-16 23:22:27.272249+00:00,KNYC,2026-05-17,1,SKIP,0.17420635323436515,0.32499999999999996,-0.1507936467656348,0.1507936467656348,3.015872935312696,HRRR,15.89777285,-0.019999999999999962,0.015000000000000069,0.13000000000000006,0.019999999999999962,-0.015000000000000069,-0.13000000000000006
70242,KXHIGHNY-26MAY17-B85.5,2026-05-16 23:22:26.892874+00:00,KNYC,2026-05-17,1,SKIP,0.23931742541362516,0.16500000000000004,0.07431742541362513,0.07431742541362513,1.4863485082725025,HRRR,15.891449933333334,0.014999999999999958,-2.7755575615628914e-17,-0.020000000000000046,0.014999999999999958,-2.7755575615628914e-17,-0.020000000000000046
70241,KXHIGHNY-26MAY17-B83.5,2026-05-16 23:22:26.532851+00:00,KNYC,2026-05-17,1,SKIP,0.24631790802823122,0.06499999999999997,0.18131790802823125,0.18131790802823125,3.626358160564625,HRRR,15.88544955,2.7755575615628914e-17,0.005000000000000032,2.7755575615628914e-17,2.7755575615628914e-17,0.005000000000000032,2.7755575615628914e-17
70235,KXHIGHCHI-26MAY17-T84,2026-05-16 23:17:10.299627+00:00,KMDW,2026-05-17,1,SKIP,0.7109809832980282,0.24,0.4709809832980282,0.4709809832980282,9.419619665960562,HRRR,10.614895816666667,0.025000000000000022,0.0050000000000000044,0.025000000000000022,0.025000000000000022,0.0050000000000000044,0.025000000000000022
70234,KXHIGHCHI-26MAY17-B90.5,2026-05-16 23:17:09.957589+00:00,KMDW,2026-05-17,1,SKIP,0.12090919096178229,0.03500000000000002,0.08590919096178228,0.08590919096178228,1.7181838192356453,HRRR,10.609195183333334,-1.3877787807814457e-17,-1.3877787807814457e-17,-1.3877787807814457e-17,-1.3877787807814457e-17,-1.3877787807814457e-17,-1.3877787807814457e-17
70233,KXHIGHCHI-26MAY17-B84.5,2026-05-16 23:17:09.585271+00:00,KMDW,2026-05-17,1,SKIP,0.14547144789404784,0.31499999999999995,-0.1695285521059521,0.1695285521059521,3.390571042119042,HRRR,10.602989883333333,5.551115123125783e-17,-0.009999999999999953,0.010000000000000064,-5.551115123125783e-17,0.009999999999999953,-0.010000000000000064
70231,KXHIGHCHI-26MAY17-B86.5,2026-05-16 23:17:08.587069+00:00,KMDW,2026-05-17,1,SKIP,0.1365673440997801,0.29500000000000004,-0.15843265590021993,0.15843265590021993,3.1686531180043986,HRRR,10.586353183333333,-5.551115123125783e-17,-5.551115123125783e-17,-5.551115123125783e-17,5.551115123125783e-17,5.551115123125783e-17,5.551115123125783e-17
70230,KXHIGHCHI-26MAY17-B88.5,2026-05-16 23:17:07.969227+00:00,KMDW,2026-05-17,1,SKIP,0.12243814233243998,0.115,0.007438142332439973,0.007438142332439973,0.14876284664879946,HRRR,10.576055816666667,0.0,0.0,-0.0050000000000000044,0.0,0.0,-0.0050000000000000044
70223,KXHIGHMIA-26MAY17-B89.5,2026-05-16 23:17:05.025275+00:00,KMIA,2026-05-17,1,OPEN,0.12677723347958625,0.375,-0.24822276652041375,0.24822276652041375,4.964455330408275,HRRR,10.52698995,0.0,0.010000000000000009,0.010000000000000009,-0.0,-0.010000000000000009,-0.010000000000000009
70222,KXHIGHMIA-26MAY17-B83.5,2026-05-16 23:17:04.587206+00:00,KMIA,2026-05-17,1,OPEN,0.23900934686057523,0.07499999999999998,0.16400934686057525,0.16400934686057525,3.280186937211505,HRRR,10.5196888,1.3877787807814457e-17,1.3877787807814457e-17,-0.019999999999999983,1.3877787807814457e-17,1.3877787807814457e-17,-0.019999999999999983
70221,KXHIGHMIA-26MAY17-B87.5,2026-05-16 23:17:04.224677+00:00,KMIA,2026-05-17,1,OPEN,0.20311605547161038,0.425,-0.2218839445283896,0.2218839445283896,4.437678890567792,HRRR,10.51364665,-0.019999999999999962,-0.0050000000000000044,0.030000000000000027,0.019999999999999962,0.0050000000000000044,-0.030000000000000027
70219,KXHIGHNY-26MAY16-B78.5,2026-05-16 23:17:03.398303+00:00,KNYC,2026-05-16,0,SKIP,0.7855028329676355,0.885,-0.09949716703236455,0.09949716703236455,1.989943340647291,HRRR,10.49987375,-0.010000000000000009,0.030000000000000027,-0.88,0.010000000000000009,-0.030000000000000027,0.88
70218,KXHIGHNY-26MAY17-B85.5,2026-05-16 23:17:03.076192+00:00,KNYC,2026-05-17,1,SKIP,0.24047388448978055,0.16500000000000004,0.07547388448978051,0.07547388448978051,1.5094776897956101,HRRR,10.494505233333333,-2.7755575615628914e-17,0.004999999999999977,-0.020000000000000046,-2.7755575615628914e-17,0.004999999999999977,-0.020000000000000046
70217,KXHIGHNY-26MAY17-T83,2026-05-16 23:17:02.731924+00:00,KNYC,2026-05-17,1,SKIP,0.15818570741060967,0.025000000000000015,0.13318570741060964,0.13318570741060964,2.663714148212193,HRRR,10.488767433333333,-1.3877787807814457e-17,-1.3877787807814457e-17,-1.3877787807814457e-17,-1.3877787807814457e-17,-1.3877787807814457e-17,-1.3877787807814457e-17
70216,KXHIGHNY-26MAY17-B89.5,2026-05-16 23:17:02.357387+00:00,KNYC,2026-05-17,1,SKIP,0.1708076828182677,0.32499999999999996,-0.15419231718173226,0.15419231718173226,3.083846343634645,HRRR,10.48252515,-0.009999999999999953,-0.019999999999999962,0.11000000000000004,0.009999999999999953,0.019999999999999962,-0.11000000000000004
70215,KXHIGHNY-26MAY17-T90,2026-05-16 23:17:01.993542+00:00,KNYC,2026-05-17,1,SKIP,0.13161312538869088,0.08499999999999999,0.04661312538869089,0.04661312538869089,0.9322625077738178,HRRR,10.476461066666667,1.3877787807814457e-17,1.3877787807814457e-17,-0.009999999999999995,1.3877787807814457e-17,1.3877787807814457e-17,-0.009999999999999995
70214,KXHIGHNY-26MAY17-B87.5,2026-05-16 23:17:01.606692+00:00,KNYC,2026-05-17,1,SKIP,0.24193640669324998,0.405,-0.16306359330675005,0.16306359330675005,3.261271866135001,HRRR,10.470013566666667,0.0,-0.025000000000000022,-0.09000000000000002,-0.0,0.025000000000000022,0.09000000000000002
70213,KXHIGHNY-26MAY17-B83.5,2026-05-16 23:17:01.217676+00:00,KNYC,2026-05-17,1,SKIP,0.18408858582747453,0.06499999999999997,0.11908858582747456,0.11908858582747456,2.381771716549491,HRRR,10.463529966666666,2.7755575615628914e-17,0.005000000000000032,0.010000000000000023,2.7755575615628914e-17,0.005000000000000032,0.010000000000000023
70211,KXHIGHMIA-26MAY17-B85.5,2026-05-16 23:17:00.332839+00:00,KMIA,2026-05-17,1,OPEN,0.24535319277345652,0.13,0.11535319277345651,0.11535319277345651,2.30706385546913,HRRR,10.448782683333333,0.0,-0.010000000000000009,-0.010000000000000009,0.0,-0.010000000000000009,-0.010000000000000009
70207,KXHIGHMIA-26MAY17-T90,2026-05-16 23:16:58.597770+00:00,KMIA,2026-05-17,1,OPEN,0.12385697764837054,0.01500000000000001,0.10885697764837053,0.10885697764837053,2.1771395529674105,HRRR,10.419864866666666,-1.0408340855860843e-17,-1.0408340855860843e-17,-1.0408340855860843e-17,-1.0408340855860843e-17,-1.0408340855860843e-17,-1.0408340855860843e-17
70206,KXHIGHNY-26MAY16-B80.5,2026-05-16 23:16:58.145269+00:00,KNYC,2026-05-16,0,SKIP,0.12141729781648547,0.11499999999999999,0.006417297816485479,0.006417297816485479,0.12834595632970958,HRRR,10.412323183333333,0.010000000000000009,-0.029999999999999985,0.88,0.010000000000000009,-0.029999999999999985,0.88
70198,KXHIGHCHI-26MAY17-B84.5,2026-05-16 23:11:50.112214+00:00,KMDW,2026-05-17,1,SKIP,0.14138690119075992,0.31499999999999995,-0.17361309880924003,0.17361309880924003,3.4722619761848006,HRRR,5.278438933333334,0.010000000000000064,-0.009999999999999953,5.551115123125783e-17,-0.010000000000000064,0.009999999999999953,-5.551115123125783e-17
70197,KXHIGHCHI-26MAY17-B86.5,2026-05-16 23:11:49.468719+00:00,KMDW,2026-05-17,1,SKIP,0.13607555070870847,0.29500000000000004,-0.15892444929129157,0.15892444929129157,3.1784889858258314,HRRR,5.267714016666667,-5.551115123125783e-17,-5.551115123125783e-17,-5.551115123125783e-17,5.551115123125783e-17,5.551115123125783e-17,5.551115123125783e-17
70196,KXHIGHCHI-26MAY17-B90.5,2026-05-16 23:11:49.075302+00:00,KMDW,2026-05-17,1,SKIP,0.12090919096178229,0.03500000000000002,0.08590919096178228,0.08590919096178228,1.7181838192356453,HRRR,5.261157066666667,-1.3877787807814457e-17,-1.3877787807814457e-17,-1.3877787807814457e-17,-1.3877787807814457e-17,-1.3877787807814457e-17,-1.3877787807814457e-17
70195,KXHIGHCHI-26MAY17-T84,2026-05-16 23:11:48.669486+00:00,KMDW,2026-05-17,1,SKIP,0.715958610187172,0.255,0.460958610187172,0.460958610187172,9.219172203743438,HRRR,5.2543934666666665,0.010000000000000009,-0.010000000000000009,0.010000000000000009,0.010000000000000009,-0.010000000000000009,0.010000000000000009
70194,KXHIGHCHI-26MAY17-B88.5,2026-05-16 23:11:48.109520+00:00,KMDW,2026-05-17,1,SKIP,0.12221716531747005,0.115,0.007217165317470048,0.007217165317470048,0.14434330634940096,HRRR,5.2450607,0.0,0.0,-0.0050000000000000044,0.0,0.0,-0.0050000000000000044
70186,KXHIGHMIA-26MAY17-B89.5,2026-05-16 23:11:44.668242+00:00,KMIA,2026-05-17,1,OPEN,0.1265851725575655,0.375,-0.2484148274424345,0.2484148274424345,4.96829654884869,HRRR,5.187706066666666,0.0,0.010000000000000009,0.0050000000000000044,-0.0,-0.010000000000000009,-0.0050000000000000044
70185,KXHIGHMIA-26MAY17-B87.5,2026-05-16 23:11:44.272924+00:00,KMIA,2026-05-17,1,OPEN,0.19876665969153137,0.41500000000000004,-0.21623334030846866,0.21623334030846866,4.324666806169373,HRRR,5.181117433333333,-0.010000000000000009,-0.010000000000000009,0.03999999999999998,0.010000000000000009,0.010000000000000009,-0.03999999999999998
70184,KXHIGHMIA-26MAY17-B83.5,2026-05-16 23:11:43.880945+00:00,KMIA,2026-05-17,1,OPEN,0.24154470620159496,0.07499999999999998,0.16654470620159498,0.16654470620159498,3.330894124031899,HRRR,5.17458445,1.3877787807814457e-17,1.3877787807814457e-17,-0.019999999999999983,1.3877787807814457e-17,1.3877787807814457e-17,-0.019999999999999983
70183,KXHIGHMIA-26MAY17-B85.5,2026-05-16 23:11:43.509844+00:00,KMIA,2026-05-17,1,OPEN,0.2448313064254482,0.135,0.1098313064254482,0.1098313064254482,2.1966261285089637,HRRR,5.168399433333334,-0.0050000000000000044,-0.010000000000000009,-0.010000000000000009,-0.0050000000000000044,-0.010000000000000009,-0.010000000000000009
70178,KXHIGHNY-26MAY17-B87.5,2026-05-16 23:11:41.671419+00:00,KNYC,2026-05-17,1,SKIP,0.23810694542987215,0.405,-0.16689305457012787,0.16689305457012787,3.3378610914025573,HRRR,5.137759016666667,0.0,-0.020000000000000018,-0.10000000000000003,-0.0,0.020000000000000018,0.10000000000000003
70177,KXHIGHNY-26MAY17-B89.5,2026-05-16 23:11:41.295471+00:00,KNYC,2026-05-17,1,SKIP,0.1674845916629198,0.31499999999999995,-0.14751540833708016,0.14751540833708016,2.950308166741603,HRRR,5.131493216666667,5.551115123125783e-17,-0.009999999999999953,0.12000000000000005,-5.551115123125783e-17,0.009999999999999953,-0.12000000000000005
70176,KXHIGHNY-26MAY17-T83,2026-05-16 23:11:40.930539+00:00,KNYC,2026-05-17,1,SKIP,0.16055082440531376,0.025000000000000015,0.13555082440531374,0.13555082440531374,2.711016488106275,HRRR,5.125411016666667,-1.3877787807814457e-17,-1.3877787807814457e-17,0.009999999999999988,-1.3877787807814457e-17,-1.3877787807814457e-17,0.009999999999999988
70175,KXHIGHNY-26MAY17-B85.5,2026-05-16 23:11:40.576152+00:00,KNYC,2026-05-17,1,SKIP,0.24159994243990054,0.16500000000000004,0.07659994243990051,0.07659994243990051,1.53199884879801,HRRR,5.1195045666666665,-2.7755575615628914e-17,0.014999999999999958,-0.010000000000000037,-2.7755575615628914e-17,0.014999999999999958,-0.010000000000000037
70174,KXHIGHNY-26MAY17-T90,2026-05-16 23:11:39.995729+00:00,KNYC,2026-05-17,1,SKIP,0.13088155350891165,0.08499999999999999,0.045881553508911654,0.045881553508911654,0.9176310701782331,HRRR,5.10983085,1.3877787807814457e-17,1.3877787807814457e-17,-0.0049999999999999906,1.3877787807814457e-17,1.3877787807814457e-17,-0.0049999999999999906
70173,KXHIGHNY-26MAY17-B83.5,2026-05-16 23:11:39.627730+00:00,KNYC,2026-05-17,1,SKIP,0.18848153518115537,0.06499999999999997,0.1234815351811554,0.1234815351811554,2.4696307036231078,HRRR,5.103697533333333,2.7755575615628914e-17,0.005000000000000032,0.010000000000000023,2.7755575615628914e-17,0.005000000000000032,0.010000000000000023
70172,KXHIGHMIA-26MAY17-T90,2026-05-16 23:11:39.225781+00:00,KMIA,2026-05-17,1,OPEN,0.12370026242364383,0.01500000000000001,0.10870026242364382,0.10870026242364382,2.1740052484728762,HRRR,5.096998383333333,-1.0408340855860843e-17,-1.0408340855860843e-17,-1.0408340855860843e-17,-1.0408340855860843e-17,-1.0408340855860843e-17,-1.0408340855860843e-17
70171,KXHIGHNY-26MAY16-B80.5,2026-05-16 23:11:38.544275+00:00,KNYC,2026-05-16,0,SKIP,0.12152251977393513,0.11499999999999999,0.006522519773935143,0.006522519773935143,0.13045039547870285,HRRR,5.08563995,0.065,-0.014999999999999986,0.88,0.065,-0.014999999999999986,0.88
70169,KXHIGHNY-26MAY16-B78.5,2026-05-16 23:11:37.743331+00:00,KNYC,2026-05-16,0,SKIP,0.7853117534472078,0.89,-0.10468824655279219,0.10468824655279219,2.0937649310558437,HRRR,5.072290883333333,-0.050000000000000044,0.020000000000000018,-0.885,0.050000000000000044,-0.020000000000000018,0.885
70166,KXHIGHMIA-26MAY17-B83.5,2026-05-16 23:06:25.225118+00:00,KMIA,2026-05-17,1,OPEN,0.24413820139135495,0.07499999999999998,0.16913820139135496,0.16913820139135496,3.382764027827099,ENSEMBLE,54.103690533333335,1.3877787807814457e-17,1.3877787807814457e-17,-0.019999999999999983,1.3877787807814457e-17,1.3877787807814457e-17,-0.019999999999999983
70159,KXHIGHCHI-26MAY17-B84.5,2026-05-16 23:06:21.895487+00:00,KMDW,2026-05-17,1,SKIP,0.13719098728397258,0.31499999999999995,-0.17780901271602736,0.17780901271602736,3.556180254320547,ENSEMBLE,54.04819668333333,5.551115123125783e-17,5.551115123125783e-17,5.551115123125783e-17,-5.551115123125783e-17,-5.551115123125783e-17,-5.551115123125783e-17
70158,KXHIGHCHI-26MAY17-T84,2026-05-16 23:06:21.461233+00:00,KMDW,2026-05-17,1,SKIP,0.7210503741768206,0.255,0.4660503741768206,0.4660503741768206,9.32100748353641,ENSEMBLE,54.04095911666667,-0.015000000000000013,-0.010000000000000009,0.010000000000000009,-0.015000000000000013,-0.010000000000000009,0.010000000000000009
70157,KXHIGHCHI-26MAY17-B88.5,2026-05-16 23:06:21.106346+00:00,KMDW,2026-05-17,1,SKIP,0.12199550294010851,0.115,0.006995502940108506,0.006995502940108506,0.1399100588021701,ENSEMBLE,54.03504433333333,0.0,0.0,0.0,0.0,0.0,0.0
70156,KXHIGHCHI-26MAY17-B90.5,2026-05-16 23:06:20.447531+00:00,KMDW,2026-05-17,1,SKIP,0.12090919096178229,0.03500000000000002,0.08590919096178228,0.08590919096178228,1.7181838192356453,ENSEMBLE,54.024064083333336,-1.3877787807814457e-17,-1.3877787807814457e-17,-1.3877787807814457e-17,-1.3877787807814457e-17,-1.3877787807814457e-17,-1.3877787807814457e-17
70154,KXHIGHCHI-26MAY17-B86.5,2026-05-16 23:06:19.618469+00:00,KMDW,2026-05-17,1,SKIP,0.13558223201558361,0.29500000000000004,-0.15941776798441643,0.15941776798441643,3.1883553596883285,ENSEMBLE,54.01024638333333,-5.551115123125783e-17,0.004999999999999949,-5.551115123125783e-17,5.551115123125783e-17,-0.004999999999999949,5.551115123125783e-17
70147,KXHIGHMIA-26MAY17-B87.5,2026-05-16 23:06:15.630291+00:00,KMIA,2026-05-17,1,OPEN,0.19431316480563596,0.41500000000000004,-0.22068683519436408,0.22068683519436408,4.413736703887281,ENSEMBLE,53.94377675,-0.010000000000000009,0.004999999999999949,0.03999999999999998,0.010000000000000009,-0.004999999999999949,-0.03999999999999998
70146,KXHIGHMIA-26MAY17-B89.5,2026-05-16 23:06:15.231324+00:00,KMIA,2026-05-17,1,OPEN,0.12639111265238742,0.375,-0.24860888734761258,0.24860888734761258,4.9721777469522515,ENSEMBLE,53.9371273,-0.015000000000000013,0.0050000000000000044,0.0,0.015000000000000013,-0.0050000000000000044,-0.0
70145,KXHIGHMIA-26MAY17-B85.5,2026-05-16 23:06:14.831018+00:00,KMIA,2026-05-17,1,OPEN,0.24429745321132484,0.135,0.10929745321132484,0.10929745321132484,2.1859490642264965,ENSEMBLE,53.93045553333333,-0.0050000000000000044,-0.015000000000000013,-0.010000000000000009,-0.0050000000000000044,-0.015000000000000013,-0.010000000000000009
70143,KXHIGHMIA-26MAY17-T90,2026-05-16 23:06:14.082964+00:00,KMIA,2026-05-17,1,OPEN,0.12354191609618423,0.01500000000000001,0.10854191609618422,0.10854191609618422,2.170838321923684,ENSEMBLE,53.917987966666665,-1.0408340855860843e-17,-1.0408340855860843e-17,-1.0408340855860843e-17,-1.0408340855860843e-17,-1.0408340855860843e-17,-1.0408340855860843e-17
70142,KXHIGHNY-26MAY16-B80.5,2026-05-16 23:06:13.663193+00:00,KNYC,2026-05-16,0,SKIP,0.14608148989861777,0.07499999999999998,0.07108148989861779,0.07108148989861779,1.4216297979723558,ENSEMBLE,53.59089958333333,0.07500000000000001,0.020000000000000018,0.92,0.07500000000000001,0.020000000000000018,0.92
70140,KXHIGHNY-26MAY17-B89.5,2026-05-16 23:06:12.623842+00:00,KNYC,2026-05-17,1,SKIP,0.16407150952276756,0.31499999999999995,-0.1509284904772324,0.1509284904772324,3.0185698095446476,ENSEMBLE,53.89366926666667,5.551115123125783e-17,-0.009999999999999953,0.11500000000000005,-5.551115123125783e-17,0.009999999999999953,-0.11500000000000005
70139,KXHIGHNY-26MAY17-B87.5,2026-05-16 23:06:12.266102+00:00,KNYC,2026-05-17,1,SKIP,0.23418967453053346,0.385,-0.15081032546946654,0.15081032546946654,3.0162065093893307,ENSEMBLE,53.887706933333334,0.020000000000000018,0.0,-0.08000000000000002,-0.020000000000000018,-0.0,0.08000000000000002
70138,KXHIGHNY-26MAY17-B83.5,2026-05-16 23:06:11.923336+00:00,KNYC,2026-05-17,1,SKIP,0.19297521496583175,0.06499999999999997,0.12797521496583178,0.12797521496583178,2.5595042993166355,ENSEMBLE,53.881994166666665,2.7755575615628914e-17,2.7755575615628914e-17,0.010000000000000023,2.7755575615628914e-17,2.7755575615628914e-17,0.010000000000000023
70137,KXHIGHNY-26MAY17-T90,2026-05-16 23:06:11.554547+00:00,KNYC,2026-05-17,1,SKIP,0.130146999096105,0.08499999999999999,0.045146999096105006,0.045146999096105006,0.9029399819221001,ENSEMBLE,53.87584768333333,1.3877787807814457e-17,1.3877787807814457e-17,-0.0049999999999999906,1.3877787807814457e-17,1.3877787807814457e-17,-0.0049999999999999906
70136,KXHIGHNY-26MAY17-B85.5,2026-05-16 23:06:11.202909+00:00,KNYC,2026-05-17,1,SKIP,0.24275182092504372,0.16500000000000004,0.07775182092504368,0.07775182092504368,1.5550364185008736,ENSEMBLE,53.86998705,-2.7755575615628914e-17,0.014999999999999958,-0.020000000000000046,-2.7755575615628914e-17,0.014999999999999958,-0.020000000000000046
70134,KXHIGHNY-26MAY17-T83,2026-05-16 23:06:10.399412+00:00,KNYC,2026-05-17,1,SKIP,0.16297017358779203,0.025000000000000015,0.137970173587792,0.137970173587792,2.75940347175584,ENSEMBLE,53.85659543333333,-1.3877787807814457e-17,-1.3877787807814457e-17,0.009999999999999988,-1.3877787807814457e-17,-1.3877787807814457e-17,0.009999999999999988
70133,KXHIGHNY-26MAY16-B78.5,2026-05-16 23:06:09.690805+00:00,KNYC,2026-05-16,0,SKIP,0.6721651802486697,0.895,-0.22283481975133035,0.22283481975133035,4.456696395026607,ENSEMBLE,53.52469311666667,-0.07500000000000007,0.015000000000000013,-0.89,0.07500000000000007,-0.015000000000000013,0.89
70130,KXHIGHMIA-26MAY17-B83.5,2026-05-16 23:01:03.645083+00:00,KMIA,2026-05-17,1,OPEN,0.2466759591417158,0.07499999999999998,0.17167595914171582,0.17167595914171582,3.433519182834316,ENSEMBLE,48.744023283333334,1.3877787807814457e-17,1.3877787807814457e-17,-0.019999999999999983,1.3877787807814457e-17,1.3877787807814457e-17,-0.019999999999999983
70129,KXHIGHNY-26MAY16-B80.5,2026-05-16 23:01:03.075656+00:00,KNYC,2026-05-16,0,SKIP,0.1451026196621406,0.07999999999999999,0.06510261966214062,0.06510261966214062,1.3020523932428123,ENSEMBLE,48.414440633333335,0.020000000000000018,0.04500000000000001,0.915,0.020000000000000018,0.04500000000000001,0.915
70128,KXHIGHMIA-26MAY17-B89.5,2026-05-16 23:01:02.721238+00:00,KMIA,2026-05-17,1,OPEN,0.12620354900676667,0.355,-0.2287964509932333,0.2287964509932333,4.575929019864666,ENSEMBLE,48.72862586666667,0.020000000000000018,0.020000000000000018,0.0050000000000000044,-0.020000000000000018,-0.020000000000000018,-0.0050000000000000044
70120,KXHIGHCHI-26MAY17-T84,2026-05-16 23:00:59.207350+00:00,KMDW,2026-05-17,1,SKIP,0.726032709821306,0.255,0.47103270982130596,0.47103270982130596,9.420654196426119,ENSEMBLE,48.67006106666667,-0.015000000000000013,0.010000000000000009,0.010000000000000009,-0.015000000000000013,0.010000000000000009,0.010000000000000009
70119,KXHIGHCHI-26MAY17-B84.5,2026-05-16 23:00:58.623117+00:00,KMDW,2026-05-17,1,SKIP,0.1330682477096925,0.31499999999999995,-0.18193175229030745,0.18193175229030745,3.638635045806149,ENSEMBLE,48.66032385,5.551115123125783e-17,5.551115123125783e-17,0.010000000000000064,-5.551115123125783e-17,-5.551115123125783e-17,-0.010000000000000064
70118,KXHIGHCHI-26MAY17-B90.5,2026-05-16 23:00:58.242267+00:00,KMDW,2026-05-17,1,SKIP,0.12090919096178229,0.03500000000000002,0.08590919096178228,0.08590919096178228,1.7181838192356453,ENSEMBLE,48.65397635,-1.3877787807814457e-17,-1.3877787807814457e-17,-1.3877787807814457e-17,-1.3877787807814457e-17,-1.3877787807814457e-17,-1.3877787807814457e-17
70117,KXHIGHCHI-26MAY17-B88.5,2026-05-16 23:00:57.835094+00:00,KMDW,2026-05-17,1,SKIP,0.12178281098178022,0.115,0.006782810981780213,0.006782810981780213,0.13565621963560426,ENSEMBLE,48.64719013333333,0.0,0.0,-0.0050000000000000044,0.0,0.0,-0.0050000000000000044
70116,KXHIGHCHI-26MAY17-B86.5,2026-05-16 23:00:57.456518+00:00,KMDW,2026-05-17,1,SKIP,0.13510887735716293,0.29500000000000004,-0.1598911226428371,0.1598911226428371,3.1978224528567423,ENSEMBLE,48.64088053333333,-5.551115123125783e-17,-5.551115123125783e-17,-5.551115123125783e-17,5.551115123125783e-17,5.551115123125783e-17,5.551115123125783e-17
70109,KXHIGHMIA-26MAY17-B87.5,2026-05-16 23:00:54.017771+00:00,KMIA,2026-05-17,1,OPEN,0.18995115772811144,0.42000000000000004,-0.2300488422718886,0.2300488422718886,4.6009768454377715,ENSEMBLE,48.58356808333333,0.004999999999999949,-0.015000000000000013,0.034999999999999976,-0.004999999999999949,0.015000000000000013,-0.034999999999999976
70108,KXHIGHMIA-26MAY17-T90,2026-05-16 23:00:53.616263+00:00,KMIA,2026-05-17,1,OPEN,0.1233888704970859,0.01500000000000001,0.10838887049708588,0.10838887049708588,2.1677774099417175,ENSEMBLE,48.576876283333334,-1.0408340855860843e-17,-1.0408340855860843e-17,-1.0408340855860843e-17,-1.0408340855860843e-17,-1.0408340855860843e-17,-1.0408340855860843e-17
70107,KXHIGHMIA-26MAY17-B85.5,2026-05-16 23:00:52.981878+00:00,KMIA,2026-05-17,1,OPEN,0.24377507316718783,0.135,0.10877507316718782,0.10877507316718782,2.1755014633437564,ENSEMBLE,48.5663032,-0.0050000000000000044,-0.0050000000000000044,-0.010000000000000009,-0.0050000000000000044,-0.0050000000000000044,-0.010000000000000009
70104,KXHIGHNY-26MAY17-T83,2026-05-16 23:00:51.849324+00:00,KNYC,2026-05-17,1,SKIP,0.16533752794530487,0.025000000000000015,0.14033752794530485,0.14033752794530485,2.806750558906097,ENSEMBLE,48.5474273,-1.3877787807814457e-17,-1.3877787807814457e-17,-1.3877787807814457e-17,-1.3877787807814457e-17,-1.3877787807814457e-17,-1.3877787807814457e-17
70103,KXHIGHNY-26MAY17-B89.5,2026-05-16 23:00:51.453518+00:00,KNYC,2026-05-17,1,SKIP,0.16071852445213786,0.31499999999999995,-0.1542814755478621,0.1542814755478621,3.085629510957242,ENSEMBLE,48.540830533333335,0.010000000000000064,5.551115123125783e-17,0.10000000000000003,-0.010000000000000064,-5.551115123125783e-17,-0.10000000000000003
70102,KXHIGHNY-26MAY17-T90,2026-05-16 23:00:51.044675+00:00,KNYC,2026-05-17,1,SKIP,0.12944148548529616,0.08499999999999999,0.04444148548529617,0.04444148548529617,0.8888297097059233,ENSEMBLE,48.53401648333333,1.3877787807814457e-17,1.3877787807814457e-17,-0.0049999999999999906,1.3877787807814457e-17,1.3877787807814457e-17,-0.0049999999999999906
70101,KXHIGHNY-26MAY17-B83.5,2026-05-16 23:00:50.677935+00:00,KNYC,2026-05-17,1,SKIP,0.1973723199792649,0.06499999999999997,0.13237231997926494,0.13237231997926494,2.6474463995852986,ENSEMBLE,48.52790415,2.7755575615628914e-17,2.7755575615628914e-17,0.005000000000000032,2.7755575615628914e-17,2.7755575615628914e-17,0.005000000000000032
70100,KXHIGHNY-26MAY17-B87.5,2026-05-16 23:00:50.299907+00:00,KNYC,2026-05-17,1,SKIP,0.23035659065811426,0.39,-0.15964340934188576,0.15964340934188576,3.192868186837715,ENSEMBLE,48.52160368333333,0.015000000000000013,0.015000000000000013,-0.08000000000000002,-0.015000000000000013,-0.015000000000000013,0.08000000000000002
70099,KXHIGHNY-26MAY17-B85.5,2026-05-16 23:00:49.923649+00:00,KNYC,2026-05-17,1,SKIP,0.2438789441079551,0.16500000000000004,0.07887894410795507,0.07887894410795507,1.5775788821591012,ENSEMBLE,48.51533271666667,-2.7755575615628914e-17,-2.7755575615628914e-17,0.014999999999999958,-2.7755575615628914e-17,-2.7755575615628914e-17,0.014999999999999958
70098,KXHIGHNY-26MAY16-B78.5,2026-05-16 23:00:49.534782+00:00,KNYC,2026-05-16,0,SKIP,0.6731396872794945,0.905,-0.23186031272050556,0.23186031272050556,4.637206254410111,ENSEMBLE,48.1887594,0.0,-0.030000000000000027,-0.9,-0.0,0.030000000000000027,0.9
70093,KXHIGHMIA-26MAY17-B83.5,2026-05-16 22:55:44.976674+00:00,KMIA,2026-05-17,1,OPEN,0.24919310399632527,0.07499999999999998,0.1741931039963253,0.1741931039963253,3.4838620799265057,ENSEMBLE,43.432883133333334,1.3877787807814457e-17,1.3877787807814457e-17,-0.014999999999999986,1.3877787807814457e-17,1.3877787807814457e-17,-0.014999999999999986
70092,KXHIGHNY-26MAY16-B80.5,2026-05-16 22:55:44.649698+00:00,KNYC,2026-05-16,0,SKIP,0.14437002269411311,0.09,0.05437002269411312,0.05437002269411312,1.0874004538822624,ENSEMBLE,43.10734133333333,0.010000000000000009,0.09,0.905,0.010000000000000009,0.09,0.905
70091,KXHIGHMIA-26MAY17-B89.5,2026-05-16 22:55:44.273251+00:00,KMIA,2026-05-17,1,OPEN,0.12601975364264417,0.365,-0.23898024635735582,0.23898024635735582,4.779604927147116,ENSEMBLE,43.42115941666667,-0.0050000000000000044,0.010000000000000009,0.010000000000000009,0.0050000000000000044,-0.010000000000000009,-0.010000000000000009
70084,KXHIGHCHI-26MAY17-T84,2026-05-16 22:55:41.452298+00:00,KMDW,2026-05-17,1,SKIP,0.7309745765261432,0.25,0.48097457652614317,0.48097457652614317,9.619491530522863,ENSEMBLE,43.37414353333333,-0.0050000000000000044,0.015000000000000013,-0.015000000000000013,-0.0050000000000000044,0.015000000000000013,-0.015000000000000013
70083,KXHIGHCHI-26MAY17-B90.5,2026-05-16 22:55:41.059110+00:00,KMDW,2026-05-17,1,SKIP,0.12090919096178229,0.03500000000000002,0.08590919096178228,0.08590919096178228,1.7181838192356453,ENSEMBLE,43.3675904,-1.3877787807814457e-17,-1.3877787807814457e-17,-1.3877787807814457e-17,-1.3877787807814457e-17,-1.3877787807814457e-17,-1.3877787807814457e-17
70081,KXHIGHCHI-26MAY17-B86.5,2026-05-16 22:55:40.294232+00:00,KMDW,2026-05-17,1,SKIP,0.13464833899180728,0.29500000000000004,-0.16035166100819276,0.16035166100819276,3.207033220163855,ENSEMBLE,43.35484243333333,-5.551115123125783e-17,-5.551115123125783e-17,-5.551115123125783e-17,5.551115123125783e-17,5.551115123125783e-17,5.551115123125783e-17
70080,KXHIGHCHI-26MAY17-B88.5,2026-05-16 22:55:39.661619+00:00,KMDW,2026-05-17,1,SKIP,0.12157587775513877,0.11,0.01157587775513877,0.01157587775513877,0.23151755510277539,ENSEMBLE,43.34429888333333,0.0050000000000000044,0.0050000000000000044,0.0050000000000000044,0.0050000000000000044,0.0050000000000000044,0.0050000000000000044
70079,KXHIGHCHI-26MAY17-B84.5,2026-05-16 22:55:39.293865+00:00,KMDW,2026-05-17,1,SKIP,0.12896270311977706,0.31499999999999995,-0.18603729688022289,0.18603729688022289,3.7207459376044576,ENSEMBLE,43.33816965,5.551115123125783e-17,0.010000000000000064,0.010000000000000064,-5.551115123125783e-17,-0.010000000000000064,-0.010000000000000064
70072,KXHIGHMIA-26MAY17-B87.5,2026-05-16 22:55:35.799877+00:00,KMIA,2026-05-17,1,OPEN,0.18562050450271073,0.42499999999999993,-0.2393794954972892,0.2393794954972892,4.787589909945784,ENSEMBLE,43.279936516666666,5.551115123125783e-17,-0.019999999999999907,0.00500000000000006,-5.551115123125783e-17,0.019999999999999907,-0.00500000000000006
70071,KXHIGHMIA-26MAY17-T90,2026-05-16 22:55:35.408951+00:00,KMIA,2026-05-17,1,OPEN,0.12323889968840095,0.01500000000000001,0.10823889968840093,0.10823889968840093,2.1647779937680185,ENSEMBLE,43.27342108333333,-1.0408340855860843e-17,-1.0408340855860843e-17,-1.0408340855860843e-17,-1.0408340855860843e-17,-1.0408340855860843e-17,-1.0408340855860843e-17
70070,KXHIGHMIA-26MAY17-B85.5,2026-05-16 22:55:35.013837+00:00,KMIA,2026-05-17,1,OPEN,0.24325693614640087,0.125,0.11825693614640087,0.11825693614640087,2.3651387229280174,ENSEMBLE,43.26683585,0.010000000000000009,0.0050000000000000044,0.0,0.010000000000000009,0.0050000000000000044,0.0
70068,KXHIGHNY-26MAY16-B78.5,2026-05-16 22:55:34.245807+00:00,KNYC,2026-05-16,0,SKIP,0.6738695631214863,0.895,-0.22113043687851375,0.22113043687851375,4.4226087375702745,ENSEMBLE,42.93394315,0.0050000000000000044,-0.05500000000000005,-0.89,-0.0050000000000000044,0.05500000000000005,0.89
70066,KXHIGHNY-26MAY17-B89.5,2026-05-16 22:55:33.497959+00:00,KNYC,2026-05-17,1,SKIP,0.15738006024146534,0.31499999999999995,-0.1576199397585346,0.1576199397585346,3.152398795170692,ENSEMBLE,43.241571216666664,5.551115123125783e-17,5.551115123125783e-17,0.025000000000000078,-5.551115123125783e-17,-5.551115123125783e-17,-0.025000000000000078
70065,KXHIGHNY-26MAY17-B87.5,2026-05-16 22:55:33.142968+00:00,KNYC,2026-05-17,1,SKIP,0.22655464094665323,0.385,-0.15844535905334678,0.15844535905334678,3.1689071810669356,ENSEMBLE,43.2356547,0.024999999999999967,0.020000000000000018,-0.010000000000000009,-0.024999999999999967,-0.020000000000000018,0.010000000000000009
70064,KXHIGHNY-26MAY17-T90,2026-05-16 22:55:32.782294+00:00,KNYC,2026-05-17,1,SKIP,0.12875441610358146,0.08499999999999999,0.04375441610358147,0.04375441610358147,0.8750883220716293,ENSEMBLE,43.229643466666666,1.3877787807814457e-17,1.3877787807814457e-17,1.3877787807814457e-17,1.3877787807814457e-17,1.3877787807814457e-17,1.3877787807814457e-17
70063,KXHIGHNY-26MAY17-B85.5,2026-05-16 22:55:32.404056+00:00,KNYC,2026-05-17,1,SKIP,0.24499691225127843,0.16500000000000004,0.07999691225127839,0.07999691225127839,1.5999382450255677,ENSEMBLE,43.2233395,-2.7755575615628914e-17,-2.7755575615628914e-17,-2.7755575615628914e-17,-2.7755575615628914e-17,-2.7755575615628914e-17,-2.7755575615628914e-17
70062,KXHIGHNY-26MAY17-B83.5,2026-05-16 22:55:31.838382+00:00,KNYC,2026-05-17,1,SKIP,0.20173370957926276,0.06499999999999997,0.13673370957926279,0.13673370957926279,2.7346741915852557,ENSEMBLE,43.2139116,2.7755575615628914e-17,2.7755575615628914e-17,0.005000000000000032,2.7755575615628914e-17,2.7755575615628914e-17,0.005000000000000032
70061,KXHIGHNY-26MAY17-T83,2026-05-16 22:55:31.205883+00:00,KNYC,2026-05-17,1,SKIP,0.16768565350583226,0.025000000000000015,0.14268565350583223,0.14268565350583223,2.8537130701166444,ENSEMBLE,43.20336995,-1.3877787807814457e-17,-1.3877787807814457e-17,-1.3877787807814457e-17,-1.3877787807814457e-17,-1.3877787807814457e-17,-1.3877787807814457e-17
70059,KXHIGHCHI-26MAY16-B83.5,2026-05-16 22:50:25.540741+00:00,KMDW,2026-05-16,0,SKIP,0.43444689399359215,0.985,-0.5505531060064078,0.5505531060064078,11.011062120128155,ENSEMBLE,37.78885871666667,0.010000000000000009,0.010000000000000009,0.010000000000000009,-0.010000000000000009,-0.010000000000000009,-0.010000000000000009
70054,KXHIGHCHI-26MAY17-B84.5,2026-05-16 22:50:23.084254+00:00,KMDW,2026-05-17,1,SKIP,0.12479714464646206,0.31499999999999995,-0.19020285535353787,0.19020285535353787,3.8040571070707574,ENSEMBLE,38.068009466666666,5.551115123125783e-17,5.551115123125783e-17,-0.009999999999999953,-5.551115123125783e-17,-5.551115123125783e-17,0.009999999999999953
70053,KXHIGHCHI-26MAY17-T84,2026-05-16 22:50:22.721339+00:00,KMDW,2026-05-17,1,SKIP,0.2890858018917396,0.21499999999999997,0.07408580189173963,0.07408580189173963,1.4817160378347927,ENSEMBLE,38.061960883333334,0.040000000000000036,0.025000000000000022,0.030000000000000027,0.040000000000000036,0.025000000000000022,0.030000000000000027
70052,KXHIGHCHI-26MAY17-B90.5,2026-05-16 22:50:22.297087+00:00,KMDW,2026-05-17,1,SKIP,0.12090919096178229,0.03500000000000002,0.08590919096178228,0.08590919096178228,1.7181838192356453,ENSEMBLE,38.05489001666667,-1.3877787807814457e-17,-1.3877787807814457e-17,-1.3877787807814457e-17,-1.3877787807814457e-17,-1.3877787807814457e-17,-1.3877787807814457e-17
70051,KXHIGHCHI-26MAY17-B86.5,2026-05-16 22:50:21.670884+00:00,KMDW,2026-05-17,1,SKIP,0.13419178719838964,0.30999999999999994,-0.1758082128016103,0.1758082128016103,3.516164256032206,ENSEMBLE,38.0444533,-0.014999999999999958,-0.014999999999999958,-0.014999999999999958,0.014999999999999958,0.014999999999999958,0.014999999999999958
70049,KXHIGHCHI-26MAY17-B88.5,2026-05-16 22:50:20.706936+00:00,KMDW,2026-05-17,1,SKIP,0.12137073581073653,0.125,-0.003629264189263473,0.003629264189263473,0.07258528378526946,ENSEMBLE,38.0283875,-0.009999999999999995,-0.009999999999999995,-0.009999999999999995,0.009999999999999995,0.009999999999999995,0.009999999999999995
70039,KXHIGHNY-26MAY16-B78.5,2026-05-16 22:50:16.411682+00:00,KNYC,2026-05-16,0,SKIP,0.6750366645348507,0.9099999999999999,-0.23496333546514925,0.23496333546514925,4.699266709302985,ENSEMBLE,37.63670773333333,-0.029999999999999916,-0.08999999999999997,0.0050000000000001155,0.029999999999999916,0.08999999999999997,-0.0050000000000001155
70038,KXHIGHNY-26MAY17-T83,2026-05-16 22:50:16.061542+00:00,KNYC,2026-05-17,1,SKIP,0.17005885479847033,0.03500000000000002,0.1350588547984703,0.1350588547984703,2.7011770959694057,ENSEMBLE,37.950964266666666,-0.010000000000000016,-0.010000000000000016,-0.010000000000000016,-0.010000000000000016,-0.010000000000000016,-0.010000000000000016
70037,KXHIGHNY-26MAY17-B85.5,2026-05-16 22:50:15.446852+00:00,KNYC,2026-05-17,1,SKIP,0.24612681922365828,0.16500000000000004,0.08112681922365825,0.08112681922365825,1.6225363844731648,ENSEMBLE,37.940719433333335,-2.7755575615628914e-17,-2.7755575615628914e-17,0.004999999999999977,-2.7755575615628914e-17,-2.7755575615628914e-17,0.004999999999999977
70036,KXHIGHNY-26MAY17-B87.5,2026-05-16 22:50:15.113340+00:00,KNYC,2026-05-17,1,SKIP,0.2227120900535236,0.395,-0.17228790994647641,0.17228790994647641,3.445758198929528,ENSEMBLE,37.9351609,0.010000000000000009,0.010000000000000009,-0.015000000000000013,-0.010000000000000009,-0.010000000000000009,0.015000000000000013
70035,KXHIGHNY-26MAY17-T90,2026-05-16 22:50:14.766588+00:00,KNYC,2026-05-17,1,SKIP,0.12807264064598706,0.07999999999999999,0.04807264064598707,0.04807264064598707,0.9614528129197414,ENSEMBLE,37.9293817,0.005000000000000018,0.005000000000000018,0.005000000000000018,0.005000000000000018,0.005000000000000018,0.005000000000000018
70034,KXHIGHNY-26MAY17-B89.5,2026-05-16 22:50:14.407544+00:00,KNYC,2026-05-17,1,SKIP,0.15399331326328947,0.30000000000000004,-0.14600668673671058,0.14600668673671058,2.9201337347342116,ENSEMBLE,37.92339763333333,0.014999999999999958,0.014999999999999958,0.004999999999999949,-0.014999999999999958,-0.014999999999999958,-0.004999999999999949
70033,KXHIGHNY-26MAY17-B83.5,2026-05-16 22:50:14.045719+00:00,KNYC,2026-05-17,1,SKIP,0.20614167464314453,0.06499999999999997,0.14114167464314456,0.14114167464314456,2.822833492862891,ENSEMBLE,37.91736721666667,2.7755575615628914e-17,2.7755575615628914e-17,0.005000000000000032,2.7755575615628914e-17,2.7755575615628914e-17,0.005000000000000032
70031,KXHIGHMIA-26MAY17-B85.5,2026-05-16 22:50:13.019735+00:00,KMIA,2026-05-17,1,SKIP,0.24187892025627172,0.125,0.11687892025627172,0.11687892025627172,2.3375784051254342,ENSEMBLE,37.90026748333333,0.010000000000000009,0.0050000000000000044,-0.0050000000000000044,0.010000000000000009,0.0050000000000000044,-0.0050000000000000044
70030,KXHIGHMIA-26MAY17-B87.5,2026-05-16 22:50:12.681391+00:00,KMIA,2026-05-17,1,SKIP,0.18209387447244307,0.42499999999999993,-0.24290612552755686,0.24290612552755686,4.858122510551137,ENSEMBLE,37.89462841666667,-0.009999999999999953,-0.019999999999999907,-0.004999999999999949,0.009999999999999953,0.019999999999999907,0.004999999999999949
70029,KXHIGHMIA-26MAY17-T90,2026-05-16 22:50:12.306324+00:00,KMIA,2026-05-17,1,SKIP,0.12308915845767875,0.01500000000000001,0.10808915845767873,0.10808915845767873,2.1617831691535745,ENSEMBLE,37.8883773,-1.0408340855860843e-17,-1.0408340855860843e-17,-1.0408340855860843e-17,-1.0408340855860843e-17,-1.0408340855860843e-17,-1.0408340855860843e-17
70027,KXHIGHMIA-26MAY17-B83.5,2026-05-16 22:50:11.286144+00:00,KMIA,2026-05-17,1,SKIP,0.2517371295472323,0.07499999999999998,0.17673712954723234,0.17673712954723234,3.5347425909446466,ENSEMBLE,37.8713743,1.3877787807814457e-17,1.3877787807814457e-17,1.3877787807814457e-17,1.3877787807814457e-17,1.3877787807814457e-17,1.3877787807814457e-17
70026,KXHIGHNY-26MAY16-B80.5,2026-05-16 22:50:10.718544+00:00,KNYC,2026-05-16,0,SKIP,0.14319852244069983,0.09,0.053198522440699836,0.053198522440699836,1.0639704488139967,ENSEMBLE,37.5418221,0.02500000000000001,0.06,-0.0049999999999999906,0.02500000000000001,0.06,-0.0049999999999999906
70025,KXHIGHMIA-26MAY17-B89.5,2026-05-16 22:50:10.246483+00:00,KMIA,2026-05-17,1,SKIP,0.12583623963571144,0.365,-0.23916376036428855,0.23916376036428855,4.7832752072857705,ENSEMBLE,37.854046616666665,0.010000000000000009,-0.0050000000000000044,0.020000000000000018,-0.010000000000000009,0.0050000000000000044,-0.020000000000000018
70024,KXHIGHCHI-26MAY16-B83.5,2026-05-16 22:44:56.708420+00:00,KMDW,2026-05-16,0,SKIP,0.4347243323438884,0.985,-0.5502756676561116,0.5502756676561116,11.00551335312223,ENSEMBLE,32.30832003333333,0.010000000000000009,0.010000000000000009,0.010000000000000009,-0.010000000000000009,-0.010000000000000009,-0.010000000000000009
70020,KXHIGHCHI-26MAY16-B85.5,2026-05-16 22:44:54.933036+00:00,KMDW,2026-05-16,0,SKIP,0.31247604663613787,0.01500000000000001,0.29747604663613786,0.29747604663613786,5.9495209327227565,ENSEMBLE,32.2787303,-0.010000000000000009,-0.010000000000000009,-0.010000000000000009,-0.010000000000000009,-0.010000000000000009,-0.010000000000000009
70018,KXHIGHCHI-26MAY17-B84.5,2026-05-16 22:44:53.640743+00:00,KMDW,2026-05-17,1,SKIP,0.12052729769847989,0.32499999999999996,-0.20447270230152007,0.20447270230152007,4.089454046030401,ENSEMBLE,32.577284283333334,-0.004999999999999949,-0.009999999999999953,-0.019999999999999962,0.004999999999999949,0.009999999999999953,0.019999999999999962
70017,KXHIGHCHI-26MAY17-T84,2026-05-16 22:44:53.267204+00:00,KMDW,2026-05-17,1,SKIP,0.28908580189173966,0.21499999999999997,0.07408580189173969,0.07408580189173969,1.4817160378347938,ENSEMBLE,32.57105863333334,0.040000000000000036,0.025000000000000022,0.030000000000000027,0.040000000000000036,0.025000000000000022,0.030000000000000027
70016,KXHIGHCHI-26MAY17-B90.5,2026-05-16 22:44:52.858550+00:00,KMDW,2026-05-17,1,SKIP,0.12090919096178229,0.03500000000000002,0.08590919096178228,0.08590919096178228,1.7181838192356453,ENSEMBLE,32.56424773333333,-1.3877787807814457e-17,-1.3877787807814457e-17,-1.3877787807814457e-17,-1.3877787807814457e-17,-1.3877787807814457e-17,-1.3877787807814457e-17
70015,KXHIGHCHI-26MAY17-B86.5,2026-05-16 22:44:52.513606+00:00,KMDW,2026-05-17,1,SKIP,0.1337346670934928,0.30999999999999994,-0.17626533290650714,0.17626533290650714,3.525306658130143,ENSEMBLE,32.558498666666665,-0.014999999999999958,-0.014999999999999958,-0.014999999999999958,0.014999999999999958,0.014999999999999958,0.014999999999999958
70013,KXHIGHCHI-26MAY17-B88.5,2026-05-16 22:44:51.725683+00:00,KMDW,2026-05-17,1,SKIP,0.12116533850752619,0.125,-0.003834661492473815,0.003834661492473815,0.0766932298494763,ENSEMBLE,32.54536661666667,-0.009999999999999995,-0.009999999999999995,-0.009999999999999995,0.009999999999999995,0.009999999999999995,0.009999999999999995
70006,KXHIGHMIA-26MAY17-T90,2026-05-16 22:44:48.537214+00:00,KMIA,2026-05-17,1,SKIP,0.12293813601316182,0.01500000000000001,0.10793813601316181,0.10793813601316181,2.158762720263236,ENSEMBLE,32.49222546666667,-1.0408340855860843e-17,-1.0408340855860843e-17,-1.0408340855860843e-17,-1.0408340855860843e-17,-1.0408340855860843e-17,-1.0408340855860843e-17
70004,KXHIGHMIA-26MAY17-B87.5,2026-05-16 22:44:47.776155+00:00,KMIA,2026-05-17,1,SKIP,0.17922113358098124,0.45499999999999996,-0.2757788664190187,0.2757788664190187,5.515577328380374,ENSEMBLE,32.47954115,-0.03999999999999998,-0.02999999999999997,-0.04999999999999993,0.03999999999999998,0.02999999999999997,0.04999999999999993
70003,KXHIGHMIA-26MAY17-B85.5,2026-05-16 22:44:47.387125+00:00,KMIA,2026-05-17,1,SKIP,0.23973941655976014,0.115,0.12473941655976013,0.12473941655976013,2.4947883311952026,ENSEMBLE,32.47305731666667,0.020000000000000004,0.015,0.009999999999999995,0.020000000000000004,0.015,0.009999999999999995
70001,KXHIGHNY-26MAY16-B78.5,2026-05-16 22:44:46.651266+00:00,KNYC,2026-05-16,0,SKIP,0.6762312020260666,0.825,-0.1487687979739334,0.1487687979739334,2.9753759594786677,ENSEMBLE,32.1407008,0.05500000000000005,0.07500000000000007,0.08500000000000008,-0.05500000000000005,-0.07500000000000007,-0.08500000000000008
69999,KXHIGHNY-26MAY16-B82.5,2026-05-16 22:44:45.933052+00:00,KNYC,2026-05-16,0,SKIP,0.06754491532070483,0.035000000000000024,0.03254491532070481,0.03254491532070481,0.6508983064140962,ENSEMBLE,32.12873056666667,-0.030000000000000023,-0.030000000000000023,-0.030000000000000023,-0.030000000000000023,-0.030000000000000023,-0.030000000000000023
69998,KXHIGHNY-26MAY17-B87.5,2026-05-16 22:44:45.300210+00:00,KNYC,2026-05-17,1,SKIP,0.21878851243442804,0.385,-0.16621148756557197,0.16621148756557197,3.324229751311439,ENSEMBLE,32.4382754,0.0,0.024999999999999967,0.0,-0.0,-0.024999999999999967,-0.0
69997,KXHIGHNY-26MAY17-B83.5,2026-05-16 22:44:44.942267+00:00,KNYC,2026-05-17,1,SKIP,0.21064258915317122,0.06499999999999997,0.14564258915317124,0.14564258915317124,2.9128517830634246,ENSEMBLE,32.43230968333334,2.7755575615628914e-17,2.7755575615628914e-17,0.005000000000000032,2.7755575615628914e-17,2.7755575615628914e-17,0.005000000000000032
69996,KXHIGHNY-26MAY17-T83,2026-05-16 22:44:44.573796+00:00,KNYC,2026-05-17,1,SKIP,0.1724820990797764,0.03500000000000002,0.13748209907977638,0.13748209907977638,2.7496419815955275,ENSEMBLE,32.4261685,-0.010000000000000016,-0.010000000000000016,-0.010000000000000016,-0.010000000000000016,-0.010000000000000016,-0.010000000000000016
69995,KXHIGHNY-26MAY17-B85.5,2026-05-16 22:44:43.979549+00:00,KNYC,2026-05-17,1,SKIP,0.24728055220775916,0.19499999999999998,0.05228055220775918,0.05228055220775918,1.0456110441551836,ENSEMBLE,32.416264383333335,-0.02999999999999997,-0.02999999999999997,-0.014999999999999986,-0.02999999999999997,-0.02999999999999997,-0.014999999999999986
69994,KXHIGHNY-26MAY17-B89.5,2026-05-16 22:44:43.648208+00:00,KNYC,2026-05-17,1,SKIP,0.15052228865346448,0.29000000000000004,-0.13947771134653555,0.13947771134653555,2.789554226930711,ENSEMBLE,32.410742033333335,0.024999999999999967,0.024999999999999967,0.014999999999999958,-0.024999999999999967,-0.024999999999999967,-0.014999999999999958
69993,KXHIGHNY-26MAY17-T90,2026-05-16 22:44:43.268918+00:00,KNYC,2026-05-17,1,SKIP,0.12738935109947397,0.05000000000000003,0.07738935109947394,0.07738935109947394,1.5477870219894787,ENSEMBLE,32.40442053333334,0.034999999999999976,0.034999999999999976,0.034999999999999976,0.034999999999999976,0.034999999999999976,0.034999999999999976
69992,KXHIGHMIA-26MAY17-B83.5,2026-05-16 22:44:42.852789+00:00,KMIA,2026-05-17,1,SKIP,0.25433480020705,0.07499999999999998,0.17933480020705003,0.17933480020705003,3.5866960041410003,ENSEMBLE,32.39748505,1.3877787807814457e-17,1.3877787807814457e-17,1.3877787807814457e-17,1.3877787807814457e-17,1.3877787807814457e-17,1.3877787807814457e-17
69991,KXHIGHNY-26MAY16-B80.5,2026-05-16 22:44:42.518843+00:00,KNYC,2026-05-16,0,SKIP,0.1419994222342363,0.125,0.01699942223423631,0.01699942223423631,0.3399884446847262,ENSEMBLE,32.07182708333333,-0.039999999999999994,-0.024999999999999994,-0.024999999999999994,-0.039999999999999994,-0.024999999999999994,-0.024999999999999994
69990,KXHIGHMIA-26MAY17-B89.5,2026-05-16 22:44:42.162221+00:00,KMIA,2026-05-17,1,SKIP,0.12565115544883487,0.375,-0.24934884455116513,0.24934884455116513,4.9869768910233025,ENSEMBLE,32.385975583333334,-0.015000000000000013,-0.015000000000000013,0.010000000000000009,0.015000000000000013,0.015000000000000013,-0.010000000000000009
69984,KXHIGHCHI-26MAY16-B85.5,2026-05-16 22:39:32.590752+00:00,KMDW,2026-05-16,0,SKIP,0.31221257660262364,0.01500000000000001,0.2972125766026236,0.2972125766026236,5.944251532052472,ENSEMBLE,26.9063589,-0.010000000000000009,-0.010000000000000009,-0.010000000000000009,-0.010000000000000009,-0.010000000000000009,-0.010000000000000009
69983,KXHIGHCHI-26MAY17-T84,2026-05-16 22:39:32.021556+00:00,KMDW,2026-05-17,1,SKIP,0.2890858018917396,0.22499999999999998,0.06408580189173962,0.06408580189173962,1.2817160378347925,ENSEMBLE,27.2169645,0.030000000000000027,0.020000000000000018,0.020000000000000018,0.030000000000000027,0.020000000000000018,0.020000000000000018
69982,KXHIGHCHI-26MAY17-B88.5,2026-05-16 22:39:31.390428+00:00,KMDW,2026-05-17,1,SKIP,0.12096775439993356,0.125,-0.004032245600066445,0.004032245600066445,0.0806449120013289,ENSEMBLE,27.2064457,-0.009999999999999995,-0.009999999999999995,-0.009999999999999995,0.009999999999999995,0.009999999999999995,0.009999999999999995
69981,KXHIGHCHI-26MAY17-B84.5,2026-05-16 22:39:31.030435+00:00,KMDW,2026-05-17,1,SKIP,0.1163225602328963,0.31499999999999995,-0.19867743976710364,0.19867743976710364,3.9735487953420727,ENSEMBLE,27.200445816666665,5.551115123125783e-17,5.551115123125783e-17,5.551115123125783e-17,-5.551115123125783e-17,-5.551115123125783e-17,-5.551115123125783e-17
69980,KXHIGHCHI-26MAY17-B90.5,2026-05-16 22:39:30.631616+00:00,KMDW,2026-05-17,1,SKIP,0.12090919096178229,0.03500000000000002,0.08590919096178228,0.08590919096178228,1.7181838192356453,ENSEMBLE,27.193798833333332,-1.3877787807814457e-17,-1.3877787807814457e-17,-1.3877787807814457e-17,-1.3877787807814457e-17,-1.3877787807814457e-17,-1.3877787807814457e-17
69978,KXHIGHCHI-26MAY17-B86.5,2026-05-16 22:39:29.851886+00:00,KMDW,2026-05-17,1,SKIP,0.13329493557522598,0.30500000000000005,-0.17170506442477407,0.17170506442477407,3.4341012884954814,ENSEMBLE,27.180803333333333,-0.010000000000000064,-0.010000000000000064,-0.00500000000000006,0.010000000000000064,0.010000000000000064,0.00500000000000006
69971,KXHIGHMIA-26MAY17-B87.5,2026-05-16 22:39:26.746753+00:00,KMIA,2026-05-17,1,SKIP,0.17639880492926363,0.45499999999999996,-0.27860119507073633,0.27860119507073633,5.572023901414727,ENSEMBLE,27.129051116666666,-0.034999999999999976,-0.02999999999999997,-0.034999999999999976,0.034999999999999976,0.02999999999999997,0.034999999999999976
69970,KXHIGHMIA-26MAY17-T90,2026-05-16 22:39:26.349807+00:00,KMIA,2026-05-17,1,SKIP,0.12279179648987647,0.01500000000000001,0.10779179648987645,0.10779179648987645,2.155835929797529,ENSEMBLE,27.12243535,-1.0408340855860843e-17,-1.0408340855860843e-17,-1.0408340855860843e-17,-1.0408340855860843e-17,-1.0408340855860843e-17,-1.0408340855860843e-17
69969,KXHIGHMIA-26MAY17-B83.5,2026-05-16 22:39:25.966708+00:00,KMIA,2026-05-17,1,SKIP,0.2568832234645074,0.07499999999999998,0.18188322346450744,0.18188322346450744,3.6376644692901485,ENSEMBLE,27.116050366666666,1.3877787807814457e-17,1.3877787807814457e-17,1.3877787807814457e-17,1.3877787807814457e-17,1.3877787807814457e-17,1.3877787807814457e-17
69968,KXHIGHCHI-26MAY16-B83.5,2026-05-16 22:39:25.641660+00:00,KMDW,2026-05-16,0,SKIP,0.4349970485826058,0.985,-0.5500029514173942,0.5500029514173942,11.000059028347883,ENSEMBLE,26.7905407,0.010000000000000009,0.010000000000000009,0.010000000000000009,-0.010000000000000009,-0.010000000000000009,-0.010000000000000009
69967,KXHIGHNY-26MAY16-B80.5,2026-05-16 22:39:25.204597+00:00,KNYC,2026-05-16,0,SKIP,0.14082020049968388,0.29000000000000004,-0.14917979950031615,0.14917979950031615,2.983595990006323,ENSEMBLE,26.783256316666666,-0.21500000000000002,-0.17500000000000004,-0.19500000000000003,0.21500000000000002,0.17500000000000004,0.19500000000000003
69966,KXHIGHNY-26MAY16-B78.5,2026-05-16 22:39:24.845258+00:00,KNYC,2026-05-16,0,SKIP,0.6774058775339932,0.715,-0.037594122466006796,0.037594122466006796,0.7518824493201359,ENSEMBLE,26.777267333333334,0.19000000000000006,0.16500000000000004,0.19500000000000006,-0.19000000000000006,-0.16500000000000004,-0.19500000000000006
69963,KXHIGHNY-26MAY17-B83.5,2026-05-16 22:39:23.719525+00:00,KNYC,2026-05-17,1,SKIP,0.21505817400563199,0.07499999999999998,0.140058174005632,0.140058174005632,2.8011634801126397,ENSEMBLE,27.078597316666666,-0.009999999999999981,-0.009999999999999981,-0.009999999999999981,-0.009999999999999981,-0.009999999999999981,-0.009999999999999981
69962,KXHIGHNY-26MAY17-B89.5,2026-05-16 22:39:23.372232+00:00,KNYC,2026-05-17,1,SKIP,0.19129941710342885,0.29000000000000004,-0.09870058289657119,0.09870058289657119,1.9740116579314237,ENSEMBLE,27.0728091,0.024999999999999967,0.024999999999999967,0.014999999999999958,-0.024999999999999967,-0.024999999999999967,-0.014999999999999958
69961,KXHIGHNY-26MAY17-B87.5,2026-05-16 22:39:23.026907+00:00,KNYC,2026-05-17,1,SKIP,0.21493931915076578,0.385,-0.17006068084923423,0.17006068084923423,3.4012136169846845,ENSEMBLE,27.067053683333334,0.0050000000000000044,0.020000000000000018,0.0,-0.0050000000000000044,-0.020000000000000018,-0.0
69960,KXHIGHNY-26MAY17-T90,2026-05-16 22:39:22.680050+00:00,KNYC,2026-05-17,1,SKIP,0.1267314121324164,0.05000000000000003,0.07673141213241637,0.07673141213241637,1.5346282426483273,ENSEMBLE,27.061272733333332,0.034999999999999976,0.034999999999999976,0.034999999999999976,0.034999999999999976,0.034999999999999976,0.034999999999999976
69959,KXHIGHNY-26MAY17-B85.5,2026-05-16 22:39:22.329765+00:00,KNYC,2026-05-17,1,SKIP,0.24841241238351477,0.19499999999999998,0.053412412383514796,0.053412412383514796,1.068248247670296,ENSEMBLE,27.05543465,-0.02999999999999997,-0.02999999999999997,-0.014999999999999986,-0.02999999999999997,-0.02999999999999997,-0.014999999999999986
69958,KXHIGHNY-26MAY17-T83,2026-05-16 22:39:22.017758+00:00,KNYC,2026-05-17,1,SKIP,0.1748594027851702,0.03500000000000002,0.13985940278517017,0.13985940278517017,2.7971880557034035,ENSEMBLE,27.050234533333334,-0.010000000000000016,-0.010000000000000016,-0.010000000000000016,-0.010000000000000016,-0.010000000000000016,-0.010000000000000016
69957,KXHIGHMIA-26MAY17-B89.5,2026-05-16 22:39:21.361427+00:00,KMIA,2026-05-17,1,SKIP,0.12547181037359245,0.375,-0.24952818962640755,0.24952818962640755,4.9905637925281505,ENSEMBLE,27.039295683333332,-0.020000000000000018,0.0,0.0050000000000000044,0.020000000000000018,-0.0,-0.0050000000000000044
69956,KXHIGHMIA-26MAY17-B85.5,2026-05-16 22:39:20.973431+00:00,KMIA,2026-05-17,1,SKIP,0.23764047420192136,0.11,0.12764047420192137,0.12764047420192137,2.5528094840384274,ENSEMBLE,27.032829083333333,0.02500000000000001,0.02500000000000001,0.009999999999999995,0.02500000000000001,0.02500000000000001,0.009999999999999995
69950,KXHIGHMIA-26MAY17-T90,2026-05-16 22:34:10.780678+00:00,KMIA,2026-05-17,1,SKIP,0.12264656101087278,0.01500000000000001,0.10764656101087276,0.10764656101087276,2.152931220217455,ENSEMBLE,21.862949866666668,-1.0408340855860843e-17,-1.0408340855860843e-17,-1.0408340855860843e-17,-1.0408340855860843e-17,-1.0408340855860843e-17,-1.0408340855860843e-17
69949,KXHIGHNY-26MAY16-B78.5,2026-05-16 22:34:10.422758+00:00,KNYC,2026-05-16,0,SKIP,0.7340016196732093,0.715,0.019001619673209347,0.019001619673209347,0.38003239346418694,ENSEMBLE,21.536892333333334,0.19500000000000006,0.16500000000000004,0.16000000000000003,0.19500000000000006,0.16500000000000004,0.16000000000000003
69948,KXHIGHMIA-26MAY17-B83.5,2026-05-16 22:34:10.106921+00:00,KMIA,2026-05-17,1,SKIP,0.25944364217271965,0.07499999999999998,0.18444364217271966,0.18444364217271966,3.688872843454393,ENSEMBLE,21.851720583333332,1.3877787807814457e-17,1.3877787807814457e-17,1.3877787807814457e-17,1.3877787807814457e-17,1.3877787807814457e-17,1.3877787807814457e-17
69943,KXHIGHCHI-26MAY16-B83.5,2026-05-16 22:34:08.035737+00:00,KMDW,2026-05-16,0,SKIP,0.43527158635347235,0.985,-0.5497284136465277,0.5497284136465277,10.994568272930554,ENSEMBLE,21.49710865,0.010000000000000009,0.010000000000000009,0.010000000000000009,-0.010000000000000009,-0.010000000000000009,-0.010000000000000009
69942,KXHIGHCHI-26MAY17-B90.5,2026-05-16 22:34:07.598246+00:00,KMDW,2026-05-17,1,SKIP,0.12090919096178229,0.03500000000000002,0.08590919096178228,0.08590919096178228,1.7181838192356453,ENSEMBLE,21.809909333333334,-1.3877787807814457e-17,-1.3877787807814457e-17,-1.3877787807814457e-17,-1.3877787807814457e-17,-1.3877787807814457e-17,-1.3877787807814457e-17
69941,KXHIGHCHI-26MAY17-T84,2026-05-16 22:34:07.197794+00:00,KMDW,2026-05-17,1,SKIP,0.28908580189173966,0.21499999999999997,0.07408580189173969,0.07408580189173969,1.4817160378347938,ENSEMBLE,21.803235133333335,0.030000000000000027,0.040000000000000036,0.050000000000000044,0.030000000000000027,0.040000000000000036,0.050000000000000044
69940,KXHIGHCHI-26MAY17-B88.5,2026-05-16 22:34:06.775829+00:00,KMDW,2026-05-17,1,SKIP,0.12090919096178229,0.13,-0.009090809038217712,0.009090809038217712,0.18181618076435424,ENSEMBLE,21.796202383333334,-0.015,-0.015,-0.015,0.015,0.015,0.015
69938,KXHIGHCHI-26MAY17-B86.5,2026-05-16 22:34:05.817056+00:00,KMDW,2026-05-17,1,SKIP,0.13286166528705456,0.30500000000000005,-0.17213833471294548,0.17213833471294548,3.4427666942589097,ENSEMBLE,21.780222833333333,-0.00500000000000006,-0.010000000000000064,-0.010000000000000064,0.00500000000000006,0.010000000000000064,0.010000000000000064
69937,KXHIGHCHI-26MAY17-B84.5,2026-05-16 22:34:05.340233+00:00,KMDW,2026-05-17,1,SKIP,0.1120825389319183,0.31499999999999995,-0.20291746106808164,0.20291746106808164,4.058349221361633,ENSEMBLE,21.772275783333335,5.551115123125783e-17,0.00500000000000006,5.551115123125783e-17,-5.551115123125783e-17,-0.00500000000000006,-5.551115123125783e-17
69931,KXHIGHMIA-26MAY17-B89.5,2026-05-16 22:34:02.145192+00:00,KMIA,2026-05-17,1,SKIP,0.12529381834980435,0.375,-0.24970618165019565,0.24970618165019565,4.9941236330039125,ENSEMBLE,21.7190251,-0.010000000000000009,-0.015000000000000013,0.0,0.010000000000000009,0.015000000000000013,-0.0
69930,KXHIGHMIA-26MAY17-B85.5,2026-05-16 22:34:01.761770+00:00,KMIA,2026-05-17,1,SKIP,0.23553165210388757,0.11,0.12553165210388756,0.12553165210388756,2.510633042077751,ENSEMBLE,21.712634733333335,0.015,0.02500000000000001,0.020000000000000004,0.015,0.02500000000000001,0.020000000000000004
69929,KXHIGHNY-26MAY17-B89.5,2026-05-16 22:34:01.400357+00:00,KNYC,2026-05-17,1,SKIP,0.18785357739323244,0.29500000000000004,-0.1071464226067676,0.1071464226067676,2.1429284521353518,ENSEMBLE,21.706611183333333,0.014999999999999958,0.019999999999999962,0.019999999999999962,-0.014999999999999958,-0.019999999999999962,-0.019999999999999962
69928,KXHIGHNY-26MAY16-B80.5,2026-05-16 22:34:01.012962+00:00,KNYC,2026-05-16,0,SKIP,0.13963257098315515,0.275,-0.13536742901684487,0.13536742901684487,2.7073485803368973,ENSEMBLE,21.3800624,-0.18500000000000003,-0.19,-0.15000000000000002,0.18500000000000003,0.19,0.15000000000000002
69927,KXHIGHNY-26MAY17-B83.5,2026-05-16 22:34:00.621900+00:00,KNYC,2026-05-17,1,SKIP,0.219494543054948,0.07499999999999998,0.14449454305494802,0.14449454305494802,2.8898908610989604,ENSEMBLE,21.6936369,-0.009999999999999981,-0.009999999999999981,-0.009999999999999981,-0.009999999999999981,-0.009999999999999981,-0.009999999999999981
69926,KXHIGHNY-26MAY17-B87.5,2026-05-16 22:34:00.019489+00:00,KNYC,2026-05-17,1,SKIP,0.21107200768035958,0.385,-0.17392799231964043,0.17392799231964043,3.4785598463928085,ENSEMBLE,21.683596716666667,0.0,0.0,0.020000000000000018,-0.0,-0.0,-0.020000000000000018
69925,KXHIGHNY-26MAY17-B85.5,2026-05-16 22:33:59.671644+00:00,KNYC,2026-05-17,1,SKIP,0.24954960023510317,0.19499999999999998,0.05454960023510319,0.05454960023510319,1.0909920047020638,ENSEMBLE,21.6777993,-0.02999999999999997,-0.02999999999999997,-0.02999999999999997,-0.02999999999999997,-0.02999999999999997,-0.02999999999999997
69924,KXHIGHNY-26MAY17-T90,2026-05-16 22:33:59.343619+00:00,KNYC,2026-05-17,1,SKIP,0.12608251271720677,0.05000000000000003,0.07608251271720674,0.07608251271720674,1.5216502543441348,ENSEMBLE,21.672332216666668,0.034999999999999976,0.034999999999999976,0.034999999999999976,0.034999999999999976,0.034999999999999976,0.034999999999999976
69923,KXHIGHNY-26MAY17-T83,2026-05-16 22:33:58.746865+00:00,KNYC,2026-05-17,1,SKIP,0.17724789648007816,0.03500000000000002,0.14224789648007813,0.14224789648007813,2.8449579296015624,ENSEMBLE,21.662386316666666,-1.3877787807814457e-17,-0.010000000000000016,-0.010000000000000016,-1.3877787807814457e-17,-0.010000000000000016,-0.010000000000000016
69922,KXHIGHCHI-26MAY16-B85.5,2026-05-16 22:33:58.343924+00:00,KMDW,2026-05-16,0,SKIP,0.31194711897494803,0.01500000000000001,0.296947118974948,0.296947118974948,5.93894237949896,ENSEMBLE,21.335578433333332,-0.010000000000000009,-0.010000000000000009,-0.010000000000000009,-0.010000000000000009,-0.010000000000000009,-0.010000000000000009
69921,KXHIGHMIA-26MAY17-B87.5,2026-05-16 22:33:57.944138+00:00,KMIA,2026-05-17,1,SKIP,0.17355920145566972,0.44499999999999995,-0.27144079854433023,0.27144079854433023,5.428815970886604,ENSEMBLE,21.649007533333332,-0.019999999999999962,-0.02999999999999997,-0.039999999999999925,0.019999999999999962,0.02999999999999997,0.039999999999999925
69914,KXHIGHMIA-26MAY17-T90,2026-05-16 22:28:52.638380+00:00,KMIA,2026-05-17,1,SKIP,0.12250576174086568,0.01500000000000001,0.10750576174086567,0.10750576174086567,2.150115234817313,ENSEMBLE,16.560578233333334,-1.0408340855860843e-17,-1.0408340855860843e-17,-1.0408340855860843e-17,-1.0408340855860843e-17,-1.0408340855860843e-17,-1.0408340855860843e-17
69913,KXHIGHNY-26MAY16-B78.5,2026-05-16 22:28:52.284997+00:00,KNYC,2026-05-16,0,SKIP,0.73516526069401,0.61,0.12516526069401002,0.12516526069401002,2.5033052138802003,ENSEMBLE,16.234596316666668,0.29000000000000004,0.29500000000000004,0.22999999999999998,0.29000000000000004,0.29500000000000004,0.22999999999999998
69912,KXHIGHMIA-26MAY17-B83.5,2026-05-16 22:28:51.942157+00:00,KMIA,2026-05-17,1,SKIP,0.25968036010615536,0.07499999999999998,0.18468036010615538,0.18468036010615538,3.6936072021231072,ENSEMBLE,16.548974516666668,1.3877787807814457e-17,1.3877787807814457e-17,1.3877787807814457e-17,1.3877787807814457e-17,1.3877787807814457e-17,1.3877787807814457e-17
69911,KXHIGHNY-26MAY17-B89.5,2026-05-16 22:28:51.607310+00:00,KNYC,2026-05-17,1,SKIP,0.1844604316691067,0.29500000000000004,-0.11053956833089335,0.11053956833089335,2.2107913666178667,ENSEMBLE,16.543393733333332,0.02999999999999997,0.019999999999999962,0.019999999999999962,-0.02999999999999997,-0.019999999999999962,-0.019999999999999962
69910,KXHIGHCHI-26MAY16-B85.5,2026-05-16 22:28:50.992270+00:00,KMDW,2026-05-16,0,SKIP,0.31168588504921785,0.01500000000000001,0.29668588504921783,0.29668588504921783,5.9337177009843565,ENSEMBLE,16.213050866666666,-0.00500000000000001,-0.010000000000000009,-0.010000000000000009,-0.00500000000000001,-0.010000000000000009,-0.010000000000000009
69905,KXHIGHCHI-26MAY16-B83.5,2026-05-16 22:28:49.000911+00:00,KMDW,2026-05-16,0,SKIP,0.4355415264902905,0.985,-0.5494584735097094,0.5494584735097094,10.989169470194188,ENSEMBLE,16.17986155,0.0,0.010000000000000009,0.010000000000000009,-0.0,-0.010000000000000009,-0.010000000000000009
69904,KXHIGHCHI-26MAY17-T84,2026-05-16 22:28:48.517832+00:00,KMDW,2026-05-17,1,SKIP,0.2890858018917397,0.21499999999999997,0.07408580189173974,0.07408580189173974,1.4817160378347949,ENSEMBLE,16.491902433333333,2.7755575615628914e-17,0.040000000000000036,0.050000000000000044,2.7755575615628914e-17,0.040000000000000036,0.050000000000000044
69902,KXHIGHCHI-26MAY17-B86.5,2026-05-16 22:28:47.686533+00:00,KMDW,2026-05-17,1,SKIP,0.13244463402060547,0.30500000000000005,-0.17255536597939458,0.17255536597939458,3.4511073195878916,ENSEMBLE,16.47804745,0.004999999999999949,-0.010000000000000064,-0.010000000000000064,-0.004999999999999949,0.010000000000000064,0.010000000000000064
69901,KXHIGHCHI-26MAY17-B84.5,2026-05-16 22:28:47.269446+00:00,KMDW,2026-05-17,1,SKIP,0.10790683628966877,0.31499999999999995,-0.20709316371033118,0.20709316371033118,4.1418632742066235,ENSEMBLE,16.471096,5.551115123125783e-17,5.551115123125783e-17,0.010000000000000064,-5.551115123125783e-17,-5.551115123125783e-17,-0.010000000000000064
69900,KXHIGHCHI-26MAY17-B90.5,2026-05-16 22:28:46.899817+00:00,KMDW,2026-05-17,1,SKIP,0.12090919096178229,0.03500000000000002,0.08590919096178228,0.08590919096178228,1.7181838192356453,ENSEMBLE,16.464935516666667,-1.3877787807814457e-17,-1.3877787807814457e-17,-1.3877787807814457e-17,-1.3877787807814457e-17,-1.3877787807814457e-17,-1.3877787807814457e-17
69899,KXHIGHCHI-26MAY17-B88.5,2026-05-16 22:28:46.522386+00:00,KMDW,2026-05-17,1,SKIP,0.12090919096178229,0.13,-0.009090809038217712,0.009090809038217712,0.18181618076435424,ENSEMBLE,16.458645,-0.0050000000000000044,-0.015,-0.015,0.0050000000000000044,0.015,0.015
69893,KXHIGHMIA-26MAY17-B89.5,2026-05-16 22:28:44.100372+00:00,KMIA,2026-05-17,1,SKIP,0.12512126308170868,0.375,-0.24987873691829132,0.24987873691829132,4.997574738365826,ENSEMBLE,16.4182781,-0.010000000000000009,-0.020000000000000018,0.0,0.010000000000000009,0.020000000000000018,-0.0
69892,KXHIGHMIA-26MAY17-B85.5,2026-05-16 22:28:43.699878+00:00,KMIA,2026-05-17,1,SKIP,0.23346218381855227,0.11,0.12346218381855227,0.12346218381855227,2.4692436763710455,ENSEMBLE,16.4116032,0.015,0.02500000000000001,0.020000000000000004,0.015,0.02500000000000001,0.020000000000000004
69891,KXHIGHMIA-26MAY17-B87.5,2026-05-16 22:28:43.332138+00:00,KMIA,2026-05-17,1,SKIP,0.17076874823132104,0.44499999999999995,-0.2742312517686789,0.2742312517686789,5.484625035373578,ENSEMBLE,16.4054742,-0.019999999999999962,-0.024999999999999967,-0.039999999999999925,0.019999999999999962,0.024999999999999967,0.039999999999999925
69888,KXHIGHNY-26MAY17-B87.5,2026-05-16 22:28:41.717891+00:00,KNYC,2026-05-17,1,SKIP,0.2072768660963518,0.385,-0.17772313390364822,0.17772313390364822,3.554462678072964,ENSEMBLE,16.378570083333333,-0.0050000000000000044,0.0050000000000000044,0.020000000000000018,0.0050000000000000044,-0.0050000000000000044,-0.020000000000000018
69887,KXHIGHNY-26MAY17-B85.5,2026-05-16 22:28:41.344932+00:00,KNYC,2026-05-17,1,SKIP,0.25066556643989846,0.19499999999999998,0.05566556643989848,0.05566556643989848,1.1133113287979695,ENSEMBLE,16.3723541,-0.014999999999999986,-0.02999999999999997,-0.02999999999999997,-0.014999999999999986,-0.02999999999999997,-0.02999999999999997
69886,KXHIGHNY-26MAY17-B83.5,2026-05-16 22:28:40.991988+00:00,KNYC,2026-05-17,1,SKIP,0.2238481227419997,0.07499999999999998,0.1488481227419997,0.1488481227419997,2.976962454839994,ENSEMBLE,16.3664717,-0.009999999999999981,-0.009999999999999981,-0.009999999999999981,-0.009999999999999981,-0.009999999999999981,-0.009999999999999981
69885,KXHIGHNY-26MAY17-T90,2026-05-16 22:28:40.641683+00:00,KNYC,2026-05-17,1,SKIP,0.1254573333466495,0.05000000000000003,0.07545733334664946,0.07545733334664946,1.5091466669329892,ENSEMBLE,16.360633283333332,-0.005000000000000032,0.034999999999999976,0.034999999999999976,-0.005000000000000032,0.034999999999999976,0.034999999999999976
69884,KXHIGHNY-26MAY17-T83,2026-05-16 22:28:40.190721+00:00,KNYC,2026-05-17,1,SKIP,0.17959181726692186,0.03500000000000002,0.14459181726692183,0.14459181726692183,2.8918363453384366,ENSEMBLE,16.35311725,-1.3877787807814457e-17,-0.010000000000000016,-0.010000000000000016,-1.3877787807814457e-17,-0.010000000000000016,-0.010000000000000016
69882,KXHIGHNY-26MAY16-B80.5,2026-05-16 22:28:39.370412+00:00,KNYC,2026-05-16,0,SKIP,0.13846431045777827,0.345,-0.2065356895422217,0.2065356895422217,4.130713790844434,ENSEMBLE,16.019353233333334,-0.255,-0.26999999999999996,-0.16499999999999998,0.255,0.26999999999999996,0.16499999999999998
69879,KXHIGHNY-26MAY16-B82.5,2026-05-16 22:23:15.042895+00:00,KNYC,2026-05-16,0,SKIP,0.06755527592333854,0.020000000000000014,0.047555275923338525,0.047555275923338525,0.9511055184667705,ENSEMBLE,10.613894616666666,-0.015000000000000013,-0.015000000000000013,-0.015000000000000013,-0.015000000000000013,-0.015000000000000013,-0.015000000000000013
69876,KXHIGHMIA-26MAY17-B85.5,2026-05-16 22:23:13.679219+00:00,KMIA,2026-05-17,1,SKIP,0.23125091069182718,0.12000000000000001,0.11125091069182717,0.11125091069182717,2.2250182138365435,ENSEMBLE,10.911258883333334,-0.010000000000000009,0.0049999999999999906,0.009999999999999995,-0.010000000000000009,0.0049999999999999906,0.009999999999999995
69875,KXHIGHMIA-26MAY17-T90,2026-05-16 22:23:13.102324+00:00,KMIA,2026-05-17,1,SKIP,0.12235718062849775,0.01500000000000001,0.10735718062849774,0.10735718062849774,2.1471436125699546,ENSEMBLE,10.901643966666667,-1.0408340855860843e-17,-1.0408340855860843e-17,-1.0408340855860843e-17,-1.0408340855860843e-17,-1.0408340855860843e-17,-1.0408340855860843e-17
69874,KXHIGHNY-26MAY16-B78.5,2026-05-16 22:23:12.725197+00:00,KNYC,2026-05-16,0,SKIP,0.7364116316024684,0.775,-0.03858836839753166,0.03858836839753166,0.7717673679506332,ENSEMBLE,10.575266316666667,0.10999999999999999,0.135,0.04499999999999993,-0.10999999999999999,-0.135,-0.04499999999999993
69873,KXHIGHMIA-26MAY17-B83.5,2026-05-16 22:23:12.156276+00:00,KMIA,2026-05-17,1,SKIP,0.25968036010615553,0.07499999999999998,0.18468036010615554,0.18468036010615554,3.6936072021231108,ENSEMBLE,10.8858765,1.3877787807814457e-17,1.3877787807814457e-17,1.3877787807814457e-17,1.3877787807814457e-17,1.3877787807814457e-17,1.3877787807814457e-17
69872,KXHIGHNY-26MAY17-B89.5,2026-05-16 22:23:11.814683+00:00,KNYC,2026-05-17,1,SKIP,0.18082230542297634,0.29500000000000004,-0.1141776945770237,0.1141776945770237,2.283553891540474,ENSEMBLE,10.880183283333333,-0.00500000000000006,0.014999999999999958,0.019999999999999962,0.00500000000000006,-0.014999999999999958,-0.019999999999999962
69871,KXHIGHCHI-26MAY16-B85.5,2026-05-16 22:23:11.202409+00:00,KMDW,2026-05-16,0,SKIP,0.31140594945997985,0.01500000000000001,0.29640594945997983,0.29640594945997983,5.9281189891995965,ENSEMBLE,10.549886516666668,-1.0408340855860843e-17,-0.010000000000000009,-0.010000000000000009,-1.0408340855860843e-17,-0.010000000000000009,-0.010000000000000009
69867,KXHIGHCHI-26MAY16-B83.5,2026-05-16 22:23:09.739430+00:00,KMDW,2026-05-16,0,SKIP,0.43583054072760213,0.985,-0.5491694592723979,0.5491694592723979,10.983389185447958,ENSEMBLE,10.525503533333334,0.0,0.010000000000000009,0.010000000000000009,-0.0,-0.010000000000000009,-0.010000000000000009
69865,KXHIGHCHI-26MAY17-B84.5,2026-05-16 22:23:08.902486+00:00,KMDW,2026-05-17,1,SKIP,0.20989044900860243,0.31499999999999995,-0.10510955099139752,0.10510955099139752,2.1021910198279503,ENSEMBLE,10.831646666666666,0.010000000000000064,5.551115123125783e-17,5.551115123125783e-17,-0.010000000000000064,-5.551115123125783e-17,-5.551115123125783e-17
69864,KXHIGHCHI-26MAY17-T84,2026-05-16 22:23:08.525342+00:00,KMDW,2026-05-17,1,SKIP,0.28908580189173966,0.21999999999999997,0.06908580189173968,0.06908580189173968,1.3817160378347937,ENSEMBLE,10.825360933333334,-0.004999999999999977,0.025000000000000022,0.020000000000000018,-0.004999999999999977,0.025000000000000022,0.020000000000000018
69863,KXHIGHCHI-26MAY17-B90.5,2026-05-16 22:23:08.123433+00:00,KMDW,2026-05-17,1,SKIP,0.12090919096178229,0.03500000000000002,0.08590919096178228,0.08590919096178228,1.7181838192356453,ENSEMBLE,10.81866245,-1.3877787807814457e-17,-1.3877787807814457e-17,-1.3877787807814457e-17,-1.3877787807814457e-17,-1.3877787807814457e-17,-1.3877787807814457e-17
69862,KXHIGHCHI-26MAY17-B86.5,2026-05-16 22:23:07.764729+00:00,KMDW,2026-05-17,1,SKIP,0.13200777820426668,0.30000000000000004,-0.16799222179573337,0.16799222179573337,3.3598444359146673,ENSEMBLE,10.81268405,0.009999999999999953,-5.551115123125783e-17,-0.00500000000000006,-0.009999999999999953,5.551115123125783e-17,0.00500000000000006
69861,KXHIGHCHI-26MAY17-B88.5,2026-05-16 22:23:07.392724+00:00,KMDW,2026-05-17,1,SKIP,0.12090919096178229,0.125,-0.004090809038217708,0.004090809038217708,0.08181618076435415,ENSEMBLE,10.806483966666667,0.0,-0.009999999999999995,-0.009999999999999995,-0.0,0.009999999999999995,0.009999999999999995
69855,KXHIGHMIA-26MAY17-B89.5,2026-05-16 22:23:04.392471+00:00,KMIA,2026-05-17,1,SKIP,0.12493917084730087,0.375,-0.2500608291526991,0.2500608291526991,5.001216583053982,ENSEMBLE,10.75647975,0.0,-0.010000000000000009,-0.015000000000000013,-0.0,0.010000000000000009,0.015000000000000013
69854,KXHIGHMIA-26MAY17-B87.5,2026-05-16 22:23:03.780314+00:00,KMIA,2026-05-17,1,SKIP,0.16778293359697405,0.43499999999999994,-0.2672170664030259,0.2672170664030259,5.344341328060517,ENSEMBLE,10.746277133333333,0.010000000000000064,-0.009999999999999953,-0.029999999999999916,-0.010000000000000064,0.009999999999999953,0.029999999999999916
69852,KXHIGHNY-26MAY16-B80.5,2026-05-16 22:23:03.009867+00:00,KNYC,2026-05-16,0,SKIP,0.137212928418854,0.245,-0.107787071581146,0.107787071581146,2.15574143162292,ENSEMBLE,10.41334415,0.04999999999999999,-0.155,-0.095,-0.04999999999999999,0.155,0.095
69849,KXHIGHNY-26MAY17-B87.5,2026-05-16 22:23:01.289293+00:00,KNYC,2026-05-17,1,SKIP,0.20322167247183626,0.38,-0.17677832752816375,0.17677832752816375,3.5355665505632747,ENSEMBLE,10.704760116666666,0.0050000000000000044,0.0050000000000000044,0.025000000000000022,-0.0050000000000000044,-0.0050000000000000044,-0.025000000000000022
69848,KXHIGHNY-26MAY17-B85.5,2026-05-16 22:23:00.932822+00:00,KNYC,2026-05-17,1,SKIP,0.25185800127762126,0.19499999999999998,0.05685800127762128,0.05685800127762128,1.1371600255524255,ENSEMBLE,10.698818933333333,2.7755575615628914e-17,-0.02999999999999997,-0.02999999999999997,2.7755575615628914e-17,-0.02999999999999997,-0.02999999999999997
69847,KXHIGHNY-26MAY17-B83.5,2026-05-16 22:23:00.561565+00:00,KNYC,2026-05-17,1,SKIP,0.2285000199637392,0.06499999999999997,0.16350001996373922,0.16350001996373922,3.2700003992747844,ENSEMBLE,10.692631316666667,0.005000000000000032,2.7755575615628914e-17,2.7755575615628914e-17,0.005000000000000032,2.7755575615628914e-17,2.7755575615628914e-17
69846,KXHIGHNY-26MAY17-T90,2026-05-16 22:23:00.192612+00:00,KNYC,2026-05-17,1,SKIP,0.12480178939774482,0.05000000000000003,0.07480178939774479,0.07480178939774479,1.4960357879548958,ENSEMBLE,10.6864821,-2.7755575615628914e-17,0.034999999999999976,0.034999999999999976,-2.7755575615628914e-17,0.034999999999999976,0.034999999999999976
69845,KXHIGHNY-26MAY17-T83,2026-05-16 22:22:59.811184+00:00,KNYC,2026-05-17,1,SKIP,0.18209634902701016,0.03500000000000002,0.14709634902701013,0.14709634902701013,2.9419269805402024,ENSEMBLE,10.680124966666666,-1.3877787807814457e-17,-1.3877787807814457e-17,-0.010000000000000016,-1.3877787807814457e-17,-1.3877787807814457e-17,-0.010000000000000016
69841,KXHIGHCHI-26MAY16-B85.5,2026-05-16 22:17:57.148542+00:00,KMDW,2026-05-16,0,SKIP,0.3111436276347728,0.025000000000000015,0.2861436276347728,0.2861436276347728,5.722872552695455,ENSEMBLE,5.3156554,-0.010000000000000016,-0.015000000000000015,-0.020000000000000014,-0.010000000000000016,-0.015000000000000015,-0.020000000000000014
69839,KXHIGHCHI-26MAY16-B83.5,2026-05-16 22:17:56.123640+00:00,KMDW,2026-05-16,0,SKIP,0.4361011361079657,0.975,-0.5388988638920342,0.5388988638920342,10.777977277840684,ENSEMBLE,5.2985737,0.010000000000000009,0.010000000000000009,0.020000000000000018,-0.010000000000000009,-0.010000000000000009,-0.020000000000000018
69838,KXHIGHCHI-26MAY17-B90.5,2026-05-16 22:17:55.416003+00:00,KMDW,2026-05-17,1,SKIP,0.12090919096178229,0.03500000000000002,0.08590919096178228,0.08590919096178228,1.7181838192356453,ENSEMBLE,5.60687195,-1.3877787807814457e-17,-1.3877787807814457e-17,-1.3877787807814457e-17,-1.3877787807814457e-17,-1.3877787807814457e-17,-1.3877787807814457e-17
69836,KXHIGHCHI-26MAY17-T84,2026-05-16 22:17:54.654749+00:00,KMDW,2026-05-17,1,SKIP,0.2890858018917396,0.22499999999999998,0.06408580189173962,0.06408580189173962,1.2817160378347925,ENSEMBLE,5.594184383333333,-0.004999999999999977,-0.009999999999999981,0.015000000000000013,-0.004999999999999977,-0.009999999999999981,0.015000000000000013
69835,KXHIGHCHI-26MAY17-B88.5,2026-05-16 22:17:54.236331+00:00,KMDW,2026-05-17,1,SKIP,0.12090919096178229,0.125,-0.004090809038217708,0.004090809038217708,0.08181618076435415,ENSEMBLE,5.58721075,0.0,0.0,-0.009999999999999995,-0.0,-0.0,0.009999999999999995
69834,KXHIGHCHI-26MAY17-B84.5,2026-05-16 22:17:53.647261+00:00,KMDW,2026-05-17,1,SKIP,0.2056919137402239,0.31499999999999995,-0.10930808625977606,0.10930808625977606,2.186161725195521,ENSEMBLE,5.577392916666667,5.551115123125783e-17,5.551115123125783e-17,5.551115123125783e-17,-5.551115123125783e-17,-5.551115123125783e-17,-5.551115123125783e-17
69833,KXHIGHCHI-26MAY17-B86.5,2026-05-16 22:17:53.282746+00:00,KMDW,2026-05-17,1,SKIP,0.1316075926029151,0.30000000000000004,-0.16839240739708494,0.16839240739708494,3.367848147941699,ENSEMBLE,5.571317666666666,0.004999999999999949,0.009999999999999953,-0.00500000000000006,-0.004999999999999949,-0.009999999999999953,0.00500000000000006
69827,KXHIGHNY-26MAY16-B82.5,2026-05-16 22:17:50.847874+00:00,KNYC,2026-05-16,0,SKIP,0.06755789309404325,0.025000000000000015,0.04255789309404324,0.04255789309404324,0.8511578618808647,ENSEMBLE,5.210644266666667,-0.020000000000000014,-0.020000000000000014,-0.020000000000000014,-0.020000000000000014,-0.020000000000000014,-0.020000000000000014
69823,KXHIGHNY-26MAY17-B87.5,2026-05-16 22:17:49.066511+00:00,KNYC,2026-05-17,1,SKIP,0.19943249979649397,0.38,-0.18056750020350604,0.18056750020350604,3.6113500040701205,ENSEMBLE,5.501047083333333,0.0050000000000000044,0.0,0.025000000000000022,-0.0050000000000000044,-0.0,-0.025000000000000022
69822,KXHIGHNY-26MAY17-B83.5,2026-05-16 22:17:48.683865+00:00,KNYC,2026-05-17,1,SKIP,0.232846752443923,0.06499999999999997,0.16784675244392303,0.16784675244392303,3.3569350488784604,ENSEMBLE,5.49466965,0.005000000000000032,2.7755575615628914e-17,2.7755575615628914e-17,0.005000000000000032,2.7755575615628914e-17,2.7755575615628914e-17
69821,KXHIGHNY-26MAY17-T90,2026-05-16 22:17:48.337955+00:00,KNYC,2026-05-17,1,SKIP,0.12420068116308529,0.05000000000000003,0.07420068116308526,0.07420068116308526,1.4840136232617052,ENSEMBLE,5.488904483333333,-2.7755575615628914e-17,-0.005000000000000032,0.034999999999999976,-2.7755575615628914e-17,-0.005000000000000032,0.034999999999999976
69820,KXHIGHNY-26MAY17-T83,2026-05-16 22:17:47.923493+00:00,KNYC,2026-05-17,1,SKIP,0.18443658335083657,0.03500000000000002,0.14943658335083654,0.14943658335083654,2.9887316670167308,ENSEMBLE,5.481996783333333,-1.3877787807814457e-17,-1.3877787807814457e-17,-0.010000000000000016,-1.3877787807814457e-17,-1.3877787807814457e-17,-0.010000000000000016
69819,KXHIGHNY-26MAY17-B85.5,2026-05-16 22:17:47.545099+00:00,KNYC,2026-05-17,1,SKIP,0.25297221231723976,0.19499999999999998,0.057972212317239785,0.057972212317239785,1.1594442463447956,ENSEMBLE,5.475690216666667,2.7755575615628914e-17,-0.014999999999999986,-0.02999999999999997,2.7755575615628914e-17,-0.014999999999999986,-0.02999999999999997
69817,KXHIGHMIA-26MAY17-B85.5,2026-05-16 22:17:46.764927+00:00,KMIA,2026-05-17,1,SKIP,0.2291846972171243,0.12000000000000001,0.1091846972171243,0.1091846972171243,2.183693944342486,ENSEMBLE,5.46268735,-0.010000000000000009,0.0049999999999999906,0.009999999999999995,-0.010000000000000009,0.0049999999999999906,0.009999999999999995
69816,KXHIGHMIA-26MAY17-T90,2026-05-16 22:17:46.197417+00:00,KMIA,2026-05-17,1,SKIP,0.12222006739825074,0.01500000000000001,0.10722006739825073,0.10722006739825073,2.1444013479650144,ENSEMBLE,5.45322885,-1.0408340855860843e-17,-1.0408340855860843e-17,-1.0408340855860843e-17,-1.0408340855860843e-17,-1.0408340855860843e-17,-1.0408340855860843e-17
69815,KXHIGHNY-26MAY16-B78.5,2026-05-16 22:17:45.834802+00:00,KNYC,2026-05-16,0,SKIP,0.7375790463980245,0.815,-0.07742095360197543,0.07742095360197543,1.5484190720395086,ENSEMBLE,5.127093066666666,-0.10499999999999998,0.08500000000000008,0.09000000000000008,0.10499999999999998,-0.08500000000000008,-0.09000000000000008
69814,KXHIGHMIA-26MAY17-B87.5,2026-05-16 22:17:45.515284+00:00,KMIA,2026-05-17,1,SKIP,0.1649891585355031,0.42999999999999994,-0.2650108414644968,0.2650108414644968,5.300216829289936,ENSEMBLE,5.441859966666667,0.015000000000000069,-0.004999999999999949,-0.004999999999999949,-0.015000000000000069,0.004999999999999949,0.004999999999999949
69813,KXHIGHMIA-26MAY17-B89.5,2026-05-16 22:17:44.902102+00:00,KMIA,2026-05-17,1,SKIP,0.12477113297179541,0.375,-0.25022886702820457,0.25022886702820457,5.004577340564091,ENSEMBLE,5.431640266666666,0.0,-0.010000000000000009,0.0,-0.0,0.010000000000000009,-0.0
69812,KXHIGHMIA-26MAY17-B83.5,2026-05-16 22:17:44.521573+00:00,KMIA,2026-05-17,1,SKIP,0.2596803601061554,0.07499999999999998,0.18468036010615543,0.18468036010615543,3.6936072021231086,ENSEMBLE,5.425298116666666,1.3877787807814457e-17,1.3877787807814457e-17,1.3877787807814457e-17,1.3877787807814457e-17,1.3877787807814457e-17,1.3877787807814457e-17
69811,KXHIGHNY-26MAY17-B89.5,2026-05-16 22:17:44.160305+00:00,KNYC,2026-05-17,1,SKIP,0.1774114084893496,0.29500000000000004,-0.11758859151065043,0.11758859151065043,2.3517718302130084,ENSEMBLE,5.419276983333333,-5.551115123125783e-17,0.02999999999999997,0.02999999999999997,5.551115123125783e-17,-0.02999999999999997,-0.02999999999999997
69809,KXHIGHNY-26MAY16-B80.5,2026-05-16 22:17:42.998527+00:00,KNYC,2026-05-16,0,SKIP,0.13604076092970416,0.175,-0.03895923907029583,0.03895923907029583,0.7791847814059166,ENSEMBLE,5.079821816666667,0.10500000000000004,-0.08499999999999999,-0.07499999999999998,-0.10500000000000004,0.08499999999999999,0.07499999999999998
69808,KXHIGHCHI-26MAY16-B85.5,2026-05-16 22:12:41.759615+00:00,KMDW,2026-05-16,0,SKIP,0.3108797011922989,0.03500000000000002,0.2758797011922989,0.2758797011922989,5.5175940238459775,ENSEMBLE,0.05917328333333333,-0.020000000000000018,-0.020000000000000018,-0.030000000000000016,-0.020000000000000018,-0.020000000000000018,-0.030000000000000016
69807,KXHIGHMIA-26MAY17-B85.5,2026-05-16 22:12:41.395722+00:00,KMIA,2026-05-17,1,SKIP,0.22711159499581646,0.095,0.13211159499581646,0.13211159499581646,2.642231899916329,ENSEMBLE,0.3732006,0.015,0.015,0.04000000000000001,0.015,0.015,0.04000000000000001
69806,KXHIGHCHI-26MAY16-B83.5,2026-05-16 22:12:41.042018+00:00,KMDW,2026-05-16,0,SKIP,0.4363731599924387,0.975,-0.5386268400075613,0.5386268400075613,10.772536800151226,ENSEMBLE,0.047213333333333336,0.010000000000000009,0.010000000000000009,0.020000000000000018,-0.010000000000000009,-0.010000000000000009,-0.020000000000000018
69801,KXHIGHCHI-26MAY17-B84.5,2026-05-16 22:12:38.330035+00:00,KMDW,2026-05-17,1,SKIP,0.20146552779173077,0.30500000000000005,-0.10353447220826928,0.10353447220826928,2.0706894441653856,ENSEMBLE,0.32210581666666666,0.009999999999999953,0.019999999999999962,0.009999999999999953,-0.009999999999999953,-0.019999999999999962,-0.009999999999999953
69800,KXHIGHCHI-26MAY17-B90.5,2026-05-16 22:12:37.949554+00:00,KMDW,2026-05-17,1,SKIP,0.12090919096178229,0.03500000000000002,0.08590919096178228,0.08590919096178228,1.7181838192356453,ENSEMBLE,0.3157644666666667,-1.3877787807814457e-17,-1.3877787807814457e-17,-1.3877787807814457e-17,-1.3877787807814457e-17,-1.3877787807814457e-17,-1.3877787807814457e-17
69799,KXHIGHCHI-26MAY17-T84,2026-05-16 22:12:37.339615+00:00,KMDW,2026-05-17,1,SKIP,0.28908580189173966,0.22499999999999998,0.06408580189173968,0.06408580189173968,1.2817160378347936,ENSEMBLE,0.30559881666666666,-0.009999999999999981,-0.009999999999999981,0.020000000000000018,-0.009999999999999981,-0.009999999999999981,0.020000000000000018
69797,KXHIGHCHI-26MAY17-B86.5,2026-05-16 22:12:36.033765+00:00,KMDW,2026-05-17,1,SKIP,0.1312137011103831,0.30000000000000004,-0.16878629888961694,0.16878629888961694,3.3757259777923387,ENSEMBLE,0.28383465,0.004999999999999949,0.009999999999999953,-0.00500000000000006,-0.004999999999999949,-0.009999999999999953,0.00500000000000006
69796,KXHIGHCHI-26MAY17-B88.5,2026-05-16 22:12:35.651388+00:00,KMDW,2026-05-17,1,SKIP,0.12090919096178229,0.13,-0.009090809038217712,0.009090809038217712,0.18181618076435424,ENSEMBLE,0.2774617,0.0,-0.0050000000000000044,-0.015,-0.0,0.0050000000000000044,0.015
69789,KXHIGHMIA-26MAY17-B83.5,2026-05-16 22:12:32.381863+00:00,KMIA,2026-05-17,1,SKIP,0.25968036010615553,0.07499999999999998,0.18468036010615554,0.18468036010615554,3.6936072021231108,ENSEMBLE,0.22296961666666668,1.3877787807814457e-17,1.3877787807814457e-17,1.3877787807814457e-17,1.3877787807814457e-17,1.3877787807814457e-17,1.3877787807814457e-17
69788,KXHIGHMIA-26MAY17-B89.5,2026-05-16 22:12:32.009683+00:00,KMIA,2026-05-17,1,SKIP,0.12460455750722575,0.38,-0.25539544249277424,0.25539544249277424,5.107908849855485,ENSEMBLE,0.21676661666666666,-0.0050000000000000044,-0.0050000000000000044,-0.020000000000000018,0.0050000000000000044,0.0050000000000000044,0.020000000000000018
69787,KXHIGHMIA-26MAY17-B87.5,2026-05-16 22:12:31.631758+00:00,KMIA,2026-05-17,1,SKIP,0.16218239597900808,0.405,-0.24281760402099195,0.24281760402099195,4.856352080419839,ENSEMBLE,0.21046786666666667,0.02999999999999997,0.04999999999999999,0.019999999999999962,-0.02999999999999997,-0.04999999999999999,-0.019999999999999962
69786,KXHIGHMIA-26MAY17-T90,2026-05-16 22:12:31.217934+00:00,KMIA,2026-05-17,1,SKIP,0.12208414744592853,0.01500000000000001,0.10708414744592852,0.10708414744592852,2.1416829489185703,ENSEMBLE,0.2035708,-1.0408340855860843e-17,-1.0408340855860843e-17,-1.0408340855860843e-17,-1.0408340855860843e-17,-1.0408340855860843e-17,-1.0408340855860843e-17
69785,KXHIGHNY-26MAY16-B78.5,2026-05-16 22:12:30.786787+00:00,KNYC,2026-05-16,0,SKIP,0.738753087417241,0.63,0.10875308741724099,0.10875308741724099,2.17506174834482,ENSEMBLE,0.0277243,0.15000000000000002,0.255,0.27,0.15000000000000002,0.255,0.27
69784,KXHIGHNY-26MAY16-B82.5,2026-05-16 22:12:30.447182+00:00,KNYC,2026-05-16,0,SKIP,0.06756055667360028,0.05000000000000003,0.01756055667360025,0.01756055667360025,0.351211133472005,ENSEMBLE,0.022064216666666667,-0.04500000000000003,-0.04500000000000003,-0.04500000000000003,-0.04500000000000003,-0.04500000000000003,-0.04500000000000003
69781,KXHIGHNY-26MAY17-B85.5,2026-05-16 22:12:28.564966+00:00,KNYC,2026-05-17,1,SKIP,0.25409013813154613,0.19499999999999998,0.05909013813154615,0.05909013813154615,1.1818027626309229,ENSEMBLE,0.15935466666666667,2.7755575615628914e-17,-0.004999999999999977,-0.02999999999999997,2.7755575615628914e-17,-0.004999999999999977,-0.02999999999999997
69780,KXHIGHNY-26MAY17-T90,2026-05-16 22:12:28.220726+00:00,KNYC,2026-05-17,1,SKIP,0.12360846338153812,0.05000000000000003,0.07360846338153809,0.07360846338153809,1.4721692676307618,ENSEMBLE,0.15361733333333333,-2.7755575615628914e-17,-2.7755575615628914e-17,0.034999999999999976,-2.7755575615628914e-17,-2.7755575615628914e-17,0.034999999999999976
69779,KXHIGHNY-26MAY17-T83,2026-05-16 22:12:27.831799+00:00,KNYC,2026-05-17,1,SKIP,0.18678462000556895,0.03500000000000002,0.15178462000556892,0.15178462000556892,3.0356924001113783,ENSEMBLE,0.14713521666666668,-1.3877787807814457e-17,-1.3877787807814457e-17,-0.010000000000000016,-1.3877787807814457e-17,-1.3877787807814457e-17,-0.010000000000000016
69778,KXHIGHNY-26MAY17-B83.5,2026-05-16 22:12:27.434612+00:00,KNYC,2026-05-17,1,SKIP,0.2372079769110097,0.06499999999999997,0.17220797691100972,0.17220797691100972,3.444159538220194,ENSEMBLE,0.14051543333333333,0.010000000000000023,0.010000000000000023,2.7755575615628914e-17,0.010000000000000023,0.010000000000000023,2.7755575615628914e-17
69777,KXHIGHNY-26MAY17-B87.5,2026-05-16 22:12:27.059899+00:00,KNYC,2026-05-17,1,SKIP,0.19563069403617728,0.38,-0.18436930596382273,0.18436930596382273,3.6873861192764545,ENSEMBLE,0.13427021666666666,0.0,0.0050000000000000044,0.02999999999999997,-0.0,-0.0050000000000000044,-0.02999999999999997
69776,KXHIGHNY-26MAY17-B89.5,2026-05-16 22:12:26.700251+00:00,KNYC,2026-05-17,1,SKIP,0.17397824509508825,0.29500000000000004,-0.1210217549049118,0.1210217549049118,2.4204350980982356,ENSEMBLE,0.12827608333333335,-5.551115123125783e-17,-0.00500000000000006,0.019999999999999962,5.551115123125783e-17,0.00500000000000006,-0.019999999999999962
69773,KXHIGHNY-26MAY16-B80.5,2026-05-16 22:12:25.277994+00:00,KNYC,2026-05-16,0,SKIP,0.1348618829399851,0.32499999999999996,-0.19013811706001485,0.19013811706001485,3.802762341200297,ENSEMBLE,0.024250416666666667,-0.07499999999999996,-0.18999999999999995,-0.22499999999999995,0.07499999999999996,0.18999999999999995,0.22499999999999995
69772,KXHIGHMIA-26MAY17-B85.5,2026-05-16 22:07:11.726406+00:00,KMIA,2026-05-17,1,SKIP,0.22497049945145603,0.095,0.12997049945145603,0.12997049945145603,2.5994099890291205,HRRR,0.6565156166666667,0.024999999999999994,0.020000000000000004,0.04000000000000001,0.024999999999999994,0.020000000000000004,0.04000000000000001
69771,KXHIGHNY-26MAY16-B78.5,2026-05-16 22:07:11.383352+00:00,KNYC,2026-05-16,0,SKIP,0.7399685194891203,0.6,0.13996851948912037,0.13996851948912037,2.7993703897824074,HRRR,0.65079805,0.17500000000000004,0.10999999999999999,0.28,0.17500000000000004,0.10999999999999999,0.28
69770,KXHIGHMIA-26MAY17-B87.5,2026-05-16 22:07:11.044099+00:00,KMIA,2026-05-17,1,SKIP,0.15927976231371288,0.41000000000000003,-0.25072023768628715,0.25072023768628715,5.014404753725743,HRRR,0.6451438333333334,0.024999999999999967,0.034999999999999976,0.004999999999999949,-0.024999999999999967,-0.034999999999999976,-0.004999999999999949
69769,KXHIGHCHI-26MAY16-B83.5,2026-05-16 22:07:10.445545+00:00,KMDW,2026-05-16,0,SKIP,0.43665466074576864,0.985,-0.5483453392542313,0.5483453392542313,10.966906785084626,HRRR,0.6351679333333333,0.0,0.0,0.010000000000000009,-0.0,-0.0,-0.010000000000000009
69766,KXHIGHCHI-26MAY16-B85.5,2026-05-16 22:07:08.858024+00:00,KMDW,2026-05-16,0,SKIP,0.31060634900768574,0.045000000000000026,0.2656063490076857,0.2656063490076857,5.312126980153714,HRRR,0.60870925,-0.030000000000000027,-0.030000000000000027,-0.04000000000000003,-0.030000000000000027,-0.030000000000000027,-0.04000000000000003
69763,KXHIGHCHI-26MAY17-B84.5,2026-05-16 22:07:07.460834+00:00,KMDW,2026-05-17,1,SKIP,0.19708623934073433,0.30500000000000005,-0.10791376065926572,0.10791376065926572,2.1582752131853145,ENSEMBLE,8.756404966666667,0.009999999999999953,0.009999999999999953,0.009999999999999953,-0.009999999999999953,-0.009999999999999953,-0.009999999999999953
69762,KXHIGHCHI-26MAY17-T84,2026-05-16 22:07:07.084306+00:00,KMDW,2026-05-17,1,SKIP,0.28908580189173966,0.21499999999999997,0.07408580189173969,0.07408580189173969,1.4817160378347938,ENSEMBLE,8.7501295,0.005000000000000032,0.005000000000000032,0.040000000000000036,0.005000000000000032,0.005000000000000032,0.040000000000000036
69761,KXHIGHCHI-26MAY17-B90.5,2026-05-16 22:07:06.683524+00:00,KMDW,2026-05-17,1,SKIP,0.12090919096178229,0.03500000000000002,0.08590919096178228,0.08590919096178228,1.7181838192356453,ENSEMBLE,8.7434498,-1.3877787807814457e-17,-1.3877787807814457e-17,-1.3877787807814457e-17,-1.3877787807814457e-17,-1.3877787807814457e-17,-1.3877787807814457e-17
69759,KXHIGHCHI-26MAY17-B86.5,2026-05-16 22:07:05.656821+00:00,KMDW,2026-05-17,1,SKIP,0.13081475774591544,0.30000000000000004,-0.1691852422540846,0.1691852422540846,3.383704845081692,ENSEMBLE,8.726338083333333,-5.551115123125783e-17,0.004999999999999949,-0.00500000000000006,5.551115123125783e-17,-0.004999999999999949,0.00500000000000006
69758,KXHIGHCHI-26MAY17-B88.5,2026-05-16 22:07:05.260941+00:00,KMDW,2026-05-17,1,SKIP,0.12090919096178229,0.13,-0.009090809038217712,0.009090809038217712,0.18181618076435424,ENSEMBLE,8.719740083333333,-0.0050000000000000044,-0.0050000000000000044,-0.015,0.0050000000000000044,0.0050000000000000044,0.015
69751,KXHIGHMIA-26MAY17-B83.5,2026-05-16 22:07:02.372657+00:00,KMIA,2026-05-17,1,SKIP,0.2596803601061554,0.07499999999999998,0.18468036010615543,0.18468036010615543,3.6936072021231086,HRRR,0.5006198,1.3877787807814457e-17,1.3877787807814457e-17,1.3877787807814457e-17,1.3877787807814457e-17,1.3877787807814457e-17,1.3877787807814457e-17
69750,KXHIGHMIA-26MAY17-B89.5,2026-05-16 22:07:02.046764+00:00,KMIA,2026-05-17,1,SKIP,0.12443461969549773,0.375,-0.25056538030450226,0.25056538030450226,5.011307606090045,HRRR,0.49518825,0.0,0.0,0.0,-0.0,-0.0,-0.0
69749,KXHIGHMIA-26MAY17-T90,2026-05-16 22:07:01.644182+00:00,KMIA,2026-05-17,1,SKIP,0.12194548393190206,0.01500000000000001,0.10694548393190205,0.10694548393190205,2.138909678638041,HRRR,0.48847855,-1.0408340855860843e-17,-1.0408340855860843e-17,-1.0408340855860843e-17,-1.0408340855860843e-17,-1.0408340855860843e-17,-1.0408340855860843e-17
69748,KXHIGHNY-26MAY16-B82.5,2026-05-16 22:07:01.264150+00:00,KNYC,2026-05-16,0,SKIP,0.06756334734066138,0.035000000000000024,0.03256334734066136,0.03256334734066136,0.6512669468132272,HRRR,0.4821446833333333,-0.015000000000000024,-0.030000000000000023,-0.030000000000000023,-0.015000000000000024,-0.030000000000000023,-0.030000000000000023
69745,KXHIGHNY-26MAY17-B85.5,2026-05-16 22:07:00.013292+00:00,KNYC,2026-05-17,1,SKIP,0.25524472952377786,0.205,0.05024472952377787,0.05024472952377787,1.0048945904755573,HRRR,0.46129705,-0.009999999999999981,-0.009999999999999981,-0.03999999999999998,-0.009999999999999981,-0.009999999999999981,-0.03999999999999998
69744,KXHIGHNY-26MAY17-B89.5,2026-05-16 22:06:59.687773+00:00,KNYC,2026-05-17,1,SKIP,0.17042123514091206,0.29500000000000004,-0.12457876485908798,0.12457876485908798,2.4915752971817593,HRRR,0.4558717333333333,-5.551115123125783e-17,-0.00500000000000006,0.019999999999999962,5.551115123125783e-17,0.00500000000000006,-0.019999999999999962
69743,KXHIGHNY-26MAY17-B83.5,2026-05-16 22:06:59.303880+00:00,KNYC,2026-05-17,1,SKIP,0.2417122402215514,0.06499999999999997,0.17671224022155144,0.17671224022155144,3.5342448044310286,HRRR,0.4494735166666667,2.7755575615628914e-17,0.005000000000000032,2.7755575615628914e-17,2.7755575615628914e-17,0.005000000000000032,2.7755575615628914e-17
69742,KXHIGHNY-26MAY17-B87.5,2026-05-16 22:06:58.931092+00:00,KNYC,2026-05-17,1,SKIP,0.19170419717062093,0.38,-0.18829580282937908,0.18829580282937908,3.7659160565875816,HRRR,0.44326038333333334,0.0,0.0050000000000000044,0.025000000000000022,-0.0,-0.0050000000000000044,-0.025000000000000022
69741,KXHIGHNY-26MAY17-T83,2026-05-16 22:06:58.290096+00:00,KNYC,2026-05-17,1,SKIP,0.1892096672452915,0.03500000000000002,0.1542096672452915,0.1542096672452915,3.08419334490583,HRRR,0.43257711666666665,-1.3877787807814457e-17,-1.3877787807814457e-17,-0.010000000000000016,-1.3877787807814457e-17,-1.3877787807814457e-17,-0.010000000000000016
69740,KXHIGHNY-26MAY17-T90,2026-05-16 22:06:57.885548+00:00,KNYC,2026-05-17,1,SKIP,0.12300806825877424,0.05000000000000003,0.0730080682587742,0.0730080682587742,1.4601613651754841,HRRR,0.42583465,-2.7755575615628914e-17,-2.7755575615628914e-17,0.034999999999999976,-2.7755575615628914e-17,-2.7755575615628914e-17,0.034999999999999976
69737,KXHIGHNY-26MAY16-B80.5,2026-05-16 22:06:56.657642+00:00,KNYC,2026-05-16,0,SKIP,0.13364138311098914,0.36,-0.22635861688901085,0.22635861688901085,4.527172337780216,HRRR,0.40536955,-0.11499999999999999,-0.065,-0.245,0.11499999999999999,0.065,0.245
69736,KXHIGHMIA-26MAY17-B85.5,2026-05-16 22:01:55.252043+00:00,KMIA,2026-05-17,1,SKIP,0.22290504894799823,0.135,0.08790504894799822,0.08790504894799822,1.7581009789599644,ENSEMBLE,3.5529251166666667,-0.02500000000000001,-0.02500000000000001,0.0,-0.02500000000000001,-0.02500000000000001,0.0
69735,KXHIGHNY-26MAY16-B78.5,2026-05-16 22:01:54.907809+00:00,KNYC,2026-05-16,0,SKIP,0.5722736994346335,0.79,-0.21772630056536657,0.21772630056536657,4.354526011307331,ENSEMBLE,4.0275616,-0.10499999999999998,-0.08000000000000007,0.08999999999999997,0.10499999999999998,0.08000000000000007,-0.08999999999999997
69734,KXHIGHMIA-26MAY17-B87.5,2026-05-16 22:01:54.571188+00:00,KMIA,2026-05-17,1,SKIP,0.15647604963532047,0.44499999999999995,-0.2885239503646795,0.2885239503646795,5.77047900729359,ENSEMBLE,3.5415775333333332,-0.014999999999999958,5.551115123125783e-17,-0.02999999999999997,0.014999999999999958,-5.551115123125783e-17,0.02999999999999997
69733,KXHIGHMIA-26MAY17-B89.5,2026-05-16 22:01:53.966121+00:00,KMIA,2026-05-17,1,SKIP,0.12427268431692005,0.375,-0.25072731568307993,0.25072731568307993,5.014546313661598,ENSEMBLE,3.5314930833333333,0.0,0.0,-0.015000000000000013,-0.0,-0.0,0.015000000000000013
69732,KXHIGHCHI-26MAY16-B83.5,2026-05-16 22:01:53.336877+00:00,KMDW,2026-05-16,0,SKIP,0.4128227761788207,0.985,-0.5721772238211793,0.5721772238211793,11.443544476423586,ENSEMBLE,3.521005683333333,-0.010000000000000009,0.0,0.010000000000000009,0.010000000000000009,-0.0,-0.010000000000000009
69729,KXHIGHCHI-26MAY16-B85.5,2026-05-16 22:01:51.916084+00:00,KMDW,2026-05-16,0,SKIP,0.3143766093505963,0.01500000000000001,0.2993766093505963,0.2993766093505963,5.987532187011926,ENSEMBLE,3.4973258,0.009999999999999992,-1.0408340855860843e-17,-0.010000000000000009,0.009999999999999992,-1.0408340855860843e-17,-0.010000000000000009
69725,KXHIGHCHI-26MAY17-T84,2026-05-16 22:01:50.100342+00:00,KMDW,2026-05-17,1,SKIP,0.2890858018917396,0.215,0.0740858018917396,0.0740858018917396,1.481716037834792,ENSEMBLE,3.4670634333333332,0.010000000000000009,0.0,0.04000000000000001,0.010000000000000009,0.0,0.04000000000000001
69724,KXHIGHCHI-26MAY17-B86.5,2026-05-16 22:01:49.632680+00:00,KMDW,2026-05-17,1,SKIP,0.13043733874219654,0.31499999999999995,-0.1845626612578034,0.1845626612578034,3.691253225156068,ENSEMBLE,3.459269066666667,-0.014999999999999958,-0.009999999999999953,-0.019999999999999962,0.014999999999999958,0.009999999999999953,0.019999999999999962
69723,KXHIGHCHI-26MAY17-B84.5,2026-05-16 22:01:49.217755+00:00,KMDW,2026-05-17,1,SKIP,0.19284817940415133,0.30499999999999994,-0.1121518205958486,0.1121518205958486,2.243036411916972,ENSEMBLE,3.45235365,0.010000000000000064,0.010000000000000064,0.015000000000000069,-0.010000000000000064,-0.010000000000000064,-0.015000000000000069
69722,KXHIGHCHI-26MAY17-B88.5,2026-05-16 22:01:48.600198+00:00,KMDW,2026-05-17,1,SKIP,0.12090919096178229,0.135,-0.014090809038217716,0.014090809038217716,0.28181618076435433,ENSEMBLE,3.4420610333333332,-0.010000000000000009,-0.0050000000000000044,-0.020000000000000004,0.010000000000000009,0.0050000000000000044,0.020000000000000004
69721,KXHIGHCHI-26MAY17-B90.5,2026-05-16 22:01:48.193304+00:00,KMDW,2026-05-17,1,SKIP,0.12090919096178229,0.03500000000000002,0.08590919096178228,0.08590919096178228,1.7181838192356453,ENSEMBLE,3.4352794666666666,-1.3877787807814457e-17,-1.3877787807814457e-17,-1.3877787807814457e-17,-1.3877787807814457e-17,-1.3877787807814457e-17,-1.3877787807814457e-17
69713,KXHIGHMIA-26MAY17-B83.5,2026-05-16 22:01:44.846293+00:00,KMIA,2026-05-17,1,SKIP,0.25968036010615536,0.07499999999999998,0.18468036010615538,0.18468036010615538,3.6936072021231072,ENSEMBLE,3.37949595,1.3877787807814457e-17,1.3877787807814457e-17,1.3877787807814457e-17,1.3877787807814457e-17,1.3877787807814457e-17,1.3877787807814457e-17
69712,KXHIGHMIA-26MAY17-T90,2026-05-16 22:01:44.509142+00:00,KMIA,2026-05-17,1,SKIP,0.12181335013301141,0.01500000000000001,0.1068133501330114,0.1068133501330114,2.1362670026602277,ENSEMBLE,3.3738767666666667,-1.0408340855860843e-17,-1.0408340855860843e-17,-1.0408340855860843e-17,-1.0408340855860843e-17,-1.0408340855860843e-17,-1.0408340855860843e-17
69708,KXHIGHNY-26MAY17-B83.5,2026-05-16 22:01:42.995774+00:00,KNYC,2026-05-17,1,SKIP,0.24594694380454407,0.06499999999999997,0.1809469438045441,0.1809469438045441,3.6189388760908816,ENSEMBLE,3.348653966666667,2.7755575615628914e-17,0.010000000000000023,2.7755575615628914e-17,2.7755575615628914e-17,0.010000000000000023,2.7755575615628914e-17
69707,KXHIGHNY-26MAY17-B85.5,2026-05-16 22:01:42.380331+00:00,KNYC,2026-05-17,1,SKIP,0.25635852912914925,0.205,0.05135852912914926,0.05135852912914926,1.027170582582985,ENSEMBLE,3.338396583333333,-0.009999999999999981,-0.009999999999999981,-0.03999999999999998,-0.009999999999999981,-0.009999999999999981,-0.03999999999999998
69706,KXHIGHNY-26MAY17-B87.5,2026-05-16 22:01:42.055604+00:00,KNYC,2026-05-17,1,SKIP,0.18791642368748798,0.38,-0.19208357631251202,0.19208357631251202,3.84167152625024,ENSEMBLE,3.332984466666667,0.0,0.0050000000000000044,0.0050000000000000044,-0.0,-0.0050000000000000044,-0.0050000000000000044
69705,KXHIGHNY-26MAY17-T90,2026-05-16 22:01:41.721184+00:00,KNYC,2026-05-17,1,SKIP,0.12243951642136655,0.05000000000000003,0.07243951642136652,0.07243951642136652,1.4487903284273302,ENSEMBLE,3.3274108,-2.7755575615628914e-17,-2.7755575615628914e-17,0.034999999999999976,-2.7755575615628914e-17,-2.7755575615628914e-17,0.034999999999999976
69704,KXHIGHNY-26MAY17-B89.5,2026-05-16 22:01:41.350030+00:00,KNYC,2026-05-17,1,SKIP,0.16697926328550497,0.29500000000000004,-0.12802073671449507,0.12802073671449507,2.560414734289901,ENSEMBLE,3.3212249,-5.551115123125783e-17,-5.551115123125783e-17,0.019999999999999962,5.551115123125783e-17,5.551115123125783e-17,-0.019999999999999962
69703,KXHIGHNY-26MAY17-T83,2026-05-16 22:01:40.715310+00:00,KNYC,2026-05-17,1,SKIP,0.1474647163000205,0.03500000000000002,0.11246471630002049,0.11246471630002049,2.2492943260004097,ENSEMBLE,3.3106462333333333,-1.3877787807814457e-17,-1.3877787807814457e-17,-0.010000000000000016,-1.3877787807814457e-17,-1.3877787807814457e-17,-0.010000000000000016
69701,KXHIGHNY-26MAY16-B80.5,2026-05-16 22:01:39.858912+00:00,KNYC,2026-05-16,0,SKIP,0.26869609206036554,0.17000000000000004,0.0986960920603655,0.0986960920603655,1.97392184120731,ENSEMBLE,3.77674665,0.13499999999999995,0.10999999999999999,-0.08500000000000003,0.13499999999999995,0.10999999999999999,-0.08500000000000003
69700,KXHIGHCHI-26MAY16-B85.5,2026-05-16 21:56:33.022157+00:00,KMDW,2026-05-16,0,SKIP,0.31758598731131693,0.01500000000000001,0.3025859873113169,0.3025859873113169,6.051719746226338,HRRR,50.137041733333334,0.019999999999999993,-1.0408340855860843e-17,-0.010000000000000009,0.019999999999999993,-1.0408340855860843e-17,-0.010000000000000009
69699,KXHIGHCHI-26MAY16-B83.5,2026-05-16 21:56:32.685903+00:00,KMDW,2026-05-16,0,SKIP,0.4160923409103292,0.985,-0.5689076590896708,0.5689076590896708,11.378153181793415,HRRR,50.1314375,-0.010000000000000009,0.0,0.010000000000000009,0.010000000000000009,-0.0,-0.010000000000000009
69691,KXHIGHMIA-26MAY17-B83.5,2026-05-16 21:56:29.106780+00:00,KMIA,2026-05-17,1,SKIP,0.25968036010615536,0.07499999999999998,0.18468036010615538,0.18468036010615538,3.6936072021231072,NBM,107.52744871666667,1.3877787807814457e-17,1.3877787807814457e-17,1.3877787807814457e-17,1.3877787807814457e-17,1.3877787807814457e-17,1.3877787807814457e-17
69690,KXHIGHMIA-26MAY17-T90,2026-05-16 21:56:28.550267+00:00,KMIA,2026-05-17,1,SKIP,0.12168084371860775,0.01500000000000001,0.10668084371860774,0.10668084371860774,2.1336168743721546,NBM,107.5181735,-1.0408340855860843e-17,-1.0408340855860843e-17,-1.0408340855860843e-17,-1.0408340855860843e-17,-1.0408340855860843e-17,-1.0408340855860843e-17
69689,KXHIGHMIA-26MAY17-B85.5,2026-05-16 21:56:28.190725+00:00,KMIA,2026-05-17,1,SKIP,0.22080848491428162,0.135,0.08580848491428161,0.08580848491428161,1.7161696982856323,NBM,107.51218113333333,-0.04000000000000001,-0.02500000000000001,0.0,-0.04000000000000001,-0.02500000000000001,0.0
69687,KXHIGHNY-26MAY16-B78.5,2026-05-16 21:56:27.467367+00:00,KNYC,2026-05-16,0,SKIP,0.45690275006590786,0.855,-0.3980972499340921,0.3980972499340921,7.961944998681842,HRRR,50.0444619,-0.25,-0.07499999999999996,0.050000000000000044,0.25,0.07499999999999996,-0.050000000000000044
69686,KXHIGHNY-26MAY16-B80.5,2026-05-16 21:56:27.119847+00:00,KNYC,2026-05-16,0,SKIP,0.18069315260939653,0.08499999999999999,0.09569315260939654,0.09569315260939654,1.9138630521879307,HRRR,50.0386699,0.275,0.165,-0.009999999999999995,0.275,0.165,-0.009999999999999995
69683,KXHIGHNY-26MAY17-B83.5,2026-05-16 21:56:25.681161+00:00,KNYC,2026-05-17,1,SKIP,0.24703272353246566,0.07499999999999998,0.17203272353246568,0.17203272353246568,3.4406544706493136,NBM,107.47035506666667,-0.009999999999999981,1.3877787807814457e-17,-0.009999999999999981,-0.009999999999999981,1.3877787807814457e-17,-0.009999999999999981
69682,KXHIGHNY-26MAY17-B89.5,2026-05-16 21:56:25.324330+00:00,KNYC,2026-05-17,1,SKIP,0.16347496084102067,0.29500000000000004,-0.13152503915897937,0.13152503915897937,2.630500783179587,NBM,107.46440788333334,-5.551115123125783e-17,-5.551115123125783e-17,0.019999999999999962,5.551115123125783e-17,5.551115123125783e-17,-0.019999999999999962
69681,KXHIGHNY-26MAY17-B87.5,2026-05-16 21:56:24.951246+00:00,KNYC,2026-05-17,1,SKIP,0.18407159194772507,0.38,-0.19592840805227493,0.19592840805227493,3.9185681610454983,NBM,107.45818981666666,0.0,0.0,0.010000000000000009,-0.0,-0.0,-0.010000000000000009
69680,KXHIGHNY-26MAY17-T83,2026-05-16 21:56:24.587141+00:00,KNYC,2026-05-17,1,SKIP,0.15316412806735724,0.03500000000000002,0.11816412806735722,0.11816412806735722,2.363282561347144,NBM,107.4521214,-1.3877787807814457e-17,-1.3877787807814457e-17,-0.010000000000000016,-1.3877787807814457e-17,-1.3877787807814457e-17,-0.010000000000000016
69679,KXHIGHNY-26MAY17-T90,2026-05-16 21:56:24.236221+00:00,KNYC,2026-05-17,1,SKIP,0.12187288145212485,0.05000000000000003,0.07187288145212482,0.07187288145212482,1.4374576290424963,NBM,107.44627273333333,-2.7755575615628914e-17,-2.7755575615628914e-17,0.034999999999999976,-2.7755575615628914e-17,-2.7755575615628914e-17,0.034999999999999976
69678,KXHIGHNY-26MAY17-B85.5,2026-05-16 21:56:23.839775+00:00,KNYC,2026-05-17,1,SKIP,0.25748910678737963,0.18499999999999997,0.07248910678737966,0.07248910678737966,1.449782135747593,NBM,107.4396653,0.010000000000000037,0.010000000000000037,-0.019999999999999962,0.010000000000000037,0.010000000000000037,-0.019999999999999962
69677,KXHIGHMIA-26MAY17-B87.5,2026-05-16 21:56:23.461546+00:00,KMIA,2026-05-17,1,SKIP,0.15362650186623428,0.44499999999999995,-0.2913734981337657,0.2913734981337657,5.8274699626753135,NBM,107.43336148333333,-0.034999999999999976,-0.009999999999999953,-0.024999999999999967,0.034999999999999976,0.009999999999999953,0.024999999999999967
69676,KXHIGHCHI-26MAY17-B90.5,2026-05-16 21:56:23.060015+00:00,KMDW,2026-05-17,1,SKIP,0.12090919096178229,0.03500000000000002,0.08590919096178228,0.08590919096178228,1.7181838192356453,NBM,107.4266693,-1.3877787807814457e-17,-1.3877787807814457e-17,-1.3877787807814457e-17,-1.3877787807814457e-17,-1.3877787807814457e-17,-1.3877787807814457e-17
69675,KXHIGHCHI-26MAY17-B86.5,2026-05-16 21:56:22.440744+00:00,KMDW,2026-05-17,1,SKIP,0.1300615522259454,0.32499999999999996,-0.19493844777405456,0.19493844777405456,3.898768955481091,NBM,107.41634811666667,-0.024999999999999967,-0.024999999999999967,-0.02999999999999997,0.024999999999999967,0.024999999999999967,0.02999999999999997
69673,KXHIGHCHI-26MAY17-B88.5,2026-05-16 21:56:21.690713+00:00,KMDW,2026-05-17,1,SKIP,0.12090919096178229,0.105,0.015909190961782296,0.015909190961782296,0.3181838192356459,NBM,107.4038476,0.02500000000000001,0.02500000000000001,0.010000000000000009,0.02500000000000001,0.02500000000000001,0.010000000000000009
69672,KXHIGHMIA-26MAY17-B89.5,2026-05-16 21:56:21.059247+00:00,KMIA,2026-05-17,1,SKIP,0.12411029228278057,0.375,-0.2508897077172194,0.2508897077172194,5.017794154344388,NBM,107.39332316666666,0.0,0.0,-0.020000000000000018,-0.0,-0.0,0.020000000000000018
69671,KXHIGHNY-26MAY16-B82.5,2026-05-16 21:56:20.644756+00:00,KNYC,2026-05-16,0,SKIP,0.06034704229544686,0.025000000000000015,0.03534704229544684,0.03534704229544684,0.7069408459089368,HRRR,49.93075171666667,0.024999999999999988,-0.020000000000000014,-0.020000000000000014,0.024999999999999988,-0.020000000000000014,-0.020000000000000014
69670,KXHIGHCHI-26MAY17-B84.5,2026-05-16 21:56:20.270681+00:00,KMDW,2026-05-17,1,SKIP,0.18853298921575234,0.30500000000000005,-0.1164670107842477,0.1164670107842477,2.329340215684954,NBM,107.3801804,-5.551115123125783e-17,0.009999999999999953,0.009999999999999953,5.551115123125783e-17,-0.009999999999999953,-0.009999999999999953
69669,KXHIGHCHI-26MAY17-T84,2026-05-16 21:56:19.893559+00:00,KMDW,2026-05-17,1,SKIP,0.28908580189173966,0.205,0.08408580189173967,0.08408580189173967,1.6817160378347933,NBM,107.37389503333333,0.010000000000000009,0.010000000000000009,0.05000000000000002,0.010000000000000009,0.010000000000000009,0.05000000000000002
69659,KXHIGHCHI-26MAY16-B85.5,2026-05-16 21:51:14.792199+00:00,KMDW,2026-05-16,0,SKIP,0.31787417858337874,0.01500000000000001,0.30287417858337873,0.30287417858337873,6.057483571667574,HRRR,44.8332091,-1.0408340855860843e-17,-1.0408340855860843e-17,-0.010000000000000009,-1.0408340855860843e-17,-1.0408340855860843e-17,-0.010000000000000009
69658,KXHIGHCHI-26MAY17-T84,2026-05-16 21:51:14.400965+00:00,KMDW,2026-05-17,1,SKIP,0.28908580189173966,0.205,0.08408580189173967,0.08408580189173967,1.6817160378347933,NBM,102.2823518,0.010000000000000009,0.015000000000000013,0.04000000000000001,0.010000000000000009,0.015000000000000013,0.04000000000000001
69657,KXHIGHCHI-26MAY17-B88.5,2026-05-16 21:51:13.741214+00:00,KMDW,2026-05-17,1,SKIP,0.12090919096178229,0.105,0.015909190961782296,0.015909190961782296,0.3181838192356459,NBM,102.27135595,0.02500000000000001,0.020000000000000004,0.010000000000000009,0.02500000000000001,0.020000000000000004,0.010000000000000009
69656,KXHIGHCHI-26MAY17-B86.5,2026-05-16 21:51:13.375268+00:00,KMDW,2026-05-17,1,SKIP,0.12969882358091678,0.32499999999999996,-0.19530117641908318,0.19530117641908318,3.9060235283816636,NBM,102.26525685,-0.024999999999999967,-0.024999999999999967,-0.024999999999999967,0.024999999999999967,0.024999999999999967,0.024999999999999967
69655,KXHIGHCHI-26MAY17-B84.5,2026-05-16 21:51:12.986380+00:00,KMDW,2026-05-17,1,SKIP,0.18427385374785787,0.30500000000000005,-0.12072614625214217,0.12072614625214217,2.4145229250428435,NBM,102.25877538333333,-5.551115123125783e-17,0.009999999999999953,0.009999999999999953,5.551115123125783e-17,-0.009999999999999953,-0.009999999999999953
69654,KXHIGHCHI-26MAY17-B90.5,2026-05-16 21:51:12.523791+00:00,KMDW,2026-05-17,1,SKIP,0.12090919096178229,0.03500000000000002,0.08590919096178228,0.08590919096178228,1.7181838192356453,NBM,102.25106556666667,-1.3877787807814457e-17,-1.3877787807814457e-17,-1.3877787807814457e-17,-1.3877787807814457e-17,-1.3877787807814457e-17,-1.3877787807814457e-17
69647,KXHIGHMIA-26MAY17-T90,2026-05-16 21:51:09.519483+00:00,KMIA,2026-05-17,1,SKIP,0.12155202421732701,0.01500000000000001,0.106552024217327,0.106552024217327,2.13104048434654,NBM,102.20099376666667,-1.0408340855860843e-17,-1.0408340855860843e-17,-1.0408340855860843e-17,-1.0408340855860843e-17,-1.0408340855860843e-17,-1.0408340855860843e-17
69646,KXHIGHMIA-26MAY17-B83.5,2026-05-16 21:51:08.874244+00:00,KMIA,2026-05-17,1,SKIP,0.2596803601061554,0.07499999999999998,0.18468036010615543,0.18468036010615543,3.6936072021231086,NBM,102.19023978333334,1.3877787807814457e-17,1.3877787807814457e-17,1.3877787807814457e-17,1.3877787807814457e-17,1.3877787807814457e-17,1.3877787807814457e-17
69645,KXHIGHMIA-26MAY17-B85.5,2026-05-16 21:51:08.477044+00:00,KMIA,2026-05-17,1,SKIP,0.21874538438546937,0.135,0.08374538438546936,0.08374538438546936,1.6749076877093871,NBM,102.18361978333333,0.0,-0.015000000000000013,-0.010000000000000009,0.0,-0.015000000000000013,-0.010000000000000009
69643,KXHIGHMIA-26MAY17-B87.5,2026-05-16 21:51:07.778721+00:00,KMIA,2026-05-17,1,SKIP,0.15081893759666942,0.44499999999999995,-0.29418106240333053,0.29418106240333053,5.883621248066611,NBM,102.17198106666666,5.551115123125783e-17,-0.009999999999999953,-0.019999999999999962,-5.551115123125783e-17,0.009999999999999953,0.019999999999999962
69641,KXHIGHNY-26MAY16-B80.5,2026-05-16 21:51:07.047064+00:00,KNYC,2026-05-16,0,SKIP,0.17996396335873896,0.125,0.05496396335873896,0.05496396335873896,1.099279267174779,HRRR,44.70412351666667,0.16999999999999998,0.12,-0.035,0.16999999999999998,0.12,-0.035
69640,KXHIGHNY-26MAY17-T90,2026-05-16 21:51:06.669515+00:00,KNYC,2026-05-17,1,SKIP,0.12132541222120145,0.05000000000000003,0.07132541222120142,0.07132541222120142,1.4265082444240285,NBM,102.1534943,-2.7755575615628914e-17,-2.7755575615628914e-17,0.034999999999999976,-2.7755575615628914e-17,-2.7755575615628914e-17,0.034999999999999976
69639,KXHIGHNY-26MAY17-B87.5,2026-05-16 21:51:06.236352+00:00,KNYC,2026-05-17,1,SKIP,0.24667385831401312,0.38,-0.1333261416859869,0.1333261416859869,2.6665228337197378,NBM,102.14627491666667,0.0,0.0,0.0050000000000000044,-0.0,-0.0,-0.0050000000000000044
69638,KXHIGHNY-26MAY17-B89.5,2026-05-16 21:51:05.868006+00:00,KNYC,2026-05-17,1,SKIP,0.16037161074730005,0.29000000000000004,-0.12962838925269998,0.12962838925269998,2.5925677850539994,NBM,102.14013581666667,0.004999999999999949,0.004999999999999949,0.019999999999999962,-0.004999999999999949,-0.004999999999999949,-0.019999999999999962
69637,KXHIGHNY-26MAY17-T83,2026-05-16 21:51:05.452944+00:00,KNYC,2026-05-17,1,SKIP,0.1587725708537518,0.03500000000000002,0.12377257085375178,0.12377257085375178,2.4754514170750355,NBM,102.13321811666667,-1.3877787807814457e-17,-1.3877787807814457e-17,-1.3877787807814457e-17,-1.3877787807814457e-17,-1.3877787807814457e-17,-1.3877787807814457e-17
69636,KXHIGHNY-26MAY17-B83.5,2026-05-16 21:51:05.062723+00:00,KNYC,2026-05-17,1,SKIP,0.24810117300256282,0.06499999999999997,0.18310117300256284,0.18310117300256284,3.6620234600512567,NBM,102.12671443333333,2.7755575615628914e-17,2.7755575615628914e-17,2.7755575615628914e-17,2.7755575615628914e-17,2.7755575615628914e-17,2.7755575615628914e-17
69635,KXHIGHNY-26MAY17-B85.5,2026-05-16 21:51:04.637821+00:00,KNYC,2026-05-17,1,SKIP,0.2586016391627557,0.18499999999999997,0.07360163916275572,0.07360163916275572,1.4720327832551143,NBM,102.11963273333333,0.020000000000000018,0.010000000000000037,-0.019999999999999962,0.020000000000000018,0.010000000000000037,-0.019999999999999962
69634,KXHIGHMIA-26MAY17-B89.5,2026-05-16 21:51:04.271485+00:00,KMIA,2026-05-17,1,SKIP,0.12395241871157302,0.375,-0.25104758128842697,0.25104758128842697,5.020951625768539,NBM,102.11352713333333,-0.010000000000000009,0.0,-0.010000000000000009,0.010000000000000009,-0.0,0.010000000000000009
69633,KXHIGHNY-26MAY16-B82.5,2026-05-16 21:51:03.847007+00:00,KNYC,2026-05-16,0,SKIP,0.060328084418967205,0.025000000000000015,0.03532808441896719,0.03532808441896719,0.7065616883793437,HRRR,44.650789233333334,-1.3877787807814457e-17,-0.005000000000000015,-0.020000000000000014,-1.3877787807814457e-17,-0.005000000000000015,-0.020000000000000014
69630,KXHIGHNY-26MAY16-B78.5,2026-05-16 21:51:02.338193+00:00,KNYC,2026-05-16,0,SKIP,0.4570721578439656,0.84,-0.38292784215603437,0.38292784215603437,7.658556843120687,HRRR,44.62564233333333,-0.135,-0.06499999999999995,0.07000000000000006,0.135,0.06499999999999995,-0.07000000000000006
69628,KXHIGHMIA-26MAY17-B85.5,2026-05-16 21:45:46.456610+00:00,KMIA,2026-05-17,1,SKIP,0.2704782444836653,0.135,0.1354782444836653,0.1354782444836653,2.709564889673306,NBM,96.81661255,0.0,-0.02500000000000001,-0.010000000000000009,0.0,-0.02500000000000001,-0.010000000000000009
69627,KXHIGHNY-26MAY16-B80.5,2026-05-16 21:45:45.865555+00:00,KNYC,2026-05-16,0,SKIP,0.1792020226214944,0.06999999999999998,0.10920202262149442,0.10920202262149442,2.184040452429888,HRRR,39.35109836666667,0.12500000000000003,0.23500000000000001,0.020000000000000018,0.12500000000000003,0.23500000000000001,0.020000000000000018
69623,KXHIGHCHI-26MAY16-B83.5,2026-05-16 21:45:44.305577+00:00,KMDW,2026-05-16,0,SKIP,0.4166930802081314,0.985,-0.5683069197918686,0.5683069197918686,11.366138395837373,HRRR,39.325098733333334,0.0,-0.010000000000000009,0.0,-0.0,0.010000000000000009,-0.0
69622,KXHIGHCHI-26MAY16-B85.5,2026-05-16 21:45:43.886819+00:00,KMDW,2026-05-16,0,SKIP,0.3181756680856185,0.01500000000000001,0.30317566808561847,0.30317566808561847,6.063513361712369,HRRR,39.31811943333334,-1.0408340855860843e-17,0.009999999999999992,-0.00500000000000001,-1.0408340855860843e-17,0.009999999999999992,-0.00500000000000001
69619,KXHIGHCHI-26MAY17-B90.5,2026-05-16 21:45:42.678995+00:00,KMDW,2026-05-17,1,SKIP,0.12090919096178229,0.03500000000000002,0.08590919096178228,0.08590919096178228,1.7181838192356453,NBM,96.7536523,-1.3877787807814457e-17,-1.3877787807814457e-17,-1.3877787807814457e-17,-1.3877787807814457e-17,-1.3877787807814457e-17,-1.3877787807814457e-17
69618,KXHIGHCHI-26MAY17-B86.5,2026-05-16 21:45:42.290487+00:00,KMDW,2026-05-17,1,SKIP,0.1293275564492139,0.32999999999999996,-0.20067244355078606,0.20067244355078606,4.013448871015721,NBM,96.74717716666666,-0.019999999999999962,-0.02999999999999997,-0.019999999999999962,0.019999999999999962,0.02999999999999997,0.019999999999999962
69617,KXHIGHCHI-26MAY17-B88.5,2026-05-16 21:45:41.854878+00:00,KMDW,2026-05-17,1,SKIP,0.12090919096178229,0.105,0.015909190961782296,0.015909190961782296,0.3181838192356459,NBM,96.73991701666667,0.030000000000000013,0.020000000000000004,0.020000000000000004,0.030000000000000013,0.020000000000000004,0.020000000000000004
69616,KXHIGHCHI-26MAY17-T84,2026-05-16 21:45:41.469041+00:00,KMDW,2026-05-17,1,SKIP,0.28908580189173966,0.205,0.08408580189173967,0.08408580189173967,1.6817160378347933,NBM,96.7334864,0.025000000000000022,0.020000000000000018,0.010000000000000009,0.025000000000000022,0.020000000000000018,0.010000000000000009
69615,KXHIGHCHI-26MAY17-B84.5,2026-05-16 21:45:41.035110+00:00,KMDW,2026-05-17,1,SKIP,0.179815148956053,0.30500000000000005,-0.12518485104394705,0.12518485104394705,2.503697020878941,NBM,96.72625421666666,-5.551115123125783e-17,0.009999999999999953,0.009999999999999953,5.551115123125783e-17,-0.009999999999999953,-0.009999999999999953
69607,KXHIGHMIA-26MAY17-T90,2026-05-16 21:45:38.057268+00:00,KMIA,2026-05-17,1,SKIP,0.12141921378759224,0.01500000000000001,0.10641921378759223,0.10641921378759223,2.1283842757518445,NBM,96.67662351666667,-1.0408340855860843e-17,-1.0408340855860843e-17,-1.0408340855860843e-17,-1.0408340855860843e-17,-1.0408340855860843e-17,-1.0408340855860843e-17
69606,KXHIGHMIA-26MAY17-B87.5,2026-05-16 21:45:37.644785+00:00,KMIA,2026-05-17,1,SKIP,0.14788493219550458,0.44499999999999995,-0.29711506780449537,0.29711506780449537,5.942301356089907,NBM,96.6697488,5.551115123125783e-17,-0.014999999999999958,-0.019999999999999962,-5.551115123125783e-17,0.014999999999999958,0.019999999999999962
69605,KXHIGHMIA-26MAY17-B83.5,2026-05-16 21:45:37.264635+00:00,KMIA,2026-05-17,1,SKIP,0.2596803601061555,0.07499999999999998,0.1846803601061555,0.1846803601061555,3.6936072021231094,NBM,96.66341296666667,1.3877787807814457e-17,1.3877787807814457e-17,1.3877787807814457e-17,1.3877787807814457e-17,1.3877787807814457e-17,1.3877787807814457e-17
69604,KXHIGHMIA-26MAY17-B89.5,2026-05-16 21:45:36.937318+00:00,KMIA,2026-05-17,1,SKIP,0.1237896540942024,0.375,-0.2512103459057976,0.2512103459057976,5.024206918115952,NBM,96.65795768333334,0.0,0.0,-0.010000000000000009,-0.0,-0.0,0.010000000000000009
69602,KXHIGHNY-26MAY17-B89.5,2026-05-16 21:45:35.932094+00:00,KNYC,2026-05-17,1,SKIP,0.15768031181422254,0.29000000000000004,-0.1323196881857775,0.1323196881857775,2.6463937637155497,NBM,96.64120395,0.004999999999999949,0.004999999999999949,0.034999999999999976,-0.004999999999999949,-0.004999999999999949,-0.034999999999999976
69601,KXHIGHNY-26MAY17-B87.5,2026-05-16 21:45:35.505207+00:00,KNYC,2026-05-17,1,SKIP,0.24179597305900907,0.38,-0.13820402694099093,0.13820402694099093,2.7640805388198184,NBM,96.63408916666667,0.0,0.0,0.0,-0.0,-0.0,-0.0
69600,KXHIGHNY-26MAY17-B83.5,2026-05-16 21:45:34.914770+00:00,KNYC,2026-05-17,1,SKIP,0.2492163496466297,0.07499999999999998,0.17421634964662971,0.17421634964662971,3.484326992932594,NBM,96.62424855,-0.009999999999999981,-0.009999999999999981,-0.009999999999999981,-0.009999999999999981,-0.009999999999999981,-0.009999999999999981
69599,KXHIGHNY-26MAY17-T83,2026-05-16 21:45:34.300652+00:00,KNYC,2026-05-17,1,SKIP,0.1646262912027402,0.03500000000000002,0.12962629120274016,0.12962629120274016,2.5925258240548033,NBM,96.61401325,-1.3877787807814457e-17,-1.3877787807814457e-17,-1.3877787807814457e-17,-1.3877787807814457e-17,-1.3877787807814457e-17,-1.3877787807814457e-17
69598,KXHIGHNY-26MAY17-T90,2026-05-16 21:45:33.936090+00:00,KNYC,2026-05-17,1,SKIP,0.12076451196140585,0.05000000000000003,0.07076451196140582,0.07076451196140582,1.4152902392281164,NBM,96.60793721666667,-2.7755575615628914e-17,-2.7755575615628914e-17,-0.005000000000000032,-2.7755575615628914e-17,-2.7755575615628914e-17,-0.005000000000000032
69597,KXHIGHNY-26MAY17-B85.5,2026-05-16 21:45:33.533056+00:00,KNYC,2026-05-17,1,SKIP,0.25976282661757744,0.18499999999999997,0.07476282661757747,0.07476282661757747,1.4952565323515492,NBM,96.60121998333334,0.020000000000000018,0.010000000000000037,-0.004999999999999977,0.020000000000000018,0.010000000000000037,-0.004999999999999977
69594,KXHIGHNY-26MAY16-B78.5,2026-05-16 21:45:31.905845+00:00,KNYC,2026-05-16,0,SKIP,0.45724915573873026,0.925,-0.4677508442612698,0.4677508442612698,9.355016885225394,HRRR,39.11843653333333,-0.1050000000000001,-0.24,-0.025000000000000022,0.1050000000000001,0.24,0.025000000000000022
69592,KXHIGHMIA-26MAY17-B85.5,2026-05-16 21:40:24.908698+00:00,KMIA,2026-05-17,1,SKIP,0.2683800494553078,0.135,0.1333800494553078,0.1333800494553078,2.667600989106156,NBM,91.45748068333333,0.0,-0.04000000000000001,-0.02500000000000001,0.0,-0.04000000000000001,-0.02500000000000001
69591,KXHIGHNY-26MAY16-B80.5,2026-05-16 21:40:24.544252+00:00,KNYC,2026-05-16,0,SKIP,0.178458742604067,0.05500000000000003,0.12345874260406697,0.12345874260406697,2.4691748520813395,HRRR,33.99574331666667,0.01999999999999997,0.30499999999999994,0.07999999999999999,0.01999999999999997,0.30499999999999994,0.07999999999999999
69590,KXHIGHMIA-26MAY17-T90,2026-05-16 21:40:24.190099+00:00,KMIA,2026-05-17,1,SKIP,0.12129139813543287,0.01500000000000001,0.10629139813543285,0.10629139813543285,2.125827962708657,NBM,91.44550403333334,-1.0408340855860843e-17,-1.0408340855860843e-17,-1.0408340855860843e-17,-1.0408340855860843e-17,-1.0408340855860843e-17,-1.0408340855860843e-17
69585,KXHIGHCHI-26MAY16-B83.5,2026-05-16 21:40:22.082164+00:00,KMDW,2026-05-16,0,SKIP,0.41699305740114856,0.985,-0.5680069425988514,0.5680069425988514,11.360138851977029,HRRR,33.95470851666666,0.0,-0.010000000000000009,0.0,-0.0,0.010000000000000009,-0.0
69584,KXHIGHCHI-26MAY16-B85.5,2026-05-16 21:40:21.671306+00:00,KMDW,2026-05-16,0,SKIP,0.3184701232412879,0.01500000000000001,0.30347012324128786,0.30347012324128786,6.069402464825757,HRRR,33.947860883333334,-1.0408340855860843e-17,0.019999999999999993,-1.0408340855860843e-17,-1.0408340855860843e-17,0.019999999999999993,-1.0408340855860843e-17
69581,KXHIGHCHI-26MAY17-B84.5,2026-05-16 21:40:20.199799+00:00,KMDW,2026-05-17,1,SKIP,0.17678195455831536,0.30500000000000005,-0.1282180454416847,0.1282180454416847,2.564360908833694,NBM,91.37899903333333,-5.551115123125783e-17,-5.551115123125783e-17,0.019999999999999962,5.551115123125783e-17,5.551115123125783e-17,-0.019999999999999962
69580,KXHIGHCHI-26MAY17-B86.5,2026-05-16 21:40:19.563542+00:00,KMDW,2026-05-17,1,SKIP,0.12897285278305226,0.32499999999999996,-0.1960271472169477,0.1960271472169477,3.920542944338954,NBM,91.36839475,5.551115123125783e-17,-0.024999999999999967,-0.014999999999999958,-5.551115123125783e-17,0.024999999999999967,0.014999999999999958
69578,KXHIGHCHI-26MAY17-B90.5,2026-05-16 21:40:18.818943+00:00,KMDW,2026-05-17,1,SKIP,0.12090919096178229,0.03500000000000002,0.08590919096178228,0.08590919096178228,1.7181838192356453,NBM,91.35598476666667,-1.3877787807814457e-17,-1.3877787807814457e-17,-1.3877787807814457e-17,-1.3877787807814457e-17,-1.3877787807814457e-17,-1.3877787807814457e-17
69577,KXHIGHCHI-26MAY17-T84,2026-05-16 21:40:18.413285+00:00,KMDW,2026-05-17,1,SKIP,0.28908580189173966,0.205,0.08408580189173967,0.08408580189173967,1.6817160378347933,NBM,91.3492238,0.0,0.010000000000000009,0.010000000000000009,0.0,0.010000000000000009,0.010000000000000009
69576,KXHIGHCHI-26MAY17-B88.5,2026-05-16 21:40:17.956557+00:00,KMDW,2026-05-17,1,SKIP,0.12090919096178229,0.105,0.015909190961782296,0.015909190961782296,0.3181838192356459,NBM,91.34161166666667,0.0,0.02500000000000001,0.020000000000000004,0.0,0.02500000000000001,0.020000000000000004
69571,KXHIGHMIA-26MAY17-B87.5,2026-05-16 21:40:15.861321+00:00,KMIA,2026-05-17,1,SKIP,0.14502249876214146,0.42499999999999993,-0.2799775012378585,0.2799775012378585,5.5995500247571695,NBM,91.30669106666667,0.020000000000000073,-0.014999999999999958,0.030000000000000082,-0.020000000000000073,0.014999999999999958,-0.030000000000000082
69568,KXHIGHMIA-26MAY17-B83.5,2026-05-16 21:40:14.624846+00:00,KMIA,2026-05-17,1,SKIP,0.25968036010615536,0.07499999999999998,0.18468036010615538,0.18468036010615538,3.6936072021231072,NBM,91.28608315,1.3877787807814457e-17,1.3877787807814457e-17,1.3877787807814457e-17,1.3877787807814457e-17,1.3877787807814457e-17,1.3877787807814457e-17
69567,KXHIGHMIA-26MAY17-B89.5,2026-05-16 21:40:14.036140+00:00,KMIA,2026-05-17,1,SKIP,0.12363301078117915,0.375,-0.25136698921882084,0.25136698921882084,5.027339784376417,NBM,91.27627138333334,0.0,0.0,0.0,-0.0,-0.0,-0.0
69565,KXHIGHNY-26MAY16-B78.5,2026-05-16 21:40:13.278040+00:00,KNYC,2026-05-16,0,SKIP,0.4574218002977931,0.94,-0.48257819970220683,0.48257819970220683,9.651563994044135,HRRR,33.807973116666666,-0.08999999999999997,-0.33499999999999996,-0.05499999999999994,0.08999999999999997,0.33499999999999996,0.05499999999999994
69564,KXHIGHNY-26MAY17-T83,2026-05-16 21:40:12.699369+00:00,KNYC,2026-05-17,1,SKIP,0.17033013675311473,0.05500000000000003,0.11533013675311471,0.11533013675311471,2.306602735062294,NBM,91.25399186666667,-0.020000000000000025,-0.020000000000000025,-0.020000000000000025,-0.020000000000000025,-0.020000000000000025,-0.020000000000000025
69563,KXHIGHNY-26MAY17-B87.5,2026-05-16 21:40:12.326111+00:00,KNYC,2026-05-17,1,SKIP,0.23704297796388127,0.38,-0.14295702203611874,0.14295702203611874,2.8591404407223746,NBM,91.2477709,0.0,0.0,0.0050000000000000044,-0.0,-0.0,-0.0050000000000000044
69562,KXHIGHNY-26MAY17-B83.5,2026-05-16 21:40:11.954948+00:00,KNYC,2026-05-17,1,SKIP,0.250302974042727,0.06499999999999997,0.18530297404272703,0.18530297404272703,3.7060594808545404,NBM,91.24158485,0.010000000000000023,2.7755575615628914e-17,0.010000000000000023,0.010000000000000023,2.7755575615628914e-17,0.010000000000000023
69561,KXHIGHNY-26MAY17-B85.5,2026-05-16 21:40:11.580372+00:00,KNYC,2026-05-17,1,SKIP,0.26089428379394897,0.18499999999999997,0.075894283793949,0.075894283793949,1.5178856758789798,NBM,91.23534191666667,2.7755575615628914e-17,0.010000000000000037,0.005000000000000032,2.7755575615628914e-17,0.010000000000000037,0.005000000000000032
69560,KXHIGHNY-26MAY17-B89.5,2026-05-16 21:40:11.215424+00:00,KNYC,2026-05-17,1,SKIP,0.1550477809252813,0.29500000000000004,-0.13995221907471875,0.13995221907471875,2.7990443814943746,NBM,91.22925945,-5.551115123125783e-17,-5.551115123125783e-17,-0.00500000000000006,5.551115123125783e-17,5.551115123125783e-17,0.00500000000000006
69559,KXHIGHNY-26MAY17-T90,2026-05-16 21:40:10.832050+00:00,KNYC,2026-05-17,1,SKIP,0.12022811082263143,0.05500000000000003,0.06522811082263141,0.06522811082263141,1.3045622164526283,NBM,91.22286988333333,-0.005000000000000025,-0.005000000000000025,-0.005000000000000025,-0.005000000000000025,-0.005000000000000025,-0.005000000000000025
69556,KXHIGHMIA-26MAY17-B89.5,2026-05-16 21:35:04.365905+00:00,KMIA,2026-05-17,1,SKIP,0.12347922360275897,0.375,-0.251520776397241,0.251520776397241,5.03041552794482,NBM,86.1151008,0.0,-0.010000000000000009,0.0,-0.0,0.010000000000000009,-0.0
69555,KXHIGHMIA-26MAY17-B85.5,2026-05-16 21:35:04.003226+00:00,KMIA,2026-05-17,1,SKIP,0.2662948303628523,0.135,0.13129483036285228,0.13129483036285228,2.6258966072570455,NBM,86.10905615,0.0,0.0,-0.020000000000000004,0.0,0.0,-0.020000000000000004
69554,KXHIGHNY-26MAY16-B80.5,2026-05-16 21:35:03.655666+00:00,KNYC,2026-05-16,0,SKIP,0.1777192293388333,0.05000000000000003,0.12771922933883328,0.12771922933883328,2.5543845867766657,HRRR,28.647600216666667,0.07499999999999997,0.24499999999999994,0.24499999999999994,0.07499999999999997,0.24499999999999994,0.24499999999999994
69552,KXHIGHMIA-26MAY17-T90,2026-05-16 21:35:02.621660+00:00,KMIA,2026-05-17,1,SKIP,0.121165912992632,0.01500000000000001,0.10616591299263199,0.10616591299263199,2.1233182598526397,NBM,86.08603005,-1.0408340855860843e-17,-1.0408340855860843e-17,-1.0408340855860843e-17,-1.0408340855860843e-17,-1.0408340855860843e-17,-1.0408340855860843e-17
69550,KXHIGHNY-26MAY16-B78.5,2026-05-16 21:35:01.844917+00:00,KNYC,2026-05-16,0,SKIP,0.45759355189278295,0.935,-0.4774064481072171,0.4774064481072171,9.548128962144341,HRRR,28.617421066666665,-0.1050000000000001,-0.2300000000000001,-0.2250000000000001,0.1050000000000001,0.2300000000000001,0.2250000000000001
69548,KXHIGHMIA-26MAY17-B87.5,2026-05-16 21:35:01.160501+00:00,KMIA,2026-05-17,1,SKIP,0.14217434011404628,0.42000000000000004,-0.27782565988595376,0.27782565988595376,5.556513197719075,NBM,86.0616774,0.024999999999999967,0.024999999999999967,0.024999999999999967,-0.024999999999999967,-0.024999999999999967,-0.024999999999999967
69543,KXHIGHCHI-26MAY16-B85.5,2026-05-16 21:34:59.192844+00:00,KMDW,2026-05-16,0,SKIP,0.3187634293722646,0.01500000000000001,0.3037634293722646,0.3037634293722646,6.075268587445291,HRRR,28.57321985,-1.0408340855860843e-17,-1.0408340855860843e-17,-1.0408340855860843e-17,-1.0408340855860843e-17,-1.0408340855860843e-17,-1.0408340855860843e-17
69542,KXHIGHCHI-26MAY16-B83.5,2026-05-16 21:34:58.856994+00:00,KMDW,2026-05-16,0,SKIP,0.41729186402134494,0.985,-0.5677081359786551,0.5677081359786551,11.354162719573102,HRRR,28.56762235,0.010000000000000009,0.0,0.0,-0.010000000000000009,-0.0,-0.0
69541,KXHIGHCHI-26MAY17-B90.5,2026-05-16 21:34:58.392036+00:00,KMDW,2026-05-17,1,SKIP,0.12090919096178229,0.03500000000000002,0.08590919096178228,0.08590919096178228,1.7181838192356453,NBM,86.01553631666667,-1.3877787807814457e-17,-1.3877787807814457e-17,-1.3877787807814457e-17,-1.3877787807814457e-17,-1.3877787807814457e-17,-1.3877787807814457e-17
69540,KXHIGHCHI-26MAY17-B86.5,2026-05-16 21:34:57.999315+00:00,KMDW,2026-05-17,1,SKIP,0.12862711069258126,0.31999999999999995,-0.1913728893074187,0.1913728893074187,3.827457786148374,NBM,86.00899096666667,0.010000000000000064,-0.019999999999999962,-0.014999999999999958,-0.010000000000000064,0.019999999999999962,0.014999999999999958
69539,KXHIGHCHI-26MAY17-B88.5,2026-05-16 21:34:57.627023+00:00,KMDW,2026-05-17,1,SKIP,0.12090919096178229,0.105,0.015909190961782296,0.015909190961782296,0.3181838192356459,NBM,86.0027861,0.0,0.02500000000000001,0.020000000000000004,0.0,0.02500000000000001,0.020000000000000004
69538,KXHIGHCHI-26MAY17-T84,2026-05-16 21:34:57.250335+00:00,KMDW,2026-05-17,1,SKIP,0.2890858018917396,0.21499999999999997,0.07408580189173963,0.07408580189173963,1.4817160378347927,NBM,85.99650796666667,-0.009999999999999981,2.7755575615628914e-17,0.005000000000000032,-0.009999999999999981,2.7755575615628914e-17,0.005000000000000032
69537,KXHIGHCHI-26MAY17-B84.5,2026-05-16 21:34:56.839368+00:00,KMDW,2026-05-17,1,SKIP,0.17492446594564293,0.30500000000000005,-0.13007553405435712,0.13007553405435712,2.6015106810871425,NBM,85.98965851666667,-5.551115123125783e-17,-5.551115123125783e-17,0.009999999999999953,5.551115123125783e-17,5.551115123125783e-17,-0.009999999999999953
69529,KXHIGHMIA-26MAY17-B83.5,2026-05-16 21:34:53.334434+00:00,KMIA,2026-05-17,1,SKIP,0.2596803601061553,0.07499999999999998,0.18468036010615532,0.18468036010615532,3.6936072021231063,NBM,85.93124295,1.3877787807814457e-17,1.3877787807814457e-17,1.3877787807814457e-17,1.3877787807814457e-17,1.3877787807814457e-17,1.3877787807814457e-17
69526,KXHIGHNY-26MAY17-B85.5,2026-05-16 21:34:52.114362+00:00,KNYC,2026-05-17,1,SKIP,0.2620187436628265,0.18499999999999997,0.07701874366282654,0.07701874366282654,1.5403748732565308,NBM,85.91090841666667,2.7755575615628914e-17,0.020000000000000018,0.010000000000000037,2.7755575615628914e-17,0.020000000000000018,0.010000000000000037
69525,KXHIGHNY-26MAY17-B83.5,2026-05-16 21:34:51.523131+00:00,KNYC,2026-05-17,1,SKIP,0.2513828783921548,0.06499999999999997,0.1863828783921548,0.1863828783921548,3.727657567843096,NBM,85.90105456666667,2.7755575615628914e-17,2.7755575615628914e-17,0.005000000000000032,2.7755575615628914e-17,2.7755575615628914e-17,0.005000000000000032
69524,KXHIGHNY-26MAY17-T83,2026-05-16 21:34:51.177126+00:00,KNYC,2026-05-17,1,SKIP,0.17599870782554344,0.05500000000000003,0.12099870782554342,0.12099870782554342,2.419974156510868,NBM,85.89528781666667,-0.020000000000000025,-0.020000000000000025,-0.020000000000000025,-0.020000000000000025,-0.020000000000000025,-0.020000000000000025
69523,KXHIGHNY-26MAY17-T90,2026-05-16 21:34:50.786820+00:00,KNYC,2026-05-17,1,SKIP,0.11970475831425201,0.05500000000000003,0.06470475831425199,0.06470475831425199,1.2940951662850397,NBM,85.88878271666667,-0.005000000000000025,-0.005000000000000025,-0.005000000000000025,-0.005000000000000025,-0.005000000000000025,-0.005000000000000025
69522,KXHIGHNY-26MAY17-B89.5,2026-05-16 21:34:50.395706+00:00,KNYC,2026-05-17,1,SKIP,0.15242179913557077,0.29500000000000004,-0.14257820086442927,0.14257820086442927,2.851564017288585,NBM,85.88226415,-0.00500000000000006,-5.551115123125783e-17,-0.00500000000000006,0.00500000000000006,5.551115123125783e-17,0.00500000000000006
69521,KXHIGHNY-26MAY17-B87.5,2026-05-16 21:34:49.953109+00:00,KNYC,2026-05-17,1,SKIP,0.23231937697123728,0.375,-0.14268062302876272,0.14268062302876272,2.8536124605752544,NBM,85.87488753333334,0.0050000000000000044,0.0050000000000000044,0.010000000000000009,-0.0050000000000000044,-0.0050000000000000044,-0.010000000000000009
69520,KXHIGHCHI-26MAY16-B85.5,2026-05-16 21:29:39.406231+00:00,KMDW,2026-05-16,0,SKIP,0.3190615417596431,0.01500000000000001,0.30406154175964306,0.30406154175964306,6.081230835192861,HRRR,23.243442966666667,-1.0408340855860843e-17,-1.0408340855860843e-17,-1.0408340855860843e-17,-1.0408340855860843e-17,-1.0408340855860843e-17,-1.0408340855860843e-17
69517,KXHIGHCHI-26MAY16-B83.5,2026-05-16 21:29:38.315608+00:00,KMDW,2026-05-16,0,SKIP,0.41759556703162565,0.985,-0.5674044329683743,0.5674044329683743,11.348088659367486,HRRR,23.225265916666668,0.0,0.0,0.0,-0.0,-0.0,-0.0
69515,KXHIGHCHI-26MAY17-B90.5,2026-05-16 21:29:37.252010+00:00,KMDW,2026-05-17,1,SKIP,0.12090919096178229,0.03500000000000002,0.08590919096178228,0.08590919096178228,1.7181838192356453,NBM,80.66320255,-1.3877787807814457e-17,-1.3877787807814457e-17,-1.3877787807814457e-17,-1.3877787807814457e-17,-1.3877787807814457e-17,-1.3877787807814457e-17
69514,KXHIGHCHI-26MAY17-B84.5,2026-05-16 21:29:36.869457+00:00,KMDW,2026-05-17,1,SKIP,0.17302861628883437,0.31499999999999995,-0.14197138371116558,0.14197138371116558,2.8394276742233115,NBM,80.65682666666666,-0.009999999999999953,-0.009999999999999953,5.551115123125783e-17,0.009999999999999953,0.009999999999999953,-5.551115123125783e-17
69513,KXHIGHCHI-26MAY17-B86.5,2026-05-16 21:29:36.509356+00:00,KMDW,2026-05-17,1,SKIP,0.12828326931579281,0.31999999999999995,-0.19171673068420714,0.19171673068420714,3.8343346136841427,NBM,80.65082498333334,0.010000000000000064,-0.009999999999999953,-0.014999999999999958,-0.010000000000000064,0.009999999999999953,0.014999999999999958
69512,KXHIGHCHI-26MAY17-T84,2026-05-16 21:29:36.144641+00:00,KMDW,2026-05-17,1,SKIP,0.2890858018917396,0.21499999999999997,0.07408580189173963,0.07408580189173963,1.4817160378347927,NBM,80.6447464,-0.009999999999999981,0.015000000000000041,2.7755575615628914e-17,-0.009999999999999981,0.015000000000000041,2.7755575615628914e-17
69511,KXHIGHCHI-26MAY17-B88.5,2026-05-16 21:29:35.736662+00:00,KMDW,2026-05-17,1,SKIP,0.12090919096178229,0.105,0.015909190961782296,0.015909190961782296,0.3181838192356459,NBM,80.63794675,0.0,0.030000000000000013,0.02500000000000001,0.0,0.030000000000000013,0.02500000000000001
69503,KXHIGHMIA-26MAY17-B83.5,2026-05-16 21:29:32.411781+00:00,KMIA,2026-05-17,1,SKIP,0.25968036010615536,0.07499999999999998,0.18468036010615538,0.18468036010615538,3.6936072021231072,NBM,80.58253206666667,1.3877787807814457e-17,1.3877787807814457e-17,1.3877787807814457e-17,1.3877787807814457e-17,1.3877787807814457e-17,1.3877787807814457e-17
69502,KXHIGHMIA-26MAY17-B89.5,2026-05-16 21:29:32.086297+00:00,KMIA,2026-05-17,1,SKIP,0.12332517430903032,0.375,-0.25167482569096966,0.25167482569096966,5.033496513819393,NBM,80.57710733333333,0.0,0.0,0.0,-0.0,-0.0,-0.0
69501,KXHIGHMIA-26MAY17-B85.5,2026-05-16 21:29:31.723934+00:00,KMIA,2026-05-17,1,SKIP,0.2641803220628176,0.135,0.1291803220628176,0.1291803220628176,2.583606441256352,NBM,80.57106795,0.0,0.0,-0.02500000000000001,0.0,0.0,-0.02500000000000001
69500,KXHIGHNY-26MAY16-B80.5,2026-05-16 21:29:31.348288+00:00,KNYC,2026-05-16,0,SKIP,0.1769684827339328,0.05999999999999998,0.11696848273393284,0.11696848273393284,2.3393696546786567,HRRR,23.109143916666667,0.01000000000000003,0.13500000000000004,0.22000000000000006,0.01000000000000003,0.13500000000000004,0.22000000000000006
69497,KXHIGHNY-26MAY17-B83.5,2026-05-16 21:29:30.187751+00:00,KNYC,2026-05-17,1,SKIP,0.252477951192116,0.07499999999999998,0.17747795119211604,0.17747795119211604,3.5495590238423205,NBM,80.5454649,1.3877787807814457e-17,-0.009999999999999981,1.3877787807814457e-17,1.3877787807814457e-17,-0.009999999999999981,1.3877787807814457e-17
69496,KXHIGHNY-26MAY17-T83,2026-05-16 21:29:29.797520+00:00,KNYC,2026-05-17,1,SKIP,0.18174690024587423,0.05500000000000003,0.1267469002458742,0.1267469002458742,2.534938004917484,NBM,80.53896105,-0.020000000000000025,-0.020000000000000025,-0.020000000000000025,-0.020000000000000025,-0.020000000000000025,-0.020000000000000025
69495,KXHIGHNY-26MAY17-B89.5,2026-05-16 21:29:29.393440+00:00,KNYC,2026-05-17,1,SKIP,0.1497492075017315,0.29500000000000004,-0.14525079249826853,0.14525079249826853,2.90501584996537,NBM,80.53222638333334,-0.015000000000000013,-5.551115123125783e-17,-5.551115123125783e-17,0.015000000000000013,5.551115123125783e-17,5.551115123125783e-17
69494,KXHIGHNY-26MAY17-B85.5,2026-05-16 21:29:29.009844+00:00,KNYC,2026-05-17,1,SKIP,0.26315899781376884,0.22499999999999998,0.03815899781376886,0.03815899781376886,0.7631799562753772,NBM,80.52583311666666,-0.03999999999999998,-0.01999999999999999,-0.02999999999999997,-0.03999999999999998,-0.01999999999999999,-0.02999999999999997
69493,KXHIGHNY-26MAY17-B87.5,2026-05-16 21:29:28.677927+00:00,KNYC,2026-05-17,1,SKIP,0.22752942778022367,0.36,-0.13247057221977632,0.13247057221977632,2.6494114443955263,NBM,80.52030116666667,0.020000000000000018,0.020000000000000018,0.025000000000000022,-0.020000000000000018,-0.020000000000000018,-0.025000000000000022
69492,KXHIGHNY-26MAY17-T90,2026-05-16 21:29:28.285089+00:00,KNYC,2026-05-17,1,SKIP,0.11918377976787078,0.05500000000000003,0.06418377976787076,0.06418377976787076,1.2836755953574153,NBM,80.51375386666666,-0.005000000000000025,-0.005000000000000025,-0.005000000000000025,-0.005000000000000025,-0.005000000000000025,-0.005000000000000025
69490,KXHIGHMIA-26MAY17-T90,2026-05-16 21:29:27.463675+00:00,KMIA,2026-05-17,1,SKIP,0.12104021397259333,0.01500000000000001,0.10604021397259332,0.10604021397259332,2.1208042794518662,NBM,80.50006363333334,-1.0408340855860843e-17,-1.0408340855860843e-17,-1.0408340855860843e-17,-1.0408340855860843e-17,-1.0408340855860843e-17,-1.0408340855860843e-17
69488,KXHIGHNY-26MAY16-B78.5,2026-05-16 21:29:26.746786+00:00,KNYC,2026-05-16,0,SKIP,0.45776789407411045,0.94,-0.4822321059258895,0.4822321059258895,9.644642118517789,HRRR,23.032452216666666,-0.014999999999999902,-0.12,-0.22999999999999998,0.014999999999999902,0.12,0.22999999999999998
69486,KXHIGHMIA-26MAY17-B87.5,2026-05-16 21:29:26.077937+00:00,KMIA,2026-05-17,1,SKIP,0.13928272923283458,0.41000000000000003,-0.27071727076716545,0.27071727076716545,5.414345415343309,NBM,80.476968,0.034999999999999976,0.034999999999999976,0.034999999999999976,-0.034999999999999976,-0.034999999999999976,-0.034999999999999976
69482,KXHIGHCHI-26MAY16-B85.5,2026-05-16 21:24:21.446988+00:00,KMDW,2026-05-16,0,SKIP,0.3193543454050046,0.02500000000000002,0.2943543454050046,0.2943543454050046,5.887086908100092,HRRR,17.94412225,-0.01000000000000002,-0.01000000000000002,-0.01000000000000002,-0.01000000000000002,-0.01000000000000002,-0.01000000000000002
69480,KXHIGHCHI-26MAY16-B83.5,2026-05-16 21:24:20.752536+00:00,KMDW,2026-05-16,0,SKIP,0.41789386174289006,0.975,-0.5571061382571099,0.5571061382571099,11.142122765142197,HRRR,17.93254805,0.010000000000000009,0.010000000000000009,0.010000000000000009,-0.010000000000000009,-0.010000000000000009,-0.010000000000000009
69477,KXHIGHCHI-26MAY17-B86.5,2026-05-16 21:24:19.201909+00:00,KMDW,2026-05-17,1,SKIP,0.1279528012016875,0.30500000000000005,-0.17704719879831254,0.17704719879831254,3.540943975966251,NBM,75.36236753333333,0.019999999999999962,0.019999999999999962,-0.00500000000000006,-0.019999999999999962,-0.019999999999999962,0.00500000000000006
69476,KXHIGHCHI-26MAY17-B84.5,2026-05-16 21:24:18.801199+00:00,KMDW,2026-05-17,1,SKIP,0.17115905013817356,0.30999999999999994,-0.13884094986182638,0.13884094986182638,2.7768189972365276,NBM,75.35568903333333,-0.004999999999999949,-0.004999999999999949,0.00500000000000006,0.004999999999999949,0.004999999999999949,-0.00500000000000006
69474,KXHIGHCHI-26MAY17-B90.5,2026-05-16 21:24:18.063134+00:00,KMDW,2026-05-17,1,SKIP,0.12090919096178229,0.03500000000000002,0.08590919096178228,0.08590919096178228,1.7181838192356453,NBM,75.34338795,-1.3877787807814457e-17,-1.3877787807814457e-17,-1.3877787807814457e-17,-1.3877787807814457e-17,-1.3877787807814457e-17,-1.3877787807814457e-17
69473,KXHIGHCHI-26MAY17-T84,2026-05-16 21:24:17.445043+00:00,KMDW,2026-05-17,1,SKIP,0.28908580189173966,0.205,0.08408580189173967,0.08408580189173967,1.6817160378347933,NBM,75.33308643333334,0.0,0.0,0.010000000000000009,0.0,0.0,0.010000000000000009
69472,KXHIGHCHI-26MAY17-B88.5,2026-05-16 21:24:16.971671+00:00,KMDW,2026-05-17,1,SKIP,0.12090919096178229,0.105,0.015909190961782296,0.015909190961782296,0.3181838192356459,NBM,75.3251969,0.0,0.0,0.02500000000000001,0.0,0.0,0.02500000000000001
69465,KXHIGHMIA-26MAY17-B83.5,2026-05-16 21:24:13.979145+00:00,KMIA,2026-05-17,1,SKIP,0.25968036010615536,0.07499999999999998,0.18468036010615538,0.18468036010615538,3.6936072021231072,NBM,75.27532146666667,1.3877787807814457e-17,1.3877787807814457e-17,1.3877787807814457e-17,1.3877787807814457e-17,1.3877787807814457e-17,1.3877787807814457e-17
69464,KXHIGHMIA-26MAY17-T90,2026-05-16 21:24:13.632439+00:00,KMIA,2026-05-17,1,SKIP,0.12091853164895582,0.01500000000000001,0.1059185316489558,0.1059185316489558,2.118370632979116,NBM,75.26954303333333,-1.0408340855860843e-17,-1.0408340855860843e-17,-1.0408340855860843e-17,-1.0408340855860843e-17,-1.0408340855860843e-17,-1.0408340855860843e-17
69462,KXHIGHNY-26MAY16-B78.5,2026-05-16 21:24:12.813551+00:00,KNYC,2026-05-16,0,SKIP,0.45793891236998685,0.955,-0.4970610876300131,0.4970610876300131,9.941221752600262,HRRR,17.800231633333333,-0.015000000000000013,-0.10499999999999998,-0.17499999999999993,0.015000000000000013,0.10499999999999998,0.17499999999999993
69460,KXHIGHNY-26MAY16-B80.5,2026-05-16 21:24:12.063840+00:00,KNYC,2026-05-16,0,SKIP,0.17623197222145034,0.03500000000000002,0.14123197222145034,0.14123197222145034,2.824639444429007,HRRR,17.78773645,0.019999999999999983,0.03999999999999998,0.21499999999999997,0.019999999999999983,0.03999999999999998,0.21499999999999997
69459,KXHIGHNY-26MAY17-B85.5,2026-05-16 21:24:11.679044+00:00,KNYC,2026-05-17,1,SKIP,0.2642763727636855,0.235,0.0292763727636855,0.0292763727636855,0.58552745527371,NBM,75.23698645,-0.04999999999999999,-0.04999999999999999,-0.03999999999999998,-0.04999999999999999,-0.04999999999999999,-0.03999999999999998
69458,KXHIGHNY-26MAY17-B87.5,2026-05-16 21:24:11.346571+00:00,KNYC,2026-05-17,1,SKIP,0.2228355889259744,0.33499999999999996,-0.11216441107402556,0.11216441107402556,2.243288221480511,NBM,75.23144523333333,0.040000000000000036,0.04500000000000004,0.04500000000000004,-0.040000000000000036,-0.04500000000000004,-0.04500000000000004
69457,KXHIGHNY-26MAY17-B89.5,2026-05-16 21:24:10.962965+00:00,KNYC,2026-05-17,1,SKIP,0.14712091467335725,0.275,-0.12787908532664277,0.12787908532664277,2.557581706532855,NBM,75.2250518,0.019999999999999962,0.019999999999999962,0.019999999999999962,-0.019999999999999962,-0.019999999999999962,-0.019999999999999962
69456,KXHIGHNY-26MAY17-T83,2026-05-16 21:24:10.601868+00:00,KNYC,2026-05-17,1,SKIP,0.1873797551777946,0.05500000000000003,0.13237975517779457,0.13237975517779457,2.6475951035558913,NBM,75.21903351666667,-2.7755575615628914e-17,-0.020000000000000025,-0.020000000000000025,-2.7755575615628914e-17,-0.020000000000000025,-0.020000000000000025
69455,KXHIGHNY-26MAY17-T90,2026-05-16 21:24:10.238109+00:00,KNYC,2026-05-17,1,SKIP,0.11868258140585568,0.03500000000000002,0.08368258140585566,0.08368258140585566,1.6736516281171132,NBM,75.21297086666667,0.019999999999999983,0.014999999999999986,0.014999999999999986,0.019999999999999983,0.014999999999999986,0.014999999999999986
69454,KXHIGHNY-26MAY17-B83.5,2026-05-16 21:24:09.876415+00:00,KNYC,2026-05-17,1,SKIP,0.2535510513549174,0.08499999999999999,0.1685510513549174,0.1685510513549174,3.371021027098348,NBM,75.20694263333333,-0.01999999999999999,-0.009999999999999995,-0.009999999999999995,-0.01999999999999999,-0.009999999999999995,-0.009999999999999995
69452,KXHIGHMIA-26MAY17-B89.5,2026-05-16 21:24:09.116032+00:00,KMIA,2026-05-17,1,SKIP,0.1231760476411383,0.375,-0.2518239523588617,0.2518239523588617,5.036479047177234,NBM,75.19426958333334,0.0,0.0,0.0,-0.0,-0.0,-0.0
69451,KXHIGHMIA-26MAY17-B87.5,2026-05-16 21:24:08.730672+00:00,KMIA,2026-05-17,1,SKIP,0.1382095825656403,0.41000000000000003,-0.2717904174343597,0.2717904174343597,5.435808348687194,NBM,75.18784691666667,0.014999999999999958,0.034999999999999976,0.024999999999999967,-0.014999999999999958,-0.034999999999999976,-0.024999999999999967
69449,KXHIGHMIA-26MAY17-B85.5,2026-05-16 21:24:07.874080+00:00,KMIA,2026-05-17,1,SKIP,0.2603444711647095,0.135,0.12534447116470948,0.12534447116470948,2.5068894232941896,NBM,75.17357038333333,0.0,0.0,-0.02500000000000001,0.0,0.0,-0.02500000000000001
69447,KXHIGHMIA-26MAY17-T90,2026-05-16 21:19:02.955237+00:00,KMIA,2026-05-17,1,OPEN,0.12090919096178229,0.01500000000000001,0.10590919096178228,0.10590919096178228,2.1181838192356452,NBM,70.09158966666666,-1.0408340855860843e-17,-1.0408340855860843e-17,-1.0408340855860843e-17,-1.0408340855860843e-17,-1.0408340855860843e-17,-1.0408340855860843e-17
69446,KXHIGHNY-26MAY16-B78.5,2026-05-16 21:19:02.532351+00:00,KNYC,2026-05-16,0,OPEN,0.4777837398553153,0.97,-0.49221626014468467,0.49221626014468467,9.844325202893693,HRRR,12.6288783,-0.03499999999999992,-0.14,-0.19499999999999995,0.03499999999999992,0.14,0.19499999999999995
69445,KXHIGHCHI-26MAY16-B83.5,2026-05-16 21:19:02.114150+00:00,KMDW,2026-05-16,0,SKIP,0.41819513783653367,0.975,-0.5568048621634663,0.5568048621634663,11.136097243269324,HRRR,12.621908283333333,0.010000000000000009,0.020000000000000018,0.010000000000000009,-0.010000000000000009,-0.020000000000000018,-0.010000000000000009
69444,KXHIGHCHI-26MAY16-B85.5,2026-05-16 21:19:01.682656+00:00,KMDW,2026-05-16,0,SKIP,0.3196500755508906,0.025000000000000015,0.29465007555089057,0.29465007555089057,5.893001511017811,HRRR,12.614716716666667,-0.010000000000000016,-0.010000000000000016,-0.010000000000000016,-0.010000000000000016,-0.010000000000000016,-0.010000000000000016
69440,KXHIGHCHI-26MAY17-B84.5,2026-05-16 21:18:59.599046+00:00,KMDW,2026-05-17,1,SKIP,0.16926356892716266,0.30500000000000005,-0.1357364310728374,0.1357364310728374,2.714728621456748,NBM,70.03565315,-5.551115123125783e-17,-5.551115123125783e-17,0.009999999999999953,5.551115123125783e-17,5.551115123125783e-17,-0.009999999999999953
69439,KXHIGHCHI-26MAY17-B88.5,2026-05-16 21:18:59.217840+00:00,KMDW,2026-05-17,1,SKIP,0.12090919096178229,0.105,0.015909190961782296,0.015909190961782296,0.3181838192356459,NBM,70.02929971666667,0.0,0.0,0.020000000000000004,0.0,0.0,0.020000000000000004
69437,KXHIGHCHI-26MAY17-B86.5,2026-05-16 21:18:58.489674+00:00,KMDW,2026-05-17,1,SKIP,0.12762615129331423,0.31999999999999995,-0.19237384870668572,0.19237384870668572,3.8474769741337145,NBM,70.01716361666666,5.551115123125783e-17,0.010000000000000064,-0.019999999999999962,-5.551115123125783e-17,-0.010000000000000064,0.019999999999999962
69436,KXHIGHCHI-26MAY17-T84,2026-05-16 21:18:58.126001+00:00,KMDW,2026-05-17,1,SKIP,0.28908580189173966,0.19499999999999998,0.09408580189173968,0.09408580189173968,1.8817160378347935,NBM,70.0111024,0.020000000000000018,0.010000000000000009,0.025000000000000022,0.020000000000000018,0.010000000000000009,0.025000000000000022
69429,KXHIGHMIA-26MAY17-B83.5,2026-05-16 21:18:55.129237+00:00,KMIA,2026-05-17,1,OPEN,0.2596803601061554,0.07499999999999998,0.18468036010615543,0.18468036010615543,3.6936072021231086,NBM,69.96115633333334,1.3877787807814457e-17,1.3877787807814457e-17,1.3877787807814457e-17,1.3877787807814457e-17,1.3877787807814457e-17,1.3877787807814457e-17
69427,KXHIGHCHI-26MAY17-B90.5,2026-05-16 21:18:53.941022+00:00,KMDW,2026-05-17,1,SKIP,0.12090919096178229,0.03500000000000002,0.08590919096178228,0.08590919096178228,1.7181838192356453,NBM,69.94135275,-1.3877787807814457e-17,-1.3877787807814457e-17,-1.3877787807814457e-17,-1.3877787807814457e-17,-1.3877787807814457e-17,-1.3877787807814457e-17
69424,KXHIGHNY-26MAY16-B80.5,2026-05-16 21:18:52.716840+00:00,KNYC,2026-05-16,0,SKIP,0.17548897121341997,0.025000000000000015,0.15048897121341995,0.15048897121341995,3.0097794242683986,HRRR,12.46528645,0.024999999999999988,0.09999999999999998,0.21999999999999997,0.024999999999999988,0.09999999999999998,0.21999999999999997
69423,KXHIGHNY-26MAY17-B85.5,2026-05-16 21:18:52.366018+00:00,KNYC,2026-05-17,1,SKIP,0.2654023355535062,0.235,0.030402335553506188,0.030402335553506188,0.6080467110701238,NBM,69.91510268333333,-0.04999999999999999,-0.04999999999999999,-0.03999999999999998,-0.04999999999999999,-0.04999999999999999,-0.03999999999999998
69422,KXHIGHNY-26MAY17-T83,2026-05-16 21:18:52.024901+00:00,KNYC,2026-05-17,1,SKIP,0.19305590270040962,0.05500000000000003,0.1380559027004096,0.1380559027004096,2.761118054008192,NBM,69.9094174,-2.7755575615628914e-17,-0.020000000000000025,-0.020000000000000025,-2.7755575615628914e-17,-0.020000000000000025,-0.020000000000000025
69421,KXHIGHNY-26MAY17-B87.5,2026-05-16 21:18:51.649511+00:00,KNYC,2026-05-17,1,SKIP,0.21810567450316198,0.33499999999999996,-0.11689432549683798,0.11689432549683798,2.3378865099367596,NBM,69.9031609,0.040000000000000036,0.04500000000000004,0.04500000000000004,-0.040000000000000036,-0.04500000000000004,-0.04500000000000004
69420,KXHIGHNY-26MAY17-B83.5,2026-05-16 21:18:50.998890+00:00,KNYC,2026-05-17,1,SKIP,0.2546323990736537,0.08499999999999999,0.1696323990736537,0.1696323990736537,3.392647981473074,NBM,69.89231721666667,-0.01999999999999999,-0.01999999999999999,-0.01999999999999999,-0.01999999999999999,-0.01999999999999999,-0.01999999999999999
69419,KXHIGHNY-26MAY17-B89.5,2026-05-16 21:18:50.608767+00:00,KNYC,2026-05-17,1,SKIP,0.14446325303182012,0.275,-0.1305367469681799,0.1305367469681799,2.610734939363598,NBM,69.88581516666666,0.019999999999999962,0.014999999999999958,0.019999999999999962,-0.019999999999999962,-0.014999999999999958,-0.019999999999999962
69418,KXHIGHNY-26MAY17-T90,2026-05-16 21:18:50.218646+00:00,KNYC,2026-05-17,1,SKIP,0.11818669943903319,0.03500000000000002,0.08318669943903317,0.08318669943903317,1.6637339887806635,NBM,69.87931315,0.019999999999999983,0.014999999999999986,0.014999999999999986,0.019999999999999983,0.014999999999999986,0.014999999999999986
69416,KXHIGHMIA-26MAY17-B89.5,2026-05-16 21:18:49.327835+00:00,KMIA,2026-05-17,1,OPEN,0.12302758661244038,0.375,-0.2519724133875596,0.2519724133875596,5.039448267751192,NBM,69.8644663,0.0,0.0,0.0,-0.0,-0.0,-0.0
69415,KXHIGHMIA-26MAY17-B87.5,2026-05-16 21:18:48.704657+00:00,KMIA,2026-05-17,1,OPEN,0.13787917646998704,0.41000000000000003,-0.272120823530013,0.272120823530013,5.44241647060026,NBM,69.85408,0.009999999999999953,0.034999999999999976,0.024999999999999967,-0.009999999999999953,-0.034999999999999976,-0.024999999999999967
69413,KXHIGHMIA-26MAY17-B85.5,2026-05-16 21:18:47.648116+00:00,KMIA,2026-05-17,1,OPEN,0.2557248603326404,0.135,0.1207248603326404,0.1207248603326404,2.414497206652808,NBM,69.83647098333333,0.0,0.0,-0.015000000000000013,0.0,0.0,-0.015000000000000013
69411,KXHIGHMIA-26MAY17-B83.5,2026-05-16 21:13:36.659741+00:00,KMIA,2026-05-17,1,OPEN,0.2596803601061555,0.07499999999999998,0.1846803601061555,0.1846803601061555,3.6936072021231094,NBM,64.6533314,1.3877787807814457e-17,1.3877787807814457e-17,1.3877787807814457e-17,1.3877787807814457e-17,1.3877787807814457e-17,1.3877787807814457e-17
69410,KXHIGHMIA-26MAY17-T90,2026-05-16 21:13:36.079584+00:00,KMIA,2026-05-17,1,OPEN,0.1209091909617823,0.01500000000000001,0.10590919096178229,0.10590919096178229,2.1181838192356457,NBM,64.64366211666666,-1.0408340855860843e-17,-1.0408340855860843e-17,-1.0408340855860843e-17,-1.0408340855860843e-17,-1.0408340855860843e-17,-1.0408340855860843e-17
69409,KXHIGHNY-26MAY16-B78.5,2026-05-16 21:13:35.704976+00:00,KNYC,2026-05-16,0,SKIP,0.45828685672502567,0.945,-0.4867131432749743,0.4867131432749743,9.734262865499485,HRRR,7.181755383333333,-0.0050000000000000044,-0.019999999999999907,-0.2599999999999999,0.0050000000000000044,0.019999999999999907,0.2599999999999999
69407,KXHIGHCHI-26MAY16-B81.5,2026-05-16 21:13:35.012529+00:00,KMDW,2026-05-16,0,SKIP,0.11281080556048993,0.495,-0.38218919443951005,0.38218919443951005,7.6437838887902005,HRRR,7.1702146,-0.49,-0.49,-0.49,0.49,0.49,0.49
69406,KXHIGHCHI-26MAY16-B83.5,2026-05-16 21:13:34.614550+00:00,KMDW,2026-05-16,0,SKIP,0.41850192618295107,0.49,-0.07149807381704892,0.07149807381704892,1.4299614763409785,HRRR,7.163581616666667,0.495,0.495,0.485,-0.495,-0.495,-0.485
69405,KXHIGHCHI-26MAY16-B85.5,2026-05-16 21:13:34.240296+00:00,KMDW,2026-05-16,0,SKIP,0.31995121647895,0.05000000000000003,0.26995121647894993,0.26995121647894993,5.399024329578999,HRRR,7.15734405,-0.03500000000000003,-0.03500000000000003,-0.02500000000000003,-0.03500000000000003,-0.03500000000000003,-0.02500000000000003
69403,KXHIGHMIA-26MAY17-B89.5,2026-05-16 21:13:33.501039+00:00,KMIA,2026-05-17,1,OPEN,0.12287859922512843,0.375,-0.25212140077487155,0.25212140077487155,5.042428015497431,NBM,64.60068636666666,0.0,0.0,0.0,-0.0,-0.0,-0.0
69400,KXHIGHCHI-26MAY17-T84,2026-05-16 21:13:32.229768+00:00,KMDW,2026-05-17,1,SKIP,0.2890858018917396,0.255,0.0340858018917396,0.0340858018917396,0.681716037834792,NBM,64.57949851666666,-0.04000000000000001,-0.05000000000000002,-0.03,-0.04000000000000001,-0.05000000000000002,-0.03
69399,KXHIGHCHI-26MAY17-B90.5,2026-05-16 21:13:31.776492+00:00,KMDW,2026-05-17,1,SKIP,0.12090919096178229,0.03500000000000002,0.08590919096178228,0.08590919096178228,1.7181838192356453,NBM,64.57194391666667,-1.3877787807814457e-17,-1.3877787807814457e-17,-1.3877787807814457e-17,-1.3877787807814457e-17,-1.3877787807814457e-17,-1.3877787807814457e-17
69398,KXHIGHCHI-26MAY17-B88.5,2026-05-16 21:13:31.388299+00:00,KMDW,2026-05-17,1,SKIP,0.12090919096178229,0.09999999999999999,0.0209091909617823,0.0209091909617823,0.418183819235646,NBM,64.56547403333333,0.0050000000000000044,0.0050000000000000044,0.02500000000000001,0.0050000000000000044,0.0050000000000000044,0.02500000000000001
69396,KXHIGHCHI-26MAY17-B86.5,2026-05-16 21:13:30.604017+00:00,KMDW,2026-05-17,1,SKIP,0.12730070542675043,0.30000000000000004,-0.17269929457324962,0.17269929457324962,3.4539858914649924,NBM,64.55240266666667,0.019999999999999962,0.02999999999999997,-5.551115123125783e-17,-0.019999999999999962,-0.02999999999999997,5.551115123125783e-17
69395,KXHIGHCHI-26MAY17-B84.5,2026-05-16 21:13:29.994862+00:00,KMDW,2026-05-17,1,SKIP,0.16732623654297252,0.31499999999999995,-0.14767376345702743,0.14767376345702743,2.9534752691405486,NBM,64.54225008333333,5.551115123125783e-17,-0.009999999999999953,5.551115123125783e-17,-5.551115123125783e-17,0.009999999999999953,-5.551115123125783e-17
69388,KXHIGHMIA-26MAY17-B87.5,2026-05-16 21:13:26.701438+00:00,KMIA,2026-05-17,1,OPEN,0.137547598941695,0.425,-0.287452401058305,0.287452401058305,5.749048021166099,NBM,64.48735968333334,-0.015000000000000013,0.020000000000000018,0.0050000000000000044,0.015000000000000013,-0.020000000000000018,-0.0050000000000000044
69384,KXHIGHNY-26MAY16-B80.5,2026-05-16 21:13:25.173537+00:00,KNYC,2026-05-16,0,SKIP,0.17473327389690516,0.05999999999999998,0.11473327389690519,0.11473327389690519,2.2946654779381035,HRRR,7.0062314,2.0816681711721685e-17,0.01000000000000003,0.24500000000000002,2.0816681711721685e-17,0.01000000000000003,0.24500000000000002
69383,KXHIGHNY-26MAY17-B87.5,2026-05-16 21:13:24.758978+00:00,KNYC,2026-05-17,1,SKIP,0.21692832257238903,0.375,-0.15807167742761097,0.15807167742761097,3.1614335485522194,NBM,64.45498535,-0.015000000000000013,0.0050000000000000044,0.0050000000000000044,0.015000000000000013,-0.0050000000000000044,-0.0050000000000000044
69382,KXHIGHNY-26MAY17-T90,2026-05-16 21:13:24.389258+00:00,KNYC,2026-05-17,1,SKIP,0.11769216660263342,0.03500000000000002,0.0826921666026334,0.0826921666026334,1.653843332052668,NBM,64.44882335,0.019999999999999983,0.014999999999999986,0.014999999999999986,0.019999999999999983,0.014999999999999986,0.014999999999999986
69381,KXHIGHNY-26MAY17-B89.5,2026-05-16 21:13:24.016340+00:00,KNYC,2026-05-17,1,SKIP,0.1417539806906925,0.28,-0.13824601930930752,0.13824601930930752,2.76492038618615,NBM,64.44260805,0.014999999999999958,0.0,0.014999999999999958,-0.014999999999999958,-0.0,-0.014999999999999958
69380,KXHIGHNY-26MAY17-B85.5,2026-05-16 21:13:23.637478+00:00,KNYC,2026-05-17,1,SKIP,0.26291829562315855,0.215,0.04791829562315855,0.04791829562315855,0.958365912463171,NBM,64.43629368333333,0.010000000000000009,-0.03,-0.01999999999999999,0.010000000000000009,-0.03,-0.01999999999999999
69379,KXHIGHNY-26MAY17-T83,2026-05-16 21:13:23.290548+00:00,KNYC,2026-05-17,1,SKIP,0.19882251736625933,0.05500000000000003,0.1438225173662593,0.1438225173662593,2.876450347325186,NBM,64.43051151666667,-2.7755575615628914e-17,-0.020000000000000025,-0.020000000000000025,-2.7755575615628914e-17,-0.020000000000000025,-0.020000000000000025
69378,KXHIGHNY-26MAY17-B83.5,2026-05-16 21:13:22.663544+00:00,KNYC,2026-05-17,1,SKIP,0.2557309814464519,0.08499999999999999,0.1707309814464519,0.1707309814464519,3.414619628929038,NBM,64.42006145,-0.009999999999999995,-0.009999999999999995,-0.01999999999999999,-0.009999999999999995,-0.009999999999999995,-0.01999999999999999
69377,KXHIGHMIA-26MAY17-B85.5,2026-05-16 21:13:22.258540+00:00,KMIA,2026-05-17,1,OPEN,0.25102418587728814,0.135,0.11602418587728813,0.11602418587728813,2.3204837175457627,NBM,64.41331138333334,0.0,0.0,-0.02500000000000001,0.0,0.0,-0.02500000000000001
69375,KXHIGHMIA-26MAY17-B83.5,2026-05-16 21:08:19.295355+00:00,KMIA,2026-05-17,1,OPEN,0.25968036010615536,0.07499999999999998,0.18468036010615538,0.18468036010615538,3.6936072021231072,NBM,59.363924966666666,1.3877787807814457e-17,1.3877787807814457e-17,1.3877787807814457e-17,1.3877787807814457e-17,1.3877787807814457e-17,1.3877787807814457e-17
69374,KXHIGHMIA-26MAY17-T90,2026-05-16 21:08:18.893166+00:00,KMIA,2026-05-17,1,OPEN,0.12090919096178229,0.01500000000000001,0.10590919096178228,0.10590919096178228,2.1181838192356452,NBM,59.357221816666666,-1.0408340855860843e-17,-1.0408340855860843e-17,-1.0408340855860843e-17,-1.0408340855860843e-17,-1.0408340855860843e-17,-1.0408340855860843e-17
69373,KXHIGHNY-26MAY16-B78.5,2026-05-16 21:08:18.520559+00:00,KNYC,2026-05-16,0,SKIP,0.4584587772883668,0.95,-0.49154122271163314,0.49154122271163314,9.830824454232662,HRRR,1.8953484333333332,0.0,-0.010000000000000009,-0.345,-0.0,0.010000000000000009,0.345
69371,KXHIGHMIA-26MAY17-B89.5,2026-05-16 21:08:17.383845+00:00,KMIA,2026-05-17,1,OPEN,0.12273452187476284,0.375,-0.25226547812523714,0.25226547812523714,5.045309562504743,NBM,59.33206646666667,0.0,0.0,0.0,-0.0,-0.0,-0.0
69370,KXHIGHCHI-26MAY16-B85.5,2026-05-16 21:08:16.987678+00:00,KMDW,2026-05-16,0,SKIP,0.3202467028023141,0.05000000000000003,0.27024670280231405,0.27024670280231405,5.40493405604628,HRRR,1.8698004166666666,-0.02500000000000003,-0.03500000000000003,-0.015000000000000027,-0.02500000000000003,-0.03500000000000003,-0.015000000000000027
69369,KXHIGHCHI-26MAY16-B83.5,2026-05-16 21:08:16.637196+00:00,KMDW,2026-05-16,0,SKIP,0.41880295388156996,0.535,-0.11619704611843007,0.11619704611843007,2.3239409223686014,HRRR,1.86395905,0.43999999999999995,0.44999999999999996,0.43999999999999995,-0.43999999999999995,-0.44999999999999996,-0.43999999999999995
69368,KXHIGHCHI-26MAY16-B81.5,2026-05-16 21:08:16.291569+00:00,KMDW,2026-05-16,0,SKIP,0.11286060111719154,0.415,-0.30213939888280844,0.30213939888280844,6.042787977656168,HRRR,1.8581986,-0.41,-0.41,-0.41,0.41,0.41,0.41
69364,KXHIGHCHI-26MAY17-T84,2026-05-16 21:08:14.654710+00:00,KMDW,2026-05-17,1,SKIP,0.28908580189173966,0.255,0.03408580189173965,0.03408580189173965,0.6817160378347931,NBM,59.286580883333336,-0.05000000000000002,-0.05000000000000002,-0.04000000000000001,-0.05000000000000002,-0.05000000000000002,-0.04000000000000001
69363,KXHIGHCHI-26MAY17-B86.5,2026-05-16 21:08:14.233200+00:00,KMDW,2026-05-17,1,SKIP,0.12698824694158273,0.30000000000000004,-0.17301175305841732,0.17301175305841732,3.4602350611683463,NBM,59.279555716666664,0.004999999999999949,0.024999999999999967,-5.551115123125783e-17,-0.004999999999999949,-0.024999999999999967,5.551115123125783e-17
69362,KXHIGHCHI-26MAY17-B88.5,2026-05-16 21:08:13.826569+00:00,KMDW,2026-05-17,1,SKIP,0.12090919096178229,0.09999999999999999,0.0209091909617823,0.0209091909617823,0.418183819235646,NBM,59.27277853333333,0.0050000000000000044,0.0050000000000000044,0.030000000000000013,0.0050000000000000044,0.0050000000000000044,0.030000000000000013
69361,KXHIGHCHI-26MAY17-B84.5,2026-05-16 21:08:13.219855+00:00,KMDW,2026-05-17,1,SKIP,0.1654185310463545,0.31499999999999995,-0.14958146895364544,0.14958146895364544,2.9916293790729087,NBM,59.26266663333333,-0.004999999999999949,-0.009999999999999953,-0.009999999999999953,0.004999999999999949,0.009999999999999953,0.009999999999999953
69360,KXHIGHCHI-26MAY17-B90.5,2026-05-16 21:08:12.846409+00:00,KMDW,2026-05-17,1,SKIP,0.12090919096178229,0.03500000000000002,0.08590919096178228,0.08590919096178228,1.7181838192356453,NBM,59.256442533333335,-1.3877787807814457e-17,-1.3877787807814457e-17,-1.3877787807814457e-17,-1.3877787807814457e-17,-1.3877787807814457e-17,-1.3877787807814457e-17
69352,KXHIGHMIA-26MAY17-B87.5,2026-05-16 21:08:08.968196+00:00,KMIA,2026-05-17,1,OPEN,0.1372269489015877,0.42,-0.2827730510984123,0.2827730510984123,5.655461021968245,NBM,59.19180565,-0.010000000000000009,0.0050000000000000044,-0.010000000000000009,0.010000000000000009,-0.0050000000000000044,0.010000000000000009
69351,KXHIGHMIA-26MAY17-B85.5,2026-05-16 21:08:08.528763+00:00,KMIA,2026-05-17,1,OPEN,0.2464152709526286,0.135,0.1114152709526286,0.1114152709526286,2.228305419052572,NBM,59.184481766666664,0.0,0.0,-0.04000000000000001,0.0,0.0,-0.04000000000000001
69347,KXHIGHNY-26MAY16-B80.5,2026-05-16 21:08:06.253592+00:00,KNYC,2026-05-16,0,SKIP,0.17399264587323113,0.045000000000000026,0.12899264587323112,0.12899264587323112,2.5798529174646223,HRRR,1.6908989833333332,-0.010000000000000023,0.009999999999999974,0.31499999999999995,-0.010000000000000023,0.009999999999999974,0.31499999999999995
69346,KXHIGHNY-26MAY17-B87.5,2026-05-16 21:08:05.859114+00:00,KNYC,2026-05-17,1,SKIP,0.2160324491023324,0.375,-0.1589675508976676,0.1589675508976676,3.1793510179533517,NBM,59.139987616666666,-0.03999999999999998,0.0,0.0050000000000000044,0.03999999999999998,-0.0,-0.0050000000000000044
69345,KXHIGHNY-26MAY17-B85.5,2026-05-16 21:08:05.500450+00:00,KNYC,2026-05-17,1,SKIP,0.2602298352870358,0.205,0.05522983528703582,0.05522983528703582,1.1045967057407162,NBM,59.134009883333334,0.03,-0.01999999999999999,-0.009999999999999981,0.03,-0.01999999999999999,-0.009999999999999981
69344,KXHIGHNY-26MAY17-T90,2026-05-16 21:08:05.162489+00:00,KNYC,2026-05-17,1,SKIP,0.11721690994527904,0.03500000000000002,0.08221690994527903,0.08221690994527903,1.6443381989055805,NBM,59.1283772,-1.3877787807814457e-17,0.019999999999999983,0.014999999999999986,-1.3877787807814457e-17,0.019999999999999983,0.014999999999999986
69343,KXHIGHNY-26MAY17-B89.5,2026-05-16 21:08:04.774569+00:00,KNYC,2026-05-17,1,SKIP,0.13909285980589853,0.28,-0.1409071401941015,0.1409071401941015,2.8181428038820298,NBM,59.121911866666665,-0.015000000000000013,0.014999999999999958,0.014999999999999958,0.015000000000000013,-0.014999999999999958,-0.014999999999999958
69342,KXHIGHNY-26MAY17-T83,2026-05-16 21:08:04.378350+00:00,KNYC,2026-05-17,1,SKIP,0.20446776722697443,0.05500000000000003,0.1494677672269744,0.1494677672269744,2.9893553445394883,NBM,59.11530821666667,-2.7755575615628914e-17,-2.7755575615628914e-17,-0.020000000000000025,-2.7755575615628914e-17,-2.7755575615628914e-17,-0.020000000000000025
69341,KXHIGHNY-26MAY17-B83.5,2026-05-16 21:08:03.751185+00:00,KNYC,2026-05-17,1,SKIP,0.25680644293406457,0.05999999999999998,0.1968064429340646,0.1968064429340646,3.936128858681292,NBM,59.10485546666666,0.03000000000000002,0.005000000000000025,0.005000000000000025,0.03000000000000002,0.005000000000000025,0.005000000000000025
69339,KXHIGHCHI-26MAY16-B85.5,2026-05-16 21:03:02.263287+00:00,KMDW,2026-05-16,0,SKIP,0.2935776166219565,0.045000000000000026,0.2485776166219565,0.2485776166219565,4.9715523324391295,NBM,54.08005716666667,-0.020000000000000025,-0.030000000000000027,-0.030000000000000027,-0.020000000000000025,-0.030000000000000027,-0.030000000000000027
69336,KXHIGHCHI-26MAY16-B83.5,2026-05-16 21:03:01.125495+00:00,KMDW,2026-05-16,0,SKIP,0.34180364740773,0.40499999999999997,-0.06319635259226997,0.06319635259226997,1.2639270518453993,NBM,54.06109396666667,0.5700000000000001,0.5800000000000001,0.5800000000000001,-0.5700000000000001,-0.5800000000000001,-0.5800000000000001
69335,KXHIGHCHI-26MAY16-B81.5,2026-05-16 21:03:00.794787+00:00,KMDW,2026-05-16,0,SKIP,0.09471844130213214,0.51,-0.41528155869786787,0.41528155869786787,8.305631173957357,NBM,54.05558216666667,-0.505,-0.505,-0.505,0.505,0.505,0.505
69334,KXHIGHCHI-26MAY17-T84,2026-05-16 21:03:00.343290+00:00,KMDW,2026-05-17,1,SKIP,0.28908580189173966,0.255,0.03408580189173965,0.03408580189173965,0.6817160378347931,NBM,54.04805721666666,-0.06,-0.04000000000000001,-0.04000000000000001,-0.06,-0.04000000000000001,-0.04000000000000001
69333,KXHIGHCHI-26MAY17-B88.5,2026-05-16 21:02:59.590446+00:00,KMDW,2026-05-17,1,SKIP,0.1209091909617823,0.09999999999999999,0.020909190961782315,0.020909190961782315,0.4181838192356463,NBM,54.03550981666667,0.0050000000000000044,0.0050000000000000044,0.030000000000000013,0.0050000000000000044,0.0050000000000000044,0.030000000000000013
69331,KXHIGHCHI-26MAY17-B86.5,2026-05-16 21:02:58.828981+00:00,KMDW,2026-05-17,1,SKIP,0.1266841437509757,0.30000000000000004,-0.17331585624902435,0.17331585624902435,3.466317124980487,NBM,54.02281873333333,0.019999999999999962,0.019999999999999962,-5.551115123125783e-17,-0.019999999999999962,-0.019999999999999962,5.551115123125783e-17
69330,KXHIGHCHI-26MAY17-B84.5,2026-05-16 21:02:58.453967+00:00,KMDW,2026-05-17,1,SKIP,0.16351521275461545,0.31499999999999995,-0.1514847872453845,0.1514847872453845,3.02969574490769,NBM,54.0165685,-0.009999999999999953,-0.009999999999999953,-0.009999999999999953,0.009999999999999953,0.009999999999999953,0.009999999999999953
69329,KXHIGHCHI-26MAY17-B90.5,2026-05-16 21:02:58.078119+00:00,KMDW,2026-05-17,1,SKIP,0.1209091909617823,0.03500000000000002,0.08590919096178229,0.08590919096178229,1.7181838192356458,NBM,54.01030436666667,-1.3877787807814457e-17,-1.3877787807814457e-17,-1.3877787807814457e-17,-1.3877787807814457e-17,-1.3877787807814457e-17,-1.3877787807814457e-17
69322,KXHIGHMIA-26MAY17-B87.5,2026-05-16 21:02:55.114143+00:00,KMIA,2026-05-17,1,OPEN,0.13691264705947737,0.42,-0.2830873529405226,0.2830873529405226,5.661747058810452,NBM,53.960904766666665,-0.010000000000000009,0.0,0.025000000000000022,0.010000000000000009,-0.0,-0.025000000000000022
69317,KXHIGHNY-26MAY16-B80.5,2026-05-16 21:02:52.686434+00:00,KNYC,2026-05-16,0,SKIP,0.20426205761464558,0.045000000000000026,0.15926205761464557,0.15926205761464557,3.185241152292911,NBM,53.92044295,-0.020000000000000025,0.004999999999999977,0.24999999999999994,-0.020000000000000025,0.004999999999999977,0.24999999999999994
69316,KXHIGHNY-26MAY17-B85.5,2026-05-16 21:02:52.310335+00:00,KNYC,2026-05-17,1,SKIP,0.2575626210575866,0.205,0.052562621057586606,0.052562621057586606,1.051252421151732,NBM,53.91417463333333,0.03,-0.01999999999999999,0.0,0.03,-0.01999999999999999,0.0
69315,KXHIGHNY-26MAY17-B89.5,2026-05-16 21:02:51.957686+00:00,KNYC,2026-05-17,1,SKIP,0.136444256683722,0.275,-0.138555743316278,0.138555743316278,2.77111486632556,NBM,53.90829715,0.0,0.019999999999999962,0.019999999999999962,-0.0,-0.019999999999999962,-0.019999999999999962
69314,KXHIGHNY-26MAY17-B83.5,2026-05-16 21:02:51.588226+00:00,KNYC,2026-05-17,1,SKIP,0.2578734053677089,0.05999999999999998,0.19787340536770895,0.19787340536770895,3.957468107354179,NBM,53.902139483333336,0.02500000000000003,0.005000000000000025,0.005000000000000025,0.02500000000000003,0.005000000000000025,0.005000000000000025
69313,KXHIGHNY-26MAY17-T90,2026-05-16 21:02:51.240829+00:00,KNYC,2026-05-17,1,SKIP,0.1167539213891469,0.03500000000000002,0.08175392138914689,0.08175392138914689,1.6350784277829378,NBM,53.896349533333336,-1.3877787807814457e-17,0.019999999999999983,0.014999999999999986,-1.3877787807814457e-17,0.019999999999999983,0.014999999999999986
69312,KXHIGHNY-26MAY17-T83,2026-05-16 21:02:50.883876+00:00,KNYC,2026-05-17,1,SKIP,0.21006840434814886,0.05500000000000003,0.15506840434814884,0.15506840434814884,3.1013680869629767,NBM,53.890400316666664,-2.7755575615628914e-17,-2.7755575615628914e-17,-0.020000000000000025,-2.7755575615628914e-17,-2.7755575615628914e-17,-0.020000000000000025
69311,KXHIGHNY-26MAY17-B87.5,2026-05-16 21:02:50.526816+00:00,KNYC,2026-05-17,1,SKIP,0.2151436554552718,0.365,-0.14985634454472818,0.14985634454472818,2.9971268908945636,NBM,53.88444931666667,-0.02999999999999997,0.010000000000000009,0.015000000000000013,0.02999999999999997,-0.010000000000000009,-0.015000000000000013
69310,KXHIGHMIA-26MAY17-B83.5,2026-05-16 21:02:50.104881+00:00,KMIA,2026-05-17,1,OPEN,0.2596803601061555,0.07499999999999998,0.1846803601061555,0.1846803601061555,3.6936072021231094,NBM,53.877417066666666,1.3877787807814457e-17,1.3877787807814457e-17,1.3877787807814457e-17,1.3877787807814457e-17,1.3877787807814457e-17,1.3877787807814457e-17
69309,KXHIGHMIA-26MAY17-T90,2026-05-16 21:02:49.740521+00:00,KMIA,2026-05-17,1,OPEN,0.12090919096178229,0.01500000000000001,0.10590919096178228,0.10590919096178228,2.1181838192356452,NBM,53.8713444,-1.0408340855860843e-17,-1.0408340855860843e-17,-1.0408340855860843e-17,-1.0408340855860843e-17,-1.0408340855860843e-17,-1.0408340855860843e-17
69308,KXHIGHNY-26MAY16-B78.5,2026-05-16 21:02:49.327645+00:00,KNYC,2026-05-16,0,OPEN,0.4730117368430252,0.955,-0.48198826315697474,0.48198826315697474,9.639765263139495,NBM,53.86446313333333,0.015000000000000013,-0.019999999999999907,-0.25,-0.015000000000000013,0.019999999999999907,0.25
69307,KXHIGHMIA-26MAY17-B85.5,2026-05-16 21:02:48.826564+00:00,KMIA,2026-05-17,1,OPEN,0.24183585246875017,0.135,0.10683585246875016,0.10683585246875016,2.136717049375003,NBM,53.85611178333333,0.0,0.0,0.0,0.0,0.0,0.0
69305,KXHIGHMIA-26MAY17-B89.5,2026-05-16 21:02:48.085768+00:00,KMIA,2026-05-17,1,OPEN,0.12259329695362729,0.375,-0.2524067030463727,0.2524067030463727,5.048134060927453,NBM,53.84376518333333,0.0,0.0,-0.010000000000000009,-0.0,-0.0,0.010000000000000009
69304,KXHIGHCHI-26MAY16-B81.5,2026-05-16 20:57:43.635002+00:00,KMDW,2026-05-16,0,SKIP,0.09663363234812815,0.52,-0.42336636765187186,0.42336636765187186,8.467327353037437,NBM,48.76958575,-0.025000000000000022,-0.515,-0.515,0.025000000000000022,0.515,0.515
69303,KXHIGHCHI-26MAY16-B85.5,2026-05-16 20:57:43.020430+00:00,KMDW,2026-05-16,0,SKIP,0.2961400723721947,0.05499999999999998,0.2411400723721947,0.2411400723721947,4.822801447443894,NBM,48.75934288333333,-0.009999999999999981,-0.03999999999999998,-0.03999999999999998,-0.009999999999999981,-0.03999999999999998,-0.03999999999999998
69302,KXHIGHCHI-26MAY16-B83.5,2026-05-16 20:57:42.688116+00:00,KMDW,2026-05-16,0,SKIP,0.3462839281108862,0.39,-0.043716071889113806,0.043716071889113806,0.8743214377822761,NBM,48.75380431666667,0.11499999999999999,0.595,0.595,-0.11499999999999999,-0.595,-0.595
69299,KXHIGHCHI-26MAY17-B84.5,2026-05-16 20:57:41.605105+00:00,KMDW,2026-05-17,1,SKIP,0.16157558032651098,0.31499999999999995,-0.15342441967348897,0.15342441967348897,3.0684883934697793,NBM,48.73575413333333,5.551115123125783e-17,5.551115123125783e-17,-0.009999999999999953,-5.551115123125783e-17,-5.551115123125783e-17,0.009999999999999953
69298,KXHIGHCHI-26MAY17-B88.5,2026-05-16 20:57:41.228385+00:00,KMDW,2026-05-17,1,SKIP,0.12090919096178229,0.09999999999999999,0.0209091909617823,0.0209091909617823,0.418183819235646,NBM,48.72947546666666,1.3877787807814457e-17,0.0050000000000000044,0.03500000000000002,1.3877787807814457e-17,0.0050000000000000044,0.03500000000000002
69297,KXHIGHCHI-26MAY17-T84,2026-05-16 20:57:40.597389+00:00,KMDW,2026-05-17,1,SKIP,0.2890858018917396,0.255,0.0340858018917396,0.0340858018917396,0.681716037834792,NBM,48.71895886666667,0.0,-0.04000000000000001,-0.024999999999999994,0.0,-0.04000000000000001,-0.024999999999999994
69296,KXHIGHCHI-26MAY17-B90.5,2026-05-16 20:57:40.190795+00:00,KMDW,2026-05-17,1,SKIP,0.12090919096178229,0.03500000000000002,0.08590919096178228,0.08590919096178228,1.7181838192356453,NBM,48.7121823,-1.3877787807814457e-17,-1.3877787807814457e-17,-1.3877787807814457e-17,-1.3877787807814457e-17,-1.3877787807814457e-17,-1.3877787807814457e-17
69295,KXHIGHCHI-26MAY17-B86.5,2026-05-16 20:57:39.793413+00:00,KMDW,2026-05-17,1,SKIP,0.12638180881726813,0.30000000000000004,-0.17361819118273192,0.17361819118273192,3.4723638236546384,NBM,48.70555926666667,-5.551115123125783e-17,0.019999999999999962,0.009999999999999953,5.551115123125783e-17,-0.019999999999999962,-0.009999999999999953
69287,KXHIGHMIA-26MAY17-B85.5,2026-05-16 20:57:36.160142+00:00,KMIA,2026-05-17,1,OPEN,0.237187745062158,0.14,0.09718774506215799,0.09718774506215799,1.9437549012431599,NBM,48.64500475,-0.0050000000000000044,-0.0050000000000000044,-0.0050000000000000044,-0.0050000000000000044,-0.0050000000000000044,-0.0050000000000000044
69286,KXHIGHMIA-26MAY17-B83.5,2026-05-16 20:57:35.765732+00:00,KMIA,2026-05-17,1,OPEN,0.25968036010615536,0.07499999999999998,0.18468036010615538,0.18468036010615538,3.6936072021231072,NBM,48.63843125,1.3877787807814457e-17,1.3877787807814457e-17,1.3877787807814457e-17,1.3877787807814457e-17,1.3877787807814457e-17,1.3877787807814457e-17
69285,KXHIGHMIA-26MAY17-B89.5,2026-05-16 20:57:35.161450+00:00,KMIA,2026-05-17,1,OPEN,0.12245188895482394,0.375,-0.25254811104517605,0.25254811104517605,5.0509622209035205,NBM,48.62835988333333,0.0,0.0,0.0,-0.0,-0.0,-0.0
69283,KXHIGHNY-26MAY16-B80.5,2026-05-16 20:57:34.174077+00:00,KNYC,2026-05-16,0,SKIP,0.18179902907585851,0.045000000000000026,0.1367990290758585,0.1367990290758585,2.73598058151717,NBM,48.61190366666667,0.014999999999999972,0.014999999999999972,0.14999999999999997,0.014999999999999972,0.014999999999999972,0.14999999999999997
69281,KXHIGHNY-26MAY17-B89.5,2026-05-16 20:57:33.206009+00:00,KNYC,2026-05-17,1,SKIP,0.13375145405050531,0.28500000000000003,-0.15124854594949472,0.15124854594949472,3.024970918989894,NBM,48.5957692,-0.0050000000000000044,0.009999999999999953,0.009999999999999953,0.0050000000000000044,-0.009999999999999953,-0.009999999999999953
69280,KXHIGHNY-26MAY17-T83,2026-05-16 20:57:32.818237+00:00,KNYC,2026-05-17,1,SKIP,0.21574454284892206,0.05500000000000003,0.16074454284892203,0.16074454284892203,3.2148908569784407,NBM,48.58930633333333,-2.7755575615628914e-17,-2.7755575615628914e-17,-0.020000000000000025,-2.7755575615628914e-17,-2.7755575615628914e-17,-0.020000000000000025
69279,KXHIGHNY-26MAY17-T90,2026-05-16 20:57:32.431344+00:00,KNYC,2026-05-17,1,SKIP,0.1162931854263423,0.03500000000000002,0.08129318542634228,0.08129318542634228,1.6258637085268457,NBM,48.582858116666664,-1.3877787807814457e-17,0.019999999999999983,0.014999999999999986,-1.3877787807814457e-17,0.019999999999999983,0.014999999999999986
69278,KXHIGHNY-26MAY17-B85.5,2026-05-16 20:57:31.804179+00:00,KNYC,2026-05-17,1,SKIP,0.2548594504985894,0.205,0.04985945049858939,0.04985945049858939,0.9971890099717878,NBM,48.572405366666665,0.035,0.020000000000000018,0.0,0.035,0.020000000000000018,0.0
69277,KXHIGHNY-26MAY17-B87.5,2026-05-16 20:57:31.437178+00:00,KNYC,2026-05-17,1,SKIP,0.21424288010950787,0.38,-0.16575711989049213,0.16575711989049213,3.3151423978098427,NBM,48.56628868333333,-0.044999999999999984,-0.020000000000000018,0.0,0.044999999999999984,0.020000000000000018,-0.0
69276,KXHIGHNY-26MAY17-B83.5,2026-05-16 20:57:31.033081+00:00,KNYC,2026-05-17,1,SKIP,0.25895475136771795,0.05999999999999998,0.19895475136771798,0.19895475136771798,3.9790950273543593,NBM,48.55955373333333,0.03000000000000002,0.01500000000000002,0.005000000000000025,0.03000000000000002,0.01500000000000002,0.005000000000000025
69274,KXHIGHMIA-26MAY17-T90,2026-05-16 20:57:30.098732+00:00,KMIA,2026-05-17,1,OPEN,0.12090919096178229,0.01500000000000001,0.10590919096178228,0.10590919096178228,2.1181838192356452,NBM,48.54398125,-1.0408340855860843e-17,-1.0408340855860843e-17,-1.0408340855860843e-17,-1.0408340855860843e-17,-1.0408340855860843e-17,-1.0408340855860843e-17
69273,KXHIGHMIA-26MAY17-B87.5,2026-05-16 20:57:29.469325+00:00,KMIA,2026-05-17,1,OPEN,0.13659793777052442,0.42,-0.28340206222947556,0.28340206222947556,5.668041244589511,NBM,48.533491133333335,0.0050000000000000044,-0.010000000000000009,0.025000000000000022,-0.0050000000000000044,0.010000000000000009,-0.025000000000000022
69271,KXHIGHNY-26MAY16-B78.5,2026-05-16 20:57:28.684938+00:00,KNYC,2026-05-16,0,OPEN,0.470688835044901,0.965,-0.49431116495509897,0.49431116495509897,9.886223299101978,NBM,48.52041801666667,-0.020000000000000018,-0.025000000000000022,-0.14500000000000002,0.020000000000000018,0.025000000000000022,0.14500000000000002
69268,KXHIGHMIA-26MAY17-B85.5,2026-05-16 20:52:24.808388+00:00,KMIA,2026-05-17,1,SKIP,0.23255554525487773,0.135,0.09755554525487772,0.09755554525487772,1.9511109050975544,NBM,43.45580885,0.0,0.0,0.0,0.0,0.0,0.0
69265,KXHIGHCHI-26MAY16-B85.5,2026-05-16 20:52:23.451101+00:00,KMDW,2026-05-16,0,SKIP,0.29632381238203126,0.05999999999999998,0.2363238123820313,0.2363238123820313,4.726476247640625,NBM,43.4331874,-0.009999999999999974,-0.034999999999999976,-0.04499999999999998,-0.009999999999999974,-0.034999999999999976,-0.04499999999999998
69264,KXHIGHCHI-26MAY16-B81.5,2026-05-16 20:52:23.090436+00:00,KMDW,2026-05-16,0,SKIP,0.09677096046456392,0.255,-0.1582290395354361,0.1582290395354361,3.164580790708722,NBM,43.42717631666667,0.16499999999999998,-0.25,-0.25,-0.16499999999999998,0.25,0.25
69263,KXHIGHCHI-26MAY16-B83.5,2026-05-16 20:52:22.714914+00:00,KMDW,2026-05-16,0,SKIP,0.34660518510054966,0.655,-0.30839481489945036,0.30839481489945036,6.167896297989007,NBM,43.420917616666664,-0.125,0.31999999999999995,0.32999999999999996,0.125,-0.31999999999999995,-0.32999999999999996
69260,KXHIGHCHI-26MAY17-T84,2026-05-16 20:52:20.820392+00:00,KMDW,2026-05-17,1,SKIP,0.2890858018917396,0.255,0.0340858018917396,0.0340858018917396,0.681716037834792,NBM,43.38934225,0.0,-0.05000000000000002,-0.05000000000000002,0.0,-0.05000000000000002,-0.05000000000000002
69259,KXHIGHCHI-26MAY17-B88.5,2026-05-16 20:52:20.421099+00:00,KMDW,2026-05-17,1,SKIP,0.12090919096178229,0.09999999999999999,0.0209091909617823,0.0209091909617823,0.418183819235646,NBM,43.382687366666666,1.3877787807814457e-17,0.0050000000000000044,0.0050000000000000044,1.3877787807814457e-17,0.0050000000000000044,0.0050000000000000044
69258,KXHIGHCHI-26MAY17-B84.5,2026-05-16 20:52:20.069238+00:00,KMDW,2026-05-17,1,SKIP,0.15963500566539623,0.31499999999999995,-0.1553649943346037,0.1553649943346037,3.1072998866920742,NBM,43.37682301666667,5.551115123125783e-17,-0.004999999999999949,-0.009999999999999953,-5.551115123125783e-17,0.004999999999999949,0.009999999999999953
69257,KXHIGHCHI-26MAY17-B90.5,2026-05-16 20:52:19.469828+00:00,KMDW,2026-05-17,1,SKIP,0.12090919096178229,0.03500000000000002,0.08590919096178228,0.08590919096178228,1.7181838192356453,NBM,43.36683285,-1.3877787807814457e-17,-1.3877787807814457e-17,-1.3877787807814457e-17,-1.3877787807814457e-17,-1.3877787807814457e-17,-1.3877787807814457e-17
69256,KXHIGHCHI-26MAY17-B86.5,2026-05-16 20:52:18.886177+00:00,KMDW,2026-05-17,1,SKIP,0.1260867072559202,0.30499999999999994,-0.17891329274407974,0.17891329274407974,3.578265854881595,NBM,43.35710533333334,-0.004999999999999949,5.551115123125783e-17,0.020000000000000073,0.004999999999999949,-5.551115123125783e-17,-0.020000000000000073
69250,KXHIGHMIA-26MAY17-B83.5,2026-05-16 20:52:16.159837+00:00,KMIA,2026-05-17,1,SKIP,0.25968036010615536,0.07499999999999998,0.18468036010615538,0.18468036010615538,3.6936072021231072,NBM,43.311666333333335,1.3877787807814457e-17,1.3877787807814457e-17,1.3877787807814457e-17,1.3877787807814457e-17,1.3877787807814457e-17,1.3877787807814457e-17
69249,KXHIGHMIA-26MAY17-T90,2026-05-16 20:52:15.781912+00:00,KMIA,2026-05-17,1,SKIP,0.12090919096178229,0.01500000000000001,0.10590919096178228,0.10590919096178228,2.1181838192356452,NBM,43.305367583333336,-1.0408340855860843e-17,-1.0408340855860843e-17,-1.0408340855860843e-17,-1.0408340855860843e-17,-1.0408340855860843e-17,-1.0408340855860843e-17
69248,KXHIGHMIA-26MAY17-B87.5,2026-05-16 20:52:15.372972+00:00,KMIA,2026-05-17,1,SKIP,0.13628855134309303,0.41000000000000003,-0.273711448656907,0.273711448656907,5.47422897313814,NBM,43.29855191666667,0.009999999999999953,-5.551115123125783e-17,0.034999999999999976,-0.009999999999999953,5.551115123125783e-17,-0.034999999999999976
69246,KXHIGHNY-26MAY16-B78.5,2026-05-16 20:52:14.601286+00:00,KNYC,2026-05-16,0,SKIP,0.4568600557330972,0.935,-0.47813994426690287,0.47813994426690287,9.562798885338056,NBM,43.28569048333333,0.014999999999999902,0.014999999999999902,-0.08500000000000008,-0.014999999999999902,-0.014999999999999902,0.08500000000000008
69244,KXHIGHNY-26MAY17-T90,2026-05-16 20:52:13.605545+00:00,KNYC,2026-05-17,1,SKIP,0.11584304132161208,0.03500000000000002,0.08084304132161206,0.08084304132161206,1.616860826432241,NBM,43.2690948,-1.3877787807814457e-17,-1.3877787807814457e-17,0.014999999999999986,-1.3877787807814457e-17,-1.3877787807814457e-17,0.014999999999999986
69243,KXHIGHNY-26MAY17-T83,2026-05-16 20:52:12.978919+00:00,KNYC,2026-05-17,1,SKIP,0.22139287082365014,0.05500000000000003,0.16639287082365012,0.16639287082365012,3.327857416473002,NBM,43.25865103333334,-2.7755575615628914e-17,-2.7755575615628914e-17,-0.020000000000000025,-2.7755575615628914e-17,-2.7755575615628914e-17,-0.020000000000000025
69242,KXHIGHNY-26MAY17-B85.5,2026-05-16 20:52:12.601010+00:00,KNYC,2026-05-17,1,SKIP,0.25216952425969197,0.205,0.04716952425969198,0.04716952425969198,0.9433904851938396,NBM,43.25235255,0.0,0.03,-0.01999999999999999,0.0,0.03,-0.01999999999999999
69241,KXHIGHNY-26MAY17-B87.5,2026-05-16 20:52:12.270984+00:00,KNYC,2026-05-17,1,SKIP,0.21334651815785186,0.375,-0.16165348184214814,0.16165348184214814,3.233069636842963,NBM,43.246852116666666,0.0,-0.03999999999999998,0.0050000000000000044,-0.0,0.03999999999999998,-0.0050000000000000044
69240,KXHIGHNY-26MAY17-B89.5,2026-05-16 20:52:11.883344+00:00,KNYC,2026-05-17,1,SKIP,0.131063510480161,0.30500000000000005,-0.17393648951983906,0.17393648951983906,3.478729790396781,NBM,43.24039145,-0.025000000000000022,-0.040000000000000036,-0.010000000000000064,0.025000000000000022,0.040000000000000036,0.010000000000000064
69239,KXHIGHNY-26MAY17-B83.5,2026-05-16 20:52:11.475798+00:00,KNYC,2026-05-17,1,SKIP,0.26003079925861794,0.05999999999999998,0.20003079925861797,0.20003079925861797,4.0006159851723595,NBM,43.233599016666666,-0.009999999999999974,0.03000000000000002,0.01500000000000002,-0.009999999999999974,0.03000000000000002,0.01500000000000002
69238,KXHIGHMIA-26MAY17-B89.5,2026-05-16 20:52:11.063973+00:00,KMIA,2026-05-17,1,SKIP,0.12231287267187428,0.375,-0.2526871273281257,0.2526871273281257,5.053742546562514,NBM,43.226735266666665,0.0,0.0,0.0,-0.0,-0.0,-0.0
69233,KXHIGHNY-26MAY16-B80.5,2026-05-16 20:52:08.858950+00:00,KNYC,2026-05-16,0,SKIP,0.1808769116860721,0.08499999999999999,0.0958769116860721,0.0958769116860721,1.917538233721442,NBM,43.18998488333333,-0.039999999999999994,-0.04999999999999999,-0.009999999999999995,-0.039999999999999994,-0.04999999999999999,-0.009999999999999995
69232,KXHIGHMIA-26MAY17-B85.5,2026-05-16 20:47:07.506415+00:00,KMIA,2026-05-17,1,SKIP,0.22793923580719863,0.135,0.09293923580719862,0.09293923580719862,1.8587847161439723,NBM,38.16744263333333,0.0,0.0,0.0,0.0,0.0,0.0
69230,KXHIGHMIA-26MAY17-T90,2026-05-16 20:47:06.514858+00:00,KMIA,2026-05-17,1,SKIP,0.12090919096178229,0.01500000000000001,0.10590919096178228,0.10590919096178228,2.1181838192356452,NBM,38.150916683333335,-1.0408340855860843e-17,-1.0408340855860843e-17,-1.0408340855860843e-17,-1.0408340855860843e-17,-1.0408340855860843e-17,-1.0408340855860843e-17
69229,KXHIGHNY-26MAY17-B87.5,2026-05-16 20:47:06.138880+00:00,KNYC,2026-05-17,1,SKIP,0.212454530926933,0.405,-0.19254546907306702,0.19254546907306702,3.8509093814613404,NBM,38.144650383333335,-0.040000000000000036,-0.07,-0.025000000000000022,0.040000000000000036,0.07,0.025000000000000022
69228,KXHIGHCHI-26MAY16-B81.5,2026-05-16 20:47:05.782371+00:00,KMDW,2026-05-16,0,SKIP,0.09690793556486428,0.09499999999999999,0.0019079355648642937,0.0019079355648642937,0.038158711297285874,NBM,38.138708566666665,0.37000000000000005,-0.08999999999999998,-0.08999999999999998,0.37000000000000005,-0.08999999999999998,-0.08999999999999998
69227,KXHIGHCHI-26MAY16-B83.5,2026-05-16 20:47:05.433305+00:00,KMDW,2026-05-16,0,SKIP,0.3469256162658747,0.815,-0.46807438373412524,0.46807438373412524,9.361487674682504,NBM,38.1328908,-0.37499999999999994,0.16000000000000003,0.18000000000000005,0.37499999999999994,-0.16000000000000003,-0.18000000000000005
69226,KXHIGHCHI-26MAY16-B85.5,2026-05-16 20:47:05.097037+00:00,KMDW,2026-05-16,0,SKIP,0.2965070800691573,0.045000000000000026,0.2515070800691573,0.2515070800691573,5.0301416013831455,NBM,38.12728633333333,0.02499999999999998,-0.020000000000000025,-0.030000000000000027,0.02499999999999998,-0.020000000000000025,-0.030000000000000027
69222,KXHIGHCHI-26MAY17-B90.5,2026-05-16 20:47:03.543429+00:00,KMDW,2026-05-17,1,SKIP,0.1209091909617823,0.03500000000000002,0.08590919096178229,0.08590919096178229,1.7181838192356458,NBM,38.101392866666664,-1.3877787807814457e-17,-1.3877787807814457e-17,-1.3877787807814457e-17,-1.3877787807814457e-17,-1.3877787807814457e-17,-1.3877787807814457e-17
69221,KXHIGHCHI-26MAY17-T84,2026-05-16 20:47:02.942082+00:00,KMDW,2026-05-17,1,SKIP,0.2890858018917396,0.255,0.0340858018917396,0.0340858018917396,0.681716037834792,NBM,38.09137041666666,0.0,-0.06,-0.05000000000000002,0.0,-0.06,-0.05000000000000002
69220,KXHIGHCHI-26MAY17-B84.5,2026-05-16 20:47:02.285551+00:00,KMDW,2026-05-17,1,SKIP,0.15769375557316523,0.31499999999999995,-0.15730624442683472,0.15730624442683472,3.1461248885366944,NBM,38.080428233333336,5.551115123125783e-17,-0.009999999999999953,-0.009999999999999953,-5.551115123125783e-17,0.009999999999999953,0.009999999999999953
69218,KXHIGHCHI-26MAY17-B86.5,2026-05-16 20:47:01.306348+00:00,KMDW,2026-05-17,1,SKIP,0.12579863330941654,0.30499999999999994,-0.1792013666905834,0.1792013666905834,3.584027333811668,NBM,38.06410818333333,-0.004999999999999949,0.015000000000000069,0.025000000000000078,0.004999999999999949,-0.015000000000000069,-0.025000000000000078
69217,KXHIGHCHI-26MAY17-B88.5,2026-05-16 20:47:00.916014+00:00,KMDW,2026-05-17,1,SKIP,0.1209091909617823,0.09999999999999999,0.020909190961782315,0.020909190961782315,0.4181838192356463,NBM,38.057602616666664,1.3877787807814457e-17,0.0050000000000000044,0.0050000000000000044,1.3877787807814457e-17,0.0050000000000000044,0.0050000000000000044
69213,KXHIGHMIA-26MAY17-B83.5,2026-05-16 20:46:59.080169+00:00,KMIA,2026-05-17,1,SKIP,0.25968036010615536,0.07499999999999998,0.18468036010615538,0.18468036010615538,3.6936072021231072,NBM,38.0270052,1.3877787807814457e-17,1.3877787807814457e-17,1.3877787807814457e-17,1.3877787807814457e-17,1.3877787807814457e-17,1.3877787807814457e-17
69210,KXHIGHMIA-26MAY17-B87.5,2026-05-16 20:46:57.530718+00:00,KMIA,2026-05-17,1,SKIP,0.13598437386759288,0.41000000000000003,-0.27401562613240715,0.27401562613240715,5.480312522648143,NBM,38.00118101666666,0.009999999999999953,-5.551115123125783e-17,0.034999999999999976,-0.009999999999999953,5.551115123125783e-17,-0.034999999999999976
69209,KXHIGHMIA-26MAY17-B89.5,2026-05-16 20:46:56.946225+00:00,KMIA,2026-05-17,1,SKIP,0.12217619692190006,0.375,-0.25282380307809993,0.25282380307809993,5.056476061561998,NBM,37.99143946666667,0.0,0.0,0.0,-0.0,-0.0,-0.0
69206,KXHIGHNY-26MAY16-B78.5,2026-05-16 20:46:55.768017+00:00,KNYC,2026-05-16,0,SKIP,0.45707354066591244,0.925,-0.4679264593340876,0.4679264593340876,9.358529186681752,NBM,37.97180266666667,0.029999999999999916,0.04499999999999993,-0.09500000000000008,-0.029999999999999916,-0.04499999999999993,0.09500000000000008
69205,KXHIGHNY-26MAY17-T83,2026-05-16 20:46:55.442128+00:00,KNYC,2026-05-17,1,SKIP,0.227013631968398,0.05500000000000003,0.17201363196839797,0.17201363196839797,3.4402726393679592,NBM,37.96637118333334,-2.7755575615628914e-17,-2.7755575615628914e-17,-0.020000000000000025,-2.7755575615628914e-17,-2.7755575615628914e-17,-0.020000000000000025
69204,KXHIGHNY-26MAY17-B83.5,2026-05-16 20:46:55.063067+00:00,KNYC,2026-05-17,1,SKIP,0.26110159546629547,0.06499999999999997,0.1961015954662955,0.1961015954662955,3.9220319093259097,NBM,37.9600535,-0.004999999999999977,0.02000000000000003,2.7755575615628914e-17,-0.004999999999999977,0.02000000000000003,2.7755575615628914e-17
69203,KXHIGHNY-26MAY17-T90,2026-05-16 20:46:54.484047+00:00,KNYC,2026-05-17,1,SKIP,0.11540319771419509,0.03500000000000002,0.08040319771419507,0.08040319771419507,1.6080639542839015,NBM,37.95040316666667,-1.3877787807814457e-17,-1.3877787807814457e-17,0.014999999999999986,-1.3877787807814457e-17,-1.3877787807814457e-17,0.014999999999999986
69202,KXHIGHNY-26MAY17-B89.5,2026-05-16 20:46:54.118843+00:00,KNYC,2026-05-17,1,SKIP,0.12838058194123864,0.30500000000000005,-0.1766194180587614,0.1766194180587614,3.532388361175228,NBM,37.944316433333334,-0.030000000000000027,-0.030000000000000027,-0.015000000000000069,0.030000000000000027,0.030000000000000027,0.015000000000000069
69201,KXHIGHNY-26MAY17-B85.5,2026-05-16 20:46:53.764036+00:00,KNYC,2026-05-17,1,SKIP,0.24949272628452474,0.205,0.04449272628452475,0.04449272628452475,0.889854525690495,NBM,37.93840298333333,0.0,0.03,-0.01999999999999999,0.0,0.03,-0.01999999999999999
69197,KXHIGHNY-26MAY16-B80.5,2026-05-16 20:46:51.985239+00:00,KNYC,2026-05-16,0,SKIP,0.17995801090583383,0.08499999999999999,0.09495801090583383,0.09495801090583383,1.8991602181166767,NBM,37.908756366666665,-0.039999999999999994,-0.05999999999999999,0.04000000000000001,-0.039999999999999994,-0.05999999999999999,0.04000000000000001
69196,KXHIGHMIA-26MAY17-B85.5,2026-05-16 20:41:50.672941+00:00,KMIA,2026-05-17,1,SKIP,0.22333259935107327,0.135,0.08833259935107327,0.08833259935107327,1.7666519870214652,NBM,32.88688473333333,0.0050000000000000044,0.0,0.0,0.0050000000000000044,0.0,0.0
69194,KXHIGHMIA-26MAY17-T90,2026-05-16 20:41:49.946818+00:00,KMIA,2026-05-17,1,SKIP,0.12090919096178229,0.01500000000000001,0.10590919096178228,0.10590919096178228,2.1181838192356452,NBM,32.874782683333336,-1.0408340855860843e-17,-1.0408340855860843e-17,-1.0408340855860843e-17,-1.0408340855860843e-17,-1.0408340855860843e-17,-1.0408340855860843e-17
69193,KXHIGHNY-26MAY17-B87.5,2026-05-16 20:41:49.560144+00:00,KNYC,2026-05-17,1,SKIP,0.21156568524845187,0.42500000000000004,-0.21343431475154817,0.21343431475154817,4.268686295030963,NBM,32.86833811666666,-0.050000000000000044,-0.09000000000000002,-0.04500000000000004,0.050000000000000044,0.09000000000000002,0.04500000000000004
69192,KXHIGHMIA-26MAY17-B83.5,2026-05-16 20:41:49.178950+00:00,KMIA,2026-05-17,1,SKIP,0.25968036010615536,0.07499999999999998,0.18468036010615538,0.18468036010615538,3.6936072021231072,NBM,32.861984883333335,1.3877787807814457e-17,1.3877787807814457e-17,1.3877787807814457e-17,1.3877787807814457e-17,1.3877787807814457e-17,1.3877787807814457e-17
69190,KXHIGHCHI-26MAY16-B81.5,2026-05-16 20:41:48.419982+00:00,KMDW,2026-05-16,0,SKIP,0.09704474411001071,0.03500000000000002,0.062044744110010694,0.062044744110010694,1.2408948822002137,NBM,32.84933541666667,0.5399999999999999,0.45999999999999996,-0.030000000000000016,0.5399999999999999,0.45999999999999996,-0.030000000000000016
69186,KXHIGHCHI-26MAY16-B83.5,2026-05-16 20:41:46.353662+00:00,KMDW,2026-05-16,0,SKIP,0.3472456578022678,0.895,-0.5477543421977322,0.5477543421977322,10.955086843954644,NBM,32.81489675,-0.51,-0.39,0.08999999999999997,0.51,0.39,-0.08999999999999997
69185,KXHIGHCHI-26MAY16-B85.5,2026-05-16 20:41:45.914409+00:00,KMDW,2026-05-16,0,SKIP,0.2966901249115634,0.05500000000000003,0.24169012491156336,0.24169012491156336,4.833802498231267,NBM,32.80757586666667,-2.7755575615628914e-17,-0.01000000000000003,-0.04000000000000003,-2.7755575615628914e-17,-0.01000000000000003,-0.04000000000000003
69184,KXHIGHCHI-26MAY17-B90.5,2026-05-16 20:41:45.526166+00:00,KMDW,2026-05-17,1,SKIP,0.12090919096178229,0.03500000000000002,0.08590919096178228,0.08590919096178228,1.7181838192356453,NBM,32.80110515,-1.3877787807814457e-17,-1.3877787807814457e-17,-1.3877787807814457e-17,-1.3877787807814457e-17,-1.3877787807814457e-17,-1.3877787807814457e-17
69183,KXHIGHCHI-26MAY17-B86.5,2026-05-16 20:41:45.111419+00:00,KMDW,2026-05-17,1,SKIP,0.1255170129531351,0.31499999999999995,-0.18948298704686484,0.18948298704686484,3.7896597409372967,NBM,32.7941927,-0.014999999999999958,-0.014999999999999958,0.015000000000000069,0.014999999999999958,0.014999999999999958,-0.015000000000000069
69181,KXHIGHCHI-26MAY17-B84.5,2026-05-16 20:41:44.092019+00:00,KMDW,2026-05-17,1,SKIP,0.1557494654613114,0.30500000000000005,-0.14925053453868864,0.14925053453868864,2.985010690773773,NBM,32.7772027,0.009999999999999953,0.009999999999999953,-5.551115123125783e-17,-0.009999999999999953,-0.009999999999999953,5.551115123125783e-17
69180,KXHIGHCHI-26MAY17-B88.5,2026-05-16 20:41:43.715293+00:00,KMDW,2026-05-17,1,SKIP,0.12090919096178229,0.09999999999999999,0.0209091909617823,0.0209091909617823,0.418183819235646,NBM,32.770923933333336,1.3877787807814457e-17,1.3877787807814457e-17,0.0050000000000000044,1.3877787807814457e-17,1.3877787807814457e-17,0.0050000000000000044
69179,KXHIGHCHI-26MAY17-T84,2026-05-16 20:41:43.327414+00:00,KMDW,2026-05-17,1,SKIP,0.2890858018917396,0.24,0.04908580189173961,0.04908580189173961,0.9817160378347922,NBM,32.76445928333333,0.015000000000000013,0.015000000000000013,-0.035,0.015000000000000013,0.015000000000000013,-0.035
69178,KXHIGHMIA-26MAY17-B89.5,2026-05-16 20:41:42.872375+00:00,KMIA,2026-05-17,1,SKIP,0.12204163200936201,0.38,-0.257958367990638,0.257958367990638,5.159167359812759,NBM,32.7568753,-0.0050000000000000044,-0.0050000000000000044,-0.0050000000000000044,0.0050000000000000044,0.0050000000000000044,0.0050000000000000044
69170,KXHIGHMIA-26MAY17-B87.5,2026-05-16 20:41:39.361304+00:00,KMIA,2026-05-17,1,SKIP,0.13568489414720053,0.405,-0.2693151058527995,0.2693151058527995,5.3863021170559895,NBM,32.69835745,0.014999999999999958,0.019999999999999962,0.03999999999999998,-0.014999999999999958,-0.019999999999999962,-0.03999999999999998
69167,KXHIGHNY-26MAY16-B78.5,2026-05-16 20:41:38.194419+00:00,KNYC,2026-05-16,0,SKIP,0.4572865422975584,0.925,-0.46771345770244166,0.46771345770244166,9.354269154048833,NBM,32.678909366666666,0.029999999999999916,0.019999999999999907,0.0,-0.029999999999999916,-0.019999999999999907,-0.0
69166,KXHIGHNY-26MAY17-B85.5,2026-05-16 20:41:37.856682+00:00,KNYC,2026-05-17,1,SKIP,0.24682535591203242,0.17500000000000004,0.07182535591203237,0.07182535591203237,1.4365071182406475,NBM,32.673280416666664,0.029999999999999943,0.06499999999999995,0.009999999999999953,0.029999999999999943,0.06499999999999995,0.009999999999999953
69165,KXHIGHNY-26MAY17-B83.5,2026-05-16 20:41:37.508922+00:00,KNYC,2026-05-17,1,SKIP,0.26216862036164923,0.045000000000000026,0.2171686203616492,0.2171686203616492,4.343372407232984,NBM,32.66748441666667,0.009999999999999974,0.04499999999999997,0.02999999999999997,0.009999999999999974,0.04499999999999997,0.02999999999999997
69164,KXHIGHNY-26MAY17-T90,2026-05-16 20:41:37.152462+00:00,KNYC,2026-05-17,1,SKIP,0.11497279911869245,0.03500000000000002,0.07997279911869243,0.07997279911869243,1.5994559823738486,NBM,32.66154341666667,0.004999999999999984,-1.3877787807814457e-17,0.014999999999999986,0.004999999999999984,-1.3877787807814457e-17,0.014999999999999986
69163,KXHIGHNY-26MAY17-B89.5,2026-05-16 20:41:36.780172+00:00,KNYC,2026-05-17,1,SKIP,0.1256992067008132,0.29500000000000004,-0.16930079329918685,0.16930079329918685,3.3860158659837367,NBM,32.65533858333333,-0.010000000000000064,-0.015000000000000013,-0.015000000000000013,0.010000000000000064,0.015000000000000013,0.015000000000000013
69162,KXHIGHNY-26MAY17-T83,2026-05-16 20:41:36.394287+00:00,KNYC,2026-05-17,1,SKIP,0.2326145969599457,0.025000000000000015,0.2076145969599457,0.2076145969599457,4.152291939198913,NBM,32.64890716666667,0.029999999999999985,0.029999999999999985,0.009999999999999988,0.029999999999999985,0.029999999999999985,0.009999999999999988
69161,KXHIGHNY-26MAY16-B80.5,2026-05-16 20:41:35.737394+00:00,KNYC,2026-05-16,0,SKIP,0.17904107035332625,0.07999999999999999,0.09904107035332627,0.09904107035332627,1.9808214070665253,NBM,32.63795895,-0.024999999999999988,-0.01999999999999999,-0.009999999999999981,-0.024999999999999988,-0.01999999999999999,-0.009999999999999981
69160,KXHIGHCHI-26MAY16-B83.5,2026-05-16 20:36:34.279025+00:00,KMDW,2026-05-16,0,SKIP,0.3475676683476969,0.845,-0.49743233165230305,0.49743233165230305,9.94864663304606,NBM,27.6136528,-0.18999999999999995,-0.31499999999999995,0.14,0.18999999999999995,0.31499999999999995,-0.14
69159,KXHIGHMIA-26MAY17-B85.5,2026-05-16 20:36:33.925825+00:00,KMIA,2026-05-17,1,SKIP,0.21870180402407113,0.135,0.08370180402407112,0.08370180402407112,1.6740360804814225,NBM,27.60776613333333,0.0,0.0,0.0,0.0,0.0,0.0
69157,KXHIGHNY-26MAY16-B78.5,2026-05-16 20:36:32.936166+00:00,KNYC,2026-05-16,0,SKIP,0.4575006291012098,0.9099999999999999,-0.4524993708987901,0.4524993708987901,9.049987417975801,NBM,27.591271816666666,0.03500000000000003,0.040000000000000036,0.030000000000000027,-0.03500000000000003,-0.040000000000000036,-0.030000000000000027
69155,KXHIGHMIA-26MAY17-T90,2026-05-16 20:36:32.258628+00:00,KMIA,2026-05-17,1,SKIP,0.12090919096178229,0.01500000000000001,0.10590919096178228,0.10590919096178228,2.1181838192356452,NBM,27.57997951666667,-1.0408340855860843e-17,-1.0408340855860843e-17,-1.0408340855860843e-17,-1.0408340855860843e-17,-1.0408340855860843e-17,-1.0408340855860843e-17
69154,KXHIGHNY-26MAY17-B87.5,2026-05-16 20:36:31.619441+00:00,KNYC,2026-05-17,1,SKIP,0.21067343858332233,0.41500000000000004,-0.2043265614166777,0.2043265614166777,4.086531228333554,NBM,27.5693264,-0.040000000000000036,-0.040000000000000036,-0.040000000000000036,0.040000000000000036,0.040000000000000036,0.040000000000000036
69153,KXHIGHMIA-26MAY17-B83.5,2026-05-16 20:36:30.993811+00:00,KMIA,2026-05-17,1,SKIP,0.25968036010615536,0.07499999999999998,0.18468036010615538,0.18468036010615538,3.6936072021231072,NBM,27.55889923333333,1.3877787807814457e-17,1.3877787807814457e-17,1.3877787807814457e-17,1.3877787807814457e-17,1.3877787807814457e-17,1.3877787807814457e-17
69151,KXHIGHMIA-26MAY17-B89.5,2026-05-16 20:36:30.272159+00:00,KMIA,2026-05-17,1,SKIP,0.12190816856813035,0.37,-0.24809183143186964,0.24809183143186964,4.961836628637393,NBM,27.5468717,0.0050000000000000044,0.0050000000000000044,0.0050000000000000044,-0.0050000000000000044,-0.0050000000000000044,-0.0050000000000000044
69147,KXHIGHCHI-26MAY16-B85.5,2026-05-16 20:36:28.233751+00:00,KMDW,2026-05-16,0,SKIP,0.29687429591075803,0.105,0.19187429591075805,0.19187429591075805,3.837485918215161,NBM,27.512898233333335,-0.05499999999999999,-0.05499999999999999,-0.09,-0.05499999999999999,-0.05499999999999999,-0.09
69146,KXHIGHCHI-26MAY16-B81.5,2026-05-16 20:36:27.666151+00:00,KMDW,2026-05-16,0,SKIP,0.0971823943498468,0.03500000000000002,0.06218239434984678,0.06218239434984678,1.2436478869969354,NBM,27.503438233333334,0.25999999999999995,0.38499999999999995,-0.030000000000000016,0.25999999999999995,0.38499999999999995,-0.030000000000000016
69144,KXHIGHCHI-26MAY17-T84,2026-05-16 20:36:26.891633+00:00,KMDW,2026-05-17,1,SKIP,0.2890858018917396,0.24,0.04908580189173961,0.04908580189173961,0.9817160378347922,NBM,27.4905296,0.015000000000000013,0.015000000000000013,-0.035,0.015000000000000013,0.015000000000000013,-0.035
69143,KXHIGHCHI-26MAY17-B88.5,2026-05-16 20:36:26.474671+00:00,KMDW,2026-05-17,1,SKIP,0.12090919096178229,0.09999999999999999,0.0209091909617823,0.0209091909617823,0.418183819235646,NBM,27.483580233333335,1.3877787807814457e-17,1.3877787807814457e-17,0.0050000000000000044,1.3877787807814457e-17,1.3877787807814457e-17,0.0050000000000000044
69142,KXHIGHCHI-26MAY17-B84.5,2026-05-16 20:36:26.088258+00:00,KMDW,2026-05-17,1,SKIP,0.1537880076517545,0.30500000000000005,-0.15121199234824556,0.15121199234824556,3.024239846964911,NBM,27.477140016666667,0.009999999999999953,0.009999999999999953,-5.551115123125783e-17,-0.009999999999999953,-0.009999999999999953,5.551115123125783e-17
69141,KXHIGHCHI-26MAY17-B90.5,2026-05-16 20:36:25.732311+00:00,KMDW,2026-05-17,1,SKIP,0.12090919096178229,0.03500000000000002,0.08590919096178228,0.08590919096178228,1.7181838192356453,NBM,27.471207566666667,-1.3877787807814457e-17,-1.3877787807814457e-17,-1.3877787807814457e-17,-1.3877787807814457e-17,-1.3877787807814457e-17,-1.3877787807814457e-17
69140,KXHIGHCHI-26MAY17-B86.5,2026-05-16 20:36:25.351515+00:00,KMDW,2026-05-17,1,SKIP,0.12523967210957665,0.31499999999999995,-0.1897603278904233,0.1897603278904233,3.795206557808466,NBM,27.464860966666667,-0.014999999999999958,-0.014999999999999958,0.010000000000000064,0.014999999999999958,0.014999999999999958,-0.010000000000000064
69132,KXHIGHMIA-26MAY17-B87.5,2026-05-16 20:36:21.947064+00:00,KMIA,2026-05-17,1,SKIP,0.13538786579628193,0.42999999999999994,-0.294612134203718,0.294612134203718,5.89224268407436,NBM,27.408120116666666,-0.019999999999999962,-0.009999999999999953,-0.004999999999999949,0.019999999999999962,0.009999999999999953,0.004999999999999949
69131,KXHIGHNY-26MAY16-B80.5,2026-05-16 20:36:21.272867+00:00,KNYC,2026-05-16,0,SKIP,0.1781193379203688,0.06999999999999998,0.10811933792036882,0.10811933792036882,2.162386758407376,NBM,27.3968835,2.7755575615628914e-17,-0.02499999999999998,-0.014999999999999979,2.7755575615628914e-17,-0.02499999999999998,-0.014999999999999979
69129,KXHIGHNY-26MAY17-T90,2026-05-16 20:36:20.486172+00:00,KNYC,2026-05-17,1,SKIP,0.11454853804718572,0.03500000000000002,0.0795485380471857,0.0795485380471857,1.590970760943714,NBM,27.383771916666667,-1.3877787807814457e-17,-1.3877787807814457e-17,0.019999999999999983,-1.3877787807814457e-17,-1.3877787807814457e-17,0.019999999999999983
69128,KXHIGHNY-26MAY17-B85.5,2026-05-16 20:36:20.105163+00:00,KNYC,2026-05-17,1,SKIP,0.2441477793910006,0.18,0.06414777939100061,0.06414777939100061,1.282955587820012,NBM,27.377421766666668,0.024999999999999994,0.024999999999999994,0.0050000000000000044,0.024999999999999994,0.024999999999999994,0.0050000000000000044
69127,KXHIGHNY-26MAY17-B89.5,2026-05-16 20:36:19.526089+00:00,KNYC,2026-05-17,1,SKIP,0.12299978736866594,0.29000000000000004,-0.16700021263133408,0.16700021263133408,3.3400042526266813,NBM,27.367770533333335,0.014999999999999958,-0.010000000000000009,0.004999999999999949,-0.014999999999999958,0.010000000000000009,-0.004999999999999949
69126,KXHIGHNY-26MAY17-B83.5,2026-05-16 20:36:19.141155+00:00,KNYC,2026-05-17,1,SKIP,0.2632397280100731,0.045000000000000026,0.21823972801007308,0.21823972801007308,4.364794560201461,NBM,27.361354966666667,0.014999999999999972,0.004999999999999977,0.019999999999999976,0.014999999999999972,0.004999999999999977,0.019999999999999976
69125,KXHIGHNY-26MAY17-T83,2026-05-16 20:36:18.560503+00:00,KNYC,2026-05-17,1,SKIP,0.23823699290133715,0.025000000000000015,0.21323699290133713,0.21323699290133713,4.264739858026743,NBM,27.351677433333332,0.029999999999999985,0.029999999999999985,0.029999999999999985,0.029999999999999985,0.029999999999999985,0.029999999999999985
69124,KXHIGHCHI-26MAY16-B83.5,2026-05-16 20:31:16.993180+00:00,KMDW,2026-05-16,0,SKIP,0.3478901990086481,0.81,-0.46210980099135196,0.46210980099135196,9.24219601982704,NBM,22.325555383333334,0.014999999999999902,-0.37000000000000005,0.17499999999999993,-0.014999999999999902,0.37000000000000005,-0.17499999999999993
69123,KXHIGHCHI-26MAY16-B85.5,2026-05-16 20:31:16.628170+00:00,KMDW,2026-05-16,0,SKIP,0.2970587643852892,0.105,0.19205876438528924,0.19205876438528924,3.8411752877057848,NBM,22.319471883333332,-0.06999999999999999,-0.03499999999999999,-0.09,-0.06999999999999999,-0.03499999999999999,-0.09
69121,KXHIGHCHI-26MAY16-B81.5,2026-05-16 20:31:15.891679+00:00,KMDW,2026-05-16,0,SKIP,0.09732026692409818,0.05999999999999998,0.0373202669240982,0.0373202669240982,0.7464053384819639,NBM,22.307197033333335,0.04500000000000002,0.405,-0.05499999999999998,0.04500000000000002,0.405,-0.05499999999999998
69118,KXHIGHCHI-26MAY17-B86.5,2026-05-16 20:31:14.417895+00:00,KMDW,2026-05-17,1,SKIP,0.12496778722043665,0.30499999999999994,-0.18003221277956327,0.18003221277956327,3.6006442555912654,NBM,22.282633966666666,5.551115123125783e-17,-0.004999999999999949,0.015000000000000069,-5.551115123125783e-17,0.004999999999999949,-0.015000000000000069
69117,KXHIGHCHI-26MAY17-B90.5,2026-05-16 20:31:14.018873+00:00,KMDW,2026-05-17,1,SKIP,0.12090919096178229,0.03500000000000002,0.08590919096178228,0.08590919096178228,1.7181838192356453,NBM,22.2759836,-1.3877787807814457e-17,-1.3877787807814457e-17,-1.3877787807814457e-17,-1.3877787807814457e-17,-1.3877787807814457e-17,-1.3877787807814457e-17
69116,KXHIGHCHI-26MAY17-B88.5,2026-05-16 20:31:13.620038+00:00,KMDW,2026-05-17,1,SKIP,0.12090919096178229,0.105,0.015909190961782296,0.015909190961782296,0.3181838192356459,NBM,22.26933635,-0.0049999999999999906,-0.0049999999999999906,0.0,-0.0049999999999999906,-0.0049999999999999906,0.0
69115,KXHIGHCHI-26MAY17-B84.5,2026-05-16 20:31:13.216901+00:00,KMDW,2026-05-17,1,SKIP,0.15181838394486036,0.29500000000000004,-0.14318161605513968,0.14318161605513968,2.8636323211027936,NBM,22.2626174,0.019999999999999962,0.019999999999999962,0.009999999999999953,-0.019999999999999962,-0.019999999999999962,-0.009999999999999953
69114,KXHIGHCHI-26MAY17-T84,2026-05-16 20:31:12.572933+00:00,KMDW,2026-05-17,1,SKIP,0.2890858018917396,0.25,0.0390858018917396,0.0390858018917396,0.781716037834792,NBM,22.2518846,0.0050000000000000044,0.0050000000000000044,-0.035,0.0050000000000000044,0.0050000000000000044,-0.035
69106,KXHIGHMIA-26MAY17-B87.5,2026-05-16 20:31:08.932352+00:00,KMIA,2026-05-17,1,SKIP,0.13509460455553213,0.42499999999999993,-0.2899053954444678,0.2899053954444678,5.798107908889356,NBM,22.19120825,-0.014999999999999958,-0.004999999999999949,-0.004999999999999949,0.014999999999999958,0.004999999999999949,0.004999999999999949
69105,KXHIGHMIA-26MAY17-B85.5,2026-05-16 20:31:08.300772+00:00,KMIA,2026-05-17,1,SKIP,0.21406782120132395,0.135,0.07906782120132394,0.07906782120132394,1.5813564240264788,NBM,22.180681916666668,0.0,0.0,0.0,0.0,0.0,0.0
69103,KXHIGHNY-26MAY16-B78.5,2026-05-16 20:31:07.547574+00:00,KNYC,2026-05-16,0,SKIP,0.45771483552986847,0.9099999999999999,-0.45228516447013145,0.45228516447013145,9.045703289402628,NBM,22.168128616666667,1.1102230246251565e-16,0.04500000000000004,0.025000000000000133,-1.1102230246251565e-16,-0.04500000000000004,-0.025000000000000133
69101,KXHIGHNY-26MAY17-T83,2026-05-16 20:31:06.812262+00:00,KNYC,2026-05-17,1,SKIP,0.24385541584713566,0.025000000000000015,0.21885541584713564,0.21885541584713564,4.377108316942713,NBM,22.155873416666665,0.029999999999999985,0.029999999999999985,0.029999999999999985,0.029999999999999985,0.029999999999999985,0.029999999999999985
69100,KXHIGHNY-26MAY17-B85.5,2026-05-16 20:31:06.158432+00:00,KNYC,2026-05-17,1,SKIP,0.2414720949458434,0.19999999999999998,0.04147209494584342,0.04147209494584342,0.8294418989168684,NBM,22.14497625,0.0050000000000000044,0.0050000000000000044,-0.014999999999999986,0.0050000000000000044,0.0050000000000000044,-0.014999999999999986
69099,KXHIGHNY-26MAY17-B83.5,2026-05-16 20:31:05.813107+00:00,KNYC,2026-05-17,1,SKIP,0.2643100787737081,0.05500000000000003,0.20931007877370808,0.20931007877370808,4.186201575474161,NBM,22.139220833333333,0.009999999999999974,0.00499999999999997,0.009999999999999974,0.009999999999999974,0.00499999999999997,0.009999999999999974
69098,KXHIGHNY-26MAY17-T90,2026-05-16 20:31:05.434392+00:00,KNYC,2026-05-17,1,SKIP,0.11413222730115695,0.045000000000000026,0.06913222730115692,0.06913222730115692,1.3826445460231385,NBM,22.13290891666667,-0.010000000000000023,-0.010000000000000023,0.009999999999999974,-0.010000000000000023,-0.010000000000000023,0.009999999999999974
69097,KXHIGHNY-26MAY17-B89.5,2026-05-16 20:31:05.061924+00:00,KNYC,2026-05-17,1,SKIP,0.12029462502063008,0.245,-0.12470537497936991,0.12470537497936991,2.494107499587398,NBM,22.126701116666666,0.06,0.030000000000000027,0.04999999999999999,-0.06,-0.030000000000000027,-0.04999999999999999
69095,KXHIGHMIA-26MAY17-T90,2026-05-16 20:31:04.020081+00:00,KMIA,2026-05-17,1,SKIP,0.1209091909617823,0.01500000000000001,0.10590919096178229,0.10590919096178229,2.1181838192356457,NBM,22.109337066666665,-1.0408340855860843e-17,-1.0408340855860843e-17,-1.0408340855860843e-17,-1.0408340855860843e-17,-1.0408340855860843e-17,-1.0408340855860843e-17
69094,KXHIGHNY-26MAY17-B87.5,2026-05-16 20:31:03.634103+00:00,KNYC,2026-05-17,1,SKIP,0.2097818224131108,0.42500000000000004,-0.21521817758688924,0.21521817758688924,4.304363551737785,NBM,22.1029041,-0.020000000000000018,-0.06000000000000005,-0.050000000000000044,0.020000000000000018,0.06000000000000005,0.050000000000000044
69093,KXHIGHMIA-26MAY17-B83.5,2026-05-16 20:31:03.240416+00:00,KMIA,2026-05-17,1,SKIP,0.25968036010615536,0.07499999999999998,0.18468036010615538,0.18468036010615538,3.6936072021231072,NBM,22.09634265,1.3877787807814457e-17,1.3877787807814457e-17,1.3877787807814457e-17,1.3877787807814457e-17,1.3877787807814457e-17,1.3877787807814457e-17
69091,KXHIGHMIA-26MAY17-B89.5,2026-05-16 20:31:02.548501+00:00,KMIA,2026-05-17,1,SKIP,0.12177639779860848,0.37,-0.2482236022013915,0.2482236022013915,4.96447204402783,NBM,22.084810733333335,0.0050000000000000044,0.0050000000000000044,0.0050000000000000044,-0.0050000000000000044,-0.0050000000000000044,-0.0050000000000000044
69089,KXHIGHNY-26MAY16-B80.5,2026-05-16 20:31:01.680256+00:00,KNYC,2026-05-16,0,SKIP,0.17719697011632612,0.05500000000000003,0.1221969701163261,0.1221969701163261,2.4439394023265217,NBM,22.070339983333334,0.029999999999999978,-0.01000000000000003,-0.005000000000000025,0.029999999999999978,-0.01000000000000003,-0.005000000000000025
69088,KXHIGHNY-26MAY16-B78.5,2026-05-16 20:26:00.062673+00:00,KNYC,2026-05-16,0,SKIP,0.45792895420411694,0.9299999999999999,-0.472071045795883,0.472071045795883,9.441420915917659,NBM,17.043380266666667,-0.014999999999999902,0.025000000000000022,0.010000000000000009,0.014999999999999902,-0.025000000000000022,-0.010000000000000009
69085,KXHIGHCHI-26MAY16-B85.5,2026-05-16 20:25:59.026897+00:00,KMDW,2026-05-16,0,SKIP,0.29724335209752833,0.11499999999999999,0.18224335209752834,0.18224335209752834,3.6448670419505667,NBM,17.02611733333333,-0.05999999999999999,-0.05999999999999999,-0.09999999999999999,-0.05999999999999999,-0.05999999999999999,-0.09999999999999999
69084,KXHIGHCHI-26MAY16-B83.5,2026-05-16 20:25:58.703437+00:00,KMDW,2026-05-16,0,SKIP,0.34821293814867327,0.8150000000000001,-0.4667870618513268,0.4667870618513268,9.335741237026536,NBM,17.020726333333332,0.06999999999999995,-0.43000000000000005,0.16999999999999993,-0.06999999999999995,0.43000000000000005,-0.16999999999999993
69083,KXHIGHCHI-26MAY16-B81.5,2026-05-16 20:25:58.375192+00:00,KMDW,2026-05-16,0,SKIP,0.09745822861715309,0.045000000000000026,0.05245822861715306,0.05245822861715306,1.0491645723430612,NBM,17.01525558333333,0.009999999999999974,0.5299999999999999,-0.04000000000000003,0.009999999999999974,0.5299999999999999,-0.04000000000000003
69081,KXHIGHCHI-26MAY17-B90.5,2026-05-16 20:25:57.343510+00:00,KMDW,2026-05-17,1,SKIP,0.12090919096178229,0.03500000000000002,0.08590919096178228,0.08590919096178228,1.7181838192356453,NBM,16.998060883333334,-1.3877787807814457e-17,-1.3877787807814457e-17,-1.3877787807814457e-17,-1.3877787807814457e-17,-1.3877787807814457e-17,-1.3877787807814457e-17
69079,KXHIGHCHI-26MAY17-B86.5,2026-05-16 20:25:56.086164+00:00,KMDW,2026-05-17,1,SKIP,0.124701502684038,0.30000000000000004,-0.17529849731596203,0.17529849731596203,3.5059699463192406,NBM,16.977105116666667,0.004999999999999949,-5.551115123125783e-17,0.019999999999999962,-0.004999999999999949,5.551115123125783e-17,-0.019999999999999962
69078,KXHIGHCHI-26MAY17-T84,2026-05-16 20:25:55.676115+00:00,KMDW,2026-05-17,1,SKIP,0.7860201070157542,0.31499999999999995,0.47102010701575425,0.47102010701575425,9.420402140315085,NBM,16.970270966666668,-0.07499999999999996,-0.05999999999999994,-0.09999999999999995,-0.07499999999999996,-0.05999999999999994,-0.09999999999999995
69077,KXHIGHCHI-26MAY17-B88.5,2026-05-16 20:25:55.357494+00:00,KMDW,2026-05-17,1,SKIP,0.12090919096178229,0.06499999999999997,0.05590919096178232,0.05590919096178232,1.1181838192356464,NBM,16.964960616666666,0.03500000000000003,0.03500000000000003,0.04000000000000002,0.03500000000000003,0.03500000000000003,0.04000000000000002
69076,KXHIGHCHI-26MAY17-B84.5,2026-05-16 20:25:54.973741+00:00,KMDW,2026-05-17,1,SKIP,0.14984271175006658,0.31999999999999995,-0.17015728824993337,0.17015728824993337,3.4031457649986674,NBM,16.958564733333333,5.551115123125783e-17,-0.004999999999999949,-0.004999999999999949,-5.551115123125783e-17,0.004999999999999949,0.004999999999999949
69068,KXHIGHMIA-26MAY17-B87.5,2026-05-16 20:25:51.520187+00:00,KMIA,2026-05-17,1,SKIP,0.13480533854545673,0.42999999999999994,-0.2951946614545432,0.2951946614545432,5.903893229090864,NBM,16.9010055,-0.02499999999999991,-0.009999999999999953,-0.019999999999999962,0.02499999999999991,0.009999999999999953,0.019999999999999962
69067,KXHIGHMIA-26MAY17-T90,2026-05-16 20:25:51.117817+00:00,KMIA,2026-05-17,1,SKIP,0.12090919096178229,0.025000000000000015,0.09590919096178227,0.09590919096178227,1.9181838192356453,NBM,16.894299333333333,-0.010000000000000016,-0.010000000000000016,-0.010000000000000016,-0.010000000000000016,-0.010000000000000016,-0.010000000000000016
69065,KXHIGHNY-26MAY17-B83.5,2026-05-16 20:25:50.402659+00:00,KNYC,2026-05-17,1,SKIP,0.26537863868129524,0.05500000000000003,0.21037863868129522,0.21037863868129522,4.2075727736259045,NBM,16.882380033333334,-0.01000000000000003,-2.7755575615628914e-17,0.01999999999999997,-0.01000000000000003,-2.7755575615628914e-17,0.01999999999999997
69064,KXHIGHNY-26MAY17-B87.5,2026-05-16 20:25:50.027327+00:00,KNYC,2026-05-17,1,SKIP,0.20773491897999893,0.42500000000000004,-0.2172650810200011,0.2172650810200011,4.345301620400022,NBM,16.8761245,0.004999999999999949,-0.050000000000000044,-0.06500000000000006,-0.004999999999999949,0.050000000000000044,0.06500000000000006
69063,KXHIGHNY-26MAY17-T83,2026-05-16 20:25:49.652718+00:00,KNYC,2026-05-17,1,SKIP,0.18272356666206607,0.025000000000000015,0.15772356666206605,0.15772356666206605,3.154471333241321,NBM,16.869881016666668,-1.3877787807814457e-17,0.029999999999999985,0.029999999999999985,-1.3877787807814457e-17,0.029999999999999985,0.029999999999999985
69062,KXHIGHNY-26MAY17-T90,2026-05-16 20:25:49.276460+00:00,KNYC,2026-05-17,1,SKIP,0.11372410417476368,0.045000000000000026,0.06872410417476366,0.06872410417476366,1.3744820834952731,NBM,16.86361005,-0.010000000000000023,-0.005000000000000025,0.009999999999999974,-0.010000000000000023,-0.005000000000000025,0.009999999999999974
69061,KXHIGHNY-26MAY17-B85.5,2026-05-16 20:25:48.906052+00:00,KNYC,2026-05-17,1,SKIP,0.2388008873187842,0.19999999999999998,0.03880088731878423,0.03880088731878423,0.7760177463756845,NBM,16.85743658333333,-0.034999999999999976,0.0050000000000000044,0.025000000000000022,-0.034999999999999976,0.0050000000000000044,0.025000000000000022
69060,KXHIGHMIA-26MAY17-B83.5,2026-05-16 20:25:48.567244+00:00,KMIA,2026-05-17,1,SKIP,0.25968036010615536,0.07499999999999998,0.18468036010615538,0.18468036010615538,3.6936072021231072,NBM,16.851789783333334,1.3877787807814457e-17,1.3877787807814457e-17,1.3877787807814457e-17,1.3877787807814457e-17,1.3877787807814457e-17,1.3877787807814457e-17
69057,KXHIGHMIA-26MAY17-B89.5,2026-05-16 20:25:46.979374+00:00,KMIA,2026-05-17,1,SKIP,0.12164642220194699,0.37,-0.248353577798053,0.248353577798053,4.96707155596106,NBM,16.825325283333335,0.0050000000000000044,0.0050000000000000044,0.0050000000000000044,-0.0050000000000000044,-0.0050000000000000044,-0.0050000000000000044
69055,KXHIGHNY-26MAY17-B89.5,2026-05-16 20:25:46.203382+00:00,KNYC,2026-05-17,1,SKIP,0.11874327681116541,0.245,-0.12625672318883457,0.12625672318883457,2.5251344637766913,NBM,16.812392083333332,0.04999999999999999,0.03999999999999998,0.04999999999999999,-0.04999999999999999,-0.03999999999999998,-0.04999999999999999
69054,KXHIGHMIA-26MAY17-B85.5,2026-05-16 20:25:45.777037+00:00,KMIA,2026-05-17,1,SKIP,0.20943522755678168,0.135,0.07443522755678167,0.07443522755678167,1.4887045511356334,NBM,16.805286333333335,0.0,0.0050000000000000044,0.0,0.0,0.0050000000000000044,0.0
69053,KXHIGHNY-26MAY16-B80.5,2026-05-16 20:25:45.126305+00:00,KNYC,2026-05-16,0,SKIP,0.17627486033023806,0.06999999999999998,0.10627486033023809,0.10627486033023809,2.1254972066047615,NBM,16.7944408,0.015000000000000027,-0.014999999999999979,-0.009999999999999981,0.015000000000000027,-0.014999999999999979,-0.009999999999999981
69052,KXHIGHMIA-26MAY17-T90,2026-05-16 20:20:39.072428+00:00,KMIA,2026-05-17,1,SKIP,0.12090919096178229,0.025000000000000015,0.09590919096178227,0.09590919096178227,1.9181838192356453,NBM,11.69354285,-0.010000000000000016,-0.010000000000000016,-0.010000000000000016,-0.010000000000000016,-0.010000000000000016,-0.010000000000000016
69051,KXHIGHNY-26MAY16-B78.5,2026-05-16 20:20:38.701002+00:00,KNYC,2026-05-16,0,SKIP,0.4581468583077123,0.9199999999999999,-0.46185314169228764,0.46185314169228764,9.237062833845751,NBM,11.687352416666666,-0.009999999999999898,0.025000000000000022,0.030000000000000027,0.009999999999999898,-0.025000000000000022,-0.030000000000000027
69048,KXHIGHCHI-26MAY16-B85.5,2026-05-16 20:20:37.448274+00:00,KMDW,2026-05-16,0,SKIP,0.29743140344151253,0.15000000000000002,0.1474314034415125,0.1474314034415125,2.94862806883025,NBM,11.666473616666666,-0.09500000000000003,-0.10000000000000002,-0.12500000000000003,-0.09500000000000003,-0.10000000000000002,-0.12500000000000003
69046,KXHIGHCHI-26MAY16-B81.5,2026-05-16 20:20:36.761288+00:00,KMDW,2026-05-16,0,SKIP,0.09759877904427866,0.03500000000000002,0.06259877904427864,0.06259877904427864,1.2519755808855728,NBM,11.65502385,-1.3877787807814457e-17,0.25999999999999995,-0.030000000000000016,-1.3877787807814457e-17,0.25999999999999995,-0.030000000000000016
69045,KXHIGHCHI-26MAY16-B83.5,2026-05-16 20:20:36.403732+00:00,KMDW,2026-05-16,0,SKIP,0.3485417332147257,0.825,-0.47645826678527425,0.47645826678527425,9.529165335705484,NBM,11.649064583333333,0.04500000000000004,-0.16999999999999993,0.15000000000000002,-0.04500000000000004,0.16999999999999993,-0.15000000000000002
69043,KXHIGHCHI-26MAY17-B90.5,2026-05-16 20:20:35.340007+00:00,KMDW,2026-05-17,1,SKIP,0.12090919096178229,0.03500000000000002,0.08590919096178228,0.08590919096178228,1.7181838192356453,NBM,11.631335833333333,-1.3877787807814457e-17,-1.3877787807814457e-17,-1.3877787807814457e-17,-1.3877787807814457e-17,-1.3877787807814457e-17,-1.3877787807814457e-17
69041,KXHIGHCHI-26MAY17-B84.5,2026-05-16 20:20:34.354477+00:00,KMDW,2026-05-17,1,SKIP,0.1478252885597129,0.32499999999999996,-0.17717471144028707,0.17717471144028707,3.5434942288057414,NBM,11.614910333333333,-0.019999999999999962,-0.009999999999999953,-0.014999999999999958,0.019999999999999962,0.009999999999999953,0.014999999999999958
69040,KXHIGHCHI-26MAY17-T84,2026-05-16 20:20:33.986051+00:00,KMDW,2026-05-17,1,SKIP,0.7885196313819813,0.31499999999999995,0.4735196313819814,0.4735196313819814,9.470392627639628,NBM,11.6087699,-0.07999999999999996,-0.05999999999999994,-0.10999999999999996,-0.07999999999999996,-0.05999999999999994,-0.10999999999999996
69039,KXHIGHCHI-26MAY17-B86.5,2026-05-16 20:20:33.677474+00:00,KMDW,2026-05-17,1,SKIP,0.1244360235301195,0.30000000000000004,-0.17556397646988053,0.17556397646988053,3.5112795293976107,NBM,11.60362695,0.014999999999999958,-5.551115123125783e-17,0.004999999999999949,-0.014999999999999958,5.551115123125783e-17,-0.004999999999999949
69038,KXHIGHCHI-26MAY17-B88.5,2026-05-16 20:20:33.331594+00:00,KMDW,2026-05-17,1,SKIP,0.12090919096178229,0.06499999999999997,0.05590919096178232,0.05590919096178232,1.1181838192356464,NBM,11.597862283333333,0.03500000000000003,0.03500000000000003,0.04000000000000002,0.03500000000000003,0.03500000000000003,0.04000000000000002
69031,KXHIGHMIA-26MAY17-B87.5,2026-05-16 20:20:30.637566+00:00,KMIA,2026-05-17,1,SKIP,0.13451487860625677,0.42499999999999993,-0.29048512139374316,0.29048512139374316,5.809702427874863,NBM,11.552961816666667,-0.019999999999999907,-0.014999999999999958,-0.014999999999999958,0.019999999999999907,0.014999999999999958,0.014999999999999958
69030,KXHIGHMIA-26MAY17-B83.5,2026-05-16 20:20:30.240000+00:00,KMIA,2026-05-17,1,SKIP,0.2596803601061555,0.07499999999999998,0.1846803601061555,0.1846803601061555,3.6936072021231094,NBM,11.546335716666666,1.3877787807814457e-17,1.3877787807814457e-17,1.3877787807814457e-17,1.3877787807814457e-17,1.3877787807814457e-17,1.3877787807814457e-17
69026,KXHIGHNY-26MAY17-T83,2026-05-16 20:20:27.987660+00:00,KNYC,2026-05-17,1,SKIP,0.18842447899735487,0.025000000000000015,0.16342447899735485,0.16342447899735485,3.2684895799470968,NBM,11.508796716666666,-1.3877787807814457e-17,0.029999999999999985,0.029999999999999985,-1.3877787807814457e-17,0.029999999999999985,0.029999999999999985
69025,KXHIGHNY-26MAY17-T90,2026-05-16 20:20:27.368059+00:00,KNYC,2026-05-17,1,SKIP,0.11331682575467898,0.045000000000000026,0.06831682575467896,0.06831682575467896,1.3663365150935791,NBM,11.498470033333334,-0.010000000000000023,-0.010000000000000023,-0.010000000000000023,-0.010000000000000023,-0.010000000000000023,-0.010000000000000023
69024,KXHIGHNY-26MAY17-B85.5,2026-05-16 20:20:27.020335+00:00,KNYC,2026-05-17,1,SKIP,0.23608591861566364,0.205,0.03108591861566365,0.03108591861566365,0.621718372313273,NBM,11.492674633333333,-0.03,0.0,0.03,-0.03,0.0,0.03
69023,KXHIGHNY-26MAY17-B87.5,2026-05-16 20:20:26.445264+00:00,KNYC,2026-05-17,1,SKIP,0.20456932454390264,0.42000000000000004,-0.2154306754560974,0.2154306754560974,4.3086135091219475,NBM,11.483090116666666,-0.00500000000000006,-0.04500000000000004,-0.08500000000000002,0.00500000000000006,0.04500000000000004,0.08500000000000002
69022,KXHIGHNY-26MAY17-B83.5,2026-05-16 20:20:25.806592+00:00,KNYC,2026-05-17,1,SKIP,0.26646470427841357,0.05500000000000003,0.21146470427841355,0.21146470427841355,4.229294085568271,NBM,11.472445583333334,-0.01000000000000003,0.00499999999999997,0.03499999999999997,-0.01000000000000003,0.00499999999999997,0.03499999999999997
69021,KXHIGHMIA-26MAY17-B89.5,2026-05-16 20:20:25.442350+00:00,KMIA,2026-05-17,1,SKIP,0.12151591013834871,0.35,-0.22848408986165125,0.22848408986165125,4.569681797233025,NBM,11.466374883333334,0.03500000000000003,0.025000000000000022,0.025000000000000022,-0.03500000000000003,-0.025000000000000022,-0.025000000000000022
69019,KXHIGHNY-26MAY17-B89.5,2026-05-16 20:20:24.727787+00:00,KNYC,2026-05-17,1,SKIP,0.11824414043805989,0.245,-0.1267558595619401,0.1267558595619401,2.5351171912388017,NBM,11.4544655,0.044999999999999984,0.06,0.020000000000000018,-0.044999999999999984,-0.06,-0.020000000000000018
69018,KXHIGHMIA-26MAY17-B85.5,2026-05-16 20:20:24.085135+00:00,KMIA,2026-05-17,1,SKIP,0.20472030286571075,0.14,0.06472030286571073,0.06472030286571073,1.2944060573142147,NBM,11.443754633333333,-0.0050000000000000044,-0.0050000000000000044,-0.0050000000000000044,-0.0050000000000000044,-0.0050000000000000044,-0.0050000000000000044
69017,KXHIGHNY-26MAY16-B80.5,2026-05-16 20:20:23.444095+00:00,KNYC,2026-05-16,0,SKIP,0.17533632589140966,0.06999999999999998,0.10533632589140968,0.10533632589140968,2.1067265178281933,NBM,11.433070633333333,0.005000000000000018,2.7755575615628914e-17,-0.034999999999999976,0.005000000000000018,2.7755575615628914e-17,-0.034999999999999976
69016,KXHIGHMIA-26MAY17-T90,2026-05-16 20:15:14.759819+00:00,KMIA,2026-05-17,1,SKIP,0.12090919096178229,0.025000000000000015,0.09590919096178227,0.09590919096178227,1.9181838192356453,NBM,6.2883327,-0.010000000000000016,-0.010000000000000016,-0.010000000000000016,-0.010000000000000016,-0.010000000000000016,-0.010000000000000016
69015,KXHIGHNY-26MAY16-B78.5,2026-05-16 20:15:14.138554+00:00,KNYC,2026-05-16,0,SKIP,0.4583661490576766,0.905,-0.44663385094232344,0.44663385094232344,8.932677018846467,NBM,6.277978283333334,0.0,0.0050000000000000044,0.06499999999999995,-0.0,-0.0050000000000000044,-0.06499999999999995
69011,KXHIGHCHI-26MAY16-B83.5,2026-05-16 20:15:12.492321+00:00,KMDW,2026-05-16,0,SKIP,0.34887297779227916,0.8200000000000001,-0.4711270222077209,0.4711270222077209,9.422540444154418,NBM,6.250541066666667,-0.010000000000000009,0.004999999999999893,0.15499999999999992,0.010000000000000009,-0.004999999999999893,-0.15499999999999992
69010,KXHIGHCHI-26MAY16-B81.5,2026-05-16 20:15:12.149771+00:00,KMDW,2026-05-16,0,SKIP,0.09774037656706756,0.03000000000000002,0.06774037656706755,0.06774037656706755,1.354807531341351,NBM,6.2448319,0.004999999999999984,0.07499999999999998,-0.02500000000000002,0.004999999999999984,0.07499999999999998,-0.02500000000000002
69009,KXHIGHCHI-26MAY16-B87.5,2026-05-16 20:15:11.792626+00:00,KMDW,2026-05-16,0,SKIP,0.12132357355591862,0.025000000000000015,0.09632357355591861,0.09632357355591861,1.9264714711183721,NBM,6.238879483333333,-0.020000000000000014,-0.020000000000000014,-0.020000000000000014,-0.020000000000000014,-0.020000000000000014,-0.020000000000000014
69007,KXHIGHCHI-26MAY17-B90.5,2026-05-16 20:15:11.043334+00:00,KMDW,2026-05-17,1,SKIP,0.12090919096178229,0.03500000000000002,0.08590919096178228,0.08590919096178228,1.7181838192356453,NBM,6.226391283333333,-1.3877787807814457e-17,-1.3877787807814457e-17,-1.3877787807814457e-17,-1.3877787807814457e-17,-1.3877787807814457e-17,-1.3877787807814457e-17
69006,KXHIGHCHI-26MAY17-B84.5,2026-05-16 20:15:10.648884+00:00,KMDW,2026-05-17,1,SKIP,0.14578829338559363,0.32999999999999996,-0.18421170661440633,0.18421170661440633,3.6842341322881267,NBM,6.2198171166666665,-0.024999999999999967,-0.014999999999999958,-0.024999999999999967,0.024999999999999967,0.014999999999999958,0.024999999999999967
69005,KXHIGHCHI-26MAY17-B86.5,2026-05-16 20:15:10.224521+00:00,KMDW,2026-05-17,1,SKIP,0.12417434800057979,0.30999999999999994,-0.18582565199942014,0.18582565199942014,3.7165130399884028,NBM,6.2127444,0.00500000000000006,-0.004999999999999949,0.010000000000000064,-0.00500000000000006,0.004999999999999949,-0.010000000000000064
69004,KXHIGHCHI-26MAY17-T84,2026-05-16 20:15:09.817755+00:00,KMDW,2026-05-17,1,SKIP,0.7910318204785851,0.265,0.5260318204785851,0.5260318204785851,10.5206364095717,NBM,6.2059649666666665,-0.030000000000000027,-0.010000000000000009,-0.07,-0.030000000000000027,-0.010000000000000009,-0.07
69003,KXHIGHCHI-26MAY17-B88.5,2026-05-16 20:15:09.396263+00:00,KMDW,2026-05-17,1,SKIP,0.12090919096178229,0.06499999999999997,0.05590919096178232,0.05590919096178232,1.1181838192356464,NBM,6.1989401,0.03500000000000003,0.03500000000000003,0.04000000000000002,0.03500000000000003,0.03500000000000003,0.04000000000000002
68995,KXHIGHMIA-26MAY17-B83.5,2026-05-16 20:15:06.339229+00:00,KMIA,2026-05-17,1,SKIP,0.2596803601061554,0.07499999999999998,0.18468036010615543,0.18468036010615543,3.6936072021231086,NBM,6.147989533333333,1.3877787807814457e-17,1.3877787807814457e-17,1.3877787807814457e-17,1.3877787807814457e-17,1.3877787807814457e-17,1.3877787807814457e-17
68994,KXHIGHMIA-26MAY17-B87.5,2026-05-16 20:15:05.982493+00:00,KMIA,2026-05-17,1,SKIP,0.13422650432181427,0.43499999999999994,-0.3007734956781857,0.3007734956781857,6.015469913563713,NBM,6.142043933333333,-0.009999999999999953,-0.024999999999999967,-0.024999999999999967,0.009999999999999953,0.024999999999999967,0.024999999999999967
68993,KXHIGHMIA-26MAY17-B89.5,2026-05-16 20:15:05.621329+00:00,KMIA,2026-05-17,1,SKIP,0.12138633521984209,0.32999999999999996,-0.20861366478015786,0.20861366478015786,4.172273295603157,NBM,6.136024533333333,0.040000000000000036,0.04500000000000004,0.04500000000000004,-0.040000000000000036,-0.04500000000000004,-0.04500000000000004
68989,KXHIGHNY-26MAY17-B85.5,2026-05-16 20:15:04.064325+00:00,KNYC,2026-05-17,1,SKIP,0.2779643557342162,0.205,0.0729643557342162,0.0729643557342162,1.4592871146843238,NBM,6.110074466666667,-0.009999999999999981,0.0,0.03,-0.009999999999999981,0.0,0.03
68988,KXHIGHNY-26MAY17-T90,2026-05-16 20:15:03.700748+00:00,KNYC,2026-05-17,1,SKIP,0.11291499399738039,0.045000000000000026,0.06791499399738037,0.06791499399738037,1.3582998799476071,NBM,6.10401485,-2.7755575615628914e-17,-0.010000000000000023,-0.010000000000000023,-2.7755575615628914e-17,-0.010000000000000023,-0.010000000000000023
68987,KXHIGHNY-26MAY17-T83,2026-05-16 20:15:03.329243+00:00,KNYC,2026-05-17,1,SKIP,0.19415427703530005,0.03000000000000002,0.16415427703530003,0.16415427703530003,3.2830855407060002,NBM,6.0978231,-0.005000000000000018,0.02499999999999998,0.02499999999999998,-0.005000000000000018,0.02499999999999998,0.02499999999999998
68986,KXHIGHNY-26MAY17-B83.5,2026-05-16 20:15:02.985412+00:00,KNYC,2026-05-17,1,SKIP,0.2676631523006485,0.05500000000000003,0.2126631523006485,0.2126631523006485,4.25326304601297,NBM,6.092092583333334,-2.7755575615628914e-17,0.009999999999999974,0.029999999999999978,-2.7755575615628914e-17,0.009999999999999974,0.029999999999999978
68985,KXHIGHNY-26MAY17-B89.5,2026-05-16 20:15:02.378917+00:00,KNYC,2026-05-17,1,SKIP,0.11775167917312226,0.235,-0.11724832082687772,0.11724832082687772,2.344966416537554,NBM,6.081984333333334,0.010000000000000009,0.07,0.040000000000000036,-0.010000000000000009,-0.07,-0.040000000000000036
68984,KXHIGHNY-26MAY17-B87.5,2026-05-16 20:15:01.985292+00:00,KNYC,2026-05-17,1,SKIP,0.20137097605189633,0.41500000000000004,-0.2136290239481037,0.2136290239481037,4.272580478962074,NBM,6.075423916666667,0.009999999999999953,-0.010000000000000009,-0.08000000000000002,-0.009999999999999953,0.010000000000000009,0.08000000000000002
68983,KXHIGHCHI-26MAY16-B85.5,2026-05-16 20:15:01.555088+00:00,KMDW,2026-05-16,0,SKIP,0.2976208557612949,0.14500000000000002,0.15262085576129486,0.15262085576129486,3.052417115225897,NBM,6.06825385,-0.04000000000000002,-0.11000000000000001,-0.12000000000000002,-0.04000000000000002,-0.11000000000000001,-0.12000000000000002
68982,KXHIGHMIA-26MAY17-B85.5,2026-05-16 20:15:00.903063+00:00,KMIA,2026-05-17,1,SKIP,0.19997502825944724,0.14,0.05997502825944723,0.05997502825944723,1.1995005651889445,NBM,6.057386766666666,-0.0050000000000000044,-0.0050000000000000044,-0.0050000000000000044,-0.0050000000000000044,-0.0050000000000000044,-0.0050000000000000044
68981,KXHIGHNY-26MAY16-B80.5,2026-05-16 20:15:00.449856+00:00,KNYC,2026-05-16,0,SKIP,0.17439169467590251,0.06999999999999998,0.10439169467590254,0.10439169467590254,2.0878338935180505,NBM,6.049833316666667,2.7755575615628914e-17,0.015000000000000027,-0.04499999999999998,2.7755575615628914e-17,0.015000000000000027,-0.04499999999999998
68980,KXHIGHMIA-26MAY17-T90,2026-05-16 20:09:52.394051+00:00,KMIA,2026-05-17,1,SKIP,0.12090919096178229,0.025000000000000015,0.09590919096178227,0.09590919096178227,1.9181838192356453,NBM,0.9155699,-1.3877787807814457e-17,-0.010000000000000016,-0.010000000000000016,-1.3877787807814457e-17,-0.010000000000000016,-0.010000000000000016
68979,KXHIGHNY-26MAY16-B78.5,2026-05-16 20:09:51.979108+00:00,KNYC,2026-05-16,0,SKIP,0.45858551989867447,0.89,-0.43141448010132555,0.43141448010132555,8.628289602026511,NBM,0.9086541833333334,0.040000000000000036,0.025000000000000022,0.05499999999999994,-0.040000000000000036,-0.025000000000000022,-0.05499999999999994
68976,KXHIGHNY-26MAY17-B87.5,2026-05-16 20:09:50.965972+00:00,KNYC,2026-05-17,1,SKIP,0.19815916698203495,0.4,-0.20184083301796507,0.20184083301796507,4.036816660359301,NBM,0.8917685833333333,0.024999999999999967,0.02999999999999997,-0.065,-0.024999999999999967,-0.02999999999999997,0.065
68975,KXHIGHCHI-26MAY16-B85.5,2026-05-16 20:09:50.344707+00:00,KMDW,2026-05-16,0,SKIP,0.2978105826665096,0.09,0.20781058266650962,0.20781058266650962,4.1562116533301925,NBM,0.8814141666666667,0.02500000000000001,-0.034999999999999996,-0.045,0.02500000000000001,-0.034999999999999996,-0.045
68974,KXHIGHCHI-26MAY16-B81.5,2026-05-16 20:09:49.989884+00:00,KMDW,2026-05-16,0,SKIP,0.09788217931625397,0.045000000000000026,0.05288217931625394,0.05288217931625394,1.0576435863250788,NBM,0.87550045,-2.7755575615628914e-17,0.009999999999999974,0.44999999999999996,-2.7755575615628914e-17,0.009999999999999974,0.44999999999999996
68973,KXHIGHCHI-26MAY16-B87.5,2026-05-16 20:09:49.615005+00:00,KMDW,2026-05-16,0,SKIP,0.12071941321867624,0.025000000000000015,0.09571941321867622,0.09571941321867622,1.9143882643735244,NBM,0.8692524666666667,-0.020000000000000014,-0.020000000000000014,-0.020000000000000014,-0.020000000000000014,-0.020000000000000014,-0.020000000000000014
68972,KXHIGHCHI-26MAY16-B83.5,2026-05-16 20:09:48.984241+00:00,KMDW,2026-05-16,0,SKIP,0.34920470246390545,0.835,-0.4857952975360945,0.4857952975360945,9.71590595072189,NBM,0.8587397333333333,-0.02499999999999991,0.050000000000000044,-0.32999999999999996,0.02499999999999991,-0.050000000000000044,0.32999999999999996
68969,KXHIGHCHI-26MAY17-B84.5,2026-05-16 20:09:47.579067+00:00,KMDW,2026-05-17,1,SKIP,0.1437440071287619,0.32499999999999996,-0.18125599287123806,0.18125599287123806,3.625119857424761,NBM,0.8353201666666666,-0.019999999999999962,-0.004999999999999949,-0.009999999999999953,0.019999999999999962,0.004999999999999949,0.009999999999999953
68968,KXHIGHCHI-26MAY17-B88.5,2026-05-16 20:09:47.181677+00:00,KMDW,2026-05-17,1,SKIP,0.12090919096178229,0.06499999999999997,0.05590919096178232,0.05590919096178232,1.1181838192356464,NBM,0.828697,0.03500000000000003,0.03500000000000003,0.03500000000000003,0.03500000000000003,0.03500000000000003,0.03500000000000003
68967,KXHIGHCHI-26MAY17-T84,2026-05-16 20:09:46.794223+00:00,KMDW,2026-05-17,1,SKIP,0.2890858018917396,0.24,0.04908580189173961,0.04908580189173961,0.9817160378347922,NBM,0.8222394333333334,0.0050000000000000044,0.0,0.015000000000000013,0.0050000000000000044,0.0,0.015000000000000013
68966,KXHIGHCHI-26MAY17-B90.5,2026-05-16 20:09:46.341011+00:00,KMDW,2026-05-17,1,SKIP,0.12090919096178229,0.03500000000000002,0.08590919096178228,0.08590919096178228,1.7181838192356453,NBM,0.8146859,-1.3877787807814457e-17,-1.3877787807814457e-17,-1.3877787807814457e-17,-1.3877787807814457e-17,-1.3877787807814457e-17,-1.3877787807814457e-17
68965,KXHIGHCHI-26MAY17-B86.5,2026-05-16 20:09:45.949552+00:00,KMDW,2026-05-17,1,SKIP,0.1239179701914531,0.33999999999999997,-0.21608202980854685,0.21608202980854685,4.321640596170937,NBM,0.8081615833333333,-0.034999999999999976,-0.034999999999999976,-0.03999999999999998,0.034999999999999976,0.034999999999999976,0.03999999999999998
68957,KXHIGHMIA-26MAY17-B87.5,2026-05-16 20:09:42.677599+00:00,KMIA,2026-05-17,1,SKIP,0.13394191541242517,0.44499999999999995,-0.3110580845875748,0.3110580845875748,6.221161691751496,NBM,0.7536290333333333,-0.019999999999999962,-0.039999999999999925,-0.019999999999999962,0.019999999999999962,0.039999999999999925,0.019999999999999962
68956,KXHIGHMIA-26MAY17-B83.5,2026-05-16 20:09:42.295591+00:00,KMIA,2026-05-17,1,SKIP,0.2596803601061555,0.05999999999999998,0.1996803601061555,0.1996803601061555,3.9936072021231097,NBM,0.7472622333333333,0.01500000000000002,0.01500000000000002,0.01500000000000002,0.01500000000000002,0.01500000000000002,0.01500000000000002
68955,KXHIGHMIA-26MAY17-B89.5,2026-05-16 20:09:41.941600+00:00,KMIA,2026-05-17,1,SKIP,0.12125846117998716,0.32499999999999996,-0.20374153882001278,0.20374153882001278,4.074830776400256,NBM,0.7413623833333334,0.04500000000000004,0.050000000000000044,0.050000000000000044,-0.04500000000000004,-0.050000000000000044,-0.050000000000000044
68954,KXHIGHMIA-26MAY17-B85.5,2026-05-16 20:09:41.538869+00:00,KMIA,2026-05-17,1,SKIP,0.19522776511595374,0.14,0.05522776511595373,0.05522776511595373,1.1045553023190746,NBM,0.7346502,-0.0050000000000000044,-0.0050000000000000044,-0.0050000000000000044,-0.0050000000000000044,-0.0050000000000000044,-0.0050000000000000044
68951,KXHIGHNY-26MAY16-B80.5,2026-05-16 20:09:40.088081+00:00,KNYC,2026-05-16,0,SKIP,0.17344659410864935,0.09999999999999999,0.07344659410864936,0.07344659410864936,1.468931882172987,NBM,0.7104704,-0.029999999999999985,-0.014999999999999986,-0.039999999999999994,-0.029999999999999985,-0.014999999999999986,-0.039999999999999994
68949,KXHIGHNY-26MAY17-B89.5,2026-05-16 20:09:39.072579+00:00,KNYC,2026-05-17,1,SKIP,0.1172687199752869,0.27,-0.15273128002471312,0.15273128002471312,3.054625600494262,NBM,0.6935453666666667,-0.025000000000000022,0.024999999999999967,0.010000000000000009,0.025000000000000022,-0.024999999999999967,-0.010000000000000009
68948,KXHIGHNY-26MAY17-B85.5,2026-05-16 20:09:38.682593+00:00,KNYC,2026-05-17,1,SKIP,0.2741026094540225,0.205,0.0691026094540225,0.0691026094540225,1.3820521890804498,NBM,0.6870456,-0.009999999999999981,-0.03999999999999998,0.035,-0.009999999999999981,-0.03999999999999998,0.035
68947,KXHIGHNY-26MAY17-T90,2026-05-16 20:09:38.302732+00:00,KNYC,2026-05-17,1,SKIP,0.11252091560586588,0.05500000000000003,0.057520915605865856,0.057520915605865856,1.150418312117317,NBM,0.6807145833333333,-0.01000000000000003,-0.020000000000000025,-0.020000000000000025,-0.01000000000000003,-0.020000000000000025,-0.020000000000000025
68946,KXHIGHNY-26MAY17-T83,2026-05-16 20:09:37.920780+00:00,KNYC,2026-05-17,1,SKIP,0.19987876218355394,0.03000000000000002,0.1698787621835539,0.1698787621835539,3.397575243671078,NBM,0.6743487166666666,-0.005000000000000018,-0.005000000000000018,0.02499999999999998,-0.005000000000000018,-0.005000000000000018,0.02499999999999998
68945,KXHIGHNY-26MAY17-B83.5,2026-05-16 20:09:37.313134+00:00,KNYC,2026-05-17,1,SKIP,0.2698892600918002,0.05500000000000003,0.21488926009180018,0.21488926009180018,4.297785201836003,NBM,0.6642212833333333,-2.7755575615628914e-17,-0.01000000000000003,0.03499999999999997,-2.7755575615628914e-17,-0.01000000000000003,0.03499999999999997
68944,KXHIGHCHI-26MAY16-B81.5,2026-05-16 20:04:25.705251+00:00,KMDW,2026-05-16,0,SKIP,0.08425975730207874,0.025000000000000015,0.059259757302078726,0.059259757302078726,1.1851951460415744,HRRR,57.819637766666666,0.009999999999999988,0.009999999999999988,0.39499999999999996,0.009999999999999988,0.009999999999999988,0.39499999999999996
68943,KXHIGHCHI-26MAY16-B85.5,2026-05-16 20:04:25.079606+00:00,KMDW,2026-05-16,0,SKIP,0.29693398292475204,0.06499999999999997,0.23193398292475206,0.23193398292475206,4.638679658495041,HRRR,57.80921035,0.08500000000000002,-0.009999999999999974,-0.014999999999999972,0.08500000000000002,-0.009999999999999974,-0.014999999999999972
68941,KXHIGHCHI-26MAY16-B83.5,2026-05-16 20:04:24.064535+00:00,KMDW,2026-05-16,0,SKIP,0.3254998610886839,0.87,-0.5445001389113161,0.5445001389113161,10.890002778226322,HRRR,57.7922925,-0.025000000000000022,0.0,-0.33999999999999997,0.025000000000000022,-0.0,0.33999999999999997
68940,KXHIGHCHI-26MAY16-B87.5,2026-05-16 20:04:23.637373+00:00,KMDW,2026-05-16,0,SKIP,0.1744151784777738,0.025000000000000015,0.14941517847777377,0.14941517847777377,2.9883035695554754,HRRR,57.78517313333333,-0.020000000000000014,-0.020000000000000014,-0.020000000000000014,-0.020000000000000014,-0.020000000000000014,-0.020000000000000014
68938,KXHIGHCHI-26MAY17-T84,2026-05-16 20:04:22.635739+00:00,KMDW,2026-05-17,1,SKIP,0.48410883797495197,0.23,0.254108837974952,0.254108837974952,5.082176759499039,HRRR,57.76847923333333,0.08499999999999999,0.004999999999999977,0.024999999999999994,0.08499999999999999,0.004999999999999977,0.024999999999999994
68937,KXHIGHCHI-26MAY17-B84.5,2026-05-16 20:04:22.318791+00:00,KMDW,2026-05-17,1,SKIP,0.21792315686076663,0.31999999999999995,-0.10207684313923332,0.10207684313923332,2.041536862784666,HRRR,57.76319676666667,0.00500000000000006,-0.014999999999999958,-0.004999999999999949,-0.00500000000000006,0.014999999999999958,0.004999999999999949
68936,KXHIGHCHI-26MAY17-B88.5,2026-05-16 20:04:21.972459+00:00,KMDW,2026-05-17,1,SKIP,0.133140592463049,0.06499999999999997,0.06814059246304902,0.06814059246304902,1.3628118492609802,HRRR,57.757424566666664,2.7755575615628914e-17,0.03500000000000003,0.03500000000000003,2.7755575615628914e-17,0.03500000000000003,0.03500000000000003
68935,KXHIGHCHI-26MAY17-B90.5,2026-05-16 20:04:21.545194+00:00,KMDW,2026-05-17,1,SKIP,0.12090919096178229,0.03500000000000002,0.08590919096178228,0.08590919096178228,1.7181838192356453,HRRR,57.75030348333333,-1.3877787807814457e-17,-1.3877787807814457e-17,-1.3877787807814457e-17,-1.3877787807814457e-17,-1.3877787807814457e-17,-1.3877787807814457e-17
68933,KXHIGHCHI-26MAY17-B86.5,2026-05-16 20:04:20.806744+00:00,KMDW,2026-05-17,1,SKIP,0.20143291594023371,0.32999999999999996,-0.12856708405976625,0.12856708405976625,2.571341681195325,HRRR,57.737995983333334,-0.02999999999999997,-0.014999999999999958,-0.02999999999999997,0.02999999999999997,0.014999999999999958,0.02999999999999997
68926,KXHIGHMIA-26MAY17-B87.5,2026-05-16 20:04:17.709426+00:00,KMIA,2026-05-17,1,SKIP,0.15966874126470845,0.44999999999999996,-0.29033125873529153,0.29033125873529153,5.806625174705831,HRRR,57.68637401666667,-0.019999999999999962,-0.04499999999999993,-0.02999999999999997,0.019999999999999962,0.04499999999999993,0.02999999999999997
68925,KXHIGHMIA-26MAY17-B89.5,2026-05-16 20:04:17.335095+00:00,KMIA,2026-05-17,1,SKIP,0.13004089814431352,0.29500000000000004,-0.16495910185568652,0.16495910185568652,3.2991820371137304,HRRR,57.680135166666666,0.05499999999999994,0.08999999999999997,0.07999999999999996,-0.05499999999999994,-0.08999999999999997,-0.07999999999999996
68924,KXHIGHMIA-26MAY17-B83.5,2026-05-16 20:04:16.926953+00:00,KMIA,2026-05-17,1,SKIP,0.20942527298676147,0.06499999999999997,0.1444252729867615,0.1444252729867615,2.8885054597352298,HRRR,57.6733328,0.010000000000000023,0.010000000000000023,0.010000000000000023,0.010000000000000023,0.010000000000000023,0.010000000000000023
68923,KXHIGHMIA-26MAY17-B85.5,2026-05-16 20:04:16.327712+00:00,KMIA,2026-05-17,1,SKIP,0.3084188523850169,0.14500000000000002,0.16341885238501686,0.16341885238501686,3.268377047700337,HRRR,57.66334545,-0.0050000000000000044,-0.010000000000000009,-0.010000000000000009,-0.0050000000000000044,-0.010000000000000009,-0.010000000000000009
68922,KXHIGHMIA-26MAY17-T90,2026-05-16 20:04:15.721230+00:00,KMIA,2026-05-17,1,SKIP,0.1265200177711857,0.025000000000000015,0.10152001777118569,0.10152001777118569,2.0304003554237138,HRRR,57.65323741666667,-1.3877787807814457e-17,-0.010000000000000016,-0.010000000000000016,-1.3877787807814457e-17,-0.010000000000000016,-0.010000000000000016
68921,KXHIGHNY-26MAY16-B78.5,2026-05-16 20:04:15.342740+00:00,KNYC,2026-05-16,0,SKIP,0.49577589078712536,0.9,-0.40422410921287466,0.40422410921287466,8.084482184257492,HRRR,57.64692925,0.030000000000000027,0.010000000000000009,0.04999999999999993,-0.030000000000000027,-0.010000000000000009,-0.04999999999999993
68920,KXHIGHNY-26MAY16-B80.5,2026-05-16 20:04:14.773793+00:00,KNYC,2026-05-16,0,SKIP,0.1408583020785787,0.09999999999999999,0.0408583020785787,0.0408583020785787,0.8171660415715739,HRRR,57.6374468,-0.029999999999999985,-0.024999999999999994,-0.05499999999999999,-0.029999999999999985,-0.024999999999999994,-0.05499999999999999
68917,KXHIGHNY-26MAY17-B85.5,2026-05-16 20:04:13.596387+00:00,KNYC,2026-05-17,1,SKIP,0.2033702871465689,0.255,-0.0516297128534311,0.0516297128534311,1.032594257068622,HRRR,57.61782336666667,-0.05000000000000002,-0.08000000000000002,-0.05000000000000002,0.05000000000000002,0.08000000000000002,0.05000000000000002
68916,KXHIGHNY-26MAY17-B89.5,2026-05-16 20:04:13.182461+00:00,KNYC,2026-05-17,1,SKIP,0.19201848624339082,0.275,-0.0829815137566092,0.0829815137566092,1.6596302751321839,HRRR,57.6109246,-0.030000000000000027,0.014999999999999958,0.0050000000000000044,0.030000000000000027,-0.014999999999999958,-0.0050000000000000044
68915,KXHIGHNY-26MAY17-B83.5,2026-05-16 20:04:12.503334+00:00,KNYC,2026-05-17,1,SKIP,0.15755365094651866,0.06499999999999997,0.09255365094651868,0.09255365094651868,1.8510730189303737,HRRR,57.59960581666667,-0.009999999999999974,-0.019999999999999976,-0.014999999999999972,-0.009999999999999974,-0.019999999999999976,-0.014999999999999972
68914,KXHIGHNY-26MAY17-T83,2026-05-16 20:04:12.137675+00:00,KNYC,2026-05-17,1,SKIP,0.15112547979224014,0.025000000000000015,0.12612547979224012,0.12612547979224012,2.5225095958448023,HRRR,57.5935115,-1.3877787807814457e-17,-1.3877787807814457e-17,0.029999999999999985,-1.3877787807814457e-17,-1.3877787807814457e-17,0.029999999999999985
68913,KXHIGHNY-26MAY17-T90,2026-05-16 20:04:11.742135+00:00,KNYC,2026-05-17,1,SKIP,0.14428493562718306,0.05500000000000003,0.08928493562718304,0.08928493562718304,1.7856987125436607,HRRR,57.58691916666667,-0.01000000000000003,-0.020000000000000025,-0.020000000000000025,-0.01000000000000003,-0.020000000000000025,-0.020000000000000025
68910,KXHIGHNY-26MAY17-B87.5,2026-05-16 20:04:10.516803+00:00,KNYC,2026-05-17,1,SKIP,0.27875255287217154,0.37,-0.09124744712782845,0.09124744712782845,1.824948942556569,HRRR,57.56649696666667,0.04999999999999999,0.044999999999999984,0.0050000000000000044,-0.04999999999999999,-0.044999999999999984,-0.0050000000000000044
68907,KXHIGHCHI-26MAY16-B85.5,2026-05-16 19:59:03.607999+00:00,KMDW,2026-05-16,0,SKIP,0.2818652385463296,0.235,0.046865238546329624,0.046865238546329624,0.9373047709265925,HRRR,52.451350233333336,-0.09,-0.13,-0.16499999999999998,-0.09,-0.13,-0.16499999999999998
68906,KXHIGHCHI-26MAY16-B83.5,2026-05-16 19:59:03.272301+00:00,KMDW,2026-05-16,0,SKIP,0.32680552655440687,0.7,-0.3731944734455931,0.3731944734455931,7.463889468911861,HRRR,52.445755266666666,0.12,0.1100000000000001,-0.25999999999999995,-0.12,-0.1100000000000001,0.25999999999999995
68905,KXHIGHCHI-26MAY16-B81.5,2026-05-16 19:59:02.934700+00:00,KMDW,2026-05-16,0,SKIP,0.09177881382960534,0.045000000000000026,0.04677881382960532,0.04677881382960532,0.9355762765921063,HRRR,52.44012858333333,-0.015000000000000027,-0.010000000000000023,0.42,-0.015000000000000027,-0.010000000000000023,0.42
68902,KXHIGHCHI-26MAY16-B87.5,2026-05-16 19:59:01.711845+00:00,KMDW,2026-05-16,0,SKIP,0.16368892214381403,0.025000000000000015,0.138688922143814,0.138688922143814,2.77377844287628,HRRR,52.419747666666666,-1.3877787807814457e-17,-0.020000000000000014,-0.020000000000000014,-1.3877787807814457e-17,-0.020000000000000014,-0.020000000000000014
68901,KXHIGHCHI-26MAY17-B86.5,2026-05-16 19:59:01.296879+00:00,KMDW,2026-05-17,1,SKIP,0.1962306508917273,0.30999999999999994,-0.11376934910827263,0.11376934910827263,2.2753869821654527,HRRR,52.41283156666667,-0.009999999999999953,0.00500000000000006,-0.009999999999999953,0.009999999999999953,-0.00500000000000006,0.009999999999999953
68900,KXHIGHCHI-26MAY17-T84,2026-05-16 19:59:00.918009+00:00,KMDW,2026-05-17,1,SKIP,0.4903342072574054,0.275,0.21533420725740537,0.21533420725740537,4.3066841451481075,HRRR,52.406517066666666,-0.010000000000000009,-0.040000000000000036,-0.020000000000000018,-0.010000000000000009,-0.040000000000000036,-0.020000000000000018
68899,KXHIGHCHI-26MAY17-B88.5,2026-05-16 19:59:00.573482+00:00,KMDW,2026-05-17,1,SKIP,0.13271424849165203,0.06499999999999997,0.06771424849165206,0.06771424849165206,1.354284969833041,HRRR,52.40077495,2.7755575615628914e-17,0.03500000000000003,0.03500000000000003,2.7755575615628914e-17,0.03500000000000003,0.03500000000000003
68898,KXHIGHCHI-26MAY17-B90.5,2026-05-16 19:59:00.175343+00:00,KMDW,2026-05-17,1,SKIP,0.12090919096178229,0.03500000000000002,0.08590919096178228,0.08590919096178228,1.7181838192356453,HRRR,52.3941393,-1.3877787807814457e-17,-1.3877787807814457e-17,-1.3877787807814457e-17,-1.3877787807814457e-17,-1.3877787807814457e-17,-1.3877787807814457e-17
68896,KXHIGHCHI-26MAY17-B84.5,2026-05-16 19:58:59.418414+00:00,KMDW,2026-05-17,1,SKIP,0.21767427887736776,0.31999999999999995,-0.10232572112263219,0.10232572112263219,2.0465144224526437,HRRR,52.381523816666665,5.551115123125783e-17,-0.014999999999999958,-0.004999999999999949,-5.551115123125783e-17,0.014999999999999958,0.004999999999999949
68890,KXHIGHMIA-26MAY17-B87.5,2026-05-16 19:58:56.891282+00:00,KMIA,2026-05-17,1,SKIP,0.1553890896400378,0.44499999999999995,-0.2896109103599621,0.2896109103599621,5.792218207199242,HRRR,52.33940495,-0.014999999999999958,-0.019999999999999962,-0.024999999999999967,0.014999999999999958,0.019999999999999962,0.024999999999999967
68889,KXHIGHMIA-26MAY17-B85.5,2026-05-16 19:58:56.518736+00:00,KMIA,2026-05-17,1,SKIP,0.3092019521710865,0.14500000000000002,0.16420195217108646,0.16420195217108646,3.2840390434217293,HRRR,52.33319585,-0.0050000000000000044,-0.010000000000000009,-0.010000000000000009,-0.0050000000000000044,-0.010000000000000009,-0.010000000000000009
68888,KXHIGHMIA-26MAY17-B83.5,2026-05-16 19:58:56.192470+00:00,KMIA,2026-05-17,1,SKIP,0.2102088110864374,0.06499999999999997,0.14520881108643743,0.14520881108643743,2.9041762217287483,HRRR,52.327758083333336,0.010000000000000023,0.010000000000000023,0.010000000000000023,0.010000000000000023,0.010000000000000023,0.010000000000000023
68887,KXHIGHMIA-26MAY17-T90,2026-05-16 19:58:55.848865+00:00,KMIA,2026-05-17,1,SKIP,0.12633096702361435,0.025000000000000015,0.10133096702361433,0.10133096702361433,2.0266193404722865,HRRR,52.322031333333335,-1.3877787807814457e-17,-0.010000000000000016,-0.010000000000000016,-1.3877787807814457e-17,-0.010000000000000016,-0.010000000000000016
68885,KXHIGHNY-26MAY16-B80.5,2026-05-16 19:58:54.851323+00:00,KNYC,2026-05-16,0,SKIP,0.141738431709428,0.11,0.031738431709427986,0.031738431709427986,0.6347686341885597,HRRR,52.305405633333336,-0.045,-0.039999999999999994,-0.065,-0.045,-0.039999999999999994,-0.065
68884,KXHIGHNY-26MAY16-B78.5,2026-05-16 19:58:54.498162+00:00,KNYC,2026-05-16,0,SKIP,0.4952967851350054,0.875,-0.3797032148649946,0.3797032148649946,7.594064297299892,HRRR,52.299519616666664,0.030000000000000027,0.030000000000000027,0.07999999999999996,-0.030000000000000027,-0.030000000000000027,-0.07999999999999996
68882,KXHIGHNY-26MAY17-B89.5,2026-05-16 19:58:53.578022+00:00,KNYC,2026-05-17,1,SKIP,0.18731630675742755,0.275,-0.08768369324257247,0.08768369324257247,1.7536738648514494,HRRR,52.28418395,-0.030000000000000027,-0.030000000000000027,0.0,0.030000000000000027,0.030000000000000027,-0.0
68881,KXHIGHNY-26MAY17-B85.5,2026-05-16 19:58:53.190081+00:00,KNYC,2026-05-17,1,SKIP,0.20810330444797706,0.255,-0.04689669555202294,0.04689669555202294,0.9379339110404589,HRRR,52.27771826666667,-0.05000000000000002,-0.06,-0.05000000000000002,0.05000000000000002,0.06,0.05000000000000002
68880,KXHIGHNY-26MAY17-T90,2026-05-16 19:58:52.593484+00:00,KNYC,2026-05-17,1,SKIP,0.14109866378188746,0.05500000000000003,0.08609866378188744,0.08609866378188744,1.7219732756377486,HRRR,52.26777498333333,-0.01000000000000003,-0.01000000000000003,-0.020000000000000025,-0.01000000000000003,-0.01000000000000003,-0.020000000000000025
68879,KXHIGHNY-26MAY17-T83,2026-05-16 19:58:51.983847+00:00,KNYC,2026-05-17,1,SKIP,0.1530187273706567,0.025000000000000015,0.12801872737065667,0.12801872737065667,2.5603745474131334,HRRR,52.257614366666665,0.004999999999999984,-1.3877787807814457e-17,0.029999999999999985,0.004999999999999984,-1.3877787807814457e-17,0.029999999999999985
68878,KXHIGHNY-26MAY17-B83.5,2026-05-16 19:58:51.604501+00:00,KNYC,2026-05-17,1,SKIP,0.1588158373979529,0.06499999999999997,0.09381583739795293,0.09381583739795293,1.8763167479590586,HRRR,52.251291933333334,-0.009999999999999974,-0.009999999999999974,-0.004999999999999977,-0.009999999999999974,-0.009999999999999974,-0.004999999999999977
68875,KXHIGHNY-26MAY17-B87.5,2026-05-16 19:58:50.308274+00:00,KNYC,2026-05-17,1,SKIP,0.2787525528721716,0.37,-0.0912474471278284,0.0912474471278284,1.824948942556568,HRRR,52.22968815,0.04999999999999999,0.05499999999999999,-0.0050000000000000044,-0.04999999999999999,-0.05499999999999999,0.0050000000000000044
68874,KXHIGHMIA-26MAY17-B89.5,2026-05-16 19:58:49.930240+00:00,KMIA,2026-05-17,1,SKIP,0.12980920871560286,0.29500000000000004,-0.16519079128439718,0.16519079128439718,3.3038158256879435,HRRR,52.223387583333334,0.05499999999999994,0.07499999999999996,0.07999999999999996,-0.05499999999999994,-0.07499999999999996,-0.07999999999999996
68869,KXHIGHCHI-26MAY16-B85.5,2026-05-16 19:53:36.434793+00:00,KMDW,2026-05-16,0,SKIP,0.28233500911244397,0.265,0.017335009112443955,0.017335009112443955,0.3467001822488791,HRRR,46.998463466666664,-0.165,-0.15000000000000002,-0.21500000000000002,-0.165,-0.15000000000000002,-0.21500000000000002
68867,KXHIGHCHI-26MAY16-B87.5,2026-05-16 19:53:35.420115+00:00,KMDW,2026-05-16,0,SKIP,0.16281031070129864,0.025000000000000015,0.13781031070129862,0.13781031070129862,2.756206214025972,HRRR,46.98155216666667,-1.3877787807814457e-17,-0.020000000000000014,-0.020000000000000014,-1.3877787807814457e-17,-0.020000000000000014,-0.020000000000000014
68866,KXHIGHCHI-26MAY16-B81.5,2026-05-16 19:53:35.069692+00:00,KMDW,2026-05-16,0,SKIP,0.09198661120643464,0.025000000000000015,0.06698661120643462,0.06698661120643462,1.3397322241286924,HRRR,46.97571178333333,0.009999999999999988,0.019999999999999983,0.26999999999999996,0.009999999999999988,0.019999999999999983,0.26999999999999996
68864,KXHIGHCHI-26MAY16-B83.5,2026-05-16 19:53:34.308008+00:00,KMDW,2026-05-16,0,SKIP,0.3271100241504227,0.665,-0.33788997584957736,0.33788997584957736,6.757799516991547,HRRR,46.96301705,0.16999999999999993,0.14500000000000002,-0.010000000000000009,-0.16999999999999993,-0.14500000000000002,0.010000000000000009
68863,KXHIGHCHI-26MAY17-B84.5,2026-05-16 19:53:33.929378+00:00,KMDW,2026-05-17,1,SKIP,0.21741989752795507,0.32999999999999996,-0.11258010247204489,0.11258010247204489,2.2516020494408977,HRRR,46.95670655,5.551115123125783e-17,-0.024999999999999967,-0.014999999999999958,-5.551115123125783e-17,0.024999999999999967,0.014999999999999958
68862,KXHIGHCHI-26MAY17-B88.5,2026-05-16 19:53:33.340356+00:00,KMDW,2026-05-17,1,SKIP,0.1322869251336536,0.06499999999999997,0.06728692513365361,0.06728692513365361,1.3457385026730722,HRRR,46.946889516666666,2.7755575615628914e-17,0.03500000000000003,0.03500000000000003,2.7755575615628914e-17,0.03500000000000003,0.03500000000000003
68860,KXHIGHCHI-26MAY17-B90.5,2026-05-16 19:53:32.343116+00:00,KMDW,2026-05-17,1,SKIP,0.12090919096178229,0.03500000000000002,0.08590919096178228,0.08590919096178228,1.7181838192356453,HRRR,46.93026885,-1.3877787807814457e-17,-1.3877787807814457e-17,-1.3877787807814457e-17,-1.3877787807814457e-17,-1.3877787807814457e-17,-1.3877787807814457e-17
68859,KXHIGHCHI-26MAY17-T84,2026-05-16 19:53:31.723016+00:00,KMDW,2026-05-17,1,SKIP,0.4966972363089752,0.255,0.24169723630897522,0.24169723630897522,4.833944726179504,HRRR,46.91993385,-0.015000000000000013,-0.010000000000000009,0.0,-0.015000000000000013,-0.010000000000000009,0.0
68858,KXHIGHCHI-26MAY17-B86.5,2026-05-16 19:53:31.357962+00:00,KMDW,2026-05-17,1,SKIP,0.19089800797310374,0.31499999999999995,-0.1241019920268962,0.1241019920268962,2.482039840537924,HRRR,46.91384961666667,0.025000000000000078,-0.009999999999999953,-0.014999999999999958,-0.025000000000000078,0.009999999999999953,0.014999999999999958
68852,KXHIGHMIA-26MAY17-B85.5,2026-05-16 19:53:29.005928+00:00,KMIA,2026-05-17,1,SKIP,0.3100023684135545,0.14500000000000002,0.16500236841355448,0.16500236841355448,3.3000473682710894,HRRR,46.87464905,-0.0050000000000000044,-0.010000000000000009,-0.010000000000000009,-0.0050000000000000044,-0.010000000000000009,-0.010000000000000009
68851,KXHIGHMIA-26MAY17-B87.5,2026-05-16 19:53:28.675925+00:00,KMIA,2026-05-17,1,SKIP,0.15100953829056726,0.43499999999999994,-0.28399046170943265,0.28399046170943265,5.679809234188653,HRRR,46.869149,0.010000000000000064,-0.009999999999999953,-0.024999999999999967,-0.010000000000000064,0.009999999999999953,0.024999999999999967
68850,KXHIGHMIA-26MAY17-B83.5,2026-05-16 19:53:28.063280+00:00,KMIA,2026-05-17,1,SKIP,0.21100967533481216,0.06499999999999997,0.14600967533481218,0.14600967533481218,2.9201935066962434,HRRR,46.85893825,0.010000000000000023,0.010000000000000023,0.010000000000000023,0.010000000000000023,0.010000000000000023,0.010000000000000023
68849,KXHIGHMIA-26MAY17-T90,2026-05-16 19:53:27.685751+00:00,KMIA,2026-05-17,1,SKIP,0.1261401015875363,0.025000000000000015,0.10114010158753628,0.10114010158753628,2.0228020317507256,HRRR,46.8526461,-1.3877787807814457e-17,-1.3877787807814457e-17,-0.010000000000000016,-1.3877787807814457e-17,-1.3877787807814457e-17,-0.010000000000000016
68848,KXHIGHNY-26MAY16-B78.5,2026-05-16 19:53:27.080904+00:00,KNYC,2026-05-16,0,SKIP,0.49596058929508635,0.88,-0.38403941070491365,0.38403941070491365,7.680788214098273,HRRR,46.842565316666665,0.015000000000000013,0.050000000000000044,0.06499999999999995,-0.015000000000000013,-0.050000000000000044,-0.06499999999999995
68846,KXHIGHNY-26MAY16-B80.5,2026-05-16 19:53:26.369820+00:00,KNYC,2026-05-16,0,SKIP,0.14051897917055697,0.08499999999999999,0.05551897917055698,0.05551897917055698,1.1103795834111396,HRRR,46.83071391666667,0.010000000000000009,-0.014999999999999986,-0.014999999999999986,0.010000000000000009,-0.014999999999999986,-0.014999999999999986
68845,KXHIGHNY-26MAY17-B85.5,2026-05-16 19:53:26.018604+00:00,KNYC,2026-05-17,1,SKIP,0.21294098157587413,0.255,-0.04205901842412588,0.04205901842412588,0.8411803684825175,HRRR,46.824860316666665,-0.05000000000000002,-0.06,-0.05000000000000002,0.05000000000000002,0.06,0.05000000000000002
68844,KXHIGHNY-26MAY17-T83,2026-05-16 19:53:25.628621+00:00,KNYC,2026-05-17,1,SKIP,0.154953839778724,0.025000000000000015,0.129953839778724,0.129953839778724,2.59907679557448,HRRR,46.8183606,0.004999999999999984,-1.3877787807814457e-17,0.029999999999999985,0.004999999999999984,-1.3877787807814457e-17,0.029999999999999985
68843,KXHIGHNY-26MAY17-B89.5,2026-05-16 19:53:25.010053+00:00,KNYC,2026-05-17,1,SKIP,0.18083917945807113,0.28,-0.0991608205419289,0.0991608205419289,1.983216410838578,HRRR,46.808051133333336,-0.010000000000000009,-0.03500000000000003,0.024999999999999967,0.010000000000000009,0.03500000000000003,-0.024999999999999967
68842,KXHIGHNY-26MAY17-B83.5,2026-05-16 19:53:24.649354+00:00,KNYC,2026-05-17,1,SKIP,0.16010593420901434,0.06499999999999997,0.09510593420901436,0.09510593420901436,1.9021186841802873,HRRR,46.80203948333333,-0.009999999999999974,-0.009999999999999974,-0.004999999999999977,-0.009999999999999974,-0.009999999999999974,-0.004999999999999977
68841,KXHIGHNY-26MAY17-T90,2026-05-16 19:53:24.032502+00:00,KNYC,2026-05-17,1,SKIP,0.14017391118400116,0.05500000000000003,0.08517391118400114,0.08517391118400114,1.7034782236800228,HRRR,46.79175861666667,-2.7755575615628914e-17,-0.01000000000000003,-0.020000000000000025,-2.7755575615628914e-17,-0.01000000000000003,-0.020000000000000025
68839,KXHIGHNY-26MAY17-B87.5,2026-05-16 19:53:22.993745+00:00,KNYC,2026-05-17,1,SKIP,0.27809154642238854,0.365,-0.08690845357761146,0.08690845357761146,1.738169071552229,HRRR,46.774446,0.03500000000000003,0.06,0.010000000000000009,-0.03500000000000003,-0.06,-0.010000000000000009
68838,KXHIGHMIA-26MAY17-B89.5,2026-05-16 19:53:22.622338+00:00,KMIA,2026-05-17,1,SKIP,0.12957529531185463,0.29500000000000004,-0.1654247046881454,0.1654247046881454,3.308494093762908,HRRR,46.76825588333333,0.02999999999999997,0.07499999999999996,0.07999999999999996,-0.02999999999999997,-0.07499999999999996,-0.07999999999999996
68833,KXHIGHMIA-26MAY17-B85.5,2026-05-16 19:48:17.259144+00:00,KMIA,2026-05-17,1,SKIP,0.3107807698919498,0.14500000000000002,0.1657807698919498,0.1657807698919498,3.3156153978389957,HRRR,41.67886931666666,-2.7755575615628914e-17,-0.0050000000000000044,-0.010000000000000009,-2.7755575615628914e-17,-0.0050000000000000044,-0.010000000000000009
68832,KXHIGHNY-26MAY16-B78.5,2026-05-16 19:48:16.916737+00:00,KNYC,2026-05-16,0,SKIP,0.496607035886821,0.865,-0.368392964113179,0.368392964113179,7.36785928226358,HRRR,41.67316253333333,0.040000000000000036,0.06500000000000006,0.04500000000000004,-0.040000000000000036,-0.06500000000000006,-0.04500000000000004
68831,KXHIGHCHI-26MAY16-B83.5,2026-05-16 19:48:16.330508+00:00,KMDW,2026-05-16,0,SKIP,0.3274072198357605,0.675,-0.34759278016423956,0.34759278016423956,6.951855603284791,HRRR,41.66339205,0.20999999999999996,0.16999999999999993,0.1499999999999999,-0.20999999999999996,-0.16999999999999993,-0.1499999999999999
68830,KXHIGHCHI-26MAY16-B85.5,2026-05-16 19:48:15.999991+00:00,KMDW,2026-05-16,0,SKIP,0.2827935144903999,0.21999999999999997,0.06279351449039994,0.06279351449039994,1.2558702898079988,HRRR,41.65788343333333,-0.15499999999999997,-0.06999999999999998,-0.18499999999999997,-0.15499999999999997,-0.06999999999999998,-0.18499999999999997
68829,KXHIGHCHI-26MAY16-B81.5,2026-05-16 19:48:15.646647+00:00,KMDW,2026-05-16,0,SKIP,0.0921894255623647,0.05000000000000003,0.04218942556236467,0.04218942556236467,0.8437885112472934,HRRR,41.65199436666666,-0.03000000000000003,-0.015000000000000027,0.054999999999999966,-0.03000000000000003,-0.015000000000000027,0.054999999999999966
68827,KXHIGHCHI-26MAY16-B87.5,2026-05-16 19:48:14.913719+00:00,KMDW,2026-05-16,0,SKIP,0.16195203858496832,0.01500000000000001,0.1469520385849683,0.1469520385849683,2.939040771699366,HRRR,41.6397789,0.009999999999999992,-0.010000000000000009,-0.010000000000000009,0.009999999999999992,-0.010000000000000009,-0.010000000000000009
68825,KXHIGHCHI-26MAY17-B86.5,2026-05-16 19:48:14.121087+00:00,KMDW,2026-05-17,1,SKIP,0.18569744615381611,0.33499999999999996,-0.14930255384618385,0.14930255384618385,2.986051076923677,HRRR,41.62656836666667,0.015000000000000013,-0.034999999999999976,-0.02999999999999997,-0.015000000000000013,0.034999999999999976,0.02999999999999997
68824,KXHIGHCHI-26MAY17-B90.5,2026-05-16 19:48:13.685991+00:00,KMDW,2026-05-17,1,SKIP,0.12090919096178229,0.03500000000000002,0.08590919096178228,0.08590919096178228,1.7181838192356453,HRRR,41.619316766666664,-1.3877787807814457e-17,-1.3877787807814457e-17,-1.3877787807814457e-17,-1.3877787807814457e-17,-1.3877787807814457e-17,-1.3877787807814457e-17
68823,KXHIGHCHI-26MAY17-T84,2026-05-16 19:48:13.270783+00:00,KMDW,2026-05-17,1,SKIP,0.5028852556894168,0.255,0.24788525568941677,0.24788525568941677,4.957705113788335,HRRR,41.61239663333333,-0.035,0.06,0.0,-0.035,0.06,0.0
68822,KXHIGHCHI-26MAY17-B84.5,2026-05-16 19:48:12.925415+00:00,KMDW,2026-05-17,1,SKIP,0.21717251271995994,0.30499999999999994,-0.08782748728004,0.08782748728004,1.7565497456008,HRRR,41.6066405,0.025000000000000078,0.020000000000000073,0.010000000000000064,-0.025000000000000078,-0.020000000000000073,-0.010000000000000064
68820,KXHIGHCHI-26MAY17-B88.5,2026-05-16 19:48:11.695452+00:00,KMDW,2026-05-17,1,SKIP,0.13187938850404302,0.07499999999999998,0.05687938850404303,0.05687938850404303,1.1375877700808605,HRRR,41.58614111666667,-0.009999999999999981,-0.009999999999999981,0.025000000000000022,-0.009999999999999981,-0.009999999999999981,0.025000000000000022
68817,KXHIGHMIA-26MAY17-B87.5,2026-05-16 19:48:10.068770+00:00,KMIA,2026-05-17,1,SKIP,0.1467453998696715,0.44499999999999995,-0.29825460013032845,0.29825460013032845,5.965092002606569,HRRR,41.55902975,-0.004999999999999949,-0.014999999999999958,-0.034999999999999976,0.004999999999999949,0.014999999999999958,0.034999999999999976
68812,KXHIGHMIA-26MAY17-B83.5,2026-05-16 19:48:07.762761+00:00,KMIA,2026-05-17,1,SKIP,0.2117885124970951,0.06499999999999997,0.14678851249709512,0.14678851249709512,2.9357702499419025,HRRR,41.520596266666665,2.7755575615628914e-17,0.010000000000000023,0.010000000000000023,2.7755575615628914e-17,0.010000000000000023,0.010000000000000023
68811,KXHIGHNY-26MAY16-B80.5,2026-05-16 19:48:07.405388+00:00,KNYC,2026-05-16,0,SKIP,0.1393312280627572,0.135,0.004331228062757181,0.004331228062757181,0.08662456125514362,HRRR,41.51464005,-0.04000000000000001,-0.065,-0.05,-0.04000000000000001,-0.065,-0.05
68809,KXHIGHNY-26MAY17-B87.5,2026-05-16 19:48:06.380599+00:00,KNYC,2026-05-17,1,SKIP,0.27495533630220814,0.375,-0.10004466369779186,0.10004466369779186,2.000893273955837,HRRR,41.49756023333333,0.0,0.044999999999999984,0.030000000000000027,-0.0,-0.044999999999999984,-0.030000000000000027
68808,KXHIGHNY-26MAY17-T90,2026-05-16 19:48:06.045025+00:00,KNYC,2026-05-17,1,SKIP,0.13929112294747575,0.05500000000000003,0.08429112294747573,0.08429112294747573,1.6858224589495145,HRRR,41.491967333333335,-2.7755575615628914e-17,-0.01000000000000003,-0.020000000000000025,-2.7755575615628914e-17,-0.01000000000000003,-0.020000000000000025
68807,KXHIGHNY-26MAY17-B85.5,2026-05-16 19:48:05.674178+00:00,KNYC,2026-05-17,1,SKIP,0.2176456025325186,0.255,-0.0373543974674814,0.0373543974674814,0.747087949349628,HRRR,41.48578655,0.0,-0.05000000000000002,-0.05000000000000002,-0.0,0.05000000000000002,0.05000000000000002
68806,KXHIGHNY-26MAY17-B89.5,2026-05-16 19:48:05.251254+00:00,KNYC,2026-05-17,1,SKIP,0.24375792593324264,0.28,-0.03624207406675739,0.03624207406675739,0.7248414813351478,HRRR,41.478737816666666,-0.0050000000000000044,-0.03500000000000003,0.024999999999999967,0.0050000000000000044,0.03500000000000003,-0.024999999999999967
68805,KXHIGHNY-26MAY17-B83.5,2026-05-16 19:48:04.850151+00:00,KNYC,2026-05-17,1,SKIP,0.1613605480108366,0.06499999999999997,0.09636054801083663,0.09636054801083663,1.9272109602167324,HRRR,41.472052766666664,2.7755575615628914e-17,-0.009999999999999974,2.7755575615628914e-17,2.7755575615628914e-17,-0.009999999999999974,2.7755575615628914e-17
68804,KXHIGHNY-26MAY17-T83,2026-05-16 19:48:04.488261+00:00,KNYC,2026-05-17,1,SKIP,0.1568357285753031,0.025000000000000015,0.13183572857530307,0.13183572857530307,2.636714571506061,HRRR,41.466021266666665,-1.3877787807814457e-17,-1.3877787807814457e-17,0.029999999999999985,-1.3877787807814457e-17,-1.3877787807814457e-17,0.029999999999999985
68803,KXHIGHMIA-26MAY17-B89.5,2026-05-16 19:48:04.072585+00:00,KMIA,2026-05-17,1,SKIP,0.12935059246690617,0.29500000000000004,-0.16564940753309387,0.16564940753309387,3.3129881506618775,HRRR,41.459093333333335,-5.551115123125783e-17,0.05499999999999994,0.07999999999999996,5.551115123125783e-17,-0.05499999999999994,-0.07999999999999996
68802,KXHIGHMIA-26MAY17-T90,2026-05-16 19:48:03.717856+00:00,KMIA,2026-05-17,1,SKIP,0.1259567516563146,0.025000000000000015,0.10095675165631457,0.10095675165631457,2.0191350331262914,HRRR,41.453181183333335,-1.3877787807814457e-17,-1.3877787807814457e-17,-0.010000000000000016,-1.3877787807814457e-17,-1.3877787807814457e-17,-0.010000000000000016
68800,KXHIGHCHI-26MAY16-B85.5,2026-05-16 19:42:50.211229+00:00,KMDW,2026-05-16,0,SKIP,0.28326731734412286,0.185,0.09826731734412286,0.09826731734412286,1.9653463468824572,HRRR,36.22807073333333,0.01999999999999999,-0.04000000000000001,-0.13,0.01999999999999999,-0.04000000000000001,-0.13
68796,KXHIGHMIA-26MAY17-B85.5,2026-05-16 19:42:48.457121+00:00,KMIA,2026-05-17,1,SKIP,0.31158223032905286,0.14,0.17158223032905284,0.17158223032905284,3.431644606581057,HRRR,36.1988356,0.004999999999999977,0.0,-0.0050000000000000044,0.004999999999999977,0.0,-0.0050000000000000044
68795,KXHIGHNY-26MAY16-B78.5,2026-05-16 19:42:47.892688+00:00,KNYC,2026-05-16,0,SKIP,0.4972735614892877,0.85,-0.3527264385107123,0.3527264385107123,7.054528770214246,HRRR,36.189428383333336,0.040000000000000036,0.05500000000000005,0.06500000000000006,-0.040000000000000036,-0.05500000000000005,-0.06500000000000006
68794,KXHIGHMIA-26MAY17-B87.5,2026-05-16 19:42:47.550159+00:00,KMIA,2026-05-17,1,SKIP,0.14234981087892642,0.44999999999999996,-0.30765018912107356,0.30765018912107356,6.153003782421471,HRRR,36.18371956666667,5.551115123125783e-17,-0.019999999999999962,-0.04499999999999993,-5.551115123125783e-17,0.019999999999999962,0.04499999999999993
68793,KXHIGHCHI-26MAY16-B83.5,2026-05-16 19:42:47.158642+00:00,KMDW,2026-05-16,0,SKIP,0.3277143310946405,0.6499999999999999,-0.3222856689053594,0.3222856689053594,6.445713378107188,HRRR,36.177194283333336,0.07500000000000007,0.17000000000000004,0.2350000000000001,-0.07500000000000007,-0.17000000000000004,-0.2350000000000001
68792,KXHIGHCHI-26MAY16-B81.5,2026-05-16 19:42:46.802391+00:00,KMDW,2026-05-16,0,SKIP,0.09239900657326597,0.14500000000000002,-0.05260099342673405,0.05260099342673405,1.0520198685346809,HRRR,36.171256766666666,-0.12000000000000002,-0.11500000000000002,-0.09000000000000002,0.12000000000000002,0.11500000000000002,0.09000000000000002
68791,KXHIGHCHI-26MAY16-B87.5,2026-05-16 19:42:46.427634+00:00,KMDW,2026-05-16,0,SKIP,0.1610643806994872,0.025000000000000015,0.13606438069948718,0.13606438069948718,2.7212876139897433,HRRR,36.165010816666666,0.004999999999999984,-1.3877787807814457e-17,-0.020000000000000014,0.004999999999999984,-1.3877787807814457e-17,-0.020000000000000014
68788,KXHIGHCHI-26MAY17-B86.5,2026-05-16 19:42:45.235201+00:00,KMDW,2026-05-17,1,SKIP,0.18032808684075274,0.32999999999999996,-0.14967191315924722,0.14967191315924722,2.9934382631849443,HRRR,36.14513693333333,-0.019999999999999962,-0.02999999999999997,-0.024999999999999967,0.019999999999999962,0.02999999999999997,0.024999999999999967
68787,KXHIGHCHI-26MAY17-B84.5,2026-05-16 19:42:44.847889+00:00,KMDW,2026-05-17,1,SKIP,0.21691779951366316,0.30999999999999994,-0.09308220048633678,0.09308220048633678,1.8616440097267355,HRRR,36.138681733333335,0.015000000000000069,0.010000000000000064,0.010000000000000064,-0.015000000000000069,-0.010000000000000064,-0.010000000000000064
68786,KXHIGHCHI-26MAY17-T84,2026-05-16 19:42:44.479995+00:00,KMDW,2026-05-17,1,SKIP,0.5092565857229578,0.255,0.25425658572295784,0.25425658572295784,5.085131714459156,HRRR,36.13255016666667,0.020000000000000018,0.010000000000000009,-0.015000000000000013,0.020000000000000018,0.010000000000000009,-0.015000000000000013
68784,KXHIGHCHI-26MAY17-B88.5,2026-05-16 19:42:43.797657+00:00,KMDW,2026-05-17,1,SKIP,0.13146789543463788,0.07499999999999998,0.0564678954346379,0.0564678954346379,1.1293579086927579,HRRR,36.12117786666666,-0.009999999999999981,-0.009999999999999981,0.025000000000000022,-0.009999999999999981,-0.009999999999999981,0.025000000000000022
68783,KXHIGHCHI-26MAY17-B90.5,2026-05-16 19:42:43.426041+00:00,KMDW,2026-05-17,1,SKIP,0.1209091909617823,0.03500000000000002,0.08590919096178229,0.08590919096178229,1.7181838192356458,HRRR,36.11498426666667,-1.3877787807814457e-17,-1.3877787807814457e-17,-1.3877787807814457e-17,-1.3877787807814457e-17,-1.3877787807814457e-17,-1.3877787807814457e-17
68776,KXHIGHMIA-26MAY17-B83.5,2026-05-16 19:42:40.175058+00:00,KMIA,2026-05-17,1,SKIP,0.21259042152455748,0.06499999999999997,0.1475904215245575,0.1475904215245575,2.95180843049115,HRRR,36.06080121666667,2.7755575615628914e-17,0.010000000000000023,0.010000000000000023,2.7755575615628914e-17,0.010000000000000023,0.010000000000000023
68775,KXHIGHMIA-26MAY17-B89.5,2026-05-16 19:42:39.744167+00:00,KMIA,2026-05-17,1,SKIP,0.12912205916463326,0.29500000000000004,-0.16587794083536678,0.16587794083536678,3.3175588167073355,HRRR,36.0536197,-5.551115123125783e-17,0.05499999999999994,0.07999999999999996,5.551115123125783e-17,-0.05499999999999994,-0.07999999999999996
68774,KXHIGHMIA-26MAY17-T90,2026-05-16 19:42:39.350298+00:00,KMIA,2026-05-17,1,SKIP,0.12577027620130543,0.025000000000000015,0.10077027620130541,0.10077027620130541,2.015405524026108,HRRR,36.047055216666664,-1.3877787807814457e-17,-1.3877787807814457e-17,-0.010000000000000016,-1.3877787807814457e-17,-1.3877787807814457e-17,-0.010000000000000016
68773,KXHIGHNY-26MAY16-B80.5,2026-05-16 19:42:38.924458+00:00,KNYC,2026-05-16,0,SKIP,0.13810639379529463,0.13,0.008106393795294625,0.008106393795294625,0.1621278759058925,HRRR,36.03995788333334,-0.035,-0.065,-0.045,-0.035,-0.065,-0.045
68770,KXHIGHNY-26MAY17-B83.5,2026-05-16 19:42:37.438037+00:00,KNYC,2026-05-17,1,SKIP,0.16265232783643133,0.06499999999999997,0.09765232783643135,0.09765232783643135,1.953046556728627,HRRR,36.0151842,2.7755575615628914e-17,-0.009999999999999974,-0.019999999999999976,2.7755575615628914e-17,-0.009999999999999974,-0.019999999999999976
68769,KXHIGHNY-26MAY17-B85.5,2026-05-16 19:42:37.049297+00:00,KNYC,2026-05-17,1,SKIP,0.2224895907223794,0.255,-0.03251040927762061,0.03251040927762061,0.6502081855524122,HRRR,36.0087052,0.0,-0.05000000000000002,-0.09,-0.0,0.05000000000000002,0.09
68768,KXHIGHNY-26MAY17-T83,2026-05-16 19:42:36.650071+00:00,KNYC,2026-05-17,1,SKIP,0.15877336546236953,0.025000000000000015,0.1337733654623695,0.1337733654623695,2.67546730924739,HRRR,36.002051433333335,-1.3877787807814457e-17,0.004999999999999984,-1.3877787807814457e-17,-1.3877787807814457e-17,0.004999999999999984,-1.3877787807814457e-17
68767,KXHIGHNY-26MAY17-B87.5,2026-05-16 19:42:36.283327+00:00,KNYC,2026-05-17,1,SKIP,0.2717262207319898,0.375,-0.10327377926801018,0.10327377926801018,2.0654755853602036,HRRR,35.995939033333336,-0.0050000000000000044,0.044999999999999984,0.05499999999999999,0.0050000000000000044,-0.044999999999999984,-0.05499999999999999
68766,KXHIGHNY-26MAY17-B89.5,2026-05-16 19:42:35.952903+00:00,KNYC,2026-05-17,1,SKIP,0.23980585993176437,0.28,-0.040194140068235656,0.040194140068235656,0.8038828013647131,HRRR,35.99043196666667,-0.0050000000000000044,-0.03500000000000003,0.014999999999999958,0.0050000000000000044,0.03500000000000003,-0.014999999999999958
68765,KXHIGHNY-26MAY17-T90,2026-05-16 19:42:35.360052+00:00,KNYC,2026-05-17,1,SKIP,0.13839889961665036,0.05500000000000003,0.08339889961665034,0.08339889961665034,1.6679779923330067,HRRR,35.98055111666667,-2.7755575615628914e-17,-0.01000000000000003,-0.020000000000000025,-2.7755575615628914e-17,-0.01000000000000003,-0.020000000000000025
68764,KXHIGHCHI-26MAY16-B85.5,2026-05-16 19:37:29.528106+00:00,KMDW,2026-05-16,0,SKIP,0.283733542371317,0.245,0.03873354237131699,0.03873354237131699,0.7746708474263397,HRRR,30.883352016666667,0.044999999999999984,-0.145,-0.19,0.044999999999999984,-0.145,-0.19
68763,KXHIGHCHI-26MAY16-B83.5,2026-05-16 19:37:29.195846+00:00,KMDW,2026-05-16,0,SKIP,0.32801653053032925,0.54,-0.21198346946967078,0.21198346946967078,4.239669389393415,HRRR,30.87781435,0.08499999999999996,0.29499999999999993,0.32999999999999996,-0.08499999999999996,-0.29499999999999993,-0.32999999999999996
68762,KXHIGHCHI-26MAY16-B81.5,2026-05-16 19:37:28.858518+00:00,KMDW,2026-05-16,0,SKIP,0.092605235623469,0.15500000000000003,-0.06239476437653102,0.06239476437653102,1.2478952875306204,HRRR,30.872192216666665,-0.12000000000000002,-0.12000000000000002,-0.12000000000000002,0.12000000000000002,0.12000000000000002,0.12000000000000002
68761,KXHIGHCHI-26MAY16-B87.5,2026-05-16 19:37:28.258194+00:00,KMDW,2026-05-16,0,SKIP,0.1601901818709647,0.025000000000000015,0.13519018187096468,0.13519018187096468,2.7038036374192935,HRRR,30.862186816666668,-1.3877787807814457e-17,-1.3877787807814457e-17,-0.020000000000000014,-1.3877787807814457e-17,-1.3877787807814457e-17,-0.020000000000000014
68758,KXHIGHCHI-26MAY17-B88.5,2026-05-16 19:37:26.618461+00:00,KMDW,2026-05-17,1,SKIP,0.13107229874871118,0.07499999999999998,0.0560722987487112,0.0560722987487112,1.1214459749742238,HRRR,30.834857933333332,-0.009999999999999981,-0.009999999999999981,0.025000000000000022,-0.009999999999999981,-0.009999999999999981,0.025000000000000022
68756,KXHIGHCHI-26MAY17-B90.5,2026-05-16 19:37:25.851579+00:00,KMDW,2026-05-17,1,SKIP,0.12090919096178229,0.03500000000000002,0.08590919096178228,0.08590919096178228,1.7181838192356453,HRRR,30.822076566666667,-1.3877787807814457e-17,-1.3877787807814457e-17,-1.3877787807814457e-17,-1.3877787807814457e-17,-1.3877787807814457e-17,-1.3877787807814457e-17
68755,KXHIGHCHI-26MAY17-T84,2026-05-16 19:37:25.470475+00:00,KMDW,2026-05-17,1,SKIP,0.5155031760191996,0.25,0.2655031760191996,0.2655031760191996,5.310063520383991,HRRR,30.815724833333334,0.015000000000000013,-0.010000000000000009,-0.015000000000000013,0.015000000000000013,-0.010000000000000009,-0.015000000000000013
68754,KXHIGHCHI-26MAY17-B86.5,2026-05-16 19:37:24.886977+00:00,KMDW,2026-05-17,1,SKIP,0.1750496131209286,0.32999999999999996,-0.15495038687907137,0.15495038687907137,3.0990077375814273,HRRR,30.805999866666667,-0.014999999999999958,0.010000000000000064,-0.014999999999999958,0.014999999999999958,-0.010000000000000064,0.014999999999999958
68753,KXHIGHCHI-26MAY17-B84.5,2026-05-16 19:37:24.523875+00:00,KMDW,2026-05-17,1,SKIP,0.21666807315599473,0.30999999999999994,-0.09333192684400521,0.09333192684400521,1.8666385368801042,HRRR,30.799948166666667,0.010000000000000064,0.020000000000000073,-0.004999999999999949,-0.010000000000000064,-0.020000000000000073,0.004999999999999949
68746,KXHIGHMIA-26MAY17-B89.5,2026-05-16 19:37:21.230159+00:00,KMIA,2026-05-17,1,SKIP,0.12890074982535393,0.29500000000000004,-0.1660992501746461,0.1660992501746461,3.321985003492922,HRRR,30.7450529,-5.551115123125783e-17,0.02999999999999997,0.08999999999999997,5.551115123125783e-17,-0.02999999999999997,-0.08999999999999997
68745,KXHIGHMIA-26MAY17-B83.5,2026-05-16 19:37:20.839450+00:00,KMIA,2026-05-17,1,SKIP,0.2133766305457582,0.06499999999999997,0.14837663054575823,0.14837663054575823,2.9675326109151645,HRRR,30.738541083333335,2.7755575615628914e-17,0.010000000000000023,0.010000000000000023,2.7755575615628914e-17,0.010000000000000023,0.010000000000000023
68744,KXHIGHMIA-26MAY17-T90,2026-05-16 19:37:20.229703+00:00,KMIA,2026-05-17,1,SKIP,0.12558969525608032,0.025000000000000015,0.1005896952560803,0.1005896952560803,2.011793905121606,HRRR,30.72837863333333,-1.3877787807814457e-17,-1.3877787807814457e-17,-0.010000000000000016,-1.3877787807814457e-17,-1.3877787807814457e-17,-0.010000000000000016
68742,KXHIGHNY-26MAY16-B80.5,2026-05-16 19:37:19.257003+00:00,KNYC,2026-05-16,0,SKIP,0.13690366683167038,0.16500000000000004,-0.028096333168329657,0.028096333168329657,0.5619266633665931,HRRR,30.71216696666667,-0.11500000000000003,-0.07000000000000003,-0.09000000000000004,0.11500000000000003,0.07000000000000003,0.09000000000000004
68739,KXHIGHNY-26MAY17-B87.5,2026-05-16 19:37:18.109825+00:00,KNYC,2026-05-17,1,SKIP,0.268560325717891,0.375,-0.10643967428210899,0.10643967428210899,2.1287934856421797,HRRR,30.693047333333332,-0.0050000000000000044,0.025000000000000022,0.03999999999999998,0.0050000000000000044,-0.025000000000000022,-0.03999999999999998
68738,KXHIGHNY-26MAY17-T90,2026-05-16 19:37:17.766332+00:00,KNYC,2026-05-17,1,SKIP,0.13754030751759289,0.05500000000000003,0.08254030751759286,0.08254030751759286,1.6508061503518572,HRRR,30.68732245,-2.7755575615628914e-17,-2.7755575615628914e-17,-0.020000000000000025,-2.7755575615628914e-17,-2.7755575615628914e-17,-0.020000000000000025
68737,KXHIGHNY-26MAY17-T83,2026-05-16 19:37:17.392543+00:00,KNYC,2026-05-17,1,SKIP,0.16067306673552134,0.01500000000000001,0.14567306673552133,0.14567306673552133,2.9134613347104263,HRRR,30.681092633333332,0.009999999999999992,0.014999999999999989,0.009999999999999992,0.009999999999999992,0.014999999999999989,0.009999999999999992
68736,KXHIGHNY-26MAY17-B85.5,2026-05-16 19:37:17.015822+00:00,KNYC,2026-05-17,1,SKIP,0.22723874191413984,0.255,-0.027761258085860163,0.027761258085860163,0.5552251617172033,HRRR,30.67481395,0.0,-0.05000000000000002,-0.08000000000000002,-0.0,0.05000000000000002,0.08000000000000002
68735,KXHIGHNY-26MAY17-B89.5,2026-05-16 19:37:16.672935+00:00,KNYC,2026-05-17,1,SKIP,0.23591500559247197,0.28,-0.044084994407528055,0.044084994407528055,0.8816998881505611,HRRR,30.669099166666665,0.0,-0.010000000000000009,0.009999999999999953,-0.0,0.010000000000000009,-0.009999999999999953
68734,KXHIGHNY-26MAY17-B83.5,2026-05-16 19:37:16.073491+00:00,KNYC,2026-05-17,1,SKIP,0.16391881682396786,0.06499999999999997,0.09891881682396789,0.09891881682396789,1.9783763364793576,HRRR,30.659108433333333,2.7755575615628914e-17,-0.009999999999999974,-0.019999999999999976,2.7755575615628914e-17,-0.009999999999999974,-0.019999999999999976
68731,KXHIGHMIA-26MAY17-B85.5,2026-05-16 19:37:14.899314+00:00,KMIA,2026-05-17,1,SKIP,0.31236799954252553,0.14500000000000002,0.16736799954252551,0.16736799954252551,3.34735999085051,HRRR,30.63953881666667,-2.7755575615628914e-17,-0.0050000000000000044,-0.010000000000000009,-2.7755575615628914e-17,-0.0050000000000000044,-0.010000000000000009
68730,KXHIGHNY-26MAY16-B78.5,2026-05-16 19:37:14.331444+00:00,KNYC,2026-05-16,0,SKIP,0.4979279546488412,0.83,-0.33207204535115875,0.33207204535115875,6.641440907023175,HRRR,30.63007431666667,0.08500000000000008,0.06500000000000006,0.08000000000000007,-0.08500000000000008,-0.06500000000000006,-0.08000000000000007
68729,KXHIGHMIA-26MAY17-B87.5,2026-05-16 19:37:13.937150+00:00,KMIA,2026-05-17,1,SKIP,0.13803528668579992,0.45499999999999996,-0.31696471331420006,0.31696471331420006,6.339294266284001,HRRR,30.62350275,-0.014999999999999958,-0.009999999999999953,-0.04999999999999993,0.014999999999999958,0.009999999999999953,0.04999999999999993
68727,KXHIGHCHI-26MAY16-B81.5,2026-05-16 19:32:11.038197+00:00,KMDW,2026-05-16,0,SKIP,0.21391432283297218,0.09499999999999999,0.1189143228329722,0.1189143228329722,2.3782864566594437,HRRR,25.575186866666666,-0.059999999999999984,-0.07499999999999998,-0.059999999999999984,-0.059999999999999984,-0.07499999999999998,-0.059999999999999984
68726,KXHIGHCHI-26MAY16-B83.5,2026-05-16 19:32:10.687244+00:00,KMDW,2026-05-16,0,SKIP,0.2880077641286266,0.585,-0.29699223587137336,0.29699223587137336,5.939844717427467,HRRR,25.56933765,0.050000000000000044,0.30000000000000004,0.2250000000000001,-0.050000000000000044,-0.30000000000000004,-0.2250000000000001
68725,KXHIGHCHI-26MAY16-B85.5,2026-05-16 19:32:10.131770+00:00,KMDW,2026-05-16,0,SKIP,0.2674389449854511,0.275,-0.007561055014548901,0.007561055014548901,0.15122110029097802,HRRR,25.56007975,0.009999999999999953,-0.21000000000000002,-0.17000000000000004,-0.009999999999999953,0.21000000000000002,0.17000000000000004
68724,KXHIGHCHI-26MAY16-B87.5,2026-05-16 19:32:09.759162+00:00,KMDW,2026-05-16,0,SKIP,0.13845714025404787,0.025000000000000015,0.11345714025404785,0.11345714025404785,2.269142805080957,HRRR,25.553869616666667,-0.010000000000000016,-1.3877787807814457e-17,-0.020000000000000014,-0.010000000000000016,-1.3877787807814457e-17,-0.020000000000000014
68722,KXHIGHCHI-26MAY17-B84.5,2026-05-16 19:32:09.014315+00:00,KMDW,2026-05-17,1,SKIP,0.2129756675658206,0.31999999999999995,-0.10702433243417936,0.10702433243417936,2.140486648683587,HRRR,25.5414555,-0.009999999999999953,0.010000000000000064,-0.014999999999999958,0.009999999999999953,-0.010000000000000064,0.014999999999999958
68720,KXHIGHCHI-26MAY17-B90.5,2026-05-16 19:32:07.997330+00:00,KMDW,2026-05-17,1,SKIP,0.12090919096178229,0.03500000000000002,0.08590919096178228,0.08590919096178228,1.7181838192356453,HRRR,25.52450575,-1.3877787807814457e-17,-1.3877787807814457e-17,-1.3877787807814457e-17,-1.3877787807814457e-17,-1.3877787807814457e-17,-1.3877787807814457e-17
68719,KXHIGHCHI-26MAY17-B86.5,2026-05-16 19:32:07.594734+00:00,KMDW,2026-05-17,1,SKIP,0.17326696598793434,0.345,-0.17173303401206563,0.17173303401206563,3.4346606802413127,HRRR,25.517795816666666,-0.019999999999999962,0.0050000000000000044,-0.02999999999999997,0.019999999999999962,-0.0050000000000000044,0.02999999999999997
68718,KXHIGHCHI-26MAY17-T84,2026-05-16 19:32:06.922449+00:00,KMDW,2026-05-17,1,SKIP,0.5216743730711176,0.205,0.3166743730711177,0.3166743730711177,6.3334874614223535,HRRR,25.506591066666665,0.05000000000000002,0.015000000000000013,0.03,0.05000000000000002,0.015000000000000013,0.03
68717,KXHIGHCHI-26MAY17-B88.5,2026-05-16 19:32:06.539275+00:00,KMDW,2026-05-17,1,SKIP,0.1306889522300747,0.07499999999999998,0.05568895223007472,0.05568895223007472,1.1137790446014944,HRRR,25.500204833333335,1.3877787807814457e-17,-0.009999999999999981,0.025000000000000022,1.3877787807814457e-17,-0.009999999999999981,0.025000000000000022
68710,KXHIGHMIA-26MAY17-B83.5,2026-05-16 19:32:03.518270+00:00,KMIA,2026-05-17,1,SKIP,0.21415335041431485,0.06499999999999997,0.14915335041431488,0.14915335041431488,2.9830670082862976,HRRR,25.44985475,2.7755575615628914e-17,2.7755575615628914e-17,0.010000000000000023,2.7755575615628914e-17,2.7755575615628914e-17,0.010000000000000023
68709,KXHIGHMIA-26MAY17-T90,2026-05-16 19:32:03.161947+00:00,KMIA,2026-05-17,1,SKIP,0.1254134486592321,0.025000000000000015,0.10041344865923207,0.10041344865923207,2.0082689731846415,HRRR,25.443916033333334,-1.3877787807814457e-17,-1.3877787807814457e-17,-0.010000000000000016,-1.3877787807814457e-17,-1.3877787807814457e-17,-0.010000000000000016
68706,KXHIGHNY-26MAY16-B80.5,2026-05-16 19:32:01.740919+00:00,KNYC,2026-05-16,0,SKIP,0.1357136318791213,0.12,0.01571363187912131,0.01571363187912131,0.3142726375824262,HRRR,25.420232233333333,-0.009999999999999995,-0.024999999999999994,-0.04999999999999999,-0.009999999999999995,-0.024999999999999994,-0.04999999999999999
68703,KXHIGHNY-26MAY17-B89.5,2026-05-16 19:32:00.338330+00:00,KNYC,2026-05-17,1,SKIP,0.23205568552987052,0.275,-0.0429443144701295,0.0429443144701295,0.85888628940259,HRRR,25.39685575,0.0050000000000000044,0.0,-0.030000000000000027,-0.0050000000000000044,-0.0,0.030000000000000027
68702,KXHIGHNY-26MAY17-B83.5,2026-05-16 19:31:59.947059+00:00,KNYC,2026-05-17,1,SKIP,0.16517001991805824,0.06499999999999997,0.10017001991805827,0.10017001991805827,2.003400398361165,HRRR,25.390334566666667,2.7755575615628914e-17,2.7755575615628914e-17,-0.009999999999999974,2.7755575615628914e-17,2.7755575615628914e-17,-0.009999999999999974
68701,KXHIGHNY-26MAY17-T90,2026-05-16 19:31:59.559191+00:00,KNYC,2026-05-17,1,SKIP,0.1367075046029235,0.05500000000000003,0.08170750460292348,0.08170750460292348,1.6341500920584695,HRRR,25.3838701,-0.005000000000000025,-2.7755575615628914e-17,-0.01000000000000003,-0.005000000000000025,-2.7755575615628914e-17,-0.01000000000000003
68700,KXHIGHNY-26MAY17-T83,2026-05-16 19:31:59.198739+00:00,KNYC,2026-05-17,1,SKIP,0.16254983955724056,0.025000000000000015,0.13754983955724054,0.13754983955724054,2.7509967911448108,HRRR,25.377862566666668,-1.3877787807814457e-17,-1.3877787807814457e-17,-1.3877787807814457e-17,-1.3877787807814457e-17,-1.3877787807814457e-17,-1.3877787807814457e-17
68699,KXHIGHNY-26MAY17-B87.5,2026-05-16 19:31:58.784671+00:00,KNYC,2026-05-17,1,SKIP,0.26543264148519086,0.365,-0.09956735851480913,0.09956735851480913,1.9913471702961827,HRRR,25.370961433333335,0.0,0.010000000000000009,0.06,-0.0,-0.010000000000000009,-0.06
68698,KXHIGHNY-26MAY17-B85.5,2026-05-16 19:31:58.461969+00:00,KNYC,2026-05-17,1,SKIP,0.23193057320830102,0.255,-0.023069426791698988,0.023069426791698988,0.46138853583397976,HRRR,25.365583066666666,0.0,0.0,-0.06,-0.0,-0.0,0.06
68697,KXHIGHMIA-26MAY17-B85.5,2026-05-16 19:31:58.087956+00:00,KMIA,2026-05-17,1,SKIP,0.31314428491161506,0.14500000000000002,0.16814428491161504,0.16814428491161504,3.3628856982323008,HRRR,25.359349516666665,-0.0050000000000000044,-2.7755575615628914e-17,-0.010000000000000009,-0.0050000000000000044,-2.7755575615628914e-17,-0.010000000000000009
68696,KXHIGHNY-26MAY16-B78.5,2026-05-16 19:31:57.757809+00:00,KNYC,2026-05-16,0,SKIP,0.49857534302319695,0.875,-0.37642465697680305,0.37642465697680305,7.528493139536061,HRRR,25.353847066666667,0.0,0.030000000000000027,0.030000000000000027,-0.0,-0.030000000000000027,-0.030000000000000027
68695,KXHIGHMIA-26MAY17-B87.5,2026-05-16 19:31:57.171620+00:00,KMIA,2026-05-17,1,SKIP,0.13376804100467313,0.44999999999999996,-0.31623195899532686,0.31623195899532686,6.324639179906537,HRRR,25.34407725,-0.004999999999999949,-0.009999999999999953,-0.024999999999999967,0.004999999999999949,0.009999999999999953,0.024999999999999967
68693,KXHIGHMIA-26MAY17-B89.5,2026-05-16 19:31:56.134677+00:00,KMIA,2026-05-17,1,SKIP,0.12868475240740906,0.29500000000000004,-0.16631524759259098,0.16631524759259098,3.3263049518518195,HRRR,25.326794866666667,-5.551115123125783e-17,-5.551115123125783e-17,0.07499999999999996,5.551115123125783e-17,5.551115123125783e-17,-0.07499999999999996
68692,KXHIGHMIA-26MAY17-T90,2026-05-16 19:26:54.965437+00:00,KMIA,2026-05-17,1,SKIP,0.1252402402328211,0.025000000000000015,0.10024024023282108,0.10024024023282108,2.0048048046564215,HRRR,20.307307533333333,-1.3877787807814457e-17,-1.3877787807814457e-17,-1.3877787807814457e-17,-1.3877787807814457e-17,-1.3877787807814457e-17,-1.3877787807814457e-17
68690,KXHIGHMIA-26MAY17-B83.5,2026-05-16 19:26:54.181864+00:00,KMIA,2026-05-17,1,SKIP,0.21492593174898839,0.06499999999999997,0.1499259317489884,0.1499259317489884,2.998518634979768,HRRR,20.29424798333333,2.7755575615628914e-17,2.7755575615628914e-17,0.010000000000000023,2.7755575615628914e-17,2.7755575615628914e-17,0.010000000000000023
68689,KXHIGHCHI-26MAY16-B87.5,2026-05-16 19:26:53.587680+00:00,KMDW,2026-05-16,0,SKIP,0.13751958052028382,0.025000000000000015,0.1125195805202838,0.1125195805202838,2.250391610405676,HRRR,20.284344916666665,-1.3877787807814457e-17,0.004999999999999984,-0.020000000000000014,-1.3877787807814457e-17,0.004999999999999984,-0.020000000000000014
68688,KXHIGHCHI-26MAY16-B83.5,2026-05-16 19:26:53.224483+00:00,KMDW,2026-05-16,0,SKIP,0.28794034268353197,0.555,-0.2670596573164681,0.2670596573164681,5.341193146329362,HRRR,20.278291633333332,0.10499999999999998,0.16999999999999993,0.255,-0.10499999999999998,-0.16999999999999993,-0.255
68687,KXHIGHCHI-26MAY16-B81.5,2026-05-16 19:26:52.905450+00:00,KMDW,2026-05-16,0,SKIP,0.21493558833015197,0.05999999999999998,0.154935588330152,0.154935588330152,3.09871176660304,HRRR,20.272974416666667,0.01000000000000003,-0.034999999999999976,-0.014999999999999979,0.01000000000000003,-0.034999999999999976,-0.014999999999999979
68685,KXHIGHCHI-26MAY17-B86.5,2026-05-16 19:26:52.172817+00:00,KMDW,2026-05-17,1,SKIP,0.1719819650304688,0.355,-0.18301803496953117,0.18301803496953117,3.6603606993906235,HRRR,20.260763866666668,-0.019999999999999962,-0.044999999999999984,-0.04999999999999999,0.019999999999999962,0.044999999999999984,0.04999999999999999
68684,KXHIGHCHI-26MAY17-B88.5,2026-05-16 19:26:51.804649+00:00,KMDW,2026-05-17,1,SKIP,0.13031487865300662,0.07499999999999998,0.05531487865300663,0.05531487865300663,1.1062975730601325,HRRR,20.254627733333333,1.3877787807814457e-17,-0.009999999999999981,0.025000000000000022,1.3877787807814457e-17,-0.009999999999999981,0.025000000000000022
68683,KXHIGHCHI-26MAY17-B90.5,2026-05-16 19:26:51.456972+00:00,KMDW,2026-05-17,1,SKIP,0.12090919096178229,0.03500000000000002,0.08590919096178228,0.08590919096178228,1.7181838192356453,HRRR,20.248833116666667,-1.3877787807814457e-17,-1.3877787807814457e-17,-1.3877787807814457e-17,-1.3877787807814457e-17,-1.3877787807814457e-17,-1.3877787807814457e-17
68682,KXHIGHCHI-26MAY17-B84.5,2026-05-16 19:26:50.801013+00:00,KMDW,2026-05-17,1,SKIP,0.20880165794340272,0.31999999999999995,-0.11119834205659723,0.11119834205659723,2.2239668411319444,HRRR,20.237900466666666,-0.009999999999999953,0.00500000000000006,-0.014999999999999958,0.009999999999999953,-0.00500000000000006,0.014999999999999958
68674,KXHIGHMIA-26MAY17-B85.5,2026-05-16 19:26:47.767381+00:00,KMIA,2026-05-17,1,SKIP,0.31391643406193015,0.17000000000000004,0.1439164340619301,0.1439164340619301,2.878328681238602,HRRR,20.187339933333334,-0.02500000000000005,-0.02500000000000005,-0.03500000000000003,-0.02500000000000005,-0.02500000000000005,-0.03500000000000003
68673,KXHIGHCHI-26MAY17-T84,2026-05-16 19:26:47.451847+00:00,KMDW,2026-05-17,1,SKIP,0.5278126886310939,0.205,0.3228126886310939,0.3228126886310939,6.456253772621878,HRRR,20.182081033333333,0.05000000000000002,0.07000000000000003,0.04000000000000001,0.05000000000000002,0.07000000000000003,0.04000000000000001
68672,KXHIGHNY-26MAY16-B78.5,2026-05-16 19:26:47.097576+00:00,KNYC,2026-05-16,0,SKIP,0.4992201646972445,0.735,-0.23577983530275548,0.23577983530275548,4.715596706055109,HRRR,20.17617651666667,0.10999999999999999,0.15500000000000003,0.19500000000000006,-0.10999999999999999,-0.15500000000000003,-0.19500000000000006
68671,KXHIGHNY-26MAY16-B80.5,2026-05-16 19:26:46.770435+00:00,KNYC,2026-05-16,0,SKIP,0.1345281356060881,0.19,-0.05547186439391191,0.05547186439391191,1.1094372878782381,HRRR,20.170724166666666,-0.035,-0.095,-0.12,0.035,0.095,0.12
68668,KXHIGHNY-26MAY17-T83,2026-05-16 19:26:45.169841+00:00,KNYC,2026-05-17,1,SKIP,0.16441661252157427,0.025000000000000015,0.13941661252157425,0.13941661252157425,2.788332250431485,HRRR,20.1440476,-1.3877787807814457e-17,-1.3877787807814457e-17,-1.3877787807814457e-17,-1.3877787807814457e-17,-1.3877787807814457e-17,-1.3877787807814457e-17
68667,KXHIGHNY-26MAY17-B85.5,2026-05-16 19:26:44.541852+00:00,KNYC,2026-05-17,1,SKIP,0.23659740539587065,0.255,-0.018402594604129352,0.018402594604129352,0.36805189208258704,HRRR,20.133581116666665,0.0,0.0,-0.06,-0.0,-0.0,0.06
68666,KXHIGHNY-26MAY17-B87.5,2026-05-16 19:26:44.196988+00:00,KNYC,2026-05-17,1,SKIP,0.2623216222403423,0.365,-0.10267837775965771,0.10267837775965771,2.0535675551931543,HRRR,20.127833383333332,-0.0050000000000000044,0.0050000000000000044,0.06,0.0050000000000000044,-0.0050000000000000044,-0.06
68665,KXHIGHNY-26MAY17-B89.5,2026-05-16 19:26:43.863620+00:00,KNYC,2026-05-17,1,SKIP,0.22820199394318177,0.275,-0.04679800605681825,0.04679800605681825,0.935960121136365,HRRR,20.12227725,0.0050000000000000044,0.0,-0.030000000000000027,-0.0050000000000000044,-0.0,0.030000000000000027
68664,KXHIGHNY-26MAY17-B83.5,2026-05-16 19:26:43.482536+00:00,KNYC,2026-05-17,1,SKIP,0.16641455632753127,0.06999999999999998,0.09641455632753129,0.09641455632753129,1.9282911265506257,HRRR,20.11592585,-0.004999999999999977,-0.004999999999999977,-0.014999999999999979,-0.004999999999999977,-0.004999999999999977,-0.014999999999999979
68663,KXHIGHNY-26MAY17-T90,2026-05-16 19:26:43.084082+00:00,KNYC,2026-05-17,1,SKIP,0.13589407387308475,0.05500000000000003,0.08089407387308473,0.08089407387308473,1.6178814774616945,HRRR,20.10928495,-2.7755575615628914e-17,-2.7755575615628914e-17,-0.01000000000000003,-2.7755575615628914e-17,-2.7755575615628914e-17,-0.01000000000000003
68660,KXHIGHMIA-26MAY17-B87.5,2026-05-16 19:26:41.652780+00:00,KMIA,2026-05-17,1,SKIP,0.1295188605343493,0.44499999999999995,-0.31548113946565065,0.31548113946565065,6.309622789313012,HRRR,20.085429916666666,-0.004999999999999949,0.00500000000000006,-0.019999999999999962,0.004999999999999949,-0.00500000000000006,0.019999999999999962
68659,KXHIGHCHI-26MAY16-B85.5,2026-05-16 19:26:41.059750+00:00,KMDW,2026-05-16,0,SKIP,0.26755687324781213,0.385,-0.11744312675218788,0.11744312675218788,2.3488625350437573,HRRR,20.075546083333332,-0.14500000000000002,-0.18000000000000002,-0.27,0.14500000000000002,0.18000000000000002,0.27
68657,KXHIGHMIA-26MAY17-B89.5,2026-05-16 19:26:40.224083+00:00,KMIA,2026-05-17,1,SKIP,0.1284724783916824,0.29500000000000004,-0.16652752160831763,0.16652752160831763,3.3305504321663526,HRRR,20.0616183,-5.551115123125783e-17,-5.551115123125783e-17,0.07499999999999996,5.551115123125783e-17,5.551115123125783e-17,-0.07499999999999996
68656,KXHIGHMIA-26MAY17-T90,2026-05-16 19:21:38.225931+00:00,KMIA,2026-05-17,1,SKIP,0.12506849375188556,0.025000000000000015,0.10006849375188553,0.10006849375188553,2.0013698750377107,HRRR,15.028315766666667,-1.3877787807814457e-17,-1.3877787807814457e-17,-1.3877787807814457e-17,-1.3877787807814457e-17,-1.3877787807814457e-17,-1.3877787807814457e-17
68654,KXHIGHMIA-26MAY17-B83.5,2026-05-16 19:21:37.197791+00:00,KMIA,2026-05-17,1,SKIP,0.21570126755905195,0.06499999999999997,0.15070126755905197,0.15070126755905197,3.014025351181039,HRRR,15.0111801,2.7755575615628914e-17,2.7755575615628914e-17,0.010000000000000023,2.7755575615628914e-17,2.7755575615628914e-17,0.010000000000000023
68651,KXHIGHCHI-26MAY16-B83.5,2026-05-16 19:21:35.908835+00:00,KMDW,2026-05-16,0,SKIP,0.2878725845635838,0.525,-0.23712741543641624,0.23712741543641624,4.742548308728325,HRRR,14.9896975,0.10499999999999998,0.09999999999999998,0.31999999999999995,-0.10499999999999998,-0.09999999999999998,-0.31999999999999995
68650,KXHIGHCHI-26MAY16-B81.5,2026-05-16 19:21:35.290354+00:00,KMDW,2026-05-16,0,SKIP,0.21596195360547,0.05500000000000003,0.16096195360546997,0.16096195360546997,3.2192390721093993,HRRR,14.979389483333334,0.06999999999999998,-0.020000000000000025,-0.020000000000000025,0.06999999999999998,-0.020000000000000025,-0.020000000000000025
68649,KXHIGHCHI-26MAY16-B87.5,2026-05-16 19:21:34.664057+00:00,KMDW,2026-05-16,0,SKIP,0.13657671670424087,0.025000000000000015,0.11157671670424085,0.11157671670424085,2.231534334084817,HRRR,14.9689512,-1.3877787807814457e-17,-1.3877787807814457e-17,-0.020000000000000014,-1.3877787807814457e-17,-1.3877787807814457e-17,-0.020000000000000014
68646,KXHIGHCHI-26MAY17-B90.5,2026-05-16 19:21:33.573106+00:00,KMDW,2026-05-17,1,SKIP,0.12090919096178229,0.03500000000000002,0.08590919096178228,0.08590919096178228,1.7181838192356453,HRRR,14.950768683333333,-1.3877787807814457e-17,-1.3877787807814457e-17,-1.3877787807814457e-17,-1.3877787807814457e-17,-1.3877787807814457e-17,-1.3877787807814457e-17
68645,KXHIGHCHI-26MAY17-T84,2026-05-16 19:21:32.974772+00:00,KMDW,2026-05-17,1,SKIP,0.5339728890572787,0.205,0.32897288905727873,0.32897288905727873,6.579457781145575,HRRR,14.94079645,0.05000000000000002,0.060000000000000026,0.11000000000000001,0.05000000000000002,0.060000000000000026,0.11000000000000001
68644,KXHIGHCHI-26MAY17-B88.5,2026-05-16 19:21:32.656545+00:00,KMDW,2026-05-17,1,SKIP,0.1299465835692677,0.07499999999999998,0.05494658356926771,0.05494658356926771,1.098931671385354,HRRR,14.935492666666667,1.3877787807814457e-17,-0.009999999999999981,-0.009999999999999981,1.3877787807814457e-17,-0.009999999999999981,-0.009999999999999981
68643,KXHIGHCHI-26MAY17-B84.5,2026-05-16 19:21:32.318186+00:00,KMDW,2026-05-17,1,SKIP,0.20461276677225254,0.28500000000000003,-0.08038723322774749,0.08038723322774749,1.6077446645549498,HRRR,14.92985335,0.024999999999999967,0.034999999999999976,0.03999999999999998,-0.024999999999999967,-0.034999999999999976,-0.03999999999999998
68642,KXHIGHCHI-26MAY17-B86.5,2026-05-16 19:21:31.937447+00:00,KMDW,2026-05-17,1,SKIP,0.17067946720683358,0.33499999999999996,-0.16432053279316639,0.16432053279316639,3.2864106558633277,HRRR,14.9235077,-0.004999999999999949,-0.019999999999999962,-0.034999999999999976,0.004999999999999949,0.019999999999999962,0.034999999999999976
68636,KXHIGHMIA-26MAY17-B85.5,2026-05-16 19:21:29.686525+00:00,KMIA,2026-05-17,1,SKIP,0.3146913361467732,0.17000000000000004,0.14469133614677315,0.14469133614677315,2.893826722935463,HRRR,14.885992333333334,-0.02500000000000005,-0.02500000000000005,-0.030000000000000027,-0.02500000000000005,-0.02500000000000005,-0.030000000000000027
68634,KXHIGHMIA-26MAY17-B87.5,2026-05-16 19:21:28.967753+00:00,KMIA,2026-05-17,1,SKIP,0.12524990253389814,0.44499999999999995,-0.31975009746610183,0.31975009746610183,6.395001949322037,HRRR,14.8740128,0.010000000000000064,-0.004999999999999949,-0.014999999999999958,-0.010000000000000064,0.004999999999999949,0.014999999999999958
68633,KXHIGHCHI-26MAY16-B85.5,2026-05-16 19:21:28.596260+00:00,KMDW,2026-05-16,0,SKIP,0.26767539039521393,0.45499999999999996,-0.18732460960478603,0.18732460960478603,3.7464921920957206,HRRR,14.86782125,-0.20999999999999996,-0.16499999999999998,-0.30499999999999994,0.20999999999999996,0.16499999999999998,0.30499999999999994
68631,KXHIGHNY-26MAY16-B78.5,2026-05-16 19:21:27.725107+00:00,KNYC,2026-05-16,0,SKIP,0.49986817225113855,0.6699999999999999,-0.17013182774886138,0.17013182774886138,3.4026365549772275,HRRR,14.853302033333334,0.17000000000000004,0.2450000000000001,0.2600000000000001,-0.17000000000000004,-0.2450000000000001,-0.2600000000000001
68630,KXHIGHNY-26MAY16-B80.5,2026-05-16 19:21:27.149629+00:00,KNYC,2026-05-16,0,SKIP,0.13333660247253684,0.31499999999999995,-0.1816633975274631,0.1816633975274631,3.633267950549262,HRRR,14.843710733333333,-0.18499999999999994,-0.26499999999999996,-0.24499999999999994,0.18499999999999994,0.26499999999999996,0.24499999999999994
68627,KXHIGHNY-26MAY17-B89.5,2026-05-16 19:21:25.920610+00:00,KNYC,2026-05-17,1,SKIP,0.22431985820847186,0.245,-0.020680141791528134,0.020680141791528134,0.4136028358305627,HRRR,14.823227083333334,0.03500000000000003,0.03500000000000003,0.0,-0.03500000000000003,-0.03500000000000003,-0.0
68626,KXHIGHNY-26MAY17-T83,2026-05-16 19:21:25.489283+00:00,KNYC,2026-05-17,1,SKIP,0.1662900410701918,0.025000000000000015,0.14129004107019177,0.14129004107019177,2.8258008214038353,HRRR,14.8160383,-0.010000000000000016,-1.3877787807814457e-17,-1.3877787807814457e-17,-0.010000000000000016,-1.3877787807814457e-17,-1.3877787807814457e-17
68625,KXHIGHNY-26MAY17-B83.5,2026-05-16 19:21:25.081849+00:00,KNYC,2026-05-17,1,SKIP,0.16766352986842056,0.06999999999999998,0.09766352986842058,0.09766352986842058,1.9532705973684117,HRRR,14.809247733333333,-0.004999999999999977,-0.004999999999999977,-0.014999999999999979,-0.004999999999999977,-0.004999999999999977,-0.014999999999999979
68624,KXHIGHNY-26MAY17-B85.5,2026-05-16 19:21:24.462474+00:00,KNYC,2026-05-17,1,SKIP,0.24128087618682476,0.255,-0.013719123813175249,0.013719123813175249,0.274382476263505,HRRR,14.798924816666666,0.0,0.0,-0.05000000000000002,-0.0,-0.0,0.05000000000000002
68623,KXHIGHNY-26MAY17-T90,2026-05-16 19:21:23.870522+00:00,KNYC,2026-05-17,1,SKIP,0.135092447653489,0.06499999999999997,0.07009244765348902,0.07009244765348902,1.4018489530697802,HRRR,14.78905895,-0.009999999999999974,-0.009999999999999974,-0.019999999999999976,-0.009999999999999974,-0.009999999999999974,-0.019999999999999976
68622,KXHIGHNY-26MAY17-B87.5,2026-05-16 19:21:23.500173+00:00,KNYC,2026-05-17,1,SKIP,0.25919951131418684,0.365,-0.10580048868581315,0.10580048868581315,2.116009773716263,HRRR,14.782886466666668,0.010000000000000009,0.0050000000000000044,0.05499999999999999,-0.010000000000000009,-0.0050000000000000044,-0.05499999999999999
68621,KXHIGHMIA-26MAY17-B89.5,2026-05-16 19:21:23.145248+00:00,KMIA,2026-05-17,1,SKIP,0.12826199604997135,0.29500000000000004,-0.1667380039500287,0.1667380039500287,3.334760079000574,HRRR,14.77697105,-5.551115123125783e-17,-5.551115123125783e-17,0.05499999999999994,5.551115123125783e-17,5.551115123125783e-17,-0.05499999999999994
68620,KXHIGHCHI-26MAY16-B87.5,2026-05-16 19:16:15.130916+00:00,KMDW,2026-05-16,0,SKIP,0.13561374281646377,0.025000000000000015,0.11061374281646374,0.11061374281646374,2.212274856329275,HRRR,9.64339885,-1.3877787807814457e-17,-0.010000000000000016,-1.3877787807814457e-17,-1.3877787807814457e-17,-0.010000000000000016,-1.3877787807814457e-17
68619,KXHIGHMIA-26MAY17-T90,2026-05-16 19:16:14.526458+00:00,KMIA,2026-05-17,1,SKIP,0.12489557045762377,0.025000000000000015,0.09989557045762376,0.09989557045762376,1.9979114091524752,HRRR,9.63332455,-1.3877787807814457e-17,-1.3877787807814457e-17,-1.3877787807814457e-17,-1.3877787807814457e-17,-1.3877787807814457e-17,-1.3877787807814457e-17
68618,KXHIGHNY-26MAY16-B82.5,2026-05-16 19:16:14.113314+00:00,KNYC,2026-05-16,0,SKIP,0.060823943938592036,0.025000000000000015,0.03582394393859202,0.03582394393859202,0.7164788787718404,HRRR,9.626438816666667,-0.020000000000000014,-0.020000000000000014,-0.020000000000000014,-0.020000000000000014,-0.020000000000000014,-0.020000000000000014
68617,KXHIGHMIA-26MAY17-B83.5,2026-05-16 19:16:13.728224+00:00,KMIA,2026-05-17,1,SKIP,0.21649147612829236,0.06999999999999998,0.14649147612829239,0.14649147612829239,2.9298295225658477,HRRR,9.62002065,-0.004999999999999977,-0.004999999999999977,0.005000000000000018,-0.004999999999999977,-0.004999999999999977,0.005000000000000018
68614,KXHIGHNY-26MAY16-B78.5,2026-05-16 19:16:12.373964+00:00,KNYC,2026-05-16,0,SKIP,0.5005295262145323,0.6499999999999999,-0.14947047378546763,0.14947047378546763,2.9894094757093526,HRRR,9.59744965,0.21000000000000008,0.2250000000000001,0.2550000000000001,-0.21000000000000008,-0.2250000000000001,-0.2550000000000001
68611,KXHIGHCHI-26MAY16-B83.5,2026-05-16 19:16:11.069667+00:00,KMDW,2026-05-16,0,SKIP,0.2878034272076223,0.355,-0.06719657279237767,0.06719657279237767,1.3439314558475535,HRRR,9.575711366666667,0.28500000000000003,0.28,0.46499999999999997,-0.28500000000000003,-0.28,-0.46499999999999997
68610,KXHIGHCHI-26MAY16-B81.5,2026-05-16 19:16:10.727829+00:00,KMDW,2026-05-16,0,SKIP,0.2170095137908192,0.03500000000000002,0.1820095137908192,0.1820095137908192,3.640190275816384,HRRR,9.570014066666667,0.059999999999999984,-1.3877787807814457e-17,-0.005000000000000018,0.059999999999999984,-1.3877787807814457e-17,-0.005000000000000018
68609,KXHIGHCHI-26MAY16-B85.5,2026-05-16 19:16:10.376469+00:00,KMDW,2026-05-16,0,SKIP,0.26779635497564674,0.635,-0.36720364502435326,0.36720364502435326,7.344072900487065,HRRR,9.564158066666666,-0.37,-0.35000000000000003,-0.49,0.37,0.35000000000000003,0.49
68608,KXHIGHCHI-26MAY17-T84,2026-05-16 19:16:09.716576+00:00,KMDW,2026-05-17,1,SKIP,0.540251256574719,0.205,0.335251256574719,0.335251256574719,6.70502513149438,HRRR,9.55315985,0.0,0.05000000000000002,0.060000000000000026,0.0,0.05000000000000002,0.060000000000000026
68607,KXHIGHCHI-26MAY17-B90.5,2026-05-16 19:16:09.134605+00:00,KMDW,2026-05-17,1,SKIP,0.12090919096178229,0.03500000000000002,0.08590919096178228,0.08590919096178228,1.7181838192356453,HRRR,9.543460333333334,-1.3877787807814457e-17,-1.3877787807814457e-17,-1.3877787807814457e-17,-1.3877787807814457e-17,-1.3877787807814457e-17,-1.3877787807814457e-17
68605,KXHIGHCHI-26MAY17-B84.5,2026-05-16 19:16:08.165290+00:00,KMDW,2026-05-17,1,SKIP,0.20034352284453022,0.28500000000000003,-0.08465647715546981,0.08465647715546981,1.6931295431093962,HRRR,9.527305083333333,0.034999999999999976,0.024999999999999967,0.034999999999999976,-0.034999999999999976,-0.024999999999999967,-0.034999999999999976
68604,KXHIGHCHI-26MAY17-B88.5,2026-05-16 19:16:07.828604+00:00,KMDW,2026-05-17,1,SKIP,0.12957841502014344,0.07499999999999998,0.05457841502014346,0.05457841502014346,1.0915683004028691,HRRR,9.52169365,1.3877787807814457e-17,1.3877787807814457e-17,-0.009999999999999981,1.3877787807814457e-17,1.3877787807814457e-17,-0.009999999999999981
68603,KXHIGHCHI-26MAY17-B86.5,2026-05-16 19:16:07.453060+00:00,KMDW,2026-05-17,1,SKIP,0.16933892526592897,0.32999999999999996,-0.16066107473407099,0.16066107473407099,3.2132214946814197,HRRR,9.515434583333333,0.010000000000000064,-0.004999999999999949,-0.02999999999999997,-0.010000000000000064,0.004999999999999949,0.02999999999999997
68597,KXHIGHMIA-26MAY17-B85.5,2026-05-16 19:16:05.071674+00:00,KMIA,2026-05-17,1,SKIP,0.31548110267092616,0.17000000000000004,0.14548110267092612,0.14548110267092612,2.909622053418522,HRRR,9.475744816666667,-0.030000000000000027,-0.030000000000000027,-0.030000000000000027,-0.030000000000000027,-0.030000000000000027,-0.030000000000000027
68596,KXHIGHMIA-26MAY17-B87.5,2026-05-16 19:16:04.513062+00:00,KMIA,2026-05-17,1,SKIP,0.12089434290830545,0.41500000000000004,-0.29410565709169456,0.29410565709169456,5.882113141833891,HRRR,9.466434616666668,0.024999999999999967,0.02999999999999997,0.014999999999999958,-0.024999999999999967,-0.02999999999999997,-0.014999999999999958
68595,KXHIGHMIA-26MAY17-B89.5,2026-05-16 19:16:03.886340+00:00,KMIA,2026-05-17,1,SKIP,0.12805007147536396,0.29500000000000004,-0.16694992852463608,0.16694992852463608,3.3389985704927216,HRRR,9.45598925,-5.551115123125783e-17,-5.551115123125783e-17,0.05499999999999994,5.551115123125783e-17,5.551115123125783e-17,-0.05499999999999994
68593,KXHIGHNY-26MAY16-B80.5,2026-05-16 19:16:03.087223+00:00,KNYC,2026-05-16,0,SKIP,0.13212034352096066,0.31999999999999995,-0.1878796564790393,0.1878796564790393,3.7575931295807856,HRRR,9.442670633333334,-0.18999999999999995,-0.20999999999999996,-0.25499999999999995,0.18999999999999995,0.20999999999999996,0.25499999999999995
68590,KXHIGHNY-26MAY17-T90,2026-05-16 19:16:01.968217+00:00,KNYC,2026-05-17,1,SKIP,0.1342903268058125,0.06499999999999997,0.06929032680581251,0.06929032680581251,1.3858065361162502,HRRR,9.424020533333334,-0.009999999999999974,-0.014999999999999972,-0.019999999999999976,-0.009999999999999974,-0.014999999999999972,-0.019999999999999976
68589,KXHIGHNY-26MAY17-B89.5,2026-05-16 19:16:01.564931+00:00,KNYC,2026-05-17,1,SKIP,0.22034837156306514,0.245,-0.024651628436934858,0.024651628436934858,0.49303256873869716,HRRR,9.4172991,0.025000000000000022,0.03500000000000003,0.0,-0.025000000000000022,-0.03500000000000003,-0.0
68588,KXHIGHNY-26MAY17-B83.5,2026-05-16 19:16:01.180292+00:00,KNYC,2026-05-17,1,SKIP,0.16893646165095313,0.06999999999999998,0.09893646165095316,0.09893646165095316,1.9787292330190631,HRRR,9.41088845,-0.004999999999999977,-0.004999999999999977,-0.014999999999999979,-0.004999999999999977,-0.004999999999999977,-0.014999999999999979
68587,KXHIGHNY-26MAY17-B85.5,2026-05-16 19:16:00.785384+00:00,KNYC,2026-05-17,1,SKIP,0.24605418693136066,0.255,-0.008945813068639341,0.008945813068639341,0.17891626137278682,HRRR,9.40430665,0.0,0.0,-0.05000000000000002,-0.0,-0.0,0.05000000000000002
68586,KXHIGHNY-26MAY17-T83,2026-05-16 19:16:00.393986+00:00,KNYC,2026-05-17,1,SKIP,0.16819940637199066,0.025000000000000015,0.14319940637199063,0.14319940637199063,2.8639881274398125,HRRR,9.39778335,-1.3877787807814457e-17,-1.3877787807814457e-17,0.004999999999999984,-1.3877787807814457e-17,-1.3877787807814457e-17,0.004999999999999984
68585,KXHIGHNY-26MAY17-B87.5,2026-05-16 19:15:59.963991+00:00,KNYC,2026-05-17,1,SKIP,0.25601751097840275,0.365,-0.10898248902159724,0.10898248902159724,2.179649780431945,HRRR,9.390616766666668,0.0,0.0,0.05499999999999999,-0.0,-0.0,-0.05499999999999999
68584,KXHIGHCHI-26MAY16-B87.5,2026-05-16 19:10:58.511920+00:00,KMDW,2026-05-16,0,SKIP,0.13466805603776588,0.025000000000000015,0.10966805603776586,0.10966805603776586,2.193361120755317,HRRR,4.366415583333334,-1.3877787807814457e-17,-1.3877787807814457e-17,-1.3877787807814457e-17,-1.3877787807814457e-17,-1.3877787807814457e-17,-1.3877787807814457e-17
68583,KXHIGHCHI-26MAY16-B83.5,2026-05-16 19:10:58.144785+00:00,KMDW,2026-05-16,0,SKIP,0.2877355561935392,0.355,-0.0672644438064608,0.0672644438064608,1.3452888761292159,HRRR,4.360296666666667,0.20999999999999996,0.30500000000000005,0.48,-0.20999999999999996,-0.30500000000000005,-0.48
68582,KXHIGHCHI-26MAY16-B81.5,2026-05-16 19:10:57.814224+00:00,KMDW,2026-05-16,0,SKIP,0.21803758912863505,0.03000000000000002,0.18803758912863502,0.18803758912863502,3.7607517825727004,HRRR,4.354787316666667,0.03499999999999998,0.03999999999999999,0.004999999999999984,0.03499999999999998,0.03999999999999999,0.004999999999999984
68581,KXHIGHCHI-26MAY16-B85.5,2026-05-16 19:10:57.448791+00:00,KMDW,2026-05-16,0,SKIP,0.2679150695885456,0.635,-0.3670849304114544,0.3670849304114544,7.341698608229088,HRRR,4.3486967666666665,-0.25,-0.395,-0.535,0.25,0.395,0.535
68578,KXHIGHCHI-26MAY17-B88.5,2026-05-16 19:10:55.830184+00:00,KMDW,2026-05-17,1,SKIP,0.12922452295665932,0.06999999999999998,0.05922452295665934,0.05922452295665934,1.1844904591331866,HRRR,4.321719983333334,0.005000000000000018,0.005000000000000018,-0.004999999999999977,0.005000000000000018,0.005000000000000018,-0.004999999999999977
68577,KXHIGHCHI-26MAY17-T84,2026-05-16 19:10:55.372146+00:00,KMDW,2026-05-17,1,SKIP,0.5464039812350326,0.205,0.3414039812350327,0.3414039812350327,6.828079624700654,HRRR,4.314086016666667,0.0,0.05000000000000002,0.035,0.0,0.05000000000000002,0.035
68576,KXHIGHCHI-26MAY17-B90.5,2026-05-16 19:10:55.049976+00:00,KMDW,2026-05-17,1,SKIP,0.1209091909617823,0.03500000000000002,0.08590919096178229,0.08590919096178229,1.7181838192356458,HRRR,4.308716516666666,-1.3877787807814457e-17,-1.3877787807814457e-17,-1.3877787807814457e-17,-1.3877787807814457e-17,-1.3877787807814457e-17,-1.3877787807814457e-17
68574,KXHIGHCHI-26MAY17-B86.5,2026-05-16 19:10:54.092505+00:00,KMDW,2026-05-17,1,SKIP,0.16801266434386475,0.35,-0.18198733565613523,0.18198733565613523,3.6397467131227046,HRRR,4.292758666666667,-0.009999999999999953,-0.014999999999999958,-0.009999999999999953,0.009999999999999953,0.014999999999999958,0.009999999999999953
68573,KXHIGHCHI-26MAY17-B84.5,2026-05-16 19:10:53.489074+00:00,KMDW,2026-05-17,1,SKIP,0.19615971513941827,0.32499999999999996,-0.1288402848605817,0.1288402848605817,2.5768056972116336,HRRR,4.282701483333334,-0.004999999999999949,-0.014999999999999958,0.00500000000000006,0.004999999999999949,0.014999999999999958,-0.00500000000000006
68567,KXHIGHMIA-26MAY17-B89.5,2026-05-16 19:10:50.951874+00:00,KMIA,2026-05-17,1,SKIP,0.1278448991435116,0.29500000000000004,-0.16715510085648844,0.16715510085648844,3.3431020171297687,HRRR,4.240414816666667,-5.551115123125783e-17,-5.551115123125783e-17,0.02999999999999997,5.551115123125783e-17,5.551115123125783e-17,-0.02999999999999997
68566,KXHIGHMIA-26MAY17-B87.5,2026-05-16 19:10:50.586230+00:00,KMIA,2026-05-17,1,SKIP,0.11662138659834682,0.41500000000000004,-0.2983786134016532,0.2983786134016532,5.967572268033064,HRRR,4.23432075,0.02999999999999997,0.024999999999999967,0.02999999999999997,-0.02999999999999997,-0.024999999999999967,-0.02999999999999997
68565,KXHIGHMIA-26MAY17-B85.5,2026-05-16 19:10:50.204483+00:00,KMIA,2026-05-17,1,SKIP,0.3162550643664703,0.16500000000000004,0.15125506436647024,0.15125506436647024,3.0251012873294045,HRRR,4.2279583,0.004999999999999977,-0.020000000000000046,-0.025000000000000022,0.004999999999999977,-0.020000000000000046,-0.025000000000000022
68564,KXHIGHMIA-26MAY17-T90,2026-05-16 19:10:49.868945+00:00,KMIA,2026-05-17,1,SKIP,0.12472815676536574,0.025000000000000015,0.09972815676536573,0.09972815676536573,1.9945631353073145,HRRR,4.222366,-1.3877787807814457e-17,-1.3877787807814457e-17,-1.3877787807814457e-17,-1.3877787807814457e-17,-1.3877787807814457e-17,-1.3877787807814457e-17
68563,KXHIGHNY-26MAY16-B82.5,2026-05-16 19:10:49.469621+00:00,KNYC,2026-05-16,0,SKIP,0.060792993624302134,0.020000000000000014,0.040792993624302124,0.040792993624302124,0.8158598724860424,HRRR,4.2157106,-0.015000000000000013,-0.015000000000000013,-0.015000000000000013,-0.015000000000000013,-0.015000000000000013,-0.015000000000000013
68562,KXHIGHNY-26MAY16-B80.5,2026-05-16 19:10:49.049846+00:00,KNYC,2026-05-16,0,SKIP,0.13092659006816917,0.31499999999999995,-0.18407340993183077,0.18407340993183077,3.6814681986366153,HRRR,4.20871435,-0.09499999999999995,-0.15999999999999995,-0.21999999999999995,0.09499999999999995,0.15999999999999995,0.21999999999999995
68558,KXHIGHNY-26MAY17-T83,2026-05-16 19:10:47.328116+00:00,KNYC,2026-05-17,1,SKIP,0.1700705614047746,0.025000000000000015,0.1450705614047746,0.1450705614047746,2.901411228095492,HRRR,4.18001885,-1.3877787807814457e-17,-1.3877787807814457e-17,0.004999999999999984,-1.3877787807814457e-17,-1.3877787807814457e-17,0.004999999999999984
68557,KXHIGHNY-26MAY17-T90,2026-05-16 19:10:46.919178+00:00,KNYC,2026-05-17,1,SKIP,0.13351856928954212,0.06499999999999997,0.06851856928954214,0.06851856928954214,1.3703713857908428,HRRR,4.173203216666667,-0.009999999999999974,-0.009999999999999974,-0.009999999999999974,-0.009999999999999974,-0.009999999999999974,-0.009999999999999974
68556,KXHIGHNY-26MAY17-B85.5,2026-05-16 19:10:46.495642+00:00,KNYC,2026-05-17,1,SKIP,0.2507319740547918,0.255,-0.004268025945208198,0.004268025945208198,0.08536051890416396,HRRR,4.166144283333333,0.0,0.0,-0.05000000000000002,-0.0,-0.0,0.05000000000000002
68555,KXHIGHNY-26MAY17-B87.5,2026-05-16 19:10:46.118065+00:00,KNYC,2026-05-17,1,SKIP,0.2528991889176566,0.365,-0.11210081108234338,0.11210081108234338,2.2420162216468675,HRRR,4.159851333333333,0.0,-0.0050000000000000044,0.03500000000000003,-0.0,0.0050000000000000044,-0.03500000000000003
68554,KXHIGHNY-26MAY17-B89.5,2026-05-16 19:10:45.768532+00:00,KNYC,2026-05-17,1,SKIP,0.21644205114589707,0.245,-0.028557948854102927,0.028557948854102927,0.5711589770820585,HRRR,4.154025783333333,0.030000000000000027,0.03500000000000003,0.025000000000000022,-0.030000000000000027,-0.03500000000000003,-0.025000000000000022
68553,KXHIGHNY-26MAY17-B83.5,2026-05-16 19:10:45.378174+00:00,KNYC,2026-05-17,1,SKIP,0.1701839194889229,0.07499999999999998,0.09518391948892291,0.09518391948892291,1.9036783897784582,HRRR,4.147519816666667,-0.004999999999999977,-0.009999999999999981,-0.019999999999999983,-0.004999999999999977,-0.009999999999999981,-0.019999999999999983
68552,KXHIGHMIA-26MAY17-B83.5,2026-05-16 19:10:44.964334+00:00,KMIA,2026-05-17,1,SKIP,0.2172658710227058,0.06999999999999998,0.14726587102270583,0.14726587102270583,2.9453174204541166,HRRR,4.140622483333333,-0.004999999999999977,-0.004999999999999977,0.005000000000000018,-0.004999999999999977,-0.004999999999999977,0.005000000000000018
68549,KXHIGHNY-26MAY16-B78.5,2026-05-16 19:10:43.250587+00:00,KNYC,2026-05-16,0,SKIP,0.5011785442385561,0.665,-0.1638214557614439,0.1638214557614439,3.2764291152288783,HRRR,4.112060033333333,0.10999999999999999,0.17999999999999994,0.22999999999999998,-0.10999999999999999,-0.17999999999999994,-0.22999999999999998
68545,KXHIGHCHI-26MAY16-B87.5,2026-05-16 19:05:38.824133+00:00,KMDW,2026-05-16,0,SKIP,0.1640364549254818,0.025000000000000015,0.13903645492548178,0.13903645492548178,2.7807290985096356,ECMWF,13.230696516666667,-1.3877787807814457e-17,-1.3877787807814457e-17,-1.3877787807814457e-17,-1.3877787807814457e-17,-1.3877787807814457e-17,-1.3877787807814457e-17
68544,KXHIGHCHI-26MAY16-B81.5,2026-05-16 19:05:38.454037+00:00,KMDW,2026-05-16,0,SKIP,0.15547287771604623,0.03500000000000002,0.12047287771604621,0.12047287771604621,2.409457554320924,ECMWF,13.22452825,0.009999999999999981,0.08999999999999998,-0.015000000000000017,0.009999999999999981,0.08999999999999998,-0.015000000000000017
68543,KXHIGHCHI-26MAY16-B83.5,2026-05-16 19:05:38.089822+00:00,KMDW,2026-05-16,0,SKIP,0.2813124975133403,0.33499999999999996,-0.053687502486659655,0.053687502486659655,1.073750049733193,ECMWF,13.218458,0.19500000000000006,0.29500000000000004,0.55,-0.19500000000000006,-0.29500000000000004,-0.55
68542,KXHIGHCHI-26MAY16-B85.5,2026-05-16 19:05:37.763863+00:00,KMDW,2026-05-16,0,SKIP,0.25582587990821015,0.635,-0.37917412009178986,0.37917412009178986,7.583482401835797,ECMWF,13.21302535,-0.2,-0.39,-0.5700000000000001,0.2,0.39,0.5700000000000001
68540,KXHIGHMIA-26MAY17-T90,2026-05-16 19:05:36.959824+00:00,KMIA,2026-05-17,1,SKIP,0.12456179813070521,0.025000000000000015,0.0995617981307052,0.0995617981307052,1.991235962614104,ECMWF,13.1996247,-1.3877787807814457e-17,-1.3877787807814457e-17,-1.3877787807814457e-17,-1.3877787807814457e-17,-1.3877787807814457e-17,-1.3877787807814457e-17
68539,KXHIGHCHI-26MAY17-B84.5,2026-05-16 19:05:36.574621+00:00,KMDW,2026-05-17,1,SKIP,0.19195176180948909,0.32499999999999996,-0.13304823819051087,0.13304823819051087,2.660964763810217,ECMWF,13.19320465,0.00500000000000006,-0.014999999999999958,0.00500000000000006,-0.00500000000000006,0.014999999999999958,-0.00500000000000006
68538,KXHIGHCHI-26MAY17-T84,2026-05-16 19:05:36.197142+00:00,KMDW,2026-05-17,1,SKIP,0.5525922145495968,0.205,0.3475922145495969,0.3475922145495969,6.951844290991938,ECMWF,13.186913333333333,0.0,0.05000000000000002,0.015000000000000013,0.0,0.05000000000000002,0.015000000000000013
68537,KXHIGHCHI-26MAY17-B86.5,2026-05-16 19:05:35.863128+00:00,KMDW,2026-05-17,1,SKIP,0.16666646195540757,0.345,-0.1783335380445924,0.1783335380445924,3.566670760891848,ECMWF,13.181346433333333,-0.004999999999999949,-0.014999999999999958,0.0050000000000000044,0.004999999999999949,0.014999999999999958,-0.0050000000000000044
68536,KXHIGHCHI-26MAY17-B88.5,2026-05-16 19:05:35.264634+00:00,KMDW,2026-05-17,1,SKIP,0.12887535478994194,0.09,0.038875354789941946,0.038875354789941946,0.7775070957988389,ECMWF,13.171371533333334,-0.015,-0.015,-0.024999999999999994,-0.015,-0.015,-0.024999999999999994
68535,KXHIGHCHI-26MAY17-B90.5,2026-05-16 19:05:34.651294+00:00,KMDW,2026-05-17,1,SKIP,0.12090919096178229,0.03500000000000002,0.08590919096178228,0.08590919096178228,1.7181838192356453,ECMWF,13.1611492,-1.3877787807814457e-17,-1.3877787807814457e-17,-1.3877787807814457e-17,-1.3877787807814457e-17,-1.3877787807814457e-17,-1.3877787807814457e-17
68529,KXHIGHMIA-26MAY17-B85.5,2026-05-16 19:05:32.127630+00:00,KMIA,2026-05-17,1,SKIP,0.3538160586755484,0.16500000000000004,0.18881605867554835,0.18881605867554835,3.7763211735109667,ECMWF,13.119088133333333,0.004999999999999977,-0.020000000000000046,-0.020000000000000046,0.004999999999999977,-0.020000000000000046,-0.020000000000000046
68528,KXHIGHMIA-26MAY17-B83.5,2026-05-16 19:05:31.505852+00:00,KMIA,2026-05-17,1,SKIP,0.21804473511118833,0.06999999999999998,0.14804473511118835,0.14804473511118835,2.960894702223767,ECMWF,13.108725166666666,-0.004999999999999977,-0.004999999999999977,-0.004999999999999977,-0.004999999999999977,-0.004999999999999977,-0.004999999999999977
68527,KXHIGHNY-26MAY16-B80.5,2026-05-16 19:05:31.137162+00:00,KNYC,2026-05-16,0,SKIP,0.15256782788868703,0.31999999999999995,-0.16743217211131292,0.16743217211131292,3.3486434422262583,ECMWF,13.102580333333334,-0.014999999999999958,-0.18999999999999995,-0.22499999999999995,0.014999999999999958,0.18999999999999995,0.22499999999999995
68525,KXHIGHNY-26MAY16-B82.5,2026-05-16 19:05:30.213204+00:00,KNYC,2026-05-16,0,SKIP,0.06137053878706423,0.020000000000000014,0.04137053878706422,0.04137053878706422,0.8274107757412843,ECMWF,13.087181033333334,-0.015000000000000013,-0.015000000000000013,-0.015000000000000013,-0.015000000000000013,-0.015000000000000013,-0.015000000000000013
68524,KXHIGHNY-26MAY17-B85.5,2026-05-16 19:05:29.857847+00:00,KNYC,2026-05-17,1,SKIP,0.2554367576610483,0.255,0.0004367576610482815,0.0004367576610482815,0.00873515322096563,ECMWF,13.081258416666667,0.0,0.0,0.0,0.0,0.0,0.0
68523,KXHIGHNY-26MAY17-B89.5,2026-05-16 19:05:29.471763+00:00,KNYC,2026-05-17,1,SKIP,0.21249915682194306,0.245,-0.03250084317805693,0.03250084317805693,0.6500168635611386,ECMWF,13.074823683333333,0.020000000000000018,0.03500000000000003,0.030000000000000027,-0.020000000000000018,-0.03500000000000003,-0.030000000000000027
68522,KXHIGHNY-26MAY17-B87.5,2026-05-16 19:05:29.094366+00:00,KNYC,2026-05-17,1,SKIP,0.24976287037144904,0.365,-0.11523712962855095,0.11523712962855095,2.304742592571019,ECMWF,13.068533733333334,0.0,0.010000000000000009,0.010000000000000009,-0.0,-0.010000000000000009,-0.010000000000000009
68521,KXHIGHNY-26MAY17-B83.5,2026-05-16 19:05:28.732779+00:00,KNYC,2026-05-17,1,SKIP,0.17143857666564194,0.07499999999999998,0.09643857666564196,0.09643857666564196,1.928771533312839,ECMWF,13.062507283333334,-0.004999999999999977,-0.009999999999999981,-0.009999999999999981,-0.004999999999999977,-0.009999999999999981,-0.009999999999999981
68520,KXHIGHNY-26MAY17-T90,2026-05-16 19:05:28.106061+00:00,KNYC,2026-05-17,1,SKIP,0.13275638751890678,0.06499999999999997,0.06775638751890681,0.06775638751890681,1.355127750378136,ECMWF,13.052061983333333,-0.009999999999999974,-0.009999999999999974,-0.009999999999999974,-0.009999999999999974,-0.009999999999999974,-0.009999999999999974
68518,KXHIGHMIA-26MAY17-B89.5,2026-05-16 19:05:27.288951+00:00,KMIA,2026-05-17,1,SKIP,0.12764101982792697,0.29500000000000004,-0.16735898017207307,0.16735898017207307,3.3471796034414614,ECMWF,13.038443483333333,-5.551115123125783e-17,-5.551115123125783e-17,-5.551115123125783e-17,5.551115123125783e-17,5.551115123125783e-17,5.551115123125783e-17
68516,KXHIGHNY-26MAY17-T83,2026-05-16 19:05:26.502920+00:00,KNYC,2026-05-17,1,SKIP,0.1719525152625958,0.025000000000000015,0.14695251526259578,0.14695251526259578,2.9390503052519157,ECMWF,13.025342966666667,-1.3877787807814457e-17,-0.010000000000000016,-1.3877787807814457e-17,-1.3877787807814457e-17,-0.010000000000000016,-1.3877787807814457e-17
68514,KXHIGHNY-26MAY16-B78.5,2026-05-16 19:05:25.463696+00:00,KNYC,2026-05-16,0,SKIP,0.48939715395164385,0.645,-0.15560284604835617,0.15560284604835617,3.1120569209671234,ECMWF,13.008022566666666,0.08499999999999996,0.19499999999999995,0.26,-0.08499999999999996,-0.19499999999999995,-0.26
68513,KXHIGHMIA-26MAY17-B87.5,2026-05-16 19:05:24.796544+00:00,KMIA,2026-05-17,1,SKIP,0.11231927182308404,0.41500000000000004,-0.302680728176916,0.302680728176916,6.05361456353832,ECMWF,12.996903366666666,0.02999999999999997,0.03999999999999998,0.024999999999999967,-0.02999999999999997,-0.03999999999999998,-0.024999999999999967
68511,KXHIGHMIA-26MAY17-B83.5,2026-05-16 19:00:21.724294+00:00,KMIA,2026-05-17,1,SKIP,0.21882198795075708,0.06999999999999998,0.1488219879507571,0.1488219879507571,2.976439759015142,ECMWF,7.9456992,-0.004999999999999977,-0.004999999999999977,-0.004999999999999977,-0.004999999999999977,-0.004999999999999977,-0.004999999999999977
68510,KXHIGHMIA-26MAY17-T90,2026-05-16 19:00:21.364947+00:00,KMIA,2026-05-17,1,SKIP,0.1243977801478363,0.025000000000000015,0.09939778014783629,0.09939778014783629,1.9879556029567258,ECMWF,7.939710083333333,-1.3877787807814457e-17,-1.3877787807814457e-17,-1.3877787807814457e-17,-1.3877787807814457e-17,-1.3877787807814457e-17,-1.3877787807814457e-17
68509,KXHIGHMIA-26MAY17-B85.5,2026-05-16 19:00:20.998946+00:00,KMIA,2026-05-17,1,SKIP,0.3545928767175045,0.17000000000000004,0.18459287671750446,0.18459287671750446,3.6918575343500892,ECMWF,7.933610066666667,-2.7755575615628914e-17,-0.030000000000000027,-0.02500000000000005,-2.7755575615628914e-17,-0.030000000000000027,-0.02500000000000005
68508,KXHIGHNY-26MAY16-B80.5,2026-05-16 19:00:20.649817+00:00,KNYC,2026-05-16,0,SKIP,0.15140085062634787,0.3,-0.14859914937365212,0.14859914937365212,2.971982987473042,ECMWF,7.92779125,0.015000000000000013,-0.16999999999999998,-0.205,-0.015000000000000013,0.16999999999999998,0.205
68507,KXHIGHCHI-26MAY16-B83.5,2026-05-16 19:00:20.276991+00:00,KMDW,2026-05-16,0,SKIP,0.28124365825428166,0.31999999999999995,-0.03875634174571829,0.03875634174571829,0.7751268349143658,ECMWF,7.9215774833333334,0.07500000000000007,0.32000000000000006,0.405,-0.07500000000000007,-0.32000000000000006,-0.405
68506,KXHIGHCHI-26MAY16-B87.5,2026-05-16 19:00:19.937691+00:00,KMDW,2026-05-16,0,SKIP,0.16318122925441206,0.025000000000000015,0.13818122925441204,0.13818122925441204,2.7636245850882406,ECMWF,7.9159224833333335,-1.3877787807814457e-17,-1.3877787807814457e-17,0.004999999999999984,-1.3877787807814457e-17,-1.3877787807814457e-17,0.004999999999999984
68505,KXHIGHCHI-26MAY16-B81.5,2026-05-16 19:00:19.561784+00:00,KMDW,2026-05-16,0,SKIP,0.15642020377150753,0.04000000000000002,0.11642020377150751,0.11642020377150751,2.32840407543015,ECMWF,7.909657366666667,0.019999999999999976,0.05499999999999998,-0.01500000000000002,0.019999999999999976,0.05499999999999998,-0.01500000000000002
68504,KXHIGHCHI-26MAY16-B85.5,2026-05-16 19:00:19.184306+00:00,KMDW,2026-05-16,0,SKIP,0.2559304968383624,0.635,-0.3790695031616376,0.3790695031616376,7.581390063232752,ECMWF,7.903366066666667,-0.050000000000000044,-0.37,-0.43000000000000005,0.050000000000000044,0.37,0.43000000000000005
68501,KXHIGHCHI-26MAY17-T84,2026-05-16 19:00:17.878610+00:00,KMDW,2026-05-17,1,SKIP,0.5587676461644152,0.205,0.35376764616441525,0.35376764616441525,7.075352923288305,ECMWF,7.8816044666666665,0.0,0.0,0.07000000000000003,0.0,0.0,0.07000000000000003
68500,KXHIGHCHI-26MAY17-B88.5,2026-05-16 19:00:17.272903+00:00,KMDW,2026-05-17,1,SKIP,0.12853354503012082,0.09,0.038533545030120825,0.038533545030120825,0.7706709006024165,ECMWF,7.87150935,-0.015,-0.015,-0.024999999999999994,-0.015,-0.015,-0.024999999999999994
68499,KXHIGHCHI-26MAY17-B90.5,2026-05-16 19:00:16.869343+00:00,KMDW,2026-05-17,1,SKIP,0.12090919096178229,0.03500000000000002,0.08590919096178228,0.08590919096178228,1.7181838192356453,ECMWF,7.86478335,-1.3877787807814457e-17,-1.3877787807814457e-17,-1.3877787807814457e-17,-1.3877787807814457e-17,-1.3877787807814457e-17,-1.3877787807814457e-17
68498,KXHIGHCHI-26MAY17-B84.5,2026-05-16 19:00:16.482583+00:00,KMDW,2026-05-17,1,SKIP,0.1877525135416247,0.33499999999999996,-0.14724748645837527,0.14724748645837527,2.9449497291675053,ECMWF,7.85833735,-0.04999999999999999,-0.014999999999999958,-0.009999999999999953,0.04999999999999999,0.014999999999999958,0.009999999999999953
68496,KXHIGHCHI-26MAY17-B86.5,2026-05-16 19:00:15.490094+00:00,KMDW,2026-05-17,1,SKIP,0.16531099358626822,0.30500000000000005,-0.13968900641373183,0.13968900641373183,2.7937801282746366,ECMWF,7.841795866666667,0.024999999999999967,0.034999999999999976,0.004999999999999949,-0.024999999999999967,-0.034999999999999976,-0.004999999999999949
68489,KXHIGHMIA-26MAY17-B89.5,2026-05-16 19:00:12.262207+00:00,KMIA,2026-05-17,1,SKIP,0.12744000907691255,0.29500000000000004,-0.1675599909230875,0.1675599909230875,3.3511998184617497,ECMWF,7.78799775,-5.551115123125783e-17,-5.551115123125783e-17,-5.551115123125783e-17,5.551115123125783e-17,5.551115123125783e-17,5.551115123125783e-17
68487,KXHIGHNY-26MAY16-B82.5,2026-05-16 19:00:11.431266+00:00,KNYC,2026-05-16,0,SKIP,0.06133848387812413,0.020000000000000014,0.04133848387812411,0.04133848387812411,0.8267696775624822,ECMWF,7.774148733333333,-0.010000000000000014,-0.015000000000000013,-0.015000000000000013,-0.010000000000000014,-0.015000000000000013,-0.015000000000000013
68485,KXHIGHNY-26MAY17-B87.5,2026-05-16 19:00:10.383382+00:00,KNYC,2026-05-17,1,SKIP,0.2466330399788537,0.36,-0.1133669600211463,0.1133669600211463,2.2673392004229256,ECMWF,7.756684,0.0050000000000000044,0.0050000000000000044,0.010000000000000009,-0.0050000000000000044,-0.0050000000000000044,-0.010000000000000009
68484,KXHIGHNY-26MAY17-T90,2026-05-16 19:00:09.998162+00:00,KNYC,2026-05-17,1,SKIP,0.13200955535164743,0.05999999999999998,0.07200955535164746,0.07200955535164746,1.4401911070329492,ECMWF,7.750263666666667,0.005000000000000025,-0.004999999999999977,-0.004999999999999977,0.005000000000000025,-0.004999999999999977,-0.004999999999999977
68483,KXHIGHNY-26MAY17-B85.5,2026-05-16 19:00:09.574078+00:00,KNYC,2026-05-17,1,SKIP,0.26013180840429995,0.235,0.02513180840429996,0.02513180840429996,0.5026361680859992,ECMWF,7.7431956,0.020000000000000018,0.020000000000000018,0.020000000000000018,0.020000000000000018,0.020000000000000018,0.020000000000000018
68482,KXHIGHNY-26MAY17-B83.5,2026-05-16 19:00:09.086265+00:00,KNYC,2026-05-17,1,SKIP,0.1726906383124831,0.08499999999999999,0.08769063831248311,0.08769063831248311,1.753812766249662,ECMWF,7.735065383333334,-0.014999999999999986,-0.01999999999999999,-0.01999999999999999,-0.014999999999999986,-0.01999999999999999,-0.01999999999999999
68481,KXHIGHNY-26MAY17-B89.5,2026-05-16 19:00:08.655423+00:00,KNYC,2026-05-17,1,SKIP,0.20855064636269335,0.245,-0.03644935363730664,0.03644935363730664,0.7289870727461328,ECMWF,7.7278846833333334,0.0,0.025000000000000022,0.030000000000000027,-0.0,-0.025000000000000022,-0.030000000000000027
68480,KXHIGHNY-26MAY17-T83,2026-05-16 19:00:08.260670+00:00,KNYC,2026-05-17,1,SKIP,0.17383057589160716,0.025000000000000015,0.14883057589160714,0.14883057589160714,2.9766115178321426,ECMWF,7.721305466666666,-1.3877787807814457e-17,-1.3877787807814457e-17,-1.3877787807814457e-17,-1.3877787807814457e-17,-1.3877787807814457e-17,-1.3877787807814457e-17
68478,KXHIGHNY-26MAY16-B78.5,2026-05-16 19:00:07.399268+00:00,KNYC,2026-05-16,0,SKIP,0.49003331045679444,0.665,-0.1749666895432056,0.1749666895432056,3.499333790864112,ECMWF,7.706948766666667,0.039999999999999925,0.19499999999999995,0.22499999999999998,-0.039999999999999925,-0.19499999999999995,-0.22499999999999998
68477,KXHIGHMIA-26MAY17-B87.5,2026-05-16 19:00:06.938343+00:00,KMIA,2026-05-17,1,SKIP,0.108021613604173,0.42999999999999994,-0.32197838639582693,0.32197838639582693,6.439567727916538,ECMWF,7.699266683333334,5.551115123125783e-17,0.010000000000000064,0.020000000000000073,-5.551115123125783e-17,-0.010000000000000064,-0.020000000000000073
68475,KXHIGHMIA-26MAY17-B83.5,2026-05-16 18:55:01.980956+00:00,KMIA,2026-05-17,1,SKIP,0.2196038229291901,0.06999999999999998,0.1496038229291901,0.1496038229291901,2.992076458583802,ECMWF,2.6166435666666668,2.7755575615628914e-17,-0.004999999999999977,-0.004999999999999977,2.7755575615628914e-17,-0.004999999999999977,-0.004999999999999977
68474,KXHIGHMIA-26MAY17-T90,2026-05-16 18:55:01.606963+00:00,KMIA,2026-05-17,1,SKIP,0.1242347831002588,0.025000000000000015,0.0992347831002588,0.0992347831002588,1.9846956620051759,ECMWF,2.61041035,-1.3877787807814457e-17,-1.3877787807814457e-17,-1.3877787807814457e-17,-1.3877787807814457e-17,-1.3877787807814457e-17,-1.3877787807814457e-17
68473,KXHIGHMIA-26MAY17-B85.5,2026-05-16 18:55:01.224336+00:00,KMIA,2026-05-17,1,SKIP,0.35537427433506247,0.16500000000000004,0.19037427433506243,0.19037427433506243,3.8074854867012484,ECMWF,2.6040332333333334,0.004999999999999977,0.004999999999999977,-0.020000000000000046,0.004999999999999977,0.004999999999999977,-0.020000000000000046
68472,KXHIGHNY-26MAY16-B80.5,2026-05-16 18:55:00.880833+00:00,KNYC,2026-05-16,0,SKIP,0.14675405736700595,0.29500000000000004,-0.1482459426329941,0.1482459426329941,2.9649188526598818,ECMWF,2.5983081833333332,-5.551115123125783e-17,-0.07500000000000004,-0.24500000000000005,5.551115123125783e-17,0.07500000000000004,0.24500000000000005
68471,KXHIGHMIA-26MAY17-B89.5,2026-05-16 18:55:00.245524+00:00,KMIA,2026-05-17,1,SKIP,0.1272402495238827,0.29500000000000004,-0.16775975047611735,0.16775975047611735,3.355195009522347,ECMWF,2.5877197,-5.551115123125783e-17,-5.551115123125783e-17,-5.551115123125783e-17,5.551115123125783e-17,5.551115123125783e-17,5.551115123125783e-17
68468,KXHIGHCHI-26MAY16-B87.5,2026-05-16 18:54:58.846999+00:00,KMDW,2026-05-16,0,SKIP,0.1463555927144299,0.03500000000000002,0.1113555927144299,0.1113555927144299,2.227111854288598,ECMWF,2.56441095,-0.010000000000000016,-0.010000000000000016,-0.010000000000000016,-0.010000000000000016,-0.010000000000000016,-0.010000000000000016
68467,KXHIGHCHI-26MAY16-B81.5,2026-05-16 18:54:58.447209+00:00,KMDW,2026-05-16,0,SKIP,0.17491342150751024,0.04000000000000002,0.13491342150751023,0.13491342150751023,2.6982684301502045,ECMWF,2.5577477833333333,-0.01500000000000002,0.02499999999999998,-0.005000000000000018,-0.01500000000000002,0.02499999999999998,-0.005000000000000018
68466,KXHIGHCHI-26MAY16-B83.5,2026-05-16 18:54:57.858425+00:00,KMDW,2026-05-16,0,SKIP,0.2798998132294175,0.30999999999999994,-0.03010018677058246,0.03010018677058246,0.6020037354116492,ECMWF,2.5479347166666666,0.04500000000000004,0.255,0.31500000000000006,-0.04500000000000004,-0.255,-0.31500000000000006
68465,KXHIGHCHI-26MAY16-B85.5,2026-05-16 18:54:57.534754+00:00,KMDW,2026-05-16,0,SKIP,0.25797277537279156,0.635,-0.37702722462720845,0.37702722462720845,7.540544492544169,ECMWF,2.5425402,0.0,-0.25,-0.34500000000000003,-0.0,0.25,0.34500000000000003
68464,KXHIGHCHI-26MAY17-B88.5,2026-05-16 18:54:57.117821+00:00,KMDW,2026-05-17,1,SKIP,0.12819628056850962,0.09,0.03819628056850963,0.03819628056850963,0.7639256113701925,ECMWF,2.535591316666667,-0.01999999999999999,-0.015,-0.024999999999999994,-0.01999999999999999,-0.015,-0.024999999999999994
68462,KXHIGHCHI-26MAY17-B90.5,2026-05-16 18:54:56.315836+00:00,KMDW,2026-05-17,1,SKIP,0.1209091909617823,0.03500000000000002,0.08590919096178229,0.08590919096178229,1.7181838192356458,ECMWF,2.5222249,-1.3877787807814457e-17,-1.3877787807814457e-17,-1.3877787807814457e-17,-1.3877787807814457e-17,-1.3877787807814457e-17,-1.3877787807814457e-17
68461,KXHIGHCHI-26MAY17-B86.5,2026-05-16 18:54:55.916336+00:00,KMDW,2026-05-17,1,SKIP,0.1639356209149252,0.30500000000000005,-0.14106437908507485,0.14106437908507485,2.821287581701497,ECMWF,2.5155665666666667,0.04499999999999993,0.034999999999999976,0.009999999999999953,-0.04499999999999993,-0.034999999999999976,-0.009999999999999953
68460,KXHIGHCHI-26MAY17-T84,2026-05-16 18:54:55.533544+00:00,KMDW,2026-05-17,1,SKIP,0.5649794838028109,0.205,0.359979483802811,0.359979483802811,7.1995896760562195,ECMWF,2.5091867,0.0,0.0,0.060000000000000026,0.0,0.0,0.060000000000000026
68459,KXHIGHCHI-26MAY17-B84.5,2026-05-16 18:54:55.158323+00:00,KMDW,2026-05-17,1,SKIP,0.18352850944437338,0.33499999999999996,-0.1514714905556266,0.1514714905556266,3.0294298111125317,ECMWF,2.502933016666667,-0.009999999999999953,-0.014999999999999958,-0.014999999999999958,0.009999999999999953,0.014999999999999958,0.014999999999999958
68451,KXHIGHNY-26MAY16-B78.5,2026-05-16 18:54:51.868688+00:00,KNYC,2026-05-16,0,SKIP,0.49256543329342606,0.675,-0.182434566706574,0.182434566706574,3.6486913341314797,ECMWF,2.4481057666666666,0.0050000000000000044,0.09999999999999998,0.24,-0.0050000000000000044,-0.09999999999999998,-0.24
68449,KXHIGHNY-26MAY16-B82.5,2026-05-16 18:54:51.071577+00:00,KNYC,2026-05-16,0,SKIP,0.06121189663437022,0.01500000000000001,0.04621189663437021,0.04621189663437021,0.9242379326874042,ECMWF,2.4348205833333334,-0.00500000000000001,-0.010000000000000009,-0.010000000000000009,-0.00500000000000001,-0.010000000000000009,-0.010000000000000009
68447,KXHIGHNY-26MAY17-B87.5,2026-05-16 18:54:49.967866+00:00,KNYC,2026-05-17,1,SKIP,0.24348475829634564,0.36,-0.11651524170365435,0.11651524170365435,2.330304834073087,ECMWF,2.4164254,0.0050000000000000044,0.0050000000000000044,0.010000000000000009,-0.0050000000000000044,-0.0050000000000000044,-0.010000000000000009
68446,KXHIGHNY-26MAY17-T90,2026-05-16 18:54:49.630837+00:00,KNYC,2026-05-17,1,SKIP,0.13127194914900348,0.05999999999999998,0.0712719491490035,0.0712719491490035,1.42543898298007,ECMWF,2.41080825,0.005000000000000025,-0.004999999999999977,-0.004999999999999977,0.005000000000000025,-0.004999999999999977,-0.004999999999999977
68445,KXHIGHNY-26MAY17-B85.5,2026-05-16 18:54:48.949352+00:00,KNYC,2026-05-17,1,SKIP,0.26485453788139757,0.235,0.02985453788139758,0.02985453788139758,0.5970907576279516,ECMWF,2.3994501666666666,0.020000000000000018,0.020000000000000018,0.020000000000000018,0.020000000000000018,0.020000000000000018,0.020000000000000018
68444,KXHIGHNY-26MAY17-B89.5,2026-05-16 18:54:48.583269+00:00,KNYC,2026-05-17,1,SKIP,0.20456522948424324,0.24,-0.03543477051575675,0.03543477051575675,0.7086954103151349,ECMWF,2.3933487833333333,0.0050000000000000044,0.03500000000000003,0.040000000000000036,-0.0050000000000000044,-0.03500000000000003,-0.040000000000000036
68443,KXHIGHNY-26MAY17-B83.5,2026-05-16 18:54:48.211692+00:00,KNYC,2026-05-17,1,SKIP,0.17395008123867065,0.08499999999999999,0.08895008123867065,0.08895008123867065,1.779001624773413,ECMWF,2.3871558333333334,-0.01999999999999999,-0.014999999999999986,-0.01999999999999999,-0.01999999999999999,-0.014999999999999986,-0.01999999999999999
68442,KXHIGHNY-26MAY17-T83,2026-05-16 18:54:47.565963+00:00,KNYC,2026-05-17,1,SKIP,0.17571970825192434,0.025000000000000015,0.15071970825192432,0.15071970825192432,3.0143941650384862,ECMWF,2.3763936833333332,-1.3877787807814457e-17,-1.3877787807814457e-17,-1.3877787807814457e-17,-1.3877787807814457e-17,-1.3877787807814457e-17,-1.3877787807814457e-17
68441,KXHIGHMIA-26MAY17-B87.5,2026-05-16 18:54:47.125364+00:00,KMIA,2026-05-17,1,SKIP,0.10369419531239836,0.42999999999999994,-0.32630580468760156,0.32630580468760156,6.526116093752031,ECMWF,2.369050366666667,-0.014999999999999958,0.015000000000000069,0.010000000000000064,0.014999999999999958,-0.015000000000000069,-0.010000000000000064
68439,KXHIGHMIA-26MAY17-B83.5,2026-05-16 18:49:40.181103+00:00,KMIA,2026-05-17,1,SKIP,0.22039169156229899,0.06999999999999998,0.150391691562299,0.150391691562299,3.00783383124598,ENSEMBLE,6.6662593,0.005000000000000018,-0.004999999999999977,-0.004999999999999977,0.005000000000000018,-0.004999999999999977,-0.004999999999999977
68437,KXHIGHMIA-26MAY17-T90,2026-05-16 18:49:39.386333+00:00,KMIA,2026-05-17,1,SKIP,0.12407252062058259,0.025000000000000015,0.09907252062058258,0.09907252062058258,1.9814504124116517,ENSEMBLE,6.653013133333333,-1.3877787807814457e-17,-1.3877787807814457e-17,-1.3877787807814457e-17,-1.3877787807814457e-17,-1.3877787807814457e-17,-1.3877787807814457e-17
68436,KXHIGHMIA-26MAY17-B85.5,2026-05-16 18:49:38.911655+00:00,KMIA,2026-05-17,1,SKIP,0.35616170223205124,0.16000000000000003,0.1961617022320512,0.1961617022320512,3.923234044641024,ENSEMBLE,6.645101833333333,0.004999999999999977,0.009999999999999981,-0.020000000000000018,0.004999999999999977,0.009999999999999981,-0.020000000000000018
68435,KXHIGHNY-26MAY16-B80.5,2026-05-16 18:49:38.561503+00:00,KNYC,2026-05-16,0,SKIP,0.1448461354502046,0.475,-0.33015386454979534,0.33015386454979534,6.603077290995906,ENSEMBLE,6.639265966666667,-0.16999999999999998,-0.16999999999999998,-0.365,0.16999999999999998,0.16999999999999998,0.365
68434,KXHIGHMIA-26MAY17-B89.5,2026-05-16 18:49:37.963830+00:00,KMIA,2026-05-17,1,SKIP,0.12704139021388094,0.29500000000000004,-0.1679586097861191,0.1679586097861191,3.359172195722382,ENSEMBLE,6.62930475,-5.551115123125783e-17,-5.551115123125783e-17,-5.551115123125783e-17,5.551115123125783e-17,5.551115123125783e-17,5.551115123125783e-17
68433,KXHIGHCHI-26MAY17-B88.5,2026-05-16 18:49:37.593381+00:00,KMDW,2026-05-17,1,SKIP,0.12786294190131653,0.09,0.03786294190131653,0.03786294190131653,0.7572588380263306,ENSEMBLE,6.6231306,-0.01999999999999999,-0.015,-0.015,-0.01999999999999999,-0.015,-0.015
68432,KXHIGHCHI-26MAY16-B81.5,2026-05-16 18:49:37.224965+00:00,KMDW,2026-05-16,0,SKIP,0.17627111020562478,0.04000000000000002,0.13627111020562477,0.13627111020562477,2.7254222041124954,ENSEMBLE,6.616990333333333,-0.005000000000000018,0.004999999999999977,-0.005000000000000018,-0.005000000000000018,0.004999999999999977,-0.005000000000000018
68431,KXHIGHCHI-26MAY16-B83.5,2026-05-16 18:49:36.642890+00:00,KMDW,2026-05-16,0,SKIP,0.27980115418433843,0.26,0.01980115418433842,0.01980115418433842,0.3960230836867684,ENSEMBLE,6.607289083333333,0.07500000000000001,0.27,0.375,0.07500000000000001,0.27,0.375
68430,KXHIGHCHI-26MAY16-B87.5,2026-05-16 18:49:36.071532+00:00,KMDW,2026-05-16,0,SKIP,0.14511095917179065,0.045000000000000026,0.10011095917179062,0.10011095917179062,2.0022191834358125,ENSEMBLE,6.59776645,-0.020000000000000025,-0.020000000000000025,-0.030000000000000027,-0.020000000000000025,-0.020000000000000025,-0.030000000000000027
68429,KXHIGHCHI-26MAY16-B85.5,2026-05-16 18:49:35.463057+00:00,KMDW,2026-05-16,0,SKIP,0.25812271025833594,0.655,-0.3968772897416641,0.3968772897416641,7.937545794833281,ENSEMBLE,6.5876252,-0.020000000000000018,-0.22000000000000003,-0.37000000000000005,0.020000000000000018,0.22000000000000003,0.37000000000000005
68425,KXHIGHCHI-26MAY17-B86.5,2026-05-16 18:49:33.871337+00:00,KMDW,2026-05-17,1,SKIP,0.1625377784267663,0.30500000000000005,-0.14246222157323374,0.14246222157323374,2.8492444314646748,ENSEMBLE,6.561096533333333,0.04499999999999993,0.034999999999999976,0.019999999999999962,-0.04499999999999993,-0.034999999999999976,-0.019999999999999962
68424,KXHIGHCHI-26MAY17-T84,2026-05-16 18:49:33.226020+00:00,KMDW,2026-05-17,1,SKIP,0.5539993240032494,0.205,0.3489993240032494,0.3489993240032494,6.979986480064988,ENSEMBLE,6.55034125,0.0,0.0,0.05000000000000002,0.0,0.0,0.05000000000000002
68423,KXHIGHCHI-26MAY17-B84.5,2026-05-16 18:49:32.883576+00:00,KMDW,2026-05-17,1,SKIP,0.1792719074424794,0.33499999999999996,-0.15572809255752057,0.15572809255752057,3.114561851150411,ENSEMBLE,6.54463385,-0.009999999999999953,-0.004999999999999949,-0.024999999999999967,0.009999999999999953,0.004999999999999949,0.024999999999999967
68422,KXHIGHCHI-26MAY17-B90.5,2026-05-16 18:49:32.479407+00:00,KMDW,2026-05-17,1,SKIP,0.12090919096178229,0.03500000000000002,0.08590919096178228,0.08590919096178228,1.7181838192356453,ENSEMBLE,6.5378977,-1.3877787807814457e-17,-1.3877787807814457e-17,-1.3877787807814457e-17,-1.3877787807814457e-17,-1.3877787807814457e-17,-1.3877787807814457e-17
68415,KXHIGHMIA-26MAY17-B87.5,2026-05-16 18:49:28.806054+00:00,KMIA,2026-05-17,1,SKIP,0.20901542318532118,0.43499999999999994,-0.22598457681467876,0.22598457681467876,4.519691536293575,ENSEMBLE,6.47667515,-0.019999999999999962,0.010000000000000064,0.010000000000000064,0.019999999999999962,-0.010000000000000064,-0.010000000000000064
68414,KXHIGHNY-26MAY16-B78.5,2026-05-16 18:49:28.403606+00:00,KNYC,2026-05-16,0,SKIP,0.4936046402947952,0.525,-0.031395359705204795,0.031395359705204795,0.6279071941040959,ENSEMBLE,6.4699676833333335,0.135,0.17999999999999994,0.35,-0.135,-0.17999999999999994,-0.35
68411,KXHIGHNY-26MAY16-B82.5,2026-05-16 18:49:27.265839+00:00,KNYC,2026-05-16,0,SKIP,0.061160403468778934,0.025000000000000015,0.03616040346877892,0.03616040346877892,0.7232080693755784,ENSEMBLE,6.4510049,-0.005000000000000015,-0.015000000000000015,-0.020000000000000014,-0.005000000000000015,-0.015000000000000015,-0.020000000000000014
68410,KXHIGHNY-26MAY17-T83,2026-05-16 18:49:26.825924+00:00,KNYC,2026-05-17,1,SKIP,0.177623419612432,0.025000000000000015,0.15262341961243198,0.15262341961243198,3.0524683922486395,ENSEMBLE,6.443672983333333,-1.3877787807814457e-17,-1.3877787807814457e-17,-1.3877787807814457e-17,-1.3877787807814457e-17,-1.3877787807814457e-17,-1.3877787807814457e-17
68409,KXHIGHNY-26MAY17-B85.5,2026-05-16 18:49:26.435731+00:00,KNYC,2026-05-17,1,SKIP,0.2696137140762541,0.235,0.03461371407625413,0.03461371407625413,0.6922742815250826,ENSEMBLE,6.437169766666667,0.020000000000000018,0.020000000000000018,0.020000000000000018,0.020000000000000018,0.020000000000000018,0.020000000000000018
68408,KXHIGHNY-26MAY17-B89.5,2026-05-16 18:49:26.006710+00:00,KNYC,2026-05-17,1,SKIP,0.20053548023129164,0.235,-0.034464519768708346,0.034464519768708346,0.6892903953741669,ENSEMBLE,6.430019416666667,0.010000000000000009,0.010000000000000009,0.04500000000000004,-0.010000000000000009,-0.010000000000000009,-0.04500000000000004
68407,KXHIGHNY-26MAY17-B87.5,2026-05-16 18:49:25.607331+00:00,KNYC,2026-05-17,1,SKIP,0.240312180381232,0.36,-0.11968781961876798,0.11968781961876798,2.3937563923753595,ENSEMBLE,6.4233631,0.0050000000000000044,0.0050000000000000044,0.0050000000000000044,-0.0050000000000000044,-0.0050000000000000044,-0.0050000000000000044
68406,KXHIGHNY-26MAY17-B83.5,2026-05-16 18:49:25.265278+00:00,KNYC,2026-05-17,1,SKIP,0.17521924366310326,0.09,0.08521924366310327,0.08521924366310327,1.7043848732620652,ENSEMBLE,6.417662216666667,-0.015,-0.01999999999999999,-0.024999999999999994,-0.015,-0.01999999999999999,-0.024999999999999994
68405,KXHIGHNY-26MAY17-T90,2026-05-16 18:49:24.869354+00:00,KNYC,2026-05-17,1,SKIP,0.13054222633727167,0.05999999999999998,0.0705422263372717,0.0705422263372717,1.410844526745434,ENSEMBLE,6.411063483333333,0.005000000000000025,0.005000000000000025,-0.009999999999999974,0.005000000000000025,0.005000000000000025,-0.009999999999999974
68403,KXHIGHCHI-26MAY16-B81.5,2026-05-16 18:44:14.952674+00:00,KMDW,2026-05-16,0,SKIP,0.1776395311699116,0.03000000000000002,0.14763953116991158,0.14763953116991158,2.9527906233982315,ENSEMBLE,1.2457854833333333,0.004999999999999984,-0.005000000000000018,0.03999999999999999,0.004999999999999984,-0.005000000000000018,0.03999999999999999
68402,KXHIGHCHI-26MAY16-B85.5,2026-05-16 18:44:14.576275+00:00,KMDW,2026-05-16,0,SKIP,0.2582738303501081,0.685,-0.42672616964989196,0.42672616964989196,8.534523392997839,ENSEMBLE,1.2395121666666666,-0.050000000000000044,-0.050000000000000044,-0.44500000000000006,0.050000000000000044,0.050000000000000044,0.44500000000000006
68401,KXHIGHCHI-26MAY16-B87.5,2026-05-16 18:44:14.213084+00:00,KMDW,2026-05-16,0,SKIP,0.1438552443459017,0.03500000000000002,0.10885524434590167,0.10885524434590167,2.177104886918033,ENSEMBLE,1.2334589833333334,-0.010000000000000016,-0.010000000000000016,-0.010000000000000016,-0.010000000000000016,-0.010000000000000016,-0.010000000000000016
68400,KXHIGHCHI-26MAY16-B83.5,2026-05-16 18:44:13.831923+00:00,KMDW,2026-05-16,0,SKIP,0.27970171525861826,0.19999999999999998,0.07970171525861827,0.07970171525861827,1.5940343051723653,ENSEMBLE,1.2271063,0.12500000000000003,0.155,0.4600000000000001,0.12500000000000003,0.155,0.4600000000000001
68398,KXHIGHCHI-26MAY17-B84.5,2026-05-16 18:44:13.072032+00:00,KMDW,2026-05-17,1,SKIP,0.17498988623450756,0.33499999999999996,-0.1600101137654924,0.1600101137654924,3.200202275309848,ENSEMBLE,1.21444145,-0.014999999999999958,-0.009999999999999953,-0.024999999999999967,0.014999999999999958,0.009999999999999953,0.024999999999999967
68396,KXHIGHCHI-26MAY17-B90.5,2026-05-16 18:44:12.353585+00:00,KMDW,2026-05-17,1,SKIP,0.12090919096178229,0.03500000000000002,0.08590919096178228,0.08590919096178228,1.7181838192356453,ENSEMBLE,1.2024673333333333,-1.3877787807814457e-17,-1.3877787807814457e-17,-1.3877787807814457e-17,-1.3877787807814457e-17,-1.3877787807814457e-17,-1.3877787807814457e-17
68395,KXHIGHCHI-26MAY17-T84,2026-05-16 18:44:11.968225+00:00,KMDW,2026-05-17,1,SKIP,0.5602964818410925,0.205,0.3552964818410925,0.3552964818410925,7.10592963682185,ENSEMBLE,1.1960446666666666,0.0,0.0,0.05000000000000002,0.0,0.0,0.05000000000000002
68394,KXHIGHCHI-26MAY17-B86.5,2026-05-16 18:44:11.636362+00:00,KMDW,2026-05-17,1,SKIP,0.16111981179239376,0.30500000000000005,-0.14388018820760629,0.14388018820760629,2.8776037641521257,ENSEMBLE,1.1905136166666668,-5.551115123125783e-17,0.04499999999999993,0.02999999999999997,5.551115123125783e-17,-0.04499999999999993,-0.02999999999999997
68385,KXHIGHNY-26MAY16-B82.5,2026-05-16 18:44:08.011717+00:00,KNYC,2026-05-16,0,SKIP,0.06110875539446581,0.020000000000000014,0.04110875539446579,0.04110875539446579,0.8221751078893158,ENSEMBLE,1.1301028666666666,-0.005000000000000015,-0.010000000000000014,-0.015000000000000013,-0.005000000000000015,-0.010000000000000014,-0.015000000000000013
68384,KXHIGHNY-26MAY16-B78.5,2026-05-16 18:44:07.638891+00:00,KNYC,2026-05-16,0,SKIP,0.49465238083482677,0.42499999999999993,0.06965238083482683,0.06965238083482683,1.3930476166965367,ENSEMBLE,1.1238891,0.2300000000000001,0.2550000000000001,0.42000000000000004,0.2300000000000001,0.2550000000000001,0.42000000000000004
68383,KXHIGHNY-26MAY17-B85.5,2026-05-16 18:44:07.278160+00:00,KNYC,2026-05-17,1,SKIP,0.27440131070609824,0.235,0.03940131070609826,0.03940131070609826,0.7880262141219652,ENSEMBLE,1.1178769166666667,0.020000000000000018,0.020000000000000018,0.020000000000000018,0.020000000000000018,0.020000000000000018,0.020000000000000018
68382,KXHIGHNY-26MAY17-B83.5,2026-05-16 18:44:06.887976+00:00,KNYC,2026-05-17,1,SKIP,0.17649598516145434,0.08499999999999999,0.09149598516145435,0.09149598516145435,1.829919703229087,ENSEMBLE,1.11137385,1.3877787807814457e-17,-0.01999999999999999,-0.01999999999999999,1.3877787807814457e-17,-0.01999999999999999,-0.01999999999999999
68381,KXHIGHNY-26MAY17-B89.5,2026-05-16 18:44:06.522569+00:00,KNYC,2026-05-17,1,SKIP,0.1964681682042564,0.245,-0.04853183179574361,0.04853183179574361,0.9706366359148721,ENSEMBLE,1.1052837333333334,0.0,0.0,0.03500000000000003,-0.0,-0.0,-0.03500000000000003
68380,KXHIGHNY-26MAY17-B87.5,2026-05-16 18:44:06.160638+00:00,KNYC,2026-05-17,1,SKIP,0.2371206567409156,0.355,-0.11787934325908439,0.11787934325908439,2.3575868651816876,ENSEMBLE,1.09925155,0.0050000000000000044,0.010000000000000009,0.0050000000000000044,-0.0050000000000000044,-0.010000000000000009,-0.0050000000000000044
68379,KXHIGHNY-26MAY17-T83,2026-05-16 18:44:05.572244+00:00,KNYC,2026-05-17,1,SKIP,0.17953849939107358,0.025000000000000015,0.15453849939107356,0.15453849939107356,3.090769987821471,ENSEMBLE,1.0894449833333333,-1.3877787807814457e-17,-1.3877787807814457e-17,-1.3877787807814457e-17,-1.3877787807814457e-17,-1.3877787807814457e-17,-1.3877787807814457e-17
68378,KXHIGHNY-26MAY17-T90,2026-05-16 18:44:05.172345+00:00,KNYC,2026-05-17,1,SKIP,0.12982164409778657,0.05999999999999998,0.0698216440977866,0.0698216440977866,1.396432881955732,ENSEMBLE,1.08278,0.005000000000000025,0.005000000000000025,-0.004999999999999977,0.005000000000000025,0.005000000000000025,-0.004999999999999977
68377,KXHIGHMIA-26MAY17-B83.5,2026-05-16 18:44:04.514984+00:00,KMIA,2026-05-17,1,SKIP,0.22118426512087114,0.06999999999999998,0.15118426512087116,0.15118426512087116,3.023685302417423,ENSEMBLE,1.0718239833333334,2.7755575615628914e-17,2.7755575615628914e-17,-0.004999999999999977,2.7755575615628914e-17,2.7755575615628914e-17,-0.004999999999999977
68374,KXHIGHMIA-26MAY17-B87.5,2026-05-16 18:44:03.047043+00:00,KMIA,2026-05-17,1,SKIP,0.20461966993463632,0.43499999999999994,-0.23038033006536363,0.23038033006536363,4.607606601307272,ENSEMBLE,1.0473583,-0.019999999999999962,-0.019999999999999962,0.00500000000000006,0.019999999999999962,0.019999999999999962,-0.00500000000000006
68373,KXHIGHMIA-26MAY17-T90,2026-05-16 18:44:02.681659+00:00,KMIA,2026-05-17,1,SKIP,0.12391128267189776,0.025000000000000015,0.09891128267189775,0.09891128267189775,1.978225653437955,ENSEMBLE,1.0412685666666668,-1.3877787807814457e-17,-1.3877787807814457e-17,-1.3877787807814457e-17,-1.3877787807814457e-17,-1.3877787807814457e-17,-1.3877787807814457e-17
68372,KXHIGHMIA-26MAY17-B85.5,2026-05-16 18:44:02.291330+00:00,KMIA,2026-05-17,1,SKIP,0.35695383242255396,0.16000000000000003,0.19695383242255393,0.19695383242255393,3.9390766484510786,ENSEMBLE,1.0347630833333332,0.004999999999999977,0.009999999999999981,-0.015000000000000041,0.004999999999999977,0.009999999999999981,-0.015000000000000041
68371,KXHIGHNY-26MAY16-B80.5,2026-05-16 18:44:01.712178+00:00,KNYC,2026-05-16,0,SKIP,0.14292205991141524,0.55,-0.4070779400885848,0.4070779400885848,8.141558801771694,ENSEMBLE,1.02511055,-0.25500000000000006,-0.25500000000000006,-0.395,0.25500000000000006,0.25500000000000006,0.395
68370,KXHIGHMIA-26MAY17-B89.5,2026-05-16 18:44:01.262603+00:00,KMIA,2026-05-17,1,SKIP,0.12684378650854133,0.29500000000000004,-0.1681562134914587,0.1681562134914587,3.363124269829174,ENSEMBLE,1.0176176333333333,-5.551115123125783e-17,-5.551115123125783e-17,-5.551115123125783e-17,5.551115123125783e-17,5.551115123125783e-17,5.551115123125783e-17
68369,KXHIGHCHI-26MAY17-B88.5,2026-05-16 18:44:00.797803+00:00,KMDW,2026-05-17,1,SKIP,0.1275340976812972,0.09,0.0375340976812972,0.0375340976812972,0.750681953625944,ENSEMBLE,1.0098709666666668,0.0,-0.01999999999999999,-0.015,0.0,-0.01999999999999999,-0.015
68368,KXHIGHCHI-26MAY16-B83.5,2026-05-16 18:38:58.648545+00:00,KMDW,2026-05-16,0,SKIP,0.27960398843208456,0.21499999999999997,0.06460398843208459,0.06460398843208459,1.2920797686416918,HRRR,32.59909196666667,0.11000000000000004,0.12000000000000005,0.41500000000000004,0.11000000000000004,0.12000000000000005,0.41500000000000004
68367,KXHIGHCHI-26MAY16-B81.5,2026-05-16 18:38:58.300505+00:00,KMDW,2026-05-16,0,SKIP,0.19791198777676278,0.06999999999999998,0.1279119877767628,0.1279119877767628,2.5582397555352556,HRRR,32.5932913,-0.029999999999999978,-0.034999999999999976,0.05500000000000002,-0.029999999999999978,-0.034999999999999976,0.05500000000000002
68366,KXHIGHCHI-26MAY16-B87.5,2026-05-16 18:38:57.683754+00:00,KMDW,2026-05-16,0,SKIP,0.14261994415964815,0.03500000000000002,0.10761994415964814,0.10761994415964814,2.1523988831929626,HRRR,32.583012116666666,-0.010000000000000016,-0.010000000000000016,-0.010000000000000016,-0.010000000000000016,-0.010000000000000016,-0.010000000000000016
68365,KXHIGHCHI-26MAY16-B85.5,2026-05-16 18:38:57.314033+00:00,KMDW,2026-05-16,0,SKIP,0.2584223485172886,0.635,-0.3765776514827114,0.3765776514827114,7.531553029654227,HRRR,32.5768501,0.0,0.0,-0.39,-0.0,-0.0,0.39
68362,KXHIGHCHI-26MAY17-T84,2026-05-16 18:38:55.917821+00:00,KMDW,2026-05-17,1,SKIP,0.5664734152105032,0.205,0.36147341521050325,0.36147341521050325,7.229468304210065,GFS,38.57322263333333,0.0,0.0,0.05000000000000002,0.0,0.0,0.05000000000000002
68361,KXHIGHCHI-26MAY17-B86.5,2026-05-16 18:38:55.531745+00:00,KMDW,2026-05-17,1,SKIP,0.15971766195122872,0.30500000000000005,-0.14528233804877133,0.14528233804877133,2.9056467609754266,GFS,38.56678803333333,-5.551115123125783e-17,0.04499999999999993,0.024999999999999967,5.551115123125783e-17,-0.04499999999999993,-0.024999999999999967
68360,KXHIGHCHI-26MAY17-B88.5,2026-05-16 18:38:55.143187+00:00,KMDW,2026-05-17,1,SKIP,0.1272177294186938,0.09,0.03721772941869381,0.03721772941869381,0.7443545883738761,GFS,38.56031206666667,0.0,-0.01999999999999999,-0.015,0.0,-0.01999999999999999,-0.015
68358,KXHIGHCHI-26MAY17-B84.5,2026-05-16 18:38:54.135504+00:00,KMDW,2026-05-17,1,SKIP,0.1707896167845196,0.33499999999999996,-0.16421038321548037,0.16421038321548037,3.284207664309607,GFS,38.54351735,5.551115123125783e-17,-0.009999999999999953,-0.024999999999999967,-5.551115123125783e-17,0.009999999999999953,0.024999999999999967
68357,KXHIGHCHI-26MAY17-B90.5,2026-05-16 18:38:53.756819+00:00,KMDW,2026-05-17,1,SKIP,0.12090919096178229,0.03500000000000002,0.08590919096178228,0.08590919096178228,1.7181838192356453,GFS,38.53720593333333,-1.3877787807814457e-17,-1.3877787807814457e-17,-1.3877787807814457e-17,-1.3877787807814457e-17,-1.3877787807814457e-17,-1.3877787807814457e-17
68350,KXHIGHMIA-26MAY17-T90,2026-05-16 18:38:50.767519+00:00,KMIA,2026-05-17,1,SKIP,0.12375504201360653,0.025000000000000015,0.09875504201360652,0.09875504201360652,1.9751008402721304,GFS,38.487384266666666,-1.3877787807814457e-17,-1.3877787807814457e-17,-1.3877787807814457e-17,-1.3877787807814457e-17,-1.3877787807814457e-17,-1.3877787807814457e-17
68349,KXHIGHMIA-26MAY17-B83.5,2026-05-16 18:38:50.378859+00:00,KMIA,2026-05-17,1,SKIP,0.22196170697443873,0.06999999999999998,0.15196170697443875,0.15196170697443875,3.0392341394887747,GFS,38.4809066,2.7755575615628914e-17,0.005000000000000018,-0.004999999999999977,2.7755575615628914e-17,0.005000000000000018,-0.004999999999999977
68347,KXHIGHNY-26MAY16-B82.5,2026-05-16 18:38:49.434254+00:00,KNYC,2026-05-16,0,SKIP,0.06105824164258611,0.03000000000000002,0.03105824164258609,0.03105824164258609,0.6211648328517217,HRRR,32.44552045,-0.02500000000000002,-0.01000000000000002,-0.02500000000000002,-0.02500000000000002,-0.01000000000000002,-0.02500000000000002
68344,KXHIGHNY-26MAY17-B87.5,2026-05-16 18:38:47.827283+00:00,KNYC,2026-05-17,1,SKIP,0.278704106894001,0.35,-0.07129589310599899,0.07129589310599899,1.4259178621199797,GFS,38.438380333333335,0.010000000000000009,0.015000000000000013,0.025000000000000022,-0.010000000000000009,-0.015000000000000013,-0.025000000000000022
68343,KXHIGHNY-26MAY17-B85.5,2026-05-16 18:38:47.213064+00:00,KNYC,2026-05-17,1,SKIP,0.2790975032017727,0.235,0.04409750320177269,0.04409750320177269,0.8819500640354538,GFS,38.42814335,0.0,0.020000000000000018,0.020000000000000018,0.0,0.020000000000000018,0.020000000000000018
68342,KXHIGHNY-26MAY17-T90,2026-05-16 18:38:46.854261+00:00,KNYC,2026-05-17,1,SKIP,0.12912773174607178,0.05500000000000003,0.07412773174607176,0.07412773174607176,1.4825546349214351,GFS,38.4221633,0.00499999999999997,0.009999999999999974,-2.7755575615628914e-17,0.00499999999999997,0.009999999999999974,-2.7755575615628914e-17
68341,KXHIGHNY-26MAY17-B89.5,2026-05-16 18:38:46.489414+00:00,KNYC,2026-05-17,1,SKIP,0.19246559610605884,0.245,-0.05253440389394115,0.05253440389394115,1.050688077878823,GFS,38.41608251666667,0.0,0.0,0.03500000000000003,-0.0,-0.0,-0.03500000000000003
68340,KXHIGHNY-26MAY17-T83,2026-05-16 18:38:46.104310+00:00,KNYC,2026-05-17,1,SKIP,0.1814170167308619,0.025000000000000015,0.1564170167308619,0.1564170167308619,3.1283403346172376,GFS,38.40966411666667,-1.3877787807814457e-17,-1.3877787807814457e-17,-0.010000000000000016,-1.3877787807814457e-17,-1.3877787807814457e-17,-0.010000000000000016
68339,KXHIGHNY-26MAY17-B83.5,2026-05-16 18:38:45.478322+00:00,KNYC,2026-05-17,1,SKIP,0.17774835128730898,0.095,0.08274835128730898,0.08274835128730898,1.6549670257461795,GFS,38.39923098333333,-0.009999999999999995,-0.020000000000000004,-0.03,-0.009999999999999995,-0.020000000000000004,-0.03
68338,KXHIGHMIA-26MAY17-B85.5,2026-05-16 18:38:45.049697+00:00,KMIA,2026-05-17,1,SKIP,0.357730839372774,0.16500000000000004,0.19273083937277397,0.19273083937277397,3.854616787455479,GFS,38.392087233333335,-2.7755575615628914e-17,-2.7755575615628914e-17,-0.020000000000000046,-2.7755575615628914e-17,-2.7755575615628914e-17,-0.020000000000000046
68336,KXHIGHNY-26MAY16-B80.5,2026-05-16 18:38:44.102106+00:00,KNYC,2026-05-16,0,SKIP,0.1410300664313506,0.59,-0.44896993356864934,0.44896993356864934,8.979398671372985,HRRR,32.356651316666664,-0.245,-0.285,-0.45999999999999996,0.245,0.285,0.45999999999999996
68335,KXHIGHMIA-26MAY17-B89.5,2026-05-16 18:38:43.757823+00:00,KMIA,2026-05-17,1,SKIP,0.12665230718711096,0.29500000000000004,-0.16834769281288908,0.16834769281288908,3.3669538562577817,GFS,38.370556,-5.551115123125783e-17,-5.551115123125783e-17,-5.551115123125783e-17,5.551115123125783e-17,5.551115123125783e-17,5.551115123125783e-17
68334,KXHIGHNY-26MAY16-B78.5,2026-05-16 18:38:43.390299+00:00,KNYC,2026-05-16,0,SKIP,0.4956823937890238,0.41000000000000003,0.08568239378902376,0.08568239378902376,1.7136478757804752,HRRR,32.344787866666664,0.235,0.25,0.42999999999999994,0.235,0.25,0.42999999999999994
68333,KXHIGHMIA-26MAY17-B87.5,2026-05-16 18:38:42.759102+00:00,KMIA,2026-05-17,1,SKIP,0.20030356907943192,0.43499999999999994,-0.23469643092056802,0.23469643092056802,4.69392861841136,GFS,38.35391065,5.551115123125783e-17,-0.019999999999999962,0.020000000000000073,-5.551115123125783e-17,0.019999999999999962,-0.020000000000000073
68332,KXHIGHMIA-26MAY17-B83.5,2026-05-16 18:33:36.672307+00:00,KMIA,2026-05-17,1,SKIP,0.22274659306392197,0.06999999999999998,0.152746593063922,0.152746593063922,3.0549318612784395,GFS,33.25246406666667,2.7755575615628914e-17,2.7755575615628914e-17,-0.004999999999999977,2.7755575615628914e-17,2.7755575615628914e-17,-0.004999999999999977
68331,KXHIGHCHI-26MAY16-B81.5,2026-05-16 18:33:36.304427+00:00,KMDW,2026-05-16,0,SKIP,0.16323024482613718,0.045000000000000026,0.11823024482613716,0.11823024482613716,2.364604896522743,HRRR,27.22669,-0.010000000000000023,-0.010000000000000023,0.049999999999999975,-0.010000000000000023,-0.010000000000000023,0.049999999999999975
68330,KXHIGHCHI-26MAY16-B85.5,2026-05-16 18:33:35.942256+00:00,KMDW,2026-05-16,0,SKIP,0.2364309323304003,0.535,-0.29856906766959973,0.29856906766959973,5.971381353391994,HRRR,27.220653816666665,0.14,0.09999999999999998,-0.27,-0.14,-0.09999999999999998,0.27
68328,KXHIGHCHI-26MAY16-B87.5,2026-05-16 18:33:34.939177+00:00,KMDW,2026-05-16,0,SKIP,0.12755891003592834,0.03500000000000002,0.09255891003592832,0.09255891003592832,1.8511782007185664,HRRR,27.203935833333333,0.004999999999999984,-0.010000000000000016,-0.010000000000000016,0.004999999999999984,-0.010000000000000016,-0.010000000000000016
68326,KXHIGHCHI-26MAY17-B88.5,2026-05-16 18:33:34.198503+00:00,KMDW,2026-05-17,1,SKIP,0.12690443862791778,0.09,0.036904438627917785,0.036904438627917785,0.7380887725583557,GFS,33.211234,0.0,0.0,-0.015,0.0,0.0,-0.015
68325,KXHIGHCHI-26MAY17-T84,2026-05-16 18:33:33.559298+00:00,KMDW,2026-05-17,1,SKIP,0.5727094945456587,0.205,0.3677094945456587,0.3677094945456587,7.354189890913174,GFS,33.200580583333334,0.0,0.0,0.0,0.0,0.0,0.0
68324,KXHIGHCHI-26MAY17-B84.5,2026-05-16 18:33:33.222882+00:00,KMDW,2026-05-17,1,SKIP,0.16654912851102308,0.33499999999999996,-0.1684508714889769,0.1684508714889769,3.3690174297795377,GFS,33.19497365,5.551115123125783e-17,-0.014999999999999958,-0.014999999999999958,-5.551115123125783e-17,0.014999999999999958,0.014999999999999958
68323,KXHIGHCHI-26MAY17-B90.5,2026-05-16 18:33:32.818786+00:00,KMDW,2026-05-17,1,SKIP,0.12090919096178229,0.03500000000000002,0.08590919096178228,0.08590919096178228,1.7181838192356453,GFS,33.18823871666667,-1.3877787807814457e-17,-1.3877787807814457e-17,-1.3877787807814457e-17,-1.3877787807814457e-17,-1.3877787807814457e-17,-1.3877787807814457e-17
68322,KXHIGHCHI-26MAY17-B86.5,2026-05-16 18:33:32.161237+00:00,KMDW,2026-05-17,1,SKIP,0.15829099638294308,0.30500000000000005,-0.14670900361705697,0.14670900361705697,2.9341800723411393,GFS,33.17727956666667,-5.551115123125783e-17,-5.551115123125783e-17,0.034999999999999976,5.551115123125783e-17,5.551115123125783e-17,-0.034999999999999976
68315,KXHIGHMIA-26MAY17-B85.5,2026-05-16 18:33:29.547103+00:00,KMIA,2026-05-17,1,SKIP,0.3585152863945812,0.18,0.1785152863945812,0.1785152863945812,3.5703057278916237,GFS,33.133710666666666,-0.014999999999999986,-0.014999999999999986,-0.03999999999999998,-0.014999999999999986,-0.014999999999999986,-0.03999999999999998
68313,KXHIGHNY-26MAY16-B80.5,2026-05-16 18:33:28.838204+00:00,KNYC,2026-05-16,0,SKIP,0.13911526901662083,0.56,-0.4208847309833792,0.4208847309833792,8.417694619667584,HRRR,27.10225295,-0.12000000000000005,-0.26500000000000007,-0.43000000000000005,0.12000000000000005,0.26500000000000007,0.43000000000000005
68312,KXHIGHNY-26MAY16-B82.5,2026-05-16 18:33:28.469132+00:00,KNYC,2026-05-16,0,SKIP,0.06100739272941802,0.03500000000000002,0.026007392729418002,0.026007392729418002,0.52014785458836,HRRR,27.09610175,-0.010000000000000016,-0.020000000000000018,-0.030000000000000016,-0.010000000000000016,-0.020000000000000018,-0.030000000000000016
68310,KXHIGHNY-26MAY17-T90,2026-05-16 18:33:27.692551+00:00,KNYC,2026-05-17,1,SKIP,0.128439910448817,0.05500000000000003,0.07343991044881698,0.07343991044881698,1.4687982089763396,GFS,33.10280146666667,0.00499999999999997,0.009999999999999974,-2.7755575615628914e-17,0.00499999999999997,0.009999999999999974,-2.7755575615628914e-17
68309,KXHIGHNY-26MAY17-B83.5,2026-05-16 18:33:27.061821+00:00,KNYC,2026-05-17,1,SKIP,0.17901270918959242,0.08499999999999999,0.09401270918959242,0.09401270918959242,1.8802541837918485,GFS,33.0922893,0.0050000000000000044,1.3877787807814457e-17,-0.01999999999999999,0.0050000000000000044,1.3877787807814457e-17,-0.01999999999999999
68308,KXHIGHNY-26MAY17-B87.5,2026-05-16 18:33:26.662629+00:00,KNYC,2026-05-17,1,SKIP,0.2755435390420358,0.355,-0.07945646095796416,0.07945646095796416,1.5891292191592832,GFS,33.0856361,0.0050000000000000044,0.0050000000000000044,0.010000000000000009,-0.0050000000000000044,-0.0050000000000000044,-0.010000000000000009
68307,KXHIGHNY-26MAY17-B85.5,2026-05-16 18:33:26.272572+00:00,KNYC,2026-05-17,1,SKIP,0.23912462146645083,0.235,0.004124621466450845,0.004124621466450845,0.0824924293290169,GFS,33.07913515,0.0,0.020000000000000018,0.020000000000000018,0.0,0.020000000000000018,0.020000000000000018
68306,KXHIGHNY-26MAY17-B89.5,2026-05-16 18:33:25.897587+00:00,KNYC,2026-05-17,1,SKIP,0.18841196272435878,0.24,-0.05158803727564121,0.05158803727564121,1.0317607455128242,GFS,33.0728854,0.0,0.0050000000000000044,0.030000000000000027,-0.0,-0.0050000000000000044,-0.030000000000000027
68305,KXHIGHNY-26MAY17-T83,2026-05-16 18:33:25.522314+00:00,KNYC,2026-05-17,1,SKIP,0.18331352143032992,0.025000000000000015,0.1583135214303299,0.1583135214303299,3.1662704286065977,GFS,33.06663085,-1.3877787807814457e-17,-1.3877787807814457e-17,-1.3877787807814457e-17,-1.3877787807814457e-17,-1.3877787807814457e-17,-1.3877787807814457e-17
68304,KXHIGHCHI-26MAY16-B83.5,2026-05-16 18:33:25.068242+00:00,KMDW,2026-05-16,0,SKIP,0.27248529125722787,0.355,-0.08251470874277211,0.08251470874277211,1.6502941748554423,HRRR,27.03942025,-0.07,-0.02999999999999997,0.28500000000000003,0.07,0.02999999999999997,-0.28500000000000003
68303,KXHIGHMIA-26MAY17-B89.5,2026-05-16 18:33:24.610481+00:00,KMIA,2026-05-17,1,SKIP,0.126461328384593,0.29500000000000004,-0.16853867161540703,0.16853867161540703,3.3707734323081406,GFS,33.05143363333333,-5.551115123125783e-17,-5.551115123125783e-17,-5.551115123125783e-17,5.551115123125783e-17,5.551115123125783e-17,5.551115123125783e-17
68302,KXHIGHNY-26MAY16-B78.5,2026-05-16 18:33:23.966912+00:00,KNYC,2026-05-16,0,SKIP,0.4967245632971259,0.43499999999999994,0.061724563297125945,0.061724563297125945,1.234491265942519,HRRR,27.02106475,0.10000000000000009,0.22000000000000008,0.42500000000000004,0.10000000000000009,0.22000000000000008,0.42500000000000004
68301,KXHIGHMIA-26MAY17-T90,2026-05-16 18:33:23.651985+00:00,KMIA,2026-05-17,1,SKIP,0.1235992097618409,0.025000000000000015,0.09859920976184089,0.09859920976184089,1.9719841952368178,GFS,33.0354587,-1.3877787807814457e-17,-1.3877787807814457e-17,-1.3877787807814457e-17,-1.3877787807814457e-17,-1.3877787807814457e-17,-1.3877787807814457e-17
68299,KXHIGHMIA-26MAY17-B87.5,2026-05-16 18:33:22.866160+00:00,KMIA,2026-05-17,1,SKIP,0.1959419018335351,0.43499999999999994,-0.23905809816646484,0.23905809816646484,4.781161963329296,GFS,33.022361616666664,5.551115123125783e-17,-0.019999999999999962,0.00500000000000006,-5.551115123125783e-17,0.019999999999999962,-0.00500000000000006
68296,KXHIGHMIA-26MAY17-B83.5,2026-05-16 18:28:20.340070+00:00,KMIA,2026-05-17,1,SKIP,0.22353710515930936,0.06999999999999998,0.15353710515930938,0.15353710515930938,3.0707421031861872,GFS,27.980260116666667,2.7755575615628914e-17,2.7755575615628914e-17,-0.004999999999999977,2.7755575615628914e-17,2.7755575615628914e-17,-0.004999999999999977
68295,KXHIGHNY-26MAY16-B82.5,2026-05-16 18:28:19.713883+00:00,KNYC,2026-05-16,0,SKIP,0.06095632974048049,0.025000000000000015,0.03595632974048048,0.03595632974048048,0.7191265948096095,HRRR,21.950180933333332,-1.3877787807814457e-17,-0.020000000000000014,-0.020000000000000014,-1.3877787807814457e-17,-0.020000000000000014,-0.020000000000000014
68293,KXHIGHCHI-26MAY16-B83.5,2026-05-16 18:28:18.495209+00:00,KMDW,2026-05-16,0,SKIP,0.2722906903113094,0.44999999999999996,-0.17770930968869053,0.17770930968869053,3.5541861937738104,HRRR,21.9298697,-0.23999999999999996,-0.12499999999999994,0.11499999999999999,0.23999999999999996,0.12499999999999994,-0.11499999999999999
68292,KXHIGHCHI-26MAY16-B81.5,2026-05-16 18:28:17.880530+00:00,KMDW,2026-05-16,0,SKIP,0.16441669697650046,0.045000000000000026,0.11941669697650044,0.11941669697650044,2.3883339395300087,HRRR,21.91962505,-0.010000000000000023,-0.005000000000000025,0.019999999999999976,-0.010000000000000023,-0.005000000000000025,0.019999999999999976
68291,KXHIGHCHI-26MAY16-B87.5,2026-05-16 18:28:17.260918+00:00,KMDW,2026-05-16,0,SKIP,0.1263471198230749,0.03500000000000002,0.09134711982307488,0.09134711982307488,1.8269423964614975,HRRR,21.909298183333334,0.009999999999999981,-0.010000000000000016,-0.010000000000000016,0.009999999999999981,-0.010000000000000016,-0.010000000000000016
68290,KXHIGHCHI-26MAY16-B85.5,2026-05-16 18:28:16.622543+00:00,KMDW,2026-05-16,0,SKIP,0.23647982474364082,0.475,-0.23852017525635916,0.23852017525635916,4.770403505127183,HRRR,21.8986586,0.21000000000000008,0.16000000000000003,-0.08999999999999997,-0.21000000000000008,-0.16000000000000003,0.08999999999999997
68288,KXHIGHCHI-26MAY17-B88.5,2026-05-16 18:28:15.405202+00:00,KMDW,2026-05-17,1,SKIP,0.12659498516329748,0.09,0.03659498516329748,0.03659498516329748,0.7318997032659497,GFS,27.898012316666666,0.0,0.0,-0.015,0.0,0.0,-0.015
68287,KXHIGHCHI-26MAY17-T84,2026-05-16 18:28:14.773883+00:00,KMDW,2026-05-17,1,SKIP,0.5789902736399595,0.205,0.3739902736399595,0.3739902736399595,7.47980547279919,GFS,27.887490333333332,0.0,0.0,0.0,0.0,0.0,0.0
68286,KXHIGHCHI-26MAY17-B86.5,2026-05-16 18:28:14.199808+00:00,KMDW,2026-05-17,1,SKIP,0.1568430581096627,0.30500000000000005,-0.14815694189033735,0.14815694189033735,2.963138837806747,GFS,27.877922416666667,-5.551115123125783e-17,-5.551115123125783e-17,0.034999999999999976,5.551115123125783e-17,5.551115123125783e-17,-0.034999999999999976
68284,KXHIGHCHI-26MAY17-B84.5,2026-05-16 18:28:12.930699+00:00,KMDW,2026-05-17,1,SKIP,0.2010388411403493,0.33499999999999996,-0.13396115885965065,0.13396115885965065,2.679223177193013,GFS,27.8567706,5.551115123125783e-17,5.551115123125783e-17,-0.014999999999999958,-5.551115123125783e-17,-5.551115123125783e-17,0.014999999999999958
68283,KXHIGHCHI-26MAY17-B90.5,2026-05-16 18:28:12.323710+00:00,KMDW,2026-05-17,1,SKIP,0.12090919096178229,0.03500000000000002,0.08590919096178228,0.08590919096178228,1.7181838192356453,GFS,27.846654116666667,-1.3877787807814457e-17,-1.3877787807814457e-17,-1.3877787807814457e-17,-1.3877787807814457e-17,-1.3877787807814457e-17,-1.3877787807814457e-17
68277,KXHIGHMIA-26MAY17-B89.5,2026-05-16 18:28:08.694663+00:00,KMIA,2026-05-17,1,SKIP,0.12627132231338023,0.29500000000000004,-0.1687286776866198,0.1687286776866198,3.374573553732396,GFS,27.78617,-5.551115123125783e-17,-5.551115123125783e-17,-5.551115123125783e-17,5.551115123125783e-17,5.551115123125783e-17,5.551115123125783e-17
68276,KXHIGHNY-26MAY16-B78.5,2026-05-16 18:28:07.996174+00:00,KNYC,2026-05-16,0,SKIP,0.49777654039276964,0.405,0.09277654039276961,0.09277654039276961,1.8555308078553923,HRRR,21.754885783333332,0.12,0.24,0.37,0.12,0.24,0.37
68275,KXHIGHNY-26MAY16-B80.5,2026-05-16 18:28:07.398963+00:00,KNYC,2026-05-16,0,SKIP,0.13718197170632593,0.5650000000000001,-0.4278180282936741,0.4278180282936741,8.556360565873481,HRRR,21.744932266666666,-0.10000000000000003,-0.22000000000000008,-0.3450000000000001,0.10000000000000003,0.22000000000000008,0.3450000000000001
68273,KXHIGHNY-26MAY17-B83.5,2026-05-16 18:28:06.161035+00:00,KNYC,2026-05-17,1,SKIP,0.1802861299165555,0.08499999999999999,0.0952861299165555,0.0952861299165555,1.90572259833111,GFS,27.743942866666668,0.0050000000000000044,1.3877787807814457e-17,-0.014999999999999986,0.0050000000000000044,1.3877787807814457e-17,-0.014999999999999986
68272,KXHIGHNY-26MAY17-T90,2026-05-16 18:28:05.520362+00:00,KNYC,2026-05-17,1,SKIP,0.12775985690761144,0.05500000000000003,0.07275985690761141,0.07275985690761141,1.4551971381522282,GFS,27.733264983333335,0.00499999999999997,0.00499999999999997,-2.7755575615628914e-17,0.00499999999999997,0.00499999999999997,-2.7755575615628914e-17
68271,KXHIGHNY-26MAY17-B89.5,2026-05-16 18:28:04.910092+00:00,KNYC,2026-05-17,1,SKIP,0.18431657518734376,0.24,-0.05568342481265623,0.05568342481265623,1.1136684962531245,GFS,27.723093816666665,-0.0050000000000000044,0.0050000000000000044,0.03500000000000003,0.0050000000000000044,-0.0050000000000000044,-0.03500000000000003
68270,KXHIGHNY-26MAY17-B85.5,2026-05-16 18:28:04.279669+00:00,KNYC,2026-05-17,1,SKIP,0.24389976568214056,0.235,0.00889976568214057,0.00889976568214057,0.1779953136428114,GFS,27.712586766666668,0.0,0.0,0.020000000000000018,0.0,0.0,0.020000000000000018
68269,KXHIGHNY-26MAY17-T83,2026-05-16 18:28:03.700370+00:00,KNYC,2026-05-17,1,SKIP,0.1852236201363402,0.03500000000000002,0.15022362013634016,0.15022362013634016,3.0044724027268033,GFS,27.702931783333334,-0.010000000000000016,-0.010000000000000016,-0.010000000000000016,-0.010000000000000016,-0.010000000000000016,-0.010000000000000016
68268,KXHIGHNY-26MAY17-B87.5,2026-05-16 18:28:03.073304+00:00,KNYC,2026-05-17,1,SKIP,0.2723603164715933,0.365,-0.09263968352840668,0.09263968352840668,1.8527936705681336,GFS,27.692480683333333,-0.010000000000000009,-0.0050000000000000044,0.0,0.010000000000000009,0.0050000000000000044,-0.0
68266,KXHIGHMIA-26MAY17-T90,2026-05-16 18:28:01.792549+00:00,KMIA,2026-05-17,1,SKIP,0.12344417122596218,0.025000000000000015,0.09844417122596216,0.09844417122596216,1.9688834245192433,GFS,27.67113476666667,-1.3877787807814457e-17,-1.3877787807814457e-17,-1.3877787807814457e-17,-1.3877787807814457e-17,-1.3877787807814457e-17,-1.3877787807814457e-17
68264,KXHIGHMIA-26MAY17-B87.5,2026-05-16 18:28:00.553031+00:00,KMIA,2026-05-17,1,SKIP,0.19154471811344065,0.43499999999999994,-0.2434552818865593,0.2434552818865593,4.869105637731185,GFS,27.650476133333335,5.551115123125783e-17,5.551115123125783e-17,0.010000000000000064,-5.551115123125783e-17,-5.551115123125783e-17,-0.010000000000000064
68263,KXHIGHMIA-26MAY17-B85.5,2026-05-16 18:27:59.934100+00:00,KMIA,2026-05-17,1,SKIP,0.35930535627508775,0.175,0.18430535627508776,0.18430535627508776,3.686107125501755,GFS,27.640160616666666,-0.014999999999999986,-0.009999999999999981,-0.004999999999999977,-0.014999999999999986,-0.009999999999999981,-0.004999999999999977
68260,KXHIGHMIA-26MAY17-B83.5,2026-05-16 18:22:56.588049+00:00,KMIA,2026-05-17,1,OPEN,0.22431346827528362,0.06999999999999998,0.15431346827528364,0.15431346827528364,3.0862693655056725,GFS,22.5843931,2.7755575615628914e-17,2.7755575615628914e-17,-0.004999999999999977,2.7755575615628914e-17,2.7755575615628914e-17,-0.004999999999999977
68259,KXHIGHNY-26MAY16-B82.5,2026-05-16 18:22:56.184181+00:00,KNYC,2026-05-16,0,SKIP,0.06090632719493416,0.03500000000000002,0.025906327194934145,0.025906327194934145,0.5181265438986828,HRRR,16.558019233333333,-0.010000000000000016,-0.010000000000000016,-0.030000000000000016,-0.010000000000000016,-0.010000000000000016,-0.030000000000000016
68256,KXHIGHCHI-26MAY16-B87.5,2026-05-16 18:22:54.825665+00:00,KMDW,2026-05-16,0,SKIP,0.12515454623161615,0.03500000000000002,0.09015454623161613,0.09015454623161613,1.8030909246323226,HRRR,16.5353773,-1.3877787807814457e-17,0.004999999999999984,-0.010000000000000016,-1.3877787807814457e-17,0.004999999999999984,-0.010000000000000016
68255,KXHIGHCHI-26MAY16-B81.5,2026-05-16 18:22:54.471911+00:00,KMDW,2026-05-16,0,SKIP,0.16558327200021875,0.045000000000000026,0.12058327200021872,0.12058327200021872,2.4116654400043744,HRRR,16.5294814,-0.010000000000000023,-0.010000000000000023,-2.7755575615628914e-17,-0.010000000000000023,-0.010000000000000023,-2.7755575615628914e-17
68254,KXHIGHCHI-26MAY16-B83.5,2026-05-16 18:22:54.105301+00:00,KMDW,2026-05-16,0,SKIP,0.2720993495960255,0.43499999999999994,-0.16290065040397445,0.16290065040397445,3.2580130080794887,HRRR,16.523371233333332,-0.20999999999999994,-0.14999999999999997,0.09500000000000008,0.20999999999999994,0.14999999999999997,-0.09500000000000008
68252,KXHIGHCHI-26MAY16-B85.5,2026-05-16 18:22:53.060087+00:00,KMDW,2026-05-16,0,SKIP,0.23652789804193503,0.45999999999999996,-0.22347210195806494,0.22347210195806494,4.469442039161298,HRRR,16.505951,0.20500000000000007,0.21500000000000008,-0.024999999999999967,-0.20500000000000007,-0.21500000000000008,0.024999999999999967
68251,KXHIGHCHI-26MAY17-B84.5,2026-05-16 18:22:52.637269+00:00,KMDW,2026-05-17,1,SKIP,0.19684439976423682,0.33499999999999996,-0.13815560023576315,0.13815560023576315,2.763112004715263,GFS,22.518546766666667,5.551115123125783e-17,5.551115123125783e-17,-0.004999999999999949,-5.551115123125783e-17,-5.551115123125783e-17,0.004999999999999949
68249,KXHIGHCHI-26MAY17-B86.5,2026-05-16 18:22:51.646792+00:00,KMDW,2026-05-17,1,SKIP,0.15541045272439125,0.30500000000000005,-0.1495895472756088,0.1495895472756088,2.991790945512176,GFS,22.502038816666666,-5.551115123125783e-17,-5.551115123125783e-17,0.034999999999999976,5.551115123125783e-17,5.551115123125783e-17,-0.034999999999999976
68248,KXHIGHCHI-26MAY17-T84,2026-05-16 18:22:51.264566+00:00,KMDW,2026-05-17,1,SKIP,0.5851586362201792,0.19499999999999998,0.3901586362201792,0.3901586362201792,7.803172724403584,GFS,22.495668383333335,0.010000000000000009,0.010000000000000009,0.010000000000000009,0.010000000000000009,0.010000000000000009,0.010000000000000009
68247,KXHIGHMIA-26MAY17-T90,2026-05-16 18:22:50.897080+00:00,KMIA,2026-05-17,1,OPEN,0.12329375139299013,0.025000000000000015,0.09829375139299013,0.09829375139299013,1.9658750278598025,GFS,22.489543616666666,-1.3877787807814457e-17,-1.3877787807814457e-17,-1.3877787807814457e-17,-1.3877787807814457e-17,-1.3877787807814457e-17,-1.3877787807814457e-17
68246,KXHIGHCHI-26MAY17-B88.5,2026-05-16 18:22:50.521536+00:00,KMDW,2026-05-17,1,SKIP,0.12629689822059942,0.09,0.03629689822059942,0.03629689822059942,0.7259379644119884,GFS,22.48328455,0.0,0.0,-0.015,0.0,0.0,-0.015
68245,KXHIGHCHI-26MAY17-B90.5,2026-05-16 18:22:50.127490+00:00,KMDW,2026-05-17,1,SKIP,0.12090919096178229,0.03500000000000002,0.08590919096178228,0.08590919096178228,1.7181838192356453,GFS,22.476717116666666,-1.3877787807814457e-17,-1.3877787807814457e-17,-1.3877787807814457e-17,-1.3877787807814457e-17,-1.3877787807814457e-17,-1.3877787807814457e-17
68240,KXHIGHNY-26MAY16-B78.5,2026-05-16 18:22:47.786046+00:00,KNYC,2026-05-16,0,SKIP,0.49881197941428,0.505,-0.006188020585719989,0.006188020585719989,0.12376041171439978,HRRR,16.418050316666665,-0.05499999999999999,0.030000000000000027,0.22499999999999998,0.05499999999999999,-0.030000000000000027,-0.22499999999999998
68237,KXHIGHMIA-26MAY17-B89.5,2026-05-16 18:22:46.487573+00:00,KMIA,2026-05-17,1,OPEN,0.12608697665161583,0.29500000000000004,-0.1689130233483842,0.1689130233483842,3.378260466967684,GFS,22.416051833333334,-5.551115123125783e-17,-5.551115123125783e-17,-5.551115123125783e-17,5.551115123125783e-17,5.551115123125783e-17,5.551115123125783e-17
68236,KXHIGHMIA-26MAY17-B87.5,2026-05-16 18:22:46.076748+00:00,KMIA,2026-05-17,1,OPEN,0.18722213404674892,0.43499999999999994,-0.24777786595325102,0.24777786595325102,4.95555731906502,GFS,22.40920475,5.551115123125783e-17,5.551115123125783e-17,0.010000000000000064,-5.551115123125783e-17,-5.551115123125783e-17,-0.010000000000000064
68235,KXHIGHMIA-26MAY17-B85.5,2026-05-16 18:22:45.673985+00:00,KMIA,2026-05-17,1,OPEN,0.3600812850911635,0.15500000000000003,0.20508128509116347,0.20508128509116347,4.101625701823269,GFS,22.402492033333335,0.004999999999999977,0.009999999999999981,0.014999999999999986,0.004999999999999977,0.009999999999999981,0.014999999999999986
68234,KXHIGHNY-26MAY16-B80.5,2026-05-16 18:22:45.310081+00:00,KNYC,2026-05-16,0,SKIP,0.13527859970968645,0.46499999999999997,-0.3297214002903135,0.3297214002903135,6.59442800580627,HRRR,16.376784233333332,0.07000000000000006,-0.024999999999999967,-0.15999999999999998,-0.07000000000000006,0.024999999999999967,0.15999999999999998
68233,KXHIGHNY-26MAY17-B87.5,2026-05-16 18:22:44.908169+00:00,KNYC,2026-05-17,1,SKIP,0.26923406880498607,0.36,-0.09076593119501392,0.09076593119501392,1.8153186239002783,GFS,22.38972843333333,-0.010000000000000009,0.0,0.0050000000000000044,0.010000000000000009,-0.0,-0.0050000000000000044
68232,KXHIGHNY-26MAY17-T83,2026-05-16 18:22:44.560146+00:00,KNYC,2026-05-17,1,SKIP,0.18709953094386655,0.03500000000000002,0.15209953094386652,0.15209953094386652,3.0419906188773305,GFS,22.38392805,-0.010000000000000016,-0.010000000000000016,-0.010000000000000016,-0.010000000000000016,-0.010000000000000016,-0.010000000000000016
68231,KXHIGHNY-26MAY17-B85.5,2026-05-16 18:22:44.176810+00:00,KNYC,2026-05-17,1,SKIP,0.24858944198709934,0.235,0.013589441987099354,0.013589441987099354,0.2717888397419871,GFS,22.377539116666668,0.0,0.0,0.020000000000000018,0.0,0.0,0.020000000000000018
68230,KXHIGHNY-26MAY17-T90,2026-05-16 18:22:43.583768+00:00,KNYC,2026-05-17,1,SKIP,0.12710415229453115,0.05500000000000003,0.07210415229453113,0.07210415229453113,1.4420830458906224,GFS,22.367655083333332,-2.7755575615628914e-17,0.00499999999999997,-2.7755575615628914e-17,-2.7755575615628914e-17,0.00499999999999997,-2.7755575615628914e-17
68229,KXHIGHNY-26MAY17-B89.5,2026-05-16 18:22:43.151297+00:00,KNYC,2026-05-17,1,SKIP,0.18028231194632754,0.22999999999999998,-0.04971768805367244,0.04971768805367244,0.9943537610734487,GFS,22.360447233333332,0.015000000000000013,0.010000000000000009,0.03500000000000003,-0.015000000000000013,-0.010000000000000009,-0.03500000000000003
68228,KXHIGHNY-26MAY17-B83.5,2026-05-16 18:22:42.761921+00:00,KNYC,2026-05-17,1,SKIP,0.18153675832477417,0.08499999999999999,0.09653675832477418,0.09653675832477418,1.9307351664954835,GFS,22.353957633333334,0.010000000000000009,0.0050000000000000044,-0.014999999999999986,0.010000000000000009,0.0050000000000000044,-0.014999999999999986
68224,KXHIGHMIA-26MAY17-B83.5,2026-05-16 18:17:39.678390+00:00,KMIA,2026-05-17,1,OPEN,0.2250897413430244,0.06999999999999998,0.15508974134302442,0.15508974134302442,3.101794826860488,GFS,17.30256545,2.7755575615628914e-17,2.7755575615628914e-17,-0.004999999999999977,2.7755575615628914e-17,2.7755575615628914e-17,-0.004999999999999977
68223,KXHIGHNY-26MAY16-B80.5,2026-05-16 18:17:39.282899+00:00,KNYC,2026-05-16,0,SKIP,0.13337079996642892,0.41500000000000004,-0.2816292000335711,0.2816292000335711,5.632584000671422,HRRR,11.2763312,0.17499999999999993,0.04999999999999999,-0.10000000000000003,-0.17499999999999993,-0.04999999999999999,0.10000000000000003
68222,KXHIGHNY-26MAY16-B82.5,2026-05-16 18:17:38.906531+00:00,KNYC,2026-05-16,0,SKIP,0.060856475178480814,0.03500000000000002,0.025856475178480796,0.025856475178480796,0.5171295035696158,HRRR,11.2700584,-0.010000000000000016,-0.010000000000000016,-0.025000000000000015,-0.010000000000000016,-0.010000000000000016,-0.025000000000000015
68218,KXHIGHMIA-26MAY17-T90,2026-05-16 18:17:37.373108+00:00,KMIA,2026-05-17,1,OPEN,0.1231451537324458,0.025000000000000015,0.09814515373244578,0.09814515373244578,1.9629030746489156,GFS,17.264144083333335,-1.3877787807814457e-17,-1.3877787807814457e-17,-1.3877787807814457e-17,-1.3877787807814457e-17,-1.3877787807814457e-17,-1.3877787807814457e-17
68217,KXHIGHNY-26MAY16-B78.5,2026-05-16 18:17:36.980147+00:00,KNYC,2026-05-16,0,SKIP,0.49984957552760445,0.5650000000000001,-0.06515042447239561,0.06515042447239561,1.3030084894479121,HRRR,11.237952,-0.16500000000000004,-0.040000000000000036,0.1399999999999999,0.16500000000000004,0.040000000000000036,-0.1399999999999999
68216,KXHIGHCHI-26MAY16-B81.5,2026-05-16 18:17:36.664646+00:00,KMDW,2026-05-16,0,SKIP,0.16675106014731514,0.05500000000000003,0.11175106014731512,0.11175106014731512,2.235021202946302,HRRR,11.23269365,-2.7755575615628914e-17,-0.020000000000000025,0.00499999999999997,-2.7755575615628914e-17,-0.020000000000000025,0.00499999999999997
68215,KXHIGHCHI-26MAY16-B83.5,2026-05-16 18:17:36.298898+00:00,KMDW,2026-05-16,0,SKIP,0.2719078099052021,0.42499999999999993,-0.15309219009479785,0.15309219009479785,3.061843801895957,HRRR,11.22659785,-0.12999999999999995,-0.21499999999999994,-0.029999999999999916,0.12999999999999995,0.21499999999999994,0.029999999999999916
68214,KXHIGHCHI-26MAY16-B85.5,2026-05-16 18:17:35.692737+00:00,KMDW,2026-05-16,0,SKIP,0.2365760213317347,0.43499999999999994,-0.19842397866826525,0.19842397866826525,3.968479573365305,HRRR,11.216495166666666,0.15000000000000002,0.2500000000000001,0.15000000000000002,-0.15000000000000002,-0.2500000000000001,-0.15000000000000002
68213,KXHIGHCHI-26MAY16-B87.5,2026-05-16 18:17:35.305810+00:00,KMDW,2026-05-16,0,SKIP,0.12395966241737967,0.05500000000000003,0.06895966241737964,0.06895966241737964,1.3791932483475926,HRRR,11.210046383333333,-0.020000000000000025,-0.01000000000000003,-0.030000000000000027,-0.020000000000000025,-0.01000000000000003,-0.030000000000000027
68211,KXHIGHCHI-26MAY17-B90.5,2026-05-16 18:17:34.297142+00:00,KMDW,2026-05-17,1,SKIP,0.12090919096178228,0.03500000000000002,0.08590919096178226,0.08590919096178226,1.7181838192356451,GFS,17.212877983333332,-1.3877787807814457e-17,-1.3877787807814457e-17,-1.3877787807814457e-17,-1.3877787807814457e-17,-1.3877787807814457e-17,-1.3877787807814457e-17
68210,KXHIGHCHI-26MAY17-T84,2026-05-16 18:17:33.674783+00:00,KMDW,2026-05-17,1,SKIP,0.5913262833489008,0.19499999999999998,0.39632628334890085,0.39632628334890085,7.926525666978017,GFS,17.202505333333335,0.010000000000000009,0.010000000000000009,0.010000000000000009,0.010000000000000009,0.010000000000000009,0.010000000000000009
68209,KXHIGHCHI-26MAY17-B88.5,2026-05-16 18:17:33.307853+00:00,KMDW,2026-05-17,1,SKIP,0.1260045096031762,0.09,0.036004509603176194,0.036004509603176194,0.7200901920635239,GFS,17.196389833333335,0.0,0.0,-0.015,0.0,0.0,-0.015
68208,KXHIGHCHI-26MAY17-B86.5,2026-05-16 18:17:32.933015+00:00,KMDW,2026-05-17,1,SKIP,0.15396772832262448,0.30500000000000005,-0.15103227167737557,0.15103227167737557,3.0206454335475112,GFS,17.190142533333333,-5.551115123125783e-17,-5.551115123125783e-17,0.024999999999999967,5.551115123125783e-17,5.551115123125783e-17,-0.024999999999999967
68207,KXHIGHCHI-26MAY17-B84.5,2026-05-16 18:17:32.529027+00:00,KMDW,2026-05-17,1,SKIP,0.1926504448899029,0.33499999999999996,-0.14234955511009706,0.14234955511009706,2.846991102201941,GFS,17.1834094,5.551115123125783e-17,5.551115123125783e-17,-0.04999999999999999,-5.551115123125783e-17,-5.551115123125783e-17,0.04999999999999999
68200,KXHIGHMIA-26MAY17-B85.5,2026-05-16 18:17:29.147685+00:00,KMIA,2026-05-17,1,OPEN,0.360596696696271,0.15500000000000003,0.20559669669627095,0.20559669669627095,4.111933933925418,GFS,17.1270537,0.009999999999999981,0.004999999999999977,0.014999999999999986,0.009999999999999981,0.004999999999999977,0.014999999999999986
68199,KXHIGHMIA-26MAY17-B89.5,2026-05-16 18:17:28.802260+00:00,KMIA,2026-05-17,1,OPEN,0.1259048641367406,0.29500000000000004,-0.16909513586325944,0.16909513586325944,3.3819027172651888,GFS,17.121296616666665,-5.551115123125783e-17,-5.551115123125783e-17,-5.551115123125783e-17,5.551115123125783e-17,5.551115123125783e-17,5.551115123125783e-17
68198,KXHIGHMIA-26MAY17-B87.5,2026-05-16 18:17:28.402053+00:00,KMIA,2026-05-17,1,OPEN,0.1831564620670809,0.43499999999999994,-0.251843537932919,0.251843537932919,5.03687075865838,GFS,17.1146265,5.551115123125783e-17,5.551115123125783e-17,-0.004999999999999949,-5.551115123125783e-17,-5.551115123125783e-17,0.004999999999999949
68194,KXHIGHNY-26MAY17-T90,2026-05-16 18:17:26.034488+00:00,KNYC,2026-05-17,1,SKIP,0.12646036936084695,0.06499999999999997,0.06146036936084698,0.06146036936084698,1.2292073872169396,GFS,17.075167083333334,-0.009999999999999974,-0.004999999999999977,2.7755575615628914e-17,-0.009999999999999974,-0.004999999999999977,2.7755575615628914e-17
68193,KXHIGHNY-26MAY17-B89.5,2026-05-16 18:17:25.394427+00:00,KNYC,2026-05-17,1,SKIP,0.17623667100245619,0.22999999999999998,-0.0537633289975438,0.0537633289975438,1.0752665799508758,GFS,17.0644994,0.015000000000000013,0.0050000000000000044,0.015000000000000013,-0.015000000000000013,-0.0050000000000000044,-0.015000000000000013
68192,KXHIGHNY-26MAY17-B85.5,2026-05-16 18:17:25.022833+00:00,KNYC,2026-05-17,1,SKIP,0.2532785743493333,0.235,0.018278574349333332,0.018278574349333332,0.36557148698666664,GFS,17.058306166666668,0.0,0.0,0.020000000000000018,0.0,0.0,0.020000000000000018
68191,KXHIGHNY-26MAY17-B87.5,2026-05-16 18:17:24.577681+00:00,KNYC,2026-05-17,1,SKIP,0.26610818374329287,0.36,-0.09389181625670712,0.09389181625670712,1.8778363251341423,GFS,17.050886966666667,-0.010000000000000009,-0.0050000000000000044,0.0050000000000000044,0.010000000000000009,0.0050000000000000044,-0.0050000000000000044
68190,KXHIGHNY-26MAY17-T83,2026-05-16 18:17:23.953659+00:00,KNYC,2026-05-17,1,SKIP,0.1889752241696303,0.03500000000000002,0.15397522416963028,0.15397522416963028,3.0795044833926055,GFS,17.0404866,-0.010000000000000016,-0.010000000000000016,-0.010000000000000016,-0.010000000000000016,-0.010000000000000016,-0.010000000000000016
68189,KXHIGHNY-26MAY17-B83.5,2026-05-16 18:17:23.539124+00:00,KNYC,2026-05-17,1,SKIP,0.18278724167602514,0.08499999999999999,0.09778724167602515,0.09778724167602515,1.955744833520503,GFS,17.033577683333334,0.010000000000000009,0.0050000000000000044,-0.014999999999999986,0.010000000000000009,0.0050000000000000044,-0.014999999999999986
68188,KXHIGHCHI-26MAY16-B83.5,2026-05-16 18:12:20.580436+00:00,KMDW,2026-05-16,0,SKIP,0.27171551364108854,0.44999999999999996,-0.17828448635891142,0.17828448635891142,3.565689727178228,HRRR,5.964623483333333,-0.08499999999999996,-0.22499999999999995,-0.09499999999999997,0.08499999999999996,0.22499999999999995,0.09499999999999997
68187,KXHIGHCHI-26MAY16-B81.5,2026-05-16 18:12:20.209936+00:00,KMDW,2026-05-16,0,SKIP,0.16792346100583808,0.07499999999999998,0.09292346100583809,0.09292346100583809,1.8584692201167619,HRRR,5.958448483333333,-0.029999999999999985,-0.03999999999999998,-0.04999999999999998,-0.029999999999999985,-0.03999999999999998,-0.04999999999999998
68186,KXHIGHCHI-26MAY17-B88.5,2026-05-16 18:12:19.843524+00:00,KMDW,2026-05-17,1,SKIP,0.12571688463011677,0.09,0.03571688463011677,0.03571688463011677,0.7143376926023354,GFS,11.97198435,0.0,0.0,-0.01999999999999999,0.0,0.0,-0.01999999999999999
68185,KXHIGHCHI-26MAY17-B86.5,2026-05-16 18:12:19.450222+00:00,KMDW,2026-05-17,1,SKIP,0.15251084968854656,0.30500000000000005,-0.1524891503114535,0.1524891503114535,3.04978300622907,GFS,11.965429316666667,-5.551115123125783e-17,-5.551115123125783e-17,0.04499999999999993,5.551115123125783e-17,5.551115123125783e-17,-0.04499999999999993
68184,KXHIGHCHI-26MAY17-B84.5,2026-05-16 18:12:19.077735+00:00,KMDW,2026-05-17,1,SKIP,0.18844479522721033,0.32999999999999996,-0.14155520477278963,0.14155520477278963,2.8311040954557924,GFS,11.9592212,0.00500000000000006,0.00500000000000006,-0.004999999999999949,-0.00500000000000006,-0.00500000000000006,0.004999999999999949
68182,KXHIGHCHI-26MAY17-B90.5,2026-05-16 18:12:18.116787+00:00,KMDW,2026-05-17,1,SKIP,0.12090919096178229,0.03500000000000002,0.08590919096178228,0.08590919096178228,1.7181838192356453,GFS,11.9432054,-1.3877787807814457e-17,-1.3877787807814457e-17,-1.3877787807814457e-17,-1.3877787807814457e-17,-1.3877787807814457e-17,-1.3877787807814457e-17
68181,KXHIGHCHI-26MAY17-T84,2026-05-16 18:12:17.734799+00:00,KMDW,2026-05-17,1,SKIP,0.5975111288810392,0.205,0.39251112888103923,0.39251112888103923,7.850222577620785,GFS,11.936838933333334,0.0,0.0,0.0,0.0,0.0,0.0
68176,KXHIGHMIA-26MAY16-T91,2026-05-16 18:12:15.305483+00:00,KMIA,2026-05-16,0,OPEN,0.13225795842559748,0.01500000000000001,0.11725795842559747,0.11725795842559747,2.345159168511949,HRRR,5.8767076,-0.010000000000000009,-0.010000000000000009,-0.010000000000000009,-0.010000000000000009,-0.010000000000000009,-0.010000000000000009
68173,KXHIGHMIA-26MAY17-B87.5,2026-05-16 18:12:13.708164+00:00,KMIA,2026-05-17,1,OPEN,0.1803704381624458,0.41500000000000004,-0.23462956183755423,0.23462956183755423,4.692591236751085,GFS,11.86972835,0.019999999999999962,0.019999999999999962,-5.551115123125783e-17,-0.019999999999999962,-0.019999999999999962,5.551115123125783e-17
68172,KXHIGHMIA-26MAY17-B89.5,2026-05-16 18:12:13.294522+00:00,KMIA,2026-05-17,1,OPEN,0.12572443802637512,0.29500000000000004,-0.16927556197362492,0.16927556197362492,3.3855112394724984,GFS,11.862834316666667,-5.551115123125783e-17,-5.551115123125783e-17,-5.551115123125783e-17,5.551115123125783e-17,5.551115123125783e-17,5.551115123125783e-17
68171,KXHIGHMIA-26MAY17-B85.5,2026-05-16 18:12:12.883585+00:00,KMIA,2026-05-17,1,OPEN,0.35981857573706066,0.19499999999999998,0.16481857573706069,0.16481857573706069,3.2963715147412134,GFS,11.855985366666667,-0.014999999999999986,-0.034999999999999976,-0.024999999999999967,-0.014999999999999986,-0.034999999999999976,-0.024999999999999967
68170,KXHIGHMIA-26MAY17-B83.5,2026-05-16 18:12:12.517861+00:00,KMIA,2026-05-17,1,OPEN,0.22586817903806977,0.06999999999999998,0.1558681790380698,0.1558681790380698,3.1173635807613955,GFS,11.849889966666666,2.7755575615628914e-17,2.7755575615628914e-17,2.7755575615628914e-17,2.7755575615628914e-17,2.7755575615628914e-17,2.7755575615628914e-17
68169,KXHIGHNY-26MAY16-B80.5,2026-05-16 18:12:12.153977+00:00,KNYC,2026-05-16,0,SKIP,0.1314529988361802,0.385,-0.2535470011638198,0.2535470011638198,5.070940023276395,HRRR,5.8241825,0.16500000000000004,0.15000000000000002,-0.09000000000000002,-0.16500000000000004,-0.15000000000000002,0.09000000000000002
68168,KXHIGHNY-26MAY16-B82.5,2026-05-16 18:12:11.790098+00:00,KNYC,2026-05-16,0,SKIP,0.06080662906396372,0.03500000000000002,0.0258066290639637,0.0258066290639637,0.516132581279274,HRRR,5.81811785,-1.3877787807814457e-17,-0.010000000000000016,-0.025000000000000015,-1.3877787807814457e-17,-0.010000000000000016,-0.025000000000000015
68165,KXHIGHNY-26MAY17-B89.5,2026-05-16 18:12:10.662391+00:00,KNYC,2026-05-17,1,SKIP,0.17216806941079016,0.21499999999999997,-0.04283193058920981,0.04283193058920981,0.8566386117841962,GFS,11.818965466666667,0.025000000000000022,0.030000000000000027,0.030000000000000027,-0.025000000000000022,-0.030000000000000027,-0.030000000000000027
68164,KXHIGHNY-26MAY17-B87.5,2026-05-16 18:12:10.059529+00:00,KNYC,2026-05-17,1,SKIP,0.2629735821919543,0.36,-0.09702641780804566,0.09702641780804566,1.9405283561609132,GFS,11.808917766666667,-0.0050000000000000044,-0.010000000000000009,0.0050000000000000044,0.0050000000000000044,0.010000000000000009,-0.0050000000000000044
68163,KXHIGHNY-26MAY17-T83,2026-05-16 18:12:09.687228+00:00,KNYC,2026-05-17,1,SKIP,0.19085614774144252,0.03500000000000002,0.15585614774144252,0.15585614774144252,3.1171229548288504,GFS,11.80271275,-0.010000000000000016,-0.010000000000000016,-0.010000000000000016,-0.010000000000000016,-0.010000000000000016,-0.010000000000000016
68162,KXHIGHNY-26MAY17-B85.5,2026-05-16 18:12:09.284211+00:00,KNYC,2026-05-17,1,SKIP,0.2579807822958817,0.235,0.02298078229588174,0.02298078229588174,0.4596156459176348,GFS,11.7959958,0.0,0.0,0.020000000000000018,0.0,0.0,0.020000000000000018
68161,KXHIGHNY-26MAY17-T90,2026-05-16 18:12:08.902598+00:00,KNYC,2026-05-17,1,SKIP,0.12582647067775635,0.06499999999999997,0.06082647067775637,0.06082647067775637,1.2165294135551274,GFS,11.789635583333334,-0.009999999999999974,-0.009999999999999974,2.7755575615628914e-17,-0.009999999999999974,-0.009999999999999974,2.7755575615628914e-17
68160,KXHIGHNY-26MAY17-B83.5,2026-05-16 18:12:08.465147+00:00,KNYC,2026-05-17,1,SKIP,0.1840412119837597,0.09499999999999999,0.08904121198375971,0.08904121198375971,1.780824239675194,GFS,11.782344733333334,-0.009999999999999981,1.3877787807814457e-17,-0.029999999999999985,-0.009999999999999981,1.3877787807814457e-17,-0.029999999999999985
68157,KXHIGHCHI-26MAY16-T81,2026-05-16 18:12:07.051958+00:00,KMDW,2026-05-16,0,SKIP,0.09146098870695611,0.025000000000000015,0.0664609887069561,0.0664609887069561,1.329219774139122,HRRR,5.73914885,-0.020000000000000014,-0.020000000000000014,-0.020000000000000014,-0.020000000000000014,-0.020000000000000014,-0.020000000000000014
68156,KXHIGHMIA-26MAY17-T90,2026-05-16 18:12:06.434760+00:00,KMIA,2026-05-17,1,OPEN,0.12299793212101638,0.020000000000000014,0.10299793212101636,0.10299793212101636,2.059958642420327,GFS,11.74850495,0.004999999999999987,0.004999999999999987,0.004999999999999987,0.004999999999999987,0.004999999999999987,0.004999999999999987
68155,KXHIGHNY-26MAY16-B78.5,2026-05-16 18:12:06.020532+00:00,KNYC,2026-05-16,0,SKIP,0.5008923591140336,0.585,-0.08410764088596634,0.08410764088596634,1.6821528177193268,HRRR,5.721958416666666,-0.15499999999999997,-0.13499999999999995,0.09500000000000008,0.15499999999999997,0.13499999999999995,-0.09500000000000008
68154,KXHIGHCHI-26MAY16-B85.5,2026-05-16 18:12:05.609370+00:00,KMDW,2026-05-16,0,SKIP,0.23662433470639638,0.47,-0.2333756652936036,0.2333756652936036,4.667513305872071,HRRR,5.715105716666667,0.015000000000000013,0.19500000000000006,0.16500000000000004,-0.015000000000000013,-0.19500000000000006,-0.16500000000000004
68153,KXHIGHCHI-26MAY16-B87.5,2026-05-16 18:12:05.240435+00:00,KMDW,2026-05-16,0,SKIP,0.1227589893068898,0.045000000000000026,0.07775898930688978,0.07775898930688978,1.5551797861377954,HRRR,5.7089568,-0.010000000000000023,-0.010000000000000023,-0.020000000000000025,-0.010000000000000023,-0.010000000000000023,-0.020000000000000025
68151,KXHIGHCHI-26MAY16-B87.5,2026-05-16 18:06:56.537502+00:00,KMDW,2026-05-16,0,SKIP,0.12153607209949702,0.06499999999999997,0.05653607209949704,0.05653607209949704,1.1307214419899407,HRRR,0.5639079166666666,-0.02999999999999997,-0.02999999999999997,-0.03999999999999997,-0.02999999999999997,-0.02999999999999997,-0.03999999999999997
68150,KXHIGHCHI-26MAY16-B85.5,2026-05-16 18:06:56.130368+00:00,KMDW,2026-05-16,0,SKIP,0.2366734991899962,0.385,-0.14832650081000381,0.14832650081000381,2.966530016200076,HRRR,0.55712235,0.08999999999999997,0.19999999999999996,0.25,-0.08999999999999997,-0.19999999999999996,-0.25
68149,KXHIGHCHI-26MAY16-B83.5,2026-05-16 18:06:55.520190+00:00,KMDW,2026-05-16,0,SKIP,0.2715198298042732,0.47,-0.19848017019572678,0.19848017019572678,3.9696034039145354,HRRR,0.5469527166666667,-0.034999999999999976,-0.175,-0.13499999999999995,0.034999999999999976,0.175,0.13499999999999995
68148,KXHIGHCHI-26MAY16-T81,2026-05-16 18:06:54.901465+00:00,KMDW,2026-05-16,0,SKIP,0.09182255718338181,0.025000000000000015,0.06682255718338179,0.06682255718338179,1.3364511436676356,HRRR,0.5366406333333333,-0.020000000000000014,-0.020000000000000014,-0.020000000000000014,-0.020000000000000014,-0.020000000000000014,-0.020000000000000014
68147,KXHIGHCHI-26MAY17-B90.5,2026-05-16 18:06:54.549801+00:00,KMDW,2026-05-17,1,SKIP,0.12090919096178229,0.03500000000000002,0.08590919096178228,0.08590919096178228,1.7181838192356453,GFS,6.5504223,-1.3877787807814457e-17,-1.3877787807814457e-17,-1.3877787807814457e-17,-1.3877787807814457e-17,-1.3877787807814457e-17,-1.3877787807814457e-17
68146,KXHIGHCHI-26MAY17-T84,2026-05-16 18:06:54.167488+00:00,KMDW,2026-05-17,1,SKIP,0.6036457542074738,0.205,0.39864575420747383,0.39864575420747383,7.972915084149476,GFS,6.544050416666667,0.0,0.0,0.0,0.0,0.0,0.0
68145,KXHIGHCHI-26MAY17-B88.5,2026-05-16 18:06:53.833365+00:00,KMDW,2026-05-17,1,SKIP,0.1254301503764914,0.09,0.035430150376491415,0.035430150376491415,0.7086030075298283,GFS,6.5384817,0.0,0.0,-0.01999999999999999,0.0,0.0,-0.01999999999999999
68144,KXHIGHCHI-26MAY17-B86.5,2026-05-16 18:06:53.189807+00:00,KMDW,2026-05-17,1,SKIP,0.15101984101791455,0.30500000000000005,-0.1539801589820855,0.1539801589820855,3.07960317964171,GFS,6.527755733333334,-5.551115123125783e-17,-5.551115123125783e-17,0.04499999999999993,5.551115123125783e-17,5.551115123125783e-17,-0.04499999999999993
68143,KXHIGHCHI-26MAY17-B84.5,2026-05-16 18:06:52.806071+00:00,KMDW,2026-05-17,1,SKIP,0.18432187829037106,0.33499999999999996,-0.1506781217096289,0.1506781217096289,3.013562434192578,GFS,6.521360133333333,5.551115123125783e-17,5.551115123125783e-17,-0.009999999999999953,-5.551115123125783e-17,-5.551115123125783e-17,0.009999999999999953
68140,KXHIGHMIA-26MAY16-T91,2026-05-16 18:06:51.545275+00:00,KMIA,2026-05-16,0,OPEN,0.13268521062492838,0.01500000000000001,0.11768521062492837,0.11768521062492837,2.353704212498567,HRRR,0.48070413333333334,-0.010000000000000009,-0.010000000000000009,-0.010000000000000009,-0.010000000000000009,-0.010000000000000009,-0.010000000000000009
68134,KXHIGHMIA-26MAY17-B85.5,2026-05-16 18:06:48.901053+00:00,KMIA,2026-05-17,1,OPEN,0.35772487365774536,0.21,0.14772487365774536,0.14772487365774536,2.954497473154907,GFS,6.4562765,-0.035,-0.044999999999999984,-0.044999999999999984,-0.035,-0.044999999999999984,-0.044999999999999984
68133,KXHIGHMIA-26MAY17-B87.5,2026-05-16 18:06:48.528239+00:00,KMIA,2026-05-17,1,OPEN,0.17753460824223533,0.41500000000000004,-0.2374653917577647,0.2374653917577647,4.749307835155294,GFS,6.450062933333333,0.019999999999999962,0.019999999999999962,-5.551115123125783e-17,-0.019999999999999962,-0.019999999999999962,5.551115123125783e-17
68132,KXHIGHMIA-26MAY17-B83.5,2026-05-16 18:06:47.903898+00:00,KMIA,2026-05-17,1,OPEN,0.227962203056283,0.06999999999999998,0.15796220305628303,0.15796220305628303,3.1592440611256603,GFS,6.43965725,2.7755575615628914e-17,2.7755575615628914e-17,0.005000000000000018,2.7755575615628914e-17,2.7755575615628914e-17,0.005000000000000018
68128,KXHIGHNY-26MAY16-B80.5,2026-05-16 18:06:46.100119+00:00,KNYC,2026-05-16,0,SKIP,0.12949887521695377,0.42,-0.29050112478304624,0.29050112478304624,5.810022495660925,HRRR,0.3899515333333333,0.13000000000000006,0.16999999999999998,-0.11499999999999999,-0.13000000000000006,-0.16999999999999998,0.11499999999999999
68127,KXHIGHNY-26MAY17-B89.5,2026-05-16 18:06:45.737471+00:00,KNYC,2026-05-17,1,SKIP,0.16802086499274246,0.21499999999999997,-0.046979135007257505,0.046979135007257505,0.9395827001451501,GFS,6.403550133333333,0.025000000000000022,0.030000000000000027,0.030000000000000027,-0.025000000000000022,-0.030000000000000027,-0.030000000000000027
68126,KXHIGHNY-26MAY17-B83.5,2026-05-16 18:06:45.362239+00:00,KNYC,2026-05-17,1,SKIP,0.1844505681013167,0.09499999999999999,0.0894505681013167,0.0894505681013167,1.789011362026334,GFS,6.397296266666666,-0.009999999999999981,1.3877787807814457e-17,-0.01999999999999999,-0.009999999999999981,1.3877787807814457e-17,-0.01999999999999999
68125,KXHIGHNY-26MAY17-T83,2026-05-16 18:06:44.971117+00:00,KNYC,2026-05-17,1,SKIP,0.14943843789936478,0.03500000000000002,0.11443843789936477,0.11443843789936477,2.2887687579872953,GFS,6.390777566666666,-1.3877787807814457e-17,-0.010000000000000016,-0.010000000000000016,-1.3877787807814457e-17,-0.010000000000000016,-0.010000000000000016
68124,KXHIGHNY-26MAY17-B87.5,2026-05-16 18:06:44.593708+00:00,KNYC,2026-05-17,1,SKIP,0.2597874881139438,0.365,-0.10521251188605618,0.10521251188605618,2.1042502377211236,GFS,6.3844874166666665,0.0,-0.015000000000000013,0.0,-0.0,0.015000000000000013,-0.0
68123,KXHIGHNY-26MAY17-B85.5,2026-05-16 18:06:44.240642+00:00,KNYC,2026-05-17,1,SKIP,0.2627602340528916,0.235,0.02776023405289163,0.02776023405289163,0.5552046810578326,GFS,6.378602983333333,0.0,0.0,0.020000000000000018,0.0,0.0,0.020000000000000018
68122,KXHIGHCHI-26MAY16-B81.5,2026-05-16 18:06:43.892308+00:00,KMDW,2026-05-16,0,SKIP,0.16911651537607722,0.09999999999999999,0.06911651537607723,0.06911651537607723,1.3823303075215445,HRRR,0.35315468333333333,-0.05499999999999999,-0.04499999999999999,-0.06499999999999999,-0.05499999999999999,-0.04499999999999999,-0.06499999999999999
68121,KXHIGHMIA-26MAY17-T90,2026-05-16 18:06:43.422726+00:00,KMIA,2026-05-17,1,OPEN,0.12285010719901511,0.020000000000000014,0.10285010719901509,0.10285010719901509,2.0570021439803017,GFS,6.36497105,0.004999999999999987,0.004999999999999987,0.004999999999999987,0.004999999999999987,0.004999999999999987,0.004999999999999987
68120,KXHIGHNY-26MAY16-B78.5,2026-05-16 18:06:43.046770+00:00,KNYC,2026-05-16,0,SKIP,0.5019546347520746,0.55,-0.048045365247925464,0.048045365247925464,0.9609073049585093,HRRR,0.33906238333333333,-0.11500000000000005,-0.15000000000000002,0.10999999999999999,0.11500000000000005,0.15000000000000002,-0.10999999999999999
68119,KXHIGHNY-26MAY16-B82.5,2026-05-16 18:06:42.494598+00:00,KNYC,2026-05-16,0,SKIP,0.060756112405770495,0.03500000000000002,0.025756112405770477,0.025756112405770477,0.5151222481154095,HRRR,0.3298595166666667,-0.010000000000000016,-0.010000000000000016,-0.015000000000000017,-0.010000000000000016,-0.010000000000000016,-0.015000000000000017
68118,KXHIGHNY-26MAY17-T90,2026-05-16 18:06:42.071679+00:00,KNYC,2026-05-17,1,SKIP,0.12519392620847075,0.06499999999999997,0.06019392620847078,0.06019392620847078,1.2038785241694154,GFS,6.3424536,-0.009999999999999974,-0.009999999999999974,2.7755575615628914e-17,-0.009999999999999974,-0.009999999999999974,2.7755575615628914e-17
68117,KXHIGHMIA-26MAY17-B89.5,2026-05-16 18:06:41.644021+00:00,KMIA,2026-05-17,1,OPEN,0.12554327253421127,0.29500000000000004,-0.16945672746578877,0.16945672746578877,3.3891345493157754,GFS,6.335325966666667,-5.551115123125783e-17,-5.551115123125783e-17,-5.551115123125783e-17,5.551115123125783e-17,5.551115123125783e-17,5.551115123125783e-17
68115,KXHIGHCHI-26MAY16-B81.5,2026-05-16 18:01:39.761385+00:00,KMDW,2026-05-16,0,SKIP,0.1464592687681122,0.15500000000000003,-0.008540731231887838,0.008540731231887838,0.17081462463775676,GFS,1.3039487,-0.11000000000000003,-0.11000000000000003,-0.12000000000000002,0.11000000000000003,0.11000000000000003,0.12000000000000002
68114,KXHIGHCHI-26MAY16-B87.5,2026-05-16 18:01:39.126413+00:00,KMDW,2026-05-16,0,SKIP,0.1431784644958868,0.07499999999999998,0.06817846449588683,0.06817846449588683,1.3635692899177365,GFS,1.2933658333333333,-0.03999999999999998,-0.03999999999999998,-0.04999999999999998,-0.03999999999999998,-0.03999999999999998,-0.04999999999999998
68113,KXHIGHCHI-26MAY16-B85.5,2026-05-16 18:01:38.505157+00:00,KMDW,2026-05-16,0,SKIP,0.23478324831590505,0.375,-0.14021675168409495,0.14021675168409495,2.8043350336818986,GFS,1.2830115666666666,0.07,0.10999999999999999,0.26,-0.07,-0.10999999999999999,-0.26
68112,KXHIGHCHI-26MAY16-B83.5,2026-05-16 18:01:37.909613+00:00,KMDW,2026-05-16,0,SKIP,0.2739737221855445,0.42500000000000004,-0.15102627781445555,0.15102627781445555,3.020525556289111,GFS,1.2730858333333332,0.009999999999999953,-0.06000000000000005,-0.10000000000000003,-0.009999999999999953,0.06000000000000005,0.10000000000000003
68110,KXHIGHCHI-26MAY17-B88.5,2026-05-16 18:01:36.658097+00:00,KMDW,2026-05-17,1,SKIP,0.12514900668636864,0.09,0.03514900668636864,0.03514900668636864,0.7029801337273728,GFS,1.2522272333333333,0.0,0.0,0.0,0.0,0.0,0.0
68109,KXHIGHCHI-26MAY17-T84,2026-05-16 18:01:36.019656+00:00,KMDW,2026-05-17,1,SKIP,0.6096800497000725,0.19499999999999998,0.41468004970007255,0.41468004970007255,8.29360099400145,GFS,1.24158655,2.7755575615628914e-17,0.010000000000000009,0.010000000000000009,2.7755575615628914e-17,0.010000000000000009,0.010000000000000009
68107,KXHIGHCHI-26MAY17-B90.5,2026-05-16 18:01:34.812844+00:00,KMDW,2026-05-17,1,SKIP,0.1209091909617823,0.03500000000000002,0.08590919096178229,0.08590919096178229,1.7181838192356458,GFS,1.2214730166666667,-1.3877787807814457e-17,-1.3877787807814457e-17,-1.3877787807814457e-17,-1.3877787807814457e-17,-1.3877787807814457e-17,-1.3877787807814457e-17
68106,KXHIGHCHI-26MAY17-B86.5,2026-05-16 18:01:34.181730+00:00,KMDW,2026-05-17,1,SKIP,0.14951895663153492,0.30500000000000005,-0.15548104336846513,0.15548104336846513,3.1096208673693027,GFS,1.21095445,-5.551115123125783e-17,-5.551115123125783e-17,-5.551115123125783e-17,5.551115123125783e-17,5.551115123125783e-17,5.551115123125783e-17
68105,KXHIGHCHI-26MAY17-B84.5,2026-05-16 18:01:33.504029+00:00,KMDW,2026-05-17,1,SKIP,0.18029901462863862,0.355,-0.17470098537136136,0.17470098537136136,3.4940197074272272,GFS,1.1996594333333332,-0.019999999999999962,-0.019999999999999962,-0.034999999999999976,0.019999999999999962,0.019999999999999962,0.034999999999999976
68101,KXHIGHMIA-26MAY16-T91,2026-05-16 18:01:30.913627+00:00,KMIA,2026-05-16,0,OPEN,0.22239625837940985,0.020000000000000014,0.20239625837940983,0.20239625837940983,4.047925167588196,GFS,1.1564860666666668,-0.015000000000000013,-0.015000000000000013,-0.015000000000000013,-0.015000000000000013,-0.015000000000000013,-0.015000000000000013
68098,KXHIGHMIA-26MAY17-B85.5,2026-05-16 18:01:28.996852+00:00,KMIA,2026-05-17,1,OPEN,0.3161963334278673,0.19499999999999998,0.12119633342786731,0.12119633342786731,2.423926668557346,GFS,1.1245398166666667,-0.03999999999999998,-0.014999999999999986,-0.02999999999999997,-0.03999999999999998,-0.014999999999999986,-0.02999999999999997
68097,KXHIGHMIA-26MAY17-B87.5,2026-05-16 18:01:28.427838+00:00,KMIA,2026-05-17,1,OPEN,0.17469514600572444,0.41500000000000004,-0.2403048539942756,0.2403048539942756,4.806097079885512,GFS,1.11505625,0.019999999999999962,0.019999999999999962,-5.551115123125783e-17,-0.019999999999999962,-0.019999999999999962,5.551115123125783e-17
68096,KXHIGHNY-26MAY16-B80.5,2026-05-16 18:01:27.799486+00:00,KNYC,2026-05-16,0,SKIP,0.15583393978330592,0.495,-0.33916606021669404,0.33916606021669404,6.78332120433388,GFS,1.1045837166666668,-0.02999999999999997,0.05500000000000005,-0.2,0.02999999999999997,-0.05500000000000005,0.2
68092,KXHIGHNY-26MAY17-B87.5,2026-05-16 18:01:25.328167+00:00,KNYC,2026-05-17,1,SKIP,0.25660183204281956,0.365,-0.10839816795718044,0.10839816795718044,2.1679633591436085,GFS,1.0633950666666667,-0.0050000000000000044,-0.010000000000000009,-0.0050000000000000044,0.0050000000000000044,0.010000000000000009,0.0050000000000000044
68091,KXHIGHNY-26MAY17-B85.5,2026-05-16 18:01:24.706840+00:00,KNYC,2026-05-17,1,SKIP,0.2675390287568674,0.235,0.03253902875686743,0.03253902875686743,0.6507805751373485,GFS,1.0530396166666667,0.0,0.0,0.020000000000000018,0.0,0.0,0.020000000000000018
68090,KXHIGHNY-26MAY17-T83,2026-05-16 18:01:24.083507+00:00,KNYC,2026-05-17,1,SKIP,0.15262439105996478,0.03500000000000002,0.11762439105996476,0.11762439105996476,2.3524878211992952,GFS,1.0426507333333332,-1.3877787807814457e-17,-0.010000000000000016,-0.010000000000000016,-1.3877787807814457e-17,-0.010000000000000016,-0.010000000000000016
68089,KXHIGHNY-26MAY17-B83.5,2026-05-16 18:01:23.385674+00:00,KNYC,2026-05-17,1,SKIP,0.1844505681013167,0.105,0.07945056810131669,0.07945056810131669,1.5890113620263338,GFS,1.0310201833333332,-0.01999999999999999,-0.01999999999999999,-0.01999999999999999,-0.01999999999999999,-0.01999999999999999,-0.01999999999999999
68088,KXHIGHNY-26MAY17-B89.5,2026-05-16 18:01:22.749115+00:00,KNYC,2026-05-17,1,SKIP,0.16386258712914412,0.21499999999999997,-0.05113741287085585,0.05113741287085585,1.022748257417117,GFS,1.0204108666666667,0.015000000000000041,0.025000000000000022,0.030000000000000027,-0.015000000000000041,-0.025000000000000022,-0.030000000000000027
68087,KXHIGHCHI-26MAY16-T81,2026-05-16 18:01:22.126793+00:00,KMDW,2026-05-16,0,SKIP,0.08885966944388217,0.025000000000000015,0.06385966944388216,0.06385966944388216,1.2771933888776432,GFS,1.0100388333333334,-0.020000000000000014,-0.020000000000000014,-0.020000000000000014,-0.020000000000000014,-0.020000000000000014,-0.020000000000000014
68086,KXHIGHMIA-26MAY17-T90,2026-05-16 18:01:21.467635+00:00,KMIA,2026-05-17,1,OPEN,0.12270410987700829,0.020000000000000014,0.10270410987700827,0.10270410987700827,2.0540821975401653,GFS,0.9990528666666667,0.004999999999999987,0.004999999999999987,0.004999999999999987,0.004999999999999987,0.004999999999999987,0.004999999999999987
68085,KXHIGHMIA-26MAY17-B83.5,2026-05-16 18:01:20.801764+00:00,KMIA,2026-05-17,1,OPEN,0.2327084992612547,0.06499999999999997,0.16770849926125472,0.16770849926125472,3.354169985225094,GFS,0.9879550166666666,0.005000000000000032,0.005000000000000032,0.005000000000000032,0.005000000000000032,0.005000000000000032,0.005000000000000032
68084,KXHIGHNY-26MAY16-B78.5,2026-05-16 18:01:20.167812+00:00,KNYC,2026-05-16,0,SKIP,0.5236046089793774,0.44499999999999995,0.07860460897937749,0.07860460897937749,1.5720921795875498,GFS,0.97738915,0.13,-0.014999999999999958,0.21000000000000008,0.13,-0.014999999999999958,0.21000000000000008
68083,KXHIGHNY-26MAY16-B82.5,2026-05-16 18:01:19.619973+00:00,KNYC,2026-05-16,0,SKIP,0.06146082434547385,0.03500000000000002,0.02646082434547383,0.02646082434547383,0.5292164869094765,GFS,0.9682585,-1.3877787807814457e-17,-1.3877787807814457e-17,-0.020000000000000018,-1.3877787807814457e-17,-1.3877787807814457e-17,-0.020000000000000018
68082,KXHIGHNY-26MAY17-T90,2026-05-16 18:01:18.922787+00:00,KNYC,2026-05-17,1,SKIP,0.12457311227861771,0.06499999999999997,0.05957311227861774,0.05957311227861774,1.1914622455723547,GFS,0.9566387333333334,2.7755575615628914e-17,-0.009999999999999974,2.7755575615628914e-17,2.7755575615628914e-17,-0.009999999999999974,2.7755575615628914e-17
68081,KXHIGHMIA-26MAY17-B89.5,2026-05-16 18:01:18.264580+00:00,KMIA,2026-05-17,1,OPEN,0.1253643468406418,0.29500000000000004,-0.16963565315935825,0.16963565315935825,3.392713063187165,GFS,0.9456686166666667,-5.551115123125783e-17,-5.551115123125783e-17,-5.551115123125783e-17,5.551115123125783e-17,5.551115123125783e-17,5.551115123125783e-17
68079,KXHIGHCHI-26MAY16-T81,2026-05-16 17:56:16.080709+00:00,KMDW,2026-05-16,0,SKIP,0.09966851168221187,0.020000000000000014,0.07966851168221185,0.07966851168221185,1.593370233644237,HRRR,49.9220644,0.004999999999999987,-0.015000000000000013,-0.015000000000000013,0.004999999999999987,-0.015000000000000013,-0.015000000000000013
68078,KXHIGHCHI-26MAY16-B83.5,2026-05-16 17:56:15.438648+00:00,KMDW,2026-05-16,0,SKIP,0.26910026741130333,0.42500000000000004,-0.15589973258869672,0.15589973258869672,3.1179946517739343,HRRR,49.91136338333333,0.03999999999999998,0.009999999999999953,-0.10000000000000003,-0.03999999999999998,-0.009999999999999953,0.10000000000000003
68077,KXHIGHCHI-26MAY16-B87.5,2026-05-16 17:56:14.790240+00:00,KMDW,2026-05-16,0,SKIP,0.1203564625208128,0.07499999999999998,0.045356462520812824,0.045356462520812824,0.9071292504162565,HRRR,49.90055658333333,-0.009999999999999981,-0.03999999999999998,-0.04999999999999998,-0.009999999999999981,-0.03999999999999998,-0.04999999999999998
68076,KXHIGHCHI-26MAY16-B81.5,2026-05-16 17:56:14.159905+00:00,KMDW,2026-05-16,0,SKIP,0.1673351143722959,0.13,0.03733511437229589,0.03733511437229589,0.7467022874459178,HRRR,49.890051,-0.05,-0.085,-0.09,-0.05,-0.085,-0.09
68074,KXHIGHCHI-26MAY17-B84.5,2026-05-16 17:56:12.909713+00:00,KMDW,2026-05-17,1,SKIP,0.22116451761259676,0.345,-0.12383548238740322,0.12383548238740322,2.476709647748064,NBM,227.48801258333333,-0.009999999999999953,-0.009999999999999953,-0.009999999999999953,0.009999999999999953,0.009999999999999953,0.009999999999999953
68073,KXHIGHCHI-26MAY17-B88.5,2026-05-16 17:56:12.211777+00:00,KMDW,2026-05-17,1,SKIP,0.1510874257793623,0.08499999999999999,0.0660874257793623,0.0660874257793623,1.321748515587246,NBM,227.47638031666668,0.0050000000000000044,0.0050000000000000044,0.0050000000000000044,0.0050000000000000044,0.0050000000000000044,0.0050000000000000044
68072,KXHIGHCHI-26MAY17-B86.5,2026-05-16 17:56:11.546152+00:00,KMDW,2026-05-17,1,SKIP,0.18450366171840837,0.30500000000000005,-0.12049633828159168,0.12049633828159168,2.4099267656318335,NBM,227.46528656666666,-5.551115123125783e-17,-5.551115123125783e-17,-5.551115123125783e-17,5.551115123125783e-17,5.551115123125783e-17,5.551115123125783e-17
68071,KXHIGHCHI-26MAY17-B90.5,2026-05-16 17:56:10.945701+00:00,KMDW,2026-05-17,1,SKIP,0.12544298484020677,0.03500000000000002,0.09044298484020676,0.09044298484020676,1.808859696804135,NBM,227.45527905,-1.3877787807814457e-17,-1.3877787807814457e-17,-1.3877787807814457e-17,-1.3877787807814457e-17,-1.3877787807814457e-17,-1.3877787807814457e-17
68069,KXHIGHCHI-26MAY17-T84,2026-05-16 17:56:09.648845+00:00,KMDW,2026-05-17,1,SKIP,0.48477608120383203,0.18499999999999997,0.29977608120383203,0.29977608120383203,5.99552162407664,NBM,227.43366478333334,0.020000000000000018,0.020000000000000018,0.020000000000000018,0.020000000000000018,0.020000000000000018,0.020000000000000018
68062,KXHIGHMIA-26MAY17-B85.5,2026-05-16 17:56:05.114323+00:00,KMIA,2026-05-17,1,OPEN,0.354752672501379,0.19499999999999998,0.159752672501379,0.159752672501379,3.19505345002758,NBM,227.35808941666667,2.7755575615628914e-17,-0.01999999999999999,-0.02999999999999997,2.7755575615628914e-17,-0.01999999999999999,-0.02999999999999997
68061,KXHIGHMIA-26MAY17-T90,2026-05-16 17:56:04.480946+00:00,KMIA,2026-05-17,1,OPEN,0.12436428587655755,0.020000000000000014,0.10436428587655754,0.10436428587655754,2.0872857175311506,NBM,227.34753313333334,-1.3877787807814457e-17,0.004999999999999987,0.004999999999999987,-1.3877787807814457e-17,0.004999999999999987,0.004999999999999987
68060,KXHIGHMIA-26MAY17-B83.5,2026-05-16 17:56:03.844073+00:00,KMIA,2026-05-17,1,OPEN,0.2189818731749142,0.06499999999999997,0.1539818731749142,0.1539818731749142,3.079637463498284,NBM,227.33691858333333,0.005000000000000032,0.005000000000000032,0.005000000000000032,0.005000000000000032,0.005000000000000032,0.005000000000000032
68059,KXHIGHNY-26MAY16-B78.5,2026-05-16 17:56:03.245241+00:00,KNYC,2026-05-16,0,SKIP,0.44863414921839107,0.46499999999999997,-0.016365850781608904,0.016365850781608904,0.3273170156321781,HRRR,49.708139933333335,0.09500000000000008,-0.02999999999999997,0.18000000000000005,-0.09500000000000008,0.02999999999999997,-0.18000000000000005
68058,KXHIGHNY-26MAY16-B80.5,2026-05-16 17:56:02.641928+00:00,KNYC,2026-05-16,0,SKIP,0.11333354436512552,0.525,-0.4116664556348745,0.4116664556348745,8.233329112697488,HRRR,49.69808471666666,-0.125,0.025000000000000022,-0.18000000000000005,0.125,-0.025000000000000022,0.18000000000000005
68054,KXHIGHNY-26MAY16-B82.5,2026-05-16 17:56:00.107981+00:00,KNYC,2026-05-16,0,SKIP,0.05723693599828628,0.025000000000000015,0.03223693599828627,0.03223693599828627,0.6447387199657253,HRRR,49.65585226666666,0.009999999999999988,-1.3877787807814457e-17,-0.020000000000000014,0.009999999999999988,-1.3877787807814457e-17,-0.020000000000000014
68053,KXHIGHNY-26MAY17-B89.5,2026-05-16 17:55:59.464105+00:00,KNYC,2026-05-17,1,SKIP,0.17844830918351826,0.215,-0.03655169081648174,0.03655169081648174,0.7310338163296348,NBM,227.26391911666667,0.0,0.024999999999999994,0.03,-0.0,-0.024999999999999994,-0.03
68052,KXHIGHNY-26MAY17-T83,2026-05-16 17:55:58.867703+00:00,KNYC,2026-05-17,1,SKIP,0.18795050998227564,0.045000000000000026,0.1429505099822756,0.1429505099822756,2.8590101996455117,NBM,227.25397908333332,-0.010000000000000023,-0.010000000000000023,-0.020000000000000025,-0.010000000000000023,-0.010000000000000023,-0.020000000000000025
68051,KXHIGHNY-26MAY17-B85.5,2026-05-16 17:55:58.261229+00:00,KNYC,2026-05-17,1,SKIP,0.25071684389577875,0.235,0.015716843895778765,0.015716843895778765,0.3143368779155753,NBM,227.24387118333334,0.0,0.0,0.0,0.0,0.0,0.0
68050,KXHIGHNY-26MAY17-B87.5,2026-05-16 17:55:57.660209+00:00,KNYC,2026-05-17,1,SKIP,0.26781589304605097,0.365,-0.09718410695394902,0.09718410695394902,1.9436821390789805,NBM,227.23385418333334,-0.0050000000000000044,0.0,-0.0050000000000000044,0.0050000000000000044,-0.0,0.0050000000000000044
68049,KXHIGHNY-26MAY17-T90,2026-05-16 17:55:56.990984+00:00,KNYC,2026-05-17,1,SKIP,0.12681062089173095,0.06499999999999997,0.06181062089173098,0.06181062089173098,1.2362124178346194,NBM,227.22270043333333,2.7755575615628914e-17,-0.009999999999999974,-0.004999999999999977,2.7755575615628914e-17,-0.009999999999999974,-0.004999999999999977
68048,KXHIGHNY-26MAY17-B83.5,2026-05-16 17:55:56.382695+00:00,KNYC,2026-05-17,1,SKIP,0.18210408730223038,0.105,0.07710408730223038,0.07710408730223038,1.5420817460446075,NBM,227.21256228333334,-0.009999999999999995,-0.01999999999999999,-0.01999999999999999,-0.009999999999999995,-0.01999999999999999,-0.01999999999999999
68047,KXHIGHCHI-26MAY16-B85.5,2026-05-16 17:55:55.748279+00:00,KMDW,2026-05-16,0,SKIP,0.23454518080980682,0.365,-0.13045481919019317,0.13045481919019317,2.609096383803863,HRRR,49.583190566666666,0.044999999999999984,0.10999999999999999,0.27,-0.044999999999999984,-0.10999999999999999,-0.27
68046,KXHIGHMIA-26MAY17-B87.5,2026-05-16 17:55:55.099239+00:00,KMIA,2026-05-17,1,OPEN,0.10713701588384557,0.41500000000000004,-0.3078629841161545,0.3078629841161545,6.157259682323089,NBM,227.19117135,-5.551115123125783e-17,0.019999999999999962,0.019999999999999962,5.551115123125783e-17,-0.019999999999999962,-0.019999999999999962
68045,KXHIGHMIA-26MAY17-B89.5,2026-05-16 17:55:54.474137+00:00,KMIA,2026-05-17,1,OPEN,0.12739896047659027,0.29500000000000004,-0.16760103952340977,0.16760103952340977,3.3520207904681953,NBM,227.18075298333332,0.004999999999999949,-5.551115123125783e-17,-5.551115123125783e-17,-0.004999999999999949,5.551115123125783e-17,5.551115123125783e-17
68043,KXHIGHCHI-26MAY16-B83.5,2026-05-16 17:50:50.781107+00:00,KMDW,2026-05-16,0,SKIP,0.2688552932888158,0.45499999999999996,-0.18614470671118416,0.18614470671118416,3.722894134223683,HRRR,44.500404366666665,-0.05999999999999994,-0.019999999999999962,-0.16999999999999998,0.05999999999999994,0.019999999999999962,0.16999999999999998
68042,KXHIGHCHI-26MAY16-B87.5,2026-05-16 17:50:50.395944+00:00,KMDW,2026-05-16,0,SKIP,0.11883429072274534,0.07499999999999998,0.04383429072274536,0.04383429072274536,0.8766858144549072,HRRR,44.493984983333334,-0.014999999999999986,-0.03999999999999998,-0.03499999999999998,-0.014999999999999986,-0.03999999999999998,-0.03499999999999998
68041,KXHIGHNY-26MAY16-B82.5,2026-05-16 17:50:49.992773+00:00,KNYC,2026-05-16,0,SKIP,0.057165661476476164,0.03500000000000002,0.022165661476476146,0.022165661476476146,0.4433132295295229,HRRR,44.48726546666666,-1.3877787807814457e-17,-1.3877787807814457e-17,-0.010000000000000016,-1.3877787807814457e-17,-1.3877787807814457e-17,-0.010000000000000016
68040,KXHIGHNY-26MAY17-B83.5,2026-05-16 17:50:49.600571+00:00,KNYC,2026-05-17,1,SKIP,0.18335826221879062,0.105,0.07835826221879062,0.07835826221879062,1.5671652443758124,NBM,222.09952688333334,-0.009999999999999995,-0.01999999999999999,-0.015,-0.009999999999999995,-0.01999999999999999,-0.015
68039,KXHIGHCHI-26MAY16-B85.5,2026-05-16 17:50:49.242389+00:00,KMDW,2026-05-16,0,SKIP,0.23460472468203747,0.365,-0.13039527531796252,0.13039527531796252,2.6079055063592502,HRRR,44.474759066666664,0.020000000000000018,0.08000000000000002,0.31000000000000005,-0.020000000000000018,-0.08000000000000002,-0.31000000000000005
68037,KXHIGHCHI-26MAY16-B81.5,2026-05-16 17:50:48.171986+00:00,KMDW,2026-05-16,0,SKIP,0.1688165721005677,0.11499999999999999,0.0538165721005677,0.0538165721005677,1.076331442011354,HRRR,44.45691901666667,1.3877787807814457e-17,-0.06999999999999999,-0.07999999999999999,1.3877787807814457e-17,-0.06999999999999999,-0.07999999999999999
68036,KXHIGHCHI-26MAY16-T81,2026-05-16 17:50:47.576384+00:00,KMDW,2026-05-16,0,SKIP,0.10012362738494979,0.020000000000000014,0.08012362738494977,0.08012362738494977,1.6024725476989954,HRRR,44.446992316666666,0.004999999999999987,-0.015000000000000013,-0.015000000000000013,0.004999999999999987,-0.015000000000000013,-0.015000000000000013
68035,KXHIGHCHI-26MAY17-B86.5,2026-05-16 17:50:47.128696+00:00,KMDW,2026-05-17,1,SKIP,0.18054462409350067,0.30500000000000005,-0.12445537590649938,0.12445537590649938,2.4891075181299875,NBM,222.05832896666666,-5.551115123125783e-17,-5.551115123125783e-17,-5.551115123125783e-17,5.551115123125783e-17,5.551115123125783e-17,5.551115123125783e-17
68034,KXHIGHCHI-26MAY17-B90.5,2026-05-16 17:50:46.703594+00:00,KMDW,2026-05-17,1,SKIP,0.12516601436196373,0.03500000000000002,0.09016601436196371,0.09016601436196371,1.8033202872392742,NBM,222.05124393333332,-1.3877787807814457e-17,-1.3877787807814457e-17,-1.3877787807814457e-17,-1.3877787807814457e-17,-1.3877787807814457e-17,-1.3877787807814457e-17
68033,KXHIGHCHI-26MAY17-B84.5,2026-05-16 17:50:46.288772+00:00,KMDW,2026-05-17,1,SKIP,0.22249525447049986,0.345,-0.12250474552950011,0.12250474552950011,2.450094910590002,NBM,222.04433023333334,-0.009999999999999953,-0.009999999999999953,-0.009999999999999953,0.009999999999999953,0.009999999999999953,0.009999999999999953
68032,KXHIGHCHI-26MAY17-T84,2026-05-16 17:50:45.664546+00:00,KMDW,2026-05-17,1,SKIP,0.40397466240276647,0.18499999999999997,0.2189746624027665,0.2189746624027665,4.37949324805533,NBM,222.03392646666666,0.020000000000000018,0.010000000000000037,0.020000000000000018,0.020000000000000018,0.010000000000000037,0.020000000000000018
68030,KXHIGHCHI-26MAY17-B88.5,2026-05-16 17:50:44.938638+00:00,KMDW,2026-05-17,1,SKIP,0.1496108759995889,0.08499999999999999,0.0646108759995889,0.0646108759995889,1.2922175199917778,NBM,222.021828,0.010000000000000009,0.0050000000000000044,0.0050000000000000044,0.010000000000000009,0.0050000000000000044,0.0050000000000000044
68025,KXHIGHMIA-26MAY16-B88.5,2026-05-16 17:50:42.769477+00:00,KMIA,2026-05-16,0,OPEN,0.33717233694303694,0.020000000000000014,0.3171723369430369,0.3171723369430369,6.343446738860738,HRRR,44.3668772,-0.015000000000000013,-0.015000000000000013,-0.015000000000000013,-0.015000000000000013,-0.015000000000000013,-0.015000000000000013
68023,KXHIGHMIA-26MAY17-B85.5,2026-05-16 17:50:41.980641+00:00,KMIA,2026-05-17,1,OPEN,0.35553080168168816,0.19499999999999998,0.16053080168168818,0.16053080168168818,3.2106160336337632,NBM,221.97252805,0.010000000000000009,-0.03999999999999998,-0.02999999999999997,0.010000000000000009,-0.03999999999999998,-0.02999999999999997
68022,KXHIGHMIA-26MAY17-B83.5,2026-05-16 17:50:41.630478+00:00,KMIA,2026-05-17,1,OPEN,0.21976043788670133,0.06499999999999997,0.15476043788670135,0.15476043788670135,3.095208757734027,NBM,221.966692,0.010000000000000023,0.005000000000000032,0.005000000000000032,0.010000000000000023,0.005000000000000032,0.005000000000000032
68021,KXHIGHMIA-26MAY17-T90,2026-05-16 17:50:41.237053+00:00,KMIA,2026-05-17,1,OPEN,0.12420236956006257,0.020000000000000014,0.10420236956006255,0.10420236956006255,2.084047391201251,NBM,221.96013491666668,-1.3877787807814457e-17,0.004999999999999987,0.004999999999999987,-1.3877787807814457e-17,0.004999999999999987,0.004999999999999987
68020,KXHIGHMIA-26MAY17-B87.5,2026-05-16 17:50:40.574433+00:00,KMIA,2026-05-17,1,OPEN,0.10282681048813452,0.41500000000000004,-0.3121731895118655,0.3121731895118655,6.24346379023731,NBM,221.94909125,-5.551115123125783e-17,0.019999999999999962,0.019999999999999962,5.551115123125783e-17,-0.019999999999999962,-0.019999999999999962
68019,KXHIGHMIA-26MAY17-B89.5,2026-05-16 17:50:40.140665+00:00,KMIA,2026-05-17,1,OPEN,0.12720052540373483,0.30500000000000005,-0.17779947459626522,0.17779947459626522,3.5559894919253043,NBM,221.94186178333334,-0.010000000000000064,-0.010000000000000064,-0.010000000000000064,0.010000000000000064,0.010000000000000064,0.010000000000000064
68018,KXHIGHNY-26MAY16-B76.5,2026-05-16 17:50:39.707186+00:00,KNYC,2026-05-16,0,SKIP,0.2731627908066377,0.025000000000000015,0.24816279080663767,0.24816279080663767,4.963255816132753,HRRR,44.315839016666665,-0.020000000000000014,-0.020000000000000014,-0.020000000000000014,-0.020000000000000014,-0.020000000000000014,-0.020000000000000014
68015,KXHIGHNY-26MAY16-B78.5,2026-05-16 17:50:38.582583+00:00,KNYC,2026-05-16,0,SKIP,0.4493743088439737,0.41500000000000004,0.03437430884397369,0.03437430884397369,0.6874861768794738,HRRR,44.297095633333335,0.13,0.09499999999999997,0.12,0.13,0.09499999999999997,0.12
68014,KXHIGHNY-26MAY16-B80.5,2026-05-16 17:50:38.270254+00:00,KNYC,2026-05-16,0,SKIP,0.11109109124341607,0.495,-0.3839089087565839,0.3839089087565839,7.678178175131678,HRRR,44.29189015,-0.10499999999999998,-0.02999999999999997,-0.05499999999999999,0.10499999999999998,0.02999999999999997,0.05499999999999999
68013,KXHIGHNY-26MAY17-B89.5,2026-05-16 17:50:37.861571+00:00,KNYC,2026-05-17,1,SKIP,0.17438538912565482,0.205,-0.030614610874345166,0.030614610874345166,0.6122922174869033,NBM,221.90387688333334,0.010000000000000009,0.025000000000000022,0.035,-0.010000000000000009,-0.025000000000000022,-0.035
68012,KXHIGHNY-26MAY17-T83,2026-05-16 17:50:37.228516+00:00,KNYC,2026-05-17,1,SKIP,0.1898317404621229,0.045000000000000026,0.14483174046212288,0.14483174046212288,2.8966348092424576,NBM,221.89332596666668,-0.010000000000000023,-0.010000000000000023,-0.020000000000000025,-0.010000000000000023,-0.010000000000000023,-0.020000000000000025
68011,KXHIGHNY-26MAY17-B85.5,2026-05-16 17:50:36.840192+00:00,KNYC,2026-05-17,1,SKIP,0.25541981909593736,0.235,0.020419819095937375,0.020419819095937375,0.4083963819187475,NBM,221.8868539,0.0,0.0,0.0,0.0,0.0,0.0
68010,KXHIGHNY-26MAY17-B87.5,2026-05-16 17:50:36.260014+00:00,KNYC,2026-05-17,1,SKIP,0.2646807800255507,0.365,-0.10031921997444931,0.10031921997444931,2.006384399488986,NBM,221.87718426666666,0.0,-0.0050000000000000044,-0.0050000000000000044,-0.0,0.0050000000000000044,0.0050000000000000044
68009,KXHIGHNY-26MAY17-T90,2026-05-16 17:50:35.898681+00:00,KNYC,2026-05-17,1,SKIP,0.12617027337352865,0.06499999999999997,0.06117027337352868,0.06117027337352868,1.2234054674705734,NBM,221.87116205,2.7755575615628914e-17,-0.009999999999999974,-0.004999999999999977,2.7755575615628914e-17,-0.009999999999999974,-0.004999999999999977
68008,KXHIGHMIA-26MAY17-B83.5,2026-05-16 17:45:32.925560+00:00,KMIA,2026-05-17,1,OPEN,0.22055522363355812,0.06499999999999997,0.15555522363355814,0.15555522363355814,3.1111044726711627,NBM,216.82161003333334,2.7755575615628914e-17,0.005000000000000032,0.005000000000000032,2.7755575615628914e-17,0.005000000000000032,0.005000000000000032
68007,KXHIGHCHI-26MAY16-B83.5,2026-05-16 17:45:32.270681+00:00,KMDW,2026-05-16,0,SKIP,0.26860484474129626,0.49,-0.22139515525870374,0.22139515525870374,4.4279031051740745,HRRR,39.191897266666665,-0.065,-0.08499999999999996,-0.28,0.065,0.08499999999999996,0.28
68005,KXHIGHCHI-26MAY16-B87.5,2026-05-16 17:45:30.970907+00:00,KMDW,2026-05-16,0,SKIP,0.11727635464473188,0.07499999999999998,0.042276354644731895,0.042276354644731895,0.8455270928946379,HRRR,39.17023436666667,1.3877787807814457e-17,-0.009999999999999981,-0.029999999999999985,1.3877787807814457e-17,-0.009999999999999981,-0.029999999999999985
68004,KXHIGHCHI-26MAY16-B81.5,2026-05-16 17:45:30.352266+00:00,KMDW,2026-05-16,0,SKIP,0.17033113589404214,0.09499999999999999,0.07533113589404215,0.07533113589404215,1.506622717880843,HRRR,39.15992368333333,0.05500000000000001,-0.03999999999999999,-0.059999999999999984,0.05500000000000001,-0.03999999999999999,-0.059999999999999984
68003,KXHIGHCHI-26MAY16-B85.5,2026-05-16 17:45:29.717184+00:00,KMDW,2026-05-16,0,SKIP,0.2346655991783409,0.29500000000000004,-0.06033440082165914,0.06033440082165914,1.2066880164331828,HRRR,39.14933898333334,0.07999999999999996,0.16999999999999998,0.39,-0.07999999999999996,-0.16999999999999998,-0.39
68002,KXHIGHCHI-26MAY16-T81,2026-05-16 17:45:29.119075+00:00,KMDW,2026-05-16,0,SKIP,0.10058891353659216,0.025000000000000015,0.07558891353659214,0.07558891353659214,1.5117782707318428,HRRR,39.1393705,-1.3877787807814457e-17,-0.020000000000000014,-0.020000000000000014,-1.3877787807814457e-17,-0.020000000000000014,-0.020000000000000014
68001,KXHIGHCHI-26MAY17-B90.5,2026-05-16 17:45:28.462862+00:00,KMDW,2026-05-17,1,SKIP,0.12488871693365597,0.03500000000000002,0.08988871693365595,0.08988871693365595,1.7977743386731189,NBM,216.74723173333334,-1.3877787807814457e-17,-1.3877787807814457e-17,-1.3877787807814457e-17,-1.3877787807814457e-17,-1.3877787807814457e-17,-1.3877787807814457e-17
68000,KXHIGHCHI-26MAY17-B84.5,2026-05-16 17:45:27.766531+00:00,KMDW,2026-05-17,1,SKIP,0.22224280385706602,0.345,-0.12275719614293396,0.12275719614293396,2.455143922858679,NBM,216.73562621666667,0.010000000000000009,-0.009999999999999953,-0.009999999999999953,-0.010000000000000009,0.009999999999999953,0.009999999999999953
67999,KXHIGHCHI-26MAY17-B88.5,2026-05-16 17:45:27.161087+00:00,KMDW,2026-05-17,1,SKIP,0.14809367759272093,0.09499999999999999,0.05309367759272095,0.05309367759272095,1.061873551854419,NBM,216.72553548333335,-0.009999999999999981,-0.0049999999999999906,-0.0049999999999999906,-0.009999999999999981,-0.0049999999999999906,-0.0049999999999999906
67998,KXHIGHCHI-26MAY17-B86.5,2026-05-16 17:45:26.559245+00:00,KMDW,2026-05-17,1,SKIP,0.17650310175385753,0.30500000000000005,-0.12849689824614252,0.12849689824614252,2.5699379649228504,NBM,216.71550478333333,-5.551115123125783e-17,-5.551115123125783e-17,-5.551115123125783e-17,5.551115123125783e-17,5.551115123125783e-17,5.551115123125783e-17
67996,KXHIGHCHI-26MAY17-T84,2026-05-16 17:45:25.323375+00:00,KMDW,2026-05-17,1,SKIP,0.410289396525665,0.18499999999999997,0.22528939652566501,0.22528939652566501,4.5057879305133,NBM,216.69490695,0.015000000000000041,0.010000000000000037,0.020000000000000018,0.015000000000000041,0.010000000000000037,0.020000000000000018
67991,KXHIGHMIA-26MAY16-B88.5,2026-05-16 17:45:22.210597+00:00,KMIA,2026-05-16,0,OPEN,0.32913709790042933,0.020000000000000014,0.3091370979004293,0.3091370979004293,6.182741958008586,HRRR,39.0242292,-0.015000000000000013,-0.015000000000000013,-0.015000000000000013,-0.015000000000000013,-0.015000000000000013,-0.015000000000000013
67990,KXHIGHMIA-26MAY17-B85.5,2026-05-16 17:45:21.647922+00:00,KMIA,2026-05-17,1,OPEN,0.35632514282297034,0.19499999999999998,0.16132514282297036,0.16132514282297036,3.226502856459407,NBM,216.6336494,0.005000000000000032,-0.03999999999999998,-0.034999999999999976,0.005000000000000032,-0.03999999999999998,-0.034999999999999976
67989,KXHIGHMIA-26MAY17-B87.5,2026-05-16 17:45:21.056215+00:00,KMIA,2026-05-17,1,OPEN,0.2081088079258412,0.41500000000000004,-0.20689119207415885,0.20689119207415885,4.1378238414831765,NBM,216.62378761666668,-5.551115123125783e-17,0.009999999999999953,0.019999999999999962,5.551115123125783e-17,-0.009999999999999953,-0.019999999999999962
67988,KXHIGHMIA-26MAY17-T90,2026-05-16 17:45:20.430365+00:00,KMIA,2026-05-17,1,OPEN,0.12403908941319562,0.025000000000000015,0.09903908941319561,0.09903908941319561,1.9807817882639123,NBM,216.61335678333333,-0.005000000000000015,-1.3877787807814457e-17,-1.3877787807814457e-17,-0.005000000000000015,-1.3877787807814457e-17,-1.3877787807814457e-17
67986,KXHIGHMIA-26MAY17-B89.5,2026-05-16 17:45:19.182702+00:00,KMIA,2026-05-17,1,OPEN,0.12700041890093927,0.31499999999999995,-0.18799958109906068,0.18799958109906068,3.7599916219812135,NBM,216.5925624,-0.019999999999999962,-0.019999999999999962,-0.019999999999999962,0.019999999999999962,0.019999999999999962,0.019999999999999962
67985,KXHIGHNY-26MAY16-B76.5,2026-05-16 17:45:18.529931+00:00,KNYC,2026-05-16,0,SKIP,0.2741875046335762,0.045000000000000026,0.22918750463357618,0.22918750463357618,4.583750092671523,HRRR,38.96288476666667,-0.04000000000000003,-0.04000000000000003,-0.04000000000000003,-0.04000000000000003,-0.04000000000000003,-0.04000000000000003
67982,KXHIGHNY-26MAY17-T83,2026-05-16 17:45:16.695004+00:00,KNYC,2026-05-17,1,SKIP,0.14774541976198424,0.045000000000000026,0.10274541976198422,0.10274541976198422,2.0549083952396843,NBM,216.55110076666668,-0.010000000000000023,-0.010000000000000023,-0.020000000000000025,-0.010000000000000023,-0.010000000000000023,-0.020000000000000025
67981,KXHIGHNY-26MAY17-B89.5,2026-05-16 17:45:16.073544+00:00,KNYC,2026-05-17,1,SKIP,0.17022585369074714,0.205,-0.03477414630925285,0.03477414630925285,0.695482926185057,NBM,216.5407431,0.010000000000000009,0.025000000000000022,0.03,-0.010000000000000009,-0.025000000000000022,-0.03
67980,KXHIGHNY-26MAY17-T90,2026-05-16 17:45:15.472644+00:00,KNYC,2026-05-17,1,SKIP,0.1255285508313964,0.06499999999999997,0.06052855083139644,0.06052855083139644,1.2105710166279287,NBM,216.5307281,2.7755575615628914e-17,2.7755575615628914e-17,-0.004999999999999977,2.7755575615628914e-17,2.7755575615628914e-17,-0.004999999999999977
67979,KXHIGHNY-26MAY17-B87.5,2026-05-16 17:45:14.800106+00:00,KNYC,2026-05-17,1,SKIP,0.26148034837773226,0.365,-0.10351965162226773,0.10351965162226773,2.0703930324453546,NBM,216.51951913333335,0.0,-0.0050000000000000044,-0.010000000000000009,-0.0,0.0050000000000000044,0.010000000000000009
67978,KXHIGHNY-26MAY17-B85.5,2026-05-16 17:45:14.174406+00:00,KNYC,2026-05-17,1,SKIP,0.2602207786055537,0.235,0.025220778605553718,0.025220778605553718,0.5044155721110744,NBM,216.5090908,0.0,0.0,0.0,0.0,0.0,0.0
67977,KXHIGHNY-26MAY16-B80.5,2026-05-16 17:45:13.552906+00:00,KNYC,2026-05-16,0,SKIP,0.10879812006146336,0.5700000000000001,-0.4612018799385367,0.4612018799385367,9.224037598770733,HRRR,38.87993435,-0.07500000000000007,-0.16500000000000004,-0.10500000000000004,0.07500000000000007,0.16500000000000004,0.10500000000000004
67975,KXHIGHNY-26MAY16-B82.5,2026-05-16 17:45:12.297051+00:00,KNYC,2026-05-16,0,SKIP,0.05709321468990037,0.05500000000000003,0.002093214689900341,0.002093214689900341,0.041864293798006824,HRRR,38.859003433333335,-0.020000000000000025,-0.020000000000000025,-0.030000000000000027,-0.020000000000000025,-0.020000000000000025,-0.030000000000000027
67974,KXHIGHNY-26MAY17-B83.5,2026-05-16 17:45:11.689179+00:00,KNYC,2026-05-17,1,SKIP,0.18445056810131666,0.105,0.07945056810131666,0.07945056810131666,1.589011362026333,NBM,216.46767035,0.0,-0.01999999999999999,-0.015,0.0,-0.01999999999999999,-0.015
67973,KXHIGHNY-26MAY16-B78.5,2026-05-16 17:45:11.005001+00:00,KNYC,2026-05-16,0,SKIP,0.45013089720505933,0.30500000000000005,0.14513089720505928,0.14513089720505928,2.9026179441011855,HRRR,38.837469266666666,0.12999999999999995,0.2699999999999999,0.21999999999999997,0.12999999999999995,0.2699999999999999,0.21999999999999997
67972,KXHIGHMIA-26MAY17-B83.5,2026-05-16 17:40:09.609385+00:00,KMIA,2026-05-17,1,OPEN,0.22134620967358115,0.07499999999999998,0.14634620967358117,0.14634620967358117,2.9269241934716232,NBM,211.43300711666666,-0.009999999999999981,-0.004999999999999977,-0.004999999999999977,-0.009999999999999981,-0.004999999999999977,-0.004999999999999977
67971,KXHIGHNY-26MAY17-B89.5,2026-05-16 17:40:08.975604+00:00,KNYC,2026-05-17,1,SKIP,0.16607442113218818,0.21,-0.043925578867811815,0.043925578867811815,0.8785115773562363,NBM,211.4224441,0.0050000000000000044,0.0050000000000000044,0.035,-0.0050000000000000044,-0.0050000000000000044,-0.035
67970,KXHIGHCHI-26MAY16-B87.5,2026-05-16 17:40:08.363235+00:00,KMDW,2026-05-16,0,SKIP,0.11572180636755439,0.07499999999999998,0.0407218063675544,0.0407218063675544,0.8144361273510881,HRRR,33.79343983333333,1.3877787807814457e-17,-0.009999999999999981,-0.03999999999999998,1.3877787807814457e-17,-0.009999999999999981,-0.03999999999999998
67969,KXHIGHCHI-26MAY16-B85.5,2026-05-16 17:40:07.757629+00:00,KMDW,2026-05-16,0,SKIP,0.23472627317960568,0.29500000000000004,-0.06027372682039436,0.06027372682039436,1.2054745364078872,HRRR,33.7833464,0.06999999999999995,0.11499999999999994,0.37,-0.06999999999999995,-0.11499999999999994,-0.37
67968,KXHIGHCHI-26MAY16-B81.5,2026-05-16 17:40:07.146999+00:00,KMDW,2026-05-16,0,SKIP,0.17184071135011417,0.09499999999999999,0.07684071135011418,0.07684071135011418,1.5368142270022835,HRRR,33.773169233333334,0.04000000000000002,-0.014999999999999986,-0.059999999999999984,0.04000000000000002,-0.014999999999999986,-0.059999999999999984
67967,KXHIGHCHI-26MAY16-B83.5,2026-05-16 17:40:06.519952+00:00,KMDW,2026-05-16,0,SKIP,0.26835522106616694,0.495,-0.22664477893383306,0.22664477893383306,4.532895578676661,HRRR,33.76271845,-0.065,-0.02999999999999997,-0.27,0.065,0.02999999999999997,0.27
67966,KXHIGHCHI-26MAY16-T81,2026-05-16 17:40:05.913195+00:00,KMDW,2026-05-16,0,SKIP,0.10105266723095344,0.03500000000000002,0.06605266723095342,0.06605266723095342,1.3210533446190682,HRRR,33.752605833333334,-0.015000000000000017,-0.010000000000000016,-0.030000000000000016,-0.015000000000000017,-0.010000000000000016,-0.030000000000000016
67964,KXHIGHCHI-26MAY17-T84,2026-05-16 17:40:04.662246+00:00,KMDW,2026-05-17,1,SKIP,0.4165739412063204,0.18499999999999997,0.23157394120632044,0.23157394120632044,4.631478824126408,NBM,211.3505548,2.7755575615628914e-17,0.020000000000000018,0.020000000000000018,2.7755575615628914e-17,0.020000000000000018,0.020000000000000018
67963,KXHIGHCHI-26MAY17-B88.5,2026-05-16 17:40:04.087248+00:00,KMDW,2026-05-17,1,SKIP,0.14657400804729914,0.09499999999999999,0.051574008047299155,0.051574008047299155,1.031480160945983,NBM,211.3409715,-0.009999999999999981,-0.0049999999999999906,-0.0049999999999999906,-0.009999999999999981,-0.0049999999999999906,-0.0049999999999999906
67962,KXHIGHCHI-26MAY17-B86.5,2026-05-16 17:40:03.470603+00:00,KMDW,2026-05-17,1,SKIP,0.1724809010994781,0.30500000000000005,-0.13251909890052194,0.13251909890052194,2.6503819780104387,NBM,211.33069408333333,-5.551115123125783e-17,-5.551115123125783e-17,-5.551115123125783e-17,5.551115123125783e-17,5.551115123125783e-17,5.551115123125783e-17
67960,KXHIGHCHI-26MAY17-B90.5,2026-05-16 17:40:02.187693+00:00,KMDW,2026-05-17,1,SKIP,0.12461810023599516,0.03500000000000002,0.08961810023599515,0.08961810023599515,1.792362004719903,NBM,211.30931225,-1.3877787807814457e-17,-1.3877787807814457e-17,-1.3877787807814457e-17,-1.3877787807814457e-17,-1.3877787807814457e-17,-1.3877787807814457e-17
67959,KXHIGHCHI-26MAY17-B84.5,2026-05-16 17:40:01.479936+00:00,KMDW,2026-05-17,1,SKIP,0.22199156015797983,0.345,-0.12300843984202015,0.12300843984202015,2.460168796840403,NBM,211.2975163,0.0,-0.009999999999999953,-0.009999999999999953,-0.0,0.009999999999999953,0.009999999999999953
67956,KXHIGHMIA-26MAY16-B88.5,2026-05-16 17:39:59.476746+00:00,KMIA,2026-05-16,0,OPEN,0.3208641898942996,0.025000000000000015,0.2958641898942996,0.2958641898942996,5.917283797885991,HRRR,33.64533168333333,-0.010000000000000016,-0.020000000000000014,-0.020000000000000014,-0.010000000000000016,-0.020000000000000014,-0.020000000000000014
67953,KXHIGHMIA-26MAY17-B87.5,2026-05-16 17:39:57.640759+00:00,KMIA,2026-05-17,1,OPEN,0.20372095420128178,0.41500000000000004,-0.21127904579871826,0.21127904579871826,4.225580915974365,NBM,211.23353001666666,-5.551115123125783e-17,-5.551115123125783e-17,0.019999999999999962,5.551115123125783e-17,5.551115123125783e-17,-0.019999999999999962
67952,KXHIGHMIA-26MAY17-B89.5,2026-05-16 17:39:56.983633+00:00,KMIA,2026-05-17,1,OPEN,0.12680370942464703,0.255,-0.12819629057535298,0.12819629057535298,2.5639258115070596,NBM,211.22257791666667,0.03999999999999998,0.044999999999999984,0.03999999999999998,-0.03999999999999998,-0.044999999999999984,-0.03999999999999998
67951,KXHIGHMIA-26MAY17-B85.5,2026-05-16 17:39:56.352567+00:00,KMIA,2026-05-17,1,OPEN,0.35711568638298646,0.19999999999999998,0.15711568638298648,0.15711568638298648,3.1423137276597295,NBM,211.21206015,-0.004999999999999977,-0.004999999999999977,-0.03999999999999998,-0.004999999999999977,-0.004999999999999977,-0.03999999999999998
67950,KXHIGHMIA-26MAY17-T90,2026-05-16 17:39:55.764343+00:00,KMIA,2026-05-17,1,OPEN,0.1238785811252071,0.025000000000000015,0.09887858112520709,0.09887858112520709,1.9775716225041418,NBM,211.20225641666667,-0.005000000000000015,-0.005000000000000015,-1.3877787807814457e-17,-0.005000000000000015,-0.005000000000000015,-1.3877787807814457e-17
67946,KXHIGHNY-26MAY16-B80.5,2026-05-16 17:39:53.177662+00:00,KNYC,2026-05-16,0,SKIP,0.10651229782412405,0.595,-0.4884877021758759,0.4884877021758759,9.769754043517517,HRRR,33.54034695,-0.05999999999999994,-0.19499999999999995,-0.05999999999999994,0.05999999999999994,0.19499999999999995,0.05999999999999994
67945,KXHIGHNY-26MAY16-B76.5,2026-05-16 17:39:52.564791+00:00,KNYC,2026-05-16,0,SKIP,0.27520869148352767,0.05999999999999998,0.2152086914835277,0.2152086914835277,4.304173829670554,HRRR,33.530132433333335,-0.05499999999999998,-0.05499999999999998,-0.05499999999999998,-0.05499999999999998,-0.05499999999999998,-0.05499999999999998
67944,KXHIGHNY-26MAY17-B87.5,2026-05-16 17:39:51.945082+00:00,KNYC,2026-05-17,1,SKIP,0.25829521733394556,0.365,-0.10670478266605443,0.10670478266605443,2.1340956533210886,NBM,211.13860206666666,0.0,-0.0050000000000000044,-0.015000000000000013,-0.0,0.0050000000000000044,0.015000000000000013
67943,KXHIGHNY-26MAY17-B85.5,2026-05-16 17:39:51.350465+00:00,KNYC,2026-05-17,1,SKIP,0.26499878571733326,0.235,0.029998785717333276,0.029998785717333276,0.5999757143466655,NBM,211.12869178333332,0.0,0.0,0.0,0.0,0.0,0.0
67942,KXHIGHNY-26MAY17-T83,2026-05-16 17:39:50.754650+00:00,KNYC,2026-05-17,1,SKIP,0.15093084784628316,0.045000000000000026,0.10593084784628314,0.10593084784628314,2.1186169569256625,NBM,211.11876153333333,-2.7755575615628914e-17,-0.010000000000000023,-0.020000000000000025,-2.7755575615628914e-17,-0.010000000000000023,-0.020000000000000025
67941,KXHIGHMIA-26MAY16-B90.5,2026-05-16 17:39:50.161381+00:00,KMIA,2026-05-16,0,SKIP,0.32687535661921957,0.98,-0.6531246433807805,0.6531246433807805,13.062492867615608,HRRR,33.4900756,0.010000000000000009,0.010000000000000009,0.015000000000000013,-0.010000000000000009,-0.010000000000000009,-0.015000000000000013
67940,KXHIGHNY-26MAY16-B82.5,2026-05-16 17:39:49.450871+00:00,KNYC,2026-05-16,0,SKIP,0.05702142655359688,0.05999999999999998,-0.0029785734464031002,0.0029785734464031002,0.059571468928062005,HRRR,33.47823376666667,-0.034999999999999976,-0.024999999999999974,-0.034999999999999976,0.034999999999999976,0.024999999999999974,0.034999999999999976
67939,KXHIGHNY-26MAY17-B83.5,2026-05-16 17:39:48.817070+00:00,KNYC,2026-05-17,1,SKIP,0.18445056810131666,0.105,0.07945056810131666,0.07945056810131666,1.589011362026333,NBM,211.08646853333335,0.0,-0.009999999999999995,-0.009999999999999995,0.0,-0.009999999999999995,-0.009999999999999995
67938,KXHIGHNY-26MAY17-T90,2026-05-16 17:39:48.183799+00:00,KNYC,2026-05-17,1,SKIP,0.12490167923766342,0.06499999999999997,0.059901679237663444,0.059901679237663444,1.1980335847532688,NBM,211.07591401666667,2.7755575615628914e-17,2.7755575615628914e-17,-0.009999999999999974,2.7755575615628914e-17,2.7755575615628914e-17,-0.009999999999999974
67937,KXHIGHNY-26MAY16-B78.5,2026-05-16 17:39:47.531273+00:00,KNYC,2026-05-16,0,SKIP,0.45088488145398403,0.29500000000000004,0.155884881453984,0.155884881453984,3.1176976290796796,HRRR,33.446240466666666,0.13499999999999995,0.265,0.15499999999999997,0.13499999999999995,0.265,0.15499999999999997
67936,KXHIGHMIA-26MAY17-B83.5,2026-05-16 17:34:46.023157+00:00,KMIA,2026-05-17,1,OPEN,0.2221372989926465,0.07499999999999998,0.14713729899264652,0.14713729899264652,2.9427459798529303,NBM,206.03990331666665,-0.009999999999999981,1.3877787807814457e-17,-0.004999999999999977,-0.009999999999999981,1.3877787807814457e-17,-0.004999999999999977
67935,KXHIGHNY-26MAY17-B89.5,2026-05-16 17:34:45.391204+00:00,KNYC,2026-05-17,1,SKIP,0.1619109061996181,0.205,-0.043089093800381895,0.043089093800381895,0.8617818760076379,NBM,206.02937076666666,0.0,0.010000000000000009,0.04000000000000001,-0.0,-0.010000000000000009,-0.04000000000000001
67931,KXHIGHNY-26MAY16-B76.5,2026-05-16 17:34:42.939174+00:00,KNYC,2026-05-16,0,SKIP,0.276231383381373,0.045000000000000026,0.23123138338137295,0.23123138338137295,4.6246276676274585,HRRR,28.369705483333334,-0.015000000000000027,-0.04000000000000003,-0.04000000000000003,-0.015000000000000027,-0.04000000000000003,-0.04000000000000003
67930,KXHIGHCHI-26MAY16-B87.5,2026-05-16 17:34:42.324728+00:00,KMDW,2026-05-16,0,SKIP,0.11007578553656142,0.07499999999999998,0.03507578553656143,0.03507578553656143,0.7015157107312286,HRRR,28.35946471666667,1.3877787807814457e-17,-0.014999999999999986,-0.03999999999999998,1.3877787807814457e-17,-0.014999999999999986,-0.03999999999999998
67929,KXHIGHCHI-26MAY16-B85.5,2026-05-16 17:34:41.742776+00:00,KMDW,2026-05-16,0,SKIP,0.22763676668537083,0.29500000000000004,-0.0673632333146292,0.0673632333146292,1.347264666292584,HRRR,28.349765516666668,0.06999999999999995,0.08999999999999997,0.2899999999999999,-0.06999999999999995,-0.08999999999999997,-0.2899999999999999
67927,KXHIGHCHI-26MAY16-T81,2026-05-16 17:34:40.507613+00:00,KMDW,2026-05-16,0,SKIP,0.12793046080401027,0.03500000000000002,0.09293046080401025,0.09293046080401025,1.858609216080205,HRRR,28.329179466666666,-0.015000000000000017,-0.010000000000000016,-0.030000000000000016,-0.015000000000000017,-0.010000000000000016,-0.030000000000000016
67926,KXHIGHCHI-26MAY16-B81.5,2026-05-16 17:34:39.892130+00:00,KMDW,2026-05-16,0,SKIP,0.16748274356362583,0.09499999999999999,0.07248274356362584,0.07248274356362584,1.4496548712725168,HRRR,28.318921416666665,0.010000000000000009,0.020000000000000018,-0.03999999999999999,0.010000000000000009,0.020000000000000018,-0.03999999999999999
67925,KXHIGHCHI-26MAY16-B83.5,2026-05-16 17:34:39.271757+00:00,KMDW,2026-05-16,0,SKIP,0.25995138343105784,0.495,-0.23504861656894216,0.23504861656894216,4.700972331378843,HRRR,28.308581866666668,-0.03999999999999998,-0.09999999999999998,-0.2,0.03999999999999998,0.09999999999999998,0.2
67924,KXHIGHCHI-26MAY17-B86.5,2026-05-16 17:34:38.634339+00:00,KMDW,2026-05-17,1,SKIP,0.16845817526638449,0.30500000000000005,-0.13654182473361556,0.13654182473361556,2.730836494672311,NBM,205.91675635,-5.551115123125783e-17,-5.551115123125783e-17,-5.551115123125783e-17,5.551115123125783e-17,5.551115123125783e-17,5.551115123125783e-17
67923,KXHIGHCHI-26MAY17-T84,2026-05-16 17:34:37.994076+00:00,KMDW,2026-05-17,1,SKIP,0.4228593064599353,0.18499999999999997,0.23785930645993533,0.23785930645993533,4.757186129198707,NBM,205.9060853,2.7755575615628914e-17,0.020000000000000018,0.020000000000000018,2.7755575615628914e-17,0.020000000000000018,0.020000000000000018
67922,KXHIGHCHI-26MAY17-B90.5,2026-05-16 17:34:37.411752+00:00,KMDW,2026-05-17,1,SKIP,0.12435268784357954,0.03500000000000002,0.08935268784357953,0.08935268784357953,1.7870537568715905,NBM,205.8963799,-1.3877787807814457e-17,-1.3877787807814457e-17,-1.3877787807814457e-17,-1.3877787807814457e-17,-1.3877787807814457e-17,-1.3877787807814457e-17
67921,KXHIGHCHI-26MAY17-B88.5,2026-05-16 17:34:36.810315+00:00,KMDW,2026-05-17,1,SKIP,0.14504462506999172,0.09499999999999999,0.05004462506999173,0.05004462506999173,1.0008925013998344,NBM,205.88635595,-0.009999999999999981,1.3877787807814457e-17,-0.0049999999999999906,-0.009999999999999981,1.3877787807814457e-17,-0.0049999999999999906
67920,KXHIGHCHI-26MAY17-B84.5,2026-05-16 17:34:36.166381+00:00,KMDW,2026-05-17,1,SKIP,0.2217402836540052,0.32499999999999996,-0.10325971634599476,0.10325971634599476,2.065194326919895,NBM,205.87562371666667,0.020000000000000018,0.010000000000000064,0.010000000000000064,-0.020000000000000018,-0.010000000000000064,-0.010000000000000064
67917,KXHIGHMIA-26MAY16-B88.5,2026-05-16 17:34:34.150926+00:00,KMIA,2026-05-16,0,OPEN,0.31230072981109774,0.01500000000000001,0.29730072981109773,0.29730072981109773,5.946014596221954,HRRR,28.223234683333335,-1.0408340855860843e-17,-0.010000000000000009,-0.010000000000000009,-1.0408340855860843e-17,-0.010000000000000009,-0.010000000000000009
67913,KXHIGHMIA-26MAY17-T90,2026-05-16 17:34:31.690369+00:00,KMIA,2026-05-17,1,OPEN,0.12372001441903312,0.025000000000000015,0.09872001441903311,0.09872001441903311,1.9744002883806622,NBM,205.80102351666667,-0.005000000000000015,-0.005000000000000015,-1.3877787807814457e-17,-0.005000000000000015,-0.005000000000000015,-1.3877787807814457e-17
67911,KXHIGHMIA-26MAY17-B87.5,2026-05-16 17:34:30.348869+00:00,KMIA,2026-05-17,1,OPEN,0.19932815984297303,0.41500000000000004,-0.215671840157027,0.215671840157027,4.31343680314054,NBM,205.77866518333335,-5.551115123125783e-17,-5.551115123125783e-17,0.019999999999999962,5.551115123125783e-17,5.551115123125783e-17,-0.019999999999999962
67910,KXHIGHMIA-26MAY17-B89.5,2026-05-16 17:34:29.680789+00:00,KMIA,2026-05-17,1,OPEN,0.12660937943633455,0.26,-0.13339062056366546,0.13339062056366546,2.6678124112733093,NBM,205.76753051666665,0.044999999999999984,0.034999999999999976,0.034999999999999976,-0.044999999999999984,-0.034999999999999976,-0.034999999999999976
67909,KXHIGHMIA-26MAY17-B85.5,2026-05-16 17:34:29.045496+00:00,KMIA,2026-05-17,1,OPEN,0.35790633316427034,0.19499999999999998,0.16290633316427036,0.16290633316427036,3.258126663285407,NBM,205.7569423,2.7755575615628914e-17,0.010000000000000009,-0.02999999999999997,2.7755575615628914e-17,0.010000000000000009,-0.02999999999999997
67908,KXHIGHNY-26MAY16-B82.5,2026-05-16 17:34:28.398728+00:00,KNYC,2026-05-16,0,SKIP,0.05694993928388315,0.05499999999999998,0.0019499392838831717,0.0019499392838831717,0.03899878567766343,HRRR,28.127364716666666,-0.019999999999999976,-0.019999999999999976,-0.029999999999999978,-0.019999999999999976,-0.019999999999999976,-0.029999999999999978
67907,KXHIGHNY-26MAY17-B83.5,2026-05-16 17:34:27.748318+00:00,KNYC,2026-05-17,1,SKIP,0.18445056810131666,0.105,0.07945056810131666,0.07945056810131666,1.589011362026333,NBM,205.73532266666666,0.0,-0.009999999999999995,-0.009999999999999995,0.0,-0.009999999999999995,-0.009999999999999995
67906,KXHIGHNY-26MAY17-T90,2026-05-16 17:34:27.106009+00:00,KNYC,2026-05-17,1,SKIP,0.1242862661147998,0.06499999999999997,0.05928626611479983,0.05928626611479983,1.1857253222959965,NBM,205.72461751666665,2.7755575615628914e-17,2.7755575615628914e-17,-0.009999999999999974,2.7755575615628914e-17,2.7755575615628914e-17,-0.009999999999999974
67905,KXHIGHNY-26MAY17-T83,2026-05-16 17:34:26.435546+00:00,KNYC,2026-05-17,1,SKIP,0.15411669185190607,0.045000000000000026,0.10911669185190605,0.10911669185190605,2.182333837038121,NBM,205.71344313333333,-2.7755575615628914e-17,-0.010000000000000023,-0.020000000000000025,-2.7755575615628914e-17,-0.010000000000000023,-0.020000000000000025
67904,KXHIGHNY-26MAY17-B85.5,2026-05-16 17:34:25.799637+00:00,KNYC,2026-05-17,1,SKIP,0.2697774166934699,0.235,0.0347774166934699,0.0347774166934699,0.695548333869398,NBM,205.70284465,0.0,0.0,0.0,0.0,0.0,0.0
67903,KXHIGHNY-26MAY17-B87.5,2026-05-16 17:34:25.213412+00:00,KNYC,2026-05-17,1,SKIP,0.2551096704076196,0.365,-0.10989032959238038,0.10989032959238038,2.1978065918476073,NBM,205.69307423333333,0.0,0.0,-0.015000000000000013,-0.0,-0.0,0.015000000000000013
67902,KXHIGHNY-26MAY16-B78.5,2026-05-16 17:34:24.555361+00:00,KNYC,2026-05-16,0,SKIP,0.45163997694166563,0.29000000000000004,0.1616399769416656,0.1616399769416656,3.2327995388333117,HRRR,28.0633086,0.11499999999999999,0.255,0.10999999999999999,0.11499999999999999,0.255,0.10999999999999999
67901,KXHIGHNY-26MAY16-B80.5,2026-05-16 17:34:23.988810+00:00,KNYC,2026-05-16,0,SKIP,0.10422236819297667,0.59,-0.48577763180702327,0.48577763180702327,9.715552636140465,HRRR,28.053866083333332,-0.09499999999999997,-0.19999999999999996,0.0,0.09499999999999997,0.19999999999999996,-0.0
67900,KXHIGHMIA-26MAY17-B83.5,2026-05-16 17:29:22.216496+00:00,KMIA,2026-05-17,1,OPEN,0.2229290590068603,0.07499999999999998,0.14792905900686032,0.14792905900686032,2.958581180137206,NBM,200.64312563333334,-0.009999999999999981,-0.009999999999999981,-0.004999999999999977,-0.009999999999999981,-0.009999999999999981,-0.004999999999999977
67899,KXHIGHNY-26MAY17-B89.5,2026-05-16 17:29:21.605483+00:00,KNYC,2026-05-17,1,SKIP,0.15773251840291758,0.205,-0.04726748159708241,0.04726748159708241,0.9453496319416482,NBM,200.63294208333335,0.0,0.010000000000000009,0.035,-0.0,-0.010000000000000009,-0.035
67895,KXHIGHNY-26MAY16-B76.5,2026-05-16 17:29:19.133434+00:00,KNYC,2026-05-16,0,SKIP,0.2772563186458406,0.03500000000000002,0.24225631864584057,0.24225631864584057,4.845126372916811,HRRR,22.97294315,0.009999999999999981,-0.030000000000000016,-0.030000000000000016,0.009999999999999981,-0.030000000000000016,-0.030000000000000016
67894,KXHIGHMIA-26MAY17-T90,2026-05-16 17:29:18.526264+00:00,KMIA,2026-05-17,1,OPEN,0.1235632544100107,0.025000000000000015,0.09856325441001068,0.09856325441001068,1.9712650882002136,NBM,200.58162176666667,-1.3877787807814457e-17,-0.005000000000000015,-1.3877787807814457e-17,-1.3877787807814457e-17,-0.005000000000000015,-1.3877787807814457e-17
67893,KXHIGHNY-26MAY16-B82.5,2026-05-16 17:29:17.921231+00:00,KNYC,2026-05-16,0,SKIP,0.056878700697422284,0.07999999999999999,-0.023121299302577704,0.023121299302577704,0.46242598605155405,HRRR,22.952739766666667,-0.014999999999999986,-0.044999999999999984,-0.044999999999999984,0.014999999999999986,0.044999999999999984,0.044999999999999984
67892,KXHIGHNY-26MAY17-T83,2026-05-16 17:29:17.270638+00:00,KNYC,2026-05-17,1,SKIP,0.15730523685483444,0.045000000000000026,0.11230523685483441,0.11230523685483441,2.246104737096688,NBM,200.56069466666668,-2.7755575615628914e-17,-0.010000000000000023,-0.020000000000000025,-2.7755575615628914e-17,-0.010000000000000023,-0.020000000000000025
67891,KXHIGHCHI-26MAY16-B83.5,2026-05-16 17:29:16.625570+00:00,KMDW,2026-05-16,0,SKIP,0.25955858625818923,0.485,-0.22544141374181076,0.22544141374181076,4.5088282748362145,HRRR,22.931145416666666,0.010000000000000009,-0.06,-0.12,-0.010000000000000009,0.06,0.12
67890,KXHIGHCHI-26MAY16-B81.5,2026-05-16 17:29:16.024499+00:00,KMDW,2026-05-16,0,SKIP,0.168843931403297,0.105,0.06384393140329701,0.06384393140329701,1.27687862806594,HRRR,22.921127566666666,-0.009999999999999995,0.045,-0.06,-0.009999999999999995,0.045,-0.06
67889,KXHIGHCHI-26MAY16-B85.5,2026-05-16 17:29:15.410444+00:00,KMDW,2026-05-16,0,SKIP,0.22756438851367938,0.255,-0.02743561148632062,0.02743561148632062,0.5487122297264124,HRRR,22.910893316666666,0.03999999999999998,0.12,0.22999999999999998,-0.03999999999999998,-0.12,-0.22999999999999998
67888,KXHIGHCHI-26MAY16-B87.5,2026-05-16 17:29:14.811954+00:00,KMDW,2026-05-16,0,SKIP,0.10848446579313106,0.07499999999999998,0.03348446579313108,0.03348446579313108,0.6696893158626216,HRRR,22.900918483333335,1.3877787807814457e-17,1.3877787807814457e-17,-0.03999999999999998,1.3877787807814457e-17,1.3877787807814457e-17,-0.03999999999999998
67887,KXHIGHCHI-26MAY16-T81,2026-05-16 17:29:14.199211+00:00,KMDW,2026-05-16,0,SKIP,0.128867259276237,0.03500000000000002,0.09386725927623697,0.09386725927623697,1.8773451855247394,HRRR,22.8907061,-0.010000000000000016,-0.010000000000000016,-0.030000000000000016,-0.010000000000000016,-0.010000000000000016,-0.030000000000000016
67885,KXHIGHCHI-26MAY17-B90.5,2026-05-16 17:29:12.967578+00:00,KMDW,2026-05-17,1,SKIP,0.12409219547667637,0.03500000000000002,0.08909219547667635,0.08909219547667635,1.781843909533527,NBM,200.488977,-1.3877787807814457e-17,-1.3877787807814457e-17,-1.3877787807814457e-17,-1.3877787807814457e-17,-1.3877787807814457e-17,-1.3877787807814457e-17
67884,KXHIGHCHI-26MAY17-B86.5,2026-05-16 17:29:12.297278+00:00,KMDW,2026-05-17,1,SKIP,0.16443203891739175,0.30500000000000005,-0.1405679610826083,0.1405679610826083,2.811359221652166,NBM,200.47780533333332,-5.551115123125783e-17,-5.551115123125783e-17,-5.551115123125783e-17,5.551115123125783e-17,5.551115123125783e-17,5.551115123125783e-17
67883,KXHIGHCHI-26MAY17-B88.5,2026-05-16 17:29:11.679235+00:00,KMDW,2026-05-17,1,SKIP,0.14350460223459793,0.09,0.05350460223459794,0.05350460223459794,1.0700920446919586,NBM,200.46750461666667,0.0050000000000000044,-0.0049999999999999906,0.0,0.0050000000000000044,-0.0049999999999999906,0.0
67882,KXHIGHCHI-26MAY17-T84,2026-05-16 17:29:11.068820+00:00,KMDW,2026-05-17,1,SKIP,0.4291500005226758,0.18,0.24915000052267583,0.24915000052267583,4.983000010453516,NBM,200.45733103333333,0.0050000000000000044,0.020000000000000018,0.024999999999999994,0.0050000000000000044,0.020000000000000018,0.024999999999999994
67880,KXHIGHCHI-26MAY17-B84.5,2026-05-16 17:29:09.817990+00:00,KMDW,2026-05-17,1,SKIP,0.22148879411475395,0.345,-0.12351120588524603,0.12351120588524603,2.4702241177049205,NBM,200.43648386666666,-0.014999999999999958,0.010000000000000009,-0.009999999999999953,0.014999999999999958,-0.010000000000000009,0.009999999999999953
67878,KXHIGHMIA-26MAY16-B88.5,2026-05-16 17:29:08.525514+00:00,KMIA,2026-05-16,0,OPEN,0.3034251871628056,0.035000000000000024,0.26842518716280556,0.26842518716280556,5.3685037432561105,HRRR,22.796144483333332,-0.020000000000000025,-0.030000000000000023,-0.030000000000000023,-0.020000000000000025,-0.030000000000000023,-0.030000000000000023
67877,KXHIGHMIA-26MAY16-B90.5,2026-05-16 17:29:07.931081+00:00,KMIA,2026-05-16,0,SKIP,0.33647851031813253,0.965,-0.6285214896818674,0.6285214896818674,12.570429793637347,HRRR,22.786237266666667,0.025000000000000022,0.020000000000000018,0.030000000000000027,-0.025000000000000022,-0.020000000000000018,-0.030000000000000027
67873,KXHIGHMIA-26MAY17-B89.5,2026-05-16 17:29:05.290141+00:00,KMIA,2026-05-17,1,OPEN,0.1264172636293266,0.265,-0.13858273637067342,0.13858273637067342,2.7716547274134684,NBM,200.36101971666668,0.04999999999999999,0.02999999999999997,0.02999999999999997,-0.04999999999999999,-0.02999999999999997,-0.02999999999999997
67872,KXHIGHMIA-26MAY17-B85.5,2026-05-16 17:29:04.643250+00:00,KMIA,2026-05-17,1,OPEN,0.3586976502655137,0.19999999999999998,0.15869765026551372,0.15869765026551372,3.173953005310274,NBM,200.3502382,-0.004999999999999977,2.7755575615628914e-17,-0.01999999999999999,-0.004999999999999977,2.7755575615628914e-17,-0.01999999999999999
67871,KXHIGHMIA-26MAY17-B87.5,2026-05-16 17:29:04.006708+00:00,KMIA,2026-05-17,1,OPEN,0.19492732115160138,0.41500000000000004,-0.22007267884839865,0.22007267884839865,4.401453576967973,NBM,200.33962916666667,-5.551115123125783e-17,-5.551115123125783e-17,0.019999999999999962,5.551115123125783e-17,5.551115123125783e-17,-0.019999999999999962
67870,KXHIGHNY-26MAY16-B78.5,2026-05-16 17:29:03.320275+00:00,KNYC,2026-05-16,0,SKIP,0.4253973172080996,0.355,0.07039731720809961,0.07039731720809961,1.4079463441619922,HRRR,22.7093905,-0.05499999999999999,0.08000000000000002,0.07500000000000001,-0.05499999999999999,0.08000000000000002,0.07500000000000001
67869,KXHIGHNY-26MAY16-B80.5,2026-05-16 17:29:02.681012+00:00,KNYC,2026-05-16,0,SKIP,0.10192667902644334,0.5,-0.39807332097355663,0.39807332097355663,7.961466419471132,HRRR,22.698736116666666,0.07499999999999996,-0.0050000000000000044,0.050000000000000044,-0.07499999999999996,0.0050000000000000044,-0.050000000000000044
67868,KXHIGHNY-26MAY17-B87.5,2026-05-16 17:29:02.011095+00:00,KNYC,2026-05-17,1,SKIP,0.25192142273585577,0.365,-0.11307857726414422,0.11307857726414422,2.261571545282884,NBM,200.30636895,0.0,0.0,-0.010000000000000009,-0.0,-0.0,0.010000000000000009
67867,KXHIGHNY-26MAY17-B85.5,2026-05-16 17:29:01.393577+00:00,KNYC,2026-05-17,1,SKIP,0.2745600990510827,0.235,0.03956009905108271,0.03956009905108271,0.7912019810216542,NBM,200.29607698333334,0.0,0.0,0.0,0.0,0.0,0.0
67866,KXHIGHNY-26MAY17-T90,2026-05-16 17:29:00.816004+00:00,KNYC,2026-05-17,1,SKIP,0.12368167422272307,0.06499999999999997,0.05868167422272309,0.05868167422272309,1.1736334844544618,NBM,200.28645076666666,2.7755575615628914e-17,2.7755575615628914e-17,-0.009999999999999974,2.7755575615628914e-17,2.7755575615628914e-17,-0.009999999999999974
67865,KXHIGHNY-26MAY17-B83.5,2026-05-16 17:29:00.172085+00:00,KNYC,2026-05-17,1,SKIP,0.18445056810131666,0.11,0.07445056810131666,0.07445056810131666,1.489011362026333,NBM,200.27571878333333,-0.0050000000000000044,-0.0050000000000000044,-0.024999999999999994,-0.0050000000000000044,-0.0050000000000000044,-0.024999999999999994
67864,KXHIGHCHI-26MAY16-B87.5,2026-05-16 17:23:58.842116+00:00,KMDW,2026-05-16,0,SKIP,0.10689440557480612,0.07499999999999998,0.031894405574806134,0.031894405574806134,0.6378881114961227,HRRR,17.634754516666668,1.3877787807814457e-17,1.3877787807814457e-17,-0.03999999999999998,1.3877787807814457e-17,1.3877787807814457e-17,-0.03999999999999998
67863,KXHIGHCHI-26MAY16-B85.5,2026-05-16 17:23:58.225288+00:00,KMDW,2026-05-16,0,SKIP,0.2274924076662148,0.29500000000000004,-0.06750759233378523,0.06750759233378523,1.3501518466757045,HRRR,17.62447405,-5.551115123125783e-17,0.06999999999999995,0.17999999999999994,5.551115123125783e-17,-0.06999999999999995,-0.17999999999999994
67862,KXHIGHCHI-26MAY16-B81.5,2026-05-16 17:23:57.608724+00:00,KMDW,2026-05-16,0,SKIP,0.17020298401419456,0.125,0.045202984014194564,0.045202984014194564,0.9040596802838913,HRRR,17.614197983333334,-0.03,0.010000000000000009,-0.08,-0.03,0.010000000000000009,-0.08
67861,KXHIGHCHI-26MAY16-B83.5,2026-05-16 17:23:57.010357+00:00,KMDW,2026-05-16,0,SKIP,0.2591667797461056,0.48,-0.2208332202538944,0.2208332202538944,4.416664405077888,HRRR,17.6042252,0.015000000000000013,-0.04999999999999999,-0.044999999999999984,-0.015000000000000013,0.04999999999999999,0.044999999999999984
67860,KXHIGHCHI-26MAY16-T81,2026-05-16 17:23:56.398357+00:00,KMDW,2026-05-16,0,SKIP,0.12980143013434187,0.03500000000000002,0.09480143013434185,0.09480143013434185,1.896028602686837,HRRR,17.5940252,-1.3877787807814457e-17,-0.015000000000000017,-0.030000000000000016,-1.3877787807814457e-17,-0.015000000000000017,-0.030000000000000016
67858,KXHIGHCHI-26MAY17-T84,2026-05-16 17:23:55.135771+00:00,KMDW,2026-05-17,1,SKIP,0.4354275723341796,0.18499999999999997,0.25042757233417967,0.25042757233417967,5.008551446683593,NBM,195.19178021666667,2.7755575615628914e-17,2.7755575615628914e-17,0.020000000000000018,2.7755575615628914e-17,2.7755575615628914e-17,0.020000000000000018
67857,KXHIGHCHI-26MAY17-B84.5,2026-05-16 17:23:54.584079+00:00,KMDW,2026-05-17,1,SKIP,0.2212378291772213,0.33499999999999996,-0.11376217082277867,0.11376217082277867,2.2752434164555733,NBM,195.18258535,0.010000000000000009,0.010000000000000009,5.551115123125783e-17,-0.010000000000000009,-0.010000000000000009,-5.551115123125783e-17
67856,KXHIGHCHI-26MAY17-B90.5,2026-05-16 17:23:53.983712+00:00,KMDW,2026-05-17,1,SKIP,0.12383727829335288,0.03500000000000002,0.08883727829335286,0.08883727829335286,1.7767455658670572,NBM,195.17257923333332,-1.3877787807814457e-17,-1.3877787807814457e-17,-1.3877787807814457e-17,-1.3877787807814457e-17,-1.3877787807814457e-17,-1.3877787807814457e-17
67855,KXHIGHCHI-26MAY17-B88.5,2026-05-16 17:23:53.372217+00:00,KMDW,2026-05-17,1,SKIP,0.14195865427065413,0.09499999999999999,0.04695865427065414,0.04695865427065414,0.9391730854130828,NBM,195.16238765,1.3877787807814457e-17,-0.009999999999999981,-0.0049999999999999906,1.3877787807814457e-17,-0.009999999999999981,-0.0049999999999999906
67854,KXHIGHCHI-26MAY17-B86.5,2026-05-16 17:23:52.726567+00:00,KMDW,2026-05-17,1,SKIP,0.16041430100141096,0.30500000000000005,-0.14458569899858909,0.14458569899858909,2.8917139799717817,NBM,195.15162681666666,-5.551115123125783e-17,-5.551115123125783e-17,-5.551115123125783e-17,5.551115123125783e-17,5.551115123125783e-17,5.551115123125783e-17
67851,KXHIGHMIA-26MAY16-B88.5,2026-05-16 17:23:50.734311+00:00,KMIA,2026-05-16,0,OPEN,0.2942481965033855,0.03000000000000002,0.2642481965033855,0.2642481965033855,5.284963930067709,HRRR,17.499624433333334,-0.005000000000000018,-0.01500000000000002,-0.02500000000000002,-0.005000000000000018,-0.01500000000000002,-0.02500000000000002
67847,KXHIGHMIA-26MAY16-B90.5,2026-05-16 17:23:48.272130+00:00,KMIA,2026-05-16,0,SKIP,0.34153201327084304,0.975,-0.6334679867291569,0.6334679867291569,12.669359734583137,HRRR,17.458588083333332,0.0,0.015000000000000013,0.020000000000000018,-0.0,-0.015000000000000013,-0.020000000000000018
67846,KXHIGHMIA-26MAY17-B87.5,2026-05-16 17:23:47.565829+00:00,KMIA,2026-05-17,1,OPEN,0.19053140679729885,0.42500000000000004,-0.2344685932027012,0.2344685932027012,4.689371864054023,NBM,195.06561451666667,-0.010000000000000064,-0.010000000000000064,0.009999999999999953,0.010000000000000064,0.010000000000000064,-0.009999999999999953
67845,KXHIGHMIA-26MAY17-B83.5,2026-05-16 17:23:46.886177+00:00,KMIA,2026-05-17,1,OPEN,0.22371916742687442,0.07499999999999998,0.14871916742687444,0.14871916742687444,2.9743833485374886,NBM,195.05428698333333,1.3877787807814457e-17,-0.009999999999999981,-0.004999999999999977,1.3877787807814457e-17,-0.009999999999999981,-0.004999999999999977
67844,KXHIGHMIA-26MAY17-B89.5,2026-05-16 17:23:46.258139+00:00,KMIA,2026-05-17,1,OPEN,0.126227892071752,0.265,-0.138772107928248,0.138772107928248,2.7754421585649602,NBM,195.04381968333334,-0.010000000000000009,0.02999999999999997,0.02999999999999997,0.010000000000000009,-0.02999999999999997,-0.02999999999999997
67843,KXHIGHMIA-26MAY17-B85.5,2026-05-16 17:23:45.581817+00:00,KMIA,2026-05-17,1,OPEN,0.3594873166964642,0.21,0.14948731669646423,0.14948731669646423,2.9897463339292845,NBM,195.03254765,-0.009999999999999981,-0.014999999999999986,-0.035,-0.009999999999999981,-0.014999999999999986,-0.035
67842,KXHIGHNY-26MAY17-B87.5,2026-05-16 17:23:44.976376+00:00,KNYC,2026-05-17,1,SKIP,0.2487398256795147,0.36,-0.1112601743204853,0.1112601743204853,2.225203486409706,NBM,195.02245696666665,0.0050000000000000044,0.0050000000000000044,0.0050000000000000044,-0.0050000000000000044,-0.0050000000000000044,-0.0050000000000000044
67841,KXHIGHNY-26MAY17-B83.5,2026-05-16 17:23:44.372436+00:00,KNYC,2026-05-17,1,SKIP,0.1850308200662812,0.11,0.07503082006628119,0.07503082006628119,1.5006164013256236,NBM,195.0123913,-0.0050000000000000044,-0.0050000000000000044,-0.024999999999999994,-0.0050000000000000044,-0.0050000000000000044,-0.024999999999999994
67840,KXHIGHNY-26MAY17-T90,2026-05-16 17:23:43.748723+00:00,KNYC,2026-05-17,1,SKIP,0.12308944759343603,0.06499999999999997,0.05808944759343605,0.05808944759343605,1.161788951868721,NBM,195.00199608333332,2.7755575615628914e-17,2.7755575615628914e-17,-0.009999999999999974,2.7755575615628914e-17,2.7755575615628914e-17,-0.009999999999999974
67839,KXHIGHNY-26MAY17-B89.5,2026-05-16 17:23:43.103495+00:00,KNYC,2026-05-17,1,SKIP,0.15355174253521464,0.19999999999999998,-0.04644825746478534,0.04644825746478534,0.9289651492957068,NBM,194.99124228333332,0.010000000000000009,0.015000000000000013,0.04000000000000001,-0.010000000000000009,-0.015000000000000013,-0.04000000000000001
67835,KXHIGHNY-26MAY16-B76.5,2026-05-16 17:23:40.701998+00:00,KNYC,2026-05-16,0,SKIP,0.2782804912802782,0.05000000000000003,0.22828049128027816,0.22828049128027816,4.565609825605563,HRRR,17.33241921666667,0.009999999999999967,-0.04500000000000003,-0.04500000000000003,0.009999999999999967,-0.04500000000000003,-0.04500000000000003
67834,KXHIGHNY-26MAY16-B80.5,2026-05-16 17:23:40.101101+00:00,KNYC,2026-05-16,0,SKIP,0.09963196674517935,0.5750000000000001,-0.4753680332548207,0.4753680332548207,9.507360665096414,HRRR,17.322404266666666,-0.0050000000000001155,-0.040000000000000036,-0.025000000000000022,0.0050000000000001155,0.040000000000000036,0.025000000000000022
67833,KXHIGHMIA-26MAY17-T90,2026-05-16 17:23:39.519746+00:00,KMIA,2026-05-17,1,OPEN,0.12340873361582748,0.025000000000000015,0.09840873361582747,0.09840873361582747,1.9681746723165494,NBM,194.93151313333334,-1.3877787807814457e-17,-0.005000000000000015,-1.3877787807814457e-17,-1.3877787807814457e-17,-0.005000000000000015,-1.3877787807814457e-17
67832,KXHIGHNY-26MAY16-B82.5,2026-05-16 17:23:38.862921+00:00,KNYC,2026-05-16,0,SKIP,0.056807917814056925,0.06999999999999998,-0.013192082185943053,0.013192082185943053,0.26384164371886104,HRRR,17.301767933333334,-0.009999999999999981,-0.04499999999999998,-0.04499999999999998,0.009999999999999981,0.04499999999999998,0.04499999999999998
67831,KXHIGHNY-26MAY17-B85.5,2026-05-16 17:23:38.260931+00:00,KNYC,2026-05-17,1,SKIP,0.27875255287217016,0.235,0.04375255287217017,0.04375255287217017,0.8750510574434034,NBM,194.91053288333333,0.0,0.0,0.0,0.0,0.0,0.0
67830,KXHIGHNY-26MAY17-T83,2026-05-16 17:23:37.676788+00:00,KNYC,2026-05-17,1,SKIP,0.1604871306221134,0.045000000000000026,0.11548713062211337,0.11548713062211337,2.309742612442267,NBM,194.90079716666668,-2.7755575615628914e-17,-2.7755575615628914e-17,-0.010000000000000023,-2.7755575615628914e-17,-2.7755575615628914e-17,-0.010000000000000023
67829,KXHIGHNY-26MAY16-B78.5,2026-05-16 17:23:37.014961+00:00,KNYC,2026-05-16,0,SKIP,0.4261535059845044,0.33499999999999996,0.09115350598450445,0.09115350598450445,1.823070119690089,HRRR,17.2709686,-0.03999999999999998,0.09500000000000003,0.10000000000000003,-0.03999999999999998,0.09500000000000003,0.10000000000000003
67828,KXHIGHMIA-26MAY17-B83.5,2026-05-16 17:18:35.544536+00:00,KMIA,2026-05-17,1,SKIP,0.22450908918514262,0.07499999999999998,0.14950908918514264,0.14950908918514264,2.9901817837028526,NBM,189.86525963333332,1.3877787807814457e-17,-0.009999999999999981,-0.004999999999999977,1.3877787807814457e-17,-0.009999999999999981,-0.004999999999999977
67827,KXHIGHCHI-26MAY16-B81.5,2026-05-16 17:18:34.898688+00:00,KMDW,2026-05-16,0,SKIP,0.17156242546245898,0.135,0.03656242546245897,0.03656242546245897,0.7312485092491794,HRRR,12.235697383333333,-0.04000000000000001,-0.030000000000000013,-0.09000000000000001,-0.04000000000000001,-0.030000000000000013,-0.09000000000000001
67826,KXHIGHCHI-26MAY16-B83.5,2026-05-16 17:18:34.288008+00:00,KMDW,2026-05-16,0,SKIP,0.2587752376279338,0.45999999999999996,-0.20122476237206616,0.20122476237206616,4.0244952474413225,HRRR,12.225519383333333,0.03500000000000003,-0.004999999999999949,-0.024999999999999967,-0.03500000000000003,0.004999999999999949,0.024999999999999967
67825,KXHIGHCHI-26MAY16-T81,2026-05-16 17:18:33.715352+00:00,KMDW,2026-05-16,0,SKIP,0.13073470399601467,0.03500000000000002,0.09573470399601465,0.09573470399601465,1.914694079920293,HRRR,12.215975116666666,-1.3877787807814457e-17,-0.015000000000000017,-0.030000000000000016,-1.3877787807814457e-17,-0.015000000000000017,-0.030000000000000016
67824,KXHIGHCHI-26MAY16-B85.5,2026-05-16 17:18:33.098133+00:00,KMDW,2026-05-16,0,SKIP,0.2274206915237122,0.29500000000000004,-0.06757930847628785,0.06757930847628785,1.351586169525757,HRRR,12.205688133333334,-5.551115123125783e-17,0.06999999999999995,0.14999999999999997,5.551115123125783e-17,-0.06999999999999995,-0.14999999999999997
67823,KXHIGHCHI-26MAY16-B87.5,2026-05-16 17:18:32.482435+00:00,KMDW,2026-05-16,0,SKIP,0.10530266925623732,0.07499999999999998,0.03030266925623734,0.03030266925623734,0.6060533851247468,HRRR,12.1954265,1.3877787807814457e-17,1.3877787807814457e-17,-0.03999999999999998,1.3877787807814457e-17,1.3877787807814457e-17,-0.03999999999999998
67820,KXHIGHCHI-26MAY17-B84.5,2026-05-16 17:18:30.533162+00:00,KMDW,2026-05-17,1,SKIP,0.22098692352972044,0.33499999999999996,-0.11401307647027953,0.11401307647027953,2.2802615294055903,NBM,189.78173673333333,5.551115123125783e-17,0.010000000000000009,5.551115123125783e-17,-5.551115123125783e-17,-0.010000000000000009,-5.551115123125783e-17
67819,KXHIGHCHI-26MAY17-B86.5,2026-05-16 17:18:29.928148+00:00,KMDW,2026-05-17,1,SKIP,0.15639751226905516,0.30500000000000005,-0.1486024877309449,0.1486024877309449,2.9720497546188978,NBM,189.77165316666665,-5.551115123125783e-17,-5.551115123125783e-17,-5.551115123125783e-17,5.551115123125783e-17,5.551115123125783e-17,5.551115123125783e-17
67818,KXHIGHCHI-26MAY17-T84,2026-05-16 17:18:29.273429+00:00,KMDW,2026-05-17,1,SKIP,0.4417036610802143,0.17500000000000004,0.26670366108021426,0.26670366108021426,5.334073221604285,NBM,189.76074118333332,0.009999999999999953,0.009999999999999953,0.019999999999999962,0.009999999999999953,0.009999999999999953,0.019999999999999962
67817,KXHIGHCHI-26MAY17-B88.5,2026-05-16 17:18:28.708039+00:00,KMDW,2026-05-17,1,SKIP,0.1404041232795894,0.08499999999999999,0.05540412327958941,0.05540412327958941,1.108082465591788,NBM,189.75131801666666,0.010000000000000009,1.3877787807814457e-17,0.0050000000000000044,0.010000000000000009,1.3877787807814457e-17,0.0050000000000000044
67816,KXHIGHCHI-26MAY17-B90.5,2026-05-16 17:18:28.077595+00:00,KMDW,2026-05-17,1,SKIP,0.12358734887842993,0.03500000000000002,0.08858734887842991,0.08858734887842991,1.7717469775685981,NBM,189.74081061666666,-1.3877787807814457e-17,-1.3877787807814457e-17,-1.3877787807814457e-17,-1.3877787807814457e-17,-1.3877787807814457e-17,-1.3877787807814457e-17
67813,KXHIGHMIA-26MAY16-B88.5,2026-05-16 17:18:26.241567+00:00,KMIA,2026-05-16,0,SKIP,0.28473678722432993,0.03500000000000002,0.2497367872243299,0.2497367872243299,4.994735744486598,HRRR,12.091412033333333,-0.020000000000000018,-0.020000000000000018,-0.030000000000000016,-0.020000000000000018,-0.020000000000000018,-0.030000000000000016
67812,KXHIGHMIA-26MAY16-T91,2026-05-16 17:18:25.675825+00:00,KMIA,2026-05-16,0,SKIP,0.27736190467107563,0.020000000000000014,0.2573619046710756,0.2573619046710756,5.147238093421512,HRRR,12.081983,-1.3877787807814457e-17,-1.3877787807814457e-17,-0.015000000000000013,-1.3877787807814457e-17,-1.3877787807814457e-17,-0.015000000000000013
67809,KXHIGHMIA-26MAY17-B87.5,2026-05-16 17:18:23.815062+00:00,KMIA,2026-05-17,1,SKIP,0.18613233312955646,0.43499999999999994,-0.24886766687044348,0.24886766687044348,4.97735333740887,NBM,189.6697684,-0.019999999999999962,-0.019999999999999962,5.551115123125783e-17,0.019999999999999962,0.019999999999999962,-5.551115123125783e-17
67808,KXHIGHMIA-26MAY17-B89.5,2026-05-16 17:18:23.222484+00:00,KMIA,2026-05-17,1,SKIP,0.1260408768821074,0.245,-0.11895912311789258,0.11895912311789258,2.3791824623578517,NBM,189.6598921,0.015000000000000013,0.06,0.04999999999999999,-0.015000000000000013,-0.06,-0.04999999999999999
67807,KXHIGHNY-26MAY16-B76.5,2026-05-16 17:18:22.604287+00:00,KNYC,2026-05-16,0,SKIP,0.2793057981665428,0.045000000000000026,0.23430579816654273,0.23430579816654273,4.686115963330854,HRRR,12.0307907,-2.7755575615628914e-17,-0.015000000000000027,-0.04000000000000003,-2.7755575615628914e-17,-0.015000000000000027,-0.04000000000000003
67806,KXHIGHNY-26MAY17-B83.5,2026-05-16 17:18:22.020060+00:00,KNYC,2026-05-17,1,SKIP,0.18980239830885776,0.11,0.07980239830885776,0.07980239830885776,1.596047966177155,NBM,189.6398517,-0.0050000000000000044,-0.0050000000000000044,-0.024999999999999994,-0.0050000000000000044,-0.0050000000000000044,-0.024999999999999994
67805,KXHIGHNY-26MAY17-B89.5,2026-05-16 17:18:21.405416+00:00,KNYC,2026-05-17,1,SKIP,0.14936106979067673,0.19999999999999998,-0.05063893020932325,0.05063893020932325,1.012778604186465,NBM,189.62960763333334,0.0050000000000000044,0.0050000000000000044,0.030000000000000027,-0.0050000000000000044,-0.0050000000000000044,-0.030000000000000027
67804,KXHIGHNY-26MAY17-B85.5,2026-05-16 17:18:20.808910+00:00,KNYC,2026-05-17,1,SKIP,0.27875255287217027,0.235,0.04375255287217028,0.04375255287217028,0.8750510574434056,NBM,189.61966586666668,0.0,0.0,0.0,0.0,0.0,0.0
67803,KXHIGHNY-26MAY17-T90,2026-05-16 17:18:20.253060+00:00,KNYC,2026-05-17,1,SKIP,0.12250824545455666,0.06499999999999997,0.05750824545455668,0.05750824545455668,1.1501649090911337,NBM,189.6104017,2.7755575615628914e-17,2.7755575615628914e-17,-0.009999999999999974,2.7755575615628914e-17,2.7755575615628914e-17,-0.009999999999999974
67802,KXHIGHNY-26MAY17-B87.5,2026-05-16 17:18:19.658292+00:00,KNYC,2026-05-17,1,SKIP,0.2455589802699678,0.36,-0.11444101973003218,0.11444101973003218,2.2888203946006436,NBM,189.6004889,0.0050000000000000044,0.0050000000000000044,0.0,-0.0050000000000000044,-0.0050000000000000044,-0.0
67801,KXHIGHNY-26MAY17-T83,2026-05-16 17:18:19.043711+00:00,KNYC,2026-05-17,1,SKIP,0.1636682726725011,0.045000000000000026,0.11866827267250106,0.11866827267250106,2.3733654534500213,NBM,189.59024588333332,-2.7755575615628914e-17,-2.7755575615628914e-17,-0.010000000000000023,-2.7755575615628914e-17,-2.7755575615628914e-17,-0.010000000000000023
67800,KXHIGHMIA-26MAY17-B85.5,2026-05-16 17:18:18.418369+00:00,KMIA,2026-05-17,1,SKIP,0.36027679657008804,0.205,0.15527679657008805,0.15527679657008805,3.1055359314017608,NBM,189.57982351666666,-0.009999999999999981,-0.009999999999999981,-0.04999999999999999,-0.009999999999999981,-0.009999999999999981,-0.04999999999999999
67798,KXHIGHNY-26MAY16-B80.5,2026-05-16 17:18:17.229067+00:00,KNYC,2026-05-16,0,SKIP,0.0973339859287303,0.595,-0.49766601407126965,0.49766601407126965,9.953320281425393,HRRR,11.9412037,-0.0050000000000000044,-0.09999999999999998,-0.12999999999999995,0.0050000000000000044,0.09999999999999998,0.12999999999999995
67795,KXHIGHMIA-26MAY17-T90,2026-05-16 17:18:15.345803+00:00,KMIA,2026-05-17,1,SKIP,0.1232561355382793,0.025000000000000015,0.09825613553827928,0.09825613553827928,1.9651227107655855,NBM,189.52861408333334,-1.3877787807814457e-17,-0.005000000000000015,-1.3877787807814457e-17,-1.3877787807814457e-17,-0.005000000000000015,-1.3877787807814457e-17
67794,KXHIGHNY-26MAY16-B82.5,2026-05-16 17:18:14.677672+00:00,KNYC,2026-05-16,0,SKIP,0.05673745697955258,0.05500000000000003,0.0017374569795525485,0.0017374569795525485,0.03474913959105097,HRRR,11.89868045,0.00499999999999997,-0.020000000000000025,-0.020000000000000025,0.00499999999999997,-0.020000000000000025,-0.020000000000000025
67793,KXHIGHNY-26MAY16-B78.5,2026-05-16 17:18:14.033599+00:00,KNYC,2026-05-16,0,SKIP,0.42691053222568065,0.28,0.14691053222568062,0.14691053222568062,2.9382106445136125,HRRR,11.8879459,0.004999999999999949,0.125,0.22999999999999998,0.004999999999999949,0.125,0.22999999999999998
67792,KXHIGHMIA-26MAY17-B83.5,2026-05-16 17:13:12.327977+00:00,KMIA,2026-05-17,1,SKIP,0.2252998441493724,0.07499999999999998,0.15029984414937242,0.15029984414937242,3.005996882987448,NBM,184.47831698333334,1.3877787807814457e-17,-0.009999999999999981,-0.004999999999999977,1.3877787807814457e-17,-0.009999999999999981,-0.004999999999999977
67791,KXHIGHMIA-26MAY17-B89.5,2026-05-16 17:13:11.696043+00:00,KMIA,2026-05-17,1,SKIP,0.12585595116966652,0.235,-0.10914404883033346,0.10914404883033346,2.1828809766066692,NBM,184.46778475,0.030000000000000027,0.08000000000000002,0.06,-0.030000000000000027,-0.08000000000000002,-0.06
67790,KXHIGHNY-26MAY16-B76.5,2026-05-16 17:13:11.059958+00:00,KNYC,2026-05-16,0,SKIP,0.28033356754949373,0.05500000000000003,0.2253335675494937,0.2253335675494937,4.506671350989874,HRRR,6.8383852166666665,-0.020000000000000025,-0.01000000000000003,-0.05000000000000003,-0.020000000000000025,-0.01000000000000003,-0.05000000000000003
67789,KXHIGHCHI-26MAY16-B85.5,2026-05-16 17:13:10.427622+00:00,KMDW,2026-05-16,0,SKIP,0.22734914951149945,0.29500000000000004,-0.06765085048850059,0.06765085048850059,1.3530170097700116,HRRR,6.827846283333333,-0.030000000000000027,-5.551115123125783e-17,0.16999999999999998,0.030000000000000027,5.551115123125783e-17,-0.16999999999999998
67788,KXHIGHCHI-26MAY16-B83.5,2026-05-16 17:13:09.821775+00:00,KMDW,2026-05-16,0,SKIP,0.25838345537424223,0.47,-0.21161654462575774,0.21161654462575774,4.232330892515154,HRRR,6.817748833333333,0.015000000000000013,0.025000000000000022,-0.06499999999999995,-0.015000000000000013,-0.025000000000000022,0.06499999999999995
67787,KXHIGHCHI-26MAY16-B87.5,2026-05-16 17:13:09.219062+00:00,KMDW,2026-05-16,0,SKIP,0.10370720440875006,0.07499999999999998,0.028707204408750076,0.028707204408750076,0.5741440881750015,HRRR,6.807703616666667,1.3877787807814457e-17,1.3877787807814457e-17,-0.009999999999999981,1.3877787807814457e-17,1.3877787807814457e-17,-0.009999999999999981
67785,KXHIGHCHI-26MAY16-T81,2026-05-16 17:13:07.977903+00:00,KMDW,2026-05-16,0,SKIP,0.1316682811844142,0.03500000000000002,0.09666828118441419,0.09666828118441419,1.9333656236882837,HRRR,6.787017633333333,-1.3877787807814457e-17,-0.010000000000000016,-0.030000000000000016,-1.3877787807814457e-17,-0.010000000000000016,-0.030000000000000016
67784,KXHIGHCHI-26MAY17-T84,2026-05-16 17:13:07.400093+00:00,KMDW,2026-05-17,1,SKIP,0.447986369816779,0.16000000000000003,0.28798636981677894,0.28798636981677894,5.759727396335578,NBM,184.39618558333333,0.02999999999999997,0.024999999999999967,0.034999999999999976,0.02999999999999997,0.024999999999999967,0.034999999999999976
67783,KXHIGHCHI-26MAY17-B90.5,2026-05-16 17:13:06.828997+00:00,KMDW,2026-05-17,1,SKIP,0.1233419951590342,0.03500000000000002,0.08834199515903418,0.08834199515903418,1.7668399031806836,NBM,184.38666731666666,-1.3877787807814457e-17,-1.3877787807814457e-17,-1.3877787807814457e-17,-1.3877787807814457e-17,-1.3877787807814457e-17,-1.3877787807814457e-17
67782,KXHIGHCHI-26MAY17-B86.5,2026-05-16 17:13:06.156263+00:00,KMDW,2026-05-17,1,SKIP,0.15237648664578748,0.30500000000000005,-0.15262351335421256,0.15262351335421256,3.052470267084251,NBM,184.37545508333332,-5.551115123125783e-17,-5.551115123125783e-17,-5.551115123125783e-17,5.551115123125783e-17,5.551115123125783e-17,5.551115123125783e-17
67781,KXHIGHCHI-26MAY17-B84.5,2026-05-16 17:13:05.509914+00:00,KMDW,2026-05-17,1,SKIP,0.22073575322805736,0.33999999999999997,-0.11926424677194261,0.11926424677194261,2.385284935438852,NBM,184.3646826,0.0050000000000000044,-0.009999999999999953,-0.004999999999999949,-0.0050000000000000044,0.009999999999999953,0.004999999999999949
67780,KXHIGHCHI-26MAY17-B88.5,2026-05-16 17:13:04.911232+00:00,KMDW,2026-05-17,1,SKIP,0.13883916453455425,0.08499999999999999,0.05383916453455426,0.05383916453455426,1.076783290691085,NBM,184.35470456666667,0.010000000000000009,0.010000000000000009,0.0050000000000000044,0.010000000000000009,0.010000000000000009,0.0050000000000000044
67779,KXHIGHCHI-26MAY17-T91,2026-05-16 17:13:04.271317+00:00,KMDW,2026-05-17,1,SKIP,0.12105393921800377,0.03000000000000002,0.09105393921800375,0.09105393921800375,1.821078784360075,NBM,184.34403931666668,-0.02500000000000002,-0.02500000000000002,-0.02500000000000002,-0.02500000000000002,-0.02500000000000002,-0.02500000000000002
67777,KXHIGHMIA-26MAY16-T91,2026-05-16 17:13:02.992032+00:00,KMIA,2026-05-16,0,SKIP,0.2817998609288802,0.03000000000000002,0.2517998609288802,0.2517998609288802,5.035997218577603,HRRR,6.703919783333333,-0.01000000000000002,-0.01000000000000002,-0.02500000000000002,-0.01000000000000002,-0.01000000000000002,-0.02500000000000002
67775,KXHIGHMIA-26MAY16-B88.5,2026-05-16 17:13:01.850843+00:00,KMIA,2026-05-16,0,SKIP,0.27485993393372643,0.025000000000000015,0.2498599339337264,0.2498599339337264,4.997198678674528,HRRR,6.684899966666666,0.009999999999999988,-0.010000000000000016,-0.020000000000000014,0.009999999999999988,-0.010000000000000016,-0.020000000000000014
67772,KXHIGHMIA-26MAY17-B87.5,2026-05-16 17:12:59.993592+00:00,KMIA,2026-05-17,1,SKIP,0.18240489650150915,0.42499999999999993,-0.24259510349849078,0.24259510349849078,4.851902069969816,NBM,184.2727439,-0.009999999999999953,-0.009999999999999953,5.551115123125783e-17,0.009999999999999953,0.009999999999999953,-5.551115123125783e-17
67771,KXHIGHMIA-26MAY17-B85.5,2026-05-16 17:12:59.379940+00:00,KMIA,2026-05-17,1,SKIP,0.3603866793779309,0.21,0.1503866793779309,0.1503866793779309,3.0077335875586177,NBM,184.26251636666666,-0.009999999999999981,-0.014999999999999986,-0.05499999999999999,-0.009999999999999981,-0.014999999999999986,-0.05499999999999999
67769,KXHIGHNY-26MAY16-B80.5,2026-05-16 17:12:58.211011+00:00,KNYC,2026-05-16,0,SKIP,0.09502976082840761,0.53,-0.4349702391715924,0.4349702391715924,8.699404783431847,HRRR,6.6242361,-0.04500000000000004,0.04499999999999993,-0.125,0.04500000000000004,-0.04499999999999993,0.125
67766,KXHIGHNY-26MAY17-T83,2026-05-16 17:12:56.418536+00:00,KNYC,2026-05-17,1,SKIP,0.1668527701773909,0.045000000000000026,0.12185277017739087,0.12185277017739087,2.4370554035478174,NBM,184.21315963333333,-2.7755575615628914e-17,-2.7755575615628914e-17,-0.010000000000000023,-2.7755575615628914e-17,-2.7755575615628914e-17,-0.010000000000000023
67765,KXHIGHNY-26MAY17-B83.5,2026-05-16 17:12:55.814772+00:00,KNYC,2026-05-17,1,SKIP,0.19457900959096627,0.09499999999999999,0.09957900959096629,0.09957900959096629,1.9915801918193257,NBM,184.2030969,0.015000000000000013,0.010000000000000009,-0.009999999999999981,0.015000000000000013,0.010000000000000009,-0.009999999999999981
67764,KXHIGHNY-26MAY17-T90,2026-05-16 17:12:55.219907+00:00,KNYC,2026-05-17,1,SKIP,0.12193713033334833,0.06499999999999997,0.05693713033334835,0.05693713033334835,1.138742606666967,NBM,184.19318248333335,2.7755575615628914e-17,2.7755575615628914e-17,2.7755575615628914e-17,2.7755575615628914e-17,2.7755575615628914e-17,2.7755575615628914e-17
67763,KXHIGHNY-26MAY17-B89.5,2026-05-16 17:12:54.574689+00:00,KNYC,2026-05-17,1,SKIP,0.18935002160889505,0.205,-0.015649978391104935,0.015649978391104935,0.3129995678220987,NBM,184.18242885,0.0,0.0,0.025000000000000022,-0.0,-0.0,-0.025000000000000022
67762,KXHIGHNY-26MAY17-B85.5,2026-05-16 17:12:53.941312+00:00,KNYC,2026-05-17,1,SKIP,0.2787525528721704,0.245,0.03375255287217038,0.03375255287217038,0.6750510574434077,NBM,184.17187256666668,-0.010000000000000009,-0.010000000000000009,-0.010000000000000009,-0.010000000000000009,-0.010000000000000009,-0.010000000000000009
67761,KXHIGHNY-26MAY17-B87.5,2026-05-16 17:12:53.336464+00:00,KNYC,2026-05-17,1,SKIP,0.24237477971881394,0.365,-0.12262522028118605,0.12262522028118605,2.452504405623721,NBM,184.16179176666665,0.0,0.0,-0.0050000000000000044,-0.0,-0.0,0.0050000000000000044
67760,KXHIGHCHI-26MAY16-B81.5,2026-05-16 17:12:52.672143+00:00,KMDW,2026-05-16,0,SKIP,0.17292401858087808,0.135,0.03792401858087807,0.03792401858087807,0.7584803716175614,HRRR,6.531921633333333,-0.030000000000000013,-0.04000000000000001,-0.08000000000000002,-0.030000000000000013,-0.04000000000000001,-0.08000000000000002
67759,KXHIGHMIA-26MAY17-T90,2026-05-16 17:12:52.014435+00:00,KMIA,2026-05-17,1,SKIP,0.12310524240354857,0.025000000000000015,0.09810524240354856,0.09810524240354856,1.9621048480709713,NBM,184.13975795,-1.3877787807814457e-17,-1.3877787807814457e-17,-1.3877787807814457e-17,-1.3877787807814457e-17,-1.3877787807814457e-17,-1.3877787807814457e-17
67758,KXHIGHNY-26MAY16-B82.5,2026-05-16 17:12:51.350802+00:00,KNYC,2026-05-16,0,SKIP,0.05666722625642417,0.05999999999999998,-0.0033327737435758092,0.0033327737435758092,0.06665547487151618,HRRR,6.509899283333334,0.01500000000000002,0.005000000000000025,-0.024999999999999974,-0.01500000000000002,-0.005000000000000025,0.024999999999999974
67757,KXHIGHNY-26MAY16-B78.5,2026-05-16 17:12:50.703468+00:00,KNYC,2026-05-16,0,SKIP,0.42766937662943383,0.345,0.08266937662943386,0.08266937662943386,1.653387532588677,HRRR,6.499110383333333,0.015000000000000013,-0.044999999999999984,0.22999999999999998,0.015000000000000013,-0.044999999999999984,0.22999999999999998
67756,KXHIGHMIA-26MAY17-B83.5,2026-05-16 17:07:49.269324+00:00,KMIA,2026-05-17,1,SKIP,0.22608983972484337,0.1,0.12608983972484336,0.12608983972484336,2.521796794496867,NBM,179.0940061,-0.02500000000000001,-0.02500000000000001,-0.03,-0.02500000000000001,-0.02500000000000001,-0.03
67755,KXHIGHMIA-26MAY17-B89.5,2026-05-16 17:07:48.624325+00:00,KMIA,2026-05-17,1,SKIP,0.12567345979600386,0.235,-0.10932654020399613,0.10932654020399613,2.1865308040799225,NBM,179.08325611666666,0.030000000000000027,0.020000000000000018,0.065,-0.030000000000000027,-0.020000000000000018,-0.065
67754,KXHIGHNY-26MAY16-B76.5,2026-05-16 17:07:47.992018+00:00,KNYC,2026-05-16,0,SKIP,0.2813617324626013,0.05500000000000003,0.2263617324626013,0.2263617324626013,4.5272346492520255,HRRR,1.45391955,-0.005000000000000025,0.00499999999999997,-0.05000000000000003,-0.005000000000000025,0.00499999999999997,-0.05000000000000003
67753,KXHIGHCHI-26MAY16-B85.5,2026-05-16 17:07:47.397923+00:00,KMDW,2026-05-16,0,SKIP,0.22727792747666387,0.265,-0.03772207252333615,0.03772207252333615,0.754441450466723,HRRR,1.4440179666666666,0.02999999999999997,0.02999999999999997,0.14499999999999996,-0.02999999999999997,-0.02999999999999997,-0.14499999999999996
67752,KXHIGHCHI-26MAY16-B83.5,2026-05-16 17:07:46.793962+00:00,KMDW,2026-05-16,0,SKIP,0.2579922228476853,0.495,-0.2370077771523147,0.2370077771523147,4.740155543046294,HRRR,1.43395195,-0.010000000000000009,0.0,-0.02999999999999997,0.010000000000000009,-0.0,0.02999999999999997
67751,KXHIGHCHI-26MAY16-B87.5,2026-05-16 17:07:46.152066+00:00,KMDW,2026-05-16,0,SKIP,0.10211122908831188,0.08499999999999999,0.01711122908831189,0.01711122908831189,0.3422245817662378,HRRR,1.4232536833333334,-0.009999999999999995,-0.009999999999999995,-0.01999999999999999,-0.009999999999999995,-0.009999999999999995,-0.01999999999999999
67749,KXHIGHCHI-26MAY16-T81,2026-05-16 17:07:44.928854+00:00,KMDW,2026-05-16,0,SKIP,0.1326002775476165,0.045000000000000026,0.08760027754761647,0.08760027754761647,1.7520055509523293,HRRR,1.4028668166666667,-0.010000000000000023,-0.010000000000000023,-0.020000000000000025,-0.010000000000000023,-0.010000000000000023,-0.020000000000000025
67748,KXHIGHCHI-26MAY17-T84,2026-05-16 17:07:44.323424+00:00,KMDW,2026-05-17,1,SKIP,0.45426304505547643,0.15500000000000003,0.2992630450554764,0.2992630450554764,5.985260901109528,NBM,179.01157443333332,0.02999999999999997,0.02999999999999997,0.04999999999999996,0.02999999999999997,0.02999999999999997,0.04999999999999996
67747,KXHIGHCHI-26MAY17-B90.5,2026-05-16 17:07:43.721930+00:00,KMDW,2026-05-17,1,SKIP,0.12310161845447354,0.03500000000000002,0.08810161845447352,0.08810161845447352,1.7620323690894704,NBM,179.00154953333333,-1.3877787807814457e-17,-1.3877787807814457e-17,-1.3877787807814457e-17,-1.3877787807814457e-17,-1.3877787807814457e-17,-1.3877787807814457e-17
67746,KXHIGHCHI-26MAY17-B86.5,2026-05-16 17:07:43.105942+00:00,KMDW,2026-05-17,1,SKIP,0.1475824836472985,0.33999999999999997,-0.19241751635270146,0.19241751635270146,3.848350327054029,NBM,178.99128306666665,-0.034999999999999976,-0.034999999999999976,-0.034999999999999976,0.034999999999999976,0.034999999999999976,0.034999999999999976
67745,KXHIGHCHI-26MAY17-B84.5,2026-05-16 17:07:42.506955+00:00,KMDW,2026-05-17,1,SKIP,0.22048482413373685,0.33999999999999997,-0.11951517586626312,0.11951517586626312,2.390303517325262,NBM,178.98129995,-0.004999999999999949,0.0050000000000000044,-0.004999999999999949,0.004999999999999949,-0.0050000000000000044,0.004999999999999949
67744,KXHIGHCHI-26MAY17-B88.5,2026-05-16 17:07:41.839592+00:00,KMDW,2026-05-17,1,SKIP,0.13804393736444354,0.07999999999999999,0.05804393736444355,0.05804393736444355,1.1608787472888709,NBM,178.97017723333335,0.015000000000000013,0.015000000000000013,0.010000000000000009,0.015000000000000013,0.015000000000000013,0.010000000000000009
67743,KXHIGHCHI-26MAY17-T91,2026-05-16 17:07:41.202724+00:00,KMDW,2026-05-17,1,SKIP,0.1209091909617823,0.03500000000000002,0.08590919096178229,0.08590919096178229,1.7181838192356458,NBM,178.95956276666666,-0.030000000000000016,-0.030000000000000016,-0.030000000000000016,-0.030000000000000016,-0.030000000000000016,-0.030000000000000016
67741,KXHIGHMIA-26MAY16-T91,2026-05-16 17:07:39.926372+00:00,KMIA,2026-05-16,0,SKIP,0.286401944032579,0.03000000000000002,0.256401944032579,0.256401944032579,5.128038880651579,HRRR,1.3194921166666667,-0.020000000000000018,-0.01000000000000002,-0.01500000000000002,-0.020000000000000018,-0.01000000000000002,-0.01500000000000002
67740,KXHIGHMIA-26MAY16-B90.5,2026-05-16 17:07:39.367272+00:00,KMIA,2026-05-16,0,SKIP,0.35784860910395166,0.955,-0.5971513908960483,0.5971513908960483,11.943027817920965,HRRR,1.3101737833333333,0.020000000000000018,0.020000000000000018,0.03500000000000003,-0.020000000000000018,-0.020000000000000018,-0.03500000000000003
67736,KXHIGHMIA-26MAY17-B87.5,2026-05-16 17:07:36.866721+00:00,KMIA,2026-05-17,1,SKIP,0.1795763926987951,0.41500000000000004,-0.23542360730120493,0.23542360730120493,4.708472146024098,NBM,178.88729605,0.009999999999999953,-5.551115123125783e-17,-5.551115123125783e-17,-0.009999999999999953,5.551115123125783e-17,5.551115123125783e-17
67735,KXHIGHMIA-26MAY17-B85.5,2026-05-16 17:07:36.219354+00:00,KMIA,2026-05-17,1,SKIP,0.3595970052410412,0.22499999999999998,0.13459700524104123,0.13459700524104123,2.6919401048208247,NBM,178.8765066,-0.014999999999999986,-0.024999999999999967,-0.02999999999999997,-0.014999999999999986,-0.024999999999999967,-0.02999999999999997
67733,KXHIGHNY-26MAY16-B80.5,2026-05-16 17:07:35.012148+00:00,KNYC,2026-05-16,0,SKIP,0.09272392748913713,0.54,-0.4472760725108629,0.4472760725108629,8.945521450217257,HRRR,1.2375883833333332,0.03499999999999992,0.029999999999999916,-0.14,-0.03499999999999992,-0.029999999999999916,0.14
67730,KXHIGHNY-26MAY17-T83,2026-05-16 17:07:33.198751+00:00,KNYC,2026-05-17,1,SKIP,0.1700342095015336,0.05000000000000003,0.12003420950153358,0.12003420950153358,2.4006841900306717,NBM,178.82616321666666,-0.005000000000000032,-0.005000000000000032,-0.015000000000000027,-0.005000000000000032,-0.005000000000000032,-0.015000000000000027
67729,KXHIGHNY-26MAY17-B83.5,2026-05-16 17:07:32.517260+00:00,KNYC,2026-05-17,1,SKIP,0.19935103373157542,0.09499999999999999,0.10435103373157543,0.10435103373157543,2.0870206746315088,NBM,178.81480503333333,0.015000000000000013,0.010000000000000009,1.3877787807814457e-17,0.015000000000000013,0.010000000000000009,1.3877787807814457e-17
67728,KXHIGHNY-26MAY17-T90,2026-05-16 17:07:31.898705+00:00,KNYC,2026-05-17,1,SKIP,0.12137705738850216,0.06499999999999997,0.05637705738850218,0.05637705738850218,1.1275411477700437,NBM,178.80449578333332,2.7755575615628914e-17,2.7755575615628914e-17,2.7755575615628914e-17,2.7755575615628914e-17,2.7755575615628914e-17,2.7755575615628914e-17
67727,KXHIGHNY-26MAY17-B89.5,2026-05-16 17:07:31.275902+00:00,KNYC,2026-05-17,1,SKIP,0.18513777374457066,0.21,-0.02486222625542933,0.02486222625542933,0.49724452510858663,NBM,178.79411573333334,-0.009999999999999981,0.0,0.0050000000000000044,0.009999999999999981,-0.0,-0.0050000000000000044
67726,KXHIGHNY-26MAY17-B85.5,2026-05-16 17:07:30.630629+00:00,KNYC,2026-05-17,1,SKIP,0.27875255287217043,0.245,0.03375255287217044,0.03375255287217044,0.6750510574434088,NBM,178.78336118333334,-0.010000000000000009,-0.010000000000000009,-0.010000000000000009,-0.010000000000000009,-0.010000000000000009,-0.010000000000000009
67725,KXHIGHNY-26MAY17-B87.5,2026-05-16 17:07:30.035115+00:00,KNYC,2026-05-17,1,SKIP,0.23919363706323243,0.365,-0.12580636293676756,0.12580636293676756,2.516127258735351,NBM,178.77343595,-0.0050000000000000044,0.0,-0.0050000000000000044,0.0050000000000000044,-0.0,0.0050000000000000044
67724,KXHIGHCHI-26MAY16-B81.5,2026-05-16 17:07:29.408781+00:00,KMDW,2026-05-16,0,SKIP,0.1742850280408749,0.11,0.0642850280408749,0.0642850280408749,1.2857005608174978,HRRR,1.1441989333333333,0.015,-0.015,-0.03,0.015,-0.015,-0.03
67723,KXHIGHMIA-26MAY17-T90,2026-05-16 17:07:28.745324+00:00,KMIA,2026-05-17,1,SKIP,0.12295633560703133,0.025000000000000015,0.09795633560703132,0.09795633560703132,1.9591267121406264,NBM,178.75193943333332,-1.3877787807814457e-17,-1.3877787807814457e-17,-0.005000000000000015,-1.3877787807814457e-17,-1.3877787807814457e-17,-0.005000000000000015
67722,KXHIGHNY-26MAY16-B82.5,2026-05-16 17:07:28.060566+00:00,KNYC,2026-05-16,0,SKIP,0.05659736579995845,0.06499999999999997,-0.008402634200041524,0.008402634200041524,0.16805268400083048,HRRR,1.1217286833333333,0.005000000000000032,-0.004999999999999977,-0.02999999999999997,-0.005000000000000032,0.004999999999999977,0.02999999999999997
67721,KXHIGHNY-26MAY16-B78.5,2026-05-16 17:07:27.448234+00:00,KNYC,2026-05-16,0,SKIP,0.42842851306936824,0.33999999999999997,0.08842851306936828,0.08842851306936828,1.7685702613873655,HRRR,1.11152315,-0.019999999999999962,-0.044999999999999984,0.22000000000000008,-0.019999999999999962,-0.044999999999999984,0.22000000000000008
67720,KXHIGHMIA-26MAY17-B83.5,2026-05-16 17:02:25.754419+00:00,KMIA,2026-05-17,1,SKIP,0.2292934930820529,0.115,0.1142934930820529,0.1142934930820529,2.285869861641058,NBM,173.70209101666666,-0.04000000000000001,-0.04000000000000001,-0.04000000000000001,-0.04000000000000001,-0.04000000000000001,-0.04000000000000001
67719,KXHIGHMIA-26MAY17-B89.5,2026-05-16 17:02:25.140904+00:00,KMIA,2026-05-17,1,SKIP,0.12549286330162945,0.235,-0.10950713669837053,0.10950713669837053,2.1901427339674107,NBM,173.69186576666667,0.010000000000000009,0.025000000000000022,0.06,-0.010000000000000009,-0.025000000000000022,-0.06
67717,KXHIGHNY-26MAY16-B76.5,2026-05-16 17:02:23.919237+00:00,KNYC,2026-05-16,0,SKIP,0.2596799748927452,0.05999999999999998,0.19967997489274522,0.19967997489274522,3.993599497854904,HRRR,56.1607784,2.0816681711721685e-17,-0.014999999999999979,-0.05499999999999998,2.0816681711721685e-17,-0.014999999999999979,-0.05499999999999998
67714,KXHIGHCHI-26MAY16-B87.5,2026-05-16 17:02:22.082463+00:00,KMDW,2026-05-16,0,SKIP,0.10608489610572822,0.08499999999999999,0.021084896105728224,0.021084896105728224,0.42169792211456447,HRRR,56.1301655,-0.009999999999999995,-0.009999999999999995,-0.024999999999999994,-0.009999999999999995,-0.009999999999999995,-0.024999999999999994
67713,KXHIGHCHI-26MAY16-B81.5,2026-05-16 17:02:21.463969+00:00,KMDW,2026-05-16,0,SKIP,0.16686345601808078,0.14500000000000002,0.021863456018080762,0.021863456018080762,0.43726912036161525,HRRR,56.11985726666666,-0.010000000000000009,-0.05000000000000002,-0.030000000000000013,-0.010000000000000009,-0.05000000000000002,-0.030000000000000013
67712,KXHIGHCHI-26MAY16-B83.5,2026-05-16 17:02:20.861447+00:00,KMDW,2026-05-16,0,SKIP,0.25589013893463863,0.47,-0.21410986106536134,0.21410986106536134,4.282197221307227,HRRR,56.109815233333336,-0.009999999999999953,0.025000000000000022,-0.07499999999999996,0.009999999999999953,-0.025000000000000022,0.07499999999999996
67711,KXHIGHCHI-26MAY16-T81,2026-05-16 17:02:20.184652+00:00,KMDW,2026-05-16,0,SKIP,0.14061591803668413,0.045000000000000026,0.09561591803668411,0.09561591803668411,1.912318360733682,HRRR,56.09853531666667,-0.010000000000000023,-0.010000000000000023,-0.020000000000000025,-0.010000000000000023,-0.010000000000000023,-0.020000000000000025
67709,KXHIGHCHI-26MAY16-B85.5,2026-05-16 17:02:18.970603+00:00,KMDW,2026-05-16,0,SKIP,0.2244567426668655,0.24,-0.015543257333134497,0.015543257333134497,0.31086514666268994,HRRR,56.07830116666667,0.05499999999999999,0.05499999999999999,0.14500000000000002,-0.05499999999999999,-0.05499999999999999,-0.14500000000000002
67708,KXHIGHCHI-26MAY17-T91,2026-05-16 17:02:18.315042+00:00,KMDW,2026-05-17,1,SKIP,0.12090919096178229,0.03500000000000002,0.08590919096178228,0.08590919096178228,1.7181838192356453,NBM,173.5781014,-0.015000000000000017,-0.030000000000000016,-0.030000000000000016,-0.015000000000000017,-0.030000000000000016,-0.030000000000000016
67707,KXHIGHCHI-26MAY17-B90.5,2026-05-16 17:02:17.673811+00:00,KMDW,2026-05-17,1,SKIP,0.12286545502084932,0.03500000000000002,0.0878654550208493,0.0878654550208493,1.757309100416986,NBM,173.56741421666666,-1.3877787807814457e-17,-1.3877787807814457e-17,-1.3877787807814457e-17,-1.3877787807814457e-17,-1.3877787807814457e-17,-1.3877787807814457e-17
67706,KXHIGHCHI-26MAY17-T84,2026-05-16 17:02:17.029974+00:00,KMDW,2026-05-17,1,SKIP,0.4605513950903004,0.15000000000000002,0.3105513950903004,0.3105513950903004,6.211027901806007,NBM,173.5566836,0.024999999999999967,0.034999999999999976,0.054999999999999966,0.024999999999999967,0.034999999999999976,0.054999999999999966
67705,KXHIGHCHI-26MAY17-B88.5,2026-05-16 17:02:16.428940+00:00,KMDW,2026-05-17,1,SKIP,0.13751834597709922,0.07999999999999999,0.05751834597709923,0.05751834597709923,1.1503669195419846,NBM,173.54666636666667,0.005000000000000018,0.015000000000000013,0.015000000000000013,0.005000000000000018,0.015000000000000013,0.015000000000000013
67704,KXHIGHCHI-26MAY17-B84.5,2026-05-16 17:02:15.781175+00:00,KMDW,2026-05-17,1,SKIP,0.22023342830409742,0.32499999999999996,-0.10476657169590253,0.10476657169590253,2.0953314339180507,NBM,173.53587028333334,0.010000000000000064,0.010000000000000064,0.010000000000000064,-0.010000000000000064,-0.010000000000000064,-0.010000000000000064
67703,KXHIGHCHI-26MAY17-B86.5,2026-05-16 17:02:15.183039+00:00,KMDW,2026-05-17,1,SKIP,0.14249998564753552,0.33999999999999997,-0.19750001435246445,0.19750001435246445,3.950000287049289,NBM,173.52590135,-0.034999999999999976,-0.034999999999999976,-0.034999999999999976,0.034999999999999976,0.034999999999999976,0.034999999999999976
67702,KXHIGHMIA-26MAY16-B90.5,2026-05-16 17:02:14.513908+00:00,KMIA,2026-05-16,0,SKIP,0.44176981130693965,0.965,-0.5232301886930604,0.5232301886930604,10.464603773861207,HRRR,56.00402291666666,0.0,0.015000000000000013,0.025000000000000022,-0.0,-0.015000000000000013,-0.025000000000000022
67700,KXHIGHMIA-26MAY16-B88.5,2026-05-16 17:02:13.167971+00:00,KMIA,2026-05-16,0,SKIP,0.14749440395824975,0.03000000000000002,0.11749440395824973,0.11749440395824973,2.3498880791649945,HRRR,55.98159063333333,0.004999999999999984,-0.01500000000000002,-0.02500000000000002,0.004999999999999984,-0.01500000000000002,-0.02500000000000002
67699,KXHIGHMIA-26MAY16-T91,2026-05-16 17:02:12.572066+00:00,KMIA,2026-05-16,0,SKIP,0.35251567356399344,0.025000000000000015,0.3275156735639934,0.3275156735639934,6.550313471279868,HRRR,55.97165888333333,-0.005000000000000015,-0.005000000000000015,-0.010000000000000016,-0.005000000000000015,-0.005000000000000015,-0.010000000000000016
67696,KXHIGHMIA-26MAY17-B85.5,2026-05-16 17:02:10.639328+00:00,KMIA,2026-05-17,1,SKIP,0.3563936739202979,0.215,0.14139367392029792,0.14139367392029792,2.8278734784059583,NBM,173.45017283333334,-0.010000000000000009,-0.01999999999999999,-0.010000000000000009,-0.010000000000000009,-0.01999999999999999,-0.010000000000000009
67695,KXHIGHMIA-26MAY17-T90,2026-05-16 17:02:10.078237+00:00,KMIA,2026-05-17,1,SKIP,0.1228089749680059,0.025000000000000015,0.09780897496800589,0.09780897496800589,1.9561794993601178,NBM,173.44082131666667,-1.3877787807814457e-17,-1.3877787807814457e-17,-0.005000000000000015,-1.3877787807814457e-17,-1.3877787807814457e-17,-0.005000000000000015
67694,KXHIGHMIA-26MAY17-B87.5,2026-05-16 17:02:09.445691+00:00,KMIA,2026-05-17,1,SKIP,0.17673857035092133,0.4,-0.2232614296490787,0.2232614296490787,4.465228592981574,NBM,173.43027888333333,0.034999999999999976,0.014999999999999958,0.014999999999999958,-0.034999999999999976,-0.014999999999999958,-0.014999999999999958
67693,KXHIGHNY-26MAY16-B82.5,2026-05-16 17:02:08.769057+00:00,KNYC,2026-05-16,0,SKIP,0.05815859157441517,0.04000000000000002,0.01815859157441515,0.01815859157441515,0.36317183148830295,HRRR,55.9082754,0.014999999999999979,0.019999999999999976,-0.005000000000000018,0.014999999999999979,0.019999999999999976,-0.005000000000000018
67692,KXHIGHNY-26MAY16-B78.5,2026-05-16 17:02:08.175011+00:00,KNYC,2026-05-16,0,SKIP,0.43941939135682806,0.365,0.07441939135682807,0.07441939135682807,1.4883878271365614,HRRR,55.89837463333333,-0.08999999999999997,-0.08000000000000002,0.18000000000000005,-0.08999999999999997,-0.08000000000000002,0.18000000000000005
67691,KXHIGHNY-26MAY16-B80.5,2026-05-16 17:02:07.628957+00:00,KNYC,2026-05-16,0,SKIP,0.1411890849084589,0.49,-0.34881091509154105,0.34881091509154105,6.976218301830821,HRRR,55.88927373333333,0.10499999999999998,0.09999999999999998,-0.09999999999999998,-0.10499999999999998,-0.09999999999999998,0.09999999999999998
67690,KXHIGHNY-26MAY17-T83,2026-05-16 17:02:06.962695+00:00,KNYC,2026-05-17,1,SKIP,0.17322156639414654,0.05500000000000003,0.11822156639414652,0.11822156639414652,2.3644313278829303,NBM,173.38889561666667,-0.01000000000000003,-0.01000000000000003,-0.020000000000000025,-0.01000000000000003,-0.01000000000000003,-0.020000000000000025
67689,KXHIGHNY-26MAY17-B89.5,2026-05-16 17:02:06.325648+00:00,KNYC,2026-05-17,1,SKIP,0.18090736655335043,0.16000000000000003,0.020907366553350404,0.020907366553350404,0.4181473310670081,NBM,173.37827816666666,0.04499999999999996,0.04499999999999996,0.054999999999999966,0.04499999999999996,0.04499999999999996,0.054999999999999966
67688,KXHIGHNY-26MAY17-B85.5,2026-05-16 17:02:05.673597+00:00,KNYC,2026-05-17,1,SKIP,0.2787525528721705,0.25,0.02875255287217049,0.02875255287217049,0.5750510574434098,NBM,173.36741065,-0.015000000000000013,-0.015000000000000013,-0.015000000000000013,-0.015000000000000013,-0.015000000000000013,-0.015000000000000013
67687,KXHIGHNY-26MAY17-B83.5,2026-05-16 17:02:05.068536+00:00,KNYC,2026-05-17,1,SKIP,0.20413193397407328,0.09499999999999999,0.1091319339740733,0.1091319339740733,2.1826386794814656,NBM,173.3573263,0.015000000000000013,0.010000000000000009,1.3877787807814457e-17,0.015000000000000013,0.010000000000000009,1.3877787807814457e-17
67686,KXHIGHNY-26MAY17-T90,2026-05-16 17:02:04.478824+00:00,KNYC,2026-05-17,1,SKIP,0.12082626711685111,0.06499999999999997,0.05582626711685114,0.05582626711685114,1.1165253423370227,NBM,173.34749776666666,2.7755575615628914e-17,2.7755575615628914e-17,2.7755575615628914e-17,2.7755575615628914e-17,2.7755575615628914e-17,2.7755575615628914e-17
67685,KXHIGHNY-26MAY17-B87.5,2026-05-16 17:02:03.823238+00:00,KNYC,2026-05-17,1,SKIP,0.23600657739099287,0.365,-0.12899342260900712,0.12899342260900712,2.579868452180142,NBM,173.33657133333332,-0.0050000000000000044,0.0,0.0,0.0050000000000000044,-0.0,-0.0
67684,KXHIGHCHI-26MAY16-B83.5,2026-05-16 16:56:31.876773+00:00,KMDW,2026-05-16,0,SKIP,0.2486640604259072,0.44499999999999995,-0.19633593957409276,0.19633593957409276,3.926718791481855,HRRR,50.293404,0.025000000000000022,0.040000000000000036,-0.019999999999999962,-0.025000000000000022,-0.040000000000000036,0.019999999999999962
67683,KXHIGHCHI-26MAY16-B85.5,2026-05-16 16:56:31.273387+00:00,KMDW,2026-05-16,0,SKIP,0.222853989064888,0.29500000000000004,-0.07214601093511205,0.07214601093511205,1.442920218702241,HRRR,50.28334756666667,-5.551115123125783e-17,-0.030000000000000027,0.07999999999999996,5.551115123125783e-17,0.030000000000000027,-0.07999999999999996
67682,KXHIGHCHI-26MAY16-B81.5,2026-05-16 16:56:30.644439+00:00,KMDW,2026-05-16,0,SKIP,0.20919310830381455,0.11,0.09919310830381455,0.09919310830381455,1.9838621660762907,HRRR,50.2728651,0.02500000000000001,-0.0050000000000000044,0.039999999999999994,0.02500000000000001,-0.0050000000000000044,0.039999999999999994
67681,KXHIGHCHI-26MAY16-T81,2026-05-16 16:56:30.012514+00:00,KMDW,2026-05-16,0,SKIP,0.15818430031483302,0.03500000000000002,0.123184300314833,0.123184300314833,2.46368600629666,HRRR,50.262333016666666,-1.3877787807814457e-17,-1.3877787807814457e-17,-0.010000000000000016,-1.3877787807814457e-17,-1.3877787807814457e-17,-0.010000000000000016
67680,KXHIGHCHI-26MAY16-B87.5,2026-05-16 16:56:29.387803+00:00,KMDW,2026-05-16,0,SKIP,0.11320710721254856,0.13,-0.01679289278745144,0.01679289278745144,0.3358578557490288,HRRR,50.25192116666667,-0.05500000000000001,-0.05500000000000001,-0.05500000000000001,0.05500000000000001,0.05500000000000001,0.05500000000000001
67678,KXHIGHCHI-26MAY17-B86.5,2026-05-16 16:56:28.072973+00:00,KMDW,2026-05-17,1,SKIP,0.1369232037096457,0.33999999999999997,-0.20307679629035427,0.20307679629035427,4.061535925807085,NBM,167.74073358333334,-0.034999999999999976,-0.034999999999999976,-0.034999999999999976,0.034999999999999976,0.034999999999999976,0.034999999999999976
67677,KXHIGHCHI-26MAY17-T91,2026-05-16 16:56:27.484592+00:00,KMDW,2026-05-17,1,SKIP,0.12090919096178229,0.03500000000000002,0.08590919096178228,0.08590919096178228,1.7181838192356453,NBM,167.73092723333335,-1.3877787807814457e-17,-0.030000000000000016,-0.030000000000000016,-1.3877787807814457e-17,-0.030000000000000016,-0.030000000000000016
67676,KXHIGHCHI-26MAY17-B84.5,2026-05-16 16:56:26.859581+00:00,KMDW,2026-05-17,1,SKIP,0.21995862915898043,0.29500000000000004,-0.07504137084101961,0.07504137084101961,1.5008274168203921,NBM,167.72051038333333,0.044999999999999984,0.04999999999999993,0.05999999999999994,-0.044999999999999984,-0.04999999999999993,-0.05999999999999994
67675,KXHIGHCHI-26MAY17-B88.5,2026-05-16 16:56:26.248925+00:00,KMDW,2026-05-17,1,SKIP,0.13695546468599118,0.09,0.04695546468599118,0.04695546468599118,0.9391092937198237,NBM,167.71033278333334,-0.0049999999999999906,0.0050000000000000044,-0.0049999999999999906,-0.0049999999999999906,0.0050000000000000044,-0.0049999999999999906
67674,KXHIGHCHI-26MAY17-T84,2026-05-16 16:56:25.634671+00:00,KMDW,2026-05-17,1,SKIP,0.4674251495843452,0.15000000000000002,0.3174251495843452,0.3174251495843452,6.348502991686904,NBM,167.70009521666665,0.009999999999999981,0.03999999999999998,0.04999999999999999,0.009999999999999981,0.03999999999999998,0.04999999999999999
67673,KXHIGHCHI-26MAY17-B90.5,2026-05-16 16:56:25.074174+00:00,KMDW,2026-05-17,1,SKIP,0.12261253615339472,0.03500000000000002,0.0876125361533947,0.0876125361533947,1.752250723067894,NBM,167.6907536,-1.3877787807814457e-17,-1.3877787807814457e-17,-1.3877787807814457e-17,-1.3877787807814457e-17,-1.3877787807814457e-17,-1.3877787807814457e-17
67670,KXHIGHMIA-26MAY16-T91,2026-05-16 16:56:23.078659+00:00,KMIA,2026-05-16,0,SKIP,0.352515673563995,0.035000000000000024,0.31751567356399496,0.31751567356399496,6.3503134712798985,HRRR,50.14676876666667,-0.005000000000000025,-0.015000000000000024,-0.015000000000000024,-0.005000000000000025,-0.015000000000000024,-0.015000000000000024
67669,KXHIGHMIA-26MAY16-B90.5,2026-05-16 16:56:22.463954+00:00,KMIA,2026-05-16,0,SKIP,0.4417698113069384,0.965,-0.5232301886930616,0.5232301886930616,10.464603773861231,HRRR,50.13652368333333,0.015000000000000013,0.0,0.020000000000000018,-0.015000000000000013,-0.0,-0.020000000000000018
67668,KXHIGHMIA-26MAY16-B88.5,2026-05-16 16:56:21.756120+00:00,KMIA,2026-05-16,0,SKIP,0.14749440395824948,0.03000000000000002,0.11749440395824945,0.11749440395824945,2.3498880791649888,HRRR,50.12472645,-0.005000000000000018,0.004999999999999984,-0.02500000000000002,-0.005000000000000018,0.004999999999999984,-0.02500000000000002
67666,KXHIGHMIA-26MAY17-T90,2026-05-16 16:56:20.501777+00:00,KMIA,2026-05-17,1,SKIP,0.12264995725692605,0.025000000000000015,0.09764995725692605,0.09764995725692605,1.952999145138521,NBM,167.61454698333333,-1.3877787807814457e-17,-1.3877787807814457e-17,-0.005000000000000015,-1.3877787807814457e-17,-1.3877787807814457e-17,-0.005000000000000015
67665,KXHIGHMIA-26MAY17-B83.5,2026-05-16 16:56:19.882917+00:00,KMIA,2026-05-17,1,SKIP,0.2344839244700754,0.12,0.11448392447007541,0.11448392447007541,2.289678489401508,NBM,167.60423265,-0.045,-0.045,-0.05499999999999999,-0.045,-0.045,-0.05499999999999999
67664,KXHIGHMIA-26MAY17-B85.5,2026-05-16 16:56:19.273688+00:00,KMIA,2026-05-17,1,SKIP,0.31442102862869503,0.215,0.09942102862869504,0.09942102862869504,1.9884205725739006,NBM,167.59407883333333,-0.0050000000000000044,-0.014999999999999986,-0.014999999999999986,-0.0050000000000000044,-0.014999999999999986,-0.014999999999999986
67663,KXHIGHNY-26MAY16-B80.5,2026-05-16 16:56:18.696995+00:00,KNYC,2026-05-16,0,SKIP,0.11188278569377938,0.48,-0.3681172143062206,0.3681172143062206,7.3623442861244115,HRRR,50.073741033333334,0.025000000000000022,0.0050000000000000044,0.015000000000000013,-0.025000000000000022,-0.0050000000000000044,-0.015000000000000013
67662,KXHIGHNY-26MAY16-B78.5,2026-05-16 16:56:18.087496+00:00,KNYC,2026-05-16,0,SKIP,0.4287744320883479,0.33499999999999996,0.09377443208834796,0.09377443208834796,1.8754886417669592,HRRR,50.063582716666666,0.010000000000000009,0.025000000000000022,0.10000000000000003,0.010000000000000009,0.025000000000000022,0.10000000000000003
67661,KXHIGHNY-26MAY16-B82.5,2026-05-16 16:56:17.530132+00:00,KNYC,2026-05-16,0,SKIP,0.05668969178506788,0.07499999999999998,-0.018310308214932104,0.018310308214932104,0.36620616429864206,HRRR,50.054293316666666,-0.009999999999999981,1.3877787807814457e-17,-0.03999999999999998,0.009999999999999981,-1.3877787807814457e-17,0.03999999999999998
67660,KXHIGHNY-26MAY17-B85.5,2026-05-16 16:56:16.883326+00:00,KNYC,2026-05-17,1,SKIP,0.27875255287217054,0.265,0.013752552872170531,0.013752552872170531,0.27505105744341063,NBM,167.55423946666667,-0.020000000000000018,-0.030000000000000027,-0.030000000000000027,-0.020000000000000018,-0.030000000000000027,-0.030000000000000027
67659,KXHIGHNY-26MAY17-B83.5,2026-05-16 16:56:16.303464+00:00,KNYC,2026-05-17,1,SKIP,0.20935790491167636,0.11499999999999999,0.09435790491167637,0.09435790491167637,1.8871580982335272,NBM,167.5445751,-0.01999999999999999,-0.0049999999999999906,-0.009999999999999995,-0.01999999999999999,-0.0049999999999999906,-0.009999999999999995
67658,KXHIGHNY-26MAY17-B89.5,2026-05-16 16:56:15.687790+00:00,KNYC,2026-05-17,1,SKIP,0.1762715383916546,0.16000000000000003,0.016271538391654572,0.016271538391654572,0.32543076783309144,NBM,167.53431386666668,0.04499999999999996,0.04499999999999996,0.054999999999999966,0.04499999999999996,0.04499999999999996,0.054999999999999966
67657,KXHIGHNY-26MAY17-B87.5,2026-05-16 16:56:15.038478+00:00,KNYC,2026-05-17,1,SKIP,0.23252282320690038,0.345,-0.1124771767930996,0.1124771767930996,2.2495435358619917,NBM,167.523492,0.020000000000000018,0.020000000000000018,0.020000000000000018,-0.020000000000000018,-0.020000000000000018,-0.020000000000000018
67656,KXHIGHNY-26MAY17-T83,2026-05-16 16:56:14.433248+00:00,KNYC,2026-05-17,1,SKIP,0.17670564546789472,0.05000000000000003,0.1267056454678947,0.1267056454678947,2.534112909357894,NBM,167.51340483333334,-0.005000000000000032,-0.005000000000000032,-0.015000000000000027,-0.005000000000000032,-0.005000000000000032,-0.015000000000000027
67655,KXHIGHNY-26MAY17-T90,2026-05-16 16:56:13.836619+00:00,KNYC,2026-05-17,1,SKIP,0.12023579945128819,0.06499999999999997,0.05523579945128822,0.05523579945128822,1.1047159890257643,NBM,167.50346101666668,2.7755575615628914e-17,2.7755575615628914e-17,2.7755575615628914e-17,2.7755575615628914e-17,2.7755575615628914e-17,2.7755575615628914e-17
67654,KXHIGHMIA-26MAY17-B89.5,2026-05-16 16:56:13.171772+00:00,KMIA,2026-05-17,1,SKIP,0.12529798058834582,0.235,-0.10970201941165417,0.10970201941165417,2.1940403882330832,NBM,167.49238023333334,0.0,0.030000000000000027,0.06,-0.0,-0.030000000000000027,-0.06
67652,KXHIGHNY-26MAY16-B76.5,2026-05-16 16:56:11.921394+00:00,KNYC,2026-05-16,0,SKIP,0.2605180239618017,0.05500000000000003,0.20551802396180166,0.20551802396180166,4.110360479236033,HRRR,49.96081435,-2.7755575615628914e-17,-0.020000000000000025,-0.05000000000000003,-2.7755575615628914e-17,-0.020000000000000025,-0.05000000000000003
67649,KXHIGHMIA-26MAY17-B87.5,2026-05-16 16:56:10.058630+00:00,KMIA,2026-05-17,1,SKIP,0.17363197782943274,0.405,-0.2313680221705673,0.2313680221705673,4.627360443411345,NBM,167.44049453333332,0.019999999999999962,0.009999999999999953,0.009999999999999953,-0.019999999999999962,-0.009999999999999953,-0.009999999999999953
67648,KXHIGHCHI-26MAY16-T81,2026-05-16 16:51:07.509491+00:00,KMDW,2026-05-16,0,SKIP,0.15939527103969198,0.03500000000000002,0.12439527103969196,0.12439527103969196,2.487905420793839,HRRR,44.887282633333335,0.009999999999999981,-1.3877787807814457e-17,-0.015000000000000017,0.009999999999999981,-1.3877787807814457e-17,-0.015000000000000017
67647,KXHIGHCHI-26MAY16-B87.5,2026-05-16 16:51:06.909995+00:00,KMDW,2026-05-16,0,SKIP,0.11124055255521903,0.125,-0.01375944744478097,0.01375944744478097,0.2751889488956194,HRRR,44.877291033333336,-0.035,-0.05,-0.05,0.035,0.05,0.05
67646,KXHIGHCHI-26MAY16-B83.5,2026-05-16 16:51:06.310317+00:00,KMDW,2026-05-16,0,SKIP,0.24816536241353107,0.44499999999999995,-0.19683463758646888,0.19683463758646888,3.9366927517293773,HRRR,44.8672964,0.03500000000000003,0.040000000000000036,-0.014999999999999958,-0.03500000000000003,-0.040000000000000036,0.014999999999999958
67645,KXHIGHCHI-26MAY16-B85.5,2026-05-16 16:51:05.702629+00:00,KMDW,2026-05-16,0,SKIP,0.22274458294709715,0.29500000000000004,-0.07225541705290289,0.07225541705290289,1.4451083410580579,HRRR,44.85716826666667,-0.050000000000000044,-5.551115123125783e-17,0.06999999999999995,0.050000000000000044,5.551115123125783e-17,-0.06999999999999995
67643,KXHIGHCHI-26MAY17-T84,2026-05-16 16:51:04.473386+00:00,KMDW,2026-05-17,1,SKIP,0.47373075385682695,0.15000000000000002,0.3237307538568269,0.3237307538568269,6.474615077136538,NBM,162.34740713333332,-2.7755575615628914e-17,0.034999999999999976,0.034999999999999976,-2.7755575615628914e-17,0.034999999999999976,0.034999999999999976
67642,KXHIGHCHI-26MAY17-B84.5,2026-05-16 16:51:03.922737+00:00,KMDW,2026-05-17,1,SKIP,0.2197065435389562,0.29500000000000004,-0.07529345646104385,0.07529345646104385,1.505869129220877,NBM,162.33822965,0.044999999999999984,0.03999999999999998,0.04999999999999993,-0.044999999999999984,-0.03999999999999998,-0.04999999999999993
67641,KXHIGHCHI-26MAY17-T91,2026-05-16 16:51:03.308615+00:00,KMDW,2026-05-17,1,SKIP,0.12090919096178229,0.03500000000000002,0.08590919096178228,0.08590919096178228,1.7181838192356453,NBM,162.32799428333334,-1.3877787807814457e-17,-0.030000000000000016,-0.030000000000000016,-1.3877787807814457e-17,-0.030000000000000016,-0.030000000000000016
67640,KXHIGHCHI-26MAY17-B90.5,2026-05-16 16:51:02.694833+00:00,KMDW,2026-05-17,1,SKIP,0.12238523016613854,0.03500000000000002,0.08738523016613853,0.08738523016613853,1.7477046033227706,NBM,162.31776458333334,-1.3877787807814457e-17,-1.3877787807814457e-17,-1.3877787807814457e-17,-1.3877787807814457e-17,-1.3877787807814457e-17,-1.3877787807814457e-17
67639,KXHIGHCHI-26MAY17-B86.5,2026-05-16 16:51:02.068233+00:00,KMDW,2026-05-17,1,SKIP,0.13178834382978732,0.35,-0.21821165617021265,0.21821165617021265,4.364233123404253,NBM,162.30732125,-0.009999999999999953,-0.044999999999999984,-0.044999999999999984,0.009999999999999953,0.044999999999999984,0.044999999999999984
67638,KXHIGHCHI-26MAY17-B88.5,2026-05-16 16:51:01.439414+00:00,KMDW,2026-05-17,1,SKIP,0.13644958590806122,0.07999999999999999,0.056449585908061234,0.056449585908061234,1.1289917181612246,NBM,162.29684093333333,1.3877787807814457e-17,0.015000000000000013,0.005000000000000018,1.3877787807814457e-17,0.015000000000000013,0.005000000000000018
67633,KXHIGHMIA-26MAY16-T91,2026-05-16 16:50:58.127144+00:00,KMIA,2026-05-16,0,OPEN,0.3525156735639953,0.05999999999999998,0.2925156735639953,0.2925156735639953,5.8503134712799065,HRRR,44.730910183333336,-0.029999999999999978,-0.049999999999999975,-0.03999999999999998,-0.029999999999999978,-0.049999999999999975,-0.03999999999999998
67632,KXHIGHMIA-26MAY16-B90.5,2026-05-16 16:50:57.521461+00:00,KMIA,2026-05-16,0,OPEN,0.4417698113069385,0.935,-0.49323018869306157,0.49323018869306157,9.86460377386123,HRRR,44.720815466666664,0.019999999999999907,0.039999999999999925,0.05499999999999994,-0.019999999999999907,-0.039999999999999925,-0.05499999999999994
67631,KXHIGHMIA-26MAY17-B89.5,2026-05-16 16:50:56.880338+00:00,KMIA,2026-05-17,1,OPEN,0.12512149700224084,0.235,-0.10987850299775914,0.10987850299775914,2.197570059955183,NBM,162.22085633333333,0.0,0.030000000000000027,0.06,-0.0,-0.030000000000000027,-0.06
67630,KXHIGHMIA-26MAY17-T90,2026-05-16 16:50:56.238141+00:00,KMIA,2026-05-17,1,OPEN,0.12250595261211815,0.025000000000000015,0.09750595261211814,0.09750595261211814,1.9501190522423628,NBM,162.21015305,-1.3877787807814457e-17,-1.3877787807814457e-17,-0.005000000000000015,-1.3877787807814457e-17,-1.3877787807814457e-17,-0.005000000000000015
67629,KXHIGHMIA-26MAY17-B83.5,2026-05-16 16:50:55.597835+00:00,KMIA,2026-05-17,1,OPEN,0.23854533283927923,0.12,0.11854533283927923,0.11854533283927923,2.3709066567855843,NBM,162.19948128333334,-0.01999999999999999,-0.045,-0.05499999999999999,-0.01999999999999999,-0.045,-0.05499999999999999
67627,KXHIGHNY-26MAY16-B76.5,2026-05-16 16:50:54.391350+00:00,KNYC,2026-05-16,0,SKIP,0.26161319687201795,0.05500000000000003,0.20661319687201793,0.20661319687201793,4.132263937440358,HRRR,44.66864695,-2.7755575615628914e-17,-0.005000000000000025,-0.05000000000000003,-2.7755575615628914e-17,-0.005000000000000025,-0.05000000000000003
67626,KXHIGHNY-26MAY16-B78.5,2026-05-16 16:50:53.793579+00:00,KNYC,2026-05-16,0,SKIP,0.42941304826508697,0.30500000000000005,0.12441304826508692,0.12441304826508692,2.4882609653017385,HRRR,44.6586841,0.034999999999999976,0.014999999999999958,0.12499999999999994,0.034999999999999976,0.014999999999999958,0.12499999999999994
67625,KXHIGHNY-26MAY16-B82.5,2026-05-16 16:50:53.244817+00:00,KNYC,2026-05-16,0,SKIP,0.05659039665284272,0.05500000000000003,0.0015903966528426905,0.0015903966528426905,0.03180793305685381,HRRR,44.649538066666665,0.009999999999999974,0.014999999999999979,-0.030000000000000027,0.009999999999999974,0.014999999999999979,-0.030000000000000027
67624,KXHIGHNY-26MAY17-B89.5,2026-05-16 16:50:52.622384+00:00,KNYC,2026-05-17,1,SKIP,0.17200843409366878,0.16500000000000004,0.007008434093668747,0.007008434093668747,0.14016868187337495,NBM,162.14989043333333,0.04499999999999996,0.034999999999999976,0.04999999999999996,0.04499999999999996,0.034999999999999976,0.04999999999999996
67623,KXHIGHNY-26MAY17-B85.5,2026-05-16 16:50:51.985310+00:00,KNYC,2026-05-17,1,SKIP,0.2787525528721706,0.255,0.023752552872170596,0.023752552872170596,0.4750510574434119,NBM,162.13927253333333,-0.010000000000000009,-0.020000000000000018,-0.020000000000000018,-0.010000000000000009,-0.020000000000000018,-0.020000000000000018
67622,KXHIGHNY-26MAY17-T90,2026-05-16 16:50:51.367982+00:00,KNYC,2026-05-17,1,SKIP,0.11970458743696548,0.06499999999999997,0.054704587436965504,0.054704587436965504,1.09409174873931,NBM,162.12898373333334,2.7755575615628914e-17,2.7755575615628914e-17,2.7755575615628914e-17,2.7755575615628914e-17,2.7755575615628914e-17,2.7755575615628914e-17
67621,KXHIGHNY-26MAY17-B83.5,2026-05-16 16:50:50.712838+00:00,KNYC,2026-05-17,1,SKIP,0.21415192318808574,0.11499999999999999,0.09915192318808574,0.09915192318808574,1.9830384637617149,NBM,162.11806466666667,-0.01999999999999999,-0.0049999999999999906,-0.009999999999999995,-0.01999999999999999,-0.0049999999999999906,-0.009999999999999995
67620,KXHIGHNY-26MAY17-T83,2026-05-16 16:50:50.062687+00:00,KNYC,2026-05-17,1,SKIP,0.1799017479635709,0.05500000000000003,0.12490174796357087,0.12490174796357087,2.498034959271417,NBM,162.10722881666666,-0.005000000000000025,-0.01000000000000003,-0.01000000000000003,-0.005000000000000025,-0.01000000000000003,-0.01000000000000003
67619,KXHIGHNY-26MAY17-B87.5,2026-05-16 16:50:49.460556+00:00,KNYC,2026-05-17,1,SKIP,0.22932701874712336,0.33499999999999996,-0.10567298125287661,0.10567298125287661,2.113459625057532,NBM,162.0971933,0.030000000000000027,0.025000000000000022,0.030000000000000027,-0.030000000000000027,-0.025000000000000022,-0.030000000000000027
67618,KXHIGHCHI-26MAY16-B81.5,2026-05-16 16:50:48.796371+00:00,KMDW,2026-05-16,0,SKIP,0.2108154549715745,0.11499999999999999,0.09581545497157451,0.09581545497157451,1.9163090994314902,HRRR,44.5753973,-0.0049999999999999906,0.010000000000000009,0.020000000000000018,-0.0049999999999999906,0.010000000000000009,0.020000000000000018
67616,KXHIGHMIA-26MAY17-B85.5,2026-05-16 16:50:47.517657+00:00,KMIA,2026-05-17,1,OPEN,0.30965993530024727,0.215,0.09465993530024727,0.09465993530024727,1.8931987060049453,NBM,162.06481165,0.010000000000000009,-0.0050000000000000044,-0.01999999999999999,0.010000000000000009,-0.0050000000000000044,-0.01999999999999999
67614,KXHIGHMIA-26MAY17-B87.5,2026-05-16 16:50:46.308533+00:00,KMIA,2026-05-17,1,OPEN,0.17077800018101064,0.395,-0.22422199981898938,0.22422199981898938,4.484439996379788,NBM,162.04465958333333,0.019999999999999962,0.02999999999999997,0.019999999999999962,-0.019999999999999962,-0.02999999999999997,-0.019999999999999962
67613,KXHIGHNY-26MAY16-B80.5,2026-05-16 16:50:45.611489+00:00,KNYC,2026-05-16,0,SKIP,0.1090192296220934,0.535,-0.4259807703779066,0.4259807703779066,8.519615407558131,HRRR,44.52231593333333,-0.025000000000000022,0.039999999999999925,0.0,0.025000000000000022,-0.039999999999999925,-0.0
67612,KXHIGHMIA-26MAY17-T90,2026-05-16 16:45:39.823541+00:00,KMIA,2026-05-17,1,OPEN,0.12236229646005146,0.025000000000000015,0.09736229646005146,0.09736229646005146,1.9472459292010291,NBM,156.93657638333335,-1.3877787807814457e-17,-1.3877787807814457e-17,-0.005000000000000015,-1.3877787807814457e-17,-1.3877787807814457e-17,-0.005000000000000015
67610,KXHIGHMIA-26MAY17-B89.5,2026-05-16 16:45:38.581554+00:00,KMIA,2026-05-17,1,OPEN,0.12494544050825339,0.205,-0.0800545594917466,0.0800545594917466,1.6010911898349318,NBM,156.9158766,0.03,0.04000000000000001,0.1,-0.03,-0.04000000000000001,-0.1
67609,KXHIGHNY-26MAY16-B82.5,2026-05-16 16:45:37.948619+00:00,KNYC,2026-05-16,0,SKIP,0.05649073590325781,0.045000000000000026,0.011490735903257783,0.011490735903257783,0.22981471806515566,HRRR,39.394601433333335,-0.005000000000000025,0.009999999999999974,-0.010000000000000023,-0.005000000000000025,0.009999999999999974,-0.010000000000000023
67608,KXHIGHCHI-26MAY16-B81.5,2026-05-16 16:45:37.290886+00:00,KMDW,2026-05-16,0,SKIP,0.21245466945878158,0.11499999999999999,0.09745466945878159,0.09745466945878159,1.9490933891756317,HRRR,39.383639216666666,0.03,0.020000000000000018,-0.009999999999999995,0.03,0.020000000000000018,-0.009999999999999995
67606,KXHIGHCHI-26MAY16-T81,2026-05-16 16:45:36.056100+00:00,KMDW,2026-05-16,0,SKIP,0.16061787834050803,0.03500000000000002,0.12561787834050803,0.12561787834050803,2.5123575668101603,HRRR,39.36305945,0.009999999999999981,-1.3877787807814457e-17,-0.015000000000000017,0.009999999999999981,-1.3877787807814457e-17,-0.015000000000000017
67605,KXHIGHCHI-26MAY16-B83.5,2026-05-16 16:45:35.432320+00:00,KMDW,2026-05-16,0,SKIP,0.24766178788010138,0.485,-0.2373382121198986,0.2373382121198986,4.746764242397972,HRRR,39.35266311666667,-0.015000000000000013,-0.024999999999999967,-0.02999999999999997,0.015000000000000013,0.024999999999999967,0.02999999999999997
67604,KXHIGHCHI-26MAY16-B85.5,2026-05-16 16:45:34.775028+00:00,KMDW,2026-05-16,0,SKIP,0.22263427311192588,0.29500000000000004,-0.07236572688807416,0.07236572688807416,1.447314537761483,HRRR,39.34170825,-0.07000000000000003,-5.551115123125783e-17,0.06999999999999995,0.07000000000000003,5.551115123125783e-17,-0.06999999999999995
67603,KXHIGHCHI-26MAY16-B87.5,2026-05-16 16:45:34.142294+00:00,KMDW,2026-05-16,0,SKIP,0.10925173242213579,0.135,-0.02574826757786422,0.02574826757786422,0.5149653515572844,HRRR,39.33116268333333,-0.05,-0.06000000000000001,-0.06000000000000001,0.05,0.06000000000000001,0.06000000000000001
67602,KXHIGHCHI-26MAY17-B84.5,2026-05-16 16:45:33.427292+00:00,KMDW,2026-05-17,1,SKIP,0.21945192950535186,0.29500000000000004,-0.07554807049464818,0.07554807049464818,1.5109614098929636,NBM,156.82997223333334,0.02999999999999997,0.03999999999999998,0.04999999999999993,-0.02999999999999997,-0.03999999999999998,-0.04999999999999993
67601,KXHIGHCHI-26MAY17-T84,2026-05-16 16:45:32.795047+00:00,KMDW,2026-05-17,1,SKIP,0.4800996032103779,0.14,0.3400996032103779,0.3400996032103779,6.801992064207558,NBM,156.81943481666667,0.009999999999999981,0.034999999999999976,0.044999999999999984,0.009999999999999981,0.034999999999999976,0.044999999999999984
67600,KXHIGHCHI-26MAY17-T91,2026-05-16 16:45:32.226981+00:00,KMDW,2026-05-17,1,SKIP,0.1209091909617823,0.12000000000000001,0.0009091909617822969,0.0009091909617822969,0.018183819235645937,NBM,156.80996705,-0.085,-0.1,-0.115,-0.085,-0.1,-0.115
67599,KXHIGHCHI-26MAY17-B88.5,2026-05-16 16:45:31.592919+00:00,KMDW,2026-05-17,1,SKIP,0.13594860617565396,0.07999999999999999,0.055948606175653975,0.055948606175653975,1.1189721235130794,NBM,156.79939935,1.3877787807814457e-17,0.005000000000000018,0.005000000000000018,1.3877787807814457e-17,0.005000000000000018,0.005000000000000018
67598,KXHIGHCHI-26MAY17-B90.5,2026-05-16 16:45:30.950001+00:00,KMDW,2026-05-17,1,SKIP,0.12216012546193233,0.03500000000000002,0.08716012546193232,0.08716012546193232,1.7432025092386463,NBM,156.78868405,-1.3877787807814457e-17,-1.3877787807814457e-17,-1.3877787807814457e-17,-1.3877787807814457e-17,-1.3877787807814457e-17,-1.3877787807814457e-17
67597,KXHIGHMIA-26MAY17-B83.5,2026-05-16 16:45:30.258433+00:00,KMIA,2026-05-17,1,OPEN,0.242552909190929,0.14,0.10255290919092899,0.10255290919092899,2.0510581838185797,NBM,156.77715791666665,-0.02500000000000001,-0.06500000000000002,-0.07500000000000001,-0.02500000000000001,-0.06500000000000002,-0.07500000000000001
67596,KXHIGHCHI-26MAY17-B86.5,2026-05-16 16:45:29.633454+00:00,KMDW,2026-05-17,1,SKIP,0.12658387078125585,0.345,-0.21841612921874412,0.21841612921874412,4.368322584374882,NBM,156.7667416,-0.004999999999999949,-0.03999999999999998,-0.03999999999999998,0.004999999999999949,0.03999999999999998,0.03999999999999998
67591,KXHIGHMIA-26MAY16-B90.5,2026-05-16 16:45:26.403805+00:00,KMIA,2026-05-16,0,OPEN,0.44176981130694126,0.935,-0.4932301886930588,0.4932301886930588,9.864603773861175,HRRR,39.20218786666667,0.029999999999999916,0.029999999999999916,0.04999999999999993,-0.029999999999999916,-0.029999999999999916,-0.04999999999999993
67590,KXHIGHMIA-26MAY16-T91,2026-05-16 16:45:25.811208+00:00,KMIA,2026-05-16,0,OPEN,0.35251567356399366,0.06999999999999998,0.28251567356399365,0.28251567356399365,5.650313471279873,HRRR,39.19231125,-0.04499999999999998,-0.049999999999999975,-0.049999999999999975,-0.04499999999999998,-0.049999999999999975,-0.049999999999999975
67588,KXHIGHMIA-26MAY17-B85.5,2026-05-16 16:45:24.567599+00:00,KMIA,2026-05-17,1,OPEN,0.30485108830371255,0.215,0.08985108830371255,0.08985108830371255,1.797021766074251,NBM,156.68231068333333,0.0,-0.010000000000000009,-0.01999999999999999,0.0,-0.010000000000000009,-0.01999999999999999
67586,KXHIGHNY-26MAY16-B78.5,2026-05-16 16:45:23.328310+00:00,KNYC,2026-05-16,0,SKIP,0.43005920380949375,0.30999999999999994,0.12005920380949381,0.12005920380949381,2.401184076189876,HRRR,39.150929616666666,0.05500000000000005,-0.03499999999999992,0.09500000000000008,0.05500000000000005,-0.03499999999999992,0.09500000000000008
67585,KXHIGHNY-26MAY16-B76.5,2026-05-16 16:45:22.719066+00:00,KNYC,2026-05-16,0,SKIP,0.2627203681241244,0.05500000000000003,0.2077203681241244,0.2077203681241244,4.1544073624824875,HRRR,39.14077555,0.00499999999999997,0.00499999999999997,-0.02500000000000003,0.00499999999999997,0.00499999999999997,-0.02500000000000003
67584,KXHIGHNY-26MAY17-B83.5,2026-05-16 16:45:22.120274+00:00,KNYC,2026-05-17,1,SKIP,0.21899402536913828,0.11499999999999999,0.1039940253691383,0.1039940253691383,2.0798805073827658,NBM,156.64152193333334,-0.01999999999999999,-0.0049999999999999906,-0.009999999999999995,-0.01999999999999999,-0.0049999999999999906,-0.009999999999999995
67583,KXHIGHNY-26MAY17-B89.5,2026-05-16 16:45:21.433189+00:00,KNYC,2026-05-17,1,SKIP,0.16769261364290305,0.17000000000000004,-0.0023073863570969855,0.0023073863570969855,0.04614772714193971,NBM,156.63007051666668,-0.010000000000000037,0.03499999999999995,0.03499999999999995,0.010000000000000037,-0.03499999999999995,-0.03499999999999995
67582,KXHIGHNY-26MAY17-T83,2026-05-16 16:45:20.790583+00:00,KNYC,2026-05-17,1,SKIP,0.18312990730149728,0.05500000000000003,0.12812990730149726,0.12812990730149726,2.562598146029945,NBM,156.61936041666667,-2.7755575615628914e-17,-0.01000000000000003,-0.01000000000000003,-2.7755575615628914e-17,-0.01000000000000003,-0.01000000000000003
67581,KXHIGHNY-26MAY17-B85.5,2026-05-16 16:45:20.205118+00:00,KNYC,2026-05-17,1,SKIP,0.27875255287217077,0.255,0.023752552872170762,0.023752552872170762,0.47505105744341525,NBM,156.60960266666666,-0.0050000000000000044,-0.020000000000000018,-0.020000000000000018,-0.0050000000000000044,-0.020000000000000018,-0.020000000000000018
67580,KXHIGHNY-26MAY17-T90,2026-05-16 16:45:19.617747+00:00,KNYC,2026-05-17,1,SKIP,0.11917800468148558,0.06499999999999997,0.054178004681485606,0.054178004681485606,1.083560093629712,NBM,156.59981315,2.7755575615628914e-17,2.7755575615628914e-17,2.7755575615628914e-17,2.7755575615628914e-17,2.7755575615628914e-17,2.7755575615628914e-17
67579,KXHIGHNY-26MAY17-B87.5,2026-05-16 16:45:19.001803+00:00,KNYC,2026-05-17,1,SKIP,0.22609916043438977,0.31999999999999995,-0.09390083956561018,0.09390083956561018,1.8780167913122037,NBM,156.58954741666668,0.04500000000000004,0.040000000000000036,0.04500000000000004,-0.04500000000000004,-0.040000000000000036,-0.04500000000000004
67578,KXHIGHMIA-26MAY17-B87.5,2026-05-16 16:45:18.356645+00:00,KMIA,2026-05-17,1,OPEN,0.16789140712029993,0.385,-0.21710859287970008,0.21710859287970008,4.342171857594002,NBM,156.57879478333334,0.015000000000000013,0.04999999999999999,0.02999999999999997,-0.015000000000000013,-0.04999999999999999,-0.02999999999999997
67577,KXHIGHNY-26MAY16-B80.5,2026-05-16 16:45:17.655328+00:00,KNYC,2026-05-16,0,SKIP,0.10612443541214785,0.5650000000000001,-0.4588755645878522,0.4588755645878522,9.177511291757044,HRRR,39.056379916666664,-0.07500000000000007,0.029999999999999916,-0.07000000000000006,0.07500000000000007,-0.029999999999999916,0.07000000000000006
67576,KXHIGHMIA-26MAY17-T90,2026-05-16 16:40:13.689989+00:00,KMIA,2026-05-17,1,OPEN,0.12222111044197047,0.025000000000000015,0.09722111044197046,0.09722111044197046,1.9444222088394092,NBM,151.50101718333335,-1.3877787807814457e-17,-1.3877787807814457e-17,-1.3877787807814457e-17,-1.3877787807814457e-17,-1.3877787807814457e-17,-1.3877787807814457e-17
67574,KXHIGHMIA-26MAY17-B89.5,2026-05-16 16:40:12.427434+00:00,KMIA,2026-05-17,1,OPEN,0.12477241126456416,0.205,-0.08022758873543583,0.08022758873543583,1.6045517747087163,NBM,151.4799746,0.03,0.03,0.11000000000000001,-0.03,-0.03,-0.11000000000000001
67573,KXHIGHNY-26MAY16-B78.5,2026-05-16 16:40:11.791177+00:00,KNYC,2026-05-16,0,SKIP,0.4307033351003095,0.28,0.15070333510030948,0.15070333510030948,3.0140667020061893,HRRR,33.958644066666665,0.05499999999999999,0.06499999999999995,0.019999999999999962,0.05499999999999999,0.06499999999999995,0.019999999999999962
67572,KXHIGHNY-26MAY16-B82.5,2026-05-16 16:40:11.210697+00:00,KNYC,2026-05-16,0,SKIP,0.05639218815718484,0.03500000000000002,0.02139218815718482,0.02139218815718482,0.4278437631436964,HRRR,33.9489694,0.03999999999999998,0.029999999999999985,0.029999999999999985,0.03999999999999998,0.029999999999999985,0.029999999999999985
67571,KXHIGHMIA-26MAY17-B83.5,2026-05-16 16:40:10.582332+00:00,KMIA,2026-05-17,1,OPEN,0.24654085736905101,0.17500000000000004,0.07154085736905097,0.07154085736905097,1.4308171473810194,NBM,151.4492229,-0.05500000000000005,-0.10000000000000005,-0.11000000000000004,-0.05500000000000005,-0.10000000000000005,-0.11000000000000004
67570,KXHIGHCHI-26MAY16-B87.5,2026-05-16 16:40:09.976737+00:00,KMDW,2026-05-16,0,SKIP,0.10727012987486892,0.135,-0.02772987012513109,0.02772987012513109,0.5545974025026218,HRRR,33.9284034,-0.0050000000000000044,-0.06000000000000001,-0.06000000000000001,0.0050000000000000044,0.06000000000000001,0.06000000000000001
67568,KXHIGHCHI-26MAY16-B83.5,2026-05-16 16:40:08.714330+00:00,KMDW,2026-05-16,0,SKIP,0.24716080543245206,0.495,-0.24783919456754794,0.24783919456754794,4.956783891350958,HRRR,33.90736328333333,-0.04999999999999999,-0.025000000000000022,0.0,0.04999999999999999,0.025000000000000022,-0.0
67567,KXHIGHCHI-26MAY16-B81.5,2026-05-16 16:40:08.104688+00:00,KMDW,2026-05-16,0,SKIP,0.21408645646319,0.05500000000000003,0.15908645646318997,0.15908645646318997,3.1817291292637995,HRRR,33.89720258333333,0.05499999999999997,0.07999999999999999,0.03999999999999997,0.05499999999999997,0.07999999999999999,0.03999999999999997
67566,KXHIGHCHI-26MAY16-T81,2026-05-16 16:40:07.488835+00:00,KMDW,2026-05-16,0,SKIP,0.16183398619748038,0.03500000000000002,0.12683398619748038,0.12683398619748038,2.5366797239496073,HRRR,33.88693836666667,-1.3877787807814457e-17,-1.3877787807814457e-17,-0.010000000000000016,-1.3877787807814457e-17,-1.3877787807814457e-17,-0.010000000000000016
67565,KXHIGHCHI-26MAY16-B85.5,2026-05-16 16:40:06.851744+00:00,KMDW,2026-05-16,0,SKIP,0.22252469826438426,0.31499999999999995,-0.09247530173561569,0.09247530173561569,1.8495060347123138,HRRR,33.876320183333334,-0.019999999999999962,-0.019999999999999962,-0.019999999999999962,0.019999999999999962,0.019999999999999962,0.019999999999999962
67564,KXHIGHCHI-26MAY17-B86.5,2026-05-16 16:40:06.207193+00:00,KMDW,2026-05-17,1,SKIP,0.12138717318394131,0.38,-0.2586128268160587,0.2586128268160587,5.172256536321173,NBM,151.37630391666667,-0.03999999999999998,-0.07500000000000001,-0.07500000000000001,0.03999999999999998,0.07500000000000001,0.07500000000000001
67563,KXHIGHCHI-26MAY17-T91,2026-05-16 16:40:05.595280+00:00,KMDW,2026-05-17,1,SKIP,0.12090919096178228,0.01500000000000001,0.10590919096178227,0.10590919096178227,2.1181838192356452,NBM,151.36610536666666,0.019999999999999993,0.019999999999999993,-0.010000000000000009,0.019999999999999993,0.019999999999999993,-0.010000000000000009
67562,KXHIGHCHI-26MAY17-B90.5,2026-05-16 16:40:04.958984+00:00,KMDW,2026-05-17,1,SKIP,0.12194050649494922,0.03500000000000002,0.08694050649494921,0.08694050649494921,1.738810129898984,NBM,151.35550043333333,-1.3877787807814457e-17,-1.3877787807814457e-17,-1.3877787807814457e-17,-1.3877787807814457e-17,-1.3877787807814457e-17,-1.3877787807814457e-17
67561,KXHIGHCHI-26MAY17-B88.5,2026-05-16 16:40:04.319558+00:00,KMDW,2026-05-17,1,SKIP,0.13545983517595991,0.08499999999999999,0.05045983517595992,0.05045983517595992,1.0091967035191984,NBM,151.34484333333333,1.3877787807814457e-17,1.3877787807814457e-17,0.010000000000000009,1.3877787807814457e-17,1.3877787807814457e-17,0.010000000000000009
67560,KXHIGHCHI-26MAY17-T84,2026-05-16 16:40:03.651390+00:00,KMDW,2026-05-17,1,SKIP,0.4864372594263997,0.14,0.3464372594263997,0.3464372594263997,6.928745188527993,NBM,151.3337072,0.009999999999999981,0.01999999999999999,0.044999999999999984,0.009999999999999981,0.01999999999999999,0.044999999999999984
67559,KXHIGHCHI-26MAY17-B84.5,2026-05-16 16:40:03.024001+00:00,KMDW,2026-05-17,1,SKIP,0.21919856251185238,0.29500000000000004,-0.07580143748814766,0.07580143748814766,1.5160287497629532,NBM,151.32325071666668,-5.551115123125783e-17,0.044999999999999984,0.034999999999999976,5.551115123125783e-17,-0.044999999999999984,-0.034999999999999976
67558,KXHIGHMIA-26MAY16-B90.5,2026-05-16 16:40:02.326307+00:00,KMIA,2026-05-16,0,OPEN,0.4417698113069398,0.9199999999999999,-0.4782301886930601,0.4782301886930601,9.5646037738612,HRRR,33.80089623333333,0.04500000000000004,0.06000000000000005,0.07000000000000006,-0.04500000000000004,-0.06000000000000005,-0.07000000000000006
67557,KXHIGHMIA-26MAY16-B88.5,2026-05-16 16:40:01.638174+00:00,KMIA,2026-05-16,0,OPEN,0.14749440395824773,0.01500000000000001,0.13249440395824771,0.13249440395824771,2.649888079164954,HRRR,33.78942735,0.014999999999999989,0.009999999999999992,-1.0408340855860843e-17,0.014999999999999989,0.009999999999999992,-1.0408340855860843e-17
67556,KXHIGHMIA-26MAY16-T91,2026-05-16 16:40:01.029371+00:00,KMIA,2026-05-16,0,OPEN,0.3525156735639953,0.08499999999999999,0.2675156735639953,0.2675156735639953,5.350313471279906,HRRR,33.779280633333336,-0.05499999999999999,-0.05499999999999999,-0.06499999999999999,-0.05499999999999999,-0.05499999999999999,-0.06499999999999999
67551,KXHIGHMIA-26MAY17-B85.5,2026-05-16 16:39:57.724319+00:00,KMIA,2026-05-17,1,OPEN,0.30006579391729293,0.21,0.09006579391729294,0.09006579391729294,1.8013158783458587,NBM,151.23492268333334,0.0050000000000000044,0.0,-0.014999999999999986,0.0050000000000000044,0.0,-0.014999999999999986
67550,KXHIGHNY-26MAY16-B76.5,2026-05-16 16:39:57.138136+00:00,KNYC,2026-05-16,0,SKIP,0.26382313709531396,0.05500000000000003,0.20882313709531394,0.20882313709531394,4.1764627419062785,HRRR,33.714426716666665,-2.7755575615628914e-17,-2.7755575615628914e-17,-0.01000000000000003,-2.7755575615628914e-17,-2.7755575615628914e-17,-0.01000000000000003
67549,KXHIGHNY-26MAY17-B87.5,2026-05-16 16:39:56.538575+00:00,KNYC,2026-05-17,1,SKIP,0.22288702104991448,0.31999999999999995,-0.09711297895008547,0.09711297895008547,1.9422595790017094,NBM,151.21516028333335,0.025000000000000022,0.04500000000000004,0.04500000000000004,-0.025000000000000022,-0.04500000000000004,-0.04500000000000004
67548,KXHIGHNY-26MAY17-B89.5,2026-05-16 16:39:55.910493+00:00,KNYC,2026-05-17,1,SKIP,0.1633882722051911,0.17500000000000004,-0.011611727794808957,0.011611727794808957,0.23223455589617914,NBM,151.20469225,-0.015000000000000041,0.029999999999999943,0.029999999999999943,0.015000000000000041,-0.029999999999999943,-0.029999999999999943
67547,KXHIGHNY-26MAY17-T90,2026-05-16 16:39:55.296686+00:00,KNYC,2026-05-17,1,SKIP,0.11866375024187141,0.06499999999999997,0.053663750241871436,0.053663750241871436,1.0732750048374287,NBM,151.19446213333333,2.7755575615628914e-17,2.7755575615628914e-17,2.7755575615628914e-17,2.7755575615628914e-17,2.7755575615628914e-17,2.7755575615628914e-17
67546,KXHIGHNY-26MAY17-B85.5,2026-05-16 16:39:54.668765+00:00,KNYC,2026-05-17,1,SKIP,0.27875255287217077,0.255,0.023752552872170762,0.023752552872170762,0.47505105744341525,NBM,151.18399678333333,0.010000000000000009,-0.010000000000000009,-0.020000000000000018,0.010000000000000009,-0.010000000000000009,-0.020000000000000018
67545,KXHIGHNY-26MAY17-B83.5,2026-05-16 16:39:54.092086+00:00,KNYC,2026-05-17,1,SKIP,0.2238124120639407,0.11499999999999999,0.10881241206394071,0.10881241206394071,2.176248241278814,NBM,151.17438546666668,1.3877787807814457e-17,-0.01999999999999999,-0.009999999999999995,1.3877787807814457e-17,-0.01999999999999999,-0.009999999999999995
67544,KXHIGHNY-26MAY17-T83,2026-05-16 16:39:53.440785+00:00,KNYC,2026-05-17,1,SKIP,0.18634225586849634,0.05999999999999998,0.12634225586849637,0.12634225586849637,2.5268451173699273,NBM,151.16353045,-0.009999999999999974,-0.014999999999999979,-0.014999999999999979,-0.009999999999999974,-0.014999999999999979,-0.014999999999999979
67543,KXHIGHMIA-26MAY17-B87.5,2026-05-16 16:39:52.741211+00:00,KMIA,2026-05-17,1,OPEN,0.16501502041224578,0.365,-0.1999849795877542,0.1999849795877542,3.999699591755084,NBM,151.15187088333334,0.040000000000000036,0.06,0.04999999999999999,-0.040000000000000036,-0.06,-0.04999999999999999
67542,KXHIGHNY-26MAY16-B80.5,2026-05-16 16:39:52.037616+00:00,KNYC,2026-05-16,0,SKIP,0.10324130078527513,0.585,-0.4817586992147248,0.4817586992147248,9.635173984294495,HRRR,33.62941805,-0.10499999999999998,-0.07999999999999996,-0.010000000000000009,0.10499999999999998,0.07999999999999996,0.010000000000000009
67541,KXHIGHNY-26MAY16-T83,2026-05-16 16:39:51.428748+00:00,KNYC,2026-05-16,0,SKIP,0.05338668033140437,0.01500000000000001,0.038386680331404355,0.038386680331404355,0.7677336066280871,HRRR,33.61927025,-0.010000000000000009,-0.010000000000000009,-0.010000000000000009,-0.010000000000000009,-0.010000000000000009,-0.010000000000000009
67540,KXHIGHMIA-26MAY17-T90,2026-05-16 16:34:49.690681+00:00,KMIA,2026-05-17,1,OPEN,0.12208279936400744,0.025000000000000015,0.09708279936400743,0.09708279936400743,1.9416559872801487,NBM,146.10102871666666,-1.3877787807814457e-17,-1.3877787807814457e-17,-1.3877787807814457e-17,-1.3877787807814457e-17,-1.3877787807814457e-17,-1.3877787807814457e-17
67537,KXHIGHNY-26MAY16-B76.5,2026-05-16 16:34:47.842561+00:00,KNYC,2026-05-16,0,SKIP,0.26491789316166553,0.045000000000000026,0.2199178931616655,0.2199178931616655,4.39835786323331,HRRR,28.559500466666666,0.009999999999999974,0.009999999999999974,0.014999999999999972,0.009999999999999974,0.009999999999999974,0.014999999999999972
67536,KXHIGHMIA-26MAY17-B89.5,2026-05-16 16:34:47.226931+00:00,KMIA,2026-05-17,1,OPEN,0.1246029053776566,0.195,-0.0703970946223434,0.0703970946223434,1.407941892446868,NBM,146.05996621666668,0.03999999999999998,0.03999999999999998,0.06,-0.03999999999999998,-0.03999999999999998,-0.06
67535,KXHIGHMIA-26MAY17-B85.5,2026-05-16 16:34:46.587235+00:00,KMIA,2026-05-17,1,OPEN,0.2953196720097486,0.195,0.10031967200974862,0.10031967200974862,2.006393440194972,NBM,146.04930461666666,0.01999999999999999,0.03,0.0050000000000000044,0.01999999999999999,0.03,0.0050000000000000044
67534,KXHIGHNY-26MAY16-B78.5,2026-05-16 16:34:45.929841+00:00,KNYC,2026-05-16,0,SKIP,0.4313433262995046,0.25,0.18134332629950461,0.18134332629950461,3.626866525990092,HRRR,28.5276218,0.034999999999999976,0.09000000000000002,0.044999999999999984,0.034999999999999976,0.09000000000000002,0.044999999999999984
67533,KXHIGHNY-26MAY16-B82.5,2026-05-16 16:34:45.372932+00:00,KNYC,2026-05-16,0,SKIP,0.05629505900967823,0.07499999999999998,-0.01870494099032175,0.01870494099032175,0.374098819806435,HRRR,28.518339983333334,-0.019999999999999983,-0.009999999999999981,-0.014999999999999986,0.019999999999999983,0.009999999999999981,0.014999999999999986
67532,KXHIGHMIA-26MAY17-B83.5,2026-05-16 16:34:44.745526+00:00,KMIA,2026-05-17,1,SKIP,0.2504961601541943,0.265,-0.014503839845805722,0.014503839845805722,0.29007679691611443,NBM,146.01860946666667,-0.14500000000000002,-0.165,-0.19,0.14500000000000002,0.165,0.19
67531,KXHIGHCHI-26MAY16-T81,2026-05-16 16:34:44.149820+00:00,KMDW,2026-05-16,0,SKIP,0.16303963193880688,0.03500000000000002,0.12803963193880685,0.12803963193880685,2.560792638776137,HRRR,28.497954783333334,-1.3877787807814457e-17,0.009999999999999981,-1.3877787807814457e-17,-1.3877787807814457e-17,0.009999999999999981,-1.3877787807814457e-17
67530,KXHIGHCHI-26MAY16-B85.5,2026-05-16 16:34:43.498433+00:00,KMDW,2026-05-16,0,SKIP,0.22241621379891902,0.36,-0.13758378620108097,0.13758378620108097,2.751675724021619,HRRR,28.487098333333332,-0.065,-0.11499999999999999,-0.065,0.065,0.11499999999999999,0.065
67529,KXHIGHCHI-26MAY16-B87.5,2026-05-16 16:34:42.888283+00:00,KMDW,2026-05-16,0,SKIP,0.10530227391544097,0.14500000000000002,-0.03969772608455904,0.03969772608455904,0.7939545216911809,HRRR,28.476929166666668,-0.020000000000000018,-0.05500000000000002,-0.07000000000000002,0.020000000000000018,0.05500000000000002,0.07000000000000002
67528,KXHIGHCHI-26MAY16-B81.5,2026-05-16 16:34:42.288356+00:00,KMDW,2026-05-16,0,SKIP,0.21570548450598337,0.05500000000000003,0.16070548450598335,0.16070548450598335,3.214109690119667,HRRR,28.466930383333334,0.05999999999999998,0.05499999999999997,0.03999999999999997,0.05999999999999998,0.05499999999999997,0.03999999999999997
67527,KXHIGHCHI-26MAY16-B83.5,2026-05-16 16:34:41.678335+00:00,KMDW,2026-05-16,0,SKIP,0.24666404846093576,0.41500000000000004,-0.16833595153906428,0.16833595153906428,3.3667190307812853,HRRR,28.456763366666667,0.02999999999999997,0.06499999999999995,0.07999999999999996,-0.02999999999999997,-0.06499999999999995,-0.07999999999999996
67525,KXHIGHCHI-26MAY17-T84,2026-05-16 16:34:40.364228+00:00,KMDW,2026-05-17,1,SKIP,0.4927230355104618,0.14,0.3527230355104618,0.3527230355104618,7.054460710209236,NBM,145.94558783333332,0.009999999999999981,0.009999999999999981,0.044999999999999984,0.009999999999999981,0.009999999999999981,0.044999999999999984
67524,KXHIGHCHI-26MAY17-B86.5,2026-05-16 16:34:39.757215+00:00,KMDW,2026-05-17,1,SKIP,0.11621590121930844,0.38,-0.26378409878069153,0.26378409878069153,5.27568197561383,NBM,145.93547095,-0.025000000000000022,-0.03999999999999998,-0.07500000000000001,0.025000000000000022,0.03999999999999998,0.07500000000000001
67523,KXHIGHCHI-26MAY17-T91,2026-05-16 16:34:39.127052+00:00,KMDW,2026-05-17,1,SKIP,0.12090919096178229,0.01500000000000001,0.10590919096178228,0.10590919096178228,2.1181838192356452,NBM,145.92496823333335,0.019999999999999993,0.019999999999999993,-0.010000000000000009,0.019999999999999993,0.019999999999999993,-0.010000000000000009
67522,KXHIGHCHI-26MAY17-B84.5,2026-05-16 16:34:38.507831+00:00,KMDW,2026-05-17,1,SKIP,0.21894726958368713,0.29500000000000004,-0.07605273041631291,0.07605273041631291,1.5210546083262582,NBM,145.91464788333334,-5.551115123125783e-17,0.044999999999999984,0.04999999999999993,5.551115123125783e-17,-0.044999999999999984,-0.04999999999999993
67521,KXHIGHCHI-26MAY17-B88.5,2026-05-16 16:34:37.929991+00:00,KMDW,2026-05-17,1,SKIP,0.13498448977508104,0.09499999999999999,0.03998448977508105,0.03998448977508105,0.799689795501621,NBM,145.90501721666666,-0.014999999999999986,-0.014999999999999986,1.3877787807814457e-17,-0.014999999999999986,-0.014999999999999986,1.3877787807814457e-17
67520,KXHIGHCHI-26MAY17-B90.5,2026-05-16 16:34:37.314766+00:00,KMDW,2026-05-17,1,SKIP,0.12172692003837436,0.03500000000000002,0.08672692003837434,0.08672692003837434,1.7345384007674869,NBM,145.89476346666666,-1.3877787807814457e-17,-1.3877787807814457e-17,-1.3877787807814457e-17,-1.3877787807814457e-17,-1.3877787807814457e-17,-1.3877787807814457e-17
67519,KXHIGHMIA-26MAY16-B88.5,2026-05-16 16:34:36.663508+00:00,KMIA,2026-05-16,0,OPEN,0.1474944039582495,0.025000000000000015,0.12249440395824948,0.12249440395824948,2.4498880791649893,HRRR,28.373182916666668,-0.020000000000000014,-0.010000000000000016,-1.3877787807814457e-17,-0.020000000000000014,-0.010000000000000016,-1.3877787807814457e-17
67516,KXHIGHMIA-26MAY16-T91,2026-05-16 16:34:34.765629+00:00,KMIA,2026-05-16,0,OPEN,0.35251567356399444,0.07999999999999999,0.2725156735639944,0.2725156735639944,5.450313471279888,HRRR,28.3415516,-0.01999999999999999,-0.04999999999999999,-0.059999999999999984,-0.01999999999999999,-0.04999999999999999,-0.059999999999999984
67514,KXHIGHMIA-26MAY16-B90.5,2026-05-16 16:34:33.593060+00:00,KMIA,2026-05-16,0,OPEN,0.44176981130693893,0.905,-0.4632301886930611,0.4632301886930611,9.264603773861221,HRRR,28.322008783333334,0.030000000000000027,0.04999999999999993,0.06999999999999995,-0.030000000000000027,-0.04999999999999993,-0.06999999999999995
67513,KXHIGHMIA-26MAY17-B87.5,2026-05-16 16:34:32.962744+00:00,KMIA,2026-05-17,1,OPEN,0.16215835371437415,0.44499999999999995,-0.2828416462856258,0.2828416462856258,5.656832925712516,NBM,145.82222976666668,-0.04999999999999993,-0.02999999999999997,-0.02999999999999997,0.04999999999999993,0.02999999999999997,0.02999999999999997
67512,KXHIGHNY-26MAY16-B80.5,2026-05-16 16:34:32.287607+00:00,KNYC,2026-05-16,0,SKIP,0.10037927826179424,0.585,-0.4846207217382057,0.4846207217382057,9.692414434764114,HRRR,28.300251233333334,-0.05999999999999994,-0.07499999999999996,-0.015000000000000013,0.05999999999999994,0.07499999999999996,0.015000000000000013
67511,KXHIGHNY-26MAY16-T83,2026-05-16 16:34:31.673837+00:00,KNYC,2026-05-16,0,SKIP,0.053307426227972576,0.01500000000000001,0.03830742622797256,0.03830742622797256,0.7661485245594513,HRRR,28.290021733333333,-0.010000000000000009,-0.010000000000000009,-0.010000000000000009,-0.010000000000000009,-0.010000000000000009,-0.010000000000000009
67510,KXHIGHNY-26MAY17-B83.5,2026-05-16 16:34:30.997689+00:00,KNYC,2026-05-17,1,SKIP,0.22859135538582442,0.125,0.10359135538582442,0.10359135538582442,2.0718271077164885,NBM,145.78947885,-0.009999999999999995,-0.03,-0.020000000000000004,-0.009999999999999995,-0.03,-0.020000000000000004
67509,KXHIGHNY-26MAY17-B85.5,2026-05-16 16:34:30.355317+00:00,KNYC,2026-05-17,1,SKIP,0.2787525528721708,0.255,0.023752552872170818,0.023752552872170818,0.47505105744341636,NBM,145.77877265,0.0,-0.010000000000000009,-0.020000000000000018,0.0,-0.010000000000000009,-0.020000000000000018
67508,KXHIGHNY-26MAY17-T90,2026-05-16 16:34:29.744942+00:00,KNYC,2026-05-17,1,SKIP,0.11816313360550738,0.06499999999999997,0.05316313360550741,0.05316313360550741,1.0632626721101481,NBM,145.76859973333333,2.7755575615628914e-17,2.7755575615628914e-17,2.7755575615628914e-17,2.7755575615628914e-17,2.7755575615628914e-17,2.7755575615628914e-17
67507,KXHIGHNY-26MAY17-T83,2026-05-16 16:34:29.060597+00:00,KNYC,2026-05-17,1,SKIP,0.1895283081105014,0.05500000000000003,0.13452830811050137,0.13452830811050137,2.690566162210027,NBM,145.75719398333334,-2.7755575615628914e-17,-0.005000000000000025,-0.01000000000000003,-2.7755575615628914e-17,-0.005000000000000025,-0.01000000000000003
67506,KXHIGHNY-26MAY17-B89.5,2026-05-16 16:34:28.471702+00:00,KNYC,2026-05-17,1,SKIP,0.15911013456076123,0.16500000000000004,-0.005889865439238806,0.005889865439238806,0.11779730878477612,NBM,145.74737906666667,-2.7755575615628914e-17,0.04499999999999996,0.03999999999999995,2.7755575615628914e-17,-0.04499999999999996,-0.03999999999999995
67505,KXHIGHNY-26MAY17-B87.5,2026-05-16 16:34:27.803556+00:00,KNYC,2026-05-17,1,SKIP,0.2197007797668196,0.32999999999999996,-0.11029922023318037,0.11029922023318037,2.205984404663607,NBM,145.7362433,0.00500000000000006,0.03500000000000003,0.03500000000000003,-0.00500000000000006,-0.03500000000000003,-0.03500000000000003
67503,KXHIGHCHI-26MAY16-B85.5,2026-05-16 16:29:25.720631+00:00,KMDW,2026-05-16,0,SKIP,0.22103769346461344,0.36,-0.13896230653538655,0.13896230653538655,2.779246130707731,HRRR,23.190801633333333,-0.065,-0.13499999999999998,-0.065,0.065,0.13499999999999998,0.065
67502,KXHIGHCHI-26MAY16-T81,2026-05-16 16:29:25.087883+00:00,KMDW,2026-05-16,0,SKIP,0.1688433291952773,0.03500000000000002,0.1338433291952773,0.1338433291952773,2.676866583905546,HRRR,23.180255833333334,-1.3877787807814457e-17,0.009999999999999981,-1.3877787807814457e-17,-1.3877787807814457e-17,0.009999999999999981,-1.3877787807814457e-17
67501,KXHIGHCHI-26MAY16-B87.5,2026-05-16 16:29:24.497769+00:00,KMDW,2026-05-16,0,SKIP,0.10282547349392601,0.135,-0.032174526506074,0.032174526506074,0.6434905301214799,HRRR,23.1704206,0.0,-0.05,-0.06000000000000001,-0.0,0.05,0.06000000000000001
67500,KXHIGHCHI-26MAY16-B81.5,2026-05-16 16:29:23.864432+00:00,KMDW,2026-05-16,0,SKIP,0.21608348831106944,0.05500000000000003,0.16108348831106942,0.16108348831106942,3.221669766221388,HRRR,23.159864983333332,0.05999999999999998,0.08999999999999997,0.03999999999999997,0.05999999999999998,0.08999999999999997,0.03999999999999997
67499,KXHIGHCHI-26MAY16-B83.5,2026-05-16 16:29:23.244469+00:00,KMDW,2026-05-16,0,SKIP,0.24476233733715758,0.42,-0.1752376626628424,0.1752376626628424,3.504753253256848,HRRR,23.149532266666668,0.065,0.04999999999999999,0.07500000000000001,-0.065,-0.04999999999999999,-0.07500000000000001
67498,KXHIGHCHI-26MAY17-B84.5,2026-05-16 16:29:22.573178+00:00,KMDW,2026-05-17,1,SKIP,0.2186959089968959,0.29500000000000004,-0.07630409100310415,0.07630409100310415,1.526081820062083,NBM,140.64907033333333,-5.551115123125783e-17,0.02999999999999997,0.03999999999999998,5.551115123125783e-17,-0.02999999999999997,-0.03999999999999998
67497,KXHIGHCHI-26MAY17-T84,2026-05-16 16:29:21.953458+00:00,KMDW,2026-05-17,1,SKIP,0.49901050398983104,0.14500000000000002,0.354010503989831,0.354010503989831,7.08021007979662,NBM,140.63874166666668,-0.0050000000000000044,0.004999999999999977,0.03999999999999998,-0.0050000000000000044,0.004999999999999977,0.03999999999999998
67496,KXHIGHCHI-26MAY17-B90.5,2026-05-16 16:29:21.390129+00:00,KMDW,2026-05-17,1,SKIP,0.12151741316308626,0.03500000000000002,0.08651741316308624,0.08651741316308624,1.7303482632617246,NBM,140.62935285,-1.3877787807814457e-17,-1.3877787807814457e-17,-1.3877787807814457e-17,-1.3877787807814457e-17,-1.3877787807814457e-17,-1.3877787807814457e-17
67495,KXHIGHCHI-26MAY17-B86.5,2026-05-16 16:29:20.762732+00:00,KMDW,2026-05-17,1,SKIP,0.1110265168610579,0.38,-0.2689734831389421,0.2689734831389421,5.379469662778842,NBM,140.61889623333334,-0.03500000000000003,-0.03999999999999998,-0.07500000000000001,0.03500000000000003,0.03999999999999998,0.07500000000000001
67494,KXHIGHCHI-26MAY17-T91,2026-05-16 16:29:20.167462+00:00,KMDW,2026-05-17,1,SKIP,0.12090919096178228,0.01500000000000001,0.10590919096178227,0.10590919096178227,2.1181838192356452,NBM,140.60897506666666,0.10499999999999998,0.019999999999999993,-0.010000000000000009,0.10499999999999998,0.019999999999999993,-0.010000000000000009
67493,KXHIGHCHI-26MAY17-B88.5,2026-05-16 16:29:19.551667+00:00,KMDW,2026-05-17,1,SKIP,0.1345182236493265,0.09999999999999999,0.03451822364932651,0.03451822364932651,0.6903644729865301,NBM,140.59871181666668,-0.01999999999999999,-0.01999999999999999,-0.0049999999999999906,-0.01999999999999999,-0.01999999999999999,-0.0049999999999999906
67492,KXHIGHMIA-26MAY16-T91,2026-05-16 16:29:18.869027+00:00,KMIA,2026-05-16,0,SKIP,0.0892132477769661,0.09499999999999999,-0.005786752223033889,0.005786752223033889,0.11573504446067778,HRRR,23.07660823333333,-0.029999999999999985,-0.06999999999999998,-0.07499999999999998,0.029999999999999985,0.06999999999999998,0.07499999999999998
67491,KXHIGHMIA-26MAY16-B88.5,2026-05-16 16:29:18.257912+00:00,KMIA,2026-05-16,0,SKIP,0.5929493498875081,0.025000000000000015,0.5679493498875081,0.5679493498875081,11.358986997750161,HRRR,23.066422983333332,-0.020000000000000014,-1.3877787807814457e-17,-0.010000000000000016,-0.020000000000000014,-1.3877787807814457e-17,-0.010000000000000016
67490,KXHIGHMIA-26MAY16-B90.5,2026-05-16 16:29:17.633584+00:00,KMIA,2026-05-16,0,SKIP,0.1027311380510561,0.89,-0.7872688619489439,0.7872688619489439,15.745377238978877,HRRR,23.056017516666667,0.04500000000000004,0.07499999999999996,0.08999999999999997,-0.04500000000000004,-0.07499999999999996,-0.08999999999999997
67486,KXHIGHMIA-26MAY17-B87.5,2026-05-16 16:29:14.884827+00:00,KMIA,2026-05-17,1,OPEN,0.15929715268114875,0.44499999999999995,-0.2857028473188512,0.2857028473188512,5.714056946377024,NBM,140.52093115,-0.05999999999999994,-0.04499999999999993,-0.02999999999999997,0.05999999999999994,0.04499999999999993,0.02999999999999997
67485,KXHIGHMIA-26MAY17-T90,2026-05-16 16:29:14.275988+00:00,KMIA,2026-05-17,1,OPEN,0.12194614286053594,0.025000000000000015,0.09694614286053593,0.09694614286053593,1.9389228572107187,NBM,140.51078383333333,-1.3877787807814457e-17,-1.3877787807814457e-17,-1.3877787807814457e-17,-1.3877787807814457e-17,-1.3877787807814457e-17,-1.3877787807814457e-17
67482,KXHIGHNY-26MAY16-B76.5,2026-05-16 16:29:12.424107+00:00,KNYC,2026-05-16,0,SKIP,0.26601396356694246,0.05000000000000003,0.2160139635669424,0.2160139635669424,4.320279271338848,HRRR,22.9691929,0.00499999999999997,0.009999999999999967,-0.005000000000000032,0.00499999999999997,0.009999999999999967,-0.005000000000000032
67481,KXHIGHNY-26MAY16-T83,2026-05-16 16:29:11.841914+00:00,KNYC,2026-05-16,0,SKIP,0.053228645127528666,0.01500000000000001,0.03822864512752866,0.03822864512752866,0.7645729025505732,HRRR,22.959489683333334,-0.010000000000000009,-0.010000000000000009,-0.010000000000000009,-0.010000000000000009,-0.010000000000000009,-0.010000000000000009
67480,KXHIGHNY-26MAY16-B80.5,2026-05-16 16:29:11.216658+00:00,KNYC,2026-05-16,0,SKIP,0.0975139972156823,0.5750000000000001,-0.47748600278431774,0.47748600278431774,9.549720055686354,HRRR,22.94906875,-0.020000000000000018,-0.08500000000000008,0.014999999999999902,0.020000000000000018,0.08500000000000008,-0.014999999999999902
67479,KXHIGHNY-26MAY17-T83,2026-05-16 16:29:10.565876+00:00,KNYC,2026-05-17,1,SKIP,0.1927152181717778,0.045000000000000026,0.1477152181717778,0.1477152181717778,2.954304363435556,NBM,140.44894863333334,0.009999999999999974,0.009999999999999974,-2.7755575615628914e-17,0.009999999999999974,0.009999999999999974,-2.7755575615628914e-17
67478,KXHIGHNY-26MAY17-T90,2026-05-16 16:29:09.899107+00:00,KNYC,2026-05-17,1,SKIP,0.11767160192572516,0.06499999999999997,0.05267160192572519,0.05267160192572519,1.0534320385145037,NBM,140.43783581666668,2.7755575615628914e-17,2.7755575615628914e-17,2.7755575615628914e-17,2.7755575615628914e-17,2.7755575615628914e-17,2.7755575615628914e-17
67477,KXHIGHNY-26MAY17-B83.5,2026-05-16 16:29:09.282253+00:00,KNYC,2026-05-17,1,SKIP,0.2333715854002564,0.125,0.1083715854002564,0.1083715854002564,2.167431708005128,NBM,140.42755491666668,-0.009999999999999995,-0.03,-0.015,-0.009999999999999995,-0.03,-0.015
67476,KXHIGHNY-26MAY17-B89.5,2026-05-16 16:29:08.644838+00:00,KNYC,2026-05-17,1,SKIP,0.15482162531809912,0.16500000000000004,-0.010178374681900915,0.010178374681900915,0.2035674936380183,NBM,140.41693133333334,0.004999999999999977,-0.005000000000000032,0.03999999999999995,-0.004999999999999977,0.005000000000000032,-0.03999999999999995
67475,KXHIGHNY-26MAY17-B87.5,2026-05-16 16:29:07.982140+00:00,KNYC,2026-05-17,1,SKIP,0.21651368061355541,0.33499999999999996,-0.11848631938644455,0.11848631938644455,2.3697263877288908,NBM,140.40588636666666,-0.014999999999999958,0.030000000000000027,0.030000000000000027,0.014999999999999958,-0.030000000000000027,-0.030000000000000027
67474,KXHIGHNY-26MAY17-B85.5,2026-05-16 16:29:07.372478+00:00,KNYC,2026-05-17,1,SKIP,0.2787525528721709,0.255,0.023752552872170873,0.023752552872170873,0.47505105744341747,NBM,140.39572533333333,0.0,-0.0050000000000000044,-0.020000000000000018,0.0,-0.0050000000000000044,-0.020000000000000018
67473,KXHIGHMIA-26MAY17-B89.5,2026-05-16 16:29:06.735464+00:00,KMIA,2026-05-17,1,OPEN,0.12443542723950761,0.235,-0.11056457276049238,0.11056457276049238,2.2112914552098473,NBM,140.38510843333333,-0.03,0.0,0.030000000000000027,0.03,-0.0,-0.030000000000000027
67472,KXHIGHMIA-26MAY17-B85.5,2026-05-16 16:29:06.097115+00:00,KMIA,2026-05-17,1,OPEN,0.29057227224655957,0.255,0.035572272246559566,0.035572272246559566,0.7114454449311913,NBM,140.37446928333333,-0.035,-0.04000000000000001,-0.05499999999999999,-0.035,-0.04000000000000001,-0.05499999999999999
67471,KXHIGHNY-26MAY16-B78.5,2026-05-16 16:29:05.509571+00:00,KNYC,2026-05-16,0,SKIP,0.43198462743325866,0.29000000000000004,0.14198462743325863,0.14198462743325863,2.8396925486651723,HRRR,22.853950633333334,0.009999999999999953,0.07499999999999996,0.06999999999999995,0.009999999999999953,0.07499999999999996,0.06999999999999995
67470,KXHIGHNY-26MAY16-B82.5,2026-05-16 16:29:04.917699+00:00,KNYC,2026-05-16,0,SKIP,0.056198509546692595,0.07499999999999998,-0.01880149045330739,0.01880149045330739,0.37602980906614775,HRRR,22.8440861,-0.019999999999999983,-0.03499999999999998,1.3877787807814457e-17,0.019999999999999983,0.03499999999999998,-1.3877787807814457e-17
67469,KXHIGHMIA-26MAY17-B83.5,2026-05-16 16:29:04.249224+00:00,KMIA,2026-05-17,1,OPEN,0.25445252787321176,0.045000000000000026,0.20945252787321172,0.20945252787321172,4.189050557464234,NBM,140.3436711,0.10999999999999997,0.06999999999999998,0.02999999999999997,0.10999999999999997,0.06999999999999998,0.02999999999999997
67468,KXHIGHCHI-26MAY16-B81.5,2026-05-16 16:24:02.031979+00:00,KMDW,2026-05-16,0,SKIP,0.2176875122437738,0.07499999999999998,0.14268751224377382,0.14268751224377382,2.853750244875476,HRRR,17.795990766666666,-0.019999999999999983,0.03500000000000002,0.030000000000000013,-0.019999999999999983,0.03500000000000002,0.030000000000000013
67466,KXHIGHCHI-26MAY16-B83.5,2026-05-16 16:24:00.714268+00:00,KMDW,2026-05-16,0,SKIP,0.24425604432296524,0.43499999999999994,-0.1907439556770347,0.1907439556770347,3.8148791135406936,HRRR,17.774028916666666,0.040000000000000036,0.010000000000000064,0.050000000000000044,-0.040000000000000036,-0.010000000000000064,-0.050000000000000044
67465,KXHIGHCHI-26MAY16-B85.5,2026-05-16 16:24:00.096582+00:00,KMDW,2026-05-16,0,SKIP,0.22091949959847146,0.345,-0.12408050040152852,0.12408050040152852,2.4816100080305703,HRRR,17.76373415,-0.02999999999999997,-0.04999999999999999,-0.07999999999999996,0.02999999999999997,0.04999999999999999,0.07999999999999996
67464,KXHIGHCHI-26MAY16-T81,2026-05-16 16:23:59.492027+00:00,KMDW,2026-05-16,0,SKIP,0.17008152741531077,0.03500000000000002,0.13508152741531076,0.13508152741531076,2.7016305483062153,HRRR,17.753658233333333,-1.3877787807814457e-17,-1.3877787807814457e-17,-1.3877787807814457e-17,-1.3877787807814457e-17,-1.3877787807814457e-17,-1.3877787807814457e-17
67463,KXHIGHCHI-26MAY16-B87.5,2026-05-16 16:23:58.874026+00:00,KMDW,2026-05-16,0,SKIP,0.10085578579942288,0.125,-0.02414421420057712,0.02414421420057712,0.48288428401154243,HRRR,17.743358216666667,0.010000000000000009,0.0050000000000000044,-0.05,-0.010000000000000009,-0.0050000000000000044,0.05
67462,KXHIGHCHI-26MAY17-B86.5,2026-05-16 16:23:58.218642+00:00,KMDW,2026-05-17,1,SKIP,0.10581155033665876,0.355,-0.24918844966334122,0.24918844966334122,4.983768993266824,NBM,135.2431614,0.025000000000000022,-0.014999999999999958,-0.04999999999999999,-0.025000000000000022,0.014999999999999958,0.04999999999999999
67461,KXHIGHCHI-26MAY17-B84.5,2026-05-16 16:23:57.602285+00:00,KMDW,2026-05-17,1,SKIP,0.21844410566682645,0.29500000000000004,-0.07655589433317359,0.07655589433317359,1.5311178866634716,NBM,135.23288878333332,-5.551115123125783e-17,-5.551115123125783e-17,0.04999999999999993,5.551115123125783e-17,5.551115123125783e-17,-0.04999999999999993
67460,KXHIGHCHI-26MAY17-T91,2026-05-16 16:23:56.994270+00:00,KMDW,2026-05-17,1,SKIP,0.12090919096178229,0.01500000000000001,0.10590919096178228,0.10590919096178228,2.1181838192356452,NBM,135.2227552,-1.0408340855860843e-17,0.019999999999999993,-0.010000000000000009,-1.0408340855860843e-17,0.019999999999999993,-0.010000000000000009
67459,KXHIGHCHI-26MAY17-B88.5,2026-05-16 16:23:56.363637+00:00,KMDW,2026-05-17,1,SKIP,0.134060190189909,0.095,0.039060190189909,0.039060190189909,0.78120380379818,NBM,135.21224465,-0.009999999999999995,-0.009999999999999995,0.0,-0.009999999999999995,-0.009999999999999995,0.0
67458,KXHIGHCHI-26MAY17-T84,2026-05-16 16:23:55.743865+00:00,KMDW,2026-05-17,1,SKIP,0.4710779597482581,0.14500000000000002,0.3260779597482581,0.3260779597482581,6.521559194965161,NBM,135.20191511666667,-2.7755575615628914e-17,0.004999999999999977,0.044999999999999984,-2.7755575615628914e-17,0.004999999999999977,0.044999999999999984
67457,KXHIGHCHI-26MAY17-B90.5,2026-05-16 16:23:55.173224+00:00,KMDW,2026-05-17,1,SKIP,0.12131160546323515,0.03500000000000002,0.08631160546323513,0.08631160546323513,1.7262321092647026,NBM,135.19240443333334,-1.3877787807814457e-17,-1.3877787807814457e-17,-1.3877787807814457e-17,-1.3877787807814457e-17,-1.3877787807814457e-17,-1.3877787807814457e-17
67456,KXHIGHMIA-26MAY16-B88.5,2026-05-16 16:23:54.492168+00:00,KMIA,2026-05-16,0,OPEN,0.5910529808440813,0.28,0.3110529808440813,0.3110529808440813,6.221059616881625,HRRR,17.67032725,-0.265,-0.25,-0.24500000000000002,-0.265,-0.25,-0.24500000000000002
67455,KXHIGHMIA-26MAY16-B90.5,2026-05-16 16:23:53.924870+00:00,KMIA,2026-05-16,0,OPEN,0.10304743540179467,0.53,-0.42695256459820535,0.42695256459820535,8.539051291964107,HRRR,17.660872283333333,0.39,0.43499999999999994,0.43499999999999994,-0.39,-0.43499999999999994,-0.43499999999999994
67452,KXHIGHMIA-26MAY16-T91,2026-05-16 16:23:51.969892+00:00,KMIA,2026-05-16,0,SKIP,0.08947133573093395,0.125,-0.03552866426906605,0.03552866426906605,0.7105732853813209,HRRR,17.628289316666667,-0.039999999999999994,-0.095,-0.105,0.039999999999999994,0.095,0.105
67451,KXHIGHMIA-26MAY17-B87.5,2026-05-16 16:23:51.367776+00:00,KMIA,2026-05-17,1,OPEN,0.15642718250324128,0.43499999999999994,-0.27857281749675866,0.27857281749675866,5.571456349935173,NBM,135.1289803,-0.06999999999999995,-0.029999999999999916,-0.019999999999999962,0.06999999999999995,0.029999999999999916,0.019999999999999962
67450,KXHIGHMIA-26MAY17-T90,2026-05-16 16:23:50.709102+00:00,KMIA,2026-05-17,1,OPEN,0.12181092140749637,0.03500000000000002,0.08681092140749636,0.08681092140749636,1.736218428149927,NBM,135.1180024,-0.010000000000000016,-0.010000000000000016,-0.010000000000000016,-0.010000000000000016,-0.010000000000000016,-0.010000000000000016
67448,KXHIGHMIA-26MAY17-B89.5,2026-05-16 16:23:49.444979+00:00,KMIA,2026-05-17,1,OPEN,0.12426970781439726,0.245,-0.12073029218560273,0.12073029218560273,2.4146058437120543,NBM,135.09693368333333,-0.04000000000000001,-0.010000000000000009,0.020000000000000018,0.04000000000000001,0.010000000000000009,-0.020000000000000018
67447,KXHIGHMIA-26MAY17-B85.5,2026-05-16 16:23:48.762080+00:00,KMIA,2026-05-17,1,OPEN,0.2858165104749891,0.255,0.030816510474989123,0.030816510474989123,0.6163302094997825,NBM,135.08555203333333,-0.04500000000000001,-0.04000000000000001,-0.05499999999999999,-0.04500000000000001,-0.04000000000000001,-0.05499999999999999
67445,KXHIGHNY-26MAY16-B78.5,2026-05-16 16:23:47.542698+00:00,KNYC,2026-05-16,0,SKIP,0.43262820806156527,0.28500000000000003,0.14762820806156524,0.14762820806156524,2.9525641612313045,HRRR,17.55450275,0.014999999999999958,0.04999999999999999,0.034999999999999976,0.014999999999999958,0.04999999999999999,0.034999999999999976
67444,KXHIGHNY-26MAY16-B80.5,2026-05-16 16:23:46.940240+00:00,KNYC,2026-05-16,0,SKIP,0.09464116634333417,0.535,-0.44035883365666584,0.44035883365666584,8.807176673133316,HRRR,17.544461783333333,0.039999999999999925,-0.05500000000000005,0.039999999999999925,-0.039999999999999925,0.05500000000000005,-0.039999999999999925
67443,KXHIGHNY-26MAY16-T83,2026-05-16 16:23:46.348583+00:00,KNYC,2026-05-16,0,SKIP,0.053150217910073794,0.01500000000000001,0.03815021791007378,0.03815021791007378,0.7630043582014756,HRRR,17.534600833333332,-1.0408340855860843e-17,-0.010000000000000009,-0.010000000000000009,-1.0408340855860843e-17,-0.010000000000000009,-0.010000000000000009
67442,KXHIGHNY-26MAY17-T83,2026-05-16 16:23:45.732501+00:00,KNYC,2026-05-17,1,SKIP,0.1959077416151124,0.045000000000000026,0.1509077416151124,0.1509077416151124,3.0181548323022476,NBM,135.03505905,0.014999999999999972,0.004999999999999977,-2.7755575615628914e-17,0.014999999999999972,0.004999999999999977,-2.7755575615628914e-17
67441,KXHIGHNY-26MAY17-T90,2026-05-16 16:23:45.087317+00:00,KNYC,2026-05-17,1,SKIP,0.11718827949990188,0.06499999999999997,0.0521882794999019,0.0521882794999019,1.043765589998038,NBM,135.02430598333333,2.7755575615628914e-17,2.7755575615628914e-17,2.7755575615628914e-17,2.7755575615628914e-17,2.7755575615628914e-17,2.7755575615628914e-17
67440,KXHIGHNY-26MAY17-B83.5,2026-05-16 16:23:44.444827+00:00,KNYC,2026-05-17,1,SKIP,0.23816023524985191,0.125,0.11316023524985191,0.11316023524985191,2.263204704997038,NBM,135.01359781666667,-0.009999999999999995,-0.009999999999999995,-0.015,-0.009999999999999995,-0.009999999999999995,-0.015
67439,KXHIGHNY-26MAY17-B85.5,2026-05-16 16:23:43.844413+00:00,KNYC,2026-05-17,1,SKIP,0.278752552872171,0.255,0.023752552872170984,0.023752552872170984,0.4750510574434197,NBM,135.00359091666667,0.0,0.010000000000000009,-0.020000000000000018,0.0,0.010000000000000009,-0.020000000000000018
67438,KXHIGHNY-26MAY17-B87.5,2026-05-16 16:23:43.269756+00:00,KNYC,2026-05-17,1,SKIP,0.213320967745169,0.33499999999999996,-0.12167903225483095,0.12167903225483095,2.433580645096619,NBM,134.9940133,-0.014999999999999958,0.010000000000000009,0.025000000000000022,0.014999999999999958,-0.010000000000000009,-0.025000000000000022
67437,KXHIGHNY-26MAY17-B89.5,2026-05-16 16:23:42.655109+00:00,KNYC,2026-05-17,1,SKIP,0.15051648731937853,0.16500000000000004,-0.014483512680621508,0.014483512680621508,0.28967025361243015,NBM,134.98376918333332,0.009999999999999953,-0.005000000000000032,0.034999999999999976,-0.009999999999999953,0.005000000000000032,-0.034999999999999976
67436,KXHIGHNY-26MAY16-B82.5,2026-05-16 16:23:42.013809+00:00,KNYC,2026-05-16,0,SKIP,0.05610239378179404,0.09,-0.03389760621820596,0.03389760621820596,0.6779521243641191,HRRR,17.4623546,-0.045,-0.015,-0.01999999999999999,0.045,0.015,0.01999999999999999
67435,KXHIGHMIA-26MAY17-B83.5,2026-05-16 16:23:41.403434+00:00,KMIA,2026-05-17,1,OPEN,0.2584158642870257,0.045000000000000026,0.21341586428702564,0.21341586428702564,4.268317285740513,NBM,134.96290793333333,0.12999999999999995,0.07499999999999997,0.02999999999999997,0.12999999999999995,0.07499999999999997,0.02999999999999997
67434,KXHIGHNY-26MAY16-B76.5,2026-05-16 16:23:40.734868+00:00,KNYC,2026-05-16,0,SKIP,0.267112996052634,0.03500000000000002,0.23211299605263397,0.23211299605263397,4.642259921052679,HRRR,17.441038916666667,0.019999999999999983,0.019999999999999983,0.014999999999999986,0.019999999999999983,0.019999999999999983,0.014999999999999986
67432,KXHIGHCHI-26MAY16-T81,2026-05-16 16:18:31.894500+00:00,KMDW,2026-05-16,0,SKIP,0.17134132902673027,0.03500000000000002,0.13634132902673024,0.13634132902673024,2.726826580534605,HRRR,12.29369945,-1.3877787807814457e-17,-1.3877787807814457e-17,-1.3877787807814457e-17,-1.3877787807814457e-17,-1.3877787807814457e-17,-1.3877787807814457e-17
67431,KXHIGHCHI-26MAY16-B81.5,2026-05-16 16:18:31.269156+00:00,KMDW,2026-05-16,0,SKIP,0.21932032226512474,0.07499999999999998,0.14432032226512476,0.14432032226512476,2.886406445302495,HRRR,12.28327705,-0.019999999999999983,0.04000000000000002,0.05000000000000002,-0.019999999999999983,0.04000000000000002,0.05000000000000002
67430,KXHIGHNY-26MAY17-B85.5,2026-05-16 16:18:30.684242+00:00,KNYC,2026-05-17,1,SKIP,0.2787525528721711,0.255,0.023752552872171095,0.023752552872171095,0.4750510574434219,NBM,129.78425473333334,0.0,0.0,-0.020000000000000018,0.0,0.0,-0.020000000000000018
67429,KXHIGHCHI-26MAY16-B87.5,2026-05-16 16:18:30.098310+00:00,KMDW,2026-05-16,0,SKIP,0.09884888774525723,0.125,-0.026151112254742773,0.026151112254742773,0.5230222450948554,HRRR,12.26376295,0.010000000000000009,0.0,-0.05,-0.010000000000000009,-0.0,0.05
67428,KXHIGHCHI-26MAY16-B85.5,2026-05-16 16:18:29.463219+00:00,KMDW,2026-05-16,0,SKIP,0.2207993359269181,0.355,-0.13420066407308187,0.13420066407308187,2.6840132814616373,HRRR,12.2531781,0.0050000000000000044,-0.06,-0.06,-0.0050000000000000044,0.06,0.06
67426,KXHIGHCHI-26MAY16-B83.5,2026-05-16 16:18:28.252821+00:00,KMDW,2026-05-16,0,SKIP,0.24374086497852074,0.41500000000000004,-0.1712591350214793,0.1712591350214793,3.425182700429586,HRRR,12.2330048,0.004999999999999949,0.02999999999999997,0.06999999999999995,-0.004999999999999949,-0.02999999999999997,-0.06999999999999995
67425,KXHIGHCHI-26MAY17-T91,2026-05-16 16:18:27.607269+00:00,KMDW,2026-05-17,1,SKIP,0.12090919096178229,0.01500000000000001,0.10590919096178228,0.10590919096178228,2.1181838192356452,NBM,129.73297185,-1.0408340855860843e-17,0.019999999999999993,-0.010000000000000009,-1.0408340855860843e-17,0.019999999999999993,-0.010000000000000009
67424,KXHIGHCHI-26MAY17-B86.5,2026-05-16 16:18:26.965154+00:00,KMDW,2026-05-17,1,SKIP,0.20694902480270239,0.395,-0.18805097519729763,0.18805097519729763,3.7610195039459526,NBM,129.72226993333334,-0.015000000000000013,-0.040000000000000036,-0.09000000000000002,0.015000000000000013,0.040000000000000036,0.09000000000000002
67423,KXHIGHCHI-26MAY17-B88.5,2026-05-16 16:18:26.325072+00:00,KMDW,2026-05-17,1,SKIP,0.1336031699236574,0.095,0.03860316992365739,0.03860316992365739,0.7720633984731479,NBM,129.7116019,0.0,-0.015,0.0,0.0,-0.015,0.0
67422,KXHIGHCHI-26MAY17-T84,2026-05-16 16:18:25.650373+00:00,KMDW,2026-05-17,1,SKIP,0.47748801669530566,0.15500000000000003,0.32248801669530563,0.32248801669530563,6.449760333906112,NBM,129.70035691666666,-0.015000000000000013,-0.005000000000000032,0.02999999999999997,-0.015000000000000013,-0.005000000000000032,0.02999999999999997
67421,KXHIGHCHI-26MAY17-B84.5,2026-05-16 16:18:25.086697+00:00,KMDW,2026-05-17,1,SKIP,0.21818784423492238,0.28500000000000003,-0.06681215576507765,0.06681215576507765,1.336243115301553,NBM,129.69096231666666,0.009999999999999953,0.009999999999999953,0.04999999999999999,-0.009999999999999953,-0.009999999999999953,-0.04999999999999999
67420,KXHIGHCHI-26MAY17-B90.5,2026-05-16 16:18:24.459230+00:00,KMDW,2026-05-17,1,SKIP,0.12110625302041965,0.03500000000000002,0.08610625302041963,0.08610625302041963,1.7221250604083926,NBM,129.68050453333333,-1.3877787807814457e-17,-1.3877787807814457e-17,-1.3877787807814457e-17,-1.3877787807814457e-17,-1.3877787807814457e-17,-1.3877787807814457e-17
67419,KXHIGHMIA-26MAY16-B88.5,2026-05-16 16:18:23.800257+00:00,KMIA,2026-05-16,0,SKIP,0.5890486424729253,0.3,0.28904864247292533,0.28904864247292533,5.780972849458506,HRRR,12.1587954,-0.285,-0.295,-0.265,-0.285,-0.295,-0.265
67418,KXHIGHMIA-26MAY16-B90.5,2026-05-16 16:18:23.236258+00:00,KMIA,2026-05-16,0,SKIP,0.10337323789853374,0.655,-0.5516267621014663,0.5516267621014663,11.032535242029326,HRRR,12.149395416666668,0.27,0.28,0.31999999999999995,-0.27,-0.28,-0.31999999999999995
67417,KXHIGHMIA-26MAY16-T91,2026-05-16 16:18:22.505554+00:00,KMIA,2026-05-16,0,SKIP,0.0897371795629636,0.09,-0.00026282043703639013,0.00026282043703639013,0.005256408740727803,HRRR,12.137217016666666,-0.01999999999999999,-0.03,-0.08,0.01999999999999999,0.03,0.08
67414,KXHIGHMIA-26MAY17-B87.5,2026-05-16 16:18:20.606757+00:00,KMIA,2026-05-17,1,SKIP,0.15350261511264196,0.43499999999999994,-0.281497384887358,0.281497384887358,5.629947697747159,NBM,129.61629665,-0.05999999999999994,-0.039999999999999925,-0.009999999999999953,0.05999999999999994,0.039999999999999925,0.009999999999999953
67413,KXHIGHMIA-26MAY17-B89.5,2026-05-16 16:18:19.988701+00:00,KMIA,2026-05-17,1,SKIP,0.12410313880909028,0.245,-0.12089686119090971,0.12089686119090971,2.417937223818194,NBM,129.60599571666665,-0.05499999999999999,-0.010000000000000009,0.0,0.05499999999999999,0.010000000000000009,-0.0
67411,KXHIGHMIA-26MAY17-T90,2026-05-16 16:18:18.706329+00:00,KMIA,2026-05-17,1,SKIP,0.12167500672571417,0.03500000000000002,0.08667500672571415,0.08667500672571415,1.733500134514283,NBM,129.58462285,-0.010000000000000016,-0.010000000000000016,-0.010000000000000016,-0.010000000000000016,-0.010000000000000016,-0.010000000000000016
67410,KXHIGHNY-26MAY16-T83,2026-05-16 16:18:18.068352+00:00,KNYC,2026-05-16,0,SKIP,0.05307090526130387,0.01500000000000001,0.038070905261303856,0.038070905261303856,0.7614181052260771,HRRR,12.06326365,-1.0408340855860843e-17,-0.010000000000000009,-0.010000000000000009,-1.0408340855860843e-17,-0.010000000000000009,-0.010000000000000009
67408,KXHIGHNY-26MAY16-B82.5,2026-05-16 16:18:16.861796+00:00,KNYC,2026-05-16,0,SKIP,0.05600519288457917,0.07499999999999998,-0.018994807115420814,0.018994807115420814,0.3798961423084163,HRRR,12.043154383333333,-0.029999999999999985,-0.019999999999999983,-0.019999999999999983,0.029999999999999985,0.019999999999999983,0.019999999999999983
67407,KXHIGHNY-26MAY16-B78.5,2026-05-16 16:18:16.228095+00:00,KNYC,2026-05-16,0,SKIP,0.4332843742915129,0.29000000000000004,0.14328437429151286,0.14328437429151286,2.8656874858302572,HRRR,12.0325927,-0.050000000000000044,-0.00500000000000006,-0.015000000000000013,-0.050000000000000044,-0.00500000000000006,-0.015000000000000013
67406,KXHIGHNY-26MAY17-B83.5,2026-05-16 16:18:15.651458+00:00,KNYC,2026-05-17,1,SKIP,0.24303366669734627,0.125,0.11803366669734627,0.11803366669734627,2.3606733339469255,NBM,129.53370833333332,0.0,-0.009999999999999995,-0.015,0.0,-0.009999999999999995,-0.015
67405,KXHIGHNY-26MAY17-B89.5,2026-05-16 16:18:15.043919+00:00,KNYC,2026-05-17,1,SKIP,0.14612597542111522,0.16500000000000004,-0.018874024578884818,0.018874024578884818,0.37748049157769636,NBM,129.52358268333333,0.004999999999999977,-2.7755575615628914e-17,0.03999999999999995,-0.004999999999999977,2.7755575615628914e-17,-0.03999999999999995
67404,KXHIGHNY-26MAY17-B87.5,2026-05-16 16:18:14.430102+00:00,KNYC,2026-05-17,1,SKIP,0.21007172886065806,0.33499999999999996,-0.1249282711393419,0.1249282711393419,2.498565422786838,NBM,129.5133524,-0.009999999999999953,5.551115123125783e-17,0.025000000000000022,0.009999999999999953,-5.551115123125783e-17,-0.025000000000000022
67403,KXHIGHNY-26MAY17-T83,2026-05-16 16:18:13.840287+00:00,KNYC,2026-05-17,1,SKIP,0.19915678772085846,0.045000000000000026,0.15415678772085845,0.15415678772085845,3.0831357544171687,NBM,129.50352215,0.009999999999999974,0.009999999999999974,-2.7755575615628914e-17,0.009999999999999974,0.009999999999999974,-2.7755575615628914e-17
67402,KXHIGHNY-26MAY17-T90,2026-05-16 16:18:13.219686+00:00,KNYC,2026-05-17,1,SKIP,0.11670555272943599,0.06499999999999997,0.05170555272943601,0.05170555272943601,1.0341110545887202,NBM,129.4931788,2.7755575615628914e-17,2.7755575615628914e-17,2.7755575615628914e-17,2.7755575615628914e-17,2.7755575615628914e-17,2.7755575615628914e-17
67401,KXHIGHMIA-26MAY17-B85.5,2026-05-16 16:18:12.547514+00:00,KMIA,2026-05-17,1,SKIP,0.2809765493789951,0.255,0.025976549378995073,0.025976549378995073,0.5195309875799015,NBM,129.48197593333333,-0.07500000000000001,-0.04000000000000001,-0.05000000000000002,-0.07500000000000001,-0.04000000000000001,-0.05000000000000002
67400,KXHIGHMIA-26MAY17-B83.5,2026-05-16 16:18:11.967430+00:00,KMIA,2026-05-17,1,SKIP,0.26244937037386695,0.045000000000000026,0.2174493703738669,0.2174493703738669,4.348987407477338,NBM,129.47230786666665,0.23999999999999994,0.07499999999999997,0.02999999999999997,0.23999999999999994,0.07499999999999997,0.02999999999999997
67399,KXHIGHNY-26MAY16-B76.5,2026-05-16 16:18:11.330849+00:00,KNYC,2026-05-16,0,SKIP,0.26823255599548673,0.03500000000000002,0.2332325559954867,0.2332325559954867,4.664651119909734,HRRR,11.950971933333333,0.009999999999999981,0.019999999999999983,0.02499999999999998,0.009999999999999981,0.019999999999999983,0.02499999999999998
67397,KXHIGHNY-26MAY16-B80.5,2026-05-16 16:18:10.065513+00:00,KNYC,2026-05-16,0,SKIP,0.09171489221114146,0.5700000000000001,-0.4782851077888586,0.4782851077888586,9.56570215577717,HRRR,11.929883,0.019999999999999907,-0.04500000000000004,0.02499999999999991,-0.019999999999999907,0.04500000000000004,-0.02499999999999991
67396,KXHIGHMIA-26MAY17-T90,2026-05-16 16:13:00.188098+00:00,KMIA,2026-05-17,1,SKIP,0.12153997635084134,0.03500000000000002,0.08653997635084132,0.08653997635084132,1.7307995270168264,NBM,124.27598566666667,-0.010000000000000016,-0.010000000000000016,-0.010000000000000016,-0.010000000000000016,-0.010000000000000016,-0.010000000000000016
67395,KXHIGHNY-26MAY17-B85.5,2026-05-16 16:12:59.536174+00:00,KNYC,2026-05-17,1,SKIP,0.2787525528721712,0.255,0.023752552872171206,0.023752552872171206,0.47505105744342413,NBM,124.26512026666667,0.0,0.0,-0.010000000000000009,0.0,0.0,-0.010000000000000009
67394,KXHIGHMIA-26MAY17-B87.5,2026-05-16 16:12:58.943455+00:00,KMIA,2026-05-17,1,SKIP,0.15055647717189635,0.43499999999999994,-0.2844435228281036,0.2844435228281036,5.688870456562071,NBM,124.25524161666667,0.010000000000000064,-0.04999999999999993,-0.009999999999999953,-0.010000000000000064,0.04999999999999993,0.009999999999999953
67393,KXHIGHNY-26MAY16-B82.5,2026-05-16 16:12:58.315340+00:00,KNYC,2026-05-16,0,SKIP,0.05590802526183881,0.07499999999999998,-0.019091974738161176,0.019091974738161176,0.3818394947632235,HRRR,6.7340467833333335,1.3877787807814457e-17,-0.019999999999999983,-0.009999999999999981,-1.3877787807814457e-17,0.019999999999999983,0.009999999999999981
67392,KXHIGHCHI-26MAY16-T81,2026-05-16 16:12:57.679857+00:00,KMDW,2026-05-16,0,SKIP,0.172608456995313,0.03500000000000002,0.137608456995313,0.137608456995313,2.7521691399062598,HRRR,6.7234554,-1.3877787807814457e-17,-1.3877787807814457e-17,-1.3877787807814457e-17,-1.3877787807814457e-17,-1.3877787807814457e-17,-1.3877787807814457e-17
67391,KXHIGHCHI-26MAY16-B85.5,2026-05-16 16:12:57.075023+00:00,KMDW,2026-05-16,0,SKIP,0.2206785683084297,0.355,-0.1343214316915703,0.1343214316915703,2.686428633831406,HRRR,6.713374833333333,0.0050000000000000044,-0.06,-0.06,-0.0050000000000000044,0.06,0.06
67390,KXHIGHCHI-26MAY16-B81.5,2026-05-16 16:12:56.473489+00:00,KMDW,2026-05-16,0,SKIP,0.220963449388038,0.07499999999999998,0.145963449388038,0.145963449388038,2.91926898776076,HRRR,6.703349266666667,-0.019999999999999983,0.04000000000000002,0.060000000000000026,-0.019999999999999983,0.04000000000000002,0.060000000000000026
67389,KXHIGHCHI-26MAY16-B87.5,2026-05-16 16:12:55.842007+00:00,KMDW,2026-05-16,0,SKIP,0.09682743279850592,0.14500000000000002,-0.0481725672014941,0.0481725672014941,0.963451344029882,HRRR,6.692824566666666,-0.010000000000000009,-0.010000000000000009,-0.07000000000000002,0.010000000000000009,0.010000000000000009,0.07000000000000002
67387,KXHIGHCHI-26MAY17-B86.5,2026-05-16 16:12:54.612284+00:00,KMDW,2026-05-17,1,SKIP,0.20157629073217775,0.39,-0.18842370926782226,0.18842370926782226,3.768474185356445,NBM,124.18305543333334,-0.010000000000000009,-0.04500000000000004,-0.08500000000000002,0.010000000000000009,0.04500000000000004,0.08500000000000002
67386,KXHIGHCHI-26MAY17-B84.5,2026-05-16 16:12:54.002797+00:00,KMDW,2026-05-17,1,SKIP,0.21793002616144047,0.28500000000000003,-0.06706997383855956,0.06706997383855956,1.3413994767711912,NBM,124.17289731666666,0.009999999999999953,0.009999999999999953,0.05499999999999999,-0.009999999999999953,-0.009999999999999953,-0.05499999999999999
67385,KXHIGHCHI-26MAY17-B90.5,2026-05-16 16:12:53.359153+00:00,KMDW,2026-05-17,1,SKIP,0.12090919096178229,0.03500000000000002,0.08590919096178228,0.08590919096178228,1.7181838192356453,NBM,124.16216991666667,-1.3877787807814457e-17,-1.3877787807814457e-17,-1.3877787807814457e-17,-1.3877787807814457e-17,-1.3877787807814457e-17,-1.3877787807814457e-17
67384,KXHIGHCHI-26MAY17-B88.5,2026-05-16 16:12:52.740345+00:00,KMDW,2026-05-17,1,SKIP,0.13315247749225267,0.09999999999999999,0.03315247749225268,0.03315247749225268,0.6630495498450536,NBM,124.15185645,1.3877787807814457e-17,-0.01999999999999999,-0.014999999999999986,1.3877787807814457e-17,-0.01999999999999999,-0.014999999999999986
67383,KXHIGHMIA-26MAY16-B88.5,2026-05-16 16:12:52.112536+00:00,KMIA,2026-05-16,0,SKIP,0.5869912297291552,0.54,0.04699122972915515,0.04699122972915515,0.939824594583103,HRRR,6.630666716666667,-0.515,-0.535,-0.515,-0.515,-0.535,-0.515
67382,KXHIGHMIA-26MAY16-B90.5,2026-05-16 16:12:51.524557+00:00,KMIA,2026-05-16,0,SKIP,0.10370889075364824,0.37,-0.26629110924635174,0.26629110924635174,5.325822184927034,HRRR,6.6208670666666665,0.535,0.5650000000000001,0.61,-0.535,-0.5650000000000001,-0.61
67381,KXHIGHMIA-26MAY16-T91,2026-05-16 16:12:50.892986+00:00,KMIA,2026-05-16,0,SKIP,0.09001106095469107,0.07999999999999999,0.010011060954691078,0.010011060954691078,0.20022121909382157,HRRR,6.6103408833333335,-0.009999999999999981,-0.014999999999999986,-0.04999999999999999,-0.009999999999999981,-0.014999999999999986,-0.04999999999999999
67377,KXHIGHMIA-26MAY17-B89.5,2026-05-16 16:12:48.408429+00:00,KMIA,2026-05-17,1,SKIP,0.12393765355809391,0.22499999999999998,-0.10106234644190606,0.10106234644190606,2.021246928838121,NBM,124.07965785,0.010000000000000009,-0.01999999999999999,0.010000000000000009,-0.010000000000000009,0.01999999999999999,-0.010000000000000009
67376,KXHIGHMIA-26MAY17-B85.5,2026-05-16 16:12:47.754228+00:00,KMIA,2026-05-17,1,SKIP,0.2761071882885464,0.255,0.021107188288546408,0.021107188288546408,0.42214376577092816,NBM,124.0687545,0.0,-0.035,-0.04500000000000001,0.0,-0.035,-0.04500000000000001
67375,KXHIGHMIA-26MAY17-B83.5,2026-05-16 16:12:47.144934+00:00,KMIA,2026-05-17,1,SKIP,0.26650737770239874,0.045000000000000026,0.2215073777023987,0.2215073777023987,4.430147554047974,NBM,124.0585996,-2.7755575615628914e-17,0.10999999999999997,0.02999999999999997,-2.7755575615628914e-17,0.10999999999999997,0.02999999999999997
67374,KXHIGHCHI-26MAY17-T84,2026-05-16 16:12:46.463734+00:00,KMDW,2026-05-17,1,SKIP,0.48393701107076564,0.17500000000000004,0.3089370110707656,0.3089370110707656,6.178740221415311,NBM,124.04724626666666,-0.03500000000000003,-0.03500000000000003,-0.015000000000000041,-0.03500000000000003,-0.03500000000000003,-0.015000000000000041
67373,KXHIGHCHI-26MAY17-T91,2026-05-16 16:12:45.896597+00:00,KMDW,2026-05-17,1,SKIP,0.12090919096178228,0.01500000000000001,0.10590919096178227,0.10590919096178227,2.1181838192356452,NBM,124.03779398333333,-1.0408340855860843e-17,0.10499999999999998,0.019999999999999993,-1.0408340855860843e-17,0.10499999999999998,0.019999999999999993
67372,KXHIGHNY-26MAY16-B78.5,2026-05-16 16:12:45.217714+00:00,KNYC,2026-05-16,0,SKIP,0.4339457488494619,0.36,0.07394574884946192,0.07394574884946192,1.4789149769892385,HRRR,6.515753016666666,-0.09499999999999997,-0.06,-0.015000000000000013,-0.09499999999999997,-0.06,-0.015000000000000013
67371,KXHIGHNY-26MAY16-T83,2026-05-16 16:12:44.615502+00:00,KNYC,2026-05-16,0,SKIP,0.05299161976338108,0.01500000000000001,0.03799161976338107,0.03799161976338107,0.7598323952676214,HRRR,6.50571615,-1.0408340855860843e-17,-0.010000000000000009,-0.010000000000000009,-1.0408340855860843e-17,-0.010000000000000009,-0.010000000000000009
67369,KXHIGHNY-26MAY17-B83.5,2026-05-16 16:12:43.370233+00:00,KNYC,2026-05-17,1,SKIP,0.18119582977902082,0.125,0.05619582977902082,0.05619582977902082,1.1239165955804165,NBM,123.99568791666667,0.0,-0.009999999999999995,-0.03,0.0,-0.009999999999999995,-0.03
67368,KXHIGHNY-26MAY17-T90,2026-05-16 16:12:42.766896+00:00,KNYC,2026-05-17,1,SKIP,0.11622903678805023,0.06499999999999997,0.051229036788050256,0.051229036788050256,1.024580735761005,NBM,123.9856323,2.7755575615628914e-17,2.7755575615628914e-17,2.7755575615628914e-17,2.7755575615628914e-17,2.7755575615628914e-17,2.7755575615628914e-17
67367,KXHIGHNY-26MAY17-B89.5,2026-05-16 16:12:42.102976+00:00,KNYC,2026-05-17,1,SKIP,0.1416996505571005,0.16000000000000003,-0.018300349442899544,0.018300349442899544,0.3660069888579909,NBM,123.97456696666667,0.004999999999999977,0.009999999999999981,0.04499999999999996,-0.004999999999999977,-0.009999999999999981,-0.04499999999999996
67366,KXHIGHNY-26MAY17-T83,2026-05-16 16:12:41.449004+00:00,KNYC,2026-05-17,1,SKIP,0.2024255699227433,0.045000000000000026,0.15742556992274326,0.15742556992274326,3.148511398454865,NBM,123.96366743333333,-2.7755575615628914e-17,0.009999999999999974,-2.7755575615628914e-17,-2.7755575615628914e-17,0.009999999999999974,-2.7755575615628914e-17
67365,KXHIGHNY-26MAY17-B87.5,2026-05-16 16:12:40.826068+00:00,KNYC,2026-05-17,1,SKIP,0.20680275270898713,0.33499999999999996,-0.12819724729101284,0.12819724729101284,2.5639449458202566,NBM,123.95328516666666,5.551115123125783e-17,-0.014999999999999958,0.030000000000000027,-5.551115123125783e-17,0.014999999999999958,-0.030000000000000027
67364,KXHIGHCHI-26MAY16-B83.5,2026-05-16 16:12:40.151892+00:00,KMDW,2026-05-16,0,SKIP,0.24322263538169892,0.395,-0.1517773646183011,0.1517773646183011,3.035547292366022,HRRR,6.43132265,0.024999999999999967,0.08999999999999997,0.07499999999999996,-0.024999999999999967,-0.08999999999999997,-0.07499999999999996
67363,KXHIGHNY-26MAY16-B76.5,2026-05-16 16:12:39.447913+00:00,KNYC,2026-05-16,0,SKIP,0.2693600150757549,0.03500000000000002,0.23436001507575488,0.23436001507575488,4.687200301515097,HRRR,6.419589666666667,0.009999999999999981,0.019999999999999983,0.019999999999999983,0.009999999999999981,0.019999999999999983,0.019999999999999983
67361,KXHIGHNY-26MAY16-B80.5,2026-05-16 16:12:38.183259+00:00,KNYC,2026-05-16,0,SKIP,0.1385189964756277,0.535,-0.3964810035243723,0.3964810035243723,7.929620070487446,HRRR,6.3985121,0.020000000000000018,0.020000000000000018,-0.030000000000000027,-0.020000000000000018,-0.020000000000000018,0.030000000000000027
67360,KXHIGHMIA-26MAY17-T90,2026-05-16 16:07:25.123406+00:00,KMIA,2026-05-17,1,SKIP,0.12140551220177595,0.03500000000000002,0.08640551220177593,0.08640551220177593,1.7281102440355185,NBM,118.69157413333333,-1.3877787807814457e-17,-0.010000000000000016,-0.010000000000000016,-1.3877787807814457e-17,-0.010000000000000016,-0.010000000000000016
67359,KXHIGHNY-26MAY17-B85.5,2026-05-16 16:07:24.506326+00:00,KNYC,2026-05-17,1,SKIP,0.2787525528721712,0.255,0.023752552872171206,0.023752552872171206,0.47505105744342413,NBM,118.68128946666667,0.0,0.0,-0.010000000000000009,0.0,0.0,-0.010000000000000009
67358,KXHIGHMIA-26MAY17-B87.5,2026-05-16 16:07:23.876605+00:00,KMIA,2026-05-17,1,SKIP,0.14758145237903417,0.43499999999999994,-0.28741854762096575,0.28741854762096575,5.7483709524193145,NBM,118.67079411666667,5.551115123125783e-17,-0.06999999999999995,-0.019999999999999962,-5.551115123125783e-17,0.06999999999999995,0.019999999999999962
67357,KXHIGHNY-26MAY16-B82.5,2026-05-16 16:07:23.255190+00:00,KNYC,2026-05-16,0,SKIP,0.05581066040052118,0.05500000000000003,0.0008106604005211487,0.0008106604005211487,0.016213208010422975,HRRR,1.14971095,0.01999999999999997,-0.01000000000000003,0.009999999999999974,0.01999999999999997,-0.01000000000000003,0.009999999999999974
67356,KXHIGHMIA-26MAY17-B83.5,2026-05-16 16:07:22.636170+00:00,KMIA,2026-05-17,1,SKIP,0.2705999157629626,0.045000000000000026,0.22559991576296257,0.22559991576296257,4.511998315259251,NBM,118.6501202,-2.7755575615628914e-17,0.12999999999999995,0.05499999999999998,-2.7755575615628914e-17,0.12999999999999995,0.05499999999999998
67355,KXHIGHMIA-26MAY17-B89.5,2026-05-16 16:07:21.996445+00:00,KMIA,2026-05-17,1,SKIP,0.12377286223999927,0.22499999999999998,-0.10122713776000071,0.10122713776000071,2.024542755200014,NBM,118.63945811666666,0.020000000000000018,-0.01999999999999999,0.010000000000000009,-0.020000000000000018,0.01999999999999999,-0.010000000000000009
67354,KXHIGHNY-26MAY16-T83,2026-05-16 16:07:21.321540+00:00,KNYC,2026-05-16,0,SKIP,0.052912173325441514,0.01500000000000001,0.0379121733254415,0.0379121733254415,0.75824346650883,HRRR,1.11748345,-1.0408340855860843e-17,-1.0408340855860843e-17,-0.010000000000000009,-1.0408340855860843e-17,-1.0408340855860843e-17,-0.010000000000000009
67353,KXHIGHCHI-26MAY16-B83.5,2026-05-16 16:07:20.684195+00:00,KMDW,2026-05-16,0,SKIP,0.24270007679584976,0.4,-0.15729992320415026,0.15729992320415026,3.145998464083005,HRRR,1.1068610333333333,0.034999999999999976,0.07499999999999996,0.07999999999999996,-0.034999999999999976,-0.07499999999999996,-0.07999999999999996
67352,KXHIGHCHI-26MAY16-B87.5,2026-05-16 16:07:20.080682+00:00,KMDW,2026-05-16,0,SKIP,0.09478638675121535,0.14500000000000002,-0.050213613248784664,0.050213613248784664,1.0042722649756932,HRRR,1.0968024833333332,-0.020000000000000018,-0.010000000000000009,-0.05500000000000002,0.020000000000000018,0.010000000000000009,0.05500000000000002
67351,KXHIGHCHI-26MAY16-B81.5,2026-05-16 16:07:19.469389+00:00,KMDW,2026-05-16,0,SKIP,0.22262096797191225,0.07499999999999998,0.14762096797191226,0.14762096797191226,2.9524193594382453,HRRR,1.0866142666666667,1.3877787807814457e-17,-0.019999999999999983,0.03500000000000002,1.3877787807814457e-17,-0.019999999999999983,0.03500000000000002
67350,KXHIGHCHI-26MAY16-T81,2026-05-16 16:07:18.870853+00:00,KMDW,2026-05-16,0,SKIP,0.17388603390367938,0.03500000000000002,0.13888603390367937,0.13888603390367937,2.7777206780735875,HRRR,1.0766386666666667,-1.3877787807814457e-17,-1.3877787807814457e-17,0.009999999999999981,-1.3877787807814457e-17,-1.3877787807814457e-17,0.009999999999999981
67349,KXHIGHCHI-26MAY16-B85.5,2026-05-16 16:07:18.268956+00:00,KMDW,2026-05-16,0,SKIP,0.2205569020456214,0.355,-0.1344430979543786,0.1344430979543786,2.6888619590875718,HRRR,1.06660705,-0.010000000000000009,-0.03999999999999998,-0.10999999999999999,0.010000000000000009,0.03999999999999998,0.10999999999999999
67347,KXHIGHCHI-26MAY17-B84.5,2026-05-16 16:07:16.988663+00:00,KMDW,2026-05-17,1,SKIP,0.21767001424105617,0.29000000000000004,-0.07232998575894387,0.07232998575894387,1.4465997151788772,NBM,118.55599508333333,0.004999999999999949,0.004999999999999949,0.04999999999999999,-0.004999999999999949,-0.004999999999999949,-0.04999999999999999
67346,KXHIGHCHI-26MAY17-T84,2026-05-16 16:07:16.347531+00:00,KMDW,2026-05-17,1,SKIP,0.4904408817632527,0.14,0.35044088176325267,0.35044088176325267,7.008817635265053,NBM,118.54530955,0.004999999999999977,0.004999999999999977,0.009999999999999981,0.004999999999999977,0.004999999999999977,0.009999999999999981
67345,KXHIGHCHI-26MAY17-B86.5,2026-05-16 16:07:15.785292+00:00,KMDW,2026-05-17,1,SKIP,0.1961413775254114,0.4,-0.20385862247458864,0.20385862247458864,4.077172449491773,NBM,118.5359389,-0.04500000000000004,-0.020000000000000018,-0.06,0.04500000000000004,0.020000000000000018,0.06
67344,KXHIGHCHI-26MAY17-T91,2026-05-16 16:07:15.142520+00:00,KMDW,2026-05-17,1,SKIP,0.12090919096178229,0.01500000000000001,0.10590919096178228,0.10590919096178228,2.1181838192356452,NBM,118.52522603333334,-1.0408340855860843e-17,-1.0408340855860843e-17,0.019999999999999993,-1.0408340855860843e-17,-1.0408340855860843e-17,0.019999999999999993
67343,KXHIGHCHI-26MAY17-B90.5,2026-05-16 16:07:14.517636+00:00,KMDW,2026-05-17,1,SKIP,0.12090919096178229,0.03500000000000002,0.08590919096178228,0.08590919096178228,1.7181838192356453,NBM,118.5148113,-1.3877787807814457e-17,-1.3877787807814457e-17,-1.3877787807814457e-17,-1.3877787807814457e-17,-1.3877787807814457e-17,-1.3877787807814457e-17
67342,KXHIGHCHI-26MAY17-B88.5,2026-05-16 16:07:13.915123+00:00,KMDW,2026-05-17,1,SKIP,0.13270701459981615,0.09999999999999999,0.03270701459981616,0.03270701459981616,0.6541402919963232,NBM,118.50476941666666,-0.0049999999999999906,-0.014999999999999986,-0.01999999999999999,-0.0049999999999999906,-0.014999999999999986,-0.01999999999999999
67341,KXHIGHMIA-26MAY16-B88.5,2026-05-16 16:07:13.243306+00:00,KMIA,2026-05-16,0,SKIP,0.5848735950258166,0.6599999999999999,-0.07512640497418333,0.07512640497418333,1.5025280994836665,HRRR,0.9828462166666667,-0.45499999999999996,-0.6449999999999999,-0.6449999999999999,0.45499999999999996,0.6449999999999999,0.6449999999999999
67340,KXHIGHMIA-26MAY16-T91,2026-05-16 16:07:12.675415+00:00,KMIA,2026-05-16,0,SKIP,0.09029397617226059,0.045000000000000026,0.04529397617226057,0.04529397617226057,0.9058795234452113,HRRR,0.9733813666666666,0.08999999999999998,0.03999999999999998,-0.015000000000000027,0.08999999999999998,0.03999999999999998,-0.015000000000000027
67339,KXHIGHMIA-26MAY16-B90.5,2026-05-16 16:07:12.055903+00:00,KMIA,2026-05-16,0,SKIP,0.10405561493207355,0.33499999999999996,-0.23094438506792642,0.23094438506792642,4.618887701358528,HRRR,0.9630561666666667,0.22000000000000008,0.5850000000000001,0.62,-0.22000000000000008,-0.5850000000000001,-0.62
67335,KXHIGHMIA-26MAY17-B85.5,2026-05-16 16:07:09.536968+00:00,KMIA,2026-05-17,1,SKIP,0.27119639242744076,0.255,0.016196392427440753,0.016196392427440753,0.32392784854881507,NBM,118.43180016666666,0.0,-0.04500000000000001,-0.03,0.0,-0.04500000000000001,-0.03
67334,KXHIGHNY-26MAY16-B76.5,2026-05-16 16:07:08.923185+00:00,KNYC,2026-05-16,0,SKIP,0.27049819405976994,0.045000000000000026,0.2254981940597699,0.2254981940597699,4.5099638811953975,HRRR,0.9108442,-0.010000000000000023,0.009999999999999974,0.009999999999999974,-0.010000000000000023,0.009999999999999974,0.009999999999999974
67333,KXHIGHNY-26MAY16-B78.5,2026-05-16 16:07:08.339137+00:00,KNYC,2026-05-16,0,SKIP,0.4346140033443817,0.395,0.0396140033443817,0.0396140033443817,0.792280066887634,HRRR,0.9011100666666667,-0.11000000000000004,-0.09500000000000003,-0.05499999999999999,-0.11000000000000004,-0.09500000000000003,-0.05499999999999999
67331,KXHIGHNY-26MAY17-B89.5,2026-05-16 16:07:07.127683+00:00,KNYC,2026-05-17,1,SKIP,0.13722654817860885,0.15500000000000003,-0.017773451821391173,0.017773451821391173,0.35546903642782346,NBM,118.39164541666666,0.009999999999999981,0.019999999999999962,0.054999999999999966,-0.009999999999999981,-0.019999999999999962,-0.054999999999999966
67330,KXHIGHNY-26MAY17-B83.5,2026-05-16 16:07:06.504228+00:00,KNYC,2026-05-17,1,SKIP,0.18614058584360071,0.125,0.061140585843600714,0.061140585843600714,1.2228117168720143,NBM,118.3812545,0.0,-0.009999999999999995,-0.03,0.0,-0.009999999999999995,-0.03
67329,KXHIGHNY-26MAY17-B87.5,2026-05-16 16:07:05.880183+00:00,KNYC,2026-05-17,1,SKIP,0.20350595991471976,0.33499999999999996,-0.1314940400852802,0.1314940400852802,2.629880801705604,NBM,118.37085375,5.551115123125783e-17,-0.014999999999999958,0.030000000000000027,-5.551115123125783e-17,0.014999999999999958,-0.030000000000000027
67328,KXHIGHNY-26MAY17-T83,2026-05-16 16:07:05.299724+00:00,KNYC,2026-05-17,1,SKIP,0.20572216711685112,0.045000000000000026,0.1607221671168511,0.1607221671168511,3.214443342337022,NBM,118.36117943333333,-2.7755575615628914e-17,0.014999999999999972,0.004999999999999977,-2.7755575615628914e-17,0.014999999999999972,0.004999999999999977
67327,KXHIGHNY-26MAY17-T90,2026-05-16 16:07:04.668006+00:00,KNYC,2026-05-17,1,SKIP,0.11575757870212149,0.06499999999999997,0.05075757870212151,0.05075757870212151,1.0151515740424302,NBM,118.3506508,2.7755575615628914e-17,2.7755575615628914e-17,2.7755575615628914e-17,2.7755575615628914e-17,2.7755575615628914e-17,2.7755575615628914e-17
67325,KXHIGHNY-26MAY16-B80.5,2026-05-16 16:07:03.315945+00:00,KNYC,2026-05-16,0,SKIP,0.13554454926403992,0.52,-0.3844554507359601,0.3844554507359601,7.689109014719202,HRRR,0.8173902,0.020000000000000018,0.05499999999999994,-0.010000000000000009,-0.020000000000000018,-0.05499999999999994,0.010000000000000009
67324,KXHIGHMIA-26MAY17-T90,2026-05-16 16:02:01.757257+00:00,KMIA,2026-05-17,1,SKIP,0.12127727203821324,0.03500000000000002,0.08627727203821323,0.08627727203821323,1.7255454407642645,NBM,113.30213831666667,-1.3877787807814457e-17,-0.010000000000000016,-0.010000000000000016,-1.3877787807814457e-17,-0.010000000000000016,-0.010000000000000016
67322,KXHIGHNY-26MAY17-B85.5,2026-05-16 16:02:00.514689+00:00,KNYC,2026-05-17,1,SKIP,0.2787525528721713,0.255,0.023752552872171317,0.023752552872171317,0.47505105744342635,NBM,113.28142885,0.0,0.0,-0.0050000000000000044,0.0,0.0,-0.0050000000000000044
67321,KXHIGHMIA-26MAY17-B85.5,2026-05-16 16:01:59.900827+00:00,KMIA,2026-05-17,1,SKIP,0.2664539385350314,0.255,0.011453938535031405,0.011453938535031405,0.2290787707006281,NBM,113.27119781666667,0.0,-0.07500000000000001,-0.04000000000000001,0.0,-0.07500000000000001,-0.04000000000000001
67320,KXHIGHMIA-26MAY17-B87.5,2026-05-16 16:01:59.331034+00:00,KMIA,2026-05-17,1,SKIP,0.14470481810338642,0.43499999999999994,-0.2902951818966135,0.2902951818966135,5.80590363793227,NBM,113.26170126666666,5.551115123125783e-17,-0.05999999999999994,-0.03499999999999992,-5.551115123125783e-17,0.05999999999999994,0.03499999999999992
67319,KXHIGHNY-26MAY16-B82.5,2026-05-16 16:01:58.698602+00:00,KNYC,2026-05-16,0,SKIP,0.05643451339669625,0.05500000000000003,0.0014345133966962229,0.0014345133966962229,0.028690267933924457,HRRR,55.755762016666665,-2.7755575615628914e-17,-0.01000000000000003,-0.015000000000000027,-2.7755575615628914e-17,-0.01000000000000003,-0.015000000000000027
67318,KXHIGHNY-26MAY16-B78.5,2026-05-16 16:01:58.084650+00:00,KNYC,2026-05-16,0,SKIP,0.430426049578586,0.375,0.05542604957858599,0.05542604957858599,1.1085209915717198,HRRR,55.745529483333335,-0.044999999999999984,-0.135,-0.010000000000000009,-0.044999999999999984,-0.135,-0.010000000000000009
67317,KXHIGHMIA-26MAY17-B83.5,2026-05-16 16:01:57.473626+00:00,KMIA,2026-05-17,1,SKIP,0.2206659742108156,0.045000000000000026,0.1756659742108156,0.1756659742108156,3.5133194842163116,NBM,113.23074446666666,-2.7755575615628914e-17,0.23999999999999994,0.06999999999999998,-2.7755575615628914e-17,0.23999999999999994,0.06999999999999998
67316,KXHIGHMIA-26MAY17-B89.5,2026-05-16 16:01:56.865125+00:00,KMIA,2026-05-17,1,SKIP,0.12361569867087673,0.235,-0.11138430132912326,0.11138430132912326,2.227686026582465,NBM,113.22060278333333,0.010000000000000009,-0.044999999999999984,0.0,-0.010000000000000009,0.044999999999999984,-0.0
67315,KXHIGHNY-26MAY16-T83,2026-05-16 16:01:56.176835+00:00,KNYC,2026-05-16,0,SKIP,0.05342121629713804,0.01500000000000001,0.03842121629713803,0.03842121629713803,0.7684243259427606,HRRR,55.713732566666664,-1.0408340855860843e-17,-1.0408340855860843e-17,-0.010000000000000009,-1.0408340855860843e-17,-1.0408340855860843e-17,-0.010000000000000009
67314,KXHIGHNY-26MAY16-B76.5,2026-05-16 16:01:55.576067+00:00,KNYC,2026-05-16,0,SKIP,0.26334853169951916,0.045000000000000026,0.21834853169951912,0.21834853169951912,4.366970633990382,HRRR,55.703719766666666,-2.7755575615628914e-17,-2.7755575615628914e-17,0.014999999999999972,-2.7755575615628914e-17,-2.7755575615628914e-17,0.014999999999999972
67313,KXHIGHCHI-26MAY16-B85.5,2026-05-16 16:01:54.989729+00:00,KMDW,2026-05-16,0,SKIP,0.2198977289245227,0.355,-0.1351022710754773,0.1351022710754773,2.7020454215095455,HRRR,55.693947466666664,0.0,0.0050000000000000044,-0.12999999999999998,-0.0,-0.0050000000000000044,0.12999999999999998
67312,KXHIGHCHI-26MAY16-B87.5,2026-05-16 16:01:54.402953+00:00,KMDW,2026-05-16,0,SKIP,0.0912169052446624,0.14500000000000002,-0.053783094755337615,0.053783094755337615,1.0756618951067523,HRRR,55.68416786666667,-0.020000000000000018,-0.010000000000000009,-0.06000000000000001,0.020000000000000018,0.010000000000000009,0.06000000000000001
67311,KXHIGHCHI-26MAY16-B81.5,2026-05-16 16:01:53.780930+00:00,KMDW,2026-05-16,0,SKIP,0.22492047522267045,0.07499999999999998,0.14992047522267046,0.14992047522267046,2.998409504453409,HRRR,55.67380081666667,1.3877787807814457e-17,-0.019999999999999983,0.07,1.3877787807814457e-17,-0.019999999999999983,0.07
67310,KXHIGHCHI-26MAY16-B83.5,2026-05-16 16:01:53.208244+00:00,KMDW,2026-05-16,0,SKIP,0.24132799043226863,0.43499999999999994,-0.1936720095677313,0.1936720095677313,3.873440191354626,HRRR,55.66425605,-0.019999999999999962,-0.014999999999999958,0.03500000000000003,0.019999999999999962,0.014999999999999958,-0.03500000000000003
67307,KXHIGHCHI-26MAY17-B88.5,2026-05-16 16:01:51.312890+00:00,KMDW,2026-05-17,1,SKIP,0.1322852918430939,0.09999999999999999,0.03228529184309391,0.03228529184309391,0.6457058368618781,NBM,113.12806553333333,-0.0049999999999999906,-0.0049999999999999906,-0.01999999999999999,-0.0049999999999999906,-0.0049999999999999906,-0.01999999999999999
67306,KXHIGHCHI-26MAY17-B86.5,2026-05-16 16:01:50.709904+00:00,KMDW,2026-05-17,1,SKIP,0.19087739236860557,0.4,-0.20912260763139445,0.20912260763139445,4.182452152627889,NBM,113.11801576666667,-0.0050000000000000044,-0.020000000000000018,-0.06,0.0050000000000000044,0.020000000000000018,0.06
67305,KXHIGHCHI-26MAY17-B84.5,2026-05-16 16:01:50.102934+00:00,KMDW,2026-05-17,1,SKIP,0.21741891552329715,0.29500000000000004,-0.0775810844767029,0.0775810844767029,1.5516216895340578,NBM,113.1078996,-0.010000000000000064,-5.551115123125783e-17,0.02999999999999997,0.010000000000000064,5.551115123125783e-17,-0.02999999999999997
67304,KXHIGHCHI-26MAY17-T91,2026-05-16 16:01:49.488568+00:00,KMDW,2026-05-17,1,SKIP,0.12090919096178229,0.01500000000000001,0.10590919096178228,0.10590919096178228,2.1181838192356452,NBM,113.09766016666667,-1.0408340855860843e-17,-1.0408340855860843e-17,0.019999999999999993,-1.0408340855860843e-17,-1.0408340855860843e-17,0.019999999999999993
67303,KXHIGHCHI-26MAY17-T84,2026-05-16 16:01:48.883578+00:00,KMDW,2026-05-17,1,SKIP,0.4967217999186169,0.125,0.3717217999186169,0.3717217999186169,7.434435998372338,NBM,113.087577,0.03,0.015000000000000013,0.024999999999999994,0.03,0.015000000000000013,0.024999999999999994
67302,KXHIGHCHI-26MAY17-B90.5,2026-05-16 16:01:48.291943+00:00,KMDW,2026-05-17,1,SKIP,0.12090919096178229,0.03500000000000002,0.08590919096178228,0.08590919096178228,1.7181838192356453,NBM,113.07771641666666,-1.3877787807814457e-17,-1.3877787807814457e-17,-1.3877787807814457e-17,-1.3877787807814457e-17,-1.3877787807814457e-17,-1.3877787807814457e-17
67301,KXHIGHMIA-26MAY16-B88.5,2026-05-16 16:01:47.657864+00:00,KMIA,2026-05-16,0,SKIP,0.619678431229948,0.62,-0.00032156877005196094,0.00032156877005196094,0.006431375401039219,HRRR,55.571749716666666,-0.325,-0.605,-0.595,0.325,0.605,0.595
67300,KXHIGHMIA-26MAY16-T91,2026-05-16 16:01:47.074176+00:00,KMIA,2026-05-16,0,SKIP,0.08368144384628022,0.045000000000000026,0.038681443846280195,0.038681443846280195,0.7736288769256039,HRRR,55.56202158333333,0.049999999999999975,0.02499999999999998,-0.020000000000000025,0.049999999999999975,0.02499999999999998,-0.020000000000000025
67299,KXHIGHMIA-26MAY16-B90.5,2026-05-16 16:01:46.456989+00:00,KMIA,2026-05-16,0,SKIP,0.09595168592560527,0.365,-0.2690483140743947,0.2690483140743947,5.380966281487894,HRRR,55.55173513333333,0.22499999999999998,0.56,0.6,-0.22499999999999998,-0.56,-0.6
67295,KXHIGHNY-26MAY16-B80.5,2026-05-16 16:01:43.884677+00:00,KNYC,2026-05-16,0,SKIP,0.10448211371241131,0.525,-0.4205178862875887,0.4205178862875887,8.410357725751773,HRRR,55.508863266666665,0.010000000000000009,0.06499999999999995,-0.03500000000000003,-0.010000000000000009,-0.06499999999999995,0.03500000000000003
67293,KXHIGHNY-26MAY17-B83.5,2026-05-16 16:01:42.631221+00:00,KNYC,2026-05-17,1,SKIP,0.19091583578449223,0.105,0.08591583578449223,0.08591583578449223,1.7183167156898445,NBM,112.98337105,0.020000000000000004,0.020000000000000004,-0.009999999999999995,0.020000000000000004,0.020000000000000004,-0.009999999999999995
67292,KXHIGHNY-26MAY17-B89.5,2026-05-16 16:01:42.000201+00:00,KNYC,2026-05-17,1,SKIP,0.13289826063046,0.14500000000000002,-0.01210173936954001,0.01210173936954001,0.2420347873908002,NBM,112.97285405,0.01999999999999999,0.024999999999999994,0.014999999999999986,-0.01999999999999999,-0.024999999999999994,-0.014999999999999986
67291,KXHIGHNY-26MAY17-B87.5,2026-05-16 16:01:41.375345+00:00,KNYC,2026-05-17,1,SKIP,0.20032218110129624,0.33499999999999996,-0.13467781889870373,0.13467781889870373,2.6935563779740743,NBM,112.96243978333334,5.551115123125783e-17,-0.009999999999999953,0.030000000000000027,-5.551115123125783e-17,0.009999999999999953,-0.030000000000000027
67290,KXHIGHNY-26MAY17-T83,2026-05-16 16:01:40.735938+00:00,KNYC,2026-05-17,1,SKIP,0.2089057570352842,0.045000000000000026,0.16390575703528415,0.16390575703528415,3.2781151407056828,NBM,112.951783,-2.7755575615628914e-17,0.009999999999999974,0.009999999999999974,-2.7755575615628914e-17,0.009999999999999974,0.009999999999999974
67289,KXHIGHNY-26MAY17-T90,2026-05-16 16:01:40.115101+00:00,KNYC,2026-05-17,1,SKIP,0.11531080520436925,0.06499999999999997,0.05031080520436927,0.05031080520436927,1.0062161040873854,NBM,112.94143571666666,2.7755575615628914e-17,2.7755575615628914e-17,2.7755575615628914e-17,2.7755575615628914e-17,2.7755575615628914e-17,2.7755575615628914e-17
67288,KXHIGHCHI-26MAY16-T81,2026-05-16 15:56:31.717774+00:00,KMDW,2026-05-16,0,SKIP,0.21712577320842238,0.020000000000000014,0.19712577320842237,0.19712577320842237,3.942515464168447,HRRR,50.30608155,0.014999999999999989,0.014999999999999989,0.024999999999999984,0.014999999999999989,0.014999999999999989,0.024999999999999984
67286,KXHIGHCHI-26MAY16-B83.5,2026-05-16 15:56:30.525093+00:00,KMDW,2026-05-16,0,SKIP,0.23294258154567885,0.43499999999999994,-0.2020574184543211,0.2020574184543211,4.041148369086422,HRRR,50.286203533333335,-0.039999999999999925,-0.014999999999999958,0.010000000000000064,0.039999999999999925,0.014999999999999958,-0.010000000000000064
67285,KXHIGHCHI-26MAY16-B85.5,2026-05-16 15:56:29.897528+00:00,KMDW,2026-05-16,0,SKIP,0.2111122528881312,0.355,-0.14388774711186877,0.14388774711186877,2.877754942237375,HRRR,50.275744116666665,0.0,0.0050000000000000044,-0.06,-0.0,-0.0050000000000000044,0.06
67284,KXHIGHCHI-26MAY16-B87.5,2026-05-16 15:56:29.286084+00:00,KMDW,2026-05-16,0,SKIP,0.06510076095427629,0.11,-0.04489923904572371,0.04489923904572371,0.8979847809144742,HRRR,50.265553383333334,0.03499999999999999,0.02500000000000001,0.020000000000000004,-0.03499999999999999,-0.02500000000000001,-0.020000000000000004
67283,KXHIGHCHI-26MAY16-B81.5,2026-05-16 15:56:28.676764+00:00,KMDW,2026-05-16,0,SKIP,0.251334791449272,0.07499999999999998,0.17633479144927203,0.17633479144927203,3.5266958289854404,HRRR,50.25539805,1.3877787807814457e-17,-0.019999999999999983,0.03500000000000002,1.3877787807814457e-17,-0.019999999999999983,0.03500000000000002
67282,KXHIGHCHI-26MAY17-B84.5,2026-05-16 15:56:28.044374+00:00,KMDW,2026-05-17,1,SKIP,0.2171626303036162,0.29000000000000004,-0.07283736969638382,0.07283736969638382,1.4567473939276765,NBM,107.74025693333333,-0.00500000000000006,0.004999999999999949,0.004999999999999949,0.00500000000000006,-0.004999999999999949,-0.004999999999999949
67281,KXHIGHCHI-26MAY17-T84,2026-05-16 15:56:27.448799+00:00,KMDW,2026-05-17,1,SKIP,0.5031324518869402,0.12000000000000001,0.38313245188694023,0.38313245188694023,7.662649037738804,NBM,107.73033068333334,0.039999999999999994,0.020000000000000004,0.029999999999999985,0.039999999999999994,0.020000000000000004,0.029999999999999985
67280,KXHIGHCHI-26MAY17-B86.5,2026-05-16 15:56:26.843710+00:00,KMDW,2026-05-17,1,SKIP,0.18548940160306226,0.365,-0.17951059839693773,0.17951059839693773,3.5902119679387545,NBM,107.72024586666667,0.025000000000000022,0.015000000000000013,-0.024999999999999967,-0.025000000000000022,-0.015000000000000013,0.024999999999999967
67279,KXHIGHCHI-26MAY17-T91,2026-05-16 15:56:26.235903+00:00,KMDW,2026-05-17,1,SKIP,0.12090919096178229,0.01500000000000001,0.10590919096178228,0.10590919096178228,2.1181838192356452,NBM,107.71011575,-1.0408340855860843e-17,-1.0408340855860843e-17,0.019999999999999993,-1.0408340855860843e-17,-1.0408340855860843e-17,0.019999999999999993
67278,KXHIGHCHI-26MAY17-B90.5,2026-05-16 15:56:25.599847+00:00,KMDW,2026-05-17,1,SKIP,0.12090919096178229,0.03500000000000002,0.08590919096178228,0.08590919096178228,1.7181838192356453,NBM,107.69951481666666,-1.3877787807814457e-17,-1.3877787807814457e-17,-1.3877787807814457e-17,-1.3877787807814457e-17,-1.3877787807814457e-17,-1.3877787807814457e-17
67277,KXHIGHCHI-26MAY17-B88.5,2026-05-16 15:56:24.981606+00:00,KMDW,2026-05-17,1,SKIP,0.13186327078660498,0.09,0.041863270786604984,0.041863270786604984,0.8372654157320997,NBM,107.6892108,0.010000000000000009,0.010000000000000009,-0.0049999999999999906,0.010000000000000009,0.010000000000000009,-0.0049999999999999906
67275,KXHIGHMIA-26MAY16-T91,2026-05-16 15:56:23.692630+00:00,KMIA,2026-05-16,0,SKIP,0.08773143287571887,0.025000000000000015,0.06273143287571886,0.06273143287571886,1.2546286575143772,HRRR,50.17232915,0.04499999999999999,0.04499999999999999,0.004999999999999984,0.04499999999999999,0.04499999999999999,0.004999999999999984
67272,KXHIGHMIA-26MAY16-B88.5,2026-05-16 15:56:21.791388+00:00,KMIA,2026-05-16,0,SKIP,0.5987018586322529,0.665,-0.06629814136774714,0.06629814136774714,1.3259628273549429,HRRR,50.140641783333336,-0.08000000000000007,-0.64,-0.635,0.08000000000000007,0.64,0.635
67271,KXHIGHMIA-26MAY16-B90.5,2026-05-16 15:56:21.218767+00:00,KMIA,2026-05-16,0,SKIP,0.10091511324112694,0.32999999999999996,-0.229084886758873,0.229084886758873,4.5816977351774595,HRRR,50.1310981,0.040000000000000036,0.5750000000000001,0.635,-0.040000000000000036,-0.5750000000000001,-0.635
67270,KXHIGHMIA-26MAY17-T90,2026-05-16 15:56:20.568283+00:00,KMIA,2026-05-17,1,SKIP,0.12114799857684543,0.03500000000000002,0.08614799857684541,0.08614799857684541,1.7229599715369082,NBM,107.61565541666667,-1.3877787807814457e-17,-0.010000000000000016,-0.010000000000000016,-1.3877787807814457e-17,-0.010000000000000016,-0.010000000000000016
67268,KXHIGHNY-26MAY16-B80.5,2026-05-16 15:56:19.297001+00:00,KNYC,2026-05-16,0,SKIP,0.1176863291134147,0.495,-0.3773136708865853,0.3773136708865853,7.5462734177317055,HRRR,50.09906866666667,0.050000000000000044,0.06000000000000005,-0.015000000000000013,-0.050000000000000044,-0.06000000000000005,0.015000000000000013
67266,KXHIGHNY-26MAY17-B85.5,2026-05-16 15:56:18.077580+00:00,KNYC,2026-05-17,1,SKIP,0.2787525528721714,0.255,0.023752552872171373,0.023752552872171373,0.47505105744342746,NBM,107.5741437,0.0,0.0,0.010000000000000009,0.0,0.0,0.010000000000000009
67265,KXHIGHNY-26MAY17-B83.5,2026-05-16 15:56:17.478387+00:00,KNYC,2026-05-17,1,SKIP,0.1957897196141467,0.105,0.09078971961414671,0.09078971961414671,1.815794392282934,NBM,107.56415715,0.020000000000000004,0.020000000000000004,0.010000000000000009,0.020000000000000004,0.020000000000000004,0.010000000000000009
67264,KXHIGHNY-26MAY17-T90,2026-05-16 15:56:16.854438+00:00,KNYC,2026-05-17,1,SKIP,0.11486327732575688,0.06499999999999997,0.049863277325756905,0.049863277325756905,0.9972655465151381,NBM,107.553758,2.7755575615628914e-17,2.7755575615628914e-17,2.7755575615628914e-17,2.7755575615628914e-17,2.7755575615628914e-17,2.7755575615628914e-17
67263,KXHIGHNY-26MAY17-T83,2026-05-16 15:56:16.217653+00:00,KNYC,2026-05-17,1,SKIP,0.21215510473765917,0.045000000000000026,0.16715510473765915,0.16715510473765915,3.343102094753183,NBM,107.54314491666666,-2.7755575615628914e-17,-2.7755575615628914e-17,0.004999999999999977,-2.7755575615628914e-17,-2.7755575615628914e-17,0.004999999999999977
67262,KXHIGHNY-26MAY17-B89.5,2026-05-16 15:56:15.616562+00:00,KNYC,2026-05-17,1,SKIP,0.12847209747607782,0.14500000000000002,-0.016527902523922194,0.016527902523922194,0.3305580504784439,NBM,107.53312673333333,0.009999999999999981,0.01999999999999999,0.014999999999999986,-0.009999999999999981,-0.01999999999999999,-0.014999999999999986
67261,KXHIGHNY-26MAY17-B87.5,2026-05-16 15:56:15.013695+00:00,KNYC,2026-05-17,1,SKIP,0.1970726406022613,0.33499999999999996,-0.13792735939773867,0.13792735939773867,2.758547187954773,NBM,107.52307895,5.551115123125783e-17,5.551115123125783e-17,0.010000000000000009,-5.551115123125783e-17,-5.551115123125783e-17,-0.010000000000000009
67260,KXHIGHMIA-26MAY17-B85.5,2026-05-16 15:56:14.371665+00:00,KMIA,2026-05-17,1,SKIP,0.2616135281638047,0.255,0.006613528163804672,0.006613528163804672,0.13227056327609343,NBM,107.51237845,0.0,0.0,-0.04000000000000001,0.0,0.0,-0.04000000000000001
67259,KXHIGHMIA-26MAY17-B87.5,2026-05-16 15:56:13.769383+00:00,KMIA,2026-05-17,1,SKIP,0.1417651708500275,0.43499999999999994,-0.29323482914997245,0.29323482914997245,5.864696582999449,NBM,107.50234041666667,5.551115123125783e-17,0.010000000000000064,-0.029999999999999916,-5.551115123125783e-17,-0.010000000000000064,0.029999999999999916
67258,KXHIGHNY-26MAY16-B82.5,2026-05-16 15:56:13.138773+00:00,KNYC,2026-05-16,0,SKIP,0.05479400289986846,0.05500000000000003,-0.00020599710013156913,0.00020599710013156913,0.004119942002631383,HRRR,49.996431533333336,0.01999999999999997,0.01999999999999997,0.01999999999999997,-0.01999999999999997,-0.01999999999999997,-0.01999999999999997
67257,KXHIGHNY-26MAY16-B78.5,2026-05-16 15:56:12.505486+00:00,KNYC,2026-05-16,0,SKIP,0.42095356567126374,0.375,0.04595356567126374,0.04595356567126374,0.9190713134252748,HRRR,49.98587675,-0.015000000000000013,-0.10999999999999999,-0.03999999999999998,-0.015000000000000013,-0.10999999999999999,-0.03999999999999998
67256,KXHIGHMIA-26MAY17-B83.5,2026-05-16 15:56:11.959860+00:00,KMIA,2026-05-17,1,SKIP,0.2246998547127295,0.045000000000000026,0.17969985471272948,0.17969985471272948,3.5939970942545894,NBM,107.4721817,-2.7755575615628914e-17,-2.7755575615628914e-17,0.07499999999999997,-2.7755575615628914e-17,-2.7755575615628914e-17,0.07499999999999997
67255,KXHIGHMIA-26MAY17-B89.5,2026-05-16 15:56:11.383057+00:00,KMIA,2026-05-17,1,SKIP,0.12345726875300243,0.235,-0.11154273124699755,0.11154273124699755,2.230854624939951,NBM,107.46256831666666,-0.009999999999999981,0.0,0.0,0.009999999999999981,-0.0,-0.0
67254,KXHIGHNY-26MAY16-T83,2026-05-16 15:56:10.704614+00:00,KNYC,2026-05-16,0,SKIP,0.052082615146668,0.01500000000000001,0.037082615146667997,0.037082615146667997,0.7416523029333599,HRRR,49.95586221666667,-1.0408340855860843e-17,-1.0408340855860843e-17,-0.010000000000000009,-1.0408340855860843e-17,-1.0408340855860843e-17,-0.010000000000000009
67253,KXHIGHNY-26MAY16-B76.5,2026-05-16 15:56:10.057373+00:00,KNYC,2026-05-16,0,SKIP,0.26665053000928673,0.06499999999999997,0.20165053000928676,0.20165053000928676,4.033010600185735,HRRR,49.945074866666666,-0.02999999999999997,-0.019999999999999976,-0.009999999999999974,-0.02999999999999997,-0.019999999999999976,-0.009999999999999974
67252,KXHIGHCHI-26MAY16-B83.5,2026-05-16 15:51:02.284851+00:00,KMDW,2026-05-16,0,SKIP,0.2312863674085621,0.43499999999999994,-0.20371363259143785,0.20371363259143785,4.074272651828757,HRRR,44.815532833333336,-0.029999999999999916,5.551115123125783e-17,0.010000000000000064,0.029999999999999916,-5.551115123125783e-17,-0.010000000000000064
67251,KXHIGHCHI-26MAY16-B87.5,2026-05-16 15:51:01.654415+00:00,KMDW,2026-05-16,0,SKIP,0.0630605398072192,0.105,-0.04193946019278079,0.04193946019278079,0.8387892038556157,HRRR,44.805025566666664,0.039999999999999994,0.020000000000000004,0.020000000000000004,-0.039999999999999994,-0.020000000000000004,-0.020000000000000004
67250,KXHIGHCHI-26MAY16-T81,2026-05-16 15:51:01.038668+00:00,KMDW,2026-05-16,0,SKIP,0.22208807081870927,0.020000000000000014,0.20208807081870925,0.20208807081870925,4.041761416374185,HRRR,44.794763116666665,0.014999999999999989,0.014999999999999989,0.014999999999999989,0.014999999999999989,0.014999999999999989,0.014999999999999989
67249,KXHIGHCHI-26MAY16-B85.5,2026-05-16 15:51:00.391203+00:00,KMDW,2026-05-16,0,SKIP,0.20942661423157424,0.355,-0.14557338576842574,0.14557338576842574,2.9114677153685147,HRRR,44.783972033333335,0.0,-0.010000000000000009,-0.06,-0.0,0.010000000000000009,0.06
67247,KXHIGHCHI-26MAY16-B81.5,2026-05-16 15:50:59.143516+00:00,KMDW,2026-05-16,0,SKIP,0.2521155448601812,0.07499999999999998,0.1771155448601812,0.1771155448601812,3.5423108972036235,HRRR,44.76317725,1.3877787807814457e-17,1.3877787807814457e-17,0.04000000000000002,1.3877787807814457e-17,1.3877787807814457e-17,0.04000000000000002
67246,KXHIGHCHI-26MAY17-B88.5,2026-05-16 15:50:58.475959+00:00,KMDW,2026-05-17,1,SKIP,0.13144949732484457,0.09,0.04144949732484457,0.04144949732484457,0.8289899464968914,NBM,102.24745001666666,0.010000000000000009,0.0050000000000000044,-0.009999999999999995,0.010000000000000009,0.0050000000000000044,-0.009999999999999995
67245,KXHIGHCHI-26MAY17-T91,2026-05-16 15:50:57.847665+00:00,KMDW,2026-05-17,1,SKIP,0.12090919096178229,0.01500000000000001,0.10590919096178228,0.10590919096178228,2.1181838192356452,NBM,102.23697845,-1.0408340855860843e-17,-1.0408340855860843e-17,0.019999999999999993,-1.0408340855860843e-17,-1.0408340855860843e-17,0.019999999999999993
67244,KXHIGHCHI-26MAY17-B90.5,2026-05-16 15:50:57.230469+00:00,KMDW,2026-05-17,1,SKIP,0.12090919096178229,0.03500000000000002,0.08590919096178228,0.08590919096178228,1.7181838192356453,NBM,102.22669185,-1.3877787807814457e-17,-1.3877787807814457e-17,-1.3877787807814457e-17,-1.3877787807814457e-17,-1.3877787807814457e-17,-1.3877787807814457e-17
67243,KXHIGHCHI-26MAY17-T84,2026-05-16 15:50:56.522260+00:00,KMDW,2026-05-17,1,SKIP,0.5095444220989838,0.17500000000000004,0.3345444220989837,0.3345444220989837,6.690888441979674,NBM,102.21488836666667,-0.02500000000000005,-0.030000000000000054,-0.02500000000000005,-0.02500000000000005,-0.030000000000000054,-0.02500000000000005
67242,KXHIGHCHI-26MAY17-B84.5,2026-05-16 15:50:55.929024+00:00,KMDW,2026-05-17,1,SKIP,0.21690629238315196,0.29500000000000004,-0.07809370761684808,0.07809370761684808,1.5618741523369617,NBM,102.2050011,-0.010000000000000064,-5.551115123125783e-17,-5.551115123125783e-17,0.010000000000000064,5.551115123125783e-17,5.551115123125783e-17
67241,KXHIGHCHI-26MAY17-B86.5,2026-05-16 15:50:55.223247+00:00,KMDW,2026-05-17,1,SKIP,0.18008516794115148,0.295,-0.1149148320588485,0.1149148320588485,2.29829664117697,NBM,102.19323815,0.10000000000000003,0.06,0.06,-0.10000000000000003,-0.06,-0.06
67240,KXHIGHMIA-26MAY16-B90.5,2026-05-16 15:50:54.525350+00:00,KMIA,2026-05-16,0,OPEN,0.10133983545859597,0.36,-0.258660164541404,0.258660164541404,5.17320329082808,HRRR,44.686207816666666,-0.024999999999999967,0.19500000000000006,0.5750000000000001,0.024999999999999967,-0.19500000000000006,-0.5750000000000001
67239,KXHIGHMIA-26MAY16-B88.5,2026-05-16 15:50:53.869716+00:00,KMIA,2026-05-16,0,OPEN,0.597351417468822,0.645,-0.047648582531177985,0.047648582531177985,0.9529716506235597,HRRR,44.67528058333333,0.010000000000000009,-0.44000000000000006,-0.64,-0.010000000000000009,0.44000000000000006,0.64
67238,KXHIGHMIA-26MAY16-T91,2026-05-16 15:50:53.250949+00:00,KMIA,2026-05-16,0,OPEN,0.08807799185844571,0.045000000000000026,0.043077991858445686,0.043077991858445686,0.8615598371689137,HRRR,44.6649678,-2.7755575615628914e-17,0.08999999999999998,0.014999999999999972,-2.7755575615628914e-17,0.08999999999999998,0.014999999999999972
67234,KXHIGHMIA-26MAY17-B85.5,2026-05-16 15:50:50.719699+00:00,KMIA,2026-05-17,1,SKIP,0.25677212244286907,0.255,0.0017721224428690618,0.0017721224428690618,0.03544244885738124,NBM,102.11817901666667,0.0,0.0,-0.04000000000000001,0.0,0.0,-0.04000000000000001
67233,KXHIGHMIA-26MAY17-B87.5,2026-05-16 15:50:50.149791+00:00,KMIA,2026-05-17,1,OPEN,0.13882133080072545,0.43499999999999994,-0.2961786691992745,0.2961786691992745,5.92357338398549,NBM,102.10868055,5.551115123125783e-17,5.551115123125783e-17,-0.039999999999999925,-5.551115123125783e-17,-5.551115123125783e-17,0.039999999999999925
67232,KXHIGHNY-26MAY16-B82.5,2026-05-16 15:50:49.524884+00:00,KNYC,2026-05-16,0,SKIP,0.05468176021787508,0.05500000000000003,-0.0003182397821249461,0.0003182397821249461,0.006364795642498922,HRRR,44.60286671666667,-2.7755575615628914e-17,0.01999999999999997,-2.7755575615628914e-17,2.7755575615628914e-17,-0.01999999999999997,2.7755575615628914e-17
67231,KXHIGHNY-26MAY16-B78.5,2026-05-16 15:50:48.901293+00:00,KNYC,2026-05-16,0,SKIP,0.4215305319579674,0.405,0.016530531957967387,0.016530531957967387,0.33061063915934774,HRRR,44.59247353333333,-0.010000000000000009,-0.12000000000000005,-0.12000000000000005,-0.010000000000000009,-0.12000000000000005,-0.12000000000000005
67229,KXHIGHNY-26MAY17-B89.5,2026-05-16 15:50:47.724374+00:00,KNYC,2026-05-17,1,SKIP,0.12403662074063852,0.14500000000000002,-0.020963379259361495,0.020963379259361495,0.4192675851872299,NBM,102.06825693333333,0.009999999999999981,0.01999999999999999,0.01999999999999999,-0.009999999999999981,-0.01999999999999999,-0.01999999999999999
67228,KXHIGHNY-26MAY17-T83,2026-05-16 15:50:47.060082+00:00,KNYC,2026-05-17,1,SKIP,0.21540512061422656,0.045000000000000026,0.17040512061422652,0.17040512061422652,3.4081024122845305,NBM,102.0571854,-2.7755575615628914e-17,-2.7755575615628914e-17,0.009999999999999974,-2.7755575615628914e-17,-2.7755575615628914e-17,0.009999999999999974
67227,KXHIGHNY-26MAY17-B85.5,2026-05-16 15:50:46.432512+00:00,KNYC,2026-05-17,1,SKIP,0.27875255287217143,0.255,0.02375255287217143,0.02375255287217143,0.47505105744342857,NBM,102.0467259,0.0,0.0,0.0,0.0,0.0,0.0
67226,KXHIGHNY-26MAY17-T90,2026-05-16 15:50:45.855311+00:00,KNYC,2026-05-17,1,SKIP,0.11442406083487904,0.06499999999999997,0.04942406083487906,0.04942406083487906,0.9884812166975812,NBM,102.03710588333334,2.7755575615628914e-17,2.7755575615628914e-17,2.7755575615628914e-17,2.7755575615628914e-17,2.7755575615628914e-17,2.7755575615628914e-17
67225,KXHIGHNY-26MAY17-B87.5,2026-05-16 15:50:45.185287+00:00,KNYC,2026-05-17,1,SKIP,0.19382243188938858,0.33499999999999996,-0.14117756811061138,0.14117756811061138,2.8235513622122275,NBM,102.02593881666667,5.551115123125783e-17,5.551115123125783e-17,5.551115123125783e-17,-5.551115123125783e-17,-5.551115123125783e-17,-5.551115123125783e-17
67224,KXHIGHNY-26MAY17-B83.5,2026-05-16 15:50:44.505454+00:00,KNYC,2026-05-17,1,SKIP,0.20066460567676933,0.105,0.09566460567676933,0.09566460567676933,1.9132921135353866,NBM,102.01460826666667,0.020000000000000004,0.020000000000000004,0.010000000000000009,0.020000000000000004,0.020000000000000004,0.010000000000000009
67223,KXHIGHMIA-26MAY17-B83.5,2026-05-16 15:50:43.854144+00:00,KMIA,2026-05-17,1,OPEN,0.22873456471492862,0.045000000000000026,0.1837345647149286,0.1837345647149286,3.674691294298572,NBM,102.0037531,-2.7755575615628914e-17,-2.7755575615628914e-17,0.07499999999999997,-2.7755575615628914e-17,-2.7755575615628914e-17,0.07499999999999997
67222,KXHIGHMIA-26MAY17-B89.5,2026-05-16 15:50:43.246195+00:00,KMIA,2026-05-17,1,OPEN,0.12330078223310602,0.235,-0.11169921776689397,0.11169921776689397,2.233984355337879,NBM,101.99362061666666,-0.009999999999999981,0.010000000000000009,0.0,0.009999999999999981,-0.010000000000000009,-0.0
67221,KXHIGHNY-26MAY16-T83,2026-05-16 15:50:42.600497+00:00,KNYC,2026-05-16,0,SKIP,0.05199102890961648,0.01500000000000001,0.036991028909616475,0.036991028909616475,0.7398205781923295,HRRR,44.487460266666666,-1.0408340855860843e-17,-1.0408340855860843e-17,-0.010000000000000009,-1.0408340855860843e-17,-1.0408340855860843e-17,-0.010000000000000009
67219,KXHIGHNY-26MAY16-B76.5,2026-05-16 15:50:41.212076+00:00,KNYC,2026-05-16,0,SKIP,0.2678981385037604,0.03500000000000002,0.23289813850376034,0.23289813850376034,4.657962770075207,HRRR,44.46431991666667,0.009999999999999981,-1.3877787807814457e-17,0.019999999999999983,0.009999999999999981,-1.3877787807814457e-17,0.019999999999999983
67218,KXHIGHMIA-26MAY17-T90,2026-05-16 15:50:40.605177+00:00,KMIA,2026-05-17,1,OPEN,0.12102031086258123,0.03500000000000002,0.08602031086258122,0.08602031086258122,1.7204062172516243,NBM,101.94960365,-1.3877787807814457e-17,-1.3877787807814457e-17,-0.010000000000000016,-1.3877787807814457e-17,-1.3877787807814457e-17,-0.010000000000000016
67217,KXHIGHNY-26MAY16-B80.5,2026-05-16 15:50:39.946440+00:00,KNYC,2026-05-16,0,SKIP,0.11428054308104019,0.51,-0.3957194569189598,0.3957194569189598,7.914389138379196,HRRR,44.443225983333335,-0.010000000000000009,0.030000000000000027,0.015000000000000013,0.010000000000000009,-0.030000000000000027,-0.015000000000000013
67216,KXHIGHNY-26MAY16-B82.5,2026-05-16 15:45:38.646319+00:00,KNYC,2026-05-16,0,SKIP,0.05457268231190504,0.05500000000000003,-0.0004273176880949872,0.0004273176880949872,0.008546353761899744,HRRR,39.4215573,-2.7755575615628914e-17,-2.7755575615628914e-17,-2.7755575615628914e-17,2.7755575615628914e-17,2.7755575615628914e-17,2.7755575615628914e-17
67215,KXHIGHNY-26MAY16-B78.5,2026-05-16 15:45:38.012853+00:00,KNYC,2026-05-16,0,SKIP,0.42096108037684943,0.43499999999999994,-0.014038919623150514,0.014038919623150514,0.2807783924630103,HRRR,39.41099953333333,-0.06499999999999995,-0.10499999999999993,-0.13499999999999995,0.06499999999999995,0.10499999999999993,0.13499999999999995
67214,KXHIGHMIA-26MAY17-B87.5,2026-05-16 15:45:37.426180+00:00,KMIA,2026-05-17,1,OPEN,0.13815035110967444,0.43499999999999994,-0.2968496488903255,0.2968496488903255,5.93699297780651,NBM,96.89662036666667,5.551115123125783e-17,5.551115123125783e-17,-0.04999999999999993,-5.551115123125783e-17,-5.551115123125783e-17,0.04999999999999993
67213,KXHIGHCHI-26MAY16-T81,2026-05-16 15:45:36.759910+00:00,KMDW,2026-05-16,0,SKIP,0.22357249977225652,0.020000000000000014,0.2035724997722565,0.2035724997722565,4.071449995445129,HRRR,39.39011715,-0.015000000000000013,0.014999999999999989,0.014999999999999989,-0.015000000000000013,0.014999999999999989,0.014999999999999989
67212,KXHIGHMIA-26MAY17-B85.5,2026-05-16 15:45:36.139809+00:00,KMIA,2026-05-17,1,SKIP,0.24981591711179893,0.255,-0.005184082888201075,0.005184082888201075,0.1036816577640215,NBM,96.87518085,0.0,0.0,-0.035,-0.0,-0.0,0.035
67210,KXHIGHCHI-26MAY16-B81.5,2026-05-16 15:45:34.896050+00:00,KMDW,2026-05-16,0,SKIP,0.2539786948538806,0.07499999999999998,0.1789786948538806,0.1789786948538806,3.5795738970776116,HRRR,39.35905281666667,1.3877787807814457e-17,1.3877787807814457e-17,0.04000000000000002,1.3877787807814457e-17,1.3877787807814457e-17,0.04000000000000002
67209,KXHIGHCHI-26MAY16-B83.5,2026-05-16 15:45:34.251126+00:00,KMDW,2026-05-16,0,SKIP,0.23068334327276716,0.43999999999999995,-0.2093166567272328,0.2093166567272328,4.186333134544656,HRRR,39.34830408333333,-0.004999999999999949,-0.024999999999999967,0.04500000000000004,0.004999999999999949,0.024999999999999967,-0.04500000000000004
67208,KXHIGHCHI-26MAY16-B85.5,2026-05-16 15:45:33.630747+00:00,KMDW,2026-05-16,0,SKIP,0.20870033827583798,0.355,-0.146299661724162,0.146299661724162,2.92599323448324,HRRR,39.33796443333333,0.0,0.0,-0.06,-0.0,-0.0,0.06
67207,KXHIGHCHI-26MAY16-B87.5,2026-05-16 15:45:33.032040+00:00,KMDW,2026-05-16,0,SKIP,0.06128231469416415,0.11499999999999999,-0.053717685305835844,0.053717685305835844,1.0743537061167168,HRRR,39.327985983333335,0.03,0.010000000000000009,0.020000000000000018,-0.03,-0.010000000000000009,-0.020000000000000018
67206,KXHIGHCHI-26MAY17-B90.5,2026-05-16 15:45:32.339704+00:00,KMDW,2026-05-17,1,SKIP,0.12090919096178229,0.03500000000000002,0.08590919096178228,0.08590919096178228,1.7181838192356453,NBM,96.81184576666666,-1.3877787807814457e-17,-1.3877787807814457e-17,-1.3877787807814457e-17,-1.3877787807814457e-17,-1.3877787807814457e-17,-1.3877787807814457e-17
67205,KXHIGHCHI-26MAY17-T91,2026-05-16 15:45:31.706679+00:00,KMDW,2026-05-17,1,SKIP,0.12090919096178229,0.01500000000000001,0.10590919096178228,0.10590919096178228,2.1181838192356452,NBM,96.80129535,-1.0408340855860843e-17,-1.0408340855860843e-17,0.10499999999999998,-1.0408340855860843e-17,-1.0408340855860843e-17,0.10499999999999998
67204,KXHIGHCHI-26MAY17-B88.5,2026-05-16 15:45:31.058232+00:00,KMDW,2026-05-17,1,SKIP,0.13105222635103952,0.09,0.04105222635103953,0.04105222635103953,0.8210445270207906,NBM,96.7904879,0.010000000000000009,0.0050000000000000044,-0.009999999999999995,0.010000000000000009,0.0050000000000000044,-0.009999999999999995
67203,KXHIGHCHI-26MAY17-T84,2026-05-16 15:45:30.442237+00:00,KMDW,2026-05-17,1,SKIP,0.5158233837828949,0.205,0.310823383782895,0.310823383782895,6.216467675657899,NBM,96.78022131666667,-0.06999999999999998,-0.04999999999999999,-0.06499999999999997,-0.06999999999999998,-0.04999999999999999,-0.06499999999999997
67202,KXHIGHCHI-26MAY17-B86.5,2026-05-16 15:45:29.864709+00:00,KMDW,2026-05-17,1,SKIP,0.1747786574281105,0.295,-0.12022134257188949,0.12022134257188949,2.4044268514377896,NBM,96.77059585,0.10500000000000004,0.10000000000000003,0.04999999999999999,-0.10500000000000004,-0.10000000000000003,-0.04999999999999999
67201,KXHIGHCHI-26MAY17-B84.5,2026-05-16 15:45:29.210364+00:00,KMDW,2026-05-17,1,SKIP,0.2166552718812621,0.30000000000000004,-0.08334472811873794,0.08334472811873794,1.6668945623747589,NBM,96.7596901,-0.00500000000000006,-0.015000000000000069,-0.00500000000000006,0.00500000000000006,0.015000000000000069,0.00500000000000006
67200,KXHIGHMIA-26MAY16-B88.5,2026-05-16 15:45:28.523676+00:00,KMIA,2026-05-16,0,OPEN,0.5959933767095199,0.6499999999999999,-0.054006623290480005,0.054006623290480005,1.0801324658096,HRRR,39.25284658333333,-0.019999999999999907,-0.3549999999999999,-0.6449999999999999,0.019999999999999907,0.3549999999999999,0.6449999999999999
67199,KXHIGHMIA-26MAY16-B90.5,2026-05-16 15:45:27.944226+00:00,KMIA,2026-05-16,0,OPEN,0.10176797579285385,0.33999999999999997,-0.23823202420714612,0.23823202420714612,4.764640484142922,HRRR,39.243189083333334,-0.004999999999999949,0.25,0.5950000000000001,0.004999999999999949,-0.25,-0.5950000000000001
67198,KXHIGHMIA-26MAY16-T91,2026-05-16 15:45:27.316639+00:00,KMIA,2026-05-16,0,OPEN,0.08842733990901157,0.045000000000000026,0.04342733990901154,0.04342733990901154,0.8685467981802308,HRRR,39.2327293,-0.005000000000000025,0.049999999999999975,0.019999999999999976,-0.005000000000000025,0.049999999999999975,0.019999999999999976
67194,KXHIGHMIA-26MAY17-B83.5,2026-05-16 15:45:24.853218+00:00,KMIA,2026-05-17,1,OPEN,0.23268557956242772,0.045000000000000026,0.1876855795624277,0.1876855795624277,3.753711591248554,NBM,96.687071,-2.7755575615628914e-17,-2.7755575615628914e-17,0.10999999999999997,-2.7755575615628914e-17,-2.7755575615628914e-17,0.10999999999999997
67193,KXHIGHMIA-26MAY17-B89.5,2026-05-16 15:45:24.270356+00:00,KMIA,2026-05-17,1,OPEN,0.1231494332323859,0.235,-0.11185056676761408,0.11185056676761408,2.2370113353522814,NBM,96.67735663333333,0.0,0.010000000000000009,-0.03,-0.0,-0.010000000000000009,0.03
67192,KXHIGHNY-26MAY16-T83,2026-05-16 15:45:23.626717+00:00,KNYC,2026-05-16,0,SKIP,0.051902025022896654,0.01500000000000001,0.03690202502289665,0.03690202502289665,0.7380405004579329,HRRR,39.1712306,-1.0408340855860843e-17,-1.0408340855860843e-17,-0.010000000000000009,-1.0408340855860843e-17,-1.0408340855860843e-17,-0.010000000000000009
67191,KXHIGHNY-26MAY17-B85.5,2026-05-16 15:45:23.035521+00:00,KNYC,2026-05-17,1,SKIP,0.2787525528721716,0.255,0.023752552872171595,0.023752552872171595,0.4750510574434319,NBM,96.65677605,0.0,0.0,0.0,0.0,0.0,0.0
67190,KXHIGHNY-26MAY17-B87.5,2026-05-16 15:45:22.448092+00:00,KNYC,2026-05-17,1,SKIP,0.19063964480555054,0.33499999999999996,-0.14436035519444942,0.14436035519444942,2.887207103888988,NBM,96.64698556666667,5.551115123125783e-17,5.551115123125783e-17,-0.014999999999999958,-5.551115123125783e-17,-5.551115123125783e-17,0.014999999999999958
67189,KXHIGHNY-26MAY17-B83.5,2026-05-16 15:45:21.827291+00:00,KNYC,2026-05-17,1,SKIP,0.205438368153574,0.105,0.100438368153574,0.100438368153574,2.0087673630714797,NBM,96.63663888333333,0.0,0.020000000000000004,0.010000000000000009,0.0,0.020000000000000004,0.010000000000000009
67188,KXHIGHNY-26MAY17-T90,2026-05-16 15:45:21.236422+00:00,KNYC,2026-05-17,1,SKIP,0.11400194807255286,0.06499999999999997,0.049001948072552884,0.049001948072552884,0.9800389614510576,NBM,96.62679106666667,2.7755575615628914e-17,2.7755575615628914e-17,2.7755575615628914e-17,2.7755575615628914e-17,2.7755575615628914e-17,2.7755575615628914e-17
67187,KXHIGHNY-26MAY17-T83,2026-05-16 15:45:20.653628+00:00,KNYC,2026-05-17,1,SKIP,0.2185877188619137,0.045000000000000026,0.17358771886191365,0.17358771886191365,3.471754377238273,NBM,96.61707783333334,-2.7755575615628914e-17,-2.7755575615628914e-17,0.009999999999999974,-2.7755575615628914e-17,-2.7755575615628914e-17,0.009999999999999974
67186,KXHIGHNY-26MAY17-B89.5,2026-05-16 15:45:20.057475+00:00,KNYC,2026-05-17,1,SKIP,0.1196851598623107,0.14500000000000002,-0.025314840137689323,0.025314840137689323,0.5062968027537864,NBM,96.60714195,0.009999999999999981,0.01999999999999999,0.024999999999999994,-0.009999999999999981,-0.01999999999999999,-0.024999999999999994
67184,KXHIGHNY-26MAY16-B76.5,2026-05-16 15:45:18.756986+00:00,KNYC,2026-05-16,0,SKIP,0.26912017685595374,0.045000000000000026,0.2241201768559537,0.2241201768559537,4.482403537119073,HRRR,39.09006841666667,-2.7755575615628914e-17,-2.7755575615628914e-17,0.009999999999999974,-2.7755575615628914e-17,-2.7755575615628914e-17,0.009999999999999974
67182,KXHIGHMIA-26MAY17-T90,2026-05-16 15:45:17.562959+00:00,KMIA,2026-05-17,1,OPEN,0.12090919096178229,0.03500000000000002,0.08590919096178228,0.08590919096178228,1.7181838192356453,NBM,96.56556668333333,-1.3877787807814457e-17,-1.3877787807814457e-17,-0.010000000000000016,-1.3877787807814457e-17,-1.3877787807814457e-17,-0.010000000000000016
67181,KXHIGHNY-26MAY16-B80.5,2026-05-16 15:45:16.854970+00:00,KNYC,2026-05-16,0,SKIP,0.11207822310554894,0.475,-0.36292177689445104,0.36292177689445104,7.258435537889021,HRRR,39.05836815,0.030000000000000027,0.06000000000000005,0.08000000000000007,-0.030000000000000027,-0.06000000000000005,-0.08000000000000007
67180,KXHIGHNY-26MAY16-B82.5,2026-05-16 15:40:12.923158+00:00,KNYC,2026-05-16,0,SKIP,0.0544635147807897,0.045000000000000026,0.009463514780789675,0.009463514780789675,0.1892702956157935,HRRR,33.99283795,0.009999999999999974,0.02999999999999997,-2.7755575615628914e-17,0.009999999999999974,0.02999999999999997,-2.7755575615628914e-17
67179,KXHIGHNY-26MAY16-B78.5,2026-05-16 15:40:12.265907+00:00,KNYC,2026-05-16,0,SKIP,0.42038698767063104,0.42000000000000004,0.0003869876706310005,0.0003869876706310005,0.00773975341262001,HRRR,33.98188376666667,-0.025000000000000022,-0.06000000000000005,-0.12000000000000005,-0.025000000000000022,-0.06000000000000005,-0.12000000000000005
67178,KXHIGHMIA-26MAY17-B87.5,2026-05-16 15:40:11.601045+00:00,KMIA,2026-05-17,1,OPEN,0.13781483845859366,0.43499999999999994,-0.2971851615414063,0.2971851615414063,5.943703230828126,NBM,91.46620145,5.551115123125783e-17,5.551115123125783e-17,-0.06999999999999995,-5.551115123125783e-17,-5.551115123125783e-17,0.06999999999999995
67177,KXHIGHNY-26MAY17-B89.5,2026-05-16 15:40:10.961214+00:00,KNYC,2026-05-17,1,SKIP,0.11857173297576067,0.14500000000000002,-0.026428267024239352,0.026428267024239352,0.528565340484787,NBM,91.4555376,-2.7755575615628914e-17,0.009999999999999981,0.02999999999999997,2.7755575615628914e-17,-0.009999999999999981,-0.02999999999999997
67176,KXHIGHMIA-26MAY17-B85.5,2026-05-16 15:40:10.267426+00:00,KMIA,2026-05-17,1,SKIP,0.2424564141851928,0.255,-0.012543585814807218,0.012543585814807218,0.25087171629614435,NBM,91.44397446666666,0.0,0.0,-0.04500000000000001,-0.0,-0.0,0.04500000000000001
67174,KXHIGHCHI-26MAY16-B85.5,2026-05-16 15:40:09.085353+00:00,KMDW,2026-05-16,0,SKIP,0.20796795057372983,0.355,-0.14703204942627016,0.14703204942627016,2.940640988525403,HRRR,33.928874533333335,-0.0050000000000000044,0.0,-0.03999999999999998,0.0050000000000000044,-0.0,0.03999999999999998
67173,KXHIGHCHI-26MAY16-B87.5,2026-05-16 15:40:08.486192+00:00,KMDW,2026-05-16,0,SKIP,0.059486615664498095,0.11499999999999999,-0.055513384335501896,0.055513384335501896,1.1102676867100378,HRRR,33.91888851666667,-0.0049999999999999906,0.03,0.020000000000000018,0.0049999999999999906,-0.03,-0.020000000000000018
67172,KXHIGHCHI-26MAY16-B83.5,2026-05-16 15:40:07.846747+00:00,KMDW,2026-05-16,0,SKIP,0.23007526746320944,0.42499999999999993,-0.1949247325367905,0.1949247325367905,3.8984946507358096,HRRR,33.9082311,0.010000000000000064,-0.029999999999999916,0.050000000000000044,-0.010000000000000064,0.029999999999999916,-0.050000000000000044
67170,KXHIGHCHI-26MAY16-T81,2026-05-16 15:40:06.574170+00:00,KMDW,2026-05-16,0,SKIP,0.22506928518596384,0.01500000000000001,0.21006928518596382,0.21006928518596382,4.201385703719276,HRRR,33.887021483333335,-0.010000000000000009,0.019999999999999993,0.019999999999999993,-0.010000000000000009,0.019999999999999993,0.019999999999999993
67169,KXHIGHCHI-26MAY16-B81.5,2026-05-16 15:40:05.962376+00:00,KMDW,2026-05-16,0,SKIP,0.2558578395951726,0.07499999999999998,0.18085783959517263,0.18085783959517263,3.617156791903452,HRRR,33.87682491666666,1.3877787807814457e-17,1.3877787807814457e-17,-0.019999999999999983,1.3877787807814457e-17,1.3877787807814457e-17,-0.019999999999999983
67168,KXHIGHCHI-26MAY17-T91,2026-05-16 15:40:05.321824+00:00,KMDW,2026-05-17,1,SKIP,0.12090919096178229,0.025000000000000015,0.09590919096178227,0.09590919096178227,1.9181838192356453,NBM,91.36154776666666,-1.3877787807814457e-17,-0.010000000000000016,-0.010000000000000016,-1.3877787807814457e-17,-0.010000000000000016,-0.010000000000000016
67167,KXHIGHCHI-26MAY17-B88.5,2026-05-16 15:40:04.678618+00:00,KMDW,2026-05-17,1,SKIP,0.13065938025247714,0.09499999999999999,0.035659380252477155,0.035659380252477155,0.713187605049543,NBM,91.35082766666666,1.3877787807814457e-17,0.005000000000000018,-0.009999999999999981,1.3877787807814457e-17,0.005000000000000018,-0.009999999999999981
67166,KXHIGHCHI-26MAY17-B90.5,2026-05-16 15:40:04.064074+00:00,KMDW,2026-05-17,1,SKIP,0.12090919096178229,0.045000000000000026,0.07590919096178227,0.07590919096178227,1.5181838192356452,NBM,91.34058526666666,-0.010000000000000023,-0.010000000000000023,-0.010000000000000023,-0.010000000000000023,-0.010000000000000023,-0.010000000000000023
67165,KXHIGHCHI-26MAY17-B84.5,2026-05-16 15:40:03.452528+00:00,KMDW,2026-05-17,1,SKIP,0.21264858136257087,0.30000000000000004,-0.08735141863742918,0.08735141863742918,1.7470283727485836,NBM,91.33039283333333,-0.010000000000000064,-0.015000000000000069,-0.00500000000000006,0.010000000000000064,0.015000000000000069,0.00500000000000006
67164,KXHIGHCHI-26MAY17-T84,2026-05-16 15:40:02.819545+00:00,KMDW,2026-05-17,1,SKIP,0.5221553873745055,0.215,0.30715538737450554,0.30715538737450554,6.14310774749011,NBM,91.31984311666666,-0.09,-0.05499999999999999,-0.07,-0.09,-0.05499999999999999,-0.07
67163,KXHIGHCHI-26MAY17-B86.5,2026-05-16 15:40:02.242848+00:00,KMDW,2026-05-17,1,SKIP,0.17316673960019924,0.28,-0.10683326039980079,0.10683326039980079,2.136665207996016,NBM,91.3102315,0.10499999999999998,0.10999999999999999,0.09999999999999998,-0.10499999999999998,-0.10999999999999999,-0.09999999999999998
67161,KXHIGHMIA-26MAY17-B83.5,2026-05-16 15:40:00.871325+00:00,KMIA,2026-05-17,1,OPEN,0.2366699708462571,0.045000000000000026,0.1916699708462571,0.1916699708462571,3.8333994169251415,NBM,91.28737278333334,-2.7755575615628914e-17,-2.7755575615628914e-17,0.12999999999999995,-2.7755575615628914e-17,-2.7755575615628914e-17,0.12999999999999995
67160,KXHIGHMIA-26MAY16-B90.5,2026-05-16 15:40:00.233880+00:00,KMIA,2026-05-16,0,OPEN,0.10221241234068094,0.32499999999999996,-0.222787587659319,0.222787587659319,4.455751753186379,HRRR,33.781349983333335,-0.009999999999999953,0.04500000000000004,0.5950000000000001,0.009999999999999953,-0.04500000000000004,-0.5950000000000001
67159,KXHIGHMIA-26MAY16-T91,2026-05-16 15:39:59.572425+00:00,KMIA,2026-05-16,0,OPEN,0.08878998511937891,0.05500000000000003,0.03378998511937888,0.03378998511937888,0.6757997023875776,HRRR,33.77032573333333,-0.030000000000000027,0.014999999999999979,0.029999999999999978,-0.030000000000000027,0.014999999999999979,0.029999999999999978
67158,KXHIGHMIA-26MAY16-B88.5,2026-05-16 15:39:58.970083+00:00,KMIA,2026-05-16,0,OPEN,0.5945869221861714,0.6499999999999999,-0.05541307781382854,0.05541307781382854,1.1082615562765707,HRRR,33.7602867,0.025000000000000133,-0.06499999999999995,-0.6349999999999999,-0.025000000000000133,0.06499999999999995,0.6349999999999999
67155,KXHIGHNY-26MAY16-B76.5,2026-05-16 15:39:57.145113+00:00,KNYC,2026-05-16,0,SKIP,0.27035285218058663,0.045000000000000026,0.2253528521805866,0.2253528521805866,4.507057043611732,HRRR,33.72987053333333,0.009999999999999974,-0.010000000000000023,0.009999999999999974,0.009999999999999974,-0.010000000000000023,0.009999999999999974
67153,KXHIGHNY-26MAY17-T83,2026-05-16 15:39:55.946296+00:00,KNYC,2026-05-17,1,SKIP,0.2217972023003367,0.05000000000000003,0.17179720230033668,0.17179720230033668,3.4359440460067336,NBM,91.20528896666667,-0.005000000000000032,-0.005000000000000032,0.009999999999999967,-0.005000000000000032,-0.005000000000000032,0.009999999999999967
67152,KXHIGHNY-26MAY17-B87.5,2026-05-16 15:39:55.365102+00:00,KNYC,2026-05-17,1,SKIP,0.1841473170031861,0.33499999999999996,-0.15085268299681387,0.15085268299681387,3.0170536599362774,NBM,91.1956024,5.551115123125783e-17,5.551115123125783e-17,-0.014999999999999958,-5.551115123125783e-17,-5.551115123125783e-17,0.014999999999999958
67151,KXHIGHNY-26MAY17-B83.5,2026-05-16 15:39:54.746069+00:00,KNYC,2026-05-17,1,SKIP,0.21025245727695108,0.105,0.10525245727695108,0.10525245727695108,2.1050491455390214,NBM,91.18528518333333,0.0,0.020000000000000004,0.010000000000000009,0.0,0.020000000000000004,0.010000000000000009
67150,KXHIGHNY-26MAY17-B85.5,2026-05-16 15:39:54.122191+00:00,KNYC,2026-05-17,1,SKIP,0.2787525528721716,0.255,0.023752552872171595,0.023752552872171595,0.4750510574434319,NBM,91.17488721666666,0.0,0.0,0.0,0.0,0.0,0.0
67149,KXHIGHNY-26MAY17-T90,2026-05-16 15:39:53.500740+00:00,KNYC,2026-05-17,1,SKIP,0.11358413019966711,0.06499999999999997,0.04858413019966713,0.04858413019966713,0.9716826039933426,NBM,91.1645297,2.7755575615628914e-17,2.7755575615628914e-17,2.7755575615628914e-17,2.7755575615628914e-17,2.7755575615628914e-17,2.7755575615628914e-17
67148,KXHIGHMIA-26MAY17-T90,2026-05-16 15:39:52.851337+00:00,KMIA,2026-05-17,1,OPEN,0.12090919096178229,0.03500000000000002,0.08590919096178228,0.08590919096178228,1.7181838192356453,NBM,91.15370631666667,-1.3877787807814457e-17,-1.3877787807814457e-17,-0.010000000000000016,-1.3877787807814457e-17,-1.3877787807814457e-17,-0.010000000000000016
67147,KXHIGHMIA-26MAY17-B89.5,2026-05-16 15:39:52.209858+00:00,KMIA,2026-05-17,1,OPEN,0.1229986776804277,0.235,-0.11200132231957229,0.11200132231957229,2.2400264463914454,NBM,91.143015,0.0,-0.009999999999999981,-0.03,-0.0,0.009999999999999981,0.03
67146,KXHIGHNY-26MAY16-B80.5,2026-05-16 15:39:51.521004+00:00,KNYC,2026-05-16,0,SKIP,0.10985550297602842,0.49,-0.3801444970239716,0.3801444970239716,7.6028899404794315,HRRR,33.63613538333333,0.020000000000000018,0.05500000000000005,0.08499999999999996,-0.020000000000000018,-0.05500000000000005,-0.08499999999999996
67145,KXHIGHNY-26MAY16-T83,2026-05-16 15:39:50.868425+00:00,KNYC,2026-05-16,0,SKIP,0.051812948005085735,0.01500000000000001,0.03681294800508572,0.03681294800508572,0.7362589601017144,HRRR,33.625259066666665,-1.0408340855860843e-17,-1.0408340855860843e-17,-1.0408340855860843e-17,-1.0408340855860843e-17,-1.0408340855860843e-17,-1.0408340855860843e-17
67144,KXHIGHNY-26MAY16-B76.5,2026-05-16 15:34:47.688010+00:00,KNYC,2026-05-16,0,SKIP,0.27158123696823083,0.045000000000000026,0.2265812369682308,0.2265812369682308,4.531624739364616,HRRR,28.57225215,0.004999999999999977,-2.7755575615628914e-17,-2.7755575615628914e-17,0.004999999999999977,-2.7755575615628914e-17,-2.7755575615628914e-17
67143,KXHIGHNY-26MAY16-B82.5,2026-05-16 15:34:47.066730+00:00,KNYC,2026-05-16,0,SKIP,0.05435557960497684,0.045000000000000026,0.009355579604976814,0.009355579604976814,0.1871115920995363,HRRR,28.561897483333333,-2.7755575615628914e-17,0.009999999999999974,-2.7755575615628914e-17,-2.7755575615628914e-17,0.009999999999999974,-2.7755575615628914e-17
67142,KXHIGHNY-26MAY16-B78.5,2026-05-16 15:34:46.453807+00:00,KNYC,2026-05-16,0,SKIP,0.4198152106767587,0.46499999999999997,-0.04518478932324127,0.04518478932324127,0.9036957864648254,HRRR,28.5516821,-0.05999999999999994,-0.06999999999999995,-0.22499999999999998,0.05999999999999994,0.06999999999999995,0.22499999999999998
67141,KXHIGHMIA-26MAY17-B87.5,2026-05-16 15:34:45.900519+00:00,KMIA,2026-05-17,1,OPEN,0.13748468896363542,0.43499999999999994,-0.2975153110363645,0.2975153110363645,5.95030622072729,NBM,86.03785935,5.551115123125783e-17,5.551115123125783e-17,-0.05999999999999994,-5.551115123125783e-17,-5.551115123125783e-17,0.05999999999999994
67140,KXHIGHNY-26MAY17-B89.5,2026-05-16 15:34:45.272320+00:00,KNYC,2026-05-17,1,SKIP,0.118071036095088,0.14500000000000002,-0.02692896390491202,0.02692896390491202,0.5385792780982404,NBM,86.02738936666667,-2.7755575615628914e-17,0.009999999999999981,0.024999999999999994,2.7755575615628914e-17,-0.009999999999999981,-0.024999999999999994
67139,KXHIGHMIA-26MAY17-B85.5,2026-05-16 15:34:44.641168+00:00,KMIA,2026-05-17,1,SKIP,0.2351169540340928,0.255,-0.019883045965907203,0.019883045965907203,0.39766091931814407,NBM,86.01687016666666,0.0,0.0,-0.07500000000000001,-0.0,-0.0,0.07500000000000001
67137,KXHIGHMIA-26MAY17-B83.5,2026-05-16 15:34:43.475135+00:00,KMIA,2026-05-17,1,OPEN,0.24063947108715547,0.045000000000000026,0.19563947108715546,0.19563947108715546,3.912789421743109,NBM,85.99743628333333,-2.7755575615628914e-17,-2.7755575615628914e-17,0.23999999999999994,-2.7755575615628914e-17,-2.7755575615628914e-17,0.23999999999999994
67136,KXHIGHCHI-26MAY16-T81,2026-05-16 15:34:42.872194+00:00,KMDW,2026-05-16,0,SKIP,0.22656029231830427,0.01500000000000001,0.21156029231830425,0.21156029231830425,4.231205846366085,HRRR,28.49198855,0.0049999999999999906,0.019999999999999993,0.019999999999999993,0.0049999999999999906,0.019999999999999993,0.019999999999999993
67135,KXHIGHCHI-26MAY16-B87.5,2026-05-16 15:34:42.273962+00:00,KMDW,2026-05-16,0,SKIP,0.057695198932674614,0.11499999999999999,-0.05730480106732538,0.05730480106732538,1.1460960213465075,HRRR,28.482018016666668,-0.009999999999999995,0.03,0.020000000000000018,0.009999999999999995,-0.03,-0.020000000000000018
67134,KXHIGHCHI-26MAY16-B83.5,2026-05-16 15:34:41.665044+00:00,KMDW,2026-05-16,0,SKIP,0.2294695067638337,0.405,-0.17553049323616632,0.17553049323616632,3.5106098647233264,HRRR,28.471869383333335,0.02999999999999997,0.0,0.014999999999999958,-0.02999999999999997,-0.0,-0.014999999999999958
67133,KXHIGHCHI-26MAY16-B85.5,2026-05-16 15:34:41.077365+00:00,KMDW,2026-05-16,0,SKIP,0.20723832347564464,0.345,-0.13776167652435534,0.13776167652435534,2.7552335304871067,HRRR,28.462074733333335,0.010000000000000009,0.010000000000000009,0.015000000000000013,-0.010000000000000009,-0.010000000000000009,-0.015000000000000013
67132,KXHIGHCHI-26MAY16-B81.5,2026-05-16 15:34:40.481741+00:00,KMDW,2026-05-16,0,SKIP,0.2577302198814175,0.07499999999999998,0.1827302198814175,0.1827302198814175,3.6546043976283498,HRRR,28.452147666666665,1.3877787807814457e-17,1.3877787807814457e-17,-0.019999999999999983,1.3877787807814457e-17,1.3877787807814457e-17,-0.019999999999999983
67130,KXHIGHCHI-26MAY17-B90.5,2026-05-16 15:34:39.240500+00:00,KMDW,2026-05-17,1,SKIP,0.12090919096178229,0.045000000000000026,0.07590919096178227,0.07590919096178227,1.5181838192356452,NBM,85.92685903333333,-0.010000000000000023,-0.010000000000000023,-0.010000000000000023,-0.010000000000000023,-0.010000000000000023,-0.010000000000000023
67129,KXHIGHCHI-26MAY17-T91,2026-05-16 15:34:38.594281+00:00,KMDW,2026-05-17,1,SKIP,0.12090919096178229,0.025000000000000015,0.09590919096178227,0.09590919096178227,1.9181838192356453,NBM,85.91608871666666,-0.010000000000000016,-0.010000000000000016,-0.010000000000000016,-0.010000000000000016,-0.010000000000000016,-0.010000000000000016
67128,KXHIGHCHI-26MAY17-T84,2026-05-16 15:34:37.983484+00:00,KMDW,2026-05-17,1,SKIP,0.5284637260871943,0.28500000000000003,0.24346372608719424,0.24346372608719424,4.869274521743884,NBM,85.90590876666667,-0.11000000000000004,-0.13500000000000004,-0.14500000000000002,-0.11000000000000004,-0.13500000000000004,-0.14500000000000002
67127,KXHIGHCHI-26MAY17-B86.5,2026-05-16 15:34:37.394639+00:00,KMDW,2026-05-17,1,SKIP,0.1718449183896975,0.28,-0.10815508161030252,0.10815508161030252,2.1631016322060503,NBM,85.89609468333333,0.014999999999999958,0.11499999999999999,0.09999999999999998,-0.014999999999999958,-0.11499999999999999,-0.09999999999999998
67126,KXHIGHCHI-26MAY17-B84.5,2026-05-16 15:34:36.763736+00:00,KMDW,2026-05-17,1,SKIP,0.20835895724159512,0.29500000000000004,-0.08664104275840492,0.08664104275840492,1.7328208551680984,NBM,85.88557963333334,-5.551115123125783e-17,-0.010000000000000064,-5.551115123125783e-17,5.551115123125783e-17,0.010000000000000064,5.551115123125783e-17
67125,KXHIGHCHI-26MAY17-B88.5,2026-05-16 15:34:36.158841+00:00,KMDW,2026-05-17,1,SKIP,0.1302756212523456,0.08499999999999999,0.045275621252345605,0.045275621252345605,0.9055124250469121,NBM,85.87549805,0.0050000000000000044,0.015000000000000013,0.010000000000000009,0.0050000000000000044,0.015000000000000013,0.010000000000000009
67124,KXHIGHMIA-26MAY16-B90.5,2026-05-16 15:34:35.461990+00:00,KMIA,2026-05-16,0,OPEN,0.10266829237769287,0.31499999999999995,-0.21233170762230708,0.21233170762230708,4.246634152446141,HRRR,28.36848515,0.03500000000000003,0.020000000000000073,0.6100000000000001,-0.03500000000000003,-0.020000000000000073,-0.6100000000000001
67123,KXHIGHMIA-26MAY16-B88.5,2026-05-16 15:34:34.850181+00:00,KMIA,2026-05-16,0,SKIP,0.5931475288001281,0.595,-0.0018524711998718635,0.0018524711998718635,0.03704942399743727,HRRR,28.358288333333334,0.03500000000000003,0.06000000000000005,-0.58,-0.03500000000000003,-0.06000000000000005,0.58
67119,KXHIGHMIA-26MAY16-T91,2026-05-16 15:34:32.460047+00:00,KMIA,2026-05-16,0,OPEN,0.0891619678303705,0.05500000000000003,0.034161967830370475,0.034161967830370475,0.6832393566074094,HRRR,28.318452766666667,-0.01000000000000003,-0.01000000000000003,0.014999999999999979,-0.01000000000000003,-0.01000000000000003,0.014999999999999979
67118,KXHIGHMIA-26MAY17-T90,2026-05-16 15:34:31.753221+00:00,KMIA,2026-05-17,1,OPEN,0.12090919096178229,0.04000000000000002,0.08090919096178227,0.08090919096178227,1.6181838192356452,NBM,85.80207105,-0.005000000000000018,-0.005000000000000018,-0.01500000000000002,-0.005000000000000018,-0.005000000000000018,-0.01500000000000002
67117,KXHIGHMIA-26MAY17-B89.5,2026-05-16 15:34:31.096508+00:00,KMIA,2026-05-17,1,OPEN,0.12285033194985416,0.235,-0.11214966805014583,0.11214966805014583,2.2429933610029162,NBM,85.79112583333334,0.0,-0.009999999999999981,-0.044999999999999984,-0.0,0.009999999999999981,0.044999999999999984
67116,KXHIGHNY-26MAY16-B80.5,2026-05-16 15:34:30.456590+00:00,KNYC,2026-05-16,0,SKIP,0.10763930442140379,0.45499999999999996,-0.34736069557859617,0.34736069557859617,6.947213911571923,HRRR,28.285061816666666,0.050000000000000044,0.04500000000000004,0.135,-0.050000000000000044,-0.04500000000000004,-0.135
67115,KXHIGHNY-26MAY16-T83,2026-05-16 15:34:29.847700+00:00,KNYC,2026-05-16,0,SKIP,0.05172487654757374,0.01500000000000001,0.036724876547573726,0.036724876547573726,0.7344975309514745,HRRR,28.27491365,-1.0408340855860843e-17,-1.0408340855860843e-17,-1.0408340855860843e-17,-1.0408340855860843e-17,-1.0408340855860843e-17,-1.0408340855860843e-17
67113,KXHIGHNY-26MAY17-T83,2026-05-16 15:34:28.592660+00:00,KNYC,2026-05-17,1,SKIP,0.2249946907934196,0.045000000000000026,0.17999469079341957,0.17999469079341957,3.5998938158683913,NBM,85.74939503333333,-2.7755575615628914e-17,-2.7755575615628914e-17,0.009999999999999974,-2.7755575615628914e-17,-2.7755575615628914e-17,0.009999999999999974
67112,KXHIGHNY-26MAY17-B85.5,2026-05-16 15:34:27.976196+00:00,KNYC,2026-05-17,1,SKIP,0.2766865891334834,0.255,0.02168658913348337,0.02168658913348337,0.4337317826696674,NBM,85.73912063333333,0.0,0.0,0.0,0.0,0.0,0.0
67111,KXHIGHNY-26MAY17-T90,2026-05-16 15:34:27.419221+00:00,KNYC,2026-05-17,1,SKIP,0.11317557845812025,0.06499999999999997,0.048175578458120275,0.048175578458120275,0.9635115691624054,NBM,85.72983771666667,2.7755575615628914e-17,2.7755575615628914e-17,2.7755575615628914e-17,2.7755575615628914e-17,2.7755575615628914e-17,2.7755575615628914e-17
67110,KXHIGHNY-26MAY17-B87.5,2026-05-16 15:34:26.801103+00:00,KNYC,2026-05-17,1,SKIP,0.24586981533074848,0.33499999999999996,-0.08913018466925149,0.08913018466925149,1.7826036933850298,NBM,85.71953575,5.551115123125783e-17,5.551115123125783e-17,-0.009999999999999953,-5.551115123125783e-17,-5.551115123125783e-17,0.009999999999999953
67109,KXHIGHNY-26MAY17-B83.5,2026-05-16 15:34:26.174388+00:00,KNYC,2026-05-17,1,SKIP,0.2150485544907252,0.105,0.11004855449072522,0.11004855449072522,2.2009710898145043,NBM,85.7090905,0.0,0.020000000000000004,0.020000000000000004,0.0,0.020000000000000004,0.020000000000000004
67108,KXHIGHCHI-26MAY16-T81,2026-05-16 15:29:12.885189+00:00,KMDW,2026-05-16,0,SKIP,0.22969487637601146,0.01500000000000001,0.21469487637601145,0.21469487637601145,4.293897527520229,HRRR,22.992205133333332,0.0049999999999999906,-0.010000000000000009,0.019999999999999993,0.0049999999999999906,-0.010000000000000009,0.019999999999999993
67107,KXHIGHCHI-26MAY16-B83.5,2026-05-16 15:29:12.257570+00:00,KMDW,2026-05-16,0,SKIP,0.2283641963653698,0.41500000000000004,-0.18663580363463023,0.18663580363463023,3.7327160726926043,HRRR,22.981744816666666,0.024999999999999967,0.019999999999999962,0.004999999999999949,-0.024999999999999967,-0.019999999999999962,-0.004999999999999949
67106,KXHIGHCHI-26MAY16-B81.5,2026-05-16 15:29:11.639373+00:00,KMDW,2026-05-16,0,SKIP,0.25911882089155935,0.08499999999999999,0.17411882089155936,0.17411882089155936,3.482376417831187,HRRR,22.971441533333333,-0.009999999999999995,-0.009999999999999995,-0.029999999999999992,-0.009999999999999995,-0.009999999999999995,-0.029999999999999992
67105,KXHIGHCHI-26MAY16-B85.5,2026-05-16 15:29:11.039015+00:00,KMDW,2026-05-16,0,SKIP,0.2060515393978972,0.345,-0.13894846060210278,0.13894846060210278,2.7789692120420555,HRRR,22.961435566666665,0.010000000000000009,0.010000000000000009,0.015000000000000013,-0.010000000000000009,-0.010000000000000009,-0.015000000000000013
67104,KXHIGHCHI-26MAY16-B87.5,2026-05-16 15:29:10.431719+00:00,KMDW,2026-05-16,0,SKIP,0.055756461227114466,0.12,-0.06424353877288552,0.06424353877288552,1.2848707754577104,HRRR,22.951313966666667,-0.0049999999999999906,0.024999999999999994,0.015000000000000013,0.0049999999999999906,-0.024999999999999994,-0.015000000000000013
67102,KXHIGHCHI-26MAY17-B86.5,2026-05-16 15:29:09.011867+00:00,KMDW,2026-05-17,1,SKIP,0.1704665085864211,0.28,-0.10953349141357893,0.10953349141357893,2.1906698282715786,NBM,80.42304848333333,0.014999999999999958,0.12,0.09999999999999998,-0.014999999999999958,-0.12,-0.09999999999999998
67101,KXHIGHCHI-26MAY17-B90.5,2026-05-16 15:29:08.414136+00:00,KMDW,2026-05-17,1,SKIP,0.12090919096178229,0.045000000000000026,0.07590919096178227,0.07590919096178227,1.5181838192356452,NBM,80.4130863,-0.010000000000000023,-0.010000000000000023,-0.010000000000000023,-0.010000000000000023,-0.010000000000000023,-0.010000000000000023
67100,KXHIGHCHI-26MAY17-T84,2026-05-16 15:29:07.802684+00:00,KMDW,2026-05-17,1,SKIP,0.5349743793383832,0.275,0.2599743793383832,0.2599743793383832,5.199487586767663,NBM,80.40289543333333,-0.07000000000000003,-0.14,-0.135,-0.07000000000000003,-0.14,-0.135
67099,KXHIGHCHI-26MAY17-T91,2026-05-16 15:29:07.204081+00:00,KMDW,2026-05-17,1,SKIP,0.12090919096178229,0.025000000000000015,0.09590919096178227,0.09590919096178227,1.9181838192356453,NBM,80.39291871666667,-0.010000000000000016,-0.010000000000000016,-0.010000000000000016,-0.010000000000000016,-0.010000000000000016,-0.010000000000000016
67098,KXHIGHCHI-26MAY17-B88.5,2026-05-16 15:29:06.577782+00:00,KMDW,2026-05-17,1,SKIP,0.1298873723331575,0.09,0.039887372333157506,0.039887372333157506,0.7977474466631501,NBM,80.3824804,0.0,0.010000000000000009,0.010000000000000009,0.0,0.010000000000000009,0.010000000000000009
67097,KXHIGHCHI-26MAY17-B84.5,2026-05-16 15:29:05.965042+00:00,KMDW,2026-05-17,1,SKIP,0.20393176071623537,0.265,-0.06106823928376465,0.06106823928376465,1.221364785675293,NBM,80.37226806666666,0.03999999999999998,0.02999999999999997,0.02999999999999997,-0.03999999999999998,-0.02999999999999997,-0.02999999999999997
67096,KXHIGHMIA-26MAY16-B88.5,2026-05-16 15:29:05.220310+00:00,KMIA,2026-05-16,0,OPEN,0.5908767963486672,0.6499999999999999,-0.05912320365133272,0.05912320365133272,1.1824640730266545,HRRR,22.86445715,-0.02499999999999991,-0.019999999999999907,-0.6249999999999999,0.02499999999999991,0.019999999999999907,0.6249999999999999
67095,KXHIGHMIA-26MAY16-B90.5,2026-05-16 15:29:04.622645+00:00,KMIA,2026-05-16,0,OPEN,0.10307602567544409,0.30500000000000005,-0.20192397432455594,0.20192397432455594,4.038479486491118,HRRR,22.854496066666666,0.039999999999999925,0.02999999999999997,0.6,-0.039999999999999925,-0.02999999999999997,-0.6
67094,KXHIGHMIA-26MAY16-T91,2026-05-16 15:29:04.009268+00:00,KMIA,2026-05-16,0,SKIP,0.08949466442847835,0.07999999999999999,0.009494664428478364,0.009494664428478364,0.18989328856956728,HRRR,22.844273116666667,-0.01999999999999999,-0.03999999999999999,-0.009999999999999981,-0.01999999999999999,-0.03999999999999999,-0.009999999999999981
67090,KXHIGHMIA-26MAY17-B89.5,2026-05-16 15:29:01.380435+00:00,KMIA,2026-05-17,1,OPEN,0.1226991371778514,0.235,-0.11230086282214859,0.11230086282214859,2.2460172564429715,NBM,80.29585795,0.0,0.0,0.0,-0.0,-0.0,-0.0
67089,KXHIGHMIA-26MAY17-T90,2026-05-16 15:29:00.704814+00:00,KMIA,2026-05-17,1,OPEN,0.12090919096178229,0.04000000000000002,0.08090919096178227,0.08090919096178227,1.6181838192356452,NBM,80.2845976,-0.005000000000000018,-0.005000000000000018,-0.01500000000000002,-0.005000000000000018,-0.005000000000000018,-0.01500000000000002
67088,KXHIGHNY-26MAY16-B76.5,2026-05-16 15:29:00.066394+00:00,KNYC,2026-05-16,0,SKIP,0.2728493517317455,0.045000000000000026,0.22784935173174548,0.22784935173174548,4.5569870346349095,HRRR,22.77855855,-2.7755575615628914e-17,-2.7755575615628914e-17,-2.7755575615628914e-17,-2.7755575615628914e-17,-2.7755575615628914e-17,-2.7755575615628914e-17
67087,KXHIGHNY-26MAY16-B82.5,2026-05-16 15:28:59.487406+00:00,KNYC,2026-05-16,0,SKIP,0.05424503906172262,0.045000000000000026,0.009245039061722596,0.009245039061722596,0.18490078123445192,HRRR,22.76890875,0.009999999999999974,0.009999999999999974,0.02999999999999997,0.009999999999999974,0.009999999999999974,0.02999999999999997
67086,KXHIGHNY-26MAY16-B80.5,2026-05-16 15:28:58.891752+00:00,KNYC,2026-05-16,0,SKIP,0.1053501696467849,0.44999999999999996,-0.34464983035321506,0.34464983035321506,6.892996607064301,HRRR,22.758981183333333,0.010000000000000064,0.05500000000000005,0.1050000000000001,-0.010000000000000064,-0.05500000000000005,-0.1050000000000001
67085,KXHIGHNY-26MAY16-T83,2026-05-16 15:28:58.277635+00:00,KNYC,2026-05-16,0,SKIP,0.05163467919823662,0.01500000000000001,0.03663467919823661,0.03663467919823661,0.7326935839647322,HRRR,22.7487459,-1.0408340855860843e-17,-1.0408340855860843e-17,-1.0408340855860843e-17,-1.0408340855860843e-17,-1.0408340855860843e-17,-1.0408340855860843e-17
67083,KXHIGHNY-26MAY17-B83.5,2026-05-16 15:28:57.106560+00:00,KNYC,2026-05-17,1,SKIP,0.21999846719200064,0.105,0.11499846719200064,0.11499846719200064,2.299969343840013,NBM,80.2246267,0.0,0.0,0.020000000000000004,0.0,0.0,0.020000000000000004
67082,KXHIGHNY-26MAY17-B87.5,2026-05-16 15:28:56.517600+00:00,KNYC,2026-05-17,1,SKIP,0.24184039254358003,0.33499999999999996,-0.09315960745641994,0.09315960745641994,1.8631921491283987,NBM,80.2148107,5.551115123125783e-17,5.551115123125783e-17,5.551115123125783e-17,-5.551115123125783e-17,-5.551115123125783e-17,-5.551115123125783e-17
67081,KXHIGHNY-26MAY17-T90,2026-05-16 15:28:55.927008+00:00,KNYC,2026-05-17,1,SKIP,0.11276183740761551,0.06499999999999997,0.04776183740761554,0.04776183740761554,0.9552367481523107,NBM,80.2049675,2.7755575615628914e-17,2.7755575615628914e-17,2.7755575615628914e-17,2.7755575615628914e-17,2.7755575615628914e-17,2.7755575615628914e-17
67080,KXHIGHNY-26MAY17-T83,2026-05-16 15:28:55.326309+00:00,KNYC,2026-05-17,1,SKIP,0.22829472584246735,0.045000000000000026,0.1832947258424673,0.1832947258424673,3.665894516849346,NBM,80.19495585,-2.7755575615628914e-17,-2.7755575615628914e-17,-2.7755575615628914e-17,-2.7755575615628914e-17,-2.7755575615628914e-17,-2.7755575615628914e-17
67079,KXHIGHNY-26MAY17-B85.5,2026-05-16 15:28:54.706230+00:00,KNYC,2026-05-17,1,SKIP,0.273386861812024,0.255,0.01838686181202398,0.01838686181202398,0.3677372362404796,NBM,80.1846212,0.0,0.0,0.0,0.0,0.0,0.0
67078,KXHIGHNY-26MAY16-B78.5,2026-05-16 15:28:54.123541+00:00,KNYC,2026-05-16,0,SKIP,0.4192252753938178,0.475,-0.05577472460618216,0.05577472460618216,1.1154944921236432,HRRR,22.679511,-0.024999999999999967,-0.10499999999999998,-0.20999999999999996,0.024999999999999967,0.10499999999999998,0.20999999999999996
67077,KXHIGHMIA-26MAY17-B87.5,2026-05-16 15:28:53.513117+00:00,KMIA,2026-05-17,1,OPEN,0.13714819881036897,0.43499999999999994,-0.29785180118963095,0.29785180118963095,5.957036023792619,NBM,80.16473598333333,5.551115123125783e-17,5.551115123125783e-17,0.010000000000000064,-5.551115123125783e-17,-5.551115123125783e-17,-0.010000000000000064
67076,KXHIGHNY-26MAY17-B89.5,2026-05-16 15:28:52.890806+00:00,KNYC,2026-05-17,1,SKIP,0.11756397950389723,0.14500000000000002,-0.02743602049610279,0.02743602049610279,0.5487204099220557,NBM,80.15436413333333,-2.7755575615628914e-17,0.009999999999999981,0.01999999999999999,2.7755575615628914e-17,-0.009999999999999981,-0.01999999999999999
67075,KXHIGHMIA-26MAY17-B85.5,2026-05-16 15:28:52.211753+00:00,KMIA,2026-05-17,1,SKIP,0.2275343968619182,0.255,-0.0274656031380818,0.0274656031380818,0.549312062761636,NBM,80.14304658333333,0.0,0.0,0.0,-0.0,-0.0,-0.0
67073,KXHIGHMIA-26MAY17-B83.5,2026-05-16 15:28:51.005608+00:00,KMIA,2026-05-17,1,OPEN,0.24473627704924414,0.045000000000000026,0.19973627704924413,0.19973627704924413,3.9947255409848825,NBM,80.12294416666667,-2.7755575615628914e-17,-2.7755575615628914e-17,-2.7755575615628914e-17,-2.7755575615628914e-17,-2.7755575615628914e-17,-2.7755575615628914e-17
67072,KXHIGHCHI-26MAY16-B81.5,2026-05-16 15:23:49.244163+00:00,KMDW,2026-05-16,0,SKIP,0.2609756030031963,0.105,0.1559756030031963,0.1559756030031963,3.1195120600639257,HRRR,17.598188033333333,-0.03,-0.03,-0.03,-0.03,-0.03,-0.03
67071,KXHIGHCHI-26MAY16-B83.5,2026-05-16 15:23:48.658152+00:00,KMDW,2026-05-16,0,SKIP,0.22775741334192343,0.405,-0.1772425866580766,0.1772425866580766,3.544851733161532,HRRR,17.588421183333335,0.02999999999999997,0.02999999999999997,0.02999999999999997,-0.02999999999999997,-0.02999999999999997,-0.02999999999999997
67070,KXHIGHCHI-26MAY16-B85.5,2026-05-16 15:23:48.081271+00:00,KMDW,2026-05-16,0,SKIP,0.20532201796122942,0.345,-0.13967798203877055,0.13967798203877055,2.7935596407754106,HRRR,17.5788065,0.010000000000000009,0.0050000000000000044,0.0,-0.010000000000000009,-0.0050000000000000044,-0.0
67068,KXHIGHCHI-26MAY16-B87.5,2026-05-16 15:23:46.845428+00:00,KMDW,2026-05-16,0,SKIP,0.053969781642332015,0.11499999999999999,-0.061030218357667976,0.061030218357667976,1.2206043671533595,HRRR,17.558209116666667,-0.009999999999999995,-0.0049999999999999906,0.010000000000000009,0.009999999999999995,0.0049999999999999906,-0.010000000000000009
67067,KXHIGHCHI-26MAY17-B84.5,2026-05-16 15:23:46.226954+00:00,KMDW,2026-05-17,1,SKIP,0.19965811857569435,0.265,-0.06534188142430566,0.06534188142430566,1.3068376284861132,NBM,75.04329993333333,0.034999999999999976,0.024999999999999967,0.02999999999999997,-0.034999999999999976,-0.024999999999999967,-0.02999999999999997
67066,KXHIGHCHI-26MAY17-B88.5,2026-05-16 15:23:45.597582+00:00,KMDW,2026-05-17,1,SKIP,0.1295199744568074,0.08499999999999999,0.044519974456807415,0.044519974456807415,0.8903994891361483,NBM,75.0328104,0.0050000000000000044,0.010000000000000009,0.010000000000000009,0.0050000000000000044,0.010000000000000009,0.010000000000000009
67065,KXHIGHCHI-26MAY17-B90.5,2026-05-16 15:23:44.965100+00:00,KMDW,2026-05-17,1,SKIP,0.12090919096178229,0.045000000000000026,0.07590919096178227,0.07590919096178227,1.5181838192356452,NBM,75.02226903333333,-2.7755575615628914e-17,-0.010000000000000023,-0.010000000000000023,-2.7755575615628914e-17,-0.010000000000000023,-0.010000000000000023
67064,KXHIGHCHI-26MAY17-T84,2026-05-16 15:23:44.360563+00:00,KMDW,2026-05-17,1,SKIP,0.5412592148855175,0.32499999999999996,0.21625921488551758,0.21625921488551758,4.325184297710352,NBM,75.01219341666666,-0.09499999999999995,-0.19999999999999996,-0.17999999999999997,-0.09499999999999995,-0.19999999999999996,-0.17999999999999997
67063,KXHIGHCHI-26MAY17-B86.5,2026-05-16 15:23:43.758017+00:00,KMDW,2026-05-17,1,SKIP,0.16912249731291584,0.28,-0.11087750268708418,0.11087750268708418,2.2175500537416837,NBM,75.00215098333334,0.019999999999999962,0.10499999999999998,0.07499999999999996,-0.019999999999999962,-0.10499999999999998,-0.07499999999999996
67062,KXHIGHCHI-26MAY17-T91,2026-05-16 15:23:43.153707+00:00,KMDW,2026-05-17,1,SKIP,0.12090919096178229,0.025000000000000015,0.09590919096178227,0.09590919096178227,1.9181838192356453,NBM,74.99207915,-1.3877787807814457e-17,-1.3877787807814457e-17,-0.010000000000000016,-1.3877787807814457e-17,-1.3877787807814457e-17,-0.010000000000000016
67061,KXHIGHMIA-26MAY16-T91,2026-05-16 15:23:42.506061+00:00,KMIA,2026-05-16,0,SKIP,0.08981255108302971,0.09499999999999999,-0.005187448916970275,0.005187448916970275,0.1037489783394055,HRRR,17.485886333333333,-0.029999999999999985,-0.06999999999999998,0.04000000000000002,0.029999999999999985,0.06999999999999998,-0.04000000000000002
67060,KXHIGHMIA-26MAY16-B90.5,2026-05-16 15:23:41.872268+00:00,KMIA,2026-05-16,0,OPEN,0.1034656087812183,0.30500000000000005,-0.20153439121878175,0.20153439121878175,4.030687824375635,HRRR,17.475323116666665,0.04999999999999993,0.009999999999999953,0.25,-0.04999999999999993,-0.009999999999999953,-0.25
67059,KXHIGHMIA-26MAY16-B88.5,2026-05-16 15:23:41.222750+00:00,KMIA,2026-05-16,0,SKIP,0.5884817010099317,0.555,0.03348170100993164,0.03348170100993164,0.6696340201986328,HRRR,17.46449781666667,0.0,0.12,-0.3500000000000001,0.0,0.12,-0.3500000000000001
67055,KXHIGHMIA-26MAY17-T90,2026-05-16 15:23:38.732782+00:00,KMIA,2026-05-17,1,OPEN,0.12090919096178229,0.04000000000000002,0.08090919096178227,0.08090919096178227,1.6181838192356452,NBM,74.91839706666667,-0.005000000000000018,-0.005000000000000018,-0.005000000000000018,-0.005000000000000018,-0.005000000000000018,-0.005000000000000018
67054,KXHIGHMIA-26MAY17-B85.5,2026-05-16 15:23:38.116808+00:00,KMIA,2026-05-17,1,OPEN,0.22020749549582172,0.255,-0.034792504504178284,0.034792504504178284,0.6958500900835657,NBM,74.90813083333333,0.0,0.0,0.0,-0.0,-0.0,-0.0
67053,KXHIGHNY-26MAY16-B76.5,2026-05-16 15:23:37.523492+00:00,KNYC,2026-05-16,0,SKIP,0.27407380829362843,0.045000000000000026,0.2290738082936284,0.2290738082936284,4.581476165872568,HRRR,17.402843516666668,-2.7755575615628914e-17,0.009999999999999974,-0.010000000000000023,-2.7755575615628914e-17,0.009999999999999974,-0.010000000000000023
67052,KXHIGHNY-26MAY16-B80.5,2026-05-16 15:23:36.958519+00:00,KNYC,2026-05-16,0,SKIP,0.10313864701348119,0.43999999999999995,-0.33686135298651876,0.33686135298651876,6.737227059730375,HRRR,17.3934273,0.030000000000000027,0.07000000000000006,0.10000000000000009,-0.030000000000000027,-0.07000000000000006,-0.10000000000000009
67051,KXHIGHNY-26MAY16-B78.5,2026-05-16 15:23:36.297352+00:00,KNYC,2026-05-16,0,SKIP,0.4186559752982917,0.47,-0.05134402470170829,0.05134402470170829,1.0268804940341658,HRRR,17.38240785,-0.03999999999999998,-0.07499999999999996,-0.185,0.03999999999999998,0.07499999999999996,0.185
67050,KXHIGHNY-26MAY16-T83,2026-05-16 15:23:35.727313+00:00,KNYC,2026-05-16,0,SKIP,0.05154827832193809,0.01500000000000001,0.03654827832193808,0.03654827832193808,0.7309655664387615,HRRR,17.3729072,-1.0408340855860843e-17,-1.0408340855860843e-17,-1.0408340855860843e-17,-1.0408340855860843e-17,-1.0408340855860843e-17,-1.0408340855860843e-17
67048,KXHIGHNY-26MAY17-T83,2026-05-16 15:23:34.535385+00:00,KNYC,2026-05-17,1,SKIP,0.2314803013573748,0.045000000000000026,0.18648030135737476,0.18648030135737476,3.729606027147495,NBM,74.84844045,-2.7755575615628914e-17,-2.7755575615628914e-17,-2.7755575615628914e-17,-2.7755575615628914e-17,-2.7755575615628914e-17,-2.7755575615628914e-17
67047,KXHIGHNY-26MAY17-B87.5,2026-05-16 15:23:33.897774+00:00,KNYC,2026-05-17,1,SKIP,0.23793407461277105,0.33499999999999996,-0.09706592538722891,0.09706592538722891,1.9413185077445783,NBM,74.8378136,5.551115123125783e-17,5.551115123125783e-17,5.551115123125783e-17,-5.551115123125783e-17,-5.551115123125783e-17,-5.551115123125783e-17
67046,KXHIGHNY-26MAY17-T90,2026-05-16 15:23:33.305315+00:00,KNYC,2026-05-17,1,SKIP,0.11236992937135863,0.06499999999999997,0.04736992937135866,0.04736992937135866,0.9473985874271731,NBM,74.82793928333334,2.7755575615628914e-17,2.7755575615628914e-17,2.7755575615628914e-17,2.7755575615628914e-17,2.7755575615628914e-17,2.7755575615628914e-17
67045,KXHIGHNY-26MAY17-B83.5,2026-05-16 15:23:32.685811+00:00,KNYC,2026-05-17,1,SKIP,0.22477669544344417,0.105,0.11977669544344417,0.11977669544344417,2.395533908868883,NBM,74.81761421666667,0.0,0.0,0.020000000000000004,0.0,0.0,0.020000000000000004
67044,KXHIGHNY-26MAY17-B85.5,2026-05-16 15:23:32.070935+00:00,KNYC,2026-05-17,1,SKIP,0.27020158335137684,0.255,0.015201583351376835,0.015201583351376835,0.3040316670275367,NBM,74.80736628333334,0.0,0.0,0.0,0.0,0.0,0.0
67043,KXHIGHCHI-26MAY16-T81,2026-05-16 15:23:31.455156+00:00,KMDW,2026-05-16,0,SKIP,0.23119222937006476,0.01500000000000001,0.21619222937006474,0.21619222937006474,4.323844587401295,HRRR,17.301704583333333,-1.0408340855860843e-17,-0.010000000000000009,0.019999999999999993,-1.0408340855860843e-17,-0.010000000000000009,0.019999999999999993
67042,KXHIGHMIA-26MAY17-B87.5,2026-05-16 15:23:30.781125+00:00,KMIA,2026-05-17,1,OPEN,0.13682742161843264,0.43499999999999994,-0.2981725783815673,0.2981725783815673,5.9634515676313455,NBM,74.78586945,5.551115123125783e-17,5.551115123125783e-17,5.551115123125783e-17,-5.551115123125783e-17,-5.551115123125783e-17,-5.551115123125783e-17
67041,KXHIGHNY-26MAY17-B89.5,2026-05-16 15:23:30.160518+00:00,KNYC,2026-05-17,1,SKIP,0.11708368016525932,0.14500000000000002,-0.027916319834740702,0.027916319834740702,0.558326396694814,NBM,74.775526,-2.7755575615628914e-17,-2.7755575615628914e-17,0.01999999999999999,2.7755575615628914e-17,2.7755575615628914e-17,-0.01999999999999999
67039,KXHIGHMIA-26MAY17-B83.5,2026-05-16 15:23:28.867496+00:00,KMIA,2026-05-17,1,OPEN,0.2486909880047907,0.045000000000000026,0.20369098800479069,0.20369098800479069,4.073819760095813,NBM,74.75397563333334,-2.7755575615628914e-17,-2.7755575615628914e-17,-2.7755575615628914e-17,-2.7755575615628914e-17,-2.7755575615628914e-17,-2.7755575615628914e-17
67038,KXHIGHNY-26MAY16-B82.5,2026-05-16 15:23:28.280664+00:00,KNYC,2026-05-16,0,SKIP,0.05413915125156111,0.05500000000000003,-0.0008608487484389193,0.0008608487484389193,0.017216974968778387,HRRR,17.24879638333333,-2.7755575615628914e-17,-2.7755575615628914e-17,0.01999999999999997,2.7755575615628914e-17,2.7755575615628914e-17,-0.01999999999999997
67037,KXHIGHMIA-26MAY17-B89.5,2026-05-16 15:23:27.573962+00:00,KMIA,2026-05-17,1,OPEN,0.12255500269448626,0.235,-0.11244499730551373,0.11244499730551373,2.2488999461102743,NBM,74.73241673333334,0.0,0.0,0.010000000000000009,-0.0,-0.0,-0.010000000000000009
67036,KXHIGHMIA-26MAY17-T90,2026-05-16 15:18:25.840654+00:00,KMIA,2026-05-17,1,OPEN,0.12090919096178229,0.04000000000000002,0.08090919096178227,0.08090919096178227,1.6181838192356452,NBM,69.70352826666667,-0.005000000000000018,-0.005000000000000018,-0.005000000000000018,-0.005000000000000018,-0.005000000000000018,-0.005000000000000018
67035,KXHIGHNY-26MAY16-T83,2026-05-16 15:18:25.200241+00:00,KNYC,2026-05-16,0,SKIP,0.05146253247912025,0.01500000000000001,0.036462532479120235,0.036462532479120235,0.7292506495824047,HRRR,12.197456,-1.0408340855860843e-17,-1.0408340855860843e-17,-1.0408340855860843e-17,-1.0408340855860843e-17,-1.0408340855860843e-17,-1.0408340855860843e-17
67034,KXHIGHCHI-26MAY16-T81,2026-05-16 15:18:24.578672+00:00,KMDW,2026-05-16,0,SKIP,0.2326894188745588,0.01500000000000001,0.21768941887455878,0.21768941887455878,4.353788377491175,HRRR,12.187096516666667,-1.0408340855860843e-17,0.0049999999999999906,0.019999999999999993,-1.0408340855860843e-17,0.0049999999999999906,0.019999999999999993
67033,KXHIGHCHI-26MAY16-B83.5,2026-05-16 15:18:23.971200+00:00,KMDW,2026-05-16,0,SKIP,0.2274996728924468,0.405,-0.17750032710755323,0.17750032710755323,3.5500065421510643,HRRR,12.176971983333333,0.0,0.02999999999999997,0.009999999999999953,-0.0,-0.02999999999999997,-0.009999999999999953
67031,KXHIGHCHI-26MAY16-B85.5,2026-05-16 15:18:22.725744+00:00,KMDW,2026-05-16,0,SKIP,0.204592540771433,0.345,-0.14040745922856698,0.14040745922856698,2.8081491845713393,HRRR,12.156214383333333,0.010000000000000009,0.010000000000000009,0.010000000000000009,-0.010000000000000009,-0.010000000000000009,-0.010000000000000009
67030,KXHIGHCHI-26MAY16-B87.5,2026-05-16 15:18:22.114534+00:00,KMDW,2026-05-16,0,SKIP,0.052180902692986225,0.11499999999999999,-0.06281909730701377,0.06281909730701377,1.2563819461402752,HRRR,12.14602755,1.3877787807814457e-17,-0.009999999999999995,0.010000000000000009,-1.3877787807814457e-17,0.009999999999999995,-0.010000000000000009
67029,KXHIGHCHI-26MAY16-B81.5,2026-05-16 15:18:21.497597+00:00,KMDW,2026-05-16,0,SKIP,0.26248344876782914,0.09999999999999999,0.16248344876782916,0.16248344876782916,3.2496689753565833,HRRR,12.135745266666667,-0.024999999999999994,-0.024999999999999994,-0.024999999999999994,-0.024999999999999994,-0.024999999999999994,-0.024999999999999994
67028,KXHIGHCHI-26MAY17-B90.5,2026-05-16 15:18:20.801073+00:00,KMDW,2026-05-17,1,SKIP,0.12090919096178229,0.045000000000000026,0.07590919096178227,0.07590919096178227,1.5181838192356452,NBM,69.61953525,-2.7755575615628914e-17,-0.010000000000000023,-0.010000000000000023,-2.7755575615628914e-17,-0.010000000000000023,-0.010000000000000023
67027,KXHIGHCHI-26MAY17-B84.5,2026-05-16 15:18:20.178097+00:00,KMDW,2026-05-17,1,SKIP,0.19538466600531942,0.265,-0.06961533399468059,0.06961533399468059,1.3923066798936117,NBM,69.60915231666667,0.03999999999999998,0.02999999999999997,0.019999999999999962,-0.03999999999999998,-0.02999999999999997,-0.019999999999999962
67026,KXHIGHCHI-26MAY17-B86.5,2026-05-16 15:18:19.556819+00:00,KMDW,2026-05-17,1,SKIP,0.16776563055969573,0.28500000000000003,-0.1172343694403043,0.1172343694403043,2.344687388806086,NBM,69.59879768333333,-0.010000000000000009,0.009999999999999953,0.10999999999999999,0.010000000000000009,-0.009999999999999953,-0.10999999999999999
67025,KXHIGHCHI-26MAY17-T84,2026-05-16 15:18:18.916919+00:00,KMDW,2026-05-17,1,SKIP,0.5475437716499933,0.32999999999999996,0.2175437716499934,0.2175437716499934,4.350875432999867,NBM,69.58813268333333,-0.044999999999999984,-0.15499999999999997,-0.17499999999999996,-0.044999999999999984,-0.15499999999999997,-0.17499999999999996
67024,KXHIGHCHI-26MAY17-T91,2026-05-16 15:18:18.362280+00:00,KMDW,2026-05-17,1,SKIP,0.12090919096178229,0.025000000000000015,0.09590919096178227,0.09590919096178227,1.9181838192356453,NBM,69.5788887,-1.3877787807814457e-17,-0.010000000000000016,-0.010000000000000016,-1.3877787807814457e-17,-0.010000000000000016,-0.010000000000000016
67023,KXHIGHCHI-26MAY17-B88.5,2026-05-16 15:18:17.738611+00:00,KMDW,2026-05-17,1,SKIP,0.12915970484752426,0.07499999999999998,0.054159704847524276,0.054159704847524276,1.0831940969504854,NBM,69.56849421666666,0.015000000000000013,0.015000000000000013,0.020000000000000018,0.015000000000000013,0.015000000000000013,0.020000000000000018
67021,KXHIGHMIA-26MAY16-B88.5,2026-05-16 15:18:16.448293+00:00,KMIA,2026-05-16,0,SKIP,0.5860288278458294,0.5650000000000001,0.02102882784582938,0.02102882784582938,0.4205765569165876,HRRR,12.0515902,0.06999999999999995,0.06499999999999995,-0.2700000000000001,0.06999999999999995,0.06499999999999995,-0.2700000000000001
67020,KXHIGHMIA-26MAY16-T91,2026-05-16 15:18:15.853787+00:00,KMIA,2026-05-16,0,OPEN,0.09013951189879636,0.15000000000000002,-0.05986048810120366,0.05986048810120366,1.1972097620240731,HRRR,12.041681766666667,-0.09500000000000003,-0.10500000000000002,-0.05500000000000002,0.09500000000000003,0.10500000000000002,0.05500000000000002
67019,KXHIGHMIA-26MAY16-B90.5,2026-05-16 15:18:15.208786+00:00,KMIA,2026-05-16,0,OPEN,0.10386631264295292,0.28500000000000003,-0.1811336873570471,0.1811336873570471,3.622673747140942,HRRR,12.03093175,0.05999999999999994,0.06499999999999995,0.30499999999999994,-0.05999999999999994,-0.06499999999999995,-0.30499999999999994
67016,KXHIGHMIA-26MAY17-B87.5,2026-05-16 15:18:13.189029+00:00,KMIA,2026-05-17,1,OPEN,0.13651057996153448,0.43499999999999994,-0.29848942003846546,0.29848942003846546,5.969788400769309,NBM,69.49266785,5.551115123125783e-17,5.551115123125783e-17,5.551115123125783e-17,-5.551115123125783e-17,-5.551115123125783e-17,-5.551115123125783e-17
67015,KXHIGHNY-26MAY16-B80.5,2026-05-16 15:18:12.566811+00:00,KNYC,2026-05-16,0,SKIP,0.10092547661309614,0.43499999999999994,-0.3340745233869038,0.3340745233869038,6.681490467738076,HRRR,11.986898833333333,0.04500000000000004,0.07000000000000006,0.10000000000000009,-0.04500000000000004,-0.07000000000000006,-0.10000000000000009
67014,KXHIGHNY-26MAY17-B89.5,2026-05-16 15:18:11.971625+00:00,KNYC,2026-05-17,1,SKIP,0.11661224224310321,0.14500000000000002,-0.02838775775689681,0.02838775775689681,0.5677551551379362,NBM,69.47237778333333,-2.7755575615628914e-17,-2.7755575615628914e-17,0.01999999999999999,2.7755575615628914e-17,2.7755575615628914e-17,-0.01999999999999999
67013,KXHIGHNY-26MAY17-B87.5,2026-05-16 15:18:11.314784+00:00,KNYC,2026-05-17,1,SKIP,0.23401187661472866,0.33499999999999996,-0.1009881233852713,0.1009881233852713,2.019762467705426,NBM,69.46143043333333,5.551115123125783e-17,5.551115123125783e-17,5.551115123125783e-17,-5.551115123125783e-17,-5.551115123125783e-17,-5.551115123125783e-17
67012,KXHIGHNY-26MAY17-T83,2026-05-16 15:18:10.693704+00:00,KNYC,2026-05-17,1,SKIP,0.23466573556656245,0.045000000000000026,0.1896657355665624,0.1896657355665624,3.793314711331248,NBM,69.4510791,-2.7755575615628914e-17,-2.7755575615628914e-17,-2.7755575615628914e-17,-2.7755575615628914e-17,-2.7755575615628914e-17,-2.7755575615628914e-17
67011,KXHIGHNY-26MAY17-B83.5,2026-05-16 15:18:10.109719+00:00,KNYC,2026-05-17,1,SKIP,0.22955471174229714,0.105,0.12455471174229714,0.12455471174229714,2.4910942348459426,NBM,69.44134601666667,0.0,0.0,0.020000000000000004,0.0,0.0,0.020000000000000004
67010,KXHIGHNY-26MAY17-T90,2026-05-16 15:18:09.499667+00:00,KNYC,2026-05-17,1,SKIP,0.11198525195162048,0.06499999999999997,0.04698525195162051,0.04698525195162051,0.9397050390324102,NBM,69.43117848333333,2.7755575615628914e-17,2.7755575615628914e-17,2.7755575615628914e-17,2.7755575615628914e-17,2.7755575615628914e-17,2.7755575615628914e-17
67009,KXHIGHNY-26MAY17-B85.5,2026-05-16 15:18:08.873095+00:00,KNYC,2026-05-17,1,SKIP,0.2670164461832728,0.255,0.0120164461832728,0.0120164461832728,0.240328923665456,NBM,69.42073561666666,0.0,0.0,0.0,0.0,0.0,0.0
67007,KXHIGHMIA-26MAY17-B85.5,2026-05-16 15:18:07.664638+00:00,KMIA,2026-05-17,1,SKIP,0.26675998567959797,0.255,0.011759985679597962,0.011759985679597962,0.23519971359195924,NBM,69.40059466666666,0.0,0.0,0.0,0.0,0.0,0.0
67006,KXHIGHNY-26MAY16-B78.5,2026-05-16 15:18:07.067038+00:00,KNYC,2026-05-16,0,SKIP,0.41808687208729484,0.46499999999999997,-0.04691312791270513,0.04691312791270513,0.9382625582541027,HRRR,11.89523595,-0.014999999999999958,-0.05999999999999994,-0.13499999999999995,0.014999999999999958,0.05999999999999994,0.13499999999999995
67005,KXHIGHMIA-26MAY17-B83.5,2026-05-16 15:18:06.493510+00:00,KMIA,2026-05-17,1,OPEN,0.25264552353731473,0.045000000000000026,0.2076455235373147,0.2076455235373147,4.152910470746294,NBM,69.38107586666666,-2.7755575615628914e-17,-2.7755575615628914e-17,-2.7755575615628914e-17,-2.7755575615628914e-17,-2.7755575615628914e-17,-2.7755575615628914e-17
67004,KXHIGHNY-26MAY16-B82.5,2026-05-16 15:18:05.907348+00:00,KNYC,2026-05-16,0,SKIP,0.054034066211739784,0.045000000000000026,0.009034066211739758,0.009034066211739758,0.18068132423479516,HRRR,11.875907783333334,-2.7755575615628914e-17,-2.7755575615628914e-17,0.009999999999999974,-2.7755575615628914e-17,-2.7755575615628914e-17,0.009999999999999974
67003,KXHIGHNY-26MAY16-B76.5,2026-05-16 15:18:05.272945+00:00,KNYC,2026-05-16,0,SKIP,0.2752985334944949,0.07499999999999998,0.20029853349449492,0.20029853349449492,4.005970669889898,HRRR,11.8653344,-0.029999999999999985,-0.02499999999999998,-0.029999999999999985,-0.029999999999999985,-0.02499999999999998,-0.029999999999999985
67002,KXHIGHMIA-26MAY17-B89.5,2026-05-16 15:18:04.649376+00:00,KMIA,2026-05-17,1,OPEN,0.12241263656100286,0.235,-0.11258736343899713,0.11258736343899713,2.2517472687799422,NBM,69.3503403,0.0,0.0,0.010000000000000009,-0.0,-0.0,-0.010000000000000009
67000,KXHIGHMIA-26MAY17-T90,2026-05-16 15:13:01.492422+00:00,KMIA,2026-05-17,1,OPEN,0.12090919096178229,0.04000000000000002,0.08090919096178227,0.08090919096178227,1.6181838192356452,NBM,64.2977244,-2.0816681711721685e-17,-0.005000000000000018,-0.005000000000000018,-2.0816681711721685e-17,-0.005000000000000018,-0.005000000000000018
66999,KXHIGHNY-26MAY16-T83,2026-05-16 15:13:00.857798+00:00,KNYC,2026-05-16,0,SKIP,0.05137710821740349,0.01500000000000001,0.036377108217403475,0.036377108217403475,0.7275421643480695,HRRR,6.791748616666666,-1.0408340855860843e-17,-1.0408340855860843e-17,-1.0408340855860843e-17,-1.0408340855860843e-17,-1.0408340855860843e-17,-1.0408340855860843e-17
66998,KXHIGHMIA-26MAY17-B87.5,2026-05-16 15:13:00.211813+00:00,KMIA,2026-05-17,1,OPEN,0.13619642028934575,0.44499999999999995,-0.3088035797106542,0.3088035797106542,6.1760715942130835,NBM,64.27638091666667,-0.009999999999999953,-0.009999999999999953,-0.009999999999999953,0.009999999999999953,0.009999999999999953,0.009999999999999953
66997,KXHIGHNY-26MAY16-B80.5,2026-05-16 15:12:59.520118+00:00,KNYC,2026-05-16,0,SKIP,0.09870208114147849,0.365,-0.2662979188585215,0.2662979188585215,5.32595837717043,HRRR,6.76945395,0.08000000000000002,0.09500000000000003,0.18000000000000005,-0.08000000000000002,-0.09500000000000003,-0.18000000000000005
66996,KXHIGHCHI-26MAY16-B81.5,2026-05-16 15:12:58.857768+00:00,KMDW,2026-05-16,0,SKIP,0.263733265158713,0.09499999999999999,0.168733265158713,0.168733265158713,3.37466530317426,HRRR,6.7584147833333335,-0.01999999999999999,-0.01999999999999999,-0.01999999999999999,-0.01999999999999999,-0.01999999999999999,-0.01999999999999999
66995,KXHIGHCHI-26MAY16-T81,2026-05-16 15:12:58.252152+00:00,KMDW,2026-05-16,0,SKIP,0.23419224443469513,0.01500000000000001,0.21919224443469512,0.21919224443469512,4.383844888693902,HRRR,6.748321183333333,-1.0408340855860843e-17,0.0049999999999999906,0.019999999999999993,-1.0408340855860843e-17,0.0049999999999999906,0.019999999999999993
66994,KXHIGHCHI-26MAY16-B85.5,2026-05-16 15:12:57.655343+00:00,KMDW,2026-05-16,0,SKIP,0.20386028156337518,0.33499999999999996,-0.13113971843662478,0.13113971843662478,2.6227943687324955,HRRR,6.738374366666667,0.010000000000000009,0.020000000000000018,0.020000000000000018,-0.010000000000000009,-0.020000000000000018,-0.020000000000000018
66993,KXHIGHCHI-26MAY16-B87.5,2026-05-16 15:12:57.048805+00:00,KMDW,2026-05-16,0,SKIP,0.05038290052345995,0.135,-0.08461709947654006,0.08461709947654006,1.6923419895308012,HRRR,6.7282654,-0.015000000000000013,-0.020000000000000004,0.009999999999999981,0.015000000000000013,0.020000000000000004,-0.009999999999999981
66991,KXHIGHCHI-26MAY17-B90.5,2026-05-16 15:12:55.795932+00:00,KMDW,2026-05-17,1,SKIP,0.12090919096178229,0.045000000000000026,0.07590919096178227,0.07590919096178227,1.5181838192356452,NBM,64.2027829,-2.7755575615628914e-17,-0.010000000000000023,-0.010000000000000023,-2.7755575615628914e-17,-0.010000000000000023,-0.010000000000000023
66990,KXHIGHCHI-26MAY17-B86.5,2026-05-16 15:12:55.159139+00:00,KMDW,2026-05-17,1,SKIP,0.16639082960850082,0.33999999999999997,-0.17360917039149915,0.17360917039149915,3.472183407829983,NBM,64.19216968333333,-0.06999999999999995,-0.044999999999999984,0.050000000000000044,0.06999999999999995,0.044999999999999984,-0.050000000000000044
66989,KXHIGHCHI-26MAY17-B88.5,2026-05-16 15:12:54.540335+00:00,KMDW,2026-05-17,1,SKIP,0.1288050694723879,0.09499999999999999,0.033805069472387914,0.033805069472387914,0.6761013894477582,NBM,64.18185628333333,-0.0049999999999999906,-0.0049999999999999906,0.005000000000000018,-0.0049999999999999906,-0.0049999999999999906,0.005000000000000018
66988,KXHIGHCHI-26MAY17-B84.5,2026-05-16 15:12:53.885827+00:00,KMDW,2026-05-17,1,SKIP,0.19109484592031284,0.265,-0.07390515407968717,0.07390515407968717,1.4781030815937435,NBM,64.17094781666667,0.02999999999999997,0.03999999999999998,0.019999999999999962,-0.02999999999999997,-0.03999999999999998,-0.019999999999999962
66987,KXHIGHCHI-26MAY17-T84,2026-05-16 15:12:53.271117+00:00,KMDW,2026-05-17,1,SKIP,0.5538523985481845,0.31999999999999995,0.23385239854818451,0.23385239854818451,4.67704797096369,NBM,64.16070265,-0.02999999999999997,-0.11499999999999996,-0.15999999999999995,-0.02999999999999997,-0.11499999999999996,-0.15999999999999995
66986,KXHIGHCHI-26MAY17-T91,2026-05-16 15:12:52.690506+00:00,KMDW,2026-05-17,1,SKIP,0.12090919096178229,0.025000000000000015,0.09590919096178227,0.09590919096178227,1.9181838192356453,NBM,64.1510258,-1.3877787807814457e-17,-0.010000000000000016,-0.010000000000000016,-1.3877787807814457e-17,-0.010000000000000016,-0.010000000000000016
66985,KXHIGHMIA-26MAY16-B88.5,2026-05-16 15:12:52.013047+00:00,KMIA,2026-05-16,0,OPEN,0.583506396855359,0.6599999999999999,-0.07649360314464093,0.07649360314464093,1.5298720628928186,HRRR,6.6443361,-0.009999999999999898,-0.03499999999999992,-0.07499999999999996,0.009999999999999898,0.03499999999999992,0.07499999999999996
66981,KXHIGHMIA-26MAY16-B90.5,2026-05-16 15:12:49.573941+00:00,KMIA,2026-05-16,0,OPEN,0.10428011858686032,0.28500000000000003,-0.18071988141313972,0.18071988141313972,3.614397628262794,HRRR,6.603684333333334,0.019999999999999962,0.05999999999999994,0.08499999999999996,-0.019999999999999962,-0.05999999999999994,-0.08499999999999996
66980,KXHIGHMIA-26MAY16-T91,2026-05-16 15:12:48.902765+00:00,KMIA,2026-05-16,0,OPEN,0.09047716357103935,0.06999999999999998,0.020477163571039375,0.020477163571039375,0.4095432714207875,HRRR,6.592498066666667,-0.004999999999999977,-0.009999999999999981,2.7755575615628914e-17,-0.004999999999999977,-0.009999999999999981,2.7755575615628914e-17
66978,KXHIGHMIA-26MAY17-B85.5,2026-05-16 15:12:47.507642+00:00,KMIA,2026-05-17,1,SKIP,0.25939112587101376,0.255,0.004391125871013757,0.004391125871013757,0.08782251742027514,NBM,64.06464473333334,0.0,0.0,0.0,0.0,0.0,0.0
66977,KXHIGHNY-26MAY16-B78.5,2026-05-16 15:12:46.776437+00:00,KNYC,2026-05-16,0,SKIP,0.4175157628372923,0.535,-0.11748423716270773,0.11748423716270773,2.3496847432541546,HRRR,6.557059266666666,-0.07500000000000001,-0.08500000000000002,-0.17500000000000004,0.07500000000000001,0.08500000000000002,0.17500000000000004
66976,KXHIGHNY-26MAY17-T90,2026-05-16 15:12:46.203234+00:00,KNYC,2026-05-17,1,SKIP,0.11160622206854968,0.05500000000000003,0.05660622206854966,0.05660622206854966,1.132124441370993,NBM,64.0429046,0.009999999999999974,0.009999999999999974,0.009999999999999974,0.009999999999999974,0.009999999999999974,0.009999999999999974
66975,KXHIGHNY-26MAY17-T83,2026-05-16 15:12:45.582878+00:00,KNYC,2026-05-17,1,SKIP,0.23786337013135664,0.045000000000000026,0.19286337013135663,0.19286337013135663,3.8572674026271323,NBM,64.03256533333334,-2.7755575615628914e-17,-2.7755575615628914e-17,-2.7755575615628914e-17,-2.7755575615628914e-17,-2.7755575615628914e-17,-2.7755575615628914e-17
66974,KXHIGHNY-26MAY17-B85.5,2026-05-16 15:12:44.941053+00:00,KNYC,2026-05-17,1,SKIP,0.2638191097972428,0.245,0.018819109797242828,0.018819109797242828,0.37638219594485656,NBM,64.02186825,0.010000000000000009,0.010000000000000009,0.010000000000000009,0.010000000000000009,0.010000000000000009,0.010000000000000009
66973,KXHIGHNY-26MAY17-B89.5,2026-05-16 15:12:44.353920+00:00,KNYC,2026-05-17,1,SKIP,0.11614772560827817,0.15500000000000003,-0.038852274391721855,0.038852274391721855,0.777045487834437,NBM,64.0120827,-0.010000000000000037,-0.010000000000000037,-2.7755575615628914e-17,0.010000000000000037,0.010000000000000037,2.7755575615628914e-17
66972,KXHIGHNY-26MAY17-B83.5,2026-05-16 15:12:43.712660+00:00,KNYC,2026-05-17,1,SKIP,0.23435102805744668,0.11499999999999999,0.11935102805744668,0.11935102805744668,2.3870205611489337,NBM,64.00139503333334,-0.009999999999999995,-0.009999999999999995,0.010000000000000009,-0.009999999999999995,-0.009999999999999995,0.010000000000000009
66971,KXHIGHNY-26MAY17-B87.5,2026-05-16 15:12:43.118064+00:00,KNYC,2026-05-17,1,SKIP,0.23005880863871073,0.355,-0.12494119136128926,0.12494119136128926,2.498823827225785,NBM,63.9914851,-0.019999999999999962,-0.019999999999999962,-0.019999999999999962,0.019999999999999962,0.019999999999999962,0.019999999999999962
66970,KXHIGHMIA-26MAY17-B83.5,2026-05-16 15:12:42.451053+00:00,KMIA,2026-05-17,1,OPEN,0.2566152051179412,0.045000000000000026,0.21161520511794119,0.21161520511794119,4.232304102358824,NBM,63.98036825,-2.7755575615628914e-17,-2.7755575615628914e-17,-2.7755575615628914e-17,-2.7755575615628914e-17,-2.7755575615628914e-17,-2.7755575615628914e-17
66969,KXHIGHCHI-26MAY16-B83.5,2026-05-16 15:12:41.840817+00:00,KMDW,2026-05-16,0,SKIP,0.22750491422609556,0.41500000000000004,-0.18749508577390447,0.18749508577390447,3.749901715478089,HRRR,6.474798933333333,0.009999999999999953,0.024999999999999967,-0.020000000000000018,-0.009999999999999953,-0.024999999999999967,0.020000000000000018
66968,KXHIGHNY-26MAY16-B82.5,2026-05-16 15:12:41.185327+00:00,KNYC,2026-05-16,0,SKIP,0.05392937528271958,0.045000000000000026,0.008929375282719552,0.008929375282719552,0.17858750565439105,HRRR,6.4638741,-2.7755575615628914e-17,0.009999999999999974,0.02999999999999997,-2.7755575615628914e-17,0.009999999999999974,0.02999999999999997
66967,KXHIGHNY-26MAY16-B76.5,2026-05-16 15:12:40.531838+00:00,KNYC,2026-05-16,0,SKIP,0.27652827746585434,0.07499999999999998,0.20152827746585436,0.20152827746585436,4.030565549317087,HRRR,6.452982616666667,-0.029999999999999985,-0.029999999999999985,-0.03999999999999998,-0.029999999999999985,-0.029999999999999985,-0.03999999999999998
66966,KXHIGHMIA-26MAY17-B89.5,2026-05-16 15:12:39.938784+00:00,KMIA,2026-05-17,1,OPEN,0.12227147552093108,0.235,-0.1127285244790689,0.1127285244790689,2.254570489581378,NBM,63.9384971,0.0,0.0,-0.009999999999999981,-0.0,-0.0,0.009999999999999981
66964,KXHIGHMIA-26MAY17-T90,2026-05-16 15:07:16.270320+00:00,KMIA,2026-05-17,1,OPEN,0.12090919096178229,0.04000000000000002,0.08090919096178227,0.08090919096178227,1.6181838192356452,NBM,58.5440227,-2.0816681711721685e-17,-0.005000000000000018,-0.005000000000000018,-2.0816681711721685e-17,-0.005000000000000018,-0.005000000000000018
66963,KXHIGHNY-26MAY16-T83,2026-05-16 15:07:15.594140+00:00,KNYC,2026-05-16,0,SKIP,0.05128693814315544,0.01500000000000001,0.03628693814315544,0.03628693814315544,0.7257387628631087,HRRR,1.0373543166666668,-1.0408340855860843e-17,-1.0408340855860843e-17,-1.0408340855860843e-17,-1.0408340855860843e-17,-1.0408340855860843e-17,-1.0408340855860843e-17
66962,KXHIGHMIA-26MAY17-B87.5,2026-05-16 15:07:14.957418+00:00,KMIA,2026-05-17,1,OPEN,0.13586642935418936,0.44499999999999995,-0.3091335706458106,0.3091335706458106,6.1826714129162115,NBM,58.522141,-0.009999999999999953,-0.009999999999999953,-0.009999999999999953,0.009999999999999953,0.009999999999999953,0.009999999999999953
66961,KXHIGHNY-26MAY16-B80.5,2026-05-16 15:07:14.210491+00:00,KNYC,2026-05-16,0,SKIP,0.09633478323244604,0.375,-0.27866521676755396,0.27866521676755396,5.573304335351079,HRRR,1.0142935,0.06,0.09499999999999997,0.125,-0.06,-0.09499999999999997,-0.125
66960,KXHIGHMIA-26MAY17-B85.5,2026-05-16 15:07:13.577161+00:00,KMIA,2026-05-17,1,SKIP,0.25154400286436196,0.255,-0.0034559971356380448,0.0034559971356380448,0.0691199427127609,NBM,58.49913671666667,0.0,0.0,0.0,-0.0,-0.0,-0.0
66959,KXHIGHCHI-26MAY16-T81,2026-05-16 15:07:12.949916+00:00,KMDW,2026-05-16,0,SKIP,0.23579093252122713,0.01500000000000001,0.2207909325212271,0.2207909325212271,4.415818650424542,HRRR,0.9932839166666667,-1.0408340855860843e-17,-1.0408340855860843e-17,0.019999999999999993,-1.0408340855860843e-17,-1.0408340855860843e-17,0.019999999999999993
66958,KXHIGHCHI-26MAY16-B81.5,2026-05-16 15:07:12.332031+00:00,KMDW,2026-05-16,0,SKIP,0.2650630226841055,0.09499999999999999,0.1700630226841055,0.1700630226841055,3.40126045368211,HRRR,0.9829858333333333,0.010000000000000009,-0.01999999999999999,-0.01999999999999999,0.010000000000000009,-0.01999999999999999,-0.01999999999999999
66957,KXHIGHCHI-26MAY16-B87.5,2026-05-16 15:07:11.710955+00:00,KMDW,2026-05-16,0,SKIP,0.0484676003518163,0.135,-0.08653239964818371,0.08653239964818371,1.7306479929636742,HRRR,0.9726345666666667,-0.020000000000000004,-0.030000000000000013,0.009999999999999981,0.020000000000000004,0.030000000000000013,-0.009999999999999981
66955,KXHIGHCHI-26MAY16-B85.5,2026-05-16 15:07:10.457263+00:00,KMDW,2026-05-16,0,SKIP,0.20308127291871372,0.32999999999999996,-0.12691872708128624,0.12691872708128624,2.5383745416257244,HRRR,0.9517397,0.015000000000000013,0.025000000000000022,0.025000000000000022,-0.015000000000000013,-0.025000000000000022,-0.025000000000000022
66954,KXHIGHCHI-26MAY17-B86.5,2026-05-16 15:07:09.860916+00:00,KMDW,2026-05-17,1,SKIP,0.16491450053341583,0.29000000000000004,-0.1250854994665842,0.1250854994665842,2.501709989331684,NBM,58.4371993,-0.010000000000000009,-0.015000000000000013,0.10499999999999998,0.010000000000000009,0.015000000000000013,-0.10499999999999998
66953,KXHIGHCHI-26MAY17-B88.5,2026-05-16 15:07:09.186657+00:00,KMDW,2026-05-17,1,SKIP,0.12843534900122855,0.09499999999999999,0.03343534900122856,0.03343534900122856,0.6687069800245712,NBM,58.42596165,-0.0049999999999999906,-0.0049999999999999906,0.005000000000000018,-0.0049999999999999906,-0.0049999999999999906,0.005000000000000018
66952,KXHIGHCHI-26MAY17-B84.5,2026-05-16 15:07:08.548207+00:00,KMDW,2026-05-17,1,SKIP,0.18653107549032372,0.31,-0.12346892450967628,0.12346892450967628,2.4693784901935256,NBM,58.415320816666664,-0.044999999999999984,-0.0050000000000000044,-0.025000000000000022,0.044999999999999984,0.0050000000000000044,0.025000000000000022
66951,KXHIGHCHI-26MAY17-T84,2026-05-16 15:07:07.926811+00:00,KMDW,2026-05-17,1,SKIP,0.5605638979400651,0.31999999999999995,0.24056389794006516,0.24056389794006516,4.811277958801303,NBM,58.40496421666667,-0.034999999999999976,-0.034999999999999976,-0.16999999999999996,-0.034999999999999976,-0.034999999999999976,-0.16999999999999996
66950,KXHIGHCHI-26MAY17-T91,2026-05-16 15:07:07.353475+00:00,KMDW,2026-05-17,1,SKIP,0.12090919096178229,0.03500000000000002,0.08590919096178228,0.08590919096178228,1.7181838192356453,NBM,58.395408616666664,-0.010000000000000016,-0.010000000000000016,-0.020000000000000018,-0.010000000000000016,-0.010000000000000016,-0.020000000000000018
66949,KXHIGHCHI-26MAY17-B90.5,2026-05-16 15:07:06.720969+00:00,KMDW,2026-05-17,1,SKIP,0.12090919096178229,0.05500000000000003,0.06590919096178227,0.06590919096178227,1.3181838192356454,NBM,58.38486685,-0.01000000000000003,-0.01000000000000003,-0.020000000000000025,-0.01000000000000003,-0.01000000000000003,-0.020000000000000025
66948,KXHIGHMIA-26MAY16-B88.5,2026-05-16 15:07:06.046045+00:00,KMIA,2026-05-16,0,SKIP,0.5807544142483155,0.62,-0.039245585751684464,0.039245585751684464,0.7849117150336893,HRRR,0.8782194,0.010000000000000009,0.015000000000000013,0.03500000000000003,-0.010000000000000009,-0.015000000000000013,-0.03500000000000003
66947,KXHIGHMIA-26MAY16-B90.5,2026-05-16 15:07:05.466088+00:00,KMIA,2026-05-16,0,OPEN,0.10473350402220177,0.28500000000000003,-0.18026649597779826,0.18026649597779826,3.605329919555965,HRRR,0.86855345,0.019999999999999962,0.05999999999999994,0.04999999999999999,-0.019999999999999962,-0.05999999999999994,-0.04999999999999999
66946,KXHIGHMIA-26MAY16-T91,2026-05-16 15:07:04.854410+00:00,KMIA,2026-05-16,0,SKIP,0.09084711077133305,0.13,-0.03915288922866696,0.03915288922866696,0.7830577845733391,HRRR,0.8583588166666667,-0.045,-0.07500000000000001,-0.085,0.045,0.07500000000000001,0.085
66943,KXHIGHMIA-26MAY16-B86.5,2026-05-16 15:07:02.919925+00:00,KMIA,2026-05-16,0,OPEN,0.15968936405102083,0.01500000000000001,0.1446893640510208,0.1446893640510208,2.893787281020416,HRRR,0.8261174,-0.010000000000000009,-0.010000000000000009,-0.010000000000000009,-0.010000000000000009,-0.010000000000000009,-0.010000000000000009
66941,KXHIGHMIA-26MAY17-B83.5,2026-05-16 15:07:01.550531+00:00,KMIA,2026-05-17,1,OPEN,0.2608383928169934,0.045000000000000026,0.21583839281699335,0.21583839281699335,4.316767856339867,NBM,58.29869288333333,-2.7755575615628914e-17,-2.7755575615628914e-17,-2.7755575615628914e-17,-2.7755575615628914e-17,-2.7755575615628914e-17,-2.7755575615628914e-17
66940,KXHIGHCHI-26MAY16-B83.5,2026-05-16 15:07:00.920878+00:00,KMDW,2026-05-16,0,SKIP,0.22751054611069993,0.41500000000000004,-0.1874894538893001,0.1874894538893001,3.749789077786002,HRRR,0.79279995,-0.015000000000000013,-0.010000000000000009,-0.010000000000000009,0.015000000000000013,0.010000000000000009,0.010000000000000009
66939,KXHIGHNY-26MAY16-B82.5,2026-05-16 15:07:00.266947+00:00,KNYC,2026-05-16,0,SKIP,0.053818868166203404,0.045000000000000026,0.008818868166203378,0.008818868166203378,0.17637736332406756,HRRR,0.7819011,0.009999999999999974,-2.7755575615628914e-17,0.009999999999999974,0.009999999999999974,-2.7755575615628914e-17,0.009999999999999974
66938,KXHIGHNY-26MAY17-B89.5,2026-05-16 15:06:59.672801+00:00,KNYC,2026-05-17,1,SKIP,0.11566296281419301,0.15500000000000003,-0.039337037185807014,0.039337037185807014,0.7867407437161402,NBM,58.26739738333333,-0.010000000000000037,-0.010000000000000037,-2.7755575615628914e-17,0.010000000000000037,0.010000000000000037,2.7755575615628914e-17
66937,KXHIGHNY-26MAY16-B76.5,2026-05-16 15:06:59.028485+00:00,KNYC,2026-05-16,0,SKIP,0.2778369180322956,0.07499999999999998,0.20283691803229562,0.20283691803229562,4.056738360645912,HRRR,0.7612600666666667,-0.029999999999999985,-0.029999999999999985,-0.029999999999999985,-0.029999999999999985,-0.029999999999999985,-0.029999999999999985
66936,KXHIGHNY-26MAY17-T83,2026-05-16 15:06:58.435856+00:00,KNYC,2026-05-17,1,SKIP,0.2412652074540284,0.045000000000000026,0.19626520745402837,0.19626520745402837,3.925304149080567,NBM,58.246781633333335,-2.7755575615628914e-17,-2.7755575615628914e-17,-2.7755575615628914e-17,-2.7755575615628914e-17,-2.7755575615628914e-17,-2.7755575615628914e-17
66935,KXHIGHNY-26MAY17-B83.5,2026-05-16 15:06:57.792533+00:00,KNYC,2026-05-17,1,SKIP,0.2394536398542597,0.11499999999999999,0.1244536398542597,0.1244536398542597,2.4890727970851936,NBM,58.236059583333336,-0.009999999999999995,-0.009999999999999995,0.010000000000000009,-0.009999999999999995,-0.009999999999999995,0.010000000000000009
66934,KXHIGHNY-26MAY17-T90,2026-05-16 15:06:57.118476+00:00,KNYC,2026-05-17,1,SKIP,0.1112106720034191,0.05500000000000003,0.05621067200341907,0.05621067200341907,1.1242134400683812,NBM,58.2248253,0.009999999999999974,0.009999999999999974,0.009999999999999974,0.009999999999999974,0.009999999999999974,0.009999999999999974
66933,KXHIGHNY-26MAY17-B85.5,2026-05-16 15:06:56.485434+00:00,KNYC,2026-05-17,1,SKIP,0.2604175896952004,0.275,-0.01458241030479962,0.01458241030479962,0.2916482060959924,NBM,58.2142746,-0.020000000000000018,-0.020000000000000018,-0.020000000000000018,0.020000000000000018,0.020000000000000018,0.020000000000000018
66932,KXHIGHNY-26MAY17-B87.5,2026-05-16 15:06:55.905615+00:00,KNYC,2026-05-17,1,SKIP,0.22583619248048434,0.33499999999999996,-0.10916380751951563,0.10916380751951563,2.1832761503903124,NBM,58.20461095,5.551115123125783e-17,5.551115123125783e-17,5.551115123125783e-17,-5.551115123125783e-17,-5.551115123125783e-17,-5.551115123125783e-17
66931,KXHIGHMIA-26MAY17-B89.5,2026-05-16 15:06:55.221156+00:00,KMIA,2026-05-17,1,OPEN,0.12212320103586914,0.235,-0.11287679896413085,0.11287679896413085,2.2575359792826166,NBM,58.1932033,0.0,0.0,-0.009999999999999981,-0.0,-0.0,0.009999999999999981
66929,KXHIGHNY-26MAY16-B78.5,2026-05-16 15:06:53.955888+00:00,KNYC,2026-05-16,0,SKIP,0.41690837440410633,0.49,-0.07309162559589366,0.07309162559589366,1.4618325119178732,HRRR,0.6767167833333333,-0.010000000000000009,-0.03999999999999998,-0.09499999999999997,0.010000000000000009,0.03999999999999998,0.09499999999999997
66928,KXHIGHMIA-26MAY17-T90,2026-05-16 15:01:52.242662+00:00,KMIA,2026-05-17,1,OPEN,0.12090919096178229,0.04000000000000002,0.08090919096178227,0.08090919096178227,1.6181838192356452,NBM,53.143561733333335,-2.0816681711721685e-17,-2.0816681711721685e-17,-0.005000000000000018,-2.0816681711721685e-17,-2.0816681711721685e-17,-0.005000000000000018
66927,KXHIGHNY-26MAY16-T83,2026-05-16 15:01:51.603390+00:00,KNYC,2026-05-16,0,SKIP,0.05006090462466417,0.01500000000000001,0.03506090462466416,0.03506090462466416,0.7012180924932832,NBM,53.1329072,-1.0408340855860843e-17,-1.0408340855860843e-17,-1.0408340855860843e-17,-1.0408340855860843e-17,-1.0408340855860843e-17,-1.0408340855860843e-17
66926,KXHIGHMIA-26MAY17-B87.5,2026-05-16 15:01:50.987781+00:00,KMIA,2026-05-17,1,OPEN,0.1355610245596255,0.44499999999999995,-0.30943897544037446,0.30943897544037446,6.188779508807489,NBM,53.12264705,-0.009999999999999953,-0.009999999999999953,-0.009999999999999953,0.009999999999999953,0.009999999999999953,0.009999999999999953
66925,KXHIGHNY-26MAY16-B80.5,2026-05-16 15:01:50.313772+00:00,KNYC,2026-05-16,0,SKIP,0.051366452248863166,0.365,-0.31363354775113683,0.31363354775113683,6.272670955022736,NBM,53.11141356666667,0.07500000000000001,0.08000000000000002,0.14,-0.07500000000000001,-0.08000000000000002,-0.14
66924,KXHIGHMIA-26MAY17-B85.5,2026-05-16 15:01:49.707175+00:00,KMIA,2026-05-17,1,SKIP,0.24418142600741263,0.255,-0.010818573992587371,0.010818573992587371,0.21637147985174743,NBM,53.10130361666667,0.0,0.0,0.0,-0.0,-0.0,-0.0
66923,KXHIGHMIA-26MAY17-B83.5,2026-05-16 15:01:49.056099+00:00,KMIA,2026-05-17,1,OPEN,0.26479698364078497,0.045000000000000026,0.21979698364078493,0.21979698364078493,4.3959396728156985,NBM,53.09045235,-2.7755575615628914e-17,-2.7755575615628914e-17,-2.7755575615628914e-17,-2.7755575615628914e-17,-2.7755575615628914e-17,-2.7755575615628914e-17
66922,KXHIGHNY-26MAY16-B82.5,2026-05-16 15:01:48.431005+00:00,KNYC,2026-05-16,0,SKIP,0.05006090462466417,0.045000000000000026,0.005060904624664145,0.005060904624664145,0.1012180924932829,NBM,53.08003411666667,-2.7755575615628914e-17,-2.7755575615628914e-17,0.009999999999999974,-2.7755575615628914e-17,-2.7755575615628914e-17,0.009999999999999974
66921,KXHIGHNY-26MAY16-B76.5,2026-05-16 15:01:47.808050+00:00,KNYC,2026-05-16,0,SKIP,0.3515749812701174,0.09499999999999999,0.2565749812701174,0.2565749812701174,5.1314996254023475,NBM,53.069651533333335,-0.029999999999999985,-0.04999999999999999,-0.04999999999999999,-0.029999999999999985,-0.04999999999999999,-0.04999999999999999
66919,KXHIGHCHI-26MAY16-T81,2026-05-16 15:01:46.586291+00:00,KMDW,2026-05-16,0,SKIP,0.29563877564928626,0.01500000000000001,0.28063877564928624,0.28063877564928624,5.612775512985724,NBM,53.04928888333333,-1.0408340855860843e-17,-1.0408340855860843e-17,-0.010000000000000009,-1.0408340855860843e-17,-1.0408340855860843e-17,-0.010000000000000009
66918,KXHIGHCHI-26MAY16-B85.5,2026-05-16 15:01:46.004102+00:00,KMDW,2026-05-16,0,SKIP,0.144118020960642,0.33999999999999997,-0.19588197903935797,0.19588197903935797,3.917639580787159,NBM,53.03958573333333,0.0050000000000000044,0.0050000000000000044,0.015000000000000013,-0.0050000000000000044,-0.0050000000000000044,-0.015000000000000013
66917,KXHIGHCHI-26MAY16-B87.5,2026-05-16 15:01:45.377074+00:00,KMDW,2026-05-16,0,SKIP,0.03714531169697133,0.12,-0.08285468830302867,0.08285468830302867,1.6570937660605733,NBM,53.029135266666664,-0.0049999999999999906,0.0,0.024999999999999994,0.0049999999999999906,-0.0,-0.024999999999999994
66916,KXHIGHCHI-26MAY16-B83.5,2026-05-16 15:01:44.763841+00:00,KMDW,2026-05-16,0,SKIP,0.2246114584163359,0.41500000000000004,-0.19038854158366414,0.19038854158366414,3.807770831673283,NBM,53.018914716666664,-0.010000000000000009,0.009999999999999953,0.019999999999999962,0.010000000000000009,-0.009999999999999953,-0.019999999999999962
66915,KXHIGHCHI-26MAY16-B81.5,2026-05-16 15:01:44.134005+00:00,KMDW,2026-05-16,0,SKIP,0.26376509583065916,0.105,0.15876509583065918,0.15876509583065918,3.1753019166131833,NBM,53.00841745,0.0,-0.03,-0.03,0.0,-0.03,-0.03
66914,KXHIGHCHI-26MAY17-T84,2026-05-16 15:01:43.474915+00:00,KMDW,2026-05-17,1,SKIP,0.5668548993825449,0.31999999999999995,0.2468548993825449,0.2468548993825449,4.937097987650898,NBM,52.997432616666664,0.00500000000000006,-0.02999999999999997,-0.18499999999999994,0.00500000000000006,-0.02999999999999997,-0.18499999999999994
66913,KXHIGHCHI-26MAY17-B90.5,2026-05-16 15:01:42.862710+00:00,KMDW,2026-05-17,1,SKIP,0.12090919096178229,0.06499999999999997,0.05590919096178232,0.05590919096178232,1.1181838192356464,NBM,52.9872292,-0.019999999999999976,-0.019999999999999976,-0.02999999999999997,-0.019999999999999976,-0.019999999999999976,-0.02999999999999997
66912,KXHIGHCHI-26MAY17-B88.5,2026-05-16 15:01:42.229512+00:00,KMDW,2026-05-17,1,SKIP,0.12809573116712436,0.09499999999999999,0.03309573116712437,0.03309573116712437,0.6619146233424874,NBM,52.9766759,-0.009999999999999981,-0.0049999999999999906,0.005000000000000018,-0.009999999999999981,-0.0049999999999999906,0.005000000000000018
66911,KXHIGHCHI-26MAY17-T91,2026-05-16 15:01:41.579578+00:00,KMDW,2026-05-17,1,SKIP,0.12090919096178229,0.03500000000000002,0.08590919096178228,0.08590919096178228,1.7181838192356453,NBM,52.965843666666665,-0.010000000000000016,-0.010000000000000016,-0.020000000000000018,-0.010000000000000016,-0.010000000000000016,-0.020000000000000018
66910,KXHIGHCHI-26MAY17-B86.5,2026-05-16 15:01:40.889922+00:00,KMDW,2026-05-17,1,SKIP,0.16351806850990558,0.225,-0.06148193149009443,0.06148193149009443,1.2296386298018884,NBM,52.9543494,0.05500000000000002,0.04500000000000001,0.17500000000000002,-0.05500000000000002,-0.04500000000000001,-0.17500000000000002
66909,KXHIGHCHI-26MAY17-B84.5,2026-05-16 15:01:40.238027+00:00,KMDW,2026-05-17,1,SKIP,0.1822532405861082,0.265,-0.08274675941389181,0.08274675941389181,1.6549351882778363,NBM,52.943484483333336,0.0,0.02999999999999997,0.02999999999999997,-0.0,-0.02999999999999997,-0.02999999999999997
66908,KXHIGHMIA-26MAY16-T91,2026-05-16 15:01:39.560299+00:00,KMIA,2026-05-16,0,OPEN,0.045602896940603654,0.09,-0.04439710305939634,0.04439710305939634,0.8879420611879268,NBM,52.93218901666667,0.020000000000000004,-0.024999999999999994,-0.049999999999999996,-0.020000000000000004,0.024999999999999994,0.049999999999999996
66907,KXHIGHMIA-26MAY16-B90.5,2026-05-16 15:01:38.879264+00:00,KMIA,2026-05-16,0,OPEN,0.049284868195178355,0.30500000000000005,-0.2557151318048217,0.2557151318048217,5.114302636096434,NBM,52.92083843333333,-5.551115123125783e-17,-5.551115123125783e-17,0.02999999999999997,5.551115123125783e-17,5.551115123125783e-17,-0.02999999999999997
66906,KXHIGHMIA-26MAY16-B88.5,2026-05-16 15:01:38.196433+00:00,KMIA,2026-05-16,0,OPEN,0.15511985655912455,0.5900000000000001,-0.43488014344087556,0.43488014344087556,8.69760286881751,NBM,52.90945791666667,-0.030000000000000027,0.05999999999999994,0.039999999999999925,0.030000000000000027,-0.05999999999999994,-0.039999999999999925
66903,KXHIGHMIA-26MAY16-B86.5,2026-05-16 15:01:36.302549+00:00,KMIA,2026-05-16,0,OPEN,0.47540525433982134,0.01500000000000001,0.4604052543398213,0.4604052543398213,9.208105086796426,NBM,52.877893183333335,-0.010000000000000009,-0.010000000000000009,-0.010000000000000009,-0.010000000000000009,-0.010000000000000009,-0.010000000000000009
66901,KXHIGHMIA-26MAY17-B89.5,2026-05-16 15:01:35.002326+00:00,KMIA,2026-05-17,1,OPEN,0.12198597381589125,0.235,-0.11301402618410873,0.11301402618410873,2.2602805236821744,NBM,52.8562228,0.0,0.0,0.0,-0.0,-0.0,-0.0
66899,KXHIGHNY-26MAY16-B78.5,2026-05-16 15:01:33.744180+00:00,KNYC,2026-05-16,0,SKIP,0.06522186358134008,0.47,-0.4047781364186599,0.4047781364186599,8.095562728373197,NBM,52.8352537,0.0,-0.009999999999999953,-0.09999999999999998,-0.0,0.009999999999999953,0.09999999999999998
66898,KXHIGHNY-26MAY17-T83,2026-05-16 15:01:33.080468+00:00,KNYC,2026-05-17,1,SKIP,0.2444539082575914,0.045000000000000026,0.19945390825759135,0.19945390825759135,3.989078165151827,NBM,52.82419183333333,-2.7755575615628914e-17,-2.7755575615628914e-17,-2.7755575615628914e-17,-2.7755575615628914e-17,-2.7755575615628914e-17,-2.7755575615628914e-17
66897,KXHIGHNY-26MAY17-B89.5,2026-05-16 15:01:32.454028+00:00,KNYC,2026-05-17,1,SKIP,0.11521722197504361,0.16000000000000003,-0.04478277802495642,0.04478277802495642,0.8956555604991284,NBM,52.81375116666667,-0.015000000000000041,-0.015000000000000041,-0.005000000000000032,0.015000000000000041,0.015000000000000041,0.005000000000000032
66896,KXHIGHNY-26MAY17-B83.5,2026-05-16 15:01:31.803563+00:00,KNYC,2026-05-17,1,SKIP,0.24423655590622054,0.11499999999999999,0.12923655590622055,0.12923655590622055,2.584731118124411,NBM,52.80291008333333,-0.009999999999999995,-0.009999999999999995,-0.009999999999999995,-0.009999999999999995,-0.009999999999999995,-0.009999999999999995
66895,KXHIGHNY-26MAY17-B87.5,2026-05-16 15:01:31.196970+00:00,KNYC,2026-05-17,1,SKIP,0.22186242939000841,0.345,-0.12313757060999156,0.12313757060999156,2.462751412199831,NBM,52.7928002,-0.009999999999999953,-0.009999999999999953,-0.009999999999999953,0.009999999999999953,0.009999999999999953,0.009999999999999953
66894,KXHIGHNY-26MAY17-B85.5,2026-05-16 15:01:30.594532+00:00,KNYC,2026-05-17,1,SKIP,0.2572291862373304,0.275,-0.017770813762669646,0.017770813762669646,0.3554162752533929,NBM,52.78275956666667,-0.020000000000000018,-0.020000000000000018,-0.020000000000000018,0.020000000000000018,0.020000000000000018,0.020000000000000018
66893,KXHIGHNY-26MAY17-T90,2026-05-16 15:01:30.028628+00:00,KNYC,2026-05-17,1,SKIP,0.11084696253539042,0.05500000000000003,0.05584696253539039,0.05584696253539039,1.1169392507078078,NBM,52.77332783333333,0.009999999999999974,0.009999999999999974,0.009999999999999974,0.009999999999999974,0.009999999999999974,0.009999999999999974
66892,KXHIGHCHI-26MAY16-B87.5,2026-05-16 14:56:28.564137+00:00,KMDW,2026-05-16,0,SKIP,0.03262915268753916,0.105,-0.07237084731246084,0.07237084731246084,1.4474169462492166,NBM,47.74891965,0.010000000000000009,0.010000000000000009,0.0050000000000000044,-0.010000000000000009,-0.010000000000000009,-0.0050000000000000044
66891,KXHIGHCHI-26MAY16-T81,2026-05-16 14:56:27.966728+00:00,KMDW,2026-05-16,0,SKIP,0.35237420717901763,0.01500000000000001,0.3373742071790176,0.3373742071790176,6.747484143580352,NBM,47.73896283333333,-1.0408340855860843e-17,-1.0408340855860843e-17,-0.010000000000000009,-1.0408340855860843e-17,-1.0408340855860843e-17,-0.010000000000000009
66890,KXHIGHCHI-26MAY16-B81.5,2026-05-16 14:56:27.384755+00:00,KMDW,2026-05-16,0,SKIP,0.25012158567503096,0.105,0.14512158567503097,0.14512158567503097,2.9024317135006195,NBM,47.72926328333333,-0.009999999999999995,0.0,-0.03,-0.009999999999999995,0.0,-0.03
66889,KXHIGHCHI-26MAY16-B85.5,2026-05-16 14:56:26.778258+00:00,KMDW,2026-05-16,0,SKIP,0.09424103054425571,0.37,-0.2757589694557443,0.2757589694557443,5.515179389114886,NBM,47.719155,-0.025000000000000022,-0.025000000000000022,-0.020000000000000018,0.025000000000000022,0.025000000000000022,0.020000000000000018
66888,KXHIGHCHI-26MAY16-B83.5,2026-05-16 14:56:26.174545+00:00,KMDW,2026-05-16,0,SKIP,0.22113630405646395,0.365,-0.14386369594353604,0.14386369594353604,2.8772739188707206,NBM,47.709093116666665,0.04999999999999999,0.03500000000000003,0.07,-0.04999999999999999,-0.03500000000000003,-0.07
66886,KXHIGHCHI-26MAY17-B84.5,2026-05-16 14:56:24.909441+00:00,KMDW,2026-05-17,1,SKIP,0.17798326728221397,0.275,-0.09701673271778605,0.09701673271778605,1.940334654355721,NBM,47.68800805,-0.010000000000000009,-0.010000000000000009,0.014999999999999958,0.010000000000000009,0.010000000000000009,-0.014999999999999958
66885,KXHIGHCHI-26MAY17-B86.5,2026-05-16 14:56:24.293123+00:00,KMDW,2026-05-17,1,SKIP,0.16211228462562177,0.17500000000000004,-0.012887715374378272,0.012887715374378272,0.25775430748756545,NBM,47.677736083333336,0.13999999999999996,0.10499999999999998,0.20999999999999996,-0.13999999999999996,-0.10499999999999998,-0.20999999999999996
66884,KXHIGHCHI-26MAY17-T84,2026-05-16 14:56:23.693008+00:00,KMDW,2026-05-17,1,SKIP,0.5558944034741935,0.345,0.21089440347419353,0.21089440347419353,4.2178880694838705,NBM,47.66773416666667,-0.019999999999999962,-0.06,-0.21999999999999997,-0.019999999999999962,-0.06,-0.21999999999999997
66883,KXHIGHCHI-26MAY17-T91,2026-05-16 14:56:23.125005+00:00,KMDW,2026-05-17,1,SKIP,0.12090919096178229,0.03500000000000002,0.08590919096178228,0.08590919096178228,1.7181838192356453,NBM,47.65826745,-0.010000000000000016,-0.010000000000000016,-0.010000000000000016,-0.010000000000000016,-0.010000000000000016,-0.010000000000000016
66882,KXHIGHCHI-26MAY17-B88.5,2026-05-16 14:56:22.469435+00:00,KMDW,2026-05-17,1,SKIP,0.12776330045014306,0.09499999999999999,0.03276330045014307,0.03276330045014307,0.6552660090028614,NBM,47.64734128333333,1.3877787807814457e-17,-0.0049999999999999906,1.3877787807814457e-17,1.3877787807814457e-17,-0.0049999999999999906,1.3877787807814457e-17
66881,KXHIGHCHI-26MAY17-B90.5,2026-05-16 14:56:21.851431+00:00,KMDW,2026-05-17,1,SKIP,0.12090919096178229,0.07499999999999998,0.04590919096178231,0.04590919096178231,0.9181838192356462,NBM,47.63704121666667,-0.029999999999999985,-0.029999999999999985,-0.03999999999999998,-0.029999999999999985,-0.029999999999999985,-0.03999999999999998
66879,KXHIGHMIA-26MAY16-B90.5,2026-05-16 14:56:20.557015+00:00,KMIA,2026-05-16,0,OPEN,0.04823387237348059,0.31499999999999995,-0.26676612762651936,0.26676612762651936,5.3353225525303865,NBM,47.61546761666666,-0.02999999999999997,-0.009999999999999953,5.551115123125783e-17,0.02999999999999997,0.009999999999999953,-5.551115123125783e-17
66878,KXHIGHMIA-26MAY16-B88.5,2026-05-16 14:56:19.913220+00:00,KMIA,2026-05-16,0,OPEN,0.3925294116057454,0.62,-0.2274705883942546,0.2274705883942546,4.549411767885092,NBM,47.6047377,-0.020000000000000018,0.010000000000000009,0.05500000000000005,0.020000000000000018,-0.010000000000000009,-0.05500000000000005
66877,KXHIGHMIA-26MAY16-T91,2026-05-16 14:56:19.232975+00:00,KMIA,2026-05-16,0,SKIP,0.044745319851774476,0.06499999999999997,-0.0202546801482255,0.0202546801482255,0.40509360296450997,NBM,47.59340028333333,0.07000000000000003,0.02000000000000003,-0.03999999999999997,-0.07000000000000003,-0.02000000000000003,0.03999999999999997
66876,KXHIGHMIA-26MAY16-B86.5,2026-05-16 14:56:18.616483+00:00,KMIA,2026-05-16,0,OPEN,0.4591593948196705,0.01500000000000001,0.4441593948196705,0.4441593948196705,8.883187896393409,NBM,47.58312541666667,-0.010000000000000009,-0.010000000000000009,-0.010000000000000009,-0.010000000000000009,-0.010000000000000009,-0.010000000000000009
66873,KXHIGHMIA-26MAY17-B89.5,2026-05-16 14:56:16.738438+00:00,KMIA,2026-05-17,1,OPEN,0.12185067343820997,0.235,-0.11314932656179001,0.11314932656179001,2.2629865312358,NBM,47.55182466666667,0.0,0.0,0.0,-0.0,-0.0,-0.0
66872,KXHIGHMIA-26MAY17-T90,2026-05-16 14:56:16.077433+00:00,KMIA,2026-05-17,1,OPEN,0.12090919096178229,0.04000000000000002,0.08090919096178227,0.08090919096178227,1.6181838192356452,NBM,47.540807916666665,-2.0816681711721685e-17,-2.0816681711721685e-17,-0.005000000000000018,-2.0816681711721685e-17,-2.0816681711721685e-17,-0.005000000000000018
66871,KXHIGHNY-26MAY16-B78.5,2026-05-16 14:56:15.439394+00:00,KNYC,2026-05-16,0,SKIP,0.06480357686679195,0.49,-0.42519642313320805,0.42519642313320805,8.50392846266416,NBM,47.53017393333333,0.030000000000000027,-0.010000000000000009,-0.09499999999999997,-0.030000000000000027,0.010000000000000009,0.09499999999999997
