station,valid_date,var,lead_day,n_buckets,truth_f,model_brier,market_brier,diff_brier,model_rps,market_rps,diff_rps,model_crps,market_crps,diff_crps,model_center_f,market_center_f,model_center_abs_error_f,market_center_abs_error_f,diff_center_abs_error_f,model_prob_sum,market_prob_sum
KATL,2026-05-26,TMAX_DAILY,0,6,82.0,0.16910427387156554,0.0045809703843730344,0.16452330348719252,0.10537778320111284,0.003338374291115314,0.10203940890999752,1.0537778320111282,0.03338374291115309,1.020394089099975,82.1804233230321,81.7304347826087,0.18042332303210173,0.26956521739130324,-0.0891418943592015,1.8263551997912262,1.1500000000000001
KATL,2026-05-27,TMAX_DAILY,0,6,85.0,0.06094740030551438,0.0040426383936233105,0.056904761911891075,0.04935266819984002,0.003062489273659921,0.0462901789261801,0.49352668199840033,0.030624892736599185,0.46290178926180114,83.9961901972047,84.86899563318778,1.0038098027953026,0.1310043668122205,0.8728054359830821,1.6096624393552224,1.145
KATL,2026-05-28,TMAX_DAILY,0,6,88.0,0.10664614002343464,0.05926027113104498,0.04738586889238967,0.0927359344769319,0.04034939932761119,0.052386535149320713,0.9273593447693191,0.4034939932761119,0.5238653514932072,86.19440742950518,86.94214876033058,1.8055925704948237,1.057851239669418,0.7477413308254057,1.8528785966507013,1.815
KATL,2026-05-29,TMAX_DAILY,0,6,84.0,0.0980374767217511,0.017117194674012858,0.08092028204773824,0.056643396235362985,0.012520087235996333,0.04412330899936665,0.5664339623536299,0.12520087235996324,0.4412330899936666,83.29192057785414,83.3409090909091,0.7080794221458575,0.6590909090909065,0.048988513054951,1.2906848065501935,1.32
KATL,2026-05-30,TMAX_DAILY,0,6,85.0,0.10875949540930706,0.01033727264283412,0.09842222276647294,0.09352671543800686,0.007195659656771956,0.0863310557812349,0.9352671543800686,0.07195659656771963,0.863310557812349,83.1585085162041,84.52226720647774,1.841491483795906,0.4777327935222644,1.3637586902736416,1.753956652806529,1.235
KATL,2026-05-31,TMAX_DAILY,0,5,75.0,0.25814042109176133,0.0014371046309153825,0.25670331646084593,0.3558037301967479,0.0010690118803588311,0.35473471831638903,2.846429841573983,0.008552095042870633,2.8378777465311122,78.73004934852817,75.13145539906104,3.730049348528169,0.1314553990610392,3.59859394946713,0.9596052184718673,1.065
KATL,2026-06-01,TMAX_DAILY,0,6,85.0,0.1089236175250513,0.0032895859353139103,0.10563403158973739,0.06210096017365413,0.0019737515611883464,0.06012720861246578,0.6210096017365412,0.019737515611883416,0.6012720861246578,84.29138017590788,85.05429864253394,0.7086198240921249,0.05429864253393646,0.6543211815581884,1.5273193288354752,1.105
KATL,2026-06-02,TMAX_DAILY,0,5,84.0,0.08888461452131155,0.007086945543304438,0.08179766897800711,0.10475293783366815,0.008811337429509299,0.09594160040415886,0.8380235026693452,0.07049069943607456,0.7675328032332707,82.01003183184302,83.36697247706422,1.9899681681569774,0.6330275229357767,1.3569406452212007,1.2983225560333833,1.09
KATL,2026-06-03,TMAX_DAILY,0,5,79.0,0.07394777496543045,0.0014554929134565717,0.07249228205197387,0.04048913385200847,0.0009096830709103559,0.03957945078109811,0.323913070816068,0.007277464567282871,0.3166356062487852,79.03619660969403,78.98104265402844,0.03619660969403071,0.018957345971557515,0.017239263722473197,1.1344191677392739,1.055
KATL,2026-06-04,TMAX_DAILY,0,6,82.0,0.11431579733384854,0.0010012459950160212,0.11331455133883252,0.06080370168351227,0.0007609469562121758,0.06004275472730009,1.1338636524889274,0.951005695977216,0.18285795651171144,83.73378062869723,83.08490566037736,1.7337806286972324,1.084905660377359,0.6488749683198733,1.194363003568306,1.06
KATL,2026-06-05,TMAX_DAILY,0,6,86.0,0.10015227444602576,0.0761866708918603,0.02396560355416545,0.055830388410449475,0.04576160263431639,0.010068785776133085,0.6060792247471543,0.5022354489153421,0.10384377583181215,86.18618722279048,86.04461942257217,0.18618722279047972,0.04461942257216833,0.1415678002183114,1.0760953589445015,1.905
KATL,2026-05-27,TMAX_DAILY,1,6,85.0,0.13488544227211938,0.08009738658777117,0.054788055684348205,0.10495200926881702,0.042196745562130177,0.06275526370668685,1.0495200926881705,0.4219674556213018,0.6275526370668687,83.72496396364546,84.34615384615385,1.2750360363545354,0.6538461538461462,0.6211898825083892,1.1451208154223815,1.04
KATL,2026-05-28,TMAX_DAILY,1,6,88.0,0.14520237350597467,0.0791267928020065,0.06607558070396817,0.1930039457944125,0.04525531448608372,0.14774863130832877,1.9300394579441253,0.4525531448608371,1.4774863130832883,84.70105752891135,87.24786324786325,3.298942471088651,0.7521367521367495,2.5468057189519016,1.0252325850319999,1.17
KATL,2026-05-29,TMAX_DAILY,1,6,84.0,0.15017030862367167,0.1231143862331613,0.02705592239051037,0.18358703850668492,0.14705345197392172,0.0365335865327632,1.8358703850668492,1.470534519739217,0.3653358653276322,80.89728690783846,81.28110599078342,3.1027130921615367,2.7188940092165836,0.38381908294495304,1.0224312348145772,1.085
KATL,2026-05-30,TMAX_DAILY,1,6,85.0,0.14357473299669934,0.08517801531857587,0.058396717678123475,0.16697017405063871,0.03807760289537917,0.12889257115525954,1.6697017405063872,0.38077602895379137,1.2889257115525958,82.11174348532958,84.74311926605505,2.8882565146704167,0.2568807339449535,2.631375780725463,1.1548068675744734,1.0899999999999999
KATL,2026-05-31,TMAX_DAILY,1,6,75.0,0.132943646104019,0.1282327175049411,0.004710928599077874,0.09631156851926029,0.0919759163022825,0.004335652216977792,0.9631156851926026,0.9197591630228252,0.04335652216977737,75.747895900124,76.49282296650716,0.7478959001240071,1.4928229665071626,-0.7449270663831555,0.9949435872917496,1.0450000000000002
KATL,2026-06-01,TMAX_DAILY,1,6,85.0,0.11163352265947607,0.16649163341034798,-0.05485811075087191,0.08154924567602323,0.17790380172232723,-0.096354556046304,0.8154924567602329,1.7790380172232723,-0.9635455604630394,85.78962317867726,87.69565217391305,0.7896231786772603,2.6956521739130466,-1.9060289952357863,1.0056933649494741,1.0350000000000001
KATL,2026-06-02,TMAX_DAILY,1,6,84.0,0.11208352539799338,0.10877412189365543,0.003309403504337949,0.23530527094901452,0.11240108288213246,0.12290418806688205,2.353052709490145,1.1240108288213244,1.2290418806688204,79.71349356857478,81.77551020408163,4.286506431425224,2.224489795918373,2.0620166355068505,1.1668156872421394,0.98
KATL,2026-06-03,TMAX_DAILY,1,6,79.0,0.12818402092955175,0.09665987939541075,0.031524141534141,0.09494951092114906,0.07245281541232673,0.02249669550882233,0.9494951092114903,0.7245281541232675,0.22496695508822273,77.95774255251007,80.30088495575221,1.0422574474899307,1.3008849557522097,-0.2586275082622791,1.1420609471856478,1.1300000000000001
KATL,2026-06-04,TMAX_DAILY,1,6,82.0,0.1314922740994852,0.099963805627804,0.031528468471681184,0.08833121811213548,0.06849321986818516,0.019837998243950328,1.0263846452982628,1.6045301886316006,-0.5781455433333378,83.36196370802234,84.28643216080403,1.3619637080223441,2.2864321608040257,-0.9244684527816815,1.208632736601401,0.995
KATL,2026-06-05,TMAX_DAILY,1,6,86.0,0.13692471210970344,0.05750208246563932,0.07942262964406413,0.1015003323892695,0.03096105789254478,0.07053927449672473,0.9417625216930436,0.5851207830070807,0.35664173868596294,85.96679885878667,86.41836734693878,0.033201141213325513,0.41836734693877986,-0.38516620572545435,1.0745532797304465,0.9800000000000001
KAUS,2026-05-26,TMAX_DAILY,0,4,88.0,0.1511610108341327,0.0023364485981308444,0.14882456223600185,0.09126798985659018,0.0012082569074446097,0.09005973294914557,0.547607939139541,0.007249541444667634,0.5403583976948734,88.84634740438953,87.98130841121495,0.8463474043895332,0.018691588785046065,0.8276558156044871,1.1274547731232059,1.07
KAUS,2026-05-27,TMAX_DAILY,0,6,77.0,0.05797605185154226,0.0035902113373052088,0.054385840514237054,0.1037062058600436,0.008791166139455455,0.09491503972058815,4.037062058600435,3.0879116613945548,0.9491503972058806,82.806952460348,80.8898678414097,5.8069524603480005,3.8898678414096963,1.9170846189383042,1.1497984583156198,1.135
KAUS,2026-05-28,TMAX_DAILY,0,6,90.0,0.07452341262193878,0.0019749835418038197,0.07254842908013495,0.06901559146392885,0.0013378920767058136,0.06767769938722304,0.7779403699154068,0.8751300728407907,-0.09718970292538387,89.59861757884684,90.86175115207374,0.4013824211531585,0.8617511520737366,-0.4603687309205782,1.218984704569269,1.085
KAUS,2026-05-29,TMAX_DAILY,0,6,91.0,0.07096850250792162,0.05868315257400733,0.012285349933914294,0.037140635927415504,0.032746857579166025,0.004393778348249479,0.7785590527595416,0.5251763121813446,0.253382740578197,92.05202551263298,91.3409742120344,1.05202551263298,0.3409742120343964,0.7110513005985837,1.0338101365853547,1.745
KAUS,2026-05-30,TMAX_DAILY,0,4,89.0,0.2704512392484059,0.0017295209002493198,0.2687217183481566,0.3275482308311913,0.0023509504877847857,0.3251972803434065,1.965289384987148,0.014105702926708763,1.9511836820604391,91.96518803919665,89.2654028436019,2.965188039196647,0.2654028436019047,2.6997851955947425,0.897655844976333,1.055
KAUS,2026-05-31,TMAX_DAILY,0,5,90.0,0.1703952346099538,0.017459199999999998,0.15293603460995378,0.14967836612984556,0.008956,0.14072236612984557,1.1974269290387642,0.07164799999999993,1.1257789290387643,92.00663023061554,89.816,2.006630230615542,0.1839999999999975,1.8226302306155446,1.3192864087762206,1.25
KAUS,2026-06-01,TMAX_DAILY,0,4,92.0,0.0885854680179568,0.001155219491703422,0.08743024852625338,0.04341080035241845,0.0006301197227473191,0.04278068062967113,0.9503283235190886,0.9458097038437303,0.004518619675358271,93.36310630179597,93.02898550724639,1.3631063017959661,1.0289855072463894,0.33412079454957677,0.9138366878961138,1.035
KAUS,2026-06-02,TMAX_DAILY,0,5,94.0,0.11900902616210507,0.0013061224489795944,0.11770290371312547,0.09429004824931485,0.0011224489795918383,0.09316759926972301,0.7000117501415493,0.8946938775510203,-0.194682127409471,93.49000950075869,94.82857142857142,0.5099904992413116,0.8285714285714221,-0.3185809293301105,1.1369744433952256,1.05
KAUS,2026-06-03,TMAX_DAILY,0,6,89.0,0.17157872146084177,0.022694748040171728,0.14888397342067006,0.10246698815868427,0.01929053583414597,0.0831764523245383,1.0246698815868422,0.19290535834145983,0.8317645232453824,89.98412312971504,88.31672597864768,0.9841231297150443,0.6832740213523181,0.30084910836272627,0.9612517738224237,1.405
KAUS,2026-06-04,TMAX_DAILY,0,5,87.0,0.2616308191301667,0.009501580005745473,0.25212923912442126,0.1384858556968527,0.004466209422579717,0.13401964627427299,1.1078868455748219,0.035729675380637815,1.072157170194184,86.40325880196545,86.97457627118645,0.5967411980345503,0.02542372881354993,0.5713174692210004,1.2237972159346797,1.18
KAUS,2026-06-05,TMAX_DAILY,0,6,87.0,0.1124414206300045,0.004010856645245768,0.10843056398475873,0.08192462078790996,0.0034553116836063408,0.07846930910430362,0.6281138970122637,0.8249461299365,-0.19683223292423624,86.6310470122371,87.72052401746726,0.36895298776289565,0.7205240174672554,-0.3515710297043597,1.312556173251766,1.145
KAUS,2026-05-27,TMAX_DAILY,1,6,77.0,0.12518375444369712,0.19312925170068027,-0.06794549725698315,0.30131101894025897,0.3673242630385487,-0.06601324409828974,6.013110189402589,6.673242630385488,-0.660132440982899,85.01386148626904,84.92380952380952,8.013861486269036,7.923809523809524,0.09005196245951197,0.9412973979827183,1.05
KAUS,2026-05-28,TMAX_DAILY,1,6,90.0,0.12758938469836467,0.07247291735057196,0.055116467347792714,0.1074174700338117,0.03596878866695286,0.07144868136685883,1.015865865701487,0.5958687911921419,0.4199970745093451,89.67821242786505,90.53768844221105,0.32178757213495146,0.5376884422110493,-0.21590087007609782,1.0208677894467404,0.995
KAUS,2026-05-29,TMAX_DAILY,1,6,91.0,0.12387423368742524,0.09461040546114154,0.029263828226283706,0.08435096617871178,0.058887401833287036,0.025463564345424745,1.1349367431058353,1.4280699982323681,-0.2931332551265329,92.68840749051282,93.08542713567839,1.688407490512816,2.085427135678387,-0.397019645165571,1.0899605404509156,0.9949999999999999
KAUS,2026-05-30,TMAX_DAILY,1,6,89.0,0.1287406823665064,0.12961451247165537,-0.000873830105148965,0.2711749135327583,0.13053061224489798,0.14064430128786032,2.711749135327582,1.3053061224489795,1.4064430128786027,93.6497483662849,91.32380952380953,4.649748366284896,2.3238095238095298,2.3259388424753666,1.0104922771718412,1.05
KAUS,2026-05-31,TMAX_DAILY,1,6,90.0,0.15260833553307177,0.16829277086713534,-0.01568443533406358,0.1956100122655739,0.16012114656571116,0.03548886569986273,1.9561001226557386,1.601211465657112,0.3548886569986267,93.23726855941604,92.47441860465116,3.2372685594160373,2.474418604651163,0.7628499547648744,1.0022893604352037,1.075
KAUS,2026-06-01,TMAX_DAILY,1,6,92.0,0.15173633091076766,0.069213922147692,0.08252240876307566,0.12781376892321517,0.033332570225040666,0.0944811986981745,1.6196435183315439,0.9409812046427509,0.6786623136887929,95.03043800871802,93.5358851674641,3.030438008718022,1.5358851674641016,1.4945528412539204,1.0550483381901823,1.0450000000000002
KAUS,2026-06-02,TMAX_DAILY,1,6,94.0,0.15681403048606712,0.18926681783824642,-0.032452787352179296,0.10309991586175168,0.15790929705215423,-0.054809381190402545,1.0461384071481812,0.9029024943310661,0.14323591281711512,94.33692821737806,92.78095238095239,0.336928217378059,1.2190476190476147,-0.8821194016695557,1.0162062637580676,1.05
KAUS,2026-06-03,TMAX_DAILY,1,6,89.0,0.1342173387204926,0.08267515243088149,0.05154218628961112,0.09097812561760973,0.04252649893546394,0.048451626682145796,0.9097812561760972,0.4252649893546394,0.48451626682145776,89.57448738014055,89.53588516746412,0.5744873801405532,0.5358851674641159,0.038602212676437375,0.9707510158942493,1.0450000000000002
KAUS,2026-06-04,TMAX_DAILY,1,6,87.0,0.13088308266853052,0.08459162796486887,0.04629145470366165,0.09333458059413419,0.04351560129757988,0.04981897929655431,0.9333458059413415,0.43515601297579876,0.4981897929655428,87.26087465483903,87.6086956521739,0.2608746548390286,0.6086956521739069,-0.34782099733487826,1.108050433332259,1.0350000000000001
KAUS,2026-06-05,TMAX_DAILY,1,6,87.0,0.14008084380370658,0.1335415028969051,0.006539340906801472,0.10604170826075121,0.11198794654554982,-0.005946238284798608,0.9861037990658135,0.7460476897545636,0.24005610931124988,86.84968612646438,86.1214953271028,0.1503138735356231,0.8785046728971935,-0.7281907993615704,1.045053840753174,1.0699999999999998
KBOS,2026-05-26,TMAX_DAILY,0,6,84.0,0.05813892283710237,0.050141898123441796,0.007997024713660573,0.0402694173795892,0.04395858818893113,-0.0036891708093419254,0.6629403579771243,0.5627950509437525,0.10014530703337177,83.98815606355974,83.63037249283668,0.011843936440257608,0.36962750716331527,-0.35778357072305766,1.2898053144989192,1.7449999999999999
KBOS,2026-05-27,TMAX_DAILY,0,6,87.0,0.0575722537359084,0.06969036919782924,-0.01211811546192084,0.038888891603625006,0.03504294189598446,0.0038459497076405447,0.5860510727406754,0.5524754547654711,0.03357561797520425,86.94324597112825,87.31969309462916,0.05675402887175096,0.31969309462915874,-0.2629390657574078,1.1469405905231727,1.9549999999999998
KBOS,2026-05-28,TMAX_DAILY,0,6,71.0,0.2115012425256341,0.06464861062935985,0.14685263189627423,0.2711943639085451,0.04033269742166724,0.2308616664868779,2.7119436390854506,0.4033269742166722,2.3086166648687785,74.43243357406283,70.1236559139785,3.432433574062827,0.8763440860215042,2.556089488041323,0.9278178767045657,1.86
KBOS,2026-05-29,TMAX_DAILY,0,6,72.0,0.0763673970100461,0.06279762858516263,0.013569768424883472,0.0512128241545597,0.05233263900016022,-0.001119814845600517,0.7618610733345146,0.5511744912674249,0.21068658206708968,72.32434345946781,71.69367088607595,0.32434345946781207,0.3063291139240505,0.01801434554376158,1.0373080171635303,1.975
KBOS,2026-05-30,TMAX_DAILY,0,5,58.0,0.13602755167623357,0.0030978907517577076,0.13292966092447586,0.1191189050584657,0.001941590048674961,0.11717731500979074,1.8237545543768872,0.8573931855056787,0.9663613688712085,60.61833441305575,58.87906976744186,2.6183344130557487,0.8790697674418624,1.7392646456138863,0.9709855926835887,1.075
KBOS,2026-05-31,TMAX_DAILY,0,5,68.0,0.1480395762201377,0.012301541024573098,0.1357380351955646,0.0947658614136316,0.009825072886297375,0.08494078852733422,1.04880462518756,0.7112536443148686,0.3375509808726914,69.03124923917447,68.56734693877551,1.0312492391744712,0.5673469387755148,0.4639023003989564,1.4601237211805271,1.225
KBOS,2026-06-01,TMAX_DAILY,0,5,58.0,0.11324701816392373,0.007061336931466806,0.10618568123245692,0.062368354881840414,0.0036075036075036114,0.058760851274336806,0.49894683905472337,0.028860028860028863,0.4700868101946945,58.54796852962463,57.94805194805194,0.547968529624633,0.051948051948059515,0.49602047767657353,1.2155899254992226,1.155
KBOS,2026-06-02,TMAX_DAILY,0,6,75.0,0.10838968573268415,0.06103077869918597,0.04735890703349818,0.13077369470544314,0.05431796407565557,0.07645573062978758,0.9926152346163397,0.5708874493207874,0.4217277852955523,73.59643089534141,74.57430730478589,1.4035691046585868,0.42569269521411,0.9778764094444767,1.5589504713398121,1.985
KBOS,2026-06-03,TMAX_DAILY,0,6,80.0,0.076581956603452,0.013523003972830959,0.06305895263062104,0.05031906698877477,0.009848519800076895,0.04047054718869788,0.7572062285044276,0.6749557862360631,0.08225044226836453,80.4546021546118,80.49803921568628,0.45460215461180553,0.4980392156862763,-0.04343706107447076,1.3356243572174624,1.275
KBOS,2026-06-04,TMAX_DAILY,0,6,89.0,0.08056206914656637,0.011677559912854038,0.06888450923371234,0.04260997825746235,0.010094579008073819,0.03251539924938853,0.4260997825746238,0.10094579008073823,0.32515399249388555,88.74946634743667,88.43529411764705,0.25053365256333393,0.5647058823529534,-0.31417222978961945,1.27876808308982,1.2750000000000001
KBOS,2026-06-05,TMAX_DAILY,0,5,88.0,0.04798721475386764,0.004850288564016975,0.04313692618985067,0.02324256054148689,0.0025789780610911196,0.020663582480395768,0.7192468226086715,0.9130085061030787,-0.19376168349440726,89.08623153393137,89.13452914798205,1.0862315339313682,1.1345291479820503,-0.048297614050682114,0.8087730310543928,1.115
KBOS,2026-05-27,TMAX_DAILY,1,6,87.0,0.10243357377147201,0.12609248301555995,-0.023658909244087936,0.10426505885235057,0.05850361604207758,0.045761442810272994,0.9826178090051974,1.0004207758053911,-0.017802966800193776,85.87938563299628,87.92820512820512,1.120614367003725,0.9282051282051214,0.1924092387986036,1.1277449087300073,0.975
KBOS,2026-05-28,TMAX_DAILY,1,6,71.0,0.13712828843994176,0.08903077231591272,0.048097516124029044,0.10283814783415682,0.044918395466630436,0.05791975236752638,1.0283814783415681,0.44918395466630434,0.5791975236752638,71.84012838757953,71.431718061674,0.8401283875795258,0.4317180616740046,0.4084103259055212,1.0613896353398418,1.135
KBOS,2026-05-29,TMAX_DAILY,1,6,72.0,0.12653472960642825,0.18447073616826704,-0.05793600656183878,0.1071760934107004,0.2549382716049383,-0.14776217819423793,0.980428126052445,1.82716049382716,-0.846732367774715,71.61648895028638,69.44444444444444,0.3835110497136185,2.555555555555557,-2.1720445058419386,1.0224312348145772,1.08
KBOS,2026-05-30,TMAX_DAILY,1,6,58.0,0.1567562806545166,0.08182140706088133,0.07493487359363528,0.13375772930066526,0.038835672384346924,0.09492205691631833,1.2014927151406098,0.7316403059330212,0.46985240920758864,57.48590413224534,58.81094527363184,0.5140958677546621,0.8109452736318374,-0.29684940587717534,1.0820262998645953,1.0050000000000001
KBOS,2026-05-31,TMAX_DAILY,1,6,68.0,0.1230487987869775,0.09191232048374907,0.031136478303228424,0.08828335189593246,0.04755555555555556,0.040727796340376904,1.1959720200665251,0.7231746031746029,0.47279741689192223,69.72758099074797,68.71428571428571,1.727580990747967,0.7142857142857082,1.0132952764622587,0.993673232198097,1.05
KBOS,2026-06-01,TMAX_DAILY,1,6,58.0,0.12650216143340184,0.12153899903921739,0.004963162394184456,0.14583435717346244,0.06335924534893875,0.08247511182452369,1.458343571734625,0.6335924534893875,0.8247511182452374,60.632692636765306,58.91588785046729,2.632692636765306,0.9158878504672927,1.7168047862980131,1.2292221497179623,1.0699999999999998
KBOS,2026-06-02,TMAX_DAILY,1,6,75.0,0.12778390006131154,0.08441929583904895,0.0433646042222626,0.17278333486269246,0.0695258916323731,0.10325744323031935,1.3522691140811067,0.5748885459533607,0.777380568127746,72.82860953616957,74.4537037037037,2.171390463830434,0.5462962962963047,1.6250941675341295,1.0833827043597912,1.08
KBOS,2026-06-03,TMAX_DAILY,1,6,80.0,0.17091345706171945,0.17507149048272283,-0.0041580334210033765,0.14422929623848804,0.17536905468765993,-0.031139758449171884,1.3456059013021378,1.1066317233471878,0.2389741779549499,79.53326255564022,78.44796380090497,0.4667374443597794,1.5520361990950278,-1.0852987547352484,0.8512542750599985,1.1050000000000002
KBOS,2026-06-04,TMAX_DAILY,1,6,89.0,0.10574264728321207,0.06272121977178784,0.04302142751142424,0.07673970105445702,0.03165763223682583,0.04508206881763119,0.7673970105445698,0.3165763223682585,0.45082068817631127,88.1759778904925,88.73134328358208,0.8240221095074958,0.2686567164179223,0.5553653930895734,0.9948190068241398,1.0050000000000001
KBOS,2026-06-05,TMAX_DAILY,1,6,88.0,0.1409259263782924,0.13465477092276182,0.006271155455530586,0.10275589584728181,0.06963218584294252,0.03312371000433929,1.3445575381256432,0.5587071795303424,0.7858503585953007,90.57434219828181,88.43119266055045,2.574342198281812,0.431192660550451,2.143149537731361,1.1958821357392826,1.09
KDCA,2026-05-26,TMAX_DAILY,0,6,77.0,0.11431225835098636,0.05720783939004848,0.05710441896093788,0.06731345427063103,0.0406581265490161,0.026655327721614927,1.0208638479700836,0.5377288064737676,0.4831350414963159,78.26388558029656,77.0382513661202,1.2638855802965594,0.03825136612020685,1.2256342141763525,1.1147392666579947,1.83
KDCA,2026-05-27,TMAX_DAILY,0,6,83.0,0.07720467835136506,0.054247619047619045,0.022957059303746016,0.05532184721043008,0.03757551020408163,0.01774633700634845,0.5532184721043008,0.3757551020408163,0.17746337006348445,81.77026448892336,81.96571428571428,1.2297355110766404,1.0342857142857156,0.19544979679092478,1.4643465884984366,1.75
KDCA,2026-05-28,TMAX_DAILY,0,5,82.0,0.20594562027970253,0.024731554290294493,0.18121406598940804,0.11126126282997112,0.0167320794350548,0.09452918339491631,0.8900901026397692,0.13385663548043825,0.7562334671593309,81.69358691940145,81.4275092936803,0.30641308059854566,0.572490706319698,-0.26607762572115234,1.2578113888639082,1.345
KDCA,2026-05-29,TMAX_DAILY,0,6,80.0,0.15207124186490378,0.011120854591836737,0.14095038727306705,0.08792670114382563,0.005799585459183674,0.08212711568464195,0.8792670114382559,0.057995854591836704,0.8212711568464193,79.40523395940636,80.15178571428571,0.5947660405936404,0.1517857142857082,0.44298032630793216,1.3129404879155904,1.12
KDCA,2026-05-30,TMAX_DAILY,0,5,73.0,0.09838462547965836,0.01979096689528035,0.078593658584378,0.054121930613723675,0.012064709650205438,0.04205722096351824,0.7214331007357835,0.6696402068459124,0.05179289388987107,73.7353373943048,73.61264822134387,0.7353373943048069,0.6126482213438749,0.12268917296093207,1.1130146805551315,1.2650000000000001
KDCA,2026-05-31,TMAX_DAILY,0,5,76.0,0.16440713239651938,0.001263794944820222,0.16314333745169915,0.15432442784930095,0.0012571199715201145,0.15306730787778083,1.2345954227944078,0.010056959772160867,1.224538463022247,78.09343641955306,76.18867924528303,2.0934364195530577,0.18867924528302638,1.9047571742700313,1.1846120960319348,1.06
KDCA,2026-06-01,TMAX_DAILY,0,5,80.0,0.17020327925247247,0.0021715913136347463,0.16803168793883771,0.1346277408363655,0.0017466180135279471,0.13288112282283757,1.0770219266909242,0.013972944108223528,1.0630489825827008,81.71666636212939,80.13207547169812,1.7166663621293878,0.13207547169811562,1.5845908904312722,0.9811135877576564,1.06
KDCA,2026-06-02,TMAX_DAILY,0,6,77.0,0.052731743870588245,0.013311613253549683,0.039420130617038564,0.02247756209416852,0.007812777213270759,0.014664784880897761,0.22477562094168502,0.0781277721327076,0.1466478488089774,76.82666058981914,76.6305220883534,0.17333941018085852,0.36947791164659805,-0.19613850146573952,1.0810809921600237,1.245
KDCA,2026-06-03,TMAX_DAILY,0,5,84.0,0.13051488409115194,0.00312851907209107,0.12738636501906087,0.0629409909948629,0.0016072561986855303,0.061333734796177375,0.5035279279589031,0.012858049589484222,0.4906698783694189,84.03274027588458,83.96380090497739,0.03274027588457784,0.036199095022610095,-0.003458819138032254,1.1883837204689474,1.105
KDCA,2026-06-04,TMAX_DAILY,0,6,89.0,0.07871586038177239,0.0013227513227513244,0.07739310905902107,0.041066872409804514,0.0009024943310657598,0.04016437807873875,0.9958478364284344,0.9233106575963719,0.07253717883206257,90.44353749428504,89.93333333333334,1.4435374942850387,0.9333333333333371,0.5102041609517016,1.3105389573866961,1.05
KDCA,2026-06-05,TMAX_DAILY,0,6,92.0,0.03852135467573998,0.011077870274020121,0.027443484401719856,0.016968082870789176,0.0066532258064516125,0.010314857064337563,0.6884492125053487,0.7116935483870968,-0.023244335881748013,92.83038210913242,92.66129032258064,0.8303821091324153,0.6612903225806406,0.1690917865517747,1.0919078364646928,1.24
KDCA,2026-05-27,TMAX_DAILY,1,6,83.0,0.1521953935913513,0.11193337299226651,0.040262020599084805,0.17794021433468787,0.10916835217132662,0.06877186216336126,1.779402143346878,1.091683521713266,0.687718621633612,80.00304116143074,80.92195121951221,2.996958838569256,2.0780487804877907,0.9189100580814653,0.922533749876526,1.025
KDCA,2026-05-28,TMAX_DAILY,1,6,82.0,0.1501730866287828,0.11898504825438182,0.03118803837440097,0.19327684774060408,0.10807484108622896,0.08520200665437512,1.9327684774060403,1.0807484108622898,0.8520200665437505,78.77202580203941,80.02843601895735,3.2279741979605916,1.9715639810426495,1.256410216917942,0.9388839574222512,1.0550000000000002
KDCA,2026-05-29,TMAX_DAILY,1,6,80.0,0.1343401444256338,0.0795598013635216,0.0547803430621122,0.09827462851763316,0.0356156889150745,0.06265893960255867,0.9827462851763316,0.35615688915074506,0.6265893960255865,79.30439921468466,80.10091743119266,0.6956007853153352,0.10091743119265573,0.5946833541226795,1.0573886663763712,1.09
KDCA,2026-05-30,TMAX_DAILY,1,6,73.0,0.13756196819127847,0.07822012737423899,0.059341840817039485,0.10460828757846326,0.03583452571332381,0.06877376186513945,1.0437998594462103,0.7711892938304854,0.27261056561572494,72.84901083797901,73.86238532110092,0.15098916202099133,0.8623853211009163,-0.7113961590799249,1.0928332536746632,1.09
KDCA,2026-05-31,TMAX_DAILY,1,6,76.0,0.12037910399164563,0.17028598552272456,-0.04990688153107893,0.10078564192729633,0.15012014951940192,-0.049334507592105586,1.0078564192729629,1.5012014951940191,-0.49334507592105625,77.47371627287573,78.17924528301887,1.473716272875734,2.179245283018872,-0.7055290101431382,1.07443929753767,1.06
KDCA,2026-06-01,TMAX_DAILY,1,6,80.0,0.1237018029767919,0.08414896570873244,0.03955283726805946,0.08777903469066721,0.03940024989587671,0.0483787847947905,0.8777903469066723,0.3940024989587674,0.48378784794790497,79.39279264597714,80.26530612244898,0.6072073540228615,0.2653061224489761,0.3419012315738854,1.13491874875463,0.9800000000000001
KDCA,2026-06-02,TMAX_DAILY,1,6,77.0,0.10816255381100855,0.05430870846109579,0.053853845349912756,0.0777455642175143,0.024257259913937484,0.05348830430357682,0.7774556421751431,0.242572599139375,0.5348830430357681,76.09454072151279,76.76649746192894,0.9054592784872142,0.2335025380710647,0.6719567404161495,1.235288344158304,0.985
KDCA,2026-06-03,TMAX_DAILY,1,6,84.0,0.12287463605262207,0.049274849961701304,0.07359978609092077,0.08003516333867204,0.022443877679856568,0.05759128565881547,0.8003516333867207,0.22443877679856572,0.5759128565881549,83.27463867745968,83.97989949748744,0.7253613225403228,0.020100502512562457,0.7052608200277604,1.1039739708983605,0.9950000000000001
KDCA,2026-06-04,TMAX_DAILY,1,6,89.0,0.12918751347169438,0.0741037299703547,0.055083783501339675,0.09629049347940317,0.03244016128571019,0.06385033219369299,0.9445441846919598,0.8217278160656583,0.12281636862630152,88.87381284143181,90.02139037433156,0.12618715856818596,1.0213903743315598,-0.8952032157633738,1.2120961196459612,0.935
KDCA,2026-06-05,TMAX_DAILY,1,6,92.0,0.10200663868451942,0.07133848899464605,0.030668149689873372,0.06686343343436466,0.032133254015466975,0.03473017941889768,0.8956845328003842,0.9603569303985721,-0.06467239759818788,92.46982899428214,93.29268292682929,0.469828994282139,1.2926829268292863,-0.8228539325471473,1.1673027274628553,1.025
KDEN,2026-05-26,TMAX_DAILY,0,6,80.0,0.1224473719118368,0.007564454432144023,0.11488291747969277,0.0729130146122602,0.004284477518465987,0.06862853709379421,0.7291301461226021,0.0428447751846599,0.6862853709379422,80.7275612070791,79.90557939914163,0.7275612070791055,0.09442060085837056,0.633140606220735,1.1795409843842761,1.165
KDEN,2026-05-27,TMAX_DAILY,0,6,70.0,0.07709106116942963,0.0011421620980182773,0.07594889907141135,0.08495433128104857,0.0023406906372374567,0.0826136406438111,0.8495433128104855,0.023406906372374525,0.8261364064381109,72.15428893133495,70.43396226415094,2.1542889313349463,0.4339622641509351,1.7203266671840112,1.1321076058394564,1.06
KDEN,2026-05-28,TMAX_DAILY,0,5,77.0,0.13361676764592811,0.001886627653070142,0.13173013999285796,0.08474147155738383,0.0011300113547034688,0.08361146020268036,0.6779317724590705,0.009040090837627746,0.6688916816214427,78.1455796735209,77.08411214953271,1.1455796735208992,0.0841121495327144,1.0614675239881848,0.9790457173451385,1.07
KDEN,2026-05-29,TMAX_DAILY,0,6,83.0,0.09890912101777166,0.11249384298575132,-0.013584721967979663,0.06333427833684127,0.07661877548113728,-0.013284497144296012,0.8464765126668714,0.5509978813936511,0.29547863127322027,83.28236391459188,82.64978902953587,0.28236391459188326,0.35021097046413274,-0.06784705587224948,1.157279598497477,1.185
KDEN,2026-05-30,TMAX_DAILY,0,6,77.0,0.0802946717823504,0.05866835496465126,0.021626316817699144,0.060335597984530906,0.03574970982378391,0.024585888160747,0.6286964833746862,0.5141922549329959,0.11450422844169028,76.79338180094283,77.14529914529915,0.20661819905717493,0.14529914529914834,0.0613190537580266,1.540108930476403,1.755
KDEN,2026-05-31,TMAX_DAILY,0,5,81.0,0.10931692313832589,0.010434782608695653,0.09888214052963024,0.06521369361756754,0.006304347826086956,0.058909345791480584,0.5288932434917387,0.746086956521739,-0.21719371303000023,81.12205301097862,81.7391304347826,0.1220530109786182,0.7391304347825951,-0.6170774238039769,1.1080390147793513,1.1500000000000001
KDEN,2026-06-01,TMAX_DAILY,0,5,79.0,0.0790665567774019,0.027196341651587186,0.05187021512581472,0.043418635642429766,0.017095905399149933,0.026322730243279833,0.9183883569805238,0.6199133106089298,0.29847504637159394,79.92145832389394,79.51310861423222,0.921458323893944,0.5131086142322232,0.4083497096617208,0.9590768189872436,1.335
KDEN,2026-06-02,TMAX_DAILY,0,5,74.0,0.05857737915945667,0.0012668179061566445,0.05731056125330002,0.051516611441974315,0.0023078996428651626,0.049208711799109156,4.412132891535794,4.018463197142921,0.393669694392873,79.36890991932567,78.35071090047394,5.368909919325674,4.350710900473942,1.0181990188517318,0.8490725842289261,1.055
KDEN,2026-06-03,TMAX_DAILY,0,5,78.0,0.15698478396206836,0.0014554929134565717,0.1555292910486118,0.21275014221972485,0.002369668246445496,0.21038047397327936,3.702001137757799,2.018957345971564,1.6830437917862349,82.92402083883448,80.34123222748815,4.92402083883448,2.341232227488149,2.5827886113463308,1.1328197875136656,1.055
KDEN,2026-06-04,TMAX_DAILY,0,5,88.0,0.012254311913668733,0.0033627391038518703,0.008891572809816863,0.00669869623689196,0.002030745043235221,0.004667951193656738,0.8907371554236955,0.8573674556729843,0.033369699750711135,89.09722612407388,88.88785046728971,1.0972261240738845,0.8878504672897094,0.20937565678417513,0.7779581654396636,1.07
KDEN,2026-06-05,TMAX_DAILY,0,4,86.0,0.15780901980584924,0.002742187682326307,0.15506683212352293,0.1608383404079635,0.0029716757294997106,0.15786666467846378,0.965030042447781,0.01783005437699825,0.9471999880707828,87.89308053424595,86.27053140096619,1.8930805342459536,0.2705314009661919,1.6225491332797617,0.9768442544214236,1.035
KDEN,2026-05-27,TMAX_DAILY,1,6,70.0,0.10038952714559322,0.0518618541380887,0.048527673007504525,0.20289321781542377,0.052447702331961575,0.1504455154834622,2.028932178154238,0.5244770233196159,1.5044551548346223,73.97737626166942,71.58333333333334,3.97737626166942,1.5833333333333428,2.394042928336077,1.1047874281774912,1.0799999999999998
KDEN,2026-05-28,TMAX_DAILY,1,6,77.0,0.14275580874348312,0.09642756150438304,0.046328247239100076,0.14972610601942804,0.04267131680648506,0.10705478921294298,1.4972610601942808,0.4267131680648508,1.07054789212943,79.61199479999081,76.88349514563107,2.6119947999908106,0.11650485436892666,2.495489945621884,1.1044211367533843,1.03
KDEN,2026-05-29,TMAX_DAILY,1,6,83.0,0.13028267452795045,0.1484882494983505,-0.01820557497040004,0.09146675972713128,0.13392510968268542,-0.04245834995555414,0.9455404325422334,0.9554127129884709,-0.009872280446237447,83.01676740051434,81.8989898989899,0.01676740051433967,1.1010101010101039,-1.0842427004957642,0.9354639028997184,0.9900000000000001
KDEN,2026-05-30,TMAX_DAILY,1,6,77.0,0.12109492324382137,0.07947845804988661,0.04161646519393476,0.09509653098430099,0.039142857142857146,0.05595367384144384,0.9657167531070052,0.6580952380952383,0.30762151501176693,76.71642675710906,77.57142857142857,0.2835732428909381,0.5714285714285694,-0.2878553285376313,1.0093728779541522,1.05
KDEN,2026-05-31,TMAX_DAILY,1,6,81.0,0.13268794671187742,0.05347610549276225,0.07921184121911518,0.09242564335920077,0.025180249851279025,0.06724539350792175,1.1640589478053793,0.8225342058298633,0.3415247419755161,82.60480163893428,82.24390243902438,1.6048016389342763,1.2439024390243816,0.3608991999098947,1.0812095082303466,1.0250000000000001
KDEN,2026-06-01,TMAX_DAILY,1,6,79.0,0.12160304130799264,0.08005552250644458,0.041547518801548056,0.08738165056364607,0.0374681737061273,0.04991347685751876,1.2038854613396717,0.6917549077929805,0.5121305535466911,80.56132334184487,79.7951219512195,1.5613233418448687,0.7951219512194996,0.7662013906253691,1.004528694156613,1.0250000000000001
KDEN,2026-06-02,TMAX_DAILY,1,6,74.0,0.11306314170857688,0.03154212354479674,0.08152101816378014,0.23993437389557787,0.03132100690576966,0.2086133669898082,6.399343738955778,4.313210069057696,2.086133669898082,82.40027704508152,79.22388059701493,8.400277045081523,5.223880597014926,3.1763964480665976,1.0749203924387205,1.0050000000000001
KDEN,2026-06-03,TMAX_DAILY,1,6,78.0,0.15566600583631401,0.12796751353602667,0.027698492300287342,0.33492622275339246,0.1919564764681383,0.14296974628525416,5.349262227533925,3.9195647646813825,1.429697462852543,85.15198618731873,83.29591836734694,7.151986187318727,5.2959183673469425,1.8560678199717842,1.0435002082499607,0.98
KDEN,2026-06-04,TMAX_DAILY,1,6,88.0,0.12033562965181721,0.07910893251474191,0.0412266971370753,0.08035109975377971,0.03649202844038924,0.04385907131339047,1.0664859980494303,0.8230483632216268,0.24343763482780356,89.43312513130387,89.06896551724138,1.4331251313038678,1.0689655172413808,0.364159614062487,1.1723705296615814,1.0150000000000001
KDEN,2026-06-05,TMAX_DAILY,1,6,86.0,0.09151878269871694,0.13485817692113458,-0.04333939422241764,0.18095699695510464,0.11847066745223464,0.06248632950287,1.8095699695510472,1.1847066745223467,0.6248632950287005,89.7625953544848,88.11926605504588,3.7625953544848016,2.119266055045884,1.6433292994389177,1.1281560285094825,1.09
KDFW,2026-05-26,TMAX_DAILY,0,5,88.0,0.12961254780250814,0.048451062844797645,0.0811614849577105,0.07082764477762345,0.02842290035106669,0.042404744426556756,0.5666211582209877,0.22738320280853364,0.33923795541245405,87.59031987140047,87.41614906832298,0.4096801285995326,0.58385093167702,-0.17417080307748734,1.2044894170386762,1.6099999999999999
KDFW,2026-05-27,TMAX_DAILY,0,6,85.0,0.13984031244550518,0.18862230270107136,-0.04878199025556618,0.17754088245229185,0.13591670439112719,0.04162417806116467,1.3255583266165907,0.7421457673155276,0.5834125593010631,82.78898847148056,84.00851063829786,2.2110115285194354,0.9914893617021363,1.219522166817299,1.4915392321887495,1.175
KDFW,2026-05-28,TMAX_DAILY,0,6,88.0,0.10389059626925222,0.0035209396258503445,0.10036965664340187,0.10741084407341864,0.0034119897959183692,0.10399885427750027,1.0120493769051326,0.8376913265306122,0.17435805037452046,87.18997698290967,88.69642857142857,0.8100230170903302,0.6964285714285694,0.1135944456617608,1.611173902723475,1.12
KDFW,2026-05-29,TMAX_DAILY,0,6,92.0,0.08186566459755046,0.0057470187340317265,0.07611864586351873,0.049587798475468,0.0035756451340867015,0.0460121533413813,0.6040983352283633,0.8625962781806937,-0.2584979429523304,92.41840635492035,93.08658008658008,0.41840635492035005,1.086580086580085,-0.6681737316597349,1.0585002570104647,1.155
KDFW,2026-05-30,TMAX_DAILY,0,6,94.0,0.09556225837186098,0.07082870082474356,0.024733557547117424,0.06769756986542064,0.04532132335852161,0.022376246506899025,0.6634774822767542,0.5158698751892261,0.14760760708752807,93.80194824345816,93.99749373433585,0.19805175654184382,0.0025062656641523517,0.19554549087769146,1.2026750314614754,1.9949999999999999
KDFW,2026-05-31,TMAX_DAILY,0,5,95.0,0.11368486893781952,0.0009614512471655332,0.112723417690654,0.06732185366978546,0.0005839002267573698,0.06673795344302809,0.8944068245427745,0.9380045351473922,-0.0435977106046177,96.088458796695,95.99047619047619,1.0884587966949937,0.990476190476187,0.09798260621880672,1.0625967849275042,1.05
KDFW,2026-06-01,TMAX_DAILY,0,6,94.0,0.10480198399116662,0.002300591981595265,0.10250139200957135,0.09398612242922044,0.0027060011783519903,0.09128012125086846,0.9398612242922044,0.02706001178351991,0.9128012125086845,95.93796482182641,94.37614678899082,1.9379648218264123,0.3761467889908232,1.561818032835589,1.2047725524525315,1.09
KDFW,2026-06-02,TMAX_DAILY,0,6,96.0,0.09233522914141246,0.05167171653410765,0.0406635126073048,0.05479132481060265,0.03523387198586037,0.019557452824742277,0.6531928052010632,0.53773197828557,0.1154608269154932,96.19292508492738,96.02808988764045,0.19292508492738136,0.02808988764044784,0.16483519728693352,1.4727464453325918,1.78
KDFW,2026-06-03,TMAX_DAILY,0,6,90.0,0.10071064415329489,0.004991477964450943,0.09571916618884395,0.0668457828851288,0.002702702702702707,0.0641430801824261,0.6684578288512877,0.027027027027026973,0.6414308018242607,89.21349098528567,90.09009009009009,0.7865090147143263,0.0900900900900865,0.6964189246242398,1.7525210288854176,1.11
KDFW,2026-06-04,TMAX_DAILY,0,5,87.0,0.09816961344581474,0.09623668639053254,0.0019329270552821964,0.0767289126970856,0.06021367521367524,0.016515237483410355,0.6261624032374036,0.502222222222222,0.12394018101518156,86.82219265282289,87.04615384615384,0.177807347177108,0.04615384615384244,0.13165350102326556,1.0928687025259305,1.95
KDFW,2026-06-05,TMAX_DAILY,0,5,86.0,0.095370187101654,0.05947723068370253,0.03589295641795147,0.057879982861007304,0.03938022984980208,0.018499753011205225,0.5658500345696776,0.5286641298200885,0.03718590474958916,86.19451244256261,86.19504643962848,0.1945124425626119,0.19504643962848434,-0.0005339970658724269,1.579354133256034,1.615
KDFW,2026-05-27,TMAX_DAILY,1,6,85.0,0.13054718763733505,0.1740631163708087,-0.04351592873347365,0.16550342616327363,0.21168639053254426,-0.046182964369270635,1.3728963485619339,1.405325443786982,-0.03242909522504811,83.02707699004706,82.78846153846153,1.972923009952936,2.211538461538467,-0.238615451585531,1.055825894342935,1.04
KDFW,2026-05-28,TMAX_DAILY,1,6,88.0,0.1534607680330061,0.08848789604841582,0.06497287198459027,0.1371571932763204,0.04381897472410111,0.09333821855221928,1.1922884474449646,0.8627180491278035,0.3295703983171612,87.46399080850675,89.02830188679245,0.5360091914932497,1.0283018867924483,-0.4922926952991986,0.9872116826564044,1.06
KDFW,2026-05-29,TMAX_DAILY,1,6,92.0,0.12885380624168893,0.0990186700676657,0.02983513617402324,0.09084989511608126,0.05491550643001382,0.03593438868606744,1.2047862536753262,1.1986396003826123,0.006146653292713911,93.71770116442899,93.80412371134021,1.7177011644289877,1.8041237113402104,-0.08642254691122275,1.054272116123432,0.97
KDFW,2026-05-30,TMAX_DAILY,1,6,94.0,0.12904321157245804,0.10113474203124166,0.027908469541216382,0.11291729715416139,0.0691055607701289,0.04381173638403249,0.9785024532944242,0.5522996268400446,0.42620282645437957,93.37499084254142,93.70813397129187,0.6250091574585781,0.29186602870812806,0.33314312875045005,0.9233408806698044,1.045
KDFW,2026-05-31,TMAX_DAILY,1,6,95.0,0.13706775255630235,0.084704758382643,0.05236299417365935,0.10770894014326964,0.04648206360946747,0.06122687653380217,1.4357239017973944,1.224436020710059,0.21128788108733532,97.10932685191645,96.81730769230768,2.1093268519164496,1.8173076923076792,0.29201915960877045,1.157831558278898,1.04
KDFW,2026-06-01,TMAX_DAILY,1,6,94.0,0.1366618274891467,0.1756699085824667,-0.03900808109331999,0.15064700105442527,0.17400777161339592,-0.02336077055897065,1.5064700105442526,1.7400777161339591,-0.23360770558970656,96.726929402108,96.58767772511848,2.7269294021079986,2.587677725118482,0.13925167698951668,1.022795348414677,1.055
KDFW,2026-06-02,TMAX_DAILY,1,6,96.0,0.11798396012986491,0.11319026756763449,0.004793692562230417,0.08374810918117503,0.07439914853592736,0.009348960645247678,0.9829255756862716,0.5599118833692234,0.4230136923170482,96.3068102704719,95.71641791044776,0.30681027047189957,0.2835820895522403,0.02322818091965928,1.0424226041060927,1.005
KDFW,2026-06-03,TMAX_DAILY,1,6,90.0,0.12871747446707696,0.09156766367637227,0.03714981079070469,0.09026453796351538,0.05419118781546872,0.03607335014804666,0.9026453796351537,0.5419118781546872,0.36073350148046646,90.52356732944224,90.83568075117371,0.523567329442244,0.8356807511737117,-0.3121134217314676,1.1930855364915103,1.065
KDFW,2026-06-04,TMAX_DAILY,1,6,87.0,0.13191683132716134,0.1062719465720297,0.025644884755131644,0.09406174910871307,0.05144089306170122,0.042620856047011844,1.117269250164494,0.727679072797107,0.3895901773673871,88.3025063529307,87.72511848341233,1.3025063529307062,0.7251184834123308,0.5773878695183754,0.9966425886505745,1.055
KDFW,2026-06-05,TMAX_DAILY,1,6,86.0,0.13041772692000672,0.0925018896447468,0.03791583727525992,0.09059031732460815,0.047746031746031745,0.042844285578576405,1.0443882614985318,0.5726984126984127,0.4716898488001191,87.19049903713342,86.42857142857142,1.1904990371334208,0.4285714285714164,0.7619276085620044,1.1322197090690755,1.05
KLAS,2026-05-26,TMAX_DAILY,0,4,91.0,0.10930747713917029,0.0021875000000000037,0.10711997713917028,0.06747703812170198,0.0011583333333333352,0.06631870478836865,0.40486222873021194,0.0069500000000000395,0.3979122287302119,91.79438236778736,91.05,0.7943823677873638,0.04999999999999716,0.7443823677873667,0.8250559364351328,1.0
KLAS,2026-05-27,TMAX_DAILY,0,5,82.0,0.15160241690419407,0.06084142394822008,0.090760992955974,0.11762056190294551,0.04140090698673036,0.07621965491621516,0.9409644952235641,0.3312072558938428,0.6097572393297213,80.54241290800434,81.10679611650485,1.4575870919956628,0.893203883495147,0.5643832085005158,1.3103582072280455,1.5450000000000002
KLAS,2026-05-28,TMAX_DAILY,0,5,83.0,0.11221726686340294,0.017968974432634306,0.09424829243076864,0.0693063371502842,0.010283503303648377,0.05902283384663582,0.5544506972022735,0.08226802642918701,0.47218267077308645,82.10007606000529,82.66949152542372,0.8999239399947072,0.33050847457627697,0.5694154654184302,1.2484674168720697,1.1800000000000002
KLAS,2026-05-29,TMAX_DAILY,0,4,79.0,0.039912972302198785,0.015943119221529273,0.023969853080669512,0.02167490807411312,0.009172753524715471,0.01250215454939765,0.8954948069494002,0.7299133684389333,0.16558143851046692,80.30749659323402,79.76354679802955,1.3074965932340206,0.7635467980295516,0.543949795204469,0.8170147919637927,1.0150000000000001
KLAS,2026-05-30,TMAX_DAILY,0,4,88.0,0.09968473694768794,0.08766600920447074,0.012018727743217203,0.08422523840202262,0.06384396230550077,0.02038127609652185,0.5053514304121359,0.3830637738330047,0.12228765657913121,89.2614160527027,88.97435897435898,1.2614160527026996,0.974358974358978,0.28705707834372163,0.913807916808913,0.9750000000000001
KLAS,2026-05-31,TMAX_DAILY,0,3,94.0,0.11397771990265992,0.02287417408790578,0.09110354581475415,0.07745002786764664,0.015315282964665328,0.06213474490298131,0.5269456390538726,0.7138035047400174,-0.18685786568614482,94.29923753668479,94.69491525423729,0.29923753668478525,0.6949152542372872,-0.3956777175525019,1.2881161616022043,1.18
KLAS,2026-06-01,TMAX_DAILY,0,5,99.0,0.02737848722950022,0.001491431010085129,0.025887056219415092,0.014008093534142825,0.0008647604501246599,0.013143333084018164,0.1120647482731425,0.006918083600997271,0.10514666467214523,98.68408084593122,98.96208530805688,0.31591915406878,0.03791469194311503,0.278004462125665,1.0181321840032889,1.055
KLAS,2026-06-02,TMAX_DAILY,0,4,101.0,0.04682044957828318,0.005192094617227965,0.041628354961055214,0.02707787409393303,0.0026196672593127024,0.024458206834620327,0.16246724456359807,0.01571800355587616,0.1467492410077219,100.52911414277479,100.92893401015228,0.4708858572252126,0.07106598984772461,0.399819867377488,1.0865205414552421,0.985
KLAS,2026-06-03,TMAX_DAILY,0,4,103.0,0.0031245650955531125,0.005691609977324264,-0.002567044881771152,0.0020830433970354108,0.003794406651549506,-0.0017113632545140952,0.012498260382212467,0.02276643990929711,-0.010268179527084642,103.15442028367302,103.20952380952382,0.1544202836730193,0.20952380952381588,-0.055103525850796586,0.8337326527340686,1.05
KLAS,2026-06-04,TMAX_DAILY,0,4,105.0,0.19318501834403273,0.038406611570247925,0.1547784067737848,0.09505387089724138,0.024943250688705232,0.07011062020853615,0.6268921889140349,0.6042049586776859,0.022687230236349,105.4856768477702,105.46909090909092,0.4856768477701934,0.469090909090923,0.016585938679270384,1.256801645985093,1.375
KLAS,2026-06-05,TMAX_DAILY,0,4,105.0,0.25903665876096416,0.008310341758632973,0.25072631700233117,0.13797400596188233,0.0055402278390886475,0.1324337781227937,0.8278440357712943,0.0332413670345319,0.7946026687367624,105.89722221118116,105.25471698113208,0.897222211181159,0.2547169811320771,0.6425052300490819,0.827900876401704,1.06
KLAS,2026-05-27,TMAX_DAILY,1,6,82.0,0.12925191857734222,0.09368333333333334,0.03556858524400888,0.09216688414900018,0.056995000000000004,0.035171884149000174,0.9216688414900018,0.56995,0.3517188414900019,81.14383202680985,80.93,0.8561679731901535,1.0699999999999932,-0.2138320268098397,0.997481638344892,1.0
KLAS,2026-05-28,TMAX_DAILY,1,5,83.0,0.12881839501580866,0.053460207612456755,0.0753581874033519,0.07440298781047443,0.02637807574009997,0.04802491207037446,0.5952239024837953,0.21102460592079975,0.38419929656299556,82.77423308046075,82.61764705882352,0.22576691953925376,0.3823529411764781,-0.15658602163722435,0.943011815303344,1.02
KLAS,2026-05-29,TMAX_DAILY,1,6,79.0,0.09756740773242818,0.05423958152851,0.04332782620391818,0.0941292737110795,0.032118016880770275,0.062011256830309225,1.55514186115821,1.211727432489295,0.3434144286689149,81.98246806012845,80.85572139303483,2.982468060128454,1.8557213930348269,1.1267466670936273,1.056466451208547,1.0050000000000001
KLAS,2026-05-30,TMAX_DAILY,1,6,88.0,0.17532404281190192,0.24990632370120566,-0.07458228088930374,0.18093190625017824,0.19248385461438428,-0.011551948364206033,1.8093190625017823,1.9248385461438429,-0.11551948364206055,90.93192608339754,90.4225352112676,2.931926083397542,2.4225352112676006,0.5093908721299414,1.2544545583307554,1.065
KLAS,2026-05-31,TMAX_DAILY,1,6,94.0,0.08422747044344094,0.025009462252889626,0.05921800819055131,0.062284966776258,0.011494453664075473,0.05079051311218252,1.014891925853529,0.8626080880426238,0.15228383781090515,95.45572192813717,95.2056074766355,1.4557219281371658,1.2056074766355067,0.2501144515016591,1.2403687684533664,1.07
KLAS,2026-06-01,TMAX_DAILY,1,6,99.0,0.11121776773375568,0.02665833333333333,0.08455943440042235,0.07466824906518252,0.012814999999999998,0.06185324906518252,0.7466824906518257,0.12814999999999976,0.6185324906518259,99.5537609242216,99.29,0.5537609242216064,0.29000000000000625,0.26376092422160013,1.2785292325095328,1.0
KLAS,2026-06-02,TMAX_DAILY,1,6,101.0,0.07489508164892057,0.020023804522859342,0.05487127712606123,0.060201857837664796,0.009997899600924166,0.050203958236740634,0.6020185783766487,0.09997899600924198,0.5020395823674068,101.70072881863524,101.28985507246377,0.7007288186352412,0.28985507246376585,0.4108737461714753,1.1174547637949472,1.035
KLAS,2026-06-03,TMAX_DAILY,1,6,103.0,0.12446218675701447,0.05767348556545091,0.06678870119156355,0.08608346108654633,0.034041107525055195,0.05204235356149113,0.860834610865463,0.34041107525055214,0.5204235356149108,103.99603913369891,103.78817733990148,0.9960391336989147,0.7881773399014804,0.2078617937974343,1.2632219241387186,1.0150000000000001
KLAS,2026-06-04,TMAX_DAILY,1,6,105.0,0.06920512990318752,0.04417233560090703,0.025032794302280482,0.05634342831717661,0.019043083900226764,0.03730034441694985,1.0456066709865812,0.7428117913832201,0.30279487960336116,106.52349563205604,106.02857142857142,1.52349563205604,1.028571428571425,0.4949242034846151,1.0507631283879988,1.05
KLAS,2026-06-05,TMAX_DAILY,1,6,105.0,0.12881523259542627,0.06770286354407336,0.06111236905135291,0.14755792236151952,0.043646292795631134,0.10391162956588838,1.4755792236151961,0.4364629279563118,1.0391162956588844,107.79878351706802,106.07246376811595,2.798783517068017,1.0724637681159521,1.726319748952065,1.1301446234613224,1.035
KLAX,2026-05-26,TMAX_DAILY,0,5,68.0,0.1275059335245734,0.008851385655013044,0.11865454786956035,0.08734863232987584,0.007593529525043328,0.07975510280483251,0.716854326645161,0.7343884035643635,-0.0175340769192025,67.78264803665627,68.55648535564853,0.21735196334373086,0.5564853556485332,-0.33913339230480233,1.9158767941567487,1.195
KLAX,2026-05-27,TMAX_DAILY,0,5,66.0,0.1132294499771698,0.0008241569561136415,0.11240529302105616,0.06011357169296164,0.0005150980975710253,0.05959847359539061,0.6785815182811485,0.9467045168379845,-0.26812299855683597,66.78286143244753,67.00000000000001,0.7828614324475325,1.0000000000000142,-0.21713856755248173,1.41751187461688,1.045
KLAX,2026-05-28,TMAX_DAILY,0,5,68.0,0.11701456191930801,0.0008241569561136415,0.11619040496319437,0.05206904008173882,0.0005150980975710253,0.051553941984167795,0.41655232065391057,0.004120784780568237,0.41243153587334236,68.01793516236958,68.0,0.017935162369582258,0.0,0.017935162369582258,0.997377838057663,1.045
KLAX,2026-05-29,TMAX_DAILY,0,5,68.0,0.1905456083123011,0.015797430083144364,0.17474817822915675,0.12783255456758522,0.009003369866465102,0.11882918470112011,0.6427389642337191,0.7069475938523557,-0.0642086296186366,67.60393345348236,68.72222222222223,0.3960665465176447,0.7222222222222285,-0.3261556757045838,0.84892821488012,1.26
KLAX,2026-05-30,TMAX_DAILY,0,6,71.0,0.0751247486621275,0.0012737648120651022,0.07385098385006239,0.037868447430886895,0.001113634378548346,0.03675481305233855,0.3786844743088691,0.011136343785483338,0.36754813052338575,70.59400175441274,71.14018691588785,0.4059982455872557,0.1401869158878526,0.26581132969940313,1.1526381550626619,1.07
KLAX,2026-05-31,TMAX_DAILY,0,5,72.0,0.059612437734778576,0.0011140809954852744,0.0584983567392933,0.027612540288426614,0.0007524538981604136,0.0268600863902662,0.7835048070094811,0.9491475932705915,-0.1656427862611104,73.07639530077239,73.03791469194313,1.0763953007723899,1.0379146919431292,0.03848060882926063,0.9351770296680736,1.055
KLAX,2026-06-01,TMAX_DAILY,0,5,72.0,0.08773174852983816,0.007319745781284243,0.08041200274855391,0.04878471115078724,0.004360252757688655,0.04442445839309858,0.5514078443199144,0.7870187741982613,-0.23561092987834686,72.3773103518962,72.82051282051283,0.3773103518961989,0.8205128205128318,-0.4432024686166329,0.9478739137169481,1.17
KLAX,2026-06-02,TMAX_DAILY,0,6,70.0,0.11330295165400271,0.006985146999976458,0.10631780465402625,0.052261644654122585,0.0037108961231551415,0.04855074853096744,0.5226164465412257,0.03710896123155144,0.4855074853096743,70.03259115419017,69.95798319327731,0.03259115419017178,0.042016806722685374,-0.009425652532513595,1.2213513657684787,1.19
KLAX,2026-06-03,TMAX_DAILY,0,6,69.0,0.00963274680105046,0.0019361568358481974,0.007696589965202262,0.004946222617163368,0.0019504458161865568,0.0029957768009768113,0.8105105050761517,0.9546896433470509,-0.14417913827089912,70.1103840972651,70.28703703703704,1.1103840972650971,1.287037037037038,-0.17665293977194096,0.7286183478792044,1.08
KLAX,2026-06-04,TMAX_DAILY,0,6,72.0,0.12317197628193338,0.001950679826476842,0.12122129645545654,0.07232827992910282,0.00135383002882348,0.07097444990027933,0.618356247567381,0.9200803563630012,-0.3017241087956203,71.98453969747537,73.07476635514018,0.015460302524630265,1.0747663551401843,-1.059306052615554,1.2044383209064036,1.07
KLAX,2026-06-05,TMAX_DAILY,0,6,70.0,0.1207004102165833,0.0024098687062384747,0.11829054151034482,0.060778344988530485,0.001988141682646738,0.05879020330588375,0.6077834498853045,0.019881416826467435,0.5879020330588371,70.68199963142449,70.27230046948357,0.6819996314244889,0.272300469483568,0.40969916194092093,1.1205560758008057,1.065
KLAX,2026-05-27,TMAX_DAILY,1,6,66.0,0.1589494211791077,0.08437345907297829,0.07457596210612942,0.1159447594354612,0.04507673816568049,0.07086802126978071,0.8486037154685864,1.2488443047337277,-0.4002405892651413,65.50758861383753,67.70192307692307,0.49241138616247326,1.701923076923066,-1.2095116907605927,1.2274787830687939,1.04
KLAX,2026-05-28,TMAX_DAILY,1,5,68.0,0.19229079034540283,0.05870562255817904,0.1335851677872238,0.11847860690304259,0.027409061127423615,0.09106954577561897,0.9478288552243408,0.219272489019389,0.7285563662049518,67.10194327221855,68.29556650246305,0.8980567277814515,0.2955665024630463,0.6024902253184052,1.093422734064558,1.0150000000000001
KLAX,2026-05-29,TMAX_DAILY,1,6,68.0,0.13447325635774296,0.06774175982325531,0.06673149653448765,0.08398937037016398,0.03557609279096362,0.04841327757920036,0.8716507817927468,1.1432005414362063,-0.2715497596434595,68.95022633055224,69.67632850241546,0.9502263305522405,1.6763285024154584,-0.7261021718632179,1.125596669964918,1.0350000000000001
KLAX,2026-05-30,TMAX_DAILY,1,6,71.0,0.09553737059057034,0.07570771779971529,0.01982965279085505,0.06748040819210545,0.03873135895820205,0.028749049233903395,0.6748040819210546,0.3873135895820209,0.2874904923390337,71.70286734483916,71.65700483091788,0.7028673448391629,0.6570048309178844,0.04586251392127849,1.3270444041722087,1.035
KLAX,2026-05-31,TMAX_DAILY,1,6,72.0,0.11189866846476655,0.06900165953358371,0.04289700893118284,0.0789451802095003,0.04085072932133812,0.03809445088816218,1.0235320962095253,1.2028998165778675,-0.17936772036834214,72.57846523878817,73.74766355140187,0.5784652387881692,1.747663551401871,-1.1691983126137018,1.2118622877585261,1.07
KLAX,2026-06-01,TMAX_DAILY,1,6,72.0,0.10384621098665886,0.06490292195309498,0.03894328903356388,0.0766791175126042,0.031175509419454066,0.045503608093150134,0.8484187145397231,0.6156766628219918,0.2327420517177312,72.10387323809786,72.55882352941177,0.10387323809786153,0.558823529411768,-0.4549502913139065,1.2180795890894123,1.02
KLAX,2026-06-02,TMAX_DAILY,1,6,70.0,0.1128885081845125,0.07823885109599396,0.03464965708851854,0.08314291404509716,0.04853968253968256,0.0346032315054146,0.831429140450971,0.48539682539682527,0.3460323150541458,70.95906225408336,70.98095238095239,0.9590622540833635,0.9809523809523881,-0.021890126869024584,1.171961025130749,1.05
KLAX,2026-06-03,TMAX_DAILY,1,6,69.0,0.13024417801064866,0.11546936637080868,0.014774811639839985,0.15587733360530728,0.08736593934911244,0.06851139425619485,2.435319954914929,1.7871209319526624,0.6481990229622667,72.89707119479402,71.6826923076923,3.897071194794023,2.6826923076923066,1.2143788871017165,1.1423768481858718,1.04
KLAX,2026-06-04,TMAX_DAILY,1,6,72.0,0.0994778658520191,0.055611623734461095,0.04386624211755801,0.07608325908048649,0.030618031526336013,0.04546522755415048,1.3093507574879337,0.5806901191849286,0.7286606383030051,74.04977287274832,72.4607843137255,2.0497728727483207,0.46078431372549744,1.5889885590228232,1.267796031563229,1.02
KLAX,2026-06-05,TMAX_DAILY,1,6,70.0,0.14470912655216198,0.17354507728000523,-0.028835950727843257,0.14602613710453782,0.13852563474169202,0.007500502362845801,1.460261371045378,1.3852563474169202,0.07500502362845785,72.56719619885297,72.11881188118811,2.567196198852969,2.1188118811881083,0.44838431766486053,1.2061955253161374,1.01
KMDW,2026-05-02,TMAX_DAILY,0,5,56.0,0.0250090852027484,0.015555308645894519,0.00945377655685388,0.022020339205693237,0.008388755734035972,0.013631583471657265,0.1761627136455458,0.0671100458722878,0.109052667773258,55.28329353247549,55.760956175298794,0.7167064675245101,0.23904382470120566,0.4776626428233044,0.8800137444443432,1.2550000000000001
KMDW,2026-05-03,TMAX_DAILY,0,6,67.0,0.113909434329586,0.0029164631513375404,0.11099297117824847,0.048803316740377946,0.003159973666886113,0.045643343073491834,0.48803316740377956,0.031599736668861234,0.4564334307349183,67.34284921514806,67.36866359447005,0.342849215148064,0.3686635944700498,-0.025814379321985825,0.8962272239932443,1.085
KMDW,2026-05-04,TMAX_DAILY,0,6,81.0,0.0618199779574122,0.008919017371308884,0.052900960586103316,0.035901847612726204,0.005870500648862786,0.030031346963863417,0.3590184761272621,0.05870500648862775,0.30031346963863437,80.2469321667742,80.64462809917356,0.7530678332257992,0.3553719008264409,0.3976959323993583,1.558534462785505,1.21
KMDW,2026-05-05,TMAX_DAILY,0,6,60.0,0.14386738404771673,0.016548866431066196,0.12731851761665053,0.08888872430618242,0.00855291710583421,0.0803358072003482,1.1404171955787954,0.7075764151528303,0.4328407804259651,61.22134046937883,60.78740157480315,1.2213404693788306,0.7874015748031482,0.43393889457568235,1.509508162392493,1.27
KMDW,2026-05-06,TMAX_DAILY,0,6,58.0,0.03285050780801345,0.00899305555555556,0.02385745225245789,0.01787479097507995,0.005347222222222222,0.012527568752857727,0.17874790975079946,0.053472222222222254,0.1252756875285772,58.322970878805066,57.93333333333334,0.3229708788050658,0.06666666666666288,0.25630421213840293,1.0455635191214006,1.2
KMDW,2026-05-07,TMAX_DAILY,0,6,61.0,0.048516561310489925,0.023915061161124917,0.02460150014936501,0.02711702242417039,0.013949481202162602,0.013167541222007789,0.27117022424170356,0.1394948120216256,0.13167541222007795,60.812515148978676,60.689045936395765,0.18748485102132406,0.3109540636042354,-0.12346921258291133,1.3582874592096261,1.415
KMDW,2026-05-08,TMAX_DAILY,0,6,65.0,0.0708394165985481,0.01505656506667266,0.05578285153187544,0.04760751745780784,0.007973765189461156,0.039633752268346686,1.0875122123539271,0.7005907324633319,0.3869214798905952,66.88549941778531,65.78199052132702,1.8854994177853115,0.7819905213270175,1.103508896458294,1.2669276093234347,1.0550000000000002
KMDW,2026-05-09,TMAX_DAILY,0,6,76.0,0.14063385970157313,0.007020185220846975,0.13361367448072617,0.12143792930357193,0.00798655485723289,0.11345137444633904,0.7598063462561935,0.761873916773166,-0.0020675705169724834,74.84910191564384,76.3723849372385,1.1508980843561574,0.3723849372384933,0.7785131471176641,1.1178376067954006,1.195
KMDW,2026-05-10,TMAX_DAILY,0,6,62.0,0.1349177557594647,0.006694387288523091,0.12822336847094162,0.090252167094545,0.004616769547325096,0.08563539754721991,0.9025216709454496,0.04616769547325095,0.8563539754721986,63.31647609946716,62.305555555555564,1.3164760994671596,0.30555555555556424,1.0109205439115954,1.3613788165940348,1.08
KMDW,2026-05-11,TMAX_DAILY,0,6,56.0,0.13759928165490679,0.0030426232993197334,0.13455665835558706,0.08751467655385742,0.0019212372448979647,0.08559343930895945,0.8751467655385743,0.01921237244897972,0.8559343930895946,57.22339779797325,56.01785714285714,1.2233977979732487,0.017857142857138797,1.2055406551161099,1.4242105593965546,1.12
KMDW,2026-05-12,TMAX_DAILY,0,6,74.0,0.12349432104552964,0.0020099086270321596,0.12148441241849749,0.14452983096582211,0.0018111427554289745,0.14271868821039313,1.4452983096582217,0.01811142755428974,1.427186882103932,76.74919314369713,74.27358490566039,2.749193143697127,0.2735849056603854,2.4756082380367417,1.432949746087213,1.06
KMDW,2026-05-13,TMAX_DAILY,0,6,59.0,0.22194870093790894,0.0017130681617079698,0.22023563277620098,0.6380137415500448,0.0035464758223788884,0.6344672657276659,6.380137415500449,0.03546475822378892,6.34467265727666,66.29663996098758,59.54377880184333,7.2966399609875765,0.5437788018433309,6.752861159144246,1.0592339380122124,1.085
KMDW,2026-05-14,TMAX_DAILY,0,6,65.0,0.1057042590012931,0.004732199117832392,0.10097205988346071,0.05910313006943595,0.002748582230623818,0.05635454783881213,0.5910313006943593,0.027485822306238195,0.5635454783881211,65.57071920383906,64.90434782608696,0.5707192038390616,0.09565217391303804,0.47506702992602357,1.3996312259675643,1.1500000000000001
KMDW,2026-05-15,TMAX_DAILY,0,6,76.0,0.08322244275803291,0.008366914828222119,0.07485552792981079,0.05716730761245513,0.006317874462126907,0.05084943315032822,0.5716730761245516,0.06317874462126905,0.5084943315032826,75.00788630380725,75.60330578512396,0.9921136961927459,0.3966942148760353,0.5954194813167106,1.6314691310998317,1.21
KMDW,2026-05-16,TMAX_DAILY,0,6,83.0,0.08003588819256693,0.03954018737672584,0.04049570081584109,0.04866528336131872,0.02267217291255753,0.02599311044876119,1.1190022715245953,0.5600550624589088,0.5589472090656865,84.67586383896915,83.4423076923077,1.6758638389691498,0.4423076923076934,1.2335561466614564,1.11122797205583,1.56
KMDW,2026-05-17,TMAX_DAILY,0,5,87.0,0.16356179681757163,0.011068773391590046,0.1524930234259816,0.08523241244757539,0.00640993073549087,0.07882248171208452,0.6818592995806028,0.051279445883926855,0.6305798536966759,87.63145959487974,86.78600823045267,0.6314595948797432,0.21399176954733434,0.4174678253324089,1.030862665803211,1.215
KMDW,2026-05-18,TMAX_DAILY,0,5,80.0,0.09446988355033012,0.0011355051395343491,0.09333437841079577,0.08616637765504055,0.0018429065268652208,0.08432347112817533,1.6893310212403247,1.014743252214922,0.6745877690254027,82.67490235732431,81.30622009569379,2.6749023573243136,1.3062200956937886,1.368682261630525,1.033935102606666,1.045
KMDW,2026-05-19,TMAX_DAILY,0,6,79.0,0.10125277496928693,0.009138723127128065,0.09211405184215887,0.06244426895233642,0.005789037779523877,0.05665523117281254,0.6244426895233646,0.057890377795238646,0.5665523117281259,80.23141616318134,79.3963133640553,1.2314161631813363,0.3963133640553025,0.8351027991260338,1.2727053219230031,1.085
KMDW,2026-05-20,TMAX_DAILY,0,6,61.0,0.1804333385787618,0.0018797519849619874,0.1785535865937998,0.14113248841422815,0.0015066071879471445,0.139625881226281,2.2737505786855445,0.8958000168336,1.3779505618519445,63.84838113001462,61.85321100917431,2.848381130014623,0.8532110091743093,1.9951701208403136,0.908653899702407,1.09
KMDW,2026-05-21,TMAX_DAILY,0,6,61.0,0.05096837882983737,0.01794638253167363,0.03302199629816374,0.02325790635609311,0.009877257152770751,0.01338064920332236,0.23257906356093105,0.09877257152770769,0.13380649203322337,61.01399907720173,60.695817490494306,0.013999077201731325,0.3041825095056936,-0.29018343230396226,1.0731555394382863,1.315
KMDW,2026-05-22,TMAX_DAILY,0,6,67.0,0.09077710898689957,0.00297613062800378,0.08780097835889579,0.057848051677901566,0.0017333950009049044,0.05611465667699666,0.5784805167790159,0.01733395000904897,0.5611465667699669,68.09329341969891,66.97309417040358,1.0932934196989095,0.026905829596415742,1.0663875901024937,1.1596372825434753,1.115
KMDW,2026-05-23,TMAX_DAILY,0,6,70.0,0.10208121416711641,0.004008392152131221,0.09807282201498518,0.0757861331342159,0.0025578636208248694,0.07322826951339102,0.7578613313421585,0.025578636208248795,0.7322826951339096,71.15679841265867,70.07174887892377,1.1567984126586737,0.07174887892377058,1.085049533734903,1.2823801314755485,1.115
KMDW,2026-05-24,TMAX_DAILY,0,6,74.0,0.07868038450711022,0.0024881327189452546,0.07619225178816497,0.044288806293762,0.0017347428118679742,0.04255406348189403,0.7931651867605463,0.8986259669314651,-0.10546078017091887,74.72161451623592,74.98173515981736,0.7216145162359169,0.9817351598173616,-0.2601206435814447,1.4044796952547351,1.095
KMDW,2026-05-25,TMAX_DAILY,0,6,84.0,0.08826171230051764,0.04094071882533421,0.04732099347518343,0.043160138442919486,0.02383300460223537,0.019327133840684116,0.8297958829463801,0.552432610124918,0.2773632728214621,84.87491136867439,84.3974358974359,0.8749113686743897,0.3974358974358978,0.4774754712384919,1.2552096734707816,1.56
KMDW,2026-05-26,TMAX_DAILY,0,6,83.0,0.06537113660093127,0.002060392390284105,0.06331074421064717,0.047337065758888894,0.0020603923902841018,0.04527667336860479,1.311517863916762,0.9631876559602575,0.3483302079565045,85.22330641852868,84.28708133971293,2.2233064185286793,1.2870813397129268,0.9362250788157525,1.0669644989475515,1.045
KMDW,2026-05-27,TMAX_DAILY,0,6,82.0,0.17775627195056495,0.004858105791560739,0.17289816615900422,0.1372007166255046,0.002821712045644203,0.13437900457986038,1.3720071662550464,0.028217120456441813,1.3437900457986045,84.06633819738478,81.90308370044053,2.0663381973847805,0.09691629955946723,1.9694218978253133,1.1432043759803132,1.135
KMDW,2026-05-28,TMAX_DAILY,0,6,72.0,0.0650559737599801,0.004362470578686799,0.060693503181293296,0.03058590704195226,0.0030232935638341073,0.027562613478118152,0.9318061698517546,0.8500527554581608,0.08175341439359374,73.00906659841479,72.72072072072072,1.0090665984147904,0.7207207207207205,0.28834587769406994,1.06379431530035,1.11
KMDW,2026-05-29,TMAX_DAILY,0,6,84.0,0.09883182788156032,0.03877417823662039,0.06005764964493993,0.05550402077266266,0.026381472251888777,0.02912254852077388,0.6220478504760492,0.5531228986195167,0.06892495185653247,84.19275779229253,84.18867924528301,0.1927577922925252,0.18867924528301216,0.004078547009513045,1.515454884288043,1.59
KMDW,2026-05-30,TMAX_DAILY,0,6,74.0,0.08136724986797297,0.007183364839319469,0.0741838850286535,0.044516468271568514,0.004003780718336484,0.04051268755323203,1.1560192974692935,0.7878638941398866,0.368155403329407,75.52548888452831,74.78260869565217,1.5254888845283148,0.7826086956521721,0.7428801888761427,1.1702582388877407,1.15
KMDW,2026-05-31,TMAX_DAILY,0,5,74.0,0.06728001209442316,0.0014834825210045548,0.06579652957341861,0.03477185222318416,0.00109315262928962,0.03367869959389454,0.5559794335103354,0.960898331082164,-0.40491889757182864,74.53481686226174,75.14354066985648,0.5348168622617351,1.1435406698564776,-0.6087238075947425,1.3494418359772382,1.045
KMDW,2026-06-01,TMAX_DAILY,0,4,71.0,0.20567458033311395,0.0017797707100591748,0.20389480962305478,0.1741914513015198,0.0022959812623274227,0.1718954700391924,1.0451487078091188,0.013775887573964501,1.0313728202351544,72.79114248854357,71.25,1.7911424885435707,0.25,1.5411424885435707,0.7873952656224491,1.04
KMDW,2026-06-02,TMAX_DAILY,0,6,75.0,0.047960394005864875,0.0017272257498212589,0.046233168256043615,0.02744120280736645,0.0011552591900443816,0.026285943617322068,0.2744120280736646,0.01155259190044372,0.2628594361732209,74.60032060727706,75.01843317972352,0.3996793927229447,0.01843317972351599,0.38124621299942874,1.0441414553618562,1.085
KMDW,2026-06-03,TMAX_DAILY,0,5,82.0,0.04763392021250092,0.004783163265306127,0.0428507569471948,0.026590836310280426,0.002740353954081634,0.023850482356198792,0.5894366376288266,0.8433514030612246,-0.253914765432398,82.51130738554585,82.91071428571429,0.5113073855458481,0.9107142857142918,-0.3994069001684437,0.9165534308082341,1.12
KMDW,2026-06-04,TMAX_DAILY,0,5,87.0,0.23839951440185062,0.009406935103502491,0.22899257929834813,0.14842734139431163,0.004809371997554371,0.14361796939675725,1.187418731154493,0.038474975980435144,1.148943755174058,88.50395344380661,87.14018691588785,1.5039534438066084,0.1401869158878526,1.3637665279187559,0.8511239019336354,1.07
KMDW,2026-06-05,TMAX_DAILY,0,4,81.0,0.02922796004321139,0.004190765611214585,0.025037194431996805,0.035102502613178495,0.003970199000098029,0.031132303613080465,0.21061501567907115,0.02382119400058813,0.18679382167848302,81.97738705068203,81.2970297029703,0.9773870506820259,0.2970297029703062,0.6803573477117197,0.8345963860115942,1.01
KMDW,2026-05-03,TMAX_DAILY,1,6,67.0,0.33312996799943995,0.1501295600780272,0.18300040792141276,0.1998426352132621,0.06711066468687221,0.13273197052638988,1.9984263521326209,0.6711066468687221,1.3273197052638988,65.0014030212311,67.1588785046729,1.9985969787689015,0.15887850467289866,1.8397184740960029,1.0,1.07
KMDW,2026-05-04,TMAX_DAILY,1,6,81.0,0.1970427595985567,0.10521726835705535,0.09182549124150134,0.24965589446542563,0.05802149118672826,0.19163440327869738,2.496558944654257,0.5802149118672826,1.9163440327869743,77.59904775413014,80.09708737864078,3.40095224586986,0.9029126213592207,2.498039624510639,1.0,1.03
KMDW,2026-05-05,TMAX_DAILY,1,6,60.0,0.11937338374299722,0.09191145526470834,0.027461928478288877,0.07200890678115857,0.049705412002356696,0.02230349477880187,1.041287214344747,0.7172376062620989,0.32404960808264804,61.2073827129413,60.73394495412844,1.2073827129413033,0.7339449541284395,0.47343775881286376,0.9454986637620643,1.09
KMDW,2026-05-06,TMAX_DAILY,1,6,58.0,0.08189638623270981,0.06434788073019763,0.017548505502512177,0.0421801917687046,0.032057686869638995,0.010122504899065604,0.42180191768704645,0.3205768686963901,0.10122504899065632,57.528551462414036,58.38834951456312,0.47144853758596383,0.3883495145631173,0.08309902302284655,1.0,1.03
KMDW,2026-05-07,TMAX_DAILY,1,6,61.0,0.33320111184780044,0.060361865952397314,0.2728392458954031,0.39981564709455286,0.033895744145051636,0.3659199029495012,3.9981564709455277,0.33895744145051676,3.659199029495011,57.00113394593084,60.626794258373195,3.998866054069161,0.37320574162680487,3.6256603124423563,1.0,1.0450000000000002
KMDW,2026-05-08,TMAX_DAILY,1,6,65.0,0.1202174084636994,0.1463286059245655,-0.026111197460866112,0.06840713344141318,0.10925415773900624,-0.04084702429759306,0.9075561213902361,1.9410264258749106,-1.0334703044846745,65.77752276118578,67.71717171717171,0.7775227611857787,2.717171717171709,-1.9396489559859305,1.0,0.9900000000000001
KMDW,2026-05-09,TMAX_DAILY,1,6,76.0,0.1587548273181035,0.19935975182132457,-0.04060492450322106,0.1809760027959016,0.20139600504938,-0.020420002253478398,1.2769302998090166,1.2229152743743967,0.05401502543461989,74.05761695090716,74.12437810945273,1.9423830490928395,1.875621890547265,0.06676115854557452,1.0,1.005
KMDW,2026-05-10,TMAX_DAILY,1,6,62.0,0.11778432522816246,0.17229800083298627,-0.054513675604823814,0.07929098677631333,0.18827571845064556,-0.10898473167433223,0.792909867763133,1.8827571845064555,-1.0898473167433225,62.874721246024684,64.75510204081633,0.8747212460246843,2.7551020408163254,-1.880380794791641,1.3123334880810056,0.98
KMDW,2026-05-11,TMAX_DAILY,1,6,56.0,0.11607011258431132,0.11322769297968889,0.0028424196046224343,0.07430235954713962,0.08073964425246916,-0.006437284705329532,0.7430235954713962,0.8073964425246909,-0.06437284705329471,56.14991542657046,57.35960591133004,0.14991542657045898,1.3596059113300427,-1.2096904847595837,1.3123334880810058,1.0150000000000001
KMDW,2026-05-12,TMAX_DAILY,1,6,74.0,0.14923495471880383,0.1366942201717288,0.012540734547075022,0.16102326160412234,0.12580738177623993,0.03521587982788241,1.610232616041223,1.2580738177623998,0.35215879827882324,76.65741177364876,76.17647058823529,2.657411773648761,2.17647058823529,0.48094118541347086,1.293122370321099,1.02
KMDW,2026-05-13,TMAX_DAILY,1,6,59.0,0.08512292598029285,0.18913952248688382,-0.10401659650659097,0.1492240883443317,0.28938220688494243,-0.14015811854061072,1.492240883443317,2.8938220688494236,-1.4015811854061067,62.21611443539075,63.027522935779814,3.2161144353907503,4.027522935779814,-0.8114085003890636,1.2682001933023557,1.09
KMDW,2026-05-14,TMAX_DAILY,1,6,65.0,0.1445396230610393,0.0936902637319056,0.05084935932913369,0.10312738842757478,0.04977513384889944,0.05335225457867534,1.0312738842757478,0.497751338488994,0.5335225457867538,65.44193430134848,65.26341463414636,0.441934301348482,0.2634146341463577,0.1785196672021243,1.0860443996002997,1.025
KMDW,2026-05-15,TMAX_DAILY,1,6,76.0,0.1533812141288581,0.15837891801358053,-0.0049977038847224264,0.1400835644541454,0.16603054379842083,-0.025946979344275423,1.4008356445414543,1.6603054379842088,-0.25946979344275456,74.45025917744887,73.40298507462687,1.5497408225511293,2.5970149253731307,-1.0472741028220014,1.0356140211105664,1.005
KMDW,2026-05-16,TMAX_DAILY,1,6,83.0,0.17330845495990935,0.10709823144944253,0.06621022351046682,0.134932151702196,0.06262495194156094,0.07230719976063506,1.2025472583934957,0.9595828527489425,0.24296440564455324,83.2158656678029,84.20588235294117,0.21586566780290184,1.205882352941174,-0.9900166851382721,1.2051454059416207,1.02
KMDW,2026-05-17,TMAX_DAILY,1,6,87.0,0.1346764762706443,0.09567321039064051,0.03900326588000379,0.09409405769011234,0.06300535395597857,0.031088703734133763,0.9409405769011234,0.6300535395597862,0.31088703734133727,87.37924681002407,86.09268292682926,0.3792468100240711,0.907317073170745,-0.5280702631466738,1.1016615328245758,1.0250000000000001
KMDW,2026-05-18,TMAX_DAILY,1,6,80.0,0.07686614935197443,0.04043061558699563,0.0364355337649788,0.1527846448630316,0.03405192085693577,0.11873272400609582,2.5278464486303154,1.3405192085693578,1.1873272400609576,84.46089925479066,82.2020725388601,4.460899254790661,2.2020725388600937,2.2588267159305673,1.1892072086266818,0.9650000000000001
KMDW,2026-05-19,TMAX_DAILY,1,6,79.0,0.1458137193112238,0.1091651794566726,0.0366485398545512,0.183291054099561,0.06026412849494348,0.12302692560461753,1.8329105409956097,0.6026412849494351,1.2302692560461745,82.14347090249242,79.92682926829268,3.1434709024924246,0.9268292682926784,2.216641634199746,1.1007893442598227,1.025
KMDW,2026-05-20,TMAX_DAILY,1,6,61.0,0.13725442371629432,0.03569160997732427,0.10156281373897005,0.1123623816248999,0.02268480725623583,0.08967757436866408,0.9589264705164118,0.6173242630385487,0.3416022074778631,60.54037294376362,61.42857142857143,0.45962705623637845,0.4285714285714306,0.03105562766494785,1.0971067969937416,1.0499999999999998
KMDW,2026-05-21,TMAX_DAILY,1,6,61.0,0.13515276948889623,0.09449462064458913,0.0406581488443071,0.09759151812680882,0.050054843753646515,0.0475366743731623,0.9759151812680882,0.500548437536465,0.47536674373162313,61.84961166176753,61.57971014492754,0.8496116617675327,0.5797101449275388,0.26990151683999386,1.188198617340807,1.035
KMDW,2026-05-22,TMAX_DAILY,1,6,67.0,0.13817286492932282,0.10206018002854716,0.036112684900775655,0.10294378774247685,0.07326056285735502,0.02968322488512183,1.0294378774247679,0.73260562857355,0.29683224885121784,68.11834471039049,68.24378109452735,1.1183447103904882,1.2437810945273498,-0.12543638413686153,1.180717245820007,1.0050000000000001
KMDW,2026-05-23,TMAX_DAILY,1,6,70.0,0.1485863280788822,0.14431591674018887,0.004270411338693325,0.11062458663522572,0.09498088422703657,0.015643702408189145,1.1062458663522576,0.9498088422703654,0.1564370240818922,71.16824832502553,69.32673267326733,1.1682483250255302,0.6732673267326703,0.4949809982928599,0.9942960457339205,1.01
KMDW,2026-05-24,TMAX_DAILY,1,6,74.0,0.13207404823024746,0.16655453030885556,-0.0344804820786081,0.09287413130387442,0.15976066897347177,-0.06688653766959735,1.314345107471457,2.3917243367935406,-1.0773792293220836,75.76161065257926,77.42156862745098,1.7616106525792645,3.4215686274509807,-1.6599579748717161,0.990516259971183,1.02
KMDW,2026-05-25,TMAX_DAILY,1,6,84.0,0.12555210054193247,0.08201973599897476,0.04353236454295771,0.08700351712247334,0.04758746635909265,0.039416050763380686,1.026663969629612,0.6719530949634756,0.3547108746661365,85.23719804572245,84.45098039215686,1.237198045722451,0.4509803921568647,0.7862176535655863,1.0120849461456876,1.02
KMDW,2026-05-26,TMAX_DAILY,1,6,83.0,0.14410618527093808,0.16390527970316163,-0.019799094432223552,0.17002273245660257,0.14540441650132702,0.024618315955275555,2.3602117777342198,2.342369038109717,0.01784273962450289,86.89997867140086,86.26395939086295,3.8999786714008593,3.2639593908629507,0.6360192805379086,1.0050508968444882,0.985
KMDW,2026-05-27,TMAX_DAILY,1,6,82.0,0.16777122771574707,0.15289077909270218,0.014880448623044884,0.16717664501770568,0.1889007026627219,-0.021724057645016226,1.6717664501770564,1.8890070266272188,-0.21724057645016237,84.10036490723962,84.95192307692308,2.100364907239623,2.95192307692308,-0.8515581696834573,1.068728917483759,1.04
KMDW,2026-05-28,TMAX_DAILY,1,6,72.0,0.13228993937907021,0.11503963530848638,0.01725030407058384,0.14346712935118597,0.05443300893836496,0.08903412041282101,1.1816087599945364,1.061238301944036,0.1203704580505005,70.41210349077447,73.05797101449275,1.58789650922553,1.0579710144927503,0.5299254947327796,1.0554233179813963,1.035
KMDW,2026-05-29,TMAX_DAILY,1,6,84.0,0.12180229358096938,0.13030849358974358,-0.008506200008774209,0.0885113036825195,0.09710151627218933,-0.008590212589669827,0.9597074519897286,0.6633228550295858,0.29638459696014285,84.09281569342545,83.35576923076921,0.09281569342545026,0.6442307692307878,-0.5514150758053376,1.0510710438812263,1.04
KMDW,2026-05-30,TMAX_DAILY,1,6,74.0,0.12657663530205923,0.11966255066453012,0.006914084637529114,0.0946288622566975,0.07217456876237158,0.022454293494325928,1.0532889536584658,0.6829107361674049,0.3703782174910608,74.08661840464953,73.99029126213593,0.08661840464952775,0.009708737864073669,0.07690966678545408,0.9849085241537827,1.03
KMDW,2026-05-31,TMAX_DAILY,1,6,74.0,0.14550367121574678,0.08024677493018276,0.06525689628556403,0.17046822207621623,0.04439253386042542,0.1260756882157908,2.347697359083046,1.1026931111161025,1.2450042479669436,77.91642668857546,75.85308056872037,3.9164266885754557,1.8530805687203724,2.0633461198550833,1.0895334077255057,1.055
KMDW,2026-06-01,TMAX_DAILY,1,6,71.0,0.10535119507031597,0.06816290680473373,0.03718828826558224,0.22278631127660237,0.06236593934911244,0.16042037192748992,2.2278631127660242,0.6236593934911244,1.6042037192748997,75.26602308679378,72.60576923076923,4.26602308679378,1.6057692307692264,2.6602538560245534,1.040412492117355,1.04
KMDW,2026-06-02,TMAX_DAILY,1,6,75.0,0.11415768333322517,0.08194300436736103,0.032214678965864135,0.07940668551808766,0.03854274672447922,0.04086393879360844,0.7940668551808774,0.3854274672447924,0.408639387936085,75.55346628652819,74.98058252427184,0.5534662865281916,0.01941747572816155,0.5340488108000301,1.169990536644049,1.03
KMDW,2026-06-03,TMAX_DAILY,1,6,82.0,0.11982431339705306,0.08049296721810474,0.03933134617894832,0.08257947237139901,0.03952940177111427,0.04305007060028474,1.006355429014563,0.6671834186328016,0.3391720103817615,83.30272387593789,82.6589861751152,1.302723875937886,0.6589861751152029,0.6437377008226832,1.0492221743426324,1.085
KMDW,2026-06-04,TMAX_DAILY,1,6,87.0,0.11976015862343785,0.09733018895391155,0.022429969669526303,0.12554739591165764,0.06311031531138091,0.06243708060027674,1.2554739591165769,0.6311031531138092,0.6243708060027677,89.37076177442628,88.29906542056075,2.3707617744262848,1.2990654205607512,1.0716963538655335,1.0936941446800694,1.07
KMDW,2026-06-05,TMAX_DAILY,1,6,81.0,0.08957818025761545,0.11862076705103386,-0.02904258679341841,0.18936934252295773,0.11996464944028278,0.06940469308267495,1.893693425229577,1.1996464944028278,0.6940469308267492,84.88387458568594,83.29357798165138,3.8838745856859447,2.2935779816513815,1.5902966040345632,1.186177870358796,1.0899999999999999
KMIA,2026-05-02,TMAX_DAILY,0,3,94.0,0.0990061088461663,0.022345923548027235,0.07666018529813906,0.06527925912073698,0.01465917628577283,0.05062008283496415,0.26111703648294804,0.05863670514309127,0.20248033133985677,94.61532829671947,93.71074380165288,0.6153282967194684,0.28925619834711824,0.3260720983723502,1.0528148322943893,1.21
KMIA,2026-05-03,TMAX_DAILY,0,6,82.0,0.18986792296836322,0.0023276387779467,0.18754028419041652,0.20526314614305252,0.0020974516220464362,0.20316569452100608,2.052631461430525,0.020974516220464312,2.031656945210061,85.03290309104443,82.1725888324873,3.0329030910444317,0.17258883248730683,2.860314258557125,1.4525062413333245,0.9850000000000001
KMIA,2026-05-04,TMAX_DAILY,0,6,82.0,0.14682456986335135,0.0011314627462217222,0.14569310711712963,0.08170649003807448,0.0008111265401485586,0.08089536349792592,0.8170649003807449,0.008111265401485546,0.8089536349792593,83.00472132547928,82.07511737089203,1.0047213254792808,0.07511737089203052,0.9296039545872503,1.411189493161644,1.065
KMIA,2026-05-05,TMAX_DAILY,0,5,88.0,0.16337281237092724,0.11535358035692189,0.04801923201400535,0.28292158482826224,0.10610504690477958,0.17681653792348268,1.680091577942886,0.6150095294670922,1.065082048475794,85.35918692899773,87.17910447761194,2.6408130710022704,0.8208955223880565,1.8199175486142138,0.9765027283035419,1.0050000000000001
KMIA,2026-05-06,TMAX_DAILY,0,5,88.0,0.13370856012685522,0.015634755463059313,0.11807380466379591,0.09623200443991124,0.00893437825182102,0.08729762618809023,0.629426514580238,0.7005072840790845,-0.07108076949884645,87.74872788268874,88.69354838709678,0.25127211731125954,0.6935483870967829,-0.44227626978552337,1.045539907657976,1.24
KMIA,2026-05-07,TMAX_DAILY,0,5,91.0,0.17130683692952867,0.07617419738406658,0.09513263954546208,0.1438800878303513,0.037227816587395955,0.10665227124295534,0.7225600677894947,0.9012708085612364,-0.17871074077174176,90.2030436645851,92.18103448275862,0.7969563354149045,1.1810344827586192,-0.3840781473437147,0.7582590374132364,1.1600000000000001
KMIA,2026-05-08,TMAX_DAILY,0,4,93.0,0.09893292767709089,0.003493384866954067,0.09543954281013682,0.053699964888734956,0.0025696022425619604,0.051130362646172996,0.32219978933240967,0.015417613455371737,0.30678217587703793,92.54141845601376,92.82488479262673,0.4585815439862415,0.1751152073732669,0.2834663366129746,1.5106876263609401,1.085
KMIA,2026-05-09,TMAX_DAILY,0,5,91.0,0.14637247861218947,0.039388297060529286,0.10698418155166017,0.08315459084587279,0.023495925032813406,0.05965866581305938,0.7128323424828384,0.5802325936326731,0.13259974885016534,91.25335556714818,91.45856353591161,0.2533555671481764,0.45856353591160826,-0.20520796876343184,1.1818552010387262,0.905
KMIA,2026-05-10,TMAX_DAILY,0,5,91.0,0.16356396281354993,0.0008241569561136415,0.16273980585743628,0.09968243197959059,0.0005150980975710253,0.09916733388201956,0.7974594558367247,0.004120784780568237,0.7933386710561565,91.52003677557678,91.00000000000001,0.5200367755767843,1.4210854715202004e-14,0.5200367755767701,1.3357642074008576,1.045
KMIA,2026-05-11,TMAX_DAILY,0,6,90.0,0.07801283938845367,0.05445822119697552,0.023554618191478152,0.050715610829724325,0.03217512495194157,0.01854048587778276,0.7082007920040623,0.5276336024605919,0.1805671895434704,90.32025787961072,90.24509803921569,0.32025787961072183,0.24509803921569073,0.0751598403950311,1.4458736103188592,1.02
KMIA,2026-05-12,TMAX_DAILY,0,6,91.0,0.11355992627098298,0.0588309556874132,0.05472897058356978,0.09772746477093401,0.03841371039010226,0.05931375438083175,0.7056661093790704,0.5133505870470901,0.19231552233198024,90.05433759999816,91.01123595505618,0.9456624000018365,0.011235955056179137,0.9344264449456574,2.0007718066945634,1.78
KMIA,2026-05-13,TMAX_DAILY,0,6,94.0,0.08837591880265172,0.10877005123036869,-0.02039413242771697,0.19183843584320154,0.09410115898211133,0.09773727686109021,1.9183843584320153,0.9410115898211135,0.9773727686109017,89.96554083483649,92.03968253968253,4.034459165163511,1.9603174603174693,2.074141704846042,1.8188679154169367,1.26
KMIA,2026-05-14,TMAX_DAILY,0,5,95.0,0.07161527791303679,0.006346179516027536,0.06526909839700926,0.10930224958974935,0.010611925783261191,0.09869032380648816,0.874417996717995,0.0848954062660896,0.7895225904519054,92.76293897382746,94.31877729257643,2.2370610261725403,0.6812227074235722,1.5558383187489682,1.4352163361805508,1.145
KMIA,2026-05-15,TMAX_DAILY,0,5,93.0,0.20947610569945949,0.07202337472607742,0.13745273097338206,0.2572725906045741,0.059466561155750344,0.19780602944882375,1.2962034206750215,0.5297865433000569,0.7664168773749646,90.73703682717922,92.72972972972974,2.2629631728207755,0.2702702702702595,1.992692902550516,1.6389637537279844,1.1099999999999999
KMIA,2026-05-16,TMAX_DAILY,0,5,90.0,0.13240367641046083,0.000970673748311623,0.13143300266214922,0.12607305564192212,0.0008813900780659795,0.12519166556385614,0.8022173786266273,0.9113573407202217,-0.10913996209359433,89.05117870949667,90.8468899521531,0.9488212905033322,0.8468899521531057,0.1019313383502265,1.157041991755697,1.045
KMIA,2026-05-17,TMAX_DAILY,0,6,87.0,0.12848447462037813,0.034123406524162674,0.09436106809621544,0.10512014711374744,0.02196396013467411,0.08315618697907333,0.8969061400472025,0.5641212066979115,0.33278493334929093,86.48614347334404,87.29096989966554,0.5138565266559567,0.29096989966554077,0.22288662699041595,2.276718361030997,1.495
KMIA,2026-05-18,TMAX_DAILY,0,6,87.0,0.18221307975803724,0.033236751490719744,0.1489763282673175,0.09423551123956236,0.015532879818594103,0.07870263142096826,0.9423551123956238,0.15532879818594103,0.7870263142096827,87.16732834237683,87.14285714285715,0.16732834237683392,0.142857142857153,0.02447119951968091,1.5516865653116065,1.26
KMIA,2026-05-19,TMAX_DAILY,0,6,87.0,0.18254991536703558,0.005596707818930044,0.17695320754810553,0.09504299603961285,0.002856296296296296,0.09218669974331654,0.9504299603961281,0.028562962962963012,0.9218669974331651,87.00119590677156,87.02666666666667,0.0011959067715565652,0.026666666666670835,-0.02547075989511427,1.634615083960776,1.125
KMIA,2026-05-20,TMAX_DAILY,0,5,88.0,0.10047045234394932,0.0011140809954852744,0.09935637134846403,0.07395880101790012,0.0007524538981604158,0.0732063471197397,0.79701038376438,0.9301902472990276,-0.1331798635346475,88.11832367046681,88.96208530805688,0.11832367046680758,0.962085308056885,-0.8437616375900774,1.2010287904188148,1.055
KMIA,2026-05-21,TMAX_DAILY,0,5,89.0,0.15655844923644205,0.027618779267130918,0.12893966996931114,0.09160444219868645,0.016617692441868264,0.07498674975681818,0.6518029011809361,0.6201210267144333,0.031681874466502835,89.11188751382734,89.53113553113553,0.11188751382734097,0.5311355311355328,-0.41924801730819183,1.5667410018803682,1.365
KMIA,2026-05-22,TMAX_DAILY,0,5,89.0,0.15372946572635748,0.01678682601893517,0.13694263970742232,0.07515625759265848,0.010362736084901854,0.06479352150775664,0.6395293063068177,0.6812954629764039,-0.04176615666958616,89.53014133802728,89.63052208835342,0.5301413380272777,0.6305220883534162,-0.10038075032613847,1.409773917871797,1.2449999999999999
KMIA,2026-05-23,TMAX_DAILY,0,5,89.0,0.13464998857795868,0.007289224952741015,0.12736076362521767,0.07240897104011411,0.004229678638941397,0.06817929240117271,0.6953389576408071,0.7816635160680531,-0.08632455842724596,89.47598418982854,89.80000000000001,0.4759841898285373,0.8000000000000114,-0.3240158101714741,1.3157314621945688,1.15
KMIA,2026-05-24,TMAX_DAILY,0,5,89.0,0.1775791246845601,0.03446736758579648,0.14311175709876361,0.11988129624253402,0.02109886431263639,0.09878243192989763,0.6582842408136871,0.5913261257686967,0.06695811504499039,88.71715259711969,89.45774647887325,0.2828474028803072,0.45774647887324704,-0.17489907599293986,1.1462884415606678,1.42
KMIA,2026-05-25,TMAX_DAILY,0,5,88.0,0.04448833770752628,0.0038458049886621317,0.04064253271886415,0.030527128082966506,0.0033049886621315163,0.02722213942083499,0.24421702466373207,0.026439909297052144,0.21777711536667993,88.72652543477682,88.29523809523809,0.7265254347768177,0.29523809523809064,0.4312873395387271,1.0552617382916585,1.05
KMIA,2026-05-26,TMAX_DAILY,0,5,88.0,0.06068539801754823,0.0014417942328230717,0.05924360378472516,0.0325683591884548,0.0010624332502669996,0.031505925938187795,0.821215173822162,0.9613296546813811,-0.14011448085921907,89.40506681884352,89.14150943396227,1.4050668188435225,1.1415094339622698,0.2635573848812527,1.029194917772693,1.06
KMIA,2026-05-27,TMAX_DAILY,0,5,89.0,0.1072885114250646,0.0388792438271605,0.0684092675979041,0.06865077328721661,0.024085527584876545,0.044565245702340064,0.593015514612758,0.5746286651234568,0.01838684948930125,89.11314839271876,89.40972222222221,0.11314839271875599,0.4097222222222143,-0.29657382950345834,1.5025150776076144,1.44
KMIA,2026-05-28,TMAX_DAILY,0,6,86.0,0.13424910031305676,0.0021004801097393735,0.13214862020331739,0.07195315836069224,0.0020833333333333407,0.0698698250273589,0.7195315836069223,0.020833333333333426,0.6986982502735888,86.83818319516844,86.29629629629629,0.8381831951684404,0.2962962962962905,0.5418868988721499,1.4439246511642547,1.08
KMIA,2026-05-29,TMAX_DAILY,0,5,92.0,0.12061456219864423,0.004815626215679455,0.11579893598296478,0.2291267939480121,0.007503941360742008,0.2216228525872701,1.491761841127434,0.7885383182162526,0.7032235229111814,89.67085911345353,92.4027149321267,2.329140886546469,0.40271493212669895,1.92642595441977,1.7940281467806676,1.105
KMIA,2026-05-30,TMAX_DAILY,0,6,87.0,0.0939807990009301,0.0032126721315910538,0.09076812686933904,0.05234296898467693,0.0018626734842951127,0.050480295500381814,0.8019135607419872,0.8744825906988071,-0.07256902995681991,88.0554930736001,88.02702702702702,1.055493073600104,1.0270270270270174,0.0284660465730866,1.4870621963653117,1.11
KMIA,2026-05-31,TMAX_DAILY,0,6,95.0,0.048759351259084406,0.0015940256790986133,0.04716532557998579,0.10399016712322547,0.003157481002707664,0.1008326861205178,1.0399016712322544,0.03157481002707663,1.0083268612051777,92.30969230784711,94.50467289719626,2.690307692152885,0.49532710280374204,2.194980589349143,1.4856901064009445,1.07
KMIA,2026-06-01,TMAX_DAILY,0,5,94.0,0.08840832707460797,0.04510666666666667,0.0433016604079413,0.1569781619956928,0.0596361111111111,0.09734205088458171,1.0682237875572287,0.7304222222222222,0.3378015653350065,92.13553304895574,93.53999999999999,1.864466951044264,0.46000000000000796,1.404466951044256,1.3824070579979566,1.5
KMIA,2026-06-02,TMAX_DAILY,0,5,95.0,0.09312336525726779,0.009577819785759296,0.0835455454715085,0.13157926047434734,0.008296576349506412,0.12328268412484093,1.0526340837947787,0.06637261079605122,0.9862614729987276,92.51778979468322,94.47826086956522,2.4822102053167754,0.5217391304347814,1.960471074881994,1.2040167163281208,1.035
KMIA,2026-06-03,TMAX_DAILY,0,6,86.0,0.11929983426285186,0.01792590803579815,0.10137392622705371,0.0885816205314584,0.017405305317393233,0.07117631521406517,0.74749091378315,0.6758845550054339,0.07160635877771615,85.65707555287392,86.26739926739927,0.34292444712608017,0.26739926739927,0.07552517972681017,1.9277826363943509,1.365
KMIA,2026-06-04,TMAX_DAILY,0,6,85.0,0.1109937821801781,0.002500571559213537,0.10849321062096455,0.09090419678174133,0.003472222222222226,0.08743197455951911,0.864206949247422,0.8495370370370369,0.014669912210385161,84.32967340716715,85.55555555555556,0.6703265928328506,0.5555555555555571,0.11477103727729343,1.308436683914522,1.08
KMIA,2026-06-05,TMAX_DAILY,0,5,85.0,0.1424629349324093,0.0017985849368511542,0.14066434999555816,0.11737314056412942,0.0011792192907051078,0.11619392127342432,0.7886016611771887,0.9155370407106174,-0.1269353795334287,84.59814953983467,85.981220657277,0.40185046016533477,0.9812206572770066,-0.5793701971116718,0.9737545374440703,1.065
KMIA,2026-05-03,TMAX_DAILY,1,6,82.0,0.14932504914172587,0.1579104888090789,-0.008585439667353034,0.12405999263183431,0.13836783226964983,-0.014307839637815511,1.2405999263183434,1.3836783226964982,-0.14307839637815478,80.43898122211313,84.10837438423646,1.561018777886872,2.1083743842364555,-0.5473556063495835,1.0,1.0150000000000001
KMIA,2026-05-04,TMAX_DAILY,1,6,82.0,0.19345185586439798,0.13455376938206734,0.058898086482330636,0.2479475632705578,0.12389232918412878,0.12405523408642903,2.4794756327055785,1.2389232918412874,1.2405523408642911,85.4905846197594,84.04566210045662,3.490584619759403,2.0456621004566244,1.4449225193027786,1.0,1.095
KMIA,2026-05-05,TMAX_DAILY,1,5,88.0,0.01191749156350587,0.1780824035661831,-0.16616491200267725,0.010139422458022556,0.18945347728619652,-0.17931405482817397,0.692954793367414,0.9318714731119071,-0.23891667974449315,88.4670598400611,86.46192893401016,0.467059840061097,1.5380710659898398,-1.0710112259287428,0.9972495478633832,0.9849999999999999
KMIA,2026-05-06,TMAX_DAILY,1,5,88.0,0.10566322764862843,0.08139969424154918,0.02426353340707925,0.05158247285014094,0.04587590089543548,0.005706571954705461,0.874410297253069,1.1699628721881143,-0.2955525749350454,89.3060598551228,89.66995073891624,1.3060598551227969,1.669950738916242,-0.36389088379344514,0.9827551426873645,1.0150000000000001
KMIA,2026-05-07,TMAX_DAILY,1,6,91.0,0.31726396616316194,0.05529475392103841,0.26196921224212355,0.5710264385377071,0.0255013520822066,0.5455250864555005,4.728282415627211,0.6968739859383453,4.031408429688866,86.15909558251165,91.7767441860465,4.840904417488346,0.7767441860464999,4.064160231441846,0.04228895253003183,1.0750000000000002
KMIA,2026-05-08,TMAX_DAILY,1,5,93.0,0.1390936433725867,0.07538288958586112,0.06371075378672558,0.10941690480817964,0.03628007600558594,0.0731368288025937,0.875335238465437,0.2902406080446873,0.5850946304207497,91.42931264729417,92.55023923444978,1.570687352705832,0.4497607655502236,1.1209265871556084,0.9744040168487585,1.045
KMIA,2026-05-09,TMAX_DAILY,1,6,91.0,0.11812492431595921,0.053036371187848576,0.06508855312811063,0.09392080272329209,0.023918654325382697,0.07000214839790939,0.7797957519248775,0.8523940904236382,-0.07259833849876074,90.4691771026174,92.16037735849058,0.5308228973826061,1.160377358490578,-0.629554461107972,1.0620319998266452,1.06
KMIA,2026-05-10,TMAX_DAILY,1,5,91.0,0.1200784680598179,0.05653690262984259,0.0635415654299753,0.08138344068623958,0.02704661136770668,0.0543368293185329,0.6510675254899168,0.21637289094165357,0.4346946345482632,90.23861054531022,91.33980582524272,0.7613894546897768,0.3398058252427205,0.4215836294470563,0.9112913507234847,1.03
KMIA,2026-05-11,TMAX_DAILY,1,6,90.0,0.13842868257165494,0.0573469387755102,0.08108174379614475,0.11400252901346868,0.03056235827664399,0.08344017073682469,0.9398462642028858,0.5532426303854876,0.38660363381739815,89.43657899636831,90.34285714285714,0.5634210036316887,0.34285714285714164,0.22056386077454704,1.0136441959453706,1.05
KMIA,2026-05-12,TMAX_DAILY,1,6,91.0,0.161670379639328,0.15183702902469803,0.009833350614629977,0.21152879122939888,0.11488155759870203,0.09664723363069685,1.5137214082122021,0.6883504597079505,0.8253709485042516,88.67136274386517,90.13953488372094,2.328637256134826,0.8604651162790589,1.468172139855767,1.3478422600768087,1.075
KMIA,2026-05-13,TMAX_DAILY,1,6,94.0,0.1709944370475458,0.16251919445730198,0.00847524259024382,0.33369064470870724,0.16464987105732987,0.16904077365137737,3.3369064470870735,1.6464987105732987,1.6904077365137749,88.94087840429877,91.35211267605634,5.059121595701228,2.6478873239436638,2.4112342717575643,1.1996504757922803,1.065
KMIA,2026-05-14,TMAX_DAILY,1,6,95.0,0.16103156272433386,0.17503436859972502,-0.014002805875391156,0.35309745535152376,0.17602474539180202,0.17707270995972174,3.530974553515238,1.7602474539180204,1.7707270995972177,89.60332391998493,92.23853211009174,5.3966760800150695,2.7614678899082605,2.635208190106809,1.0461573932152566,1.09
KMIA,2026-05-15,TMAX_DAILY,1,6,93.0,0.14672074302317767,0.11920994304632045,0.027510799976857223,0.31232273868041904,0.12004881743960949,0.19227392124080955,2.412650131443505,0.7876441376988468,1.6250059937446584,89.04694625437266,91.72477064220183,3.9530537456273436,1.2752293577981675,2.677824387829176,1.1481028847211037,1.0899999999999999
KMIA,2026-05-16,TMAX_DAILY,1,5,90.0,0.18878630579409642,0.1284948224852071,0.06029148330888931,0.23106203733264916,0.07254877034023667,0.15851326699241247,1.3952397780956285,0.5515440088757397,0.8436957692198888,88.17114134977805,90.06730769230768,1.828858650221946,0.06730769230767919,1.7615509579142667,0.9055535232199926,1.04
KMIA,2026-05-17,TMAX_DAILY,1,6,87.0,0.12455483866344617,0.09117258931096238,0.033382249352483795,0.08730949738682706,0.04339240267697239,0.043917094709854665,0.8837182512921524,1.07470072579885,-0.19098247450669747,87.04114287771904,88.47572815533981,0.04114287771903946,1.4757281553398087,-1.4345852776207693,1.139951931882084,1.03
KMIA,2026-05-18,TMAX_DAILY,1,6,87.0,0.15814823182283924,0.10519887667545724,0.052949355147382,0.11152274684151994,0.06834698592732621,0.04317576091419373,1.1152274684152,0.683469859273262,0.43175760914193795,86.30306548819236,88.16908212560386,0.6969345118076404,1.1690821256038646,-0.47214761379622416,1.33996348707576,1.0350000000000001
KMIA,2026-05-19,TMAX_DAILY,1,6,87.0,0.11366888971282285,0.07290554171116649,0.04076334800165636,0.07788398589940884,0.03769134923460306,0.040192636664805784,0.778839858994089,0.3769134923460308,0.40192636664805825,87.25729918766729,87.62264150943396,0.2572991876672859,0.6226415094339615,-0.3653423217666756,1.090310874657284,1.06
KMIA,2026-05-20,TMAX_DAILY,1,6,88.0,0.12749876821769737,0.0663335316279992,0.06116523658969818,0.1037604912787811,0.03572635336109457,0.06803413791768653,0.9407929695176884,0.5475074360499702,0.3932855334677182,87.64088625950542,88.32682926829267,0.35911374049457834,0.3268292682926699,0.03228447220190844,1.1920478523411966,1.0250000000000001
KMIA,2026-05-21,TMAX_DAILY,1,6,89.0,0.14843020519090327,0.06082885600276495,0.08760134918813833,0.11743929615716213,0.034871335658403245,0.08256796049875889,0.9127525993922785,0.5331793760015082,0.37957322339077026,88.43270355532677,89.23300970873787,0.5672964446732323,0.23300970873786753,0.33428673593536473,1.1949889232269642,1.03
KMIA,2026-05-22,TMAX_DAILY,1,6,89.0,0.12123701053580772,0.03391746238425925,0.08731954815154847,0.08404299400179491,0.017290581597222222,0.06675241240457269,0.7966758954245012,0.620822482638889,0.17585341278561228,88.93108342520337,89.57291666666667,0.06891657479663138,0.5729166666666714,-0.50400009187004,1.2716063979384256,0.96
KMIA,2026-05-23,TMAX_DAILY,1,5,89.0,0.15450355239745833,0.03380148930153643,0.12070206309592191,0.09059124593485904,0.014957818833066263,0.07563342710179277,0.793362453561846,0.770147987557734,0.023214466004112033,89.63605035330201,89.99029126213593,0.6360503533020108,0.9902912621359263,-0.35424090883391557,0.9874595802611369,1.03
KMIA,2026-05-24,TMAX_DAILY,1,6,89.0,0.14203088440824133,0.042152392503912006,0.09987849190432932,0.11711407457341536,0.025650816468632782,0.09146325810478258,0.9485464294814208,0.5550863637384605,0.3934600657429602,88.44553338483533,89.27962085308057,0.5544666151646709,0.27962085308057283,0.27484576208409806,1.2548816161996987,1.055
KMIA,2026-05-25,TMAX_DAILY,1,6,88.0,0.08426730286032875,0.13228482253916654,-0.048017519678837786,0.06626595995371885,0.08459055424555297,-0.018324594291834112,0.6626595995371882,0.8459055424555296,-0.1832459429183414,88.97746639447695,89.36842105263159,0.9774663944769486,1.3684210526315894,-0.3909546581546408,1.1268472323170846,1.045
KMIA,2026-05-26,TMAX_DAILY,1,6,88.0,0.10244235968207747,0.029020013027560024,0.07342234665451745,0.06650658578852457,0.016926843512050475,0.0495797422764741,0.9488063953365324,1.0460456863053391,-0.09723929096880668,89.3897169815728,89.53080568720381,1.3897169815728034,1.5308056872038094,-0.14108870563100595,1.1647799186262797,1.055
KMIA,2026-05-27,TMAX_DAILY,1,5,89.0,0.14571778592499857,0.04977652079492942,0.09594126513006915,0.08493011714672069,0.0291848690689629,0.05574524807775779,0.74458466050079,0.5601121183808493,0.18447254211994069,89.58746386780771,89.4070351758794,0.5874638678077133,0.4070351758794004,0.1804286919283129,1.061672994040246,0.995
KMIA,2026-05-28,TMAX_DAILY,1,6,86.0,0.13707157220077718,0.194170180887688,-0.05709860868691083,0.1504439946463748,0.20754526400848464,-0.057101269362109824,1.5044399464637488,2.0754526400848463,-0.5710126936210975,88.69283925679878,88.88442211055275,2.692839256798777,2.884422110552748,-0.191582853753971,1.206800048204986,0.995
KMIA,2026-05-29,TMAX_DAILY,1,6,92.0,0.15590227170934132,0.19262178297644614,-0.03671951126710482,0.2963279732583321,0.2067971893830404,0.0895307838752917,2.2144105455085246,1.2506202956568881,0.9637902498516364,88.34807533269516,89.9771689497717,3.65192466730484,2.022831050228305,1.6290936170765349,1.2787075335379279,1.095
KMIA,2026-05-30,TMAX_DAILY,1,6,87.0,0.11424510149441663,0.16717620792395002,-0.05293110642953339,0.07435074827610652,0.18088636840999786,-0.10653562013389134,1.1300815374697601,2.731568998109641,-1.6014874606398808,88.73549611318863,90.6473429951691,1.7354961131886313,3.6473429951690974,-1.9118468819804662,1.0648186183313226,1.035
KMIA,2026-05-31,TMAX_DAILY,1,6,95.0,0.14747686645580702,0.16931012802926382,-0.021833261573456803,0.29343377851180596,0.20516975308641974,0.08826402542538622,2.9343377851180605,2.051697530864198,0.8826402542538627,90.3244524291903,91.85185185185186,4.675547570809698,3.148148148148138,1.52739942266156,1.145673446145148,1.08
KMIA,2026-06-01,TMAX_DAILY,1,6,94.0,0.13887201119783288,0.13815203312294574,0.0007199780748871343,0.29348010386846485,0.17635722468048787,0.11712287918797698,2.2938931466131383,1.1901125311650682,1.10378061544807,90.27536291151384,92.02369668246445,3.724637088486162,1.976303317535553,1.7483337709506088,1.1180878783442887,1.055
KMIA,2026-06-02,TMAX_DAILY,1,6,95.0,0.1425637278235624,0.08051398337112621,0.062049744452436176,0.2820937116975517,0.0720907029478458,0.2100030087497059,2.820937116975516,0.7209070294784581,2.100030087497058,90.2760536734452,93.28571428571428,4.723946326554795,1.7142857142857224,3.009660612269073,1.2925841822973887,1.05
KMIA,2026-06-03,TMAX_DAILY,1,6,86.0,0.1375618604393407,0.09157176165585044,0.045990098783490266,0.10748487491108052,0.07106386202368627,0.03642101288739426,0.929415056327163,0.6352617358147519,0.29415332051241116,85.67819863423077,85.7035175879397,0.32180136576923246,0.2964824120602998,0.025318953708932668,1.1412163222404785,0.995
KMIA,2026-06-04,TMAX_DAILY,1,6,85.0,0.1510638953485477,0.16096396141640743,-0.00990006606785973,0.1999104160462022,0.15236120275238002,0.04754921329382217,1.4964732219817773,0.9410877556791402,0.5553854663026372,82.6984020832997,83.57281553398057,2.3015979167003024,1.4271844660194262,0.8744134506808763,1.239105848200044,1.03
KMIA,2026-06-05,TMAX_DAILY,1,6,85.0,0.12209320910110456,0.06132686447594018,0.060766344625164385,0.08862392280548496,0.0297342826980526,0.05888964010743236,0.795960180527304,0.5864423530468768,0.20951782748042724,84.89189446880401,85.55450236966826,0.10810553119598865,0.5545023696682563,-0.44639683847226763,1.0614437855040912,1.055
KMSP,2026-05-26,TMAX_DAILY,0,4,88.0,0.15093970937593992,0.0012497101187868818,0.14968999925715304,0.13311255633883326,0.0017349927422333365,0.1313775635965999,0.7986753380329996,0.010409956453399982,0.7882653815795997,89.62493080641178,88.2233502538071,1.6249308064117827,0.22335025380709794,1.4015805526046847,0.935491245475944,0.9850000000000001
KMSP,2026-05-27,TMAX_DAILY,0,6,89.0,0.17008765271742413,0.0068249897486152,0.16326266296880892,0.111171888556824,0.004432768290903035,0.10673912026592096,1.1117188855682396,0.044327682909030386,1.0673912026592092,90.33993708977657,89.28310502283105,1.3399370897765692,0.28310502283105166,1.0568320669455176,1.087626059742434,1.0950000000000002
KMSP,2026-05-28,TMAX_DAILY,0,6,84.0,0.13322875688697286,0.00277304331358386,0.130455713573389,0.07757753829797812,0.0027554581608635756,0.07482208013711454,0.7757753829797809,0.02755458160863583,0.7482208013711451,85.27415020733348,84.33333333333333,1.2741502073334772,0.3333333333333286,0.9408168740001486,1.1004327064833381,1.11
KMSP,2026-05-29,TMAX_DAILY,0,5,88.0,0.0506050434125946,0.0040178571428571485,0.04658718626973745,0.0365866477267348,0.0021075813137755145,0.03447906641295928,0.6882379705940467,0.8561463647959184,-0.16790839420187176,88.39695290406425,88.91964285714285,0.3969529040642499,0.919642857142847,-0.5226899530785971,1.0114432271037281,1.12
KMSP,2026-05-30,TMAX_DAILY,0,5,84.0,0.1280379423517177,0.031628403889812924,0.09640953846190478,0.0932052650862997,0.021701125423399584,0.07150413966290012,0.7532732468147552,0.5952117908436424,0.15806145597111276,83.67635665039828,84.34494773519164,0.32364334960172414,0.34494773519163857,-0.021304385589914432,1.4630928810910542,1.435
KMSP,2026-05-31,TMAX_DAILY,0,5,71.0,0.08003947042678781,0.001971879286694104,0.0780675911400937,0.12165497140006772,0.004045567558299046,0.11760940384176867,6.973239771200541,6.032364540466392,0.9408752307341492,79.34111112008897,77.47222222222223,8.341111120088968,6.4722222222222285,1.8688888978667393,1.0662686493811038,1.08
KMSP,2026-06-01,TMAX_DAILY,0,6,80.0,0.10348235186143877,0.06836512370217666,0.035117228159262104,0.08191682260214858,0.039476813317479195,0.042440009284669386,0.7336146374206578,0.514131528400256,0.2194831090204018,79.44719777408582,80.21485411140584,0.5528022259141778,0.21485411140584176,0.33794811450833606,1.5589614348509828,1.885
KMSP,2026-06-02,TMAX_DAILY,0,4,84.0,0.10594553426400027,0.031890454444196914,0.07405507981980336,0.07937901727334165,0.02094935768916611,0.058429659584175536,0.5968067915278243,0.6256961461349966,-0.028889354607172235,84.00116050461018,84.50746268656717,0.001160504610183466,0.5074626865671661,-0.5063021819569826,1.1867542466099787,1.3399999999999999
KMSP,2026-06-03,TMAX_DAILY,0,6,85.0,0.05757725802864155,0.005716268536781358,0.05186098949186019,0.0439105347774601,0.004131054131054132,0.03977948064640596,0.5380823727531165,0.7763532763532763,-0.2382709036001598,84.89785516896956,85.68376068376068,0.10214483103044358,0.6837606837606813,-0.5816158527302377,0.9923929285793206,1.17
KMSP,2026-06-04,TMAX_DAILY,0,6,84.0,0.08980534883576412,0.04135014488213643,0.048455203953627686,0.04381560833358694,0.03310099981726579,0.010714608516321153,0.8480453156226508,0.5699480512700028,0.27809726435264803,84.58526207055314,83.92625368731564,0.5852620705531422,0.0737463126843636,0.5115157578687786,1.2749960929330026,1.695
KMSP,2026-06-05,TMAX_DAILY,0,5,83.0,0.06545334373634881,0.08506178844768454,-0.01960844471133573,0.06474145117742419,0.06708526005332217,-0.002343808875897982,0.7330186520698461,0.5342006908484136,0.19881796122143247,82.65902712940138,82.76426799007443,0.3409728705986197,0.2357320099255702,0.1052408606730495,1.2701179824632536,2.015
KMSP,2026-05-27,TMAX_DAILY,1,6,89.0,0.12328824238881043,0.14392222400280824,-0.020633981613997807,0.09256122629454097,0.12266660561800322,-0.030105379323462245,0.9256122629454087,1.2266660561800322,-0.30105379323462356,90.09752982722473,90.92344497607657,1.097529827224733,1.923444976076567,-0.8259151488518341,1.0308718819583016,1.045
KMSP,2026-05-28,TMAX_DAILY,1,5,84.0,0.1690644751422125,0.18078107413621017,-0.011716598993997657,0.1510060412082077,0.17037418505383425,-0.019368143845626545,1.2080483296656617,1.3629934804306738,-0.15494515076501214,85.9461717693228,86.16589861751152,1.9461717693228024,2.165898617511516,-0.21972684818871357,0.9199749045588742,1.085
KMSP,2026-05-29,TMAX_DAILY,1,6,88.0,0.13855334867310024,0.11978396203155815,0.018769386641542082,0.0966846424547906,0.08540588017751478,0.011278762277275811,1.173642635256403,0.6425203402366861,0.531122295019717,89.36953065022222,87.66346153846155,1.3695306502222167,0.3365384615384528,1.0329921886837639,1.0287572714855693,1.04
KMSP,2026-05-30,TMAX_DAILY,1,6,84.0,0.14330927340129418,0.1382441755383632,0.005065097862930967,0.10986764766324338,0.11635698384359364,-0.006489336180350261,1.0829859143946978,0.7926778196565936,0.29030809473810426,84.07631089351418,83.07511737089202,0.07631089351417586,0.9248826291079837,-0.8485717355938078,1.044989538020375,1.065
KMSP,2026-05-31,TMAX_DAILY,1,6,71.0,0.07694894441338732,0.030521541950113387,0.046427402463273926,0.17304340297095952,0.03801360544217687,0.13502979752878264,7.730434029709594,6.38013605442177,1.3502979752878241,80.75903486302784,78.46666666666667,9.759034863027836,7.466666666666669,2.292368196361167,1.2231670279136473,1.0499999999999998
KMSP,2026-06-01,TMAX_DAILY,1,6,80.0,0.13955362947281894,0.09324405710844229,0.04630957236437665,0.11338465441644821,0.05005845467105961,0.0633261997453886,1.1054636574682504,1.057285577638431,0.048178079829819476,79.74015734115044,81.49484536082475,0.25984265884956415,1.4948453608247547,-1.2350027019751906,0.9958150950321101,0.97
KMSP,2026-06-02,TMAX_DAILY,1,6,84.0,0.14479765534872344,0.11328913017681262,0.031508525171910814,0.09947907406796652,0.0766064435742257,0.022872630493740817,1.107604600005979,0.5773851904592383,0.5302194095467406,85.18247195703546,83.80188679245283,1.1824719570354603,0.19811320754716633,0.9843587494882939,1.2091804006480737,1.06
KMSP,2026-06-03,TMAX_DAILY,1,6,85.0,0.127741448520411,0.05915637860082303,0.06858506991958796,0.09764237915047325,0.028223593964334697,0.06941878518613855,0.9513389947907991,0.6063100137174212,0.34502898107337787,84.92694515426008,85.55555555555556,0.07305484573991805,0.5555555555555571,-0.4825007098156391,1.0487791720018524,1.08
KMSP,2026-06-04,TMAX_DAILY,1,6,84.0,0.13981058952287864,0.16795967565198333,-0.02814908612910469,0.17005788707713976,0.23983168967784355,-0.06977380260070379,1.3479592173766248,1.6547271531886913,-0.3067679358120665,82.02616351227194,81.32820512820513,1.9738364877280645,2.671794871794873,-0.6979583840668084,0.945399204188661,0.975
KMSP,2026-06-05,TMAX_DAILY,1,6,83.0,0.1386602550119418,0.13136810279667424,0.00729215221526755,0.11585045414533379,0.09041269841269839,0.025437755732635403,1.0679821838274348,0.7041269841269839,0.3638551997004509,82.59467963194174,82.66666666666666,0.40532036805825555,0.3333333333333428,0.07198703472491275,1.023776783128858,1.05
KMSY,2026-05-26,TMAX_DAILY,0,6,85.0,0.06870644139304181,0.02893998260137064,0.03976645879167118,0.04084737903748435,0.017897757466255722,0.02294962157122863,0.7590457854062511,0.5879122825663371,0.17113350283991402,85.64438636680963,85.39518900343643,0.644386366809627,0.39518900343642827,0.24919736337319875,1.1541392399121793,1.455
KMSY,2026-05-27,TMAX_DAILY,0,5,87.0,0.15669336484005497,0.0725263151215984,0.08416704971845657,0.12046174478971461,0.08365321777309673,0.03680852701661788,0.7842012939484828,0.6616690671218011,0.12253222682668174,86.37021367685644,86.31738035264483,0.6297863231435628,0.6826196473551676,-0.052833324211604804,1.5540973140596452,1.985
KMSY,2026-05-28,TMAX_DAILY,0,6,88.0,0.06086791383708132,0.1498552920381485,-0.0889873782010672,0.08721944665956302,0.1418740166656955,-0.05465457000613247,0.8721944665956305,1.4187401666569548,-0.5465457000613243,85.74357651863983,85.49618320610688,2.256423481360173,2.5038167938931224,-0.2473933125329495,1.323210086472275,1.31
KMSY,2026-05-29,TMAX_DAILY,0,5,87.0,0.21798158981635624,0.02906975206611569,0.18891183775024054,0.11247801165878939,0.014723966942148753,0.09775404471664063,0.8998240932703148,0.11779173553719002,0.7820323577331247,87.14476481028208,86.82545454545456,0.14476481028208354,0.1745454545454379,-0.02978064426335436,1.1224826530751666,1.375
KMSY,2026-05-30,TMAX_DAILY,0,5,89.0,0.1769574835703442,0.0018258518117901564,0.17513163175855403,0.1038664827846865,0.0013142239048134121,0.1025522588798731,0.8309318622774922,0.010513791238507264,0.8204180710389849,89.77636223434222,89.08372093023257,0.7763622343422156,0.08372093023257321,0.6926413041096424,0.8174245855498123,1.075
KMSY,2026-05-31,TMAX_DAILY,0,5,91.0,0.028265828370028438,0.0018328429280564233,0.026432985441972014,0.018925809533208965,0.0011118348644459895,0.017813974668762975,0.15140647626567194,0.00889467891556786,0.14251179735010408,90.80662984111636,91.03791469194314,0.1933701588836385,0.03791469194314345,0.15545546694049506,0.8033304297984154,1.055
KMSY,2026-06-01,TMAX_DAILY,0,5,86.0,0.08072013595916228,0.0017998918334234718,0.07892024412573881,0.060591416219319426,0.0013142239048134117,0.05927719231450601,1.3199662824995932,0.9453975121687399,0.37456877033085334,88.13761233084571,87.13953488372093,2.1376123308457124,1.139534883720927,0.9980774471247855,1.1179185627408914,1.075
KMSY,2026-06-02,TMAX_DAILY,0,4,89.0,0.16333938975061052,0.04724449349128418,0.11609489625932634,0.0883321779441081,0.0365936969806165,0.051738480963491595,0.8059471068321091,0.568555470474303,0.23739163635780614,89.61671829450823,89.25503355704699,0.6167182945082317,0.2550335570469855,0.3616847374612462,1.2430933423556565,1.49
KMSY,2026-06-03,TMAX_DAILY,0,6,84.0,0.12471209265766033,0.0019569059843447555,0.12275518667331557,0.06451134370277982,0.001325645989394834,0.06318569771338499,0.6451134370277984,0.013256459893948469,0.63185697713385,84.43393224355998,83.86238532110092,0.4339322435599797,0.13761467889908374,0.296317564660896,1.0944013730836588,1.09
KMSY,2026-06-04,TMAX_DAILY,0,6,84.0,0.1435324325322199,0.020192871223826528,0.12333956130839337,0.09756021336497296,0.013903244712025151,0.0836569686529478,1.2519132029820201,0.6280835420107623,0.6238296609712578,84.66747378929234,84.4087591240876,0.6674737892923446,0.4087591240875952,0.2587146652047494,1.5308470905520575,1.37
KMSY,2026-06-05,TMAX_DAILY,0,6,87.0,0.12697771236901875,0.04449271790752793,0.08248499446149082,0.09103252974395437,0.034375370798002944,0.05665715894595143,0.7448742860105675,0.5401283303365249,0.20474595567404263,86.46951612902996,86.94259818731118,0.5304838709700448,0.057401812688823384,0.4730820582812214,2.2750067202898117,1.655
KMSY,2026-05-27,TMAX_DAILY,1,6,87.0,0.14585995198816878,0.15962502253470343,-0.013765070546534641,0.12681293919567116,0.19450081124932392,-0.06768787205365276,1.1506926936470143,1.3264034613304485,-0.1757107676834342,86.50018061922805,85.04186046511629,0.4998193807719531,1.9581395348837134,-1.4583201541117603,1.0814154549151225,1.075
KMSY,2026-05-28,TMAX_DAILY,1,6,88.0,0.12894986637320208,0.21008891821409495,-0.08113905184089287,0.28382648856640263,0.42772174568762367,-0.14389525712122103,2.8382648856640262,4.2772174568762376,-1.4389525712122113,83.23781610624688,82.66019417475728,4.762183893753118,5.3398058252427205,-0.5776219314896025,1.0208677894467404,1.03
KMSY,2026-05-29,TMAX_DAILY,1,6,87.0,0.11379339199199358,0.09304306052930388,0.020750331462689703,0.0919396272201122,0.051773080618394605,0.0401665466017176,0.9193962722011222,0.5177308061839458,0.40166546601717634,85.69939406509445,87.58878504672897,1.3006059349055477,0.5887850467289724,0.7118208881765753,0.9026573734884207,1.07
KMSY,2026-05-30,TMAX_DAILY,1,6,89.0,0.12074461255589597,0.14136463705881894,-0.020620024502922968,0.09115577276936283,0.10853928913160164,-0.01738351636223881,0.9115577276936289,1.0853928913160167,-0.17383516362238782,89.83410890073509,90.71980676328504,0.8341089007350888,1.7198067632850353,-0.8856978625499465,0.9794382514884384,1.035
KMSY,2026-05-31,TMAX_DAILY,1,6,91.0,0.1325502607828715,0.05797644500282866,0.07457381578004282,0.09674206199476934,0.02582820868875223,0.07091385330601711,0.9674206199476936,0.2582820868875224,0.7091385330601712,89.88069030717521,90.93427230046947,1.1193096928247854,0.0657276995305267,1.0535819932942587,1.2044746693902277,1.0650000000000002
KMSY,2026-06-01,TMAX_DAILY,1,6,86.0,0.13239142719717836,0.12934067800723142,0.0030507491899469386,0.14585134307506237,0.1103011478075178,0.03555019526754456,2.103515797180588,2.073454827828872,0.030060969351715983,89.68467953233008,88.98029556650246,3.6846795323300796,2.9802955665024626,0.704383965827617,0.991835731064644,1.0150000000000001
KMSY,2026-06-02,TMAX_DAILY,1,6,89.0,0.14038776025692778,0.12916705941496212,0.011220700841965664,0.10118209349820177,0.12833914600810628,-0.02715705250990451,1.295733072778419,0.9338768969742668,0.3618561758041523,90.76871519171254,87.99029126213593,1.7687151917125448,1.0097087378640737,0.7590064538484711,1.0396969745628424,1.03
KMSY,2026-06-03,TMAX_DAILY,1,6,84.0,0.14263071948457778,0.06570389593745994,0.07692682354711784,0.10385481756864541,0.03734621299500192,0.06650860457364349,1.0385481756864543,0.3734621299500194,0.6650860457364349,82.94855415871929,83.42156862745098,1.0514458412807102,0.5784313725490193,0.47301446873169084,1.1284009677170799,1.02
KMSY,2026-06-04,TMAX_DAILY,1,6,84.0,0.13685518899134932,0.09796099290780141,0.03889419608354791,0.1100093336876559,0.07145201448619286,0.03855731920146305,0.9742437125221088,0.6187754640108649,0.3554682485112439,83.61746184195505,83.69148936170212,0.3825381580449516,0.30851063829787506,0.07402751974707655,1.1814292243013418,0.94
KMSY,2026-06-05,TMAX_DAILY,1,6,87.0,0.15786941859346695,0.16928078946508515,-0.011411370871618198,0.2006068444667865,0.1837859033428096,0.016820941123976918,1.4987548452511505,1.1447897264974018,0.3539651187537487,84.69620567169433,85.16831683168317,2.3037943283056705,1.8316831683168289,0.4721111599888417,1.1398304476760268,1.01
KNYC,2026-04-19,TMAX_DAILY,0,3,53.0,0.03505950548314133,0.1028416122691645,-0.06778210678602317,0.0438243818539267,0.08418064015142321,-0.040356258297496506,0.1752975274157068,0.33672256060569306,-0.16142503318998624,53.79439983553406,53.88669950738917,0.7943998355340582,0.8866995073891673,-0.09229967185510901,0.43121071241231645,1.015
KNYC,2026-04-20,TMAX_DAILY,0,4,51.0,0.31603505840653096,0.0071991335556074705,0.3088359248509235,0.20445288164330608,0.0036101849688887026,0.20084269667441737,0.6611124989599355,0.8649790821635627,-0.20386658320362716,50.486603977327775,52.0184331797235,0.5133960226722252,1.0184331797235018,-0.5050371570512766,1.1998241890047145,1.085
KNYC,2026-04-21,TMAX_DAILY,0,6,54.0,0.2296482352633563,0.031650716206918124,0.19799751905643817,0.2505199315813576,0.018153030587352223,0.23236690099400537,2.5051993158135755,0.18153030587352237,2.323669009940053,50.936718496220664,53.5,3.0632815037793364,0.5,2.5632815037793364,1.5040580517081943,1.46
KNYC,2026-04-25,TMAX_DAILY,0,3,50.0,0.5209422524279705,0.003545404045355033,0.5173968483826155,0.5520875905866252,0.003247230663660433,0.5488403599229648,2.2083503623465006,0.012988922654641688,2.195361439691859,52.645523605062586,50.18811881188118,2.6455236050625857,0.18811881188118207,2.4574047931814036,0.7915383109103817,1.01
KNYC,2026-04-26,TMAX_DAILY,0,6,57.0,0.19866616745422927,0.010247252907570477,0.1884189145466588,0.3156785416049267,0.00600129549552704,0.3096772461093997,2.2297798343169317,0.742021323156107,1.4877585111608247,53.492820583196426,57.63179916317992,3.5071794168035737,0.6317991631799202,2.8753802536236535,3.2495199963284693,1.195
KNYC,2026-04-27,TMAX_DAILY,0,5,68.0,0.20914290999270832,0.009208522259764361,0.19993438773294395,0.2155589062865882,0.0055364927084609866,0.2100224135781272,1.0760028383612088,0.759773113215805,0.3162297251454038,66.52615719562002,68.70711297071131,1.4738428043799843,0.7071129707113073,0.766729833668677,1.8789379370541472,1.195
KNYC,2026-04-28,TMAX_DAILY,0,6,65.0,0.13936292201739456,0.0055908497466939065,0.13377207227070065,0.2582471902713407,0.0043439965517887615,0.25390319371955195,2.143189381221233,0.7663836884616104,1.3768056927596224,61.54117406113399,65.59307359307358,3.4588259388660134,0.5930735930735835,2.86575234579243,1.9515550780400535,1.155
KNYC,2026-04-29,TMAX_DAILY,0,6,62.0,0.16157371721154573,0.018403341145363863,0.14317037606618188,0.29855945756719604,0.012832762454179442,0.2857266951130166,2.30843501055059,0.6322035935340423,1.6762314170165475,58.42336669010629,62.372093023255815,3.576633309893708,0.3720930232558146,3.2045402866378936,2.629717785960144,1.29
KNYC,2026-04-30,TMAX_DAILY,0,6,60.0,0.08166859396359283,0.01127999833197807,0.07038859563161476,0.07101967707141196,0.01080461208064886,0.0602150649907631,0.7101967707141195,0.10804612080648845,0.602150649907631,61.55233866640497,60.73972602739726,1.552338666404971,0.7397260273972606,0.8126126390077104,1.0558143259734138,1.095
KNYC,2026-05-01,TMAX_DAILY,0,6,64.0,0.04807232286220637,0.0053182104599874035,0.04275411240221896,0.027999106125325433,0.002748582230623823,0.025250523894701612,0.5336284220932137,0.827485822306238,-0.2938574002130243,64.29676191829188,64.95652173913044,0.29676191829187815,0.9565217391304373,-0.6597598208385591,1.5752018562824672,1.1500000000000001
KNYC,2026-05-02,TMAX_DAILY,0,6,61.0,0.09788824730915725,0.005013841688618981,0.09287440562053827,0.05930948929267371,0.00254982002453297,0.056759669268140744,0.5930948929267372,0.02549820024532984,0.5675966926814073,60.0926595099556,61.07174887892376,0.9073404900443975,0.07174887892376347,0.8355916111206341,1.5872741302955362,1.115
KNYC,2026-05-03,TMAX_DAILY,0,6,59.0,0.09399005500955193,0.0071045267489711975,0.08688552826058074,0.04545090445581293,0.004879012345679022,0.04057189211013391,0.5450473460678753,0.9510123456790123,-0.40596499961113697,59.463533910036205,60.364444444444445,0.4635339100362046,1.3644444444444446,-0.90091053440824,1.7551070707744234,1.125
KNYC,2026-05-04,TMAX_DAILY,0,6,72.0,0.0699054692729335,0.005368620037807188,0.0645368492351263,0.05608872512736002,0.0030094517958412156,0.0530792733315188,0.6705912985128217,0.8300945179584118,-0.1595032194455901,71.81573167501826,72.96521739130435,0.18426832498174406,0.9652173913043498,-0.7809490663226057,1.3077748557557947,1.1500000000000001
KNYC,2026-05-05,TMAX_DAILY,0,5,81.0,0.11683127855185435,0.041260234959060185,0.07557104359279417,0.0528447172494396,0.020236294054823783,0.03260842319461582,0.755483811595927,0.6335884656461374,0.12189534594978968,81.9650643269357,81.67924528301886,0.9650643269357033,0.679245283018858,0.2858190439168453,0.975733871825502,1.06
KNYC,2026-05-06,TMAX_DAILY,0,5,71.0,0.14051033764675563,0.07327146814404432,0.06723886950271131,0.11376839639607406,0.04182652354570638,0.07194187285036768,1.569495601258651,0.571454293628809,0.998041307629842,73.3088197366841,71.53157894736843,2.3088197366841,0.5315789473684305,1.7772407893156696,0.9671190164687904,1.9
KNYC,2026-05-07,TMAX_DAILY,0,5,64.0,0.2434213904338836,0.03598372781065088,0.20743766262323274,0.1351184305104769,0.020513590976331347,0.11460483953414555,0.6278049155870432,1.0006471893491125,-0.37284227376206924,63.883109816052794,65.51923076923077,0.11689018394720563,1.5192307692307736,-1.402340585283568,1.019987026130376,1.04
KNYC,2026-05-08,TMAX_DAILY,0,5,63.0,0.004610356663959503,0.0011140809954852744,0.0034962756684742287,0.004424558638375888,0.002032748590552763,0.002391810047823125,0.03539646910700711,0.016261988724422305,0.019134480382584806,63.38520114685697,63.3222748815166,0.3852011468569714,0.32227488151659855,0.06292626534037282,0.9751371855396513,1.055
KNYC,2026-05-09,TMAX_DAILY,0,6,65.0,0.11902658400130926,0.11406855712585084,0.004958026875458418,0.07500939730359273,0.07118830316534905,0.0038210941382436775,1.1774643861320893,0.5627117609352585,0.6147526251968307,66.45924987051797,64.92817679558011,1.459249870517965,0.07182320441988566,1.3874266660980794,0.9539111933614536,0.9049999999999999
KNYC,2026-05-10,TMAX_DAILY,0,6,73.0,0.07229483023913948,0.0016013043351675567,0.07069352590397192,0.04900805272937024,0.0014455410952921677,0.047562511634078077,0.49008052729370255,0.014455410952921632,0.4756251163407809,74.1566002980692,73.23364485981308,1.1566002980691934,0.23364485981308292,0.9229554382561105,1.5030904453165346,1.07
KNYC,2026-05-11,TMAX_DAILY,0,5,61.0,0.23778181549966582,0.0016689342403628138,0.236112881259303,0.28681273059672957,0.0025793650793650823,0.2842333655173645,2.2945018447738366,0.020634920634920617,2.273866924138916,64.4189596939095,61.35238095238095,3.4189596939094997,0.3523809523809476,3.066578741528552,1.219544008198521,1.05
KNYC,2026-05-12,TMAX_DAILY,0,5,66.0,0.15748001116679494,0.03590824428977553,0.12157176687701941,0.07936343032559323,0.019023870208803063,0.06033956011679017,0.6964839238841878,0.6175374963238898,0.07894642756029802,67.0276363972778,66.67326732673267,1.0276363972778029,0.6732673267326703,0.35436907054513256,1.0768506740850212,1.01
KNYC,2026-05-13,TMAX_DAILY,0,6,72.0,0.1207073001362975,0.024539366621300473,0.09616793351499703,0.09215298180356143,0.01814731111638302,0.07400567068717842,0.79546043487895,0.594900673001286,0.200559761877664,71.32450023980115,72.24381625441696,0.6754997601988464,0.24381625441695576,0.43168350578189063,1.9702792514132148,1.415
KNYC,2026-05-14,TMAX_DAILY,0,6,66.0,0.09248706274599783,0.0012664861559961587,0.09122057659000167,0.0562771410780003,0.00088654030919731,0.05539060076880299,0.562771410780003,0.00886540309197309,0.55390600768803,65.71521464326835,66.08411214953271,0.2847853567316463,0.0841121495327144,0.2006732071989319,1.4032353876402341,1.07
KNYC,2026-05-15,TMAX_DAILY,0,5,66.0,0.12167694475139809,0.03372030823056572,0.08795663652083238,0.0714278738497533,0.015621159768104211,0.055806714081649084,0.5714229907980264,0.1249692781448336,0.4464537126531928,66.85643074744549,65.86311787072245,0.8564307474454864,0.13688212927755217,0.7195486181679343,1.1261786078241627,1.315
KNYC,2026-05-16,TMAX_DAILY,0,6,80.0,0.1940528943203351,0.2547589531680441,-0.060706058847708994,0.17612640628221887,0.15150000000000002,0.02462640628221885,1.0662508688996748,0.7786363636363636,0.2876145052633112,78.46449638715823,79.2818181818182,1.5355036128417652,0.7181818181818045,0.8173217946599607,1.5851798037412326,1.1
KNYC,2026-05-17,TMAX_DAILY,0,6,87.0,0.10229788992025211,0.013321995464852606,0.08897589445539951,0.06643419756133952,0.007681405895691612,0.058752791665647904,0.5984047273022928,0.695861678004535,-0.09745695070224225,86.92258376190973,87.64285714285715,0.07741623809026521,0.642857142857153,-0.5654409047668878,1.1430344918129833,1.26
KNYC,2026-05-18,TMAX_DAILY,0,4,88.0,0.04104680199455468,0.0009476701183431964,0.04009913187621149,0.05582738402279428,0.001278969428007891,0.05454841459478639,2.334964304136766,2.0076738165680474,0.32729048756871837,84.76851549710936,85.80769230769232,3.2314845028906376,2.192307692307679,1.0391768105829584,1.1414931443530203,1.04
KNYC,2026-05-19,TMAX_DAILY,0,5,93.0,0.061733958358243815,0.009250215455328928,0.05248374290291489,0.0323197029011714,0.0050407569663889675,0.02727894593478243,0.6761052845532045,0.7691396150531455,-0.09303433049994103,93.86073918728353,93.80508474576273,0.8607391872835279,0.805084745762727,0.0556544415208009,1.0654092177777017,1.18
KNYC,2026-05-20,TMAX_DAILY,0,6,92.0,0.0462991838001203,0.003706116214819972,0.04259306758530033,0.026836823696992185,0.0023853911637204874,0.0244514325332717,0.26836823696992207,0.02385391163720496,0.2445143253327171,91.92671499752436,92.19905213270142,0.07328500247564307,0.19905213270142497,-0.1257671302257819,1.4631546336829286,1.055
KNYC,2026-05-21,TMAX_DAILY,0,3,66.0,0.1878721641607852,0.0007773150902240715,0.18709484907056112,0.1983128964596549,0.0010588935157644207,0.1972540029438905,1.7932515858386195,1.0042355740630577,0.7890160117755618,68.58273293549553,67.1268292682927,2.582732935495528,1.1268292682926955,1.4559036672028327,0.7756831565528328,1.025
KNYC,2026-05-22,TMAX_DAILY,0,6,68.0,0.11076970858844605,0.01356568608154552,0.09720402250690052,0.07254347768428555,0.007043255764659577,0.06550022191962598,0.7254347768428557,0.07043255764659573,0.65500221919626,67.17758118999907,68.12451361867704,0.8224188100009258,0.12451361867704236,0.6979051913238834,1.6739946884659682,1.2850000000000001
KNYC,2026-05-23,TMAX_DAILY,0,5,57.0,0.12350160154599447,0.001833851308161961,0.12166775023783251,0.10756949076540522,0.0011847296612224193,0.1063847611041828,0.8605559261232416,0.009477837289779328,0.8510780888334623,58.74128454184176,57.122065727699535,1.7412845418417575,0.12206572769953539,1.6192188141422221,0.8469642804464192,1.065
KNYC,2026-05-24,TMAX_DAILY,0,4,56.0,0.012432105504831169,0.0007818152115568626,0.011650290293274307,0.014169320914408262,0.0011279920962760698,0.013041328818132192,3.0911205023204142,3.0076081122079867,0.0835123901124275,59.764167948806936,59.24154589371981,3.7641679488069357,3.2415458937198096,0.5226220550871261,0.9688843554938118,1.035
KNYC,2026-05-25,TMAX_DAILY,0,6,73.0,0.12898885031643906,0.010357527586106507,0.11863132273033256,0.06456514746181222,0.007577080967770114,0.0569880664940421,0.6456514746181226,0.07577080967770117,0.5698806649404213,73.54246612929583,73.51401869158877,0.5424661292958319,0.5140186915887739,0.028447437707058043,1.6416467148012384,1.07
KNYC,2026-05-26,TMAX_DAILY,0,6,79.0,0.14066607996512207,0.0030431605971029643,0.1376229193680191,0.08032593283980753,0.001705242413883247,0.07862069042592429,0.99814832270588,0.8645860564258279,0.1335622662800522,80.2024917410822,79.98206278026906,1.2024917410821985,0.9820627802690609,0.22042896081313756,1.4139018176896267,1.115
KNYC,2026-05-27,TMAX_DAILY,0,6,81.0,0.09398835375706392,0.1901094541296179,-0.09612110037255399,0.05291015079709662,0.11141450208873013,-0.05850435129163351,0.837211991703602,0.6262223155732924,0.2109896761303096,81.67052479636256,80.55072463768114,0.6705247963625567,0.4492753623188577,0.221249434043699,1.2924773388880602,1.0350000000000001
KNYC,2026-05-28,TMAX_DAILY,0,4,75.0,0.34064067594078834,0.002316337327347084,0.33832433861344124,0.6142619173270231,0.0025737081414967627,0.6116882091855264,3.685571503962139,0.015442248848980572,3.6701292551131584,79.37308131846281,75.2566844919786,4.373081318462809,0.25668449197860355,4.1163968264842055,0.7681359355680925,0.935
KNYC,2026-05-29,TMAX_DAILY,0,4,75.0,0.09076417525045664,0.0006487889273356418,0.09011538632312101,0.09695851071651419,0.0010092272202998863,0.0959492834962143,2.5817510642990857,2.0060553633217997,0.5756957009772861,78.48328378181083,77.17647058823529,3.483283781810826,2.17647058823529,1.306813193575536,0.9529124306535321,1.02
KNYC,2026-05-30,TMAX_DAILY,0,5,69.0,0.2500168066984859,0.00465501497164943,0.24536179172683648,0.24815006095830364,0.002835057019686124,0.24531500393861752,1.98520048766643,0.022680456157489037,1.9625200315089408,71.79136778085058,69.18433179723503,2.791367780850578,0.184331797235032,2.607035983615546,0.8323375683088577,1.085
KNYC,2026-05-31,TMAX_DAILY,0,6,75.0,0.0689155497228867,0.04482454734818137,0.02409100237470533,0.05238840578278322,0.02381829834962346,0.02857010743315976,0.5238840578278321,0.23818298349623446,0.28570107433159764,76.01156434250228,74.49367088607595,1.0115643425022824,0.5063291139240533,0.5052352285782291,1.1140512855355675,1.58
KNYC,2026-06-01,TMAX_DAILY,0,5,71.0,0.09701721469923799,0.02641668168980229,0.0706005330094357,0.05225277252055006,0.01364851871882699,0.03860425380172307,0.4180221801644004,0.10918814975061586,0.30883403041378454,71.66283806856457,70.73643410852713,0.6628380685645681,0.26356589147286513,0.39927217709170293,0.9535707088865184,1.29
KNYC,2026-06-02,TMAX_DAILY,0,5,76.0,0.05709887768233755,0.0015347633136094697,0.055564114368728074,0.030566758933196103,0.0008898853550295877,0.029676873578166514,0.24453407146556894,0.007119082840236685,0.23741498862533225,76.21184149522595,76.03846153846153,0.2118414952259542,0.038461538461532996,0.1733799567644212,0.9578546324771944,1.04
KNYC,2026-06-03,TMAX_DAILY,0,5,83.0,0.09406484176718624,0.001491431010085129,0.09257341075710111,0.046498959405756955,0.0012522180544012947,0.04524674135135566,0.3719916752460557,0.010017744435210335,0.3619739308108454,83.11126933819362,82.81990521327015,0.1112693381936225,0.18009478672985324,-0.06882544853623074,1.0590391714793488,1.055
KNYC,2026-06-04,TMAX_DAILY,0,6,86.0,0.12448887561850115,0.00435390376526111,0.12013497185324004,0.07311388915718284,0.002750846414281318,0.07036304274290152,1.4440717644730974,0.8082102185287781,0.6358615459443193,87.84420477608593,86.78070175438596,1.844204776085931,0.7807017543859587,1.0635030216999724,1.0156963699178452,1.1400000000000001
KNYC,2026-06-05,TMAX_DAILY,0,5,88.0,0.14218336686253402,0.0009614512471655332,0.14122191561536848,0.1854069885813424,0.0008730158730158691,0.18453397270832655,1.4832559086507393,0.006984126984126954,1.4762717816666124,90.63360358632342,88.15238095238097,2.6336035863234173,0.15238095238096605,2.4812226339424512,1.6534381060081165,1.05
KNYC,2026-04-21,TMAX_DAILY,1,6,54.0,0.08495318571488009,0.09343481949288339,-0.008481633778003303,0.06460456793351108,0.04899142237722688,0.015613145556284194,0.6460456793351108,0.4899142237722687,0.15613145556284214,52.721828340225514,53.40776699029126,1.278171659774486,0.5922330097087425,0.6859386500657436,1.0,1.03
KNYC,2026-04-26,TMAX_DAILY,1,6,57.0,0.33303247476617526,0.10676469664121656,0.22626777812495869,0.7994008741093631,0.07389951927608633,0.7255013548332768,6.994164797501845,0.7875388820812517,6.206625915420593,50.00306667675908,56.699029126213595,6.996933323240917,0.3009708737864045,6.6959624494545125,1.0,1.03
KNYC,2026-04-27,TMAX_DAILY,1,6,68.0,0.239144299505855,0.11454481015779093,0.12459948934806407,0.5524680909806972,0.08189256656804736,0.4705755244126498,4.534620113802553,0.5881564349112425,3.94646367889131,62.49320245325114,67.47115384615384,5.506797546748857,0.5288461538461604,4.977951392902696,1.6630265011752892,1.04
KNYC,2026-04-28,TMAX_DAILY,1,6,65.0,0.13750563487686085,0.04764848179605169,0.08985715308080916,0.17043893518584055,0.024642292987797906,0.14579664219804264,1.1885509601279178,0.6148439825095579,0.57370697761836,62.85010854439819,65.40669856459331,2.1498914556018107,0.406698564593313,1.7431928910084977,0.997955183231337,1.045
KNYC,2026-04-29,TMAX_DAILY,1,6,62.0,0.1660518814386142,0.1418391708155006,0.024212710623113615,0.13571751416465444,0.12730806183946192,0.008409452325192524,0.7919998643636418,0.7964451043759282,-0.004445240012286411,60.87950584862607,60.8411214953271,1.1204941513739328,1.1588785046728987,-0.038384353298965834,1.0,1.07
KNYC,2026-04-30,TMAX_DAILY,1,6,60.0,3.5923753678284446e-06,0.1258843567123766,-0.1258807643370088,3.909947220485146e-06,0.13499432264826622,-0.13499041270104573,3.909947220484544e-05,1.3499432264826623,-1.3499041270104575,60.0140858332693,62.49532710280374,0.014085833269298575,2.495327102803742,-2.4812412695344435,1.0,1.07
KNYC,2026-05-01,TMAX_DAILY,1,6,64.0,0.08473022117211239,0.060898052031270015,0.023832169140842373,0.04036195311406434,0.0317329873125721,0.008628965801492243,0.9153705275662869,1.042820069204152,-0.12744954163786515,65.3561870847907,65.57843137254902,1.3561870847907045,1.5784313725490193,-0.22224428775831484,1.0,1.02
KNYC,2026-05-02,TMAX_DAILY,1,6,61.0,0.10271977988891849,0.06820074968763015,0.03451903020128834,0.08237117185256483,0.031564972927946695,0.050806198924618136,0.8237117185256477,0.31564972927946666,0.5080619892461811,59.530353120665,61.316326530612244,1.4696468793350022,0.31632653061224403,1.1533203487227581,1.0,0.98
KNYC,2026-05-03,TMAX_DAILY,1,6,59.0,0.3324545071289917,0.08189393939393941,0.2505605677350523,0.1993220115601018,0.03981404958677687,0.15950796197332492,0.9966136403479434,1.0617768595041324,-0.06516321915618895,58.0059637231673,60.66363636363636,0.994036276832702,1.663636363636357,-0.6696000868036549,0.9999866453952927,1.1
KNYC,2026-05-04,TMAX_DAILY,1,6,72.0,0.3134175633893561,0.056988499231277974,0.25642906415807815,0.3742102953913916,0.026277409879151743,0.3479328855122399,2.757510364130022,0.7754644541214666,1.9820459100085555,69.14387877313578,73.15228426395939,2.856121226864218,1.1522842639593875,1.7038369629048304,1.0,0.985
KNYC,2026-05-05,TMAX_DAILY,1,6,81.0,0.3106247663576514,0.08427955862229601,0.22634520773535538,0.5648721619469967,0.05140623635251988,0.5134659255944769,4.658850663423852,1.3178006812822085,3.3410499821416435,76.18731597301138,82.86915887850466,4.81268402698862,1.8691588785046633,2.943525148483957,0.9863712378608446,1.07
KNYC,2026-05-06,TMAX_DAILY,1,6,71.0,0.15843398572957754,0.1393799180910881,0.019054067638489436,0.2030855728798774,0.10706857438062937,0.09601699849924804,1.5203356836414157,0.7247141798252505,0.7956215038161651,68.98746255756154,70.33175355450237,2.0125374424384574,0.6682464454976298,1.3442909969408277,1.0,1.055
KNYC,2026-05-07,TMAX_DAILY,1,6,64.0,0.32142466284669974,0.06465824136703453,0.2567664214796652,0.18730354633187957,0.02932983268066929,0.15797371365121027,0.9413865609658448,0.878203987184051,0.06318257378179382,63.31161822129758,65.40566037735849,0.6883817787024213,1.4056603773584868,-0.7172785986560655,1.0303881172393825,1.06
KNYC,2026-05-08,TMAX_DAILY,1,6,63.0,0.029516481666983604,0.1195325870437393,-0.0900161053767557,0.03522408560073324,0.09604410403164718,-0.06082001843091393,0.352240856007332,0.9604410403164717,-0.6082001843091397,64.41669551713507,64.88990825688073,1.416695517135068,1.8899082568807302,-0.47321273974566225,1.0278356562719064,1.09
KNYC,2026-05-09,TMAX_DAILY,1,6,65.0,0.1418437158592413,0.13948469206123174,0.002359023798009563,0.10470588330187795,0.09647116411534354,0.008234719186534414,1.0485363473817382,0.7665984336062652,0.28193791377547295,65.11629718487009,64.70754716981132,0.116297184870092,0.2924528301886795,-0.17615564531858752,1.0,1.06
KNYC,2026-05-10,TMAX_DAILY,1,6,73.0,0.14645962563437984,0.1250505559243912,0.021409069709988626,0.16774041604938508,0.10484650076692385,0.06289391528246123,1.6774041604938508,1.048465007669238,0.6289391528246129,75.86991587799518,74.82775119617224,2.869915877995183,1.827751196172244,1.042164681822939,1.2800890555299667,1.0450000000000002
KNYC,2026-05-11,TMAX_DAILY,1,6,61.0,0.08063490650942957,0.19166396250225348,-0.11102905599282391,0.13055145306731314,0.2197382368848026,-0.08918678381748946,1.3055145306731313,2.1973823688480265,-0.8918678381748952,64.02091600805423,64.20930232558139,3.020916008054229,3.2093023255813904,-0.1883863175271614,1.3150533274338256,1.075
KNYC,2026-05-12,TMAX_DAILY,1,6,66.0,0.17418703100491992,0.06309021991308043,0.11109681109183948,0.08886629048717862,0.027502205666111168,0.06136408482106745,0.7743108092946418,0.6710616606215075,0.10324914867313428,67.18770768677318,66.990099009901,1.1877076867731802,0.9900990099010016,0.19760867687217853,1.3229429641537909,1.01
KNYC,2026-05-13,TMAX_DAILY,1,6,72.0,0.11274575276857267,0.14900765396938412,-0.03626190120081145,0.1408281706281869,0.12653524385902457,0.014292926769162329,1.1081081954117251,0.8125222499110005,0.2955859455007246,70.2128969103113,70.93396226415094,1.7871030896886992,1.066037735849065,0.7210653538396343,1.3360137479406045,1.06
KNYC,2026-05-14,TMAX_DAILY,1,6,66.0,0.15401452080115094,0.11256698308876101,0.04144753771238993,0.11519249006339213,0.06881862005988659,0.04637387000350554,1.151924900633921,0.6881862005988657,0.46373870003505524,65.44286981614954,65.29032258064517,0.557130183850461,0.7096774193548328,-0.15254723550437177,1.216783849413697,1.085
KNYC,2026-05-15,TMAX_DAILY,1,6,66.0,0.13595020985672016,0.14534043422251547,-0.009390224365795313,0.11049552196366223,0.11633047412574231,-0.005834952162080076,1.1049552196366224,1.163304741257423,-0.05834952162080054,67.89673895188747,67.9514563106796,1.896738951887471,1.9514563106796032,-0.05471735879213213,1.1910302973810374,1.03
KNYC,2026-05-16,TMAX_DAILY,1,6,80.0,0.17037353227134033,0.08514321305216498,0.08523031921917536,0.1997060761154318,0.0491446043340047,0.15056147178142712,1.5325647529925497,0.5653376689558107,0.967227084036739,78.29094219804134,80.19211822660098,1.7090578019586644,0.1921182266009822,1.5169395753576822,1.1896181830497126,1.0150000000000001
KNYC,2026-05-17,TMAX_DAILY,1,6,87.0,0.12113390769257376,0.08406107475708903,0.03707283293548473,0.07384305081522054,0.03958596073765616,0.034257090077564376,0.9772399073796119,0.986103509815586,-0.008863602435974172,87.74031762346262,88.35121951219512,0.7403176234626159,1.3512195121951152,-0.6109018887324993,1.1718194342925639,1.0250000000000001
KNYC,2026-05-18,TMAX_DAILY,1,6,88.0,0.07965798583197396,0.014637377354645235,0.06502060847732873,0.15266864056085477,0.012765307013712989,0.1399033335471418,3.5266864056085474,2.1276530701371303,1.399033335471417,82.49775483503032,85.22429906542055,5.502245164969679,2.775700934579447,2.726544230390232,1.2513863839967325,1.07
KNYC,2026-05-19,TMAX_DAILY,1,6,93.0,0.13153612190508202,0.09515151515151515,0.03638460675356686,0.09230218216976874,0.07024380165289255,0.022058380516876183,1.3420115625872062,1.566074380165289,-0.22406281757808277,94.42141039334298,95.26363636363635,1.4214103933429811,2.2636363636363512,-0.8422259702933701,1.1252782470532854,1.1
KNYC,2026-05-20,TMAX_DAILY,1,6,92.0,0.13118796379788764,0.08202447353886126,0.049163490259026374,0.09355793917061885,0.04019697075777732,0.05336096841284153,0.9355793917061879,0.40196970757777306,0.5336096841284148,93.19049539093263,92.50241545893721,1.1904953909326252,0.5024154589372074,0.6880799319954178,1.220519954031399,1.035
KNYC,2026-05-21,TMAX_DAILY,1,6,66.0,0.03920674676129302,0.0065190163908920564,0.032687730370400965,0.07610083831354222,0.006655931293612476,0.06944490701992975,1.7610083831354226,1.0665593129361244,0.6944490701992982,69.443175971017,67.6183574879227,3.4431759710169985,1.6183574879226938,1.8248184830943046,1.371013617632308,1.0350000000000001
KNYC,2026-05-22,TMAX_DAILY,1,6,68.0,0.12609847741814248,0.1376672074995493,-0.011568730081406825,0.09658754167533347,0.12219794483504598,-0.02561040315971251,0.965875416753335,1.2219794483504596,-0.2561040315971246,66.71813276031934,66.00000000000001,1.2818672396806647,1.9999999999999858,-0.718132760319321,1.1204856698861478,1.075
KNYC,2026-05-23,TMAX_DAILY,1,6,57.0,0.12731870150682992,0.06088841067435879,0.06643029083247112,0.09482015463572527,0.0406721457842082,0.05414800885151707,0.9482015463572528,0.40672145784208236,0.5414800885151705,58.15672286229643,57.98564593301436,1.1567228622964265,0.9856459330143608,0.17107692928206575,1.1086918672327697,1.045
KNYC,2026-05-24,TMAX_DAILY,1,6,56.0,0.04932046309706529,0.015200302343159486,0.0341201607539058,0.09735428457221129,0.013256235827664406,0.08409804874454689,3.973542845722112,3.1325623582766435,0.8409804874454685,61.75825161253351,59.79047619047619,5.758251612533513,3.790476190476191,1.967775422057322,1.2523081870256543,1.05
KNYC,2026-05-25,TMAX_DAILY,1,6,73.0,0.1495735013570277,0.09661666666666667,0.05295683469036104,0.09359152351380556,0.041575,0.05201652351380556,0.9359152351380555,0.41574999999999984,0.5201652351380557,74.13062343257013,73.07,1.1306234325701325,0.06999999999999318,1.0606234325701394,1.1740639557088213,1.0
KNYC,2026-05-26,TMAX_DAILY,1,6,79.0,0.14292450273660182,0.06021494405332789,0.08270955868327393,0.09696763388260697,0.02743597592082441,0.06953165796178257,0.9582378267500717,0.7289052137536984,0.2293326129963733,79.61106417624886,80.0,0.6110641762488598,1.0,-0.3889358237511402,1.1646106868827473,0.99
KNYC,2026-05-27,TMAX_DAILY,1,6,81.0,0.13491228752598314,0.17373296735614155,-0.03882067983015841,0.09862797539938861,0.1472159592196843,-0.048587983820295694,1.2496453935944285,2.363248701107734,-1.1136033075133056,81.95922113380935,83.99009900990099,0.9592211338093506,2.9900990099009874,-2.030877876091637,1.0804206322923071,1.01
KNYC,2026-05-28,TMAX_DAILY,1,6,75.0,0.05904798010630144,0.11847286774090077,-0.05942488763459933,0.10679667868358031,0.09246739419749805,0.014329284486082255,1.0679667868358025,0.9246739419749801,0.1432928448608224,77.85190722069386,76.81900452488688,2.8519072206938603,1.8190045248868785,1.0329026958069818,1.2033039035623585,1.1050000000000002
KNYC,2026-05-29,TMAX_DAILY,1,6,75.0,0.07326890922364337,0.14518342256593295,-0.07191451334228957,0.1253711833618607,0.11318024985127902,0.012190933510581689,3.253711833618607,3.13180249851279,0.12190933510581692,80.03016948834315,78.97073170731707,5.030169488343148,3.9707317073170714,1.0594377810260767,1.2355365050951261,1.0250000000000001
KNYC,2026-05-30,TMAX_DAILY,1,6,69.0,0.17242565144359667,0.03393913628795126,0.13848651515564542,0.10946799814491319,0.022818577957274964,0.08664942018763823,1.0946799814491321,0.22818577957274955,0.8664942018763826,70.25080276700206,69.8041237113402,1.2508027670020567,0.8041237113401962,0.4466790556618605,1.3337747768067787,0.9700000000000001
KNYC,2026-05-31,TMAX_DAILY,1,6,75.0,0.12037034694699829,0.07582243996245508,0.04454790698454321,0.08380357018828169,0.039738101233946097,0.04406546895433559,0.8380357018828164,0.3973810123394611,0.4406546895433553,75.6722231442626,75.64114832535886,0.6722231442626025,0.6411483253588557,0.03107481890374686,1.1791172349024204,1.045
KNYC,2026-06-01,TMAX_DAILY,1,6,71.0,0.13694843189546654,0.10652228657768821,0.030426145317778333,0.13606867714716933,0.07501201895560998,0.06105665819155935,1.360686771471693,0.7501201895560998,0.6105665819155932,73.43629145965102,72.44497607655502,2.4362914596510166,1.4449760765550224,0.9913153830959942,1.293670746533034,1.045
KNYC,2026-06-02,TMAX_DAILY,1,6,76.0,0.08521351041269033,0.036819902650081136,0.048393607762609196,0.06106911208696884,0.019885343428880493,0.04118376865808834,0.6106911208696884,0.19885343428880475,0.4118376865808836,76.65016345412447,76.52093023255813,0.650163454124467,0.5209302325581291,0.12923322156633787,1.2531952764718737,1.0750000000000002
KNYC,2026-06-03,TMAX_DAILY,1,6,83.0,0.10991220258934732,0.056059131061835216,0.053853071527512106,0.1251167238986922,0.028724716062736615,0.09639200783595557,1.2511672389869222,0.2872471606273661,0.9639200783595561,80.51129520035794,82.43255813953489,2.488704799642065,0.5674418604651095,1.9212629391769553,1.4830633058072389,1.075
KNYC,2026-06-04,TMAX_DAILY,1,6,86.0,0.09484649005154093,0.0813679245283019,0.013478565523239033,0.06912780729706766,0.03552420790316839,0.03360359939389927,0.985271407434505,0.6476949092203632,0.3375764982141418,86.42646582525664,86.68867924528303,0.426465825256642,0.6886792452830264,-0.26221342002638437,1.2082404401778095,1.0599999999999998
KNYC,2026-06-05,TMAX_DAILY,1,6,88.0,0.15349878040220263,0.19770200782593136,-0.04420322742372873,0.11111195442095909,0.17388970571075169,-0.0627777512897926,1.1111195442095914,1.7388970571075173,-0.6277775128979259,89.34008648995064,90.38647342995169,1.340086489950636,2.3864734299516925,-1.0463869400010566,1.2826402052097672,1.035
KOKC,2026-05-26,TMAX_DAILY,0,5,86.0,0.09949439135716284,0.07986111111111112,0.019633280246051724,0.0909321653920971,0.06107415093315974,0.029858014458937363,0.6399004309333056,0.5198432074652777,0.12005722346802794,85.40665379537175,85.81770833333334,0.5933462046282472,0.1822916666666572,0.41105453796158997,1.6621427685731076,1.92
KOKC,2026-05-27,TMAX_DAILY,0,6,78.0,0.18262845040936862,0.00720108774939748,0.17542736265997114,0.12848343286818048,0.0045167276483254835,0.12396670521985499,1.2848343286818047,0.045167276483254915,1.2396670521985498,79.37678048404591,78.06694560669456,1.3767804840459092,0.06694560669455996,1.3098348773513493,1.307859697248574,1.195
KOKC,2026-05-28,TMAX_DAILY,0,6,84.0,0.17302098071566005,0.009086938994893849,0.1639340417207662,0.0974603821133079,0.007467750604676167,0.08999263150863174,0.9746038211330792,0.07467750604676171,0.8999263150863175,83.44604348827941,83.45081967213116,0.5539565117205854,0.5491803278688394,0.004776183851745941,1.4730364919016306,1.22
KOKC,2026-05-29,TMAX_DAILY,0,6,91.0,0.10712535621268238,0.0528828828828829,0.05424247332979948,0.056189701139970204,0.05495252008765522,0.0012371810523149826,0.9340617327944718,0.6306062819576332,0.30345545083683856,91.46706480414352,90.51351351351352,0.4670648041435186,0.4864864864864842,-0.019421682342965596,1.2544672797434893,1.85
KOKC,2026-05-30,TMAX_DAILY,0,6,92.0,0.07992937450468487,0.0037199467460255348,0.07620942775865934,0.053089544927138785,0.002067507244106824,0.051022037683031964,1.1309093855741181,0.8525334795207143,0.2783759060534038,93.90025932820463,92.98230088495575,1.9002593282046263,0.9823008849557482,0.9179584432488781,1.0126579019043003,1.1300000000000001
KOKC,2026-05-31,TMAX_DAILY,0,5,95.0,0.12161654735892433,0.011988585634005015,0.10962796172491932,0.10892936284024601,0.006118590360813014,0.102810772479433,1.582224639383577,0.7644298944346213,0.8177947449489558,97.6931111896824,95.91631799163179,2.693111189682398,0.9163179916317858,1.776793198050612,1.0905626296957178,1.195
KOKC,2026-06-01,TMAX_DAILY,0,4,96.0,0.16380113058747703,0.03750227945405322,0.12629885113342382,0.09797882129236578,0.02312184675522638,0.0748569745371394,1.1216317276530365,0.6143865112429686,0.5072452164100679,97.77936926811051,96.54307116104869,1.7793692681105142,0.5430711610486867,1.2362981070618275,1.2060509278298788,1.335
KOKC,2026-06-02,TMAX_DAILY,0,5,88.0,0.14523762829025472,0.0021979448350459693,0.14303968345520876,0.19820810108463843,0.004294213088155752,0.19391388799648268,1.5856648086771072,0.034353704705246124,1.551311103971861,90.9376154138214,88.48372093023256,2.937615413821405,0.4837209302325647,2.45389448358884,0.9841091400627676,1.075
KOKC,2026-06-03,TMAX_DAILY,0,5,85.0,0.076062379754335,0.06740805840995133,0.008654321344383667,0.05719541406121321,0.03894419280692267,0.018251221254290538,1.2003722867040545,0.5266698215251489,0.6737024651789056,87.02195910415128,85.34883720930233,2.0219591041512786,0.34883720930233153,1.673121894848947,1.3125275836999521,1.72
KOKC,2026-06-04,TMAX_DAILY,0,5,91.0,0.008190330028583345,0.00722478188412901,0.0009655481444543349,0.009876342892275163,0.010991569453975105,-0.0011152265616999422,0.07901074313820144,0.08793255563180091,-0.008921812493599468,90.31998865398204,90.3069306930693,0.6800113460179631,0.6930693069306955,-0.01305796091273237,0.8496089253543435,1.01
KOKC,2026-06-05,TMAX_DAILY,0,5,89.0,0.2140880860266719,0.012812416017199676,0.20127567000947222,0.16070181119667784,0.008276504971781779,0.15242530622489606,1.2856144895734227,0.06621203977425416,1.2194024497991687,90.63266435365215,88.6639344262295,1.632664353652146,0.3360655737704974,1.2965987798816485,0.7422430837518673,1.22
KOKC,2026-05-27,TMAX_DAILY,1,6,78.0,0.13383850846157494,0.10908389699774534,0.024754611463829596,0.10592648602396397,0.06379049483802066,0.042135991185943314,1.0592648602396402,0.6379049483802066,0.42135991185943356,79.23563087666678,78.06603773584905,1.2356308766667752,0.0660377358490507,1.1695931408177245,1.055825894342935,1.06
KOKC,2026-05-28,TMAX_DAILY,1,6,84.0,0.157859600263171,0.08676317930589457,0.07109642095727643,0.2345729477123971,0.05961619392307045,0.17495675378932662,2.3457294771239705,0.5961619392307045,1.749567537893266,80.24767306307412,82.77064220183486,3.7523269369258827,1.2293577981651396,2.522969138760743,0.9089075831650881,1.09
KOKC,2026-05-29,TMAX_DAILY,1,6,91.0,0.1413593468338232,0.08363535486411267,0.057723991969710536,0.1350970549399859,0.06053853794732744,0.07455851699265845,1.1844973917961727,0.6209294209240519,0.5635679708721208,89.63683412566812,90.70466321243522,1.3631658743318837,0.29533678756477855,1.0678290867671052,1.0124073223082013,0.9650000000000001
KOKC,2026-05-30,TMAX_DAILY,1,6,92.0,0.13731545803746995,0.09051797435635821,0.04679748368111174,0.09739704607797572,0.05380573410876442,0.0435913119692113,1.289175132471383,1.2653300683603712,0.023845064111011727,93.962487102682,93.87878787878788,1.9624871026820045,1.8787878787878753,0.0836992238941292,1.0093728779541522,0.99
KOKC,2026-05-31,TMAX_DAILY,1,6,95.0,0.1437058977415246,0.12313528806584362,0.020570609675680973,0.16152403802307783,0.10776320301783268,0.053760835005245144,2.3057407300824257,1.9757801783264743,0.3299605517559514,98.86276291206676,97.97222222222221,3.8627629120667564,2.9722222222222143,0.890540689844542,1.0085895960897073,1.08
KOKC,2026-06-01,TMAX_DAILY,1,6,96.0,0.14403319622990876,0.07443336893319095,0.0695998272967178,0.13964960878316326,0.03327696689213243,0.10637264189103084,1.964532206692881,0.7855998576005696,1.1789323490923114,99.48936280849674,97.26415094339622,3.489362808496736,1.264150943396217,2.225211865100519,1.0743316665002296,1.06
KOKC,2026-06-02,TMAX_DAILY,1,6,88.0,0.13586596812044388,0.13578748978782954,7.847833261434567e-05,0.29425795367004215,0.15479628236550275,0.1394616713045394,2.9425795367004217,1.5479628236550274,1.3946167130453944,92.73188541483532,90.7487684729064,4.731885414835318,2.7487684729064057,1.9831169419289125,0.8984198573946272,1.0150000000000001
KOKC,2026-06-03,TMAX_DAILY,1,6,85.0,0.14303219593349512,0.07973767723527528,0.06329451869821984,0.14095315308011072,0.036383090226220646,0.10457006285389008,1.931798648614129,0.7189710891780943,1.2128275594360347,88.44495500522592,86.15887850467291,3.4449550052259212,1.1588785046729129,2.2860765005530084,1.1951797348729734,1.0699999999999998
KOKC,2026-06-04,TMAX_DAILY,1,6,91.0,0.12664254344912873,0.1627637975523146,-0.03612125410318587,0.26962203094444537,0.21503069717780102,0.05459133376664435,2.696220309444454,2.1503069717780097,0.5459133376664442,86.29979550069423,87.66995073891626,4.7002044993057694,3.3300492610837438,1.3701552382220257,1.1900087848078287,1.015
KOKC,2026-06-05,TMAX_DAILY,1,6,89.0,0.14238185221225247,0.061253024161875134,0.08112882805037733,0.09770568076407087,0.028951833349043256,0.0687538474150276,0.9770568076407085,0.2895183334904323,0.6875384741502761,89.63566900381005,88.89320388349515,0.635669003810051,0.10679611650485299,0.528872887305198,1.114366024058056,1.03
KPHL,2026-05-26,TMAX_DAILY,0,6,82.0,0.11432111188139144,0.020649291266575217,0.09367182061481621,0.0678408284404745,0.01487517146776406,0.05296565697271044,1.0192846479854174,0.6302331961591222,0.3890514518262952,83.22841266975279,82.39259259259259,1.2284126697527853,0.3925925925925924,0.8358200771601929,0.9309564721984463,1.35
KPHL,2026-05-27,TMAX_DAILY,0,6,82.0,0.09967637025574612,0.02557362957085235,0.07410274068489377,0.07505149295232007,0.018037095814322564,0.057014397137997504,0.6924954627977846,0.5958639158897044,0.09663154690808018,81.62203590721906,82.32394366197182,0.37796409278094245,0.3239436619718248,0.05402043080911767,1.6240240417199272,1.42
KPHL,2026-05-28,TMAX_DAILY,0,6,80.0,0.1268633201971728,0.021608518291649836,0.10525480190552297,0.08023185674291736,0.017411930300147267,0.0628199264427701,0.6829310863595273,0.6181626243011119,0.06476846205841535,79.81789552089809,80.26353790613719,0.18210447910190908,0.26353790613718786,-0.08143342703527878,1.7154802610080366,1.385
KPHL,2026-05-29,TMAX_DAILY,0,6,80.0,0.13802660922966212,0.29722172777975553,-0.1591951185500934,0.13151221793261975,0.18030882876468496,-0.04879661083206521,0.9250230559818942,0.9068618725525097,0.018161183429384442,78.78918566674642,79.08490566037736,1.2108143332535803,0.915094339622641,0.29571999363093937,1.3158323180047122,1.06
KPHL,2026-05-30,TMAX_DAILY,0,5,71.0,0.1411423219847262,0.010705458654049859,0.13043686333067633,0.079921138577335,0.006280453357813717,0.07364068521952129,0.6393691086186801,0.05024362686250977,0.5891254817561704,71.83205597283998,70.73949579831933,0.8320559728399815,0.2605042016806749,0.5715517711593066,0.8270337267950885,1.19
KPHL,2026-05-31,TMAX_DAILY,0,6,78.0,0.11389592859218721,0.02336266429048786,0.09053326430169935,0.06696338256664505,0.013931276453553135,0.05303210611309192,0.641497242021801,0.6169247048340387,0.02457253718776231,78.03759953687472,78.48507462686567,0.03759953687472262,0.4850746268656678,-0.4474750899909452,1.2553162519266334,1.34
KPHL,2026-06-01,TMAX_DAILY,0,5,80.0,0.19433668220798767,0.025638888888888895,0.16869779331909876,0.10040933063485194,0.011992187500000001,0.08841714313485194,0.8032746450788157,0.09593750000000001,0.7073371450788157,80.05004467690725,79.89166666666667,0.05004467690724823,0.10833333333333428,-0.05828865642608605,0.8762839945086447,1.2
KPHL,2026-06-02,TMAX_DAILY,0,6,80.0,0.12034097966223924,0.008379871967694314,0.11196110769454493,0.08387285433593139,0.005784212461266437,0.07808864187466495,0.8387285433593135,0.05784212461266436,0.7808864187466491,78.64721443783296,79.581589958159,1.3527855621670426,0.4184100418409997,0.9343755203260429,1.1561580156033548,1.195
KPHL,2026-06-03,TMAX_DAILY,0,5,86.0,0.20718647115881522,0.09650768215665946,0.11067878900215576,0.20453847838458875,0.06573722782543123,0.1388012505591575,0.9932860498429567,0.5064803468752944,0.48680570296766223,84.5673812851427,85.87378640776699,1.4326187148572984,0.12621359223301454,1.3064051226242839,1.2928544925465257,2.06
KPHL,2026-06-04,TMAX_DAILY,0,5,90.0,0.04422077098719002,0.0008241569561136415,0.04339661403107638,0.02411858265106601,0.0005150980975710253,0.023603484553494983,0.19294866120852794,0.004120784780568237,0.1888278764279597,89.9747374385393,90.00000000000001,0.025262561460706934,1.4210854715202004e-14,0.025262561460692723,1.160783830992206,1.045
KPHL,2026-06-05,TMAX_DAILY,0,6,92.0,0.04978205695774817,0.0026793479785652205,0.04710270897918295,0.027589646159175675,0.0019148219846814233,0.02567482417449425,0.27589646159175674,0.01914821984681425,0.2567482417449425,92.47425993327644,92.1559633027523,0.4742599332764428,0.15596330275229775,0.31829663052414503,1.0074356971968959,1.09
KPHL,2026-05-27,TMAX_DAILY,1,6,82.0,0.13584793903645623,0.09339356657695758,0.04245437245949865,0.1196849886087277,0.04866397539407919,0.07102101321464852,1.048430512104621,0.6042868127643215,0.4441436993402994,81.4297525568418,82.3529411764706,0.5702474431581948,0.3529411764705941,0.21730626668760067,0.954097470883807,1.02
KPHL,2026-05-28,TMAX_DAILY,1,6,80.0,0.1510817751609642,0.1581603229527105,-0.007078547791746326,0.1430081692524472,0.12179930795847756,0.021208861293969636,1.2098663317786593,0.7474048442906573,0.462461487488002,79.11764245641834,79.17647058823529,0.8823575435816622,0.8235294117647101,0.05882813181695212,1.0761433612427649,1.02
KPHL,2026-05-29,TMAX_DAILY,1,6,80.0,0.14824075253473445,0.07506424792139078,0.07317650461334367,0.11964398542491175,0.039451247165532895,0.08019273825937887,1.049769050411253,0.5659410430839004,0.48382800732735254,79.55940288338422,80.3047619047619,0.44059711661577694,0.3047619047619037,0.13583521185387326,1.0642325955928855,1.05
KPHL,2026-05-30,TMAX_DAILY,1,6,71.0,0.14265824564249177,0.06813570327083841,0.07452254237165336,0.1078763073760128,0.029169710250791337,0.07870659712522146,1.0787630737601273,0.2916971025079135,0.7870659712522138,71.99131849212142,71.14414414414414,0.9913184921214224,0.14414414414413557,0.8471743479772869,1.0551993242546105,1.11
KPHL,2026-05-31,TMAX_DAILY,1,6,78.0,0.14246654105622894,0.06676535061111245,0.07570119044511649,0.09754303607192606,0.031061175956708497,0.06648186011521756,0.9623924419353365,0.6308088039020603,0.3315836380332762,78.15731443409588,78.60591133004925,0.15731443409588053,0.6059113300492527,-0.44859689595337215,1.0758235863938066,1.0150000000000001
KPHL,2026-06-01,TMAX_DAILY,1,6,80.0,0.13050734930408572,0.06884092123040185,0.061666428073683874,0.10435257149719017,0.03621453482891884,0.06813803666827133,1.0435257149719015,0.36214534828918865,0.6813803666827128,78.83012595538467,79.32038834951456,1.1698740446153266,0.679611650485441,0.4902623941298856,1.007413888895525,1.03
KPHL,2026-06-02,TMAX_DAILY,1,6,80.0,0.1481199290952768,0.10631908951589693,0.04180083957937987,0.17748718432572858,0.07899834301850685,0.09848884130722173,1.7748718432572854,0.7899834301850686,0.9848884130722169,76.94138707303902,78.44444444444444,3.0586129269609756,1.5555555555555571,1.5030573714054185,1.3452526031673855,1.0350000000000001
KPHL,2026-06-03,TMAX_DAILY,1,6,86.0,0.13677854581239057,0.12888671069725469,0.007891835115135887,0.16095196142231952,0.10292888982239956,0.058023071599919956,1.2191480392356302,0.6476463861467012,0.571501653088929,84.18333070858623,85.16425120772946,1.816669291413774,0.835748792270536,0.9809204991432381,1.1642321353765623,1.0350000000000001
KPHL,2026-06-04,TMAX_DAILY,1,6,90.0,0.11763434357461655,0.08811990908134953,0.029514434493267017,0.0945370098021879,0.05116843407993399,0.043368575722253916,0.9453700980218795,0.5116843407993399,0.43368575722253966,88.72074247713151,90.83743842364532,1.279257522868491,0.8374384236453238,0.4418190992231672,1.0544026824322597,1.0150000000000001
KPHL,2026-06-05,TMAX_DAILY,1,6,92.0,0.10955148575081985,0.17664882014673802,-0.06709733439591817,0.08006106749732071,0.12538726948245094,-0.045326201985130224,0.8006106749732071,1.253872694824509,-0.45326201985130177,92.96853665202931,93.80487804878047,0.9685366520293144,1.8048780487804663,-0.8363413967511519,1.2213826255985352,1.0250000000000001
KPHX,2026-05-26,TMAX_DAILY,0,5,97.0,0.10846053011431114,0.0031899671744802676,0.10527056293983088,0.05333647335001181,0.001741225486070198,0.05159524786394161,0.42669178680009456,0.013929803888561576,0.412761982911533,96.64489740141018,96.93577981651376,0.3551025985898235,0.06422018348624192,0.2908824151035816,1.2904920293081095,1.09
KPHX,2026-05-27,TMAX_DAILY,0,6,96.0,0.18642908629896773,0.03068569163694015,0.15574339466202758,0.09964541537137658,0.01872770511296076,0.08091771025841582,0.9964541537137659,0.18727705112960769,0.8091771025841582,95.10760460543477,95.38620689655173,0.8923953945652272,0.6137931034482733,0.2786022911169539,1.3899131612919577,1.45
KPHX,2026-05-28,TMAX_DAILY,0,5,92.0,0.15199884750998766,0.0020089090750283894,0.14998993843495928,0.08794043764195636,0.0015230587824264122,0.08641737885952995,0.7035235011356509,0.012184470259411329,0.6913390308762395,92.87918222493713,92.17757009345794,0.8791822249371251,0.17757009345794472,0.7016121314791803,1.2011659409714834,1.07
KPHX,2026-05-29,TMAX_DAILY,0,5,86.0,0.0842275195389759,0.0014371046309153825,0.08279041490806052,0.041428939536607395,0.0010690118803588311,0.040359927656248566,0.6002522234885407,0.9522140668738566,-0.3519618433853159,86.79173627436471,87.13145539906104,0.791736274364709,1.1314553990610392,-0.33971912469633025,1.4200463357099757,1.065
KPHX,2026-05-30,TMAX_DAILY,0,5,92.0,0.11351719363822774,0.006776484698562621,0.10674070893966511,0.06251948235532453,0.003926088341672758,0.058593394013651774,0.5687601061841254,0.7889844643091396,-0.22022435812501417,92.30241389384763,92.80952380952381,0.3024138938476284,0.8095238095238102,-0.5071099156761818,0.9083487673536996,1.155
KPHX,2026-05-31,TMAX_DAILY,0,4,99.0,0.0788105324579134,0.013471402811575427,0.06533912964633798,0.0380924111018851,0.007825493251168571,0.030266917850716526,0.8391150106200831,0.7456977293814886,0.0934172812385945,100.2313595642611,99.77405857740585,1.2313595642610977,0.774058577405853,0.4573009868552447,0.8192719918779482,1.195
KPHX,2026-06-01,TMAX_DAILY,0,5,103.0,0.09291241349942676,0.010095413973530318,0.08281699952589644,0.03985848030395902,0.0056315404739919975,0.034226939829967024,0.31886784243167243,0.04505232379193608,0.27381551863973635,102.89507423382585,102.78070175438597,0.10492576617414784,0.2192982456140271,-0.11437247943987927,1.040333535826437,1.1400000000000001
KPHX,2026-06-02,TMAX_DAILY,0,5,104.0,0.0721160411028782,0.0008321005917159769,0.07128394051116223,0.04103079038444258,0.0005200628698224853,0.04051072751462009,0.3282463230755406,0.004160502958579865,0.32408582011696074,104.61768522315182,104.0,0.617685223151824,0.0,0.617685223151824,0.8705342622413251,1.04
KPHX,2026-06-03,TMAX_DAILY,0,4,107.0,0.2618321375303682,0.1087436495746692,0.15308848795569902,0.15451251306227273,0.07207486609955892,0.08243764696271381,0.5843451434415338,0.5031013705103969,0.08124377293113683,106.83638794814973,107.07608695652175,0.16361205185026506,0.07608695652174902,0.08752509532851604,0.9615377678825515,1.8399999999999999
KPHX,2026-06-04,TMAX_DAILY,0,5,108.0,0.16541894593546896,0.0022671714440237944,0.16315177449144516,0.07615597216994832,0.0012222823147647365,0.07493368985518359,0.6092477773595864,0.009778258518117866,0.5994695188414685,107.61523446552226,108.03720930232559,0.38476553447773654,0.03720930232559283,0.3475562321521437,1.2460876801716538,1.075
KPHX,2026-06-05,TMAX_DAILY,0,6,108.0,0.07137785500367093,0.011082224250041616,0.060295630753629315,0.03880917847912739,0.005327043267161385,0.033482135211966,0.38809178479127393,0.0532704326716138,0.33482135211966013,107.4637490669023,107.97510373443983,0.5362509330977048,0.024896265560172992,0.5113546675375318,1.3346028091533053,1.205
KPHX,2026-05-27,TMAX_DAILY,1,6,96.0,0.13115454626579537,0.06382637760124539,0.06732816866454998,0.09534714242205158,0.04126279160275634,0.054084350819295246,0.953471424220516,0.4126279160275633,0.5408435081929527,94.86278985916148,95.06220095693779,1.1372101408385191,0.9377990430622134,0.19941109777630572,1.1856649193935118,1.0450000000000002
KPHX,2026-05-28,TMAX_DAILY,1,6,92.0,0.12448520493843317,0.13579551024409373,-0.011310305305660559,0.15095293615429997,0.10523968238407999,0.04571325377021998,1.5095293615429997,1.0523968238408004,0.4571325377021993,94.78460321688131,93.83168316831684,2.784603216881308,1.831683168316843,0.9529200485644651,1.0369444724646855,1.01
KPHX,2026-05-29,TMAX_DAILY,1,6,86.0,0.11175815412811702,0.1484992101105845,-0.03674105598246749,0.11992455756998995,0.09913523954987533,0.02078931802011462,1.8835015389565841,1.943959030569843,-0.060457491613258973,89.36137229086164,88.6303317535545,3.361372290861638,2.6303317535545006,0.7310405373071376,1.0885028602880005,1.0550000000000002
KPHX,2026-05-30,TMAX_DAILY,1,6,92.0,0.10326056721907075,0.05891731112433076,0.044343256094739984,0.0799911282561429,0.03332302201070792,0.04666810624543497,1.3176842782074403,1.1966448542534205,0.12103942395401979,94.01700345268641,93.74146341463414,2.01700345268641,1.74146341463414,0.2755400380522701,1.1875467658620453,1.0250000000000001
KPHX,2026-05-31,TMAX_DAILY,1,6,99.0,0.09845043819207498,0.028002607196191524,0.07044783099588346,0.06894462878009201,0.012435335759015873,0.05650929302107614,1.0151699037738282,0.7959951486349349,0.21917475513889328,100.60295858604616,100.09950248756219,1.6029585860461566,1.0995024875621908,0.5034560984839658,1.092732374848415,1.0050000000000001
KPHX,2026-06-01,TMAX_DAILY,1,6,103.0,0.08477512793084453,0.05845488688968469,0.02632024104115984,0.06351592959643833,0.026845139313477172,0.036670790282961156,0.635159295964383,0.26845139313477173,0.3667079028296113,103.65453885611953,103.34579439252337,0.6545388561195296,0.3457943925233735,0.30874446359615604,1.203328185316931,1.07
KPHX,2026-06-02,TMAX_DAILY,1,6,104.0,0.08702502611034564,0.061186696900982614,0.025838329209363027,0.06410568792109862,0.03390022675736962,0.030205461163729005,0.6410568792109859,0.33900226757369634,0.3020546116372895,104.6876971560074,104.73333333333333,0.6876971560074026,0.7333333333333343,-0.045636177325931726,1.1983223055960472,1.05
KPHX,2026-06-03,TMAX_DAILY,1,6,107.0,0.10098609068082753,0.05419926477519085,0.04678682590563668,0.07416413994850483,0.0340465642379112,0.040117575710593635,0.8623850653728047,0.5346403996606653,0.32774466571213934,107.07564244387798,107.16504854368932,0.07564244387798169,0.16504854368932342,-0.08940609981134173,1.2938463008141392,1.03
KPHX,2026-06-04,TMAX_DAILY,1,6,108.0,0.0674549802735352,0.05272285813388831,0.014732122139646898,0.05931790479476162,0.027518104015799877,0.031799800778961745,0.5931790479476164,0.2751810401579987,0.31799800778961773,108.81455800195957,108.52534562211981,0.8145580019595684,0.525345622119815,0.28921237983975345,0.9687632102898348,1.085
KPHX,2026-06-05,TMAX_DAILY,1,6,108.0,0.08469292459340044,0.029510798623472168,0.055182125969928275,0.06106440039189448,0.013131897472410106,0.04793250291948437,0.6106440039189449,0.13131897472410103,0.4793250291948439,108.84724478249419,107.93396226415095,0.8472447824941867,0.0660377358490507,0.781207046645136,0.9471811186052842,1.06
KSAT,2026-05-26,TMAX_DAILY,0,4,85.0,0.10098532691635045,0.10362731046015111,-0.002641983543800658,0.06529536539981325,0.06554639831984631,-0.0002510329200330619,1.0145132469564353,0.5080324882797338,0.5064807586767015,86.68964355379384,85.18579234972677,1.689643553793843,0.18579234972676772,1.5038512040670753,0.9942489834435864,1.83
KSAT,2026-05-27,TMAX_DAILY,0,5,84.0,0.10237450332227219,0.015539199999999998,0.08683530332227218,0.061577012621555495,0.008572,0.05300501262155549,0.6581886985265155,0.708576,-0.05038730147348447,84.41635644748561,84.72,0.4163564474856116,0.7199999999999989,-0.30364355251438724,1.4079469744042434,1.25
KSAT,2026-05-28,TMAX_DAILY,0,6,89.0,0.16112551509024814,0.013008333333333351,0.1481171817569148,0.09597839501333195,0.007500000000000015,0.08847839501333193,0.959783950133319,0.07500000000000007,0.8847839501333189,89.25811354618409,89.3,0.25811354618409155,0.29999999999999716,-0.04188645381590561,1.1356058669697116,1.0000000000000002
KSAT,2026-05-29,TMAX_DAILY,0,5,89.0,0.18234404123262288,0.0011355051395343491,0.18120853609308854,0.10298481120740227,0.000864220141480274,0.102120591065922,0.8238784896592182,0.006913761131842194,0.816964728527376,90.05084108416955,89.12440191387562,1.050841084169548,0.12440191387561583,0.9264391702939321,0.9873658349782043,1.045
KSAT,2026-05-30,TMAX_DAILY,0,5,85.0,0.00532515527973382,0.0011355051395343491,0.0041896501401994714,0.009035109689887993,0.0018429065268652208,0.007192203163022773,3.0722808775191046,3.0147432522149225,0.05753762530418216,88.6810681822362,88.30622009569379,3.681068182236203,3.3062200956937886,0.3748480865424142,0.8836873118621181,1.045
KSAT,2026-05-31,TMAX_DAILY,0,5,87.0,0.24089690741465852,0.06703901123404618,0.17385789618061234,0.17322635487630803,0.05206099088959207,0.12116536398671596,1.3858108390104644,0.4164879271167363,0.9693229118937281,88.95032944732802,88.16129032258064,1.9503294473280164,1.1612903225806406,0.7890391247473758,0.7416796150962606,1.0850000000000002
KSAT,2026-06-01,TMAX_DAILY,0,4,90.0,0.11894761109864144,0.0036651234567901276,0.11528248764185131,0.05446343503105553,0.001929012345679014,0.05253442268537652,0.6631304227976491,0.8726851851851851,-0.209554762387536,90.81531113395921,90.94444444444444,0.815311133959213,0.9444444444444429,-0.1291333104852299,1.1338678343850561,1.08
KSAT,2026-06-02,TMAX_DAILY,0,5,92.0,0.14539933185717843,0.0034893689986282552,0.14190996285855018,0.0839214627332461,0.0018111282578875182,0.08211033447535859,0.6713717018659687,0.014489026063100152,0.6568826758028685,92.97866879572216,92.0,0.9786687957221574,0.0,0.9786687957221574,1.051105369031253,1.08
KSAT,2026-06-03,TMAX_DAILY,0,6,89.0,0.17087849847683456,0.026590393826103936,0.14428810465073064,0.09781699924461264,0.019494617359578397,0.07832238188503424,0.9781699924461265,0.19494617359578426,0.7832238188503422,88.36495735325168,88.48993288590604,0.6350426467483175,0.5100671140939568,0.12497553265436068,1.1269662441184551,1.49
KSAT,2026-06-04,TMAX_DAILY,0,6,89.0,0.13085707876303895,0.010198832619467541,0.12065824614357142,0.09085069470358616,0.008223104056437391,0.08262759064714877,0.9085069470358618,0.08223104056437402,0.8262759064714877,88.66057237311861,88.61111111111111,0.3394276268813883,0.38888888888888573,-0.04946126200749745,1.5037123981703955,1.26
KSAT,2026-06-05,TMAX_DAILY,0,5,82.0,0.0695362230968665,0.011570051990719575,0.05796617110614692,0.038052661914136275,0.006600450473335714,0.03145221144080056,1.0290306662255453,0.8799640976138461,0.1490665686116992,83.60796878719772,83.23868312757202,1.60796878719772,1.238683127572017,0.36928565962570303,1.1081481350503075,1.215
KSAT,2026-05-27,TMAX_DAILY,1,6,84.0,0.13830947205439634,0.08380952380952382,0.05449994824487252,0.09589073224080437,0.04563265306122448,0.05025807917957989,1.0876010000178957,0.6277551020408165,0.4598458979770792,85.11072549697151,84.48571428571428,1.1107254969715115,0.48571428571428044,0.625011211257231,1.0264626509333765,1.05
KSAT,2026-05-28,TMAX_DAILY,1,6,89.0,0.12513153781951855,0.11875344352617077,0.0063780942933477774,0.08251276437668223,0.08245867768595044,5.408669073178607e-05,0.8251276437668216,0.8245867768595041,0.0005408669073174721,89.16824412098234,90.19090909090909,0.16824412098233665,1.1909090909090878,-1.0226649699267512,1.1484816809418568,1.1
KSAT,2026-05-29,TMAX_DAILY,1,6,89.0,0.12153065655614298,0.16536188776521912,-0.043831231209076144,0.12090504331822131,0.14408566329565736,-0.02318061997743605,1.209050433182213,1.4408566329565735,-0.23180619977436057,91.28824838130637,91.26341463414634,2.2882483813063743,2.2634146341463435,0.02483374716003084,1.133668970385529,1.025
KSAT,2026-05-30,TMAX_DAILY,1,6,85.0,0.11710624748551311,0.08743726418767299,0.029668983297840124,0.22125506491947342,0.0807662086686912,0.14048885625078222,5.212550649194734,3.8076620866869115,1.4048885625078222,92.11361637742311,89.80645161290322,7.113616377423114,4.806451612903217,2.3071647645198965,1.1803279237215232,1.085
KSAT,2026-05-31,TMAX_DAILY,1,6,87.0,0.11700414022957016,0.1561581968895779,-0.03915405666000775,0.23301562054143304,0.1876446728535327,0.04537094768790034,2.3301562054143297,1.8764467285353272,0.4537094768790024,91.30565780168178,90.0783410138249,4.305657801681775,3.0783410138248968,1.2273167878568785,1.0488302079076266,1.085
KSAT,2026-06-01,TMAX_DAILY,1,6,90.0,0.11734162098180513,0.0744106896209641,0.04293093136084103,0.10826004631913677,0.03461001350701679,0.07365003281211999,1.60504458606994,0.8580618575582062,0.7469827285117339,93.02343539714116,91.41148325358851,3.0234353971411565,1.4114832535885142,1.6119521435526423,1.2326015765668588,1.045
KSAT,2026-06-02,TMAX_DAILY,1,6,92.0,0.13021672600695455,0.09689094576955026,0.03332578023740429,0.0877678422564436,0.049314702741189036,0.038453139515254565,0.8776784225644363,0.49314702741189054,0.38453139515254575,92.76093504698179,91.45283018867924,0.7609350469817855,0.5471698113207566,0.2137652356610289,1.0628857885464997,1.06
KSAT,2026-06-03,TMAX_DAILY,1,6,89.0,0.1273496385789612,0.045781989673100855,0.08156764890586035,0.09731851825215063,0.025160406990791712,0.07215811126135892,0.9731851825215061,0.2516040699079174,0.7215811126135887,89.63938314406808,89.49740932642486,0.6393831440680771,0.497409326424858,0.14197381764321904,1.029015981405361,0.9650000000000002
KSAT,2026-06-04,TMAX_DAILY,1,6,89.0,0.15473502305928924,0.18400366964825587,-0.029268646588966635,0.13373184392952844,0.16733179041304394,-0.0335999464835155,1.3373184392952844,1.6733179041304396,-0.3359994648351552,87.31099633314085,86.6164383561644,1.6890036668591506,2.3835616438356055,-0.6945579769764549,1.072172375552672,1.095
KSAT,2026-06-05,TMAX_DAILY,1,6,82.0,0.1477156738455446,0.12570485710624119,0.022010816739303413,0.175608327888573,0.10673779315647829,0.06887053473209472,2.5212307362031483,1.9987504805843903,0.522480255618758,86.04296076716895,84.94117647058823,4.04296076716895,2.941176470588232,1.1017842965807176,0.8979439426425827,1.02
KSEA,2026-05-26,TMAX_DAILY,0,5,62.0,0.19243060113035437,0.07356710573157708,0.11886349539877729,0.14136243171806495,0.042758766464934136,0.09860366525313081,0.7154982904071232,0.521315414738341,0.19418287566878223,61.42515454786592,62.27358490566037,0.5748454521340776,0.2735849056603712,0.30126054647370637,1.1011195109611809,1.06
KSEA,2026-05-27,TMAX_DAILY,0,5,75.0,0.22401029949113468,0.18329111712813342,0.04071918236300126,0.26244732034570945,0.12692702419425275,0.1355202961514567,1.35208761748949,0.604201240282994,0.747886377206496,72.9449054088213,74.38317757009345,2.055094591178701,0.6168224299065486,1.4382721612721525,1.6839109234649359,1.07
KSEA,2026-05-28,TMAX_DAILY,0,6,82.0,0.12544538151378729,0.05060001400266051,0.07484536751112678,0.18320298094883974,0.03597899600924176,0.14722398493959798,1.3695136265070658,0.5308044528460407,0.838709173661025,79.87962140352779,81.96811594202899,2.1203785964722073,0.03188405797101268,2.0884945385011946,1.7949224976703566,1.725
KSEA,2026-05-29,TMAX_DAILY,0,4,60.0,0.1337599818068627,0.040200110381171106,0.09355987142569158,0.06720268632221431,0.021981282676684036,0.045221403645530275,0.4032161179332858,0.1318876960601042,0.2713284218731816,59.936647740723785,60.37130801687764,0.0633522592762148,0.3713080168776415,-0.3079557576014267,1.2495327023488367,1.185
KSEA,2026-05-30,TMAX_DAILY,0,6,63.0,0.06759382671196956,0.03179866717929002,0.03579515953267954,0.038981139201195655,0.019002306805074975,0.01997883239612068,0.3898113920119566,0.19002306805074942,0.19978832396120716,62.6355322331364,63.588235294117645,0.36446776686359783,0.588235294117645,-0.22376752725404714,1.3655262860137984,1.02
KSEA,2026-05-31,TMAX_DAILY,0,6,68.0,0.11553589095529014,0.024470517166856758,0.09106537378843338,0.10033478726967567,0.01173897420675218,0.08859581306292348,0.778139488584529,0.6984174100517114,0.07972207853281754,67.26953145247165,68.78656126482213,0.7304685475283463,0.7865612648221258,-0.056092717293779515,1.967022819761928,1.2650000000000001
KSEA,2026-06-01,TMAX_DAILY,0,6,76.0,0.08099340545065793,0.014748086734693876,0.06624531871596406,0.056736290470933134,0.0073660714285714276,0.049370219042361704,0.5673629047093312,0.07366071428571441,0.49370219042361674,74.9604546189018,76.07142857142857,1.0395453810981934,0.0714285714285694,0.968116809669624,1.5416287632549743,1.12
KSEA,2026-06-02,TMAX_DAILY,0,6,86.0,0.13123289195945304,0.002488132718945254,0.1287447592405078,0.10103917538393406,0.001613811221617565,0.0994253641623165,1.0103917538393403,0.016138112216175615,0.9942536416231647,84.34809388305209,85.86301369863014,1.651906116947913,0.13698630136985912,1.5149198155780539,1.166318446703237,1.095
KSEA,2026-06-03,TMAX_DAILY,0,6,70.0,0.07370479492763539,0.007925621094345376,0.06577917383329002,0.05566246400297722,0.004995850903486936,0.05066661309949028,0.5566246400297719,0.0499585090348692,0.5066661309949027,71.1526540391162,69.97530864197532,1.1526540391162001,0.024691358024682586,1.1279626810915175,1.1160415831255472,1.215
KSEA,2026-06-04,TMAX_DAILY,0,5,69.0,0.20882891146668872,0.06107730006683002,0.1477516113998587,0.1459071750875689,0.03909556694141234,0.10681160814615656,0.7212040629142471,0.5247048340387616,0.19649922887548554,68.46898082133598,69.21194029850746,0.5310191786640246,0.21194029850745721,0.3190788801565674,1.3583880497016452,1.675
KSEA,2026-06-05,TMAX_DAILY,0,5,63.0,0.1596364619868244,0.04136847246703053,0.11826798951979388,0.17095169378009847,0.0360699951156321,0.13488169866446637,1.0793998328973546,0.5696659517084671,0.5097338811888875,61.689706991323334,63.02304147465438,1.3102930086766662,0.023041474654377225,1.287251534022289,1.2857533446919307,1.085
KSEA,2026-05-27,TMAX_DAILY,1,6,75.0,0.14927370668927178,0.147713046263138,0.0015606604261337864,0.1430983610992581,0.11748624334002969,0.02561211775922842,1.144253749498361,0.735610096951699,0.4086436525466619,74.05494084258292,74.16822429906543,0.9450591574170772,0.8317757009345712,0.11328345648250604,1.1731226151142398,1.07
KSEA,2026-05-28,TMAX_DAILY,1,6,82.0,0.14733602270292853,0.15173468221307726,-0.004398659510148728,0.18405660501013227,0.16040809327846367,0.023648511731668598,1.400859401155694,1.020747599451303,0.3801118017043912,79.9835174639691,80.40740740740742,2.0164825360309067,1.592592592592581,0.42388994343832564,1.0687318641230117,1.0799999999999998
KSEA,2026-05-29,TMAX_DAILY,1,6,60.0,0.1526233796897115,0.11353550295857988,0.039087876731131635,0.1254384739101025,0.05420673076923077,0.07123174314087172,1.2543847391010252,0.5420673076923078,0.7123174314087174,61.97168585746137,59.53846153846154,1.9716858574613667,0.4615384615384599,1.5101473959229068,1.1807715698454992,1.04
KSEA,2026-05-30,TMAX_DAILY,1,6,63.0,0.12137611076427257,0.08311276672221678,0.038263344042055794,0.08726478941127609,0.047465934712283095,0.039798854698993,0.8726478941127611,0.47465934712283087,0.39798854698993025,63.92578225854863,63.71287128712871,0.9257822585486295,0.7128712871287135,0.212910971419916,1.1233118510401505,1.01
KSEA,2026-05-31,TMAX_DAILY,1,6,68.0,0.16283418909396227,0.0690944745245037,0.09373971456945858,0.13432900094223976,0.03410558100791338,0.10022341993432637,1.0958590293621946,0.6165660141607662,0.4792930152014284,67.42879797829853,68.5,0.5712020217014668,0.5,0.07120202170146683,1.0954592811933999,0.98
KSEA,2026-06-01,TMAX_DAILY,1,6,76.0,0.13534470744054172,0.08809166666666667,0.04725304077387506,0.09863001667958982,0.041515,0.05711501667958981,0.9863001667958982,0.4151499999999999,0.5711501667958983,74.91869761501043,76.33,1.08130238498957,0.3299999999999983,0.7513023849895717,1.1653463841702878,1.0
KSEA,2026-06-02,TMAX_DAILY,1,6,86.0,0.13503073259355206,0.05843363353253092,0.07659709906102113,0.10462127188403299,0.027602895379176845,0.07701837650485614,1.0462127188403292,0.2760289537917684,0.7701837650485608,84.766178532056,86.0091743119266,1.2338214679439972,0.009174311926599898,1.2246471560173973,1.0670433163147244,1.09
KSEA,2026-06-03,TMAX_DAILY,1,6,70.0,0.1318816786205223,0.09261344635313228,0.03926823226739003,0.0903680510285231,0.046612477222006087,0.04375557380651702,0.9036805102852308,0.4661247722200612,0.43755573806516956,70.20477376795486,70.00904977375565,0.2047737679548618,0.009049773755648971,0.19572399419921283,1.172791339636683,1.105
KSEA,2026-06-04,TMAX_DAILY,1,6,69.0,0.14964890032649988,0.1354724111866969,0.014176489139802989,0.10769258057514823,0.11442630385487529,-0.006733723279727058,1.0619968252700873,0.772834467120181,0.2891623581499063,69.6425619412693,68.23809523809524,0.6425619412693067,0.7619047619047592,-0.11934282063545254,1.1806631295803514,1.05
KSEA,2026-06-05,TMAX_DAILY,1,6,63.0,0.14861088549630605,0.1268944622594095,0.021716423236896543,0.12564477481713748,0.11640510522627363,0.00923966959086385,1.0732392551084873,0.7815625730000639,0.29167668210842335,62.433755685406325,61.94470046082949,0.5662443145936749,1.0552995391705124,-0.4890552245768376,1.1685757863712558,1.0850000000000002
KSFO,2026-05-26,TMAX_DAILY,0,6,64.0,0.14282601380849372,0.03415323467671875,0.10867277913177498,0.166177025470032,0.021928166351606805,0.1442488591184252,1.252404104594621,0.5637632688672384,0.6886408357273827,62.38344956895004,64.30434782608695,1.6165504310499585,0.30434782608695343,1.3122026049630051,1.9583141687885681,1.4949999999999999
KSFO,2026-05-27,TMAX_DAILY,0,6,70.0,0.08287322486991801,0.07773333333333332,0.005139891536584687,0.17448496286140247,0.07354560000000002,0.10093936286140245,1.4962374246306613,0.607456,0.8887814246306613,67.52010527941238,69.2,2.479894720587623,0.7999999999999972,1.679894720587626,2.0578357819628894,1.25
KSFO,2026-05-28,TMAX_DAILY,0,6,67.0,0.12205088327367658,0.030676839682186083,0.0913740435914905,0.07736655928324286,0.01777121853419469,0.05959534074904817,0.7736655928324288,0.17771218534194677,0.595953407490482,66.23831553332869,66.82089552238806,0.7616844666713121,0.17910447761194348,0.5825799890593686,1.3697601457863293,1.34
KSFO,2026-05-29,TMAX_DAILY,0,6,63.0,0.1274379609033572,0.0038151577503429384,0.12362280315301427,0.08431909190196271,0.0020533264746227715,0.08226576542733995,0.843190919019627,0.020533264746227797,0.8226576542733992,62.65347858050032,63.083333333333336,0.3465214194996804,0.0833333333333357,0.2631880861663447,1.7202850545230794,1.08
KSFO,2026-05-30,TMAX_DAILY,0,5,65.0,0.13244484148269406,0.002040466392318247,0.1304043750903758,0.09972830504987981,0.0012324245541838143,0.09849588049569599,0.8838309982653745,0.8894890260631001,-0.005658027797725618,65.13539612335049,65.92592592592592,0.135396123350489,0.9259259259259238,-0.7905298025754348,1.625295680778983,1.08
KSFO,2026-05-31,TMAX_DAILY,0,6,72.0,0.11302447180918168,0.03216253443526171,0.08086193737391997,0.11561642133140318,0.023219008264462812,0.09239741306694037,1.137475509190903,0.5776446280991736,0.5598308810917294,71.2543855625021,72.24545454545454,0.7456144374979061,0.24545454545453538,0.5001598920433707,1.6581312941734827,1.1
KSFO,2026-06-01,TMAX_DAILY,0,6,71.0,0.12850266229310112,0.004469974836176394,0.12403268745692472,0.08500188913862797,0.0031787925245978,0.08182309661403017,0.8886969933628661,0.8379553261270352,0.050741667235830956,71.54007097394516,71.86784140969164,0.5400709739451628,0.8678414096916356,-0.3277704357464728,1.8378437531945238,1.135
KSFO,2026-06-02,TMAX_DAILY,0,5,67.0,0.10155329813612038,0.021538140457059374,0.080015157679061,0.05592395716719496,0.011430211237161043,0.04449374593003392,0.4473916573375598,0.0914416898972884,0.3559499674402714,67.59555520049142,66.7915057915058,0.5955552004914182,0.20849420849420142,0.3870609919972168,1.2441278879074371,1.295
KSFO,2026-06-03,TMAX_DAILY,0,6,70.0,0.11359415048489041,0.01356059304160353,0.10003355744328687,0.12453199863189117,0.014722929588026687,0.10980906904386448,1.1162013123615346,0.7282569638644565,0.38794434849707815,68.93656581368452,70.28853754940711,1.063434186315476,0.28853754940710985,0.7748966369083661,1.8770962746747109,1.2650000000000001
KSFO,2026-06-04,TMAX_DAILY,0,6,67.0,0.10889645072434019,0.0016539100510264638,0.10724254067331372,0.06304828106518899,0.0017399430402278353,0.061308338024961155,0.63048281065189,0.017399430402278426,0.6130833802496116,67.82386938483754,67.29245283018868,0.8238693848375362,0.2924528301886795,0.5314165546488567,1.6534380941422075,1.06
KSFO,2026-06-05,TMAX_DAILY,0,6,71.0,0.1171944768393108,0.025567672420819268,0.09162680441849153,0.07469364632575208,0.014971392244119513,0.059722254081632564,0.8267762042718274,0.618245390972664,0.20853081329916345,71.54531898958189,71.5874125874126,0.5453189895818866,0.5874125874126008,-0.0420935978307142,1.3662543309913473,1.43
KSFO,2026-05-27,TMAX_DAILY,1,6,70.0,0.15789023790211307,0.1605182745935683,-0.0026280366914552267,0.2994960200520865,0.22874243503025987,0.0707535850218266,2.229212208275306,1.5610092559629765,0.6682029523123294,66.30807997376674,67.4245283018868,3.6919200262332623,2.575471698113205,1.1164483281200575,0.9122774821506192,1.0599999999999998
KSFO,2026-05-28,TMAX_DAILY,1,6,67.0,0.12965442577489253,0.15293026679974797,-0.023275841024855443,0.09639180240880967,0.1738580135488118,-0.07746621114000214,0.9639180240880967,1.7385801354881185,-0.7746621114000218,67.87177585704327,69.69124423963133,0.871775857043275,2.691244239631331,-1.819468382588056,1.1326461259760685,1.085
KSFO,2026-05-29,TMAX_DAILY,1,6,63.0,0.12716487297845733,0.09932849720615626,0.027836375772301067,0.07944407955280688,0.05744044701499853,0.022003632537808356,0.7944407955280697,0.5744044701499849,0.22003632537808482,63.17955977252947,63.98019801980198,0.17955977252947264,0.980198019801982,-0.8006382472725093,1.0855587377676459,1.01
KSFO,2026-05-30,TMAX_DAILY,1,6,65.0,0.13233007953901668,0.08582678967972346,0.04650328985929322,0.09892039568533982,0.056944667017696474,0.04197572866764335,0.9398406298894408,1.2632265744831852,-0.32338594459374437,64.84899335471596,66.94736842105263,0.15100664528404195,1.94736842105263,-1.7963617757685881,1.0292109894298458,1.0450000000000002
KSFO,2026-05-31,TMAX_DAILY,1,6,72.0,0.12482839171356291,0.109425,0.01540339171356292,0.08524946780581638,0.062895,0.022354467805816375,0.8491315231243521,0.7789499999999998,0.07018152312435233,72.01419260353978,72.42999999999999,0.014192603539783022,0.4299999999999926,-0.4158073964602096,0.8832093372331963,1.0
KSFO,2026-06-01,TMAX_DAILY,1,6,71.0,0.13413768434391274,0.11965750352428554,0.014480180819627195,0.11472483886571816,0.10943387158785083,0.005290967277867334,1.6146028861913277,1.8394367550941946,-0.22483386890286683,73.35014022030677,73.8529411764706,2.35014022030677,2.852941176470594,-0.5028009561638243,0.9975753750212373,1.02
KSFO,2026-06-02,TMAX_DAILY,1,6,67.0,0.12867831638890842,0.11832639302002773,0.010351923368880689,0.15928442563961392,0.05607614515169542,0.1032082804879185,1.5928442563961385,0.5607614515169541,1.0320828048791844,69.88968036904782,67.45853658536585,2.8896803690478237,0.45853658536584874,2.431143783681975,1.1172966876105974,1.0250000000000001
KSFO,2026-06-03,TMAX_DAILY,1,6,70.0,0.10996560799368173,0.10875225847592729,0.001213349517754439,0.08130900475578878,0.07481666489531298,0.0064923398604758015,1.0450592595767734,1.3667233499840574,-0.32166409040728405,70.2634699333059,72.04123711340206,0.26346993330589896,2.0412371134020617,-1.7777671800961627,0.9768153973194745,0.9700000000000001
KSFO,2026-06-04,TMAX_DAILY,1,6,67.0,0.13364182157359158,0.15014637287272672,-0.01650455129913514,0.16321150818999403,0.13461512544641857,0.028596382743575455,1.6321150818999395,1.3461512544641854,0.2859638274357541,69.9581077191785,69.19905213270142,2.9581077191785,2.199052132701425,0.7590555864770749,1.007643614221206,1.055
KSFO,2026-06-05,TMAX_DAILY,1,6,71.0,0.11096061002858255,0.07956930167960136,0.0313913083489812,0.09494910974247364,0.035800462443625364,0.05914864729884828,1.561648022961924,0.6498706531443875,0.9117773698175365,73.53312226306281,71.81818181818181,2.5331222630628076,0.818181818181813,1.7149404448809946,1.0478328193663453,1.045
