signal_id,ticker,ts,station,valid_date,lead_day,lower_f,upper_f,yes_won,original_p_yes,shadow_p_yes,original_brier,shadow_brier,shadow_mean_f,shadow_sigma_f,weights,shadow_action,shadow_side,shadow_pnl
43105,KXHIGHCHI-26MAY12-B75.5,2026-05-12 23:56:35.348572+00:00,KMDW,2026-05-12,0,75.0,77.0,0,0.34688164361170337,0.08024949930327319,0.12032687467475679,0.0064399821384260435,71.78106347656254,8.86302419724989,"ECMWF:0.15,GFS:0.15,HRRR:0.40,NBM:0.30",OPEN,YES,-17.570000000000014
43104,KXHIGHCHI-26MAY12-B79.5,2026-05-12 23:56:34.804366+00:00,KMDW,2026-05-12,0,79.0,81.0,0,0.11805405665986021,0.058545692771101554,0.013936760293849486,0.0034275981420482126,71.78106347656254,8.86302419724989,"ECMWF:0.15,GFS:0.15,HRRR:0.40,NBM:0.30",OPEN,YES,-12.09000000000001
43103,KXHIGHCHI-26MAY12-T80,2026-05-12 23:56:34.231863+00:00,KMDW,2026-05-12,0,81.0,,0,0.10726533126900703,0.14913348625575995,0.011505851292249817,0.02224079672279694,71.78106347656254,8.86302419724989,"ECMWF:0.15,GFS:0.15,HRRR:0.40,NBM:0.30",OPEN,YES,-19.990000000000016
43102,KXHIGHCHI-26MAY12-T73,2026-05-12 23:56:33.691029+00:00,KMDW,2026-05-12,0,,73.0,0,0.0694304417748067,0.5546942735401174,0.004820586245044824,0.3076857370981985,71.78106347656254,8.86302419724989,"ECMWF:0.15,GFS:0.15,HRRR:0.40,NBM:0.30",OPEN,YES,-19.990000000000016
43101,KXHIGHCHI-26MAY12-B73.5,2026-05-12 23:56:33.174575+00:00,KMDW,2026-05-12,0,73.0,75.0,1,0.4727075759569597,0.08707318448877188,0.2780373004531855,0.8334353704794719,71.78106347656254,8.86302419724989,"ECMWF:0.15,GFS:0.15,HRRR:0.40,NBM:0.30",OPEN,NO,-19.990000000000016
43100,KXHIGHCHI-26MAY12-B77.5,2026-05-12 23:56:32.632583+00:00,KMDW,2026-05-12,0,77.0,79.0,0,0.17068857831777917,0.07030386364097607,0.029134590768144633,0.004942633242848957,71.78106347656254,8.86302419724989,"ECMWF:0.15,GFS:0.15,HRRR:0.40,NBM:0.30",OPEN,YES,-15.060000000000013
43068,KXHIGHCHI-26MAY12-B79.5,2026-05-12 23:51:11.435992+00:00,KMDW,2026-05-12,0,79.0,81.0,0,0.11805405665986854,0.058545692771101554,0.013936760293851451,0.0034275981420482126,71.78106347656254,8.86302419724989,"ECMWF:0.15,GFS:0.15,HRRR:0.40,NBM:0.30",OPEN,YES,-12.09000000000001
43067,KXHIGHCHI-26MAY12-T80,2026-05-12 23:51:10.878872+00:00,KMDW,2026-05-12,0,81.0,,0,0.10726533126900659,0.14913348625575995,0.011505851292249722,0.02224079672279694,71.78106347656254,8.86302419724989,"ECMWF:0.15,GFS:0.15,HRRR:0.40,NBM:0.30",OPEN,YES,-19.990000000000016
43066,KXHIGHCHI-26MAY12-B75.5,2026-05-12 23:51:10.305385+00:00,KMDW,2026-05-12,0,75.0,77.0,0,0.34688164361173346,0.08024949930327319,0.12032687467477766,0.0064399821384260435,71.78106347656254,8.86302419724989,"ECMWF:0.15,GFS:0.15,HRRR:0.40,NBM:0.30",OPEN,YES,-17.570000000000014
43065,KXHIGHCHI-26MAY12-B77.5,2026-05-12 23:51:09.763667+00:00,KMDW,2026-05-12,0,77.0,79.0,0,0.17068857831775508,0.07030386364097607,0.02913459076813641,0.004942633242848957,71.78106347656254,8.86302419724989,"ECMWF:0.15,GFS:0.15,HRRR:0.40,NBM:0.30",OPEN,YES,-15.060000000000013
43064,KXHIGHCHI-26MAY12-B73.5,2026-05-12 23:51:09.226123+00:00,KMDW,2026-05-12,0,73.0,75.0,1,0.4727075759569459,0.08707318448877188,0.27803730045319996,0.8334353704794719,71.78106347656254,8.86302419724989,"ECMWF:0.15,GFS:0.15,HRRR:0.40,NBM:0.30",OPEN,NO,-19.990000000000016
43063,KXHIGHCHI-26MAY12-T73,2026-05-12 23:51:08.673738+00:00,KMDW,2026-05-12,0,,73.0,0,0.0694304417748067,0.5546942735401174,0.004820586245044824,0.3076857370981985,71.78106347656254,8.86302419724989,"ECMWF:0.15,GFS:0.15,HRRR:0.40,NBM:0.30",OPEN,YES,-19.990000000000016
43031,KXHIGHCHI-26MAY12-B79.5,2026-05-12 23:45:47.744756+00:00,KMDW,2026-05-12,0,79.0,81.0,0,0.11805405665986088,0.058545692771101554,0.013936760293849642,0.0034275981420482126,71.78106347656254,8.86302419724989,"ECMWF:0.15,GFS:0.15,HRRR:0.40,NBM:0.30",OPEN,YES,-12.09000000000001
43030,KXHIGHCHI-26MAY12-T80,2026-05-12 23:45:47.192124+00:00,KMDW,2026-05-12,0,81.0,,0,0.10726533126899859,0.14913348625575995,0.011505851292248008,0.02224079672279694,71.78106347656254,8.86302419724989,"ECMWF:0.15,GFS:0.15,HRRR:0.40,NBM:0.30",OPEN,YES,-19.990000000000016
43029,KXHIGHCHI-26MAY12-B75.5,2026-05-12 23:45:46.634091+00:00,KMDW,2026-05-12,0,75.0,77.0,0,0.3468816436117289,0.08024949930327319,0.1203268746747745,0.0064399821384260435,71.78106347656254,8.86302419724989,"ECMWF:0.15,GFS:0.15,HRRR:0.40,NBM:0.30",OPEN,YES,-17.570000000000014
43028,KXHIGHCHI-26MAY12-B77.5,2026-05-12 23:45:46.090096+00:00,KMDW,2026-05-12,0,77.0,79.0,0,0.1706885783177754,0.07030386364097607,0.029134590768143346,0.004942633242848957,71.78106347656254,8.86302419724989,"ECMWF:0.15,GFS:0.15,HRRR:0.40,NBM:0.30",OPEN,YES,-15.060000000000013
43027,KXHIGHCHI-26MAY12-T73,2026-05-12 23:45:45.530524+00:00,KMDW,2026-05-12,0,,73.0,0,0.0694304417748067,0.5546942735401174,0.004820586245044824,0.3076857370981985,71.78106347656254,8.86302419724989,"ECMWF:0.15,GFS:0.15,HRRR:0.40,NBM:0.30",OPEN,YES,-19.990000000000016
43026,KXHIGHCHI-26MAY12-B73.5,2026-05-12 23:45:44.975923+00:00,KMDW,2026-05-12,0,73.0,75.0,1,0.4727075759569458,0.08707318448877188,0.2780373004532001,0.8334353704794719,71.78106347656254,8.86302419724989,"ECMWF:0.15,GFS:0.15,HRRR:0.40,NBM:0.30",OPEN,NO,-19.990000000000016
42995,KXHIGHCHI-26MAY12-T73,2026-05-12 23:40:14.963068+00:00,KMDW,2026-05-12,0,,73.0,0,0.0694304417748067,0.5546942735401174,0.004820586245044824,0.3076857370981985,71.78106347656254,8.86302419724989,"ECMWF:0.15,GFS:0.15,HRRR:0.40,NBM:0.30",OPEN,YES,-19.990000000000016
42994,KXHIGHCHI-26MAY12-B77.5,2026-05-12 23:40:14.423754+00:00,KMDW,2026-05-12,0,77.0,79.0,0,0.17068857831775708,0.07030386364097607,0.02913459076813709,0.004942633242848957,71.78106347656254,8.86302419724989,"ECMWF:0.15,GFS:0.15,HRRR:0.40,NBM:0.30",OPEN,YES,-15.060000000000013
42993,KXHIGHCHI-26MAY12-B79.5,2026-05-12 23:40:13.892595+00:00,KMDW,2026-05-12,0,79.0,81.0,0,0.11805405665987853,0.058545692771101554,0.01393676029385381,0.0034275981420482126,71.78106347656254,8.86302419724989,"ECMWF:0.15,GFS:0.15,HRRR:0.40,NBM:0.30",OPEN,YES,-12.09000000000001
42992,KXHIGHCHI-26MAY12-B75.5,2026-05-12 23:40:13.360846+00:00,KMDW,2026-05-12,0,75.0,77.0,0,0.34688164361173324,0.08024949930327319,0.12032687467477751,0.0064399821384260435,71.78106347656254,8.86302419724989,"ECMWF:0.15,GFS:0.15,HRRR:0.40,NBM:0.30",OPEN,YES,-17.570000000000014
42991,KXHIGHCHI-26MAY12-T80,2026-05-12 23:40:12.821136+00:00,KMDW,2026-05-12,0,81.0,,0,0.10726533126899793,0.14913348625575995,0.011505851292247864,0.02224079672279694,71.78106347656254,8.86302419724989,"ECMWF:0.15,GFS:0.15,HRRR:0.40,NBM:0.30",OPEN,YES,-19.990000000000016
42990,KXHIGHCHI-26MAY12-B73.5,2026-05-12 23:40:12.261649+00:00,KMDW,2026-05-12,0,73.0,75.0,1,0.4727075759569428,0.08707318448877188,0.27803730045320324,0.8334353704794719,71.78106347656254,8.86302419724989,"ECMWF:0.15,GFS:0.15,HRRR:0.40,NBM:0.30",OPEN,NO,-19.990000000000016
42958,KXHIGHCHI-26MAY12-T73,2026-05-12 23:34:48.602232+00:00,KMDW,2026-05-12,0,,73.0,0,0.0694304417748067,0.5546942735401174,0.004820586245044824,0.3076857370981985,71.78106347656254,8.86302419724989,"ECMWF:0.15,GFS:0.15,HRRR:0.40,NBM:0.30",OPEN,YES,-19.990000000000016
42957,KXHIGHCHI-26MAY12-B77.5,2026-05-12 23:34:48.038092+00:00,KMDW,2026-05-12,0,77.0,79.0,0,0.17068857831775275,0.07030386364097607,0.029134590768135613,0.004942633242848957,71.78106347656254,8.86302419724989,"ECMWF:0.15,GFS:0.15,HRRR:0.40,NBM:0.30",OPEN,YES,-15.060000000000013
42956,KXHIGHCHI-26MAY12-B79.5,2026-05-12 23:34:47.491696+00:00,KMDW,2026-05-12,0,79.0,81.0,0,0.11805405665987187,0.058545692771101554,0.013936760293852237,0.0034275981420482126,71.78106347656254,8.86302419724989,"ECMWF:0.15,GFS:0.15,HRRR:0.40,NBM:0.30",OPEN,YES,-12.09000000000001
42955,KXHIGHCHI-26MAY12-T80,2026-05-12 23:34:46.939458+00:00,KMDW,2026-05-12,0,81.0,,0,0.10726533126900192,0.14913348625575995,0.011505851292248721,0.02224079672279694,71.78106347656254,8.86302419724989,"ECMWF:0.15,GFS:0.15,HRRR:0.40,NBM:0.30",OPEN,YES,-19.990000000000016
42954,KXHIGHCHI-26MAY12-B73.5,2026-05-12 23:34:46.377267+00:00,KMDW,2026-05-12,0,73.0,75.0,1,0.472707575956955,0.08707318448877188,0.27803730045319036,0.8334353704794719,71.78106347656254,8.86302419724989,"ECMWF:0.15,GFS:0.15,HRRR:0.40,NBM:0.30",OPEN,NO,-19.990000000000016
42953,KXHIGHCHI-26MAY12-B75.5,2026-05-12 23:34:45.824743+00:00,KMDW,2026-05-12,0,75.0,77.0,0,0.346881643611728,0.08024949930327319,0.12032687467477389,0.0064399821384260435,71.78106347656254,8.86302419724989,"ECMWF:0.15,GFS:0.15,HRRR:0.40,NBM:0.30",OPEN,YES,-17.570000000000014
42924,KXHIGHCHI-26MAY12-T73,2026-05-12 23:29:28.206703+00:00,KMDW,2026-05-12,0,,73.0,0,0.0694304417748067,0.5546942735401174,0.004820586245044824,0.3076857370981985,71.78106347656254,8.86302419724989,"ECMWF:0.15,GFS:0.15,HRRR:0.40,NBM:0.30",OPEN,YES,-19.990000000000016
42923,KXHIGHCHI-26MAY12-B77.5,2026-05-12 23:29:27.673035+00:00,KMDW,2026-05-12,0,77.0,79.0,0,0.17068857831776152,0.07030386364097607,0.029134590768138607,0.004942633242848957,71.78106347656254,8.86302419724989,"ECMWF:0.15,GFS:0.15,HRRR:0.40,NBM:0.30",OPEN,YES,-15.060000000000013
42922,KXHIGHCHI-26MAY12-B79.5,2026-05-12 23:29:27.139754+00:00,KMDW,2026-05-12,0,79.0,81.0,0,0.118054056659856,0.058545692771101554,0.01393676029384849,0.0034275981420482126,71.78106347656254,8.86302419724989,"ECMWF:0.15,GFS:0.15,HRRR:0.40,NBM:0.30",OPEN,YES,-12.09000000000001
42921,KXHIGHCHI-26MAY12-T80,2026-05-12 23:29:26.591821+00:00,KMDW,2026-05-12,0,81.0,,0,0.10726533126900947,0.14913348625575995,0.011505851292250341,0.02224079672279694,71.78106347656254,8.86302419724989,"ECMWF:0.15,GFS:0.15,HRRR:0.40,NBM:0.30",OPEN,YES,-19.990000000000016
42920,KXHIGHCHI-26MAY12-B75.5,2026-05-12 23:29:26.064726+00:00,KMDW,2026-05-12,0,75.0,77.0,0,0.3468816436117168,0.08024949930327319,0.1203268746747661,0.0064399821384260435,71.78106347656254,8.86302419724989,"ECMWF:0.15,GFS:0.15,HRRR:0.40,NBM:0.30",OPEN,YES,-17.570000000000014
42919,KXHIGHCHI-26MAY12-B73.5,2026-05-12 23:29:25.523711+00:00,KMDW,2026-05-12,0,73.0,75.0,1,0.4727075759569657,0.08707318448877188,0.27803730045317915,0.8334353704794719,71.78106347656254,8.86302419724989,"ECMWF:0.15,GFS:0.15,HRRR:0.40,NBM:0.30",OPEN,NO,-19.990000000000016
42890,KXHIGHCHI-26MAY12-T73,2026-05-12 23:24:07.801676+00:00,KMDW,2026-05-12,0,,73.0,0,0.0694304417748067,0.5546942735401174,0.004820586245044824,0.3076857370981985,71.78106347656254,8.86302419724989,"ECMWF:0.15,GFS:0.15,HRRR:0.40,NBM:0.30",OPEN,YES,-19.990000000000016
42889,KXHIGHCHI-26MAY12-B77.5,2026-05-12 23:24:07.268376+00:00,KMDW,2026-05-12,0,77.0,79.0,0,0.17068857831777762,0.07030386364097607,0.029134590768144102,0.004942633242848957,71.78106347656254,8.86302419724989,"ECMWF:0.15,GFS:0.15,HRRR:0.40,NBM:0.30",OPEN,YES,-15.060000000000013
42888,KXHIGHCHI-26MAY12-B79.5,2026-05-12 23:24:06.736453+00:00,KMDW,2026-05-12,0,79.0,81.0,0,0.11805405665986055,0.058545692771101554,0.013936760293849564,0.0034275981420482126,71.78106347656254,8.86302419724989,"ECMWF:0.15,GFS:0.15,HRRR:0.40,NBM:0.30",OPEN,YES,-12.09000000000001
42887,KXHIGHCHI-26MAY12-B75.5,2026-05-12 23:24:06.210328+00:00,KMDW,2026-05-12,0,75.0,77.0,0,0.3468816436117078,0.08024949930327319,0.12032687467475987,0.0064399821384260435,71.78106347656254,8.86302419724989,"ECMWF:0.15,GFS:0.15,HRRR:0.40,NBM:0.30",OPEN,YES,-17.570000000000014
42886,KXHIGHCHI-26MAY12-T80,2026-05-12 23:24:05.678210+00:00,KMDW,2026-05-12,0,81.0,,0,0.10726533126900115,0.14913348625575995,0.011505851292248554,0.02224079672279694,71.78106347656254,8.86302419724989,"ECMWF:0.15,GFS:0.15,HRRR:0.40,NBM:0.30",OPEN,YES,-19.990000000000016
42885,KXHIGHCHI-26MAY12-B73.5,2026-05-12 23:24:05.152609+00:00,KMDW,2026-05-12,0,73.0,75.0,1,0.4727075759569624,0.08707318448877188,0.27803730045318265,0.8334353704794719,71.78106347656254,8.86302419724989,"ECMWF:0.15,GFS:0.15,HRRR:0.40,NBM:0.30",OPEN,NO,-19.990000000000016
42853,KXHIGHCHI-26MAY12-B77.5,2026-05-12 23:18:38.815831+00:00,KMDW,2026-05-12,0,77.0,79.0,0,0.17068857831775108,0.07030386364097607,0.029134590768135044,0.004942633242848957,71.78106347656254,8.86302419724989,"ECMWF:0.15,GFS:0.15,HRRR:0.40,NBM:0.30",OPEN,YES,-15.060000000000013
42852,KXHIGHCHI-26MAY12-B79.5,2026-05-12 23:18:38.271515+00:00,KMDW,2026-05-12,0,79.0,81.0,0,0.11805405665986066,0.058545692771101554,0.01393676029384959,0.0034275981420482126,71.78106347656254,8.86302419724989,"ECMWF:0.15,GFS:0.15,HRRR:0.40,NBM:0.30",OPEN,YES,-12.09000000000001
42851,KXHIGHCHI-26MAY12-B75.5,2026-05-12 23:18:37.731561+00:00,KMDW,2026-05-12,0,75.0,77.0,0,0.3468816436117267,0.08024949930327319,0.12032687467477296,0.0064399821384260435,71.78106347656254,8.86302419724989,"ECMWF:0.15,GFS:0.15,HRRR:0.40,NBM:0.30",OPEN,YES,-17.570000000000014
42850,KXHIGHCHI-26MAY12-T80,2026-05-12 23:18:37.170870+00:00,KMDW,2026-05-12,0,81.0,,0,0.10726533126901713,0.14913348625575995,0.011505851292251984,0.02224079672279694,71.78106347656254,8.86302419724989,"ECMWF:0.15,GFS:0.15,HRRR:0.40,NBM:0.30",OPEN,YES,-19.990000000000016
42849,KXHIGHCHI-26MAY12-B73.5,2026-05-12 23:18:36.613286+00:00,KMDW,2026-05-12,0,73.0,75.0,1,0.472707575956954,0.08707318448877188,0.2780373004531914,0.8334353704794719,71.78106347656254,8.86302419724989,"ECMWF:0.15,GFS:0.15,HRRR:0.40,NBM:0.30",OPEN,NO,-19.990000000000016
42848,KXHIGHCHI-26MAY12-T73,2026-05-12 23:18:36.058339+00:00,KMDW,2026-05-12,0,,73.0,0,0.0694304417748067,0.5546942735401174,0.004820586245044824,0.3076857370981985,71.78106347656254,8.86302419724989,"ECMWF:0.15,GFS:0.15,HRRR:0.40,NBM:0.30",OPEN,YES,-19.990000000000016
42817,KXHIGHCHI-26MAY12-T73,2026-05-12 23:13:17.320701+00:00,KMDW,2026-05-12,0,,73.0,0,0.0694304417748067,0.5546942735401174,0.004820586245044824,0.3076857370981985,71.78106347656254,8.86302419724989,"ECMWF:0.15,GFS:0.15,HRRR:0.40,NBM:0.30",OPEN,YES,-19.990000000000016
42816,KXHIGHCHI-26MAY12-B77.5,2026-05-12 23:13:16.785176+00:00,KMDW,2026-05-12,0,77.0,79.0,0,0.17068857831776962,0.07030386364097607,0.029134590768141375,0.004942633242848957,71.78106347656254,8.86302419724989,"ECMWF:0.15,GFS:0.15,HRRR:0.40,NBM:0.30",OPEN,YES,-15.060000000000013
42815,KXHIGHCHI-26MAY12-B79.5,2026-05-12 23:13:16.255604+00:00,KMDW,2026-05-12,0,79.0,81.0,0,0.11805405665987276,0.058545692771101554,0.013936760293852447,0.0034275981420482126,71.78106347656254,8.86302419724989,"ECMWF:0.15,GFS:0.15,HRRR:0.40,NBM:0.30",OPEN,YES,-12.09000000000001
42814,KXHIGHCHI-26MAY12-B73.5,2026-05-12 23:13:15.719137+00:00,KMDW,2026-05-12,0,73.0,75.0,1,0.4727075759569399,0.08707318448877188,0.2780373004532063,0.8334353704794719,71.78106347656254,8.86302419724989,"ECMWF:0.15,GFS:0.15,HRRR:0.40,NBM:0.30",OPEN,NO,-19.990000000000016
42813,KXHIGHCHI-26MAY12-T80,2026-05-12 23:13:15.166728+00:00,KMDW,2026-05-12,0,81.0,,0,0.10726533126899537,0.14913348625575995,0.011505851292247316,0.02224079672279694,71.78106347656254,8.86302419724989,"ECMWF:0.15,GFS:0.15,HRRR:0.40,NBM:0.30",OPEN,YES,-19.990000000000016
42812,KXHIGHCHI-26MAY12-B75.5,2026-05-12 23:13:14.621265+00:00,KMDW,2026-05-12,0,75.0,77.0,0,0.3468816436117319,0.08024949930327319,0.12032687467477658,0.0064399821384260435,71.78106347656254,8.86302419724989,"ECMWF:0.15,GFS:0.15,HRRR:0.40,NBM:0.30",OPEN,YES,-17.570000000000014
42779,KXHIGHCHI-26MAY12-T73,2026-05-12 23:07:49.247611+00:00,KMDW,2026-05-12,0,,73.0,0,0.0694304417748067,0.5546942735401174,0.004820586245044824,0.3076857370981985,71.78106347656254,8.86302419724989,"ECMWF:0.15,GFS:0.15,HRRR:0.40,NBM:0.30",OPEN,YES,-19.990000000000016
42778,KXHIGHCHI-26MAY12-B79.5,2026-05-12 23:07:48.706709+00:00,KMDW,2026-05-12,0,79.0,81.0,0,0.11805405665986965,0.058545692771101554,0.013936760293851713,0.0034275981420482126,71.78106347656254,8.86302419724989,"ECMWF:0.15,GFS:0.15,HRRR:0.40,NBM:0.30",OPEN,YES,-12.09000000000001
42777,KXHIGHCHI-26MAY12-B77.5,2026-05-12 23:07:48.163919+00:00,KMDW,2026-05-12,0,77.0,79.0,0,0.17068857831776396,0.07030386364097607,0.029134590768139443,0.004942633242848957,71.78106347656254,8.86302419724989,"ECMWF:0.15,GFS:0.15,HRRR:0.40,NBM:0.30",OPEN,YES,-15.060000000000013
42776,KXHIGHCHI-26MAY12-B73.5,2026-05-12 23:07:47.614089+00:00,KMDW,2026-05-12,0,73.0,75.0,1,0.4727075759569488,0.08707318448877188,0.2780373004531969,0.8334353704794719,71.78106347656254,8.86302419724989,"ECMWF:0.15,GFS:0.15,HRRR:0.40,NBM:0.30",OPEN,NO,-19.990000000000016
42775,KXHIGHCHI-26MAY12-B75.5,2026-05-12 23:07:47.069123+00:00,KMDW,2026-05-12,0,75.0,77.0,0,0.3468816436117259,0.08024949930327319,0.12032687467477243,0.0064399821384260435,71.78106347656254,8.86302419724989,"ECMWF:0.15,GFS:0.15,HRRR:0.40,NBM:0.30",OPEN,YES,-17.570000000000014
42774,KXHIGHCHI-26MAY12-T80,2026-05-12 23:07:46.514591+00:00,KMDW,2026-05-12,0,81.0,,0,0.10726533126900126,0.14913348625575995,0.011505851292248579,0.02224079672279694,71.78106347656254,8.86302419724989,"ECMWF:0.15,GFS:0.15,HRRR:0.40,NBM:0.30",OPEN,YES,-19.990000000000016
42742,KXHIGHCHI-26MAY12-T73,2026-05-12 23:02:18.579032+00:00,KMDW,2026-05-12,0,,73.0,0,0.0694304417748067,0.5546942735401174,0.004820586245044824,0.3076857370981985,71.78106347656254,8.86302419724989,"ECMWF:0.15,GFS:0.15,HRRR:0.40,NBM:0.30",OPEN,YES,-19.990000000000016
42741,KXHIGHCHI-26MAY12-B79.5,2026-05-12 23:02:18.296780+00:00,KMDW,2026-05-12,0,79.0,81.0,0,0.11805405665986476,0.058545692771101554,0.01393676029385056,0.0034275981420482126,71.78106347656254,8.86302419724989,"ECMWF:0.15,GFS:0.15,HRRR:0.40,NBM:0.30",OPEN,YES,-12.09000000000001
42740,KXHIGHCHI-26MAY12-B73.5,2026-05-12 23:02:18.007210+00:00,KMDW,2026-05-12,0,73.0,75.0,1,0.4727075759569511,0.08707318448877188,0.27803730045319447,0.8334353704794719,71.78106347656254,8.86302419724989,"ECMWF:0.15,GFS:0.15,HRRR:0.40,NBM:0.30",OPEN,NO,-19.990000000000016
42739,KXHIGHCHI-26MAY12-T80,2026-05-12 23:02:17.713259+00:00,KMDW,2026-05-12,0,81.0,,0,0.10726533126900692,0.14913348625575995,0.011505851292249793,0.02224079672279694,71.78106347656254,8.86302419724989,"ECMWF:0.15,GFS:0.15,HRRR:0.40,NBM:0.30",OPEN,YES,-19.990000000000016
42738,KXHIGHCHI-26MAY12-B75.5,2026-05-12 23:02:17.408908+00:00,KMDW,2026-05-12,0,75.0,77.0,0,0.34688164361172114,0.08024949930327319,0.12032687467476912,0.0064399821384260435,71.78106347656254,8.86302419724989,"ECMWF:0.15,GFS:0.15,HRRR:0.40,NBM:0.30",OPEN,YES,-17.570000000000014
42737,KXHIGHCHI-26MAY12-B77.5,2026-05-12 23:02:17.096733+00:00,KMDW,2026-05-12,0,77.0,79.0,0,0.17068857831776563,0.07030386364097607,0.02913459076814001,0.004942633242848957,71.78106347656254,8.86302419724989,"ECMWF:0.15,GFS:0.15,HRRR:0.40,NBM:0.30",OPEN,YES,-15.060000000000013
42709,KXHIGHCHI-26MAY12-T73,2026-05-12 22:57:05.317222+00:00,KMDW,2026-05-12,0,,73.0,0,0.0694304417748067,0.5472075904871538,0.004820586245044824,0.29943614708675664,71.98200341796877,8.582764901033839,"ECMWF:0.15,GFS:0.15,HRRR:0.40,NBM:0.30",OPEN,YES,-19.990000000000016
42708,KXHIGHCHI-26MAY12-B79.5,2026-05-12 22:57:04.989039+00:00,KMDW,2026-05-12,0,79.0,81.0,0,0.11805405665985821,0.06007268032854263,0.013936760293849014,0.0036087269218552723,71.98200341796877,8.582764901033839,"ECMWF:0.15,GFS:0.15,HRRR:0.40,NBM:0.30",OPEN,YES,-12.470000000000011
42707,KXHIGHCHI-26MAY12-B73.5,2026-05-12 22:57:04.419249+00:00,KMDW,2026-05-12,0,73.0,75.0,1,0.47270757595695123,0.09023623010492765,0.27803730045319436,0.8276701170136942,71.98200341796877,8.582764901033839,"ECMWF:0.15,GFS:0.15,HRRR:0.40,NBM:0.30",OPEN,NO,-19.990000000000016
42706,KXHIGHCHI-26MAY12-T80,2026-05-12 22:57:04.105729+00:00,KMDW,2026-05-12,0,81.0,,0,0.10726533126900725,0.1466959096489613,0.011505851292249864,0.021519689907736214,71.98200341796877,8.582764901033839,"ECMWF:0.15,GFS:0.15,HRRR:0.40,NBM:0.30",OPEN,YES,-19.990000000000016
42705,KXHIGHCHI-26MAY12-B77.5,2026-05-12 22:57:03.813743+00:00,KMDW,2026-05-12,0,77.0,79.0,0,0.17068857831776896,0.07261969509246013,0.029134590768141146,0.0052736201153218785,71.98200341796877,8.582764901033839,"ECMWF:0.15,GFS:0.15,HRRR:0.40,NBM:0.30",OPEN,YES,-15.650000000000013
42704,KXHIGHCHI-26MAY12-B75.5,2026-05-12 22:57:03.528667+00:00,KMDW,2026-05-12,0,75.0,77.0,0,0.3468816436117239,0.08316789433795446,0.12032687467477104,0.006916898648609158,71.98200341796877,8.582764901033839,"ECMWF:0.15,GFS:0.15,HRRR:0.40,NBM:0.30",OPEN,YES,-18.310000000000016
42674,KXHIGHCHI-26MAY12-T73,2026-05-12 22:51:38.756730+00:00,KMDW,2026-05-12,0,,73.0,0,0.0694304417748067,0.5472075904871538,0.004820586245044824,0.29943614708675664,71.98200341796877,8.582764901033839,"ECMWF:0.15,GFS:0.15,HRRR:0.40,NBM:0.30",OPEN,YES,-19.990000000000016
42673,KXHIGHCHI-26MAY12-B75.5,2026-05-12 22:51:38.451387+00:00,KMDW,2026-05-12,0,75.0,77.0,0,0.3468816436117237,0.08316789433795446,0.12032687467477089,0.006916898648609158,71.98200341796877,8.582764901033839,"ECMWF:0.15,GFS:0.15,HRRR:0.40,NBM:0.30",OPEN,YES,-18.310000000000016
42672,KXHIGHCHI-26MAY12-B73.5,2026-05-12 22:51:38.148304+00:00,KMDW,2026-05-12,0,73.0,75.0,1,0.4727075759569504,0.09023623010492765,0.2780373004531953,0.8276701170136942,71.98200341796877,8.582764901033839,"ECMWF:0.15,GFS:0.15,HRRR:0.40,NBM:0.30",OPEN,NO,-19.990000000000016
42671,KXHIGHCHI-26MAY12-B77.5,2026-05-12 22:51:37.849073+00:00,KMDW,2026-05-12,0,77.0,79.0,0,0.17068857831777062,0.07261969509246013,0.029134590768141715,0.0052736201153218785,71.98200341796877,8.582764901033839,"ECMWF:0.15,GFS:0.15,HRRR:0.40,NBM:0.30",OPEN,YES,-15.650000000000013
42670,KXHIGHCHI-26MAY12-B79.5,2026-05-12 22:51:37.308323+00:00,KMDW,2026-05-12,0,79.0,81.0,0,0.1180540566598591,0.06007268032854263,0.013936760293849224,0.0036087269218552723,71.98200341796877,8.582764901033839,"ECMWF:0.15,GFS:0.15,HRRR:0.40,NBM:0.30",OPEN,YES,-12.470000000000011
42669,KXHIGHCHI-26MAY12-T80,2026-05-12 22:51:36.986859+00:00,KMDW,2026-05-12,0,81.0,,0,0.1072653312690057,0.1466959096489613,0.011505851292249531,0.021519689907736214,71.98200341796877,8.582764901033839,"ECMWF:0.15,GFS:0.15,HRRR:0.40,NBM:0.30",OPEN,YES,-19.990000000000016
42637,KXHIGHCHI-26MAY12-B75.5,2026-05-12 22:46:18.947037+00:00,KMDW,2026-05-12,0,75.0,77.0,0,0.346881643611726,0.08316789433795446,0.1203268746747725,0.006916898648609158,71.98200341796877,8.582764901033839,"ECMWF:0.15,GFS:0.15,HRRR:0.40,NBM:0.30",OPEN,YES,-18.310000000000016
42636,KXHIGHCHI-26MAY12-B73.5,2026-05-12 22:46:18.417256+00:00,KMDW,2026-05-12,0,73.0,75.0,1,0.47270757595694884,0.09023623010492765,0.2780373004531969,0.8276701170136942,71.98200341796877,8.582764901033839,"ECMWF:0.15,GFS:0.15,HRRR:0.40,NBM:0.30",OPEN,NO,-19.990000000000016
42635,KXHIGHCHI-26MAY12-B77.5,2026-05-12 22:46:18.124333+00:00,KMDW,2026-05-12,0,77.0,79.0,0,0.17068857831776607,0.07261969509246013,0.02913459076814016,0.0052736201153218785,71.98200341796877,8.582764901033839,"ECMWF:0.15,GFS:0.15,HRRR:0.40,NBM:0.30",OPEN,YES,-15.650000000000013
42634,KXHIGHCHI-26MAY12-T80,2026-05-12 22:46:17.825827+00:00,KMDW,2026-05-12,0,81.0,,0,0.10726533126900314,0.1466959096489613,0.011505851292248983,0.021519689907736214,71.98200341796877,8.582764901033839,"ECMWF:0.15,GFS:0.15,HRRR:0.40,NBM:0.30",OPEN,YES,-19.990000000000016
42633,KXHIGHCHI-26MAY12-B79.5,2026-05-12 22:46:17.287990+00:00,KMDW,2026-05-12,0,79.0,81.0,0,0.11805405665986543,0.06007268032854263,0.013936760293850717,0.0036087269218552723,71.98200341796877,8.582764901033839,"ECMWF:0.15,GFS:0.15,HRRR:0.40,NBM:0.30",OPEN,YES,-12.470000000000011
42632,KXHIGHCHI-26MAY12-T73,2026-05-12 22:46:16.976925+00:00,KMDW,2026-05-12,0,,73.0,0,0.0694304417748067,0.5472075904871538,0.004820586245044824,0.29943614708675664,71.98200341796877,8.582764901033839,"ECMWF:0.15,GFS:0.15,HRRR:0.40,NBM:0.30",OPEN,YES,-19.990000000000016
42599,KXHIGHCHI-26MAY12-T73,2026-05-12 22:40:58.061987+00:00,KMDW,2026-05-12,0,,73.0,0,0.0694304417748067,0.5472075904871538,0.004820586245044824,0.29943614708675664,71.98200341796877,8.582764901033839,"ECMWF:0.15,GFS:0.15,HRRR:0.40,NBM:0.30",OPEN,YES,-19.990000000000016
42598,KXHIGHCHI-26MAY12-T80,2026-05-12 22:40:57.761016+00:00,KMDW,2026-05-12,0,81.0,,0,0.10726533126900303,0.1466959096489613,0.01150585129224896,0.021519689907736214,71.98200341796877,8.582764901033839,"ECMWF:0.15,GFS:0.15,HRRR:0.40,NBM:0.30",OPEN,YES,-19.990000000000016
42597,KXHIGHCHI-26MAY12-B77.5,2026-05-12 22:40:57.192436+00:00,KMDW,2026-05-12,0,77.0,79.0,0,0.17068857831776774,0.07261969509246013,0.02913459076814073,0.0052736201153218785,71.98200341796877,8.582764901033839,"ECMWF:0.15,GFS:0.15,HRRR:0.40,NBM:0.30",OPEN,YES,-15.650000000000013
42596,KXHIGHCHI-26MAY12-B79.5,2026-05-12 22:40:56.649558+00:00,KMDW,2026-05-12,0,79.0,81.0,0,0.11805405665986587,0.06007268032854263,0.013936760293850822,0.0036087269218552723,71.98200341796877,8.582764901033839,"ECMWF:0.15,GFS:0.15,HRRR:0.40,NBM:0.30",OPEN,YES,-12.470000000000011
42595,KXHIGHCHI-26MAY12-B73.5,2026-05-12 22:40:56.357657+00:00,KMDW,2026-05-12,0,73.0,75.0,1,0.47270757595695156,0.09023623010492765,0.278037300453194,0.8276701170136942,71.98200341796877,8.582764901033839,"ECMWF:0.15,GFS:0.15,HRRR:0.40,NBM:0.30",OPEN,NO,-19.990000000000016
42594,KXHIGHCHI-26MAY12-B75.5,2026-05-12 22:40:55.822708+00:00,KMDW,2026-05-12,0,75.0,77.0,0,0.34688164361172136,0.08316789433795446,0.12032687467476927,0.006916898648609158,71.98200341796877,8.582764901033839,"ECMWF:0.15,GFS:0.15,HRRR:0.40,NBM:0.30",OPEN,YES,-18.310000000000016
42563,KXHIGHCHI-26MAY12-B77.5,2026-05-12 22:35:38.817452+00:00,KMDW,2026-05-12,0,77.0,79.0,0,0.17068857831776973,0.07261969509246013,0.029134590768141413,0.0052736201153218785,71.98200341796877,8.582764901033839,"ECMWF:0.15,GFS:0.15,HRRR:0.40,NBM:0.30",OPEN,YES,-15.650000000000013
42562,KXHIGHCHI-26MAY12-B79.5,2026-05-12 22:35:38.520001+00:00,KMDW,2026-05-12,0,79.0,81.0,0,0.11805405665986043,0.06007268032854263,0.013936760293849538,0.0036087269218552723,71.98200341796877,8.582764901033839,"ECMWF:0.15,GFS:0.15,HRRR:0.40,NBM:0.30",OPEN,YES,-12.470000000000011
42561,KXHIGHCHI-26MAY12-T73,2026-05-12 22:35:38.231982+00:00,KMDW,2026-05-12,0,,73.0,0,0.0694304417748067,0.5472075904871538,0.004820586245044824,0.29943614708675664,71.98200341796877,8.582764901033839,"ECMWF:0.15,GFS:0.15,HRRR:0.40,NBM:0.30",OPEN,YES,-19.990000000000016
42560,KXHIGHCHI-26MAY12-B73.5,2026-05-12 22:35:37.936050+00:00,KMDW,2026-05-12,0,73.0,75.0,1,0.4727075759569519,0.09023623010492765,0.27803730045319364,0.8276701170136942,71.98200341796877,8.582764901033839,"ECMWF:0.15,GFS:0.15,HRRR:0.40,NBM:0.30",OPEN,NO,-19.990000000000016
42559,KXHIGHCHI-26MAY12-B75.5,2026-05-12 22:35:37.586004+00:00,KMDW,2026-05-12,0,75.0,77.0,0,0.34688164361172125,0.08316789433795446,0.12032687467476919,0.006916898648609158,71.98200341796877,8.582764901033839,"ECMWF:0.15,GFS:0.15,HRRR:0.40,NBM:0.30",OPEN,YES,-18.310000000000016
42558,KXHIGHCHI-26MAY12-T80,2026-05-12 22:35:37.270449+00:00,KMDW,2026-05-12,0,81.0,,0,0.10726533126900625,0.1466959096489613,0.01150585129224965,0.021519689907736214,71.98200341796877,8.582764901033839,"ECMWF:0.15,GFS:0.15,HRRR:0.40,NBM:0.30",OPEN,YES,-19.990000000000016
42526,KXHIGHCHI-26MAY12-B73.5,2026-05-12 22:30:17.518978+00:00,KMDW,2026-05-12,0,73.0,75.0,1,0.47270757595695106,0.09023623010492765,0.2780373004531946,0.8276701170136942,71.98200341796877,8.582764901033839,"ECMWF:0.15,GFS:0.15,HRRR:0.40,NBM:0.30",OPEN,NO,-19.990000000000016
42525,KXHIGHCHI-26MAY12-B77.5,2026-05-12 22:30:17.198496+00:00,KMDW,2026-05-12,0,77.0,79.0,0,0.17068857831777096,0.07261969509246013,0.02913459076814183,0.0052736201153218785,71.98200341796877,8.582764901033839,"ECMWF:0.15,GFS:0.15,HRRR:0.40,NBM:0.30",OPEN,YES,-15.650000000000013
42524,KXHIGHCHI-26MAY12-B79.5,2026-05-12 22:30:16.860412+00:00,KMDW,2026-05-12,0,79.0,81.0,0,0.11805405665985888,0.06007268032854263,0.01393676029384917,0.0036087269218552723,71.98200341796877,8.582764901033839,"ECMWF:0.15,GFS:0.15,HRRR:0.40,NBM:0.30",OPEN,YES,-12.470000000000011
42523,KXHIGHCHI-26MAY12-B75.5,2026-05-12 22:30:16.564008+00:00,KMDW,2026-05-12,0,75.0,77.0,0,0.34688164361172125,0.08316789433795446,0.12032687467476919,0.006916898648609158,71.98200341796877,8.582764901033839,"ECMWF:0.15,GFS:0.15,HRRR:0.40,NBM:0.30",OPEN,YES,-18.310000000000016
42522,KXHIGHCHI-26MAY12-T73,2026-05-12 22:30:16.265490+00:00,KMDW,2026-05-12,0,,73.0,0,0.0694304417748067,0.5472075904871538,0.004820586245044824,0.29943614708675664,71.98200341796877,8.582764901033839,"ECMWF:0.15,GFS:0.15,HRRR:0.40,NBM:0.30",OPEN,YES,-19.990000000000016
42521,KXHIGHCHI-26MAY12-T80,2026-05-12 22:30:15.724871+00:00,KMDW,2026-05-12,0,81.0,,0,0.10726533126900736,0.1466959096489613,0.011505851292249888,0.021519689907736214,71.98200341796877,8.582764901033839,"ECMWF:0.15,GFS:0.15,HRRR:0.40,NBM:0.30",OPEN,YES,-19.990000000000016
42493,KXHIGHCHI-26MAY12-B73.5,2026-05-12 22:25:02.863879+00:00,KMDW,2026-05-12,0,73.0,75.0,1,0.47270757595694884,0.09023623010492765,0.2780373004531969,0.8276701170136942,71.98200341796877,8.582764901033839,"ECMWF:0.15,GFS:0.15,HRRR:0.40,NBM:0.30",OPEN,NO,-19.990000000000016
42492,KXHIGHCHI-26MAY12-B77.5,2026-05-12 22:25:02.319219+00:00,KMDW,2026-05-12,0,77.0,79.0,0,0.17068857831776785,0.07261969509246013,0.029134590768140768,0.0052736201153218785,71.98200341796877,8.582764901033839,"ECMWF:0.15,GFS:0.15,HRRR:0.40,NBM:0.30",OPEN,YES,-15.650000000000013
42491,KXHIGHCHI-26MAY12-T80,2026-05-12 22:25:02.013522+00:00,KMDW,2026-05-12,0,81.0,,0,0.10726533126900648,0.1466959096489613,0.011505851292249698,0.021519689907736214,71.98200341796877,8.582764901033839,"ECMWF:0.15,GFS:0.15,HRRR:0.40,NBM:0.30",OPEN,YES,-19.990000000000016
42490,KXHIGHCHI-26MAY12-B79.5,2026-05-12 22:25:01.673378+00:00,KMDW,2026-05-12,0,79.0,81.0,0,0.11805405665985944,0.06007268032854263,0.013936760293849302,0.0036087269218552723,71.98200341796877,8.582764901033839,"ECMWF:0.15,GFS:0.15,HRRR:0.40,NBM:0.30",OPEN,YES,-12.470000000000011
42489,KXHIGHCHI-26MAY12-T73,2026-05-12 22:25:01.366036+00:00,KMDW,2026-05-12,0,,73.0,0,0.0694304417748067,0.5472075904871538,0.004820586245044824,0.29943614708675664,71.98200341796877,8.582764901033839,"ECMWF:0.15,GFS:0.15,HRRR:0.40,NBM:0.30",OPEN,YES,-19.990000000000016
42488,KXHIGHCHI-26MAY12-B75.5,2026-05-12 22:25:01.050956+00:00,KMDW,2026-05-12,0,75.0,77.0,0,0.3468816436117269,0.08316789433795446,0.12032687467477311,0.006916898648609158,71.98200341796877,8.582764901033839,"ECMWF:0.15,GFS:0.15,HRRR:0.40,NBM:0.30",OPEN,YES,-18.310000000000016
42458,KXHIGHCHI-26MAY12-B73.5,2026-05-12 22:19:37.407453+00:00,KMDW,2026-05-12,0,73.0,75.0,1,0.472707575956951,0.09023623010492765,0.2780373004531946,0.8276701170136942,71.98200341796877,8.582764901033839,"ECMWF:0.15,GFS:0.15,HRRR:0.40,NBM:0.30",OPEN,NO,-19.990000000000016
42457,KXHIGHCHI-26MAY12-B77.5,2026-05-12 22:19:37.109304+00:00,KMDW,2026-05-12,0,77.0,79.0,0,0.1706885783177685,0.07261969509246013,0.029134590768140997,0.0052736201153218785,71.98200341796877,8.582764901033839,"ECMWF:0.15,GFS:0.15,HRRR:0.40,NBM:0.30",OPEN,YES,-15.650000000000013
42456,KXHIGHCHI-26MAY12-T80,2026-05-12 22:19:36.816282+00:00,KMDW,2026-05-12,0,81.0,,0,0.10726533126900636,0.1466959096489613,0.011505851292249675,0.021519689907736214,71.98200341796877,8.582764901033839,"ECMWF:0.15,GFS:0.15,HRRR:0.40,NBM:0.30",OPEN,YES,-19.990000000000016
42455,KXHIGHCHI-26MAY12-B79.5,2026-05-12 22:19:36.516226+00:00,KMDW,2026-05-12,0,79.0,81.0,0,0.11805405665985833,0.06007268032854263,0.01393676029384904,0.0036087269218552723,71.98200341796877,8.582764901033839,"ECMWF:0.15,GFS:0.15,HRRR:0.40,NBM:0.30",OPEN,YES,-12.470000000000011
42454,KXHIGHCHI-26MAY12-T73,2026-05-12 22:19:36.208230+00:00,KMDW,2026-05-12,0,,73.0,0,0.0694304417748067,0.5472075904871538,0.004820586245044824,0.29943614708675664,71.98200341796877,8.582764901033839,"ECMWF:0.15,GFS:0.15,HRRR:0.40,NBM:0.30",OPEN,YES,-19.990000000000016
42453,KXHIGHCHI-26MAY12-B75.5,2026-05-12 22:19:35.921506+00:00,KMDW,2026-05-12,0,75.0,77.0,0,0.34688164361172535,0.08316789433795446,0.12032687467477204,0.006916898648609158,71.98200341796877,8.582764901033839,"ECMWF:0.15,GFS:0.15,HRRR:0.40,NBM:0.30",OPEN,YES,-18.310000000000016
42421,KXHIGHCHI-26MAY12-B77.5,2026-05-12 22:14:15.480044+00:00,KMDW,2026-05-12,0,77.0,79.0,0,0.17068857831776996,0.07261969509246013,0.02913459076814149,0.0052736201153218785,71.98200341796877,8.582764901033839,"ECMWF:0.15,GFS:0.15,HRRR:0.40,NBM:0.30",OPEN,YES,-15.650000000000013
42420,KXHIGHCHI-26MAY12-B73.5,2026-05-12 22:14:15.144671+00:00,KMDW,2026-05-12,0,73.0,75.0,1,0.4727075759569491,0.09023623010492765,0.2780373004531966,0.8276701170136942,71.98200341796877,8.582764901033839,"ECMWF:0.15,GFS:0.15,HRRR:0.40,NBM:0.30",OPEN,NO,-19.990000000000016
42419,KXHIGHCHI-26MAY12-T73,2026-05-12 22:14:14.843051+00:00,KMDW,2026-05-12,0,,73.0,0,0.0694304417748067,0.5472075904871538,0.004820586245044824,0.29943614708675664,71.98200341796877,8.582764901033839,"ECMWF:0.15,GFS:0.15,HRRR:0.40,NBM:0.30",OPEN,YES,-19.990000000000016
42418,KXHIGHCHI-26MAY12-B75.5,2026-05-12 22:14:14.551140+00:00,KMDW,2026-05-12,0,75.0,77.0,0,0.34688164361172613,0.08316789433795446,0.12032687467477259,0.006916898648609158,71.98200341796877,8.582764901033839,"ECMWF:0.15,GFS:0.15,HRRR:0.40,NBM:0.30",OPEN,YES,-18.310000000000016
42417,KXHIGHCHI-26MAY12-B79.5,2026-05-12 22:14:14.012025+00:00,KMDW,2026-05-12,0,79.0,81.0,0,0.1180540566598581,0.06007268032854263,0.013936760293848988,0.0036087269218552723,71.98200341796877,8.582764901033839,"ECMWF:0.15,GFS:0.15,HRRR:0.40,NBM:0.30",OPEN,YES,-12.470000000000011
42416,KXHIGHCHI-26MAY12-T80,2026-05-12 22:14:13.723321+00:00,KMDW,2026-05-12,0,81.0,,0,0.10726533126900625,0.1466959096489613,0.01150585129224965,0.021519689907736214,71.98200341796877,8.582764901033839,"ECMWF:0.15,GFS:0.15,HRRR:0.40,NBM:0.30",OPEN,YES,-19.990000000000016
42383,KXHIGHCHI-26MAY12-T80,2026-05-12 22:09:00.471275+00:00,KMDW,2026-05-12,0,81.0,,0,0.10726533126900503,0.1466959096489613,0.011505851292249389,0.021519689907736214,71.98200341796877,8.582764901033839,"ECMWF:0.15,GFS:0.15,HRRR:0.40,NBM:0.30",OPEN,YES,-19.990000000000016
42382,KXHIGHCHI-26MAY12-B77.5,2026-05-12 22:08:59.927636+00:00,KMDW,2026-05-12,0,77.0,79.0,0,0.1706885783177674,0.07261969509246013,0.029134590768140615,0.0052736201153218785,71.98200341796877,8.582764901033839,"ECMWF:0.15,GFS:0.15,HRRR:0.40,NBM:0.30",OPEN,YES,-15.650000000000013
42381,KXHIGHCHI-26MAY12-B79.5,2026-05-12 22:08:59.610094+00:00,KMDW,2026-05-12,0,79.0,81.0,0,0.11805405665986266,0.06007268032854263,0.013936760293850062,0.0036087269218552723,71.98200341796877,8.582764901033839,"ECMWF:0.15,GFS:0.15,HRRR:0.40,NBM:0.30",OPEN,YES,-12.470000000000011
42380,KXHIGHCHI-26MAY12-B73.5,2026-05-12 22:08:59.326914+00:00,KMDW,2026-05-12,0,73.0,75.0,1,0.47270757595695023,0.09023623010492765,0.2780373004531954,0.8276701170136942,71.98200341796877,8.582764901033839,"ECMWF:0.15,GFS:0.15,HRRR:0.40,NBM:0.30",OPEN,NO,-19.990000000000016
42379,KXHIGHCHI-26MAY12-B75.5,2026-05-12 22:08:59.010716+00:00,KMDW,2026-05-12,0,75.0,77.0,0,0.34688164361172424,0.08316789433795446,0.12032687467477127,0.006916898648609158,71.98200341796877,8.582764901033839,"ECMWF:0.15,GFS:0.15,HRRR:0.40,NBM:0.30",OPEN,YES,-18.310000000000016
42378,KXHIGHCHI-26MAY12-T73,2026-05-12 22:08:58.716593+00:00,KMDW,2026-05-12,0,,73.0,0,0.0694304417748067,0.5472075904871538,0.004820586245044824,0.29943614708675664,71.98200341796877,8.582764901033839,"ECMWF:0.15,GFS:0.15,HRRR:0.40,NBM:0.30",OPEN,YES,-19.990000000000016
42346,KXHIGHCHI-26MAY12-B79.5,2026-05-12 22:03:45.665299+00:00,KMDW,2026-05-12,0,79.0,81.0,0,0.1180540566598571,0.06007268032854263,0.013936760293848752,0.0036087269218552723,71.98200341796877,8.582764901033839,"ECMWF:0.15,GFS:0.15,HRRR:0.40,NBM:0.30",OPEN,YES,-12.470000000000011
42345,KXHIGHCHI-26MAY12-B75.5,2026-05-12 22:03:45.369305+00:00,KMDW,2026-05-12,0,75.0,77.0,0,0.3468816436117229,0.08316789433795446,0.12032687467477035,0.006916898648609158,71.98200341796877,8.582764901033839,"ECMWF:0.15,GFS:0.15,HRRR:0.40,NBM:0.30",OPEN,YES,-18.310000000000016
42344,KXHIGHCHI-26MAY12-B73.5,2026-05-12 22:03:44.817164+00:00,KMDW,2026-05-12,0,73.0,75.0,1,0.4727075759569487,0.09023623010492765,0.278037300453197,0.8276701170136942,71.98200341796877,8.582764901033839,"ECMWF:0.15,GFS:0.15,HRRR:0.40,NBM:0.30",OPEN,NO,-19.990000000000016
42343,KXHIGHCHI-26MAY12-T73,2026-05-12 22:03:44.523085+00:00,KMDW,2026-05-12,0,,73.0,0,0.0694304417748067,0.5472075904871538,0.004820586245044824,0.29943614708675664,71.98200341796877,8.582764901033839,"ECMWF:0.15,GFS:0.15,HRRR:0.40,NBM:0.30",OPEN,YES,-19.990000000000016
42342,KXHIGHCHI-26MAY12-B77.5,2026-05-12 22:03:44.229842+00:00,KMDW,2026-05-12,0,77.0,79.0,0,0.17068857831777362,0.07261969509246013,0.02913459076814274,0.0052736201153218785,71.98200341796877,8.582764901033839,"ECMWF:0.15,GFS:0.15,HRRR:0.40,NBM:0.30",OPEN,YES,-15.650000000000013
42341,KXHIGHCHI-26MAY12-T80,2026-05-12 22:03:43.697212+00:00,KMDW,2026-05-12,0,81.0,,0,0.10726533126900725,0.1466959096489613,0.011505851292249864,0.021519689907736214,71.98200341796877,8.582764901033839,"ECMWF:0.15,GFS:0.15,HRRR:0.40,NBM:0.30",OPEN,YES,-19.990000000000016
42313,KXHIGHCHI-26MAY12-B79.5,2026-05-12 21:58:19.943093+00:00,KMDW,2026-05-12,0,79.0,81.0,0,0.09173195772469764,0.07624094476791365,0.008414752068005715,0.0058126816591040605,73.65249658203129,6.300284993225808,"ECMWF:0.15,GFS:0.15,HRRR:0.40,NBM:0.30",OPEN,YES,-16.560000000000016
42312,KXHIGHCHI-26MAY12-B75.5,2026-05-12 21:58:19.406908+00:00,KMDW,2026-05-12,0,75.0,77.0,0,0.4536346134469005,0.11772386866456142,0.20578436251711882,0.013858909253350905,73.65249658203129,6.300284993225808,"ECMWF:0.15,GFS:0.15,HRRR:0.40,NBM:0.30",OPEN,YES,-19.990000000000016
42311,KXHIGHCHI-26MAY12-B73.5,2026-05-12 21:58:19.093258+00:00,KMDW,2026-05-12,0,73.0,75.0,1,0.3387035532121869,0.125922780857517,0.4373129905341869,0.7640109850238563,73.65249658203129,6.300284993225808,"ECMWF:0.15,GFS:0.15,HRRR:0.40,NBM:0.30",OPEN,NO,-19.990000000000016
42310,KXHIGHCHI-26MAY12-T73,2026-05-12 21:58:18.785836+00:00,KMDW,2026-05-12,0,,73.0,0,0.0694304417748067,0.45875680553478976,0.004820586245044824,0.2104578066244849,73.65249658203129,6.300284993225808,"ECMWF:0.15,GFS:0.15,HRRR:0.40,NBM:0.30",OPEN,YES,-19.990000000000016
42309,KXHIGHCHI-26MAY12-B77.5,2026-05-12 21:58:18.490979+00:00,KMDW,2026-05-12,0,77.0,79.0,0,0.26203732799312074,0.09959236653808856,0.06866356126177434,0.009918639472656983,73.65249658203129,6.300284993225808,"ECMWF:0.15,GFS:0.15,HRRR:0.40,NBM:0.30",OPEN,YES,-19.990000000000016
42308,KXHIGHCHI-26MAY12-T80,2026-05-12 21:58:17.940451+00:00,KMDW,2026-05-12,0,81.0,,0,0.08578738767430014,0.1217632336371296,0.007359475883980663,0.014826285065770209,73.65249658203129,6.300284993225808,"ECMWF:0.15,GFS:0.15,HRRR:0.40,NBM:0.30",OPEN,YES,-19.990000000000016
42278,KXHIGHCHI-26MAY12-B79.5,2026-05-12 21:53:03.298887+00:00,KMDW,2026-05-12,0,79.0,81.0,0,0.09171844998164055,0.07624094476791365,0.0084122740670347,0.0058126816591040605,73.65249658203129,6.300284993225808,"ECMWF:0.15,GFS:0.15,HRRR:0.40,NBM:0.30",OPEN,YES,-16.560000000000016
42277,KXHIGHCHI-26MAY12-B75.5,2026-05-12 21:53:02.897441+00:00,KMDW,2026-05-12,0,75.0,77.0,0,0.45367012189387884,0.11772386866456142,0.2058165794992069,0.013858909253350905,73.65249658203129,6.300284993225808,"ECMWF:0.15,GFS:0.15,HRRR:0.40,NBM:0.30",OPEN,YES,-19.990000000000016
42276,KXHIGHCHI-26MAY12-B73.5,2026-05-12 21:53:02.358727+00:00,KMDW,2026-05-12,0,73.0,75.0,1,0.3388341034225506,0.125922780857517,0.4371403427970625,0.7640109850238563,73.65249658203129,6.300284993225808,"ECMWF:0.15,GFS:0.15,HRRR:0.40,NBM:0.30",OPEN,NO,-19.990000000000016
42275,KXHIGHCHI-26MAY12-T73,2026-05-12 21:53:01.817664+00:00,KMDW,2026-05-12,0,,73.0,0,0.0694304417748067,0.45875680553478976,0.004820586245044824,0.2104578066244849,73.65249658203129,6.300284993225808,"ECMWF:0.15,GFS:0.15,HRRR:0.40,NBM:0.30",OPEN,YES,-19.990000000000016
42274,KXHIGHCHI-26MAY12-B77.5,2026-05-12 21:53:01.241513+00:00,KMDW,2026-05-12,0,77.0,79.0,0,0.2618957989408911,0.09959236653808856,0.06858940950288765,0.009918639472656983,73.65249658203129,6.300284993225808,"ECMWF:0.15,GFS:0.15,HRRR:0.40,NBM:0.30",OPEN,YES,-19.990000000000016
42273,KXHIGHCHI-26MAY12-T80,2026-05-12 21:53:00.911321+00:00,KMDW,2026-05-12,0,81.0,,0,0.08577636581224476,0.1217632336371296,0.007357584931956033,0.014826285065770209,73.65249658203129,6.300284993225808,"ECMWF:0.15,GFS:0.15,HRRR:0.40,NBM:0.30",OPEN,YES,-19.990000000000016
42241,KXHIGHCHI-26MAY12-T73,2026-05-12 21:47:41.591854+00:00,KMDW,2026-05-12,0,,73.0,0,0.0694304417748067,0.45875680553478976,0.004820586245044824,0.2104578066244849,73.65249658203129,6.300284993225808,"ECMWF:0.15,GFS:0.15,HRRR:0.40,NBM:0.30",OPEN,YES,-19.990000000000016
42240,KXHIGHCHI-26MAY12-B79.5,2026-05-12 21:47:41.296627+00:00,KMDW,2026-05-12,0,79.0,81.0,0,0.09170476897031207,0.07624094476791365,0.008409764651898312,0.0058126816591040605,73.65249658203129,6.300284993225808,"ECMWF:0.15,GFS:0.15,HRRR:0.40,NBM:0.30",OPEN,YES,-16.560000000000016
42239,KXHIGHCHI-26MAY12-B75.5,2026-05-12 21:47:40.978297+00:00,KMDW,2026-05-12,0,75.0,77.0,0,0.4537061217278446,0.11772386866456142,0.20584924489332174,0.013858909253350905,73.65249658203129,6.300284993225808,"ECMWF:0.15,GFS:0.15,HRRR:0.40,NBM:0.30",OPEN,YES,-19.990000000000016
42238,KXHIGHCHI-26MAY12-B77.5,2026-05-12 21:47:40.699050+00:00,KMDW,2026-05-12,0,77.0,79.0,0,0.26175228651962135,0.09959236653808856,0.06851425949824995,0.009918639472656983,73.65249658203129,6.300284993225808,"ECMWF:0.15,GFS:0.15,HRRR:0.40,NBM:0.30",OPEN,YES,-19.990000000000016
42237,KXHIGHCHI-26MAY12-B73.5,2026-05-12 21:47:40.390719+00:00,KMDW,2026-05-12,0,73.0,75.0,1,0.33896646026429533,0.125922780857517,0.43696534065551546,0.7640109850238563,73.65249658203129,6.300284993225808,"ECMWF:0.15,GFS:0.15,HRRR:0.40,NBM:0.30",OPEN,NO,-19.990000000000016
42236,KXHIGHCHI-26MAY12-T80,2026-05-12 21:47:40.047494+00:00,KMDW,2026-05-12,0,81.0,,0,0.08576520256913253,0.1217632336371296,0.007355669971724338,0.014826285065770209,73.65249658203129,6.300284993225808,"ECMWF:0.15,GFS:0.15,HRRR:0.40,NBM:0.30",OPEN,YES,-19.990000000000016
42203,KXHIGHCHI-26MAY12-B73.5,2026-05-12 21:42:24.352911+00:00,KMDW,2026-05-12,0,73.0,75.0,1,0.3390971753980492,0.125922780857517,0.436792543566837,0.7640109850238563,73.65249658203129,6.300284993225808,"ECMWF:0.15,GFS:0.15,HRRR:0.40,NBM:0.30",OPEN,NO,-19.990000000000016
42202,KXHIGHCHI-26MAY12-T80,2026-05-12 21:42:24.023948+00:00,KMDW,2026-05-12,0,81.0,,0,0.08575418879105132,0.1217632336371296,0.007353780895211271,0.014826285065770209,73.65249658203129,6.300284993225808,"ECMWF:0.15,GFS:0.15,HRRR:0.40,NBM:0.30",OPEN,YES,-19.990000000000016
42201,KXHIGHCHI-26MAY12-T73,2026-05-12 21:42:23.711809+00:00,KMDW,2026-05-12,0,,73.0,0,0.0694304417748067,0.45875680553478976,0.004820586245044824,0.2104578066244849,73.65249658203129,6.300284993225808,"ECMWF:0.15,GFS:0.15,HRRR:0.40,NBM:0.30",OPEN,YES,-19.990000000000016
42200,KXHIGHCHI-26MAY12-B75.5,2026-05-12 21:42:23.228760+00:00,KMDW,2026-05-12,0,75.0,77.0,0,0.45374167503245605,0.11772386866456142,0.20588150766125896,0.013858909253350905,73.65249658203129,6.300284993225808,"ECMWF:0.15,GFS:0.15,HRRR:0.40,NBM:0.30",OPEN,YES,-19.990000000000016
42199,KXHIGHCHI-26MAY12-B79.5,2026-05-12 21:42:22.894712+00:00,KMDW,2026-05-12,0,79.0,81.0,0,0.0916912711344958,0.07624094476791365,0.008407289202259622,0.0058126816591040605,73.65249658203129,6.300284993225808,"ECMWF:0.15,GFS:0.15,HRRR:0.40,NBM:0.30",OPEN,YES,-16.560000000000016
42198,KXHIGHCHI-26MAY12-B77.5,2026-05-12 21:42:22.600735+00:00,KMDW,2026-05-12,0,77.0,79.0,0,0.2616105296951535,0.09959236653808856,0.0684400692473788,0.009918639472656983,73.65249658203129,6.300284993225808,"ECMWF:0.15,GFS:0.15,HRRR:0.40,NBM:0.30",OPEN,YES,-19.990000000000016
42167,KXHIGHCHI-26MAY12-B73.5,2026-05-12 21:37:09.661227+00:00,KMDW,2026-05-12,0,73.0,75.0,1,0.3392272294075408,0.125922780857517,0.4366206543564347,0.7640109850238563,73.65249658203129,6.300284993225808,"ECMWF:0.15,GFS:0.15,HRRR:0.40,NBM:0.30",OPEN,NO,-19.990000000000016
42166,KXHIGHCHI-26MAY12-B79.5,2026-05-12 21:37:09.353028+00:00,KMDW,2026-05-12,0,79.0,81.0,0,0.09167785484517085,0.07624094476791365,0.008404829069012217,0.0058126816591040605,73.65249658203129,6.300284993225808,"ECMWF:0.15,GFS:0.15,HRRR:0.40,NBM:0.30",OPEN,YES,-16.560000000000016
42165,KXHIGHCHI-26MAY12-T73,2026-05-12 21:37:09.052692+00:00,KMDW,2026-05-12,0,,73.0,0,0.0694304417748067,0.45875680553478976,0.004820586245044824,0.2104578066244849,73.65249658203129,6.300284993225808,"ECMWF:0.15,GFS:0.15,HRRR:0.40,NBM:0.30",OPEN,YES,-19.990000000000016
42164,KXHIGHCHI-26MAY12-B75.5,2026-05-12 21:37:08.530926+00:00,KMDW,2026-05-12,0,75.0,77.0,0,0.4537770485173971,0.11772386866456142,0.20591360976116016,0.013858909253350905,73.65249658203129,6.300284993225808,"ECMWF:0.15,GFS:0.15,HRRR:0.40,NBM:0.30",OPEN,YES,-19.990000000000016
42163,KXHIGHCHI-26MAY12-B77.5,2026-05-12 21:37:08.207105+00:00,KMDW,2026-05-12,0,77.0,79.0,0,0.26146946572894525,0.09959236653808856,0.06836628150858007,0.009918639472656983,73.65249658203129,6.300284993225808,"ECMWF:0.15,GFS:0.15,HRRR:0.40,NBM:0.30",OPEN,YES,-19.990000000000016
42162,KXHIGHCHI-26MAY12-T80,2026-05-12 21:37:07.881115+00:00,KMDW,2026-05-12,0,81.0,,0,0.08574324155215193,0.1217632336371296,0.0073519034718706735,0.014826285065770209,73.65249658203129,6.300284993225808,"ECMWF:0.15,GFS:0.15,HRRR:0.40,NBM:0.30",OPEN,YES,-19.990000000000016
42130,KXHIGHCHI-26MAY12-B73.5,2026-05-12 21:31:52.322732+00:00,KMDW,2026-05-12,0,73.0,75.0,1,0.33935795757403553,0.125922780857517,0.43644790822074986,0.7640109850238563,73.65249658203129,6.300284993225808,"ECMWF:0.15,GFS:0.15,HRRR:0.40,NBM:0.30",OPEN,NO,-19.990000000000016
42129,KXHIGHCHI-26MAY12-T73,2026-05-12 21:31:52.012049+00:00,KMDW,2026-05-12,0,,73.0,0,0.0694304417748067,0.45875680553478976,0.004820586245044824,0.2104578066244849,73.65249658203129,6.300284993225808,"ECMWF:0.15,GFS:0.15,HRRR:0.40,NBM:0.30",OPEN,YES,-19.990000000000016
42128,KXHIGHCHI-26MAY12-B79.5,2026-05-12 21:31:51.709116+00:00,KMDW,2026-05-12,0,79.0,81.0,0,0.09166438233997073,0.07624094476791365,0.008402358989768339,0.0058126816591040605,73.65249658203129,6.300284993225808,"ECMWF:0.15,GFS:0.15,HRRR:0.40,NBM:0.30",OPEN,YES,-16.560000000000016
42127,KXHIGHCHI-26MAY12-B75.5,2026-05-12 21:31:51.423710+00:00,KMDW,2026-05-12,0,75.0,77.0,0,0.4538126053667933,0.11772386866456142,0.20594588078979686,0.013858909253350905,73.65249658203129,6.300284993225808,"ECMWF:0.15,GFS:0.15,HRRR:0.40,NBM:0.30",OPEN,YES,-19.990000000000016
42126,KXHIGHCHI-26MAY12-B77.5,2026-05-12 21:31:51.113265+00:00,KMDW,2026-05-12,0,77.0,79.0,0,0.2613276463274087,0.09959236653808856,0.0682921387350232,0.009918639472656983,73.65249658203129,6.300284993225808,"ECMWF:0.15,GFS:0.15,HRRR:0.40,NBM:0.30",OPEN,YES,-19.990000000000016
42125,KXHIGHCHI-26MAY12-T80,2026-05-12 21:31:50.823147+00:00,KMDW,2026-05-12,0,81.0,,0,0.08573224844299762,0.1217632336371296,0.007350018423091868,0.014826285065770209,73.65249658203129,6.300284993225808,"ECMWF:0.15,GFS:0.15,HRRR:0.40,NBM:0.30",OPEN,YES,-19.990000000000016
42097,KXHIGHCHI-26MAY12-B73.5,2026-05-12 21:26:39.843588+00:00,KMDW,2026-05-12,0,73.0,75.0,1,0.3394878789286401,0.125922780857517,0.43627626208218684,0.7640109850238563,73.65249658203129,6.300284993225808,"ECMWF:0.15,GFS:0.15,HRRR:0.40,NBM:0.30",OPEN,NO,-19.990000000000016
42096,KXHIGHCHI-26MAY12-B75.5,2026-05-12 21:26:39.317174+00:00,KMDW,2026-05-12,0,75.0,77.0,0,0.4538479427708348,0.11772386866456142,0.20597795515731893,0.013858909253350905,73.65249658203129,6.300284993225808,"ECMWF:0.15,GFS:0.15,HRRR:0.40,NBM:0.30",OPEN,YES,-19.990000000000016
42095,KXHIGHCHI-26MAY12-B79.5,2026-05-12 21:26:39.019655+00:00,KMDW,2026-05-12,0,79.0,81.0,0,0.09165100620602581,0.07624094476791365,0.008399906938576982,0.0058126816591040605,73.65249658203129,6.300284993225808,"ECMWF:0.15,GFS:0.15,HRRR:0.40,NBM:0.30",OPEN,YES,-16.560000000000016
42094,KXHIGHCHI-26MAY12-T73,2026-05-12 21:26:38.463597+00:00,KMDW,2026-05-12,0,,73.0,0,0.0694304417748067,0.45875680553478976,0.004820586245044824,0.2104578066244849,73.65249658203129,6.300284993225808,"ECMWF:0.15,GFS:0.15,HRRR:0.40,NBM:0.30",OPEN,YES,-19.990000000000016
42093,KXHIGHCHI-26MAY12-T80,2026-05-12 21:26:37.931939+00:00,KMDW,2026-05-12,0,81.0,,0,0.08572133396953216,0.1217632336371296,0.007348147097516068,0.014826285065770209,73.65249658203129,6.300284993225808,"ECMWF:0.15,GFS:0.15,HRRR:0.40,NBM:0.30",OPEN,YES,-19.990000000000016
42092,KXHIGHCHI-26MAY12-B77.5,2026-05-12 21:26:37.630474+00:00,KMDW,2026-05-12,0,77.0,79.0,0,0.261186678176173,0.09959236653808856,0.06821848085670378,0.009918639472656983,73.65249658203129,6.300284993225808,"ECMWF:0.15,GFS:0.15,HRRR:0.40,NBM:0.30",OPEN,YES,-19.990000000000016
42062,KXHIGHCHI-26MAY12-B77.5,2026-05-12 21:21:21.662001+00:00,KMDW,2026-05-12,0,77.0,79.0,0,0.2610440888074772,0.09959236653808856,0.06814401630132605,0.009918639472656983,73.65249658203129,6.300284993225808,"ECMWF:0.15,GFS:0.15,HRRR:0.40,NBM:0.30",OPEN,YES,-19.990000000000016
42061,KXHIGHCHI-26MAY12-T80,2026-05-12 21:21:21.362781+00:00,KMDW,2026-05-12,0,81.0,,0,0.08571030678114441,0.1217632336371296,0.00734625668851789,0.014826285065770209,73.65249658203129,6.300284993225808,"ECMWF:0.15,GFS:0.15,HRRR:0.40,NBM:0.30",OPEN,YES,-19.990000000000016
42060,KXHIGHCHI-26MAY12-T73,2026-05-12 21:21:21.087860+00:00,KMDW,2026-05-12,0,,73.0,0,0.0694304417748067,0.45875680553478976,0.004820586245044824,0.2104578066244849,73.65249658203129,6.300284993225808,"ECMWF:0.15,GFS:0.15,HRRR:0.40,NBM:0.30",OPEN,YES,-19.990000000000016
42059,KXHIGHCHI-26MAY12-B79.5,2026-05-12 21:21:20.790280+00:00,KMDW,2026-05-12,0,79.0,81.0,0,0.09163749193533041,0.07624094476791365,0.008397429928197746,0.0058126816591040605,73.65249658203129,6.300284993225808,"ECMWF:0.15,GFS:0.15,HRRR:0.40,NBM:0.30",OPEN,YES,-16.560000000000016
42058,KXHIGHCHI-26MAY12-B75.5,2026-05-12 21:21:20.470275+00:00,KMDW,2026-05-12,0,75.0,77.0,0,0.45388368048082,0.11772386866456142,0.2060103954068151,0.013858909253350905,73.65249658203129,6.300284993225808,"ECMWF:0.15,GFS:0.15,HRRR:0.40,NBM:0.30",OPEN,YES,-19.560000000000013
42057,KXHIGHCHI-26MAY12-B73.5,2026-05-12 21:21:20.181576+00:00,KMDW,2026-05-12,0,73.0,75.0,1,0.33961927204643383,0.125922780857517,0.43610270585248195,0.7640109850238563,73.65249658203129,6.300284993225808,"ECMWF:0.15,GFS:0.15,HRRR:0.40,NBM:0.30",SKIP,NO,
42026,KXHIGHCHI-26MAY12-B75.5,2026-05-12 21:16:08.390588+00:00,KMDW,2026-05-12,0,75.0,77.0,0,0.45391893222002233,0.11772386866456142,0.20604239702776522,0.013858909253350905,73.65249658203129,6.300284993225808,"ECMWF:0.15,GFS:0.15,HRRR:0.40,NBM:0.30",OPEN,YES,-19.560000000000013
42025,KXHIGHCHI-26MAY12-B73.5,2026-05-12 21:16:07.843204+00:00,KMDW,2026-05-12,0,73.0,75.0,1,0.3397488784460425,0.125922780857517,0.43593154351325875,0.7640109850238563,73.65249658203129,6.300284993225808,"ECMWF:0.15,GFS:0.15,HRRR:0.40,NBM:0.30",SKIP,NO,
42024,KXHIGHCHI-26MAY12-B77.5,2026-05-12 21:16:07.473154+00:00,KMDW,2026-05-12,0,77.0,79.0,0,0.2609034144826171,0.09959236653808856,0.0680705916886883,0.009918639472656983,73.65249658203129,6.300284993225808,"ECMWF:0.15,GFS:0.15,HRRR:0.40,NBM:0.30",OPEN,YES,-19.990000000000016
42023,KXHIGHCHI-26MAY12-T80,2026-05-12 21:16:07.182292+00:00,KMDW,2026-05-12,0,81.0,,0,0.0856994402930735,0.1217632336371296,0.00734439406654607,0.014826285065770209,73.65249658203129,6.300284993225808,"ECMWF:0.15,GFS:0.15,HRRR:0.40,NBM:0.30",OPEN,YES,-19.990000000000016
42022,KXHIGHCHI-26MAY12-T73,2026-05-12 21:16:06.876872+00:00,KMDW,2026-05-12,0,,73.0,0,0.0694304417748067,0.45875680553478976,0.004820586245044824,0.2104578066244849,73.65249658203129,6.300284993225808,"ECMWF:0.15,GFS:0.15,HRRR:0.40,NBM:0.30",OPEN,YES,-19.990000000000016
42021,KXHIGHCHI-26MAY12-B79.5,2026-05-12 21:16:06.588877+00:00,KMDW,2026-05-12,0,79.0,81.0,0,0.09162417460945046,0.07624094476791365,0.008394989372863067,0.0058126816591040605,73.65249658203129,6.300284993225808,"ECMWF:0.15,GFS:0.15,HRRR:0.40,NBM:0.30",OPEN,YES,-16.560000000000016
41989,KXHIGHCHI-26MAY12-B75.5,2026-05-12 21:10:48.778046+00:00,KMDW,2026-05-12,0,75.0,77.0,0,0.4539547969527027,0.11772386866456142,0.20607495767636952,0.013858909253350905,73.65249658203129,6.300284993225808,"ECMWF:0.15,GFS:0.15,HRRR:0.40,NBM:0.30",OPEN,YES,-11.639999999999993
41988,KXHIGHCHI-26MAY12-B73.5,2026-05-12 21:10:48.480016+00:00,KMDW,2026-05-12,0,73.0,75.0,1,0.33988073857495504,0.125922780857517,0.43575743930434685,0.7640109850238563,73.65249658203129,6.300284993225808,"ECMWF:0.15,GFS:0.15,HRRR:0.40,NBM:0.30",SKIP,NO,
41987,KXHIGHCHI-26MAY12-T80,2026-05-12 21:10:48.153603+00:00,KMDW,2026-05-12,0,81.0,,0,0.08568839578906925,0.1217632336371296,0.007342501172904182,0.014826285065770209,73.65249658203129,6.300284993225808,"ECMWF:0.15,GFS:0.15,HRRR:0.40,NBM:0.30",OPEN,YES,-19.990000000000016
41986,KXHIGHCHI-26MAY12-B77.5,2026-05-12 21:10:47.830095+00:00,KMDW,2026-05-12,0,77.0,79.0,0,0.26076026961672005,0.09959236653808856,0.06799591821058454,0.009918639472656983,73.65249658203129,6.300284993225808,"ECMWF:0.15,GFS:0.15,HRRR:0.40,NBM:0.30",OPEN,YES,-19.990000000000016
41985,KXHIGHCHI-26MAY12-T73,2026-05-12 21:10:47.503293+00:00,KMDW,2026-05-12,0,,73.0,0,0.0694304417748067,0.45875680553478976,0.004820586245044824,0.2104578066244849,73.65249658203129,6.300284993225808,"ECMWF:0.15,GFS:0.15,HRRR:0.40,NBM:0.30",OPEN,YES,-19.990000000000016
41984,KXHIGHCHI-26MAY12-B79.5,2026-05-12 21:10:46.966990+00:00,KMDW,2026-05-12,0,79.0,81.0,0,0.09161063911775888,0.07624094476791365,0.008392509199564253,0.0058126816591040605,73.65249658203129,6.300284993225808,"ECMWF:0.15,GFS:0.15,HRRR:0.40,NBM:0.30",OPEN,YES,-16.560000000000016
41951,KXHIGHCHI-26MAY12-B73.5,2026-05-12 21:05:18.407972+00:00,KMDW,2026-05-12,0,73.0,75.0,1,0.3400175354041176,0.125922780857517,0.4355768535740552,0.7640109850238563,73.65249658203129,6.300284993225808,"ECMWF:0.15,GFS:0.15,HRRR:0.40,NBM:0.30",SKIP,NO,
41950,KXHIGHCHI-26MAY12-B75.5,2026-05-12 21:05:18.079516+00:00,KMDW,2026-05-12,0,75.0,77.0,0,0.4539920044220859,0.11772386866456142,0.20610874007918328,0.013858909253350905,73.65249658203129,6.300284993225808,"ECMWF:0.15,GFS:0.15,HRRR:0.40,NBM:0.30",OPEN,YES,-8.859999999999996
41949,KXHIGHCHI-26MAY12-B77.5,2026-05-12 21:05:17.804680+00:00,KMDW,2026-05-12,0,77.0,79.0,0,0.2606117396393054,0.09959236653808856,0.0679184788378251,0.009918639472656983,73.65249658203129,6.300284993225808,"ECMWF:0.15,GFS:0.15,HRRR:0.40,NBM:0.30",OPEN,YES,-19.970000000000017
41948,KXHIGHCHI-26MAY12-B79.5,2026-05-12 21:05:17.263519+00:00,KMDW,2026-05-12,0,79.0,81.0,0,0.09159661114695303,0.07624094476791365,0.00838993917360612,0.0058126816591040605,73.65249658203129,6.300284993225808,"ECMWF:0.15,GFS:0.15,HRRR:0.40,NBM:0.30",OPEN,YES,-16.560000000000016
41947,KXHIGHCHI-26MAY12-T73,2026-05-12 21:05:16.726359+00:00,KMDW,2026-05-12,0,,73.0,0,0.0694304417748067,0.45875680553478976,0.004820586245044824,0.2104578066244849,73.65249658203129,6.300284993225808,"ECMWF:0.15,GFS:0.15,HRRR:0.40,NBM:0.30",OPEN,YES,-19.990000000000016
41946,KXHIGHCHI-26MAY12-T80,2026-05-12 21:05:16.427150+00:00,KMDW,2026-05-12,0,81.0,,0,0.0856769494387439,0.1217632336371296,0.0073405396651290795,0.014826285065770209,73.65249658203129,6.300284993225808,"ECMWF:0.15,GFS:0.15,HRRR:0.40,NBM:0.30",OPEN,YES,-19.990000000000016
41914,KXHIGHCHI-26MAY12-B77.5,2026-05-12 20:59:47.294733+00:00,KMDW,2026-05-12,0,77.0,79.0,0,0.22594655608535213,0.24622691431410582,0.051051846206831175,0.060627693332646004,76.71908837890628,2.8910735795557034,"ECMWF:0.15,GFS:0.15,HRRR:0.40,NBM:0.30",OPEN,YES,-19.990000000000016
41913,KXHIGHCHI-26MAY12-B73.5,2026-05-12 20:59:46.977598+00:00,KMDW,2026-05-12,0,73.0,75.0,1,0.23492553239760472,0.17689789543889028,0.5853389409770886,0.6774970745329281,76.71908837890628,2.8910735795557034,"ECMWF:0.15,GFS:0.15,HRRR:0.40,NBM:0.30",SKIP,NO,
37204,KXHIGHCHI-26MAY12-T73,2026-05-12 04:55:57.499797+00:00,KMDW,2026-05-12,1,,73.0,0,0.2643080334521231,0.2325459804107194,0.06985873654732863,0.05407763300518269,75.91550000000001,3.9911676862792964,"ECMWF:0.35,GFS:0.30,NBM:0.35",OPEN,YES,-19.91999999999999
37203,KXHIGHCHI-26MAY12-B79.5,2026-05-12 04:55:57.230552+00:00,KMDW,2026-05-12,1,79.0,81.0,0,0.1754386759054164,0.1184683594789202,0.03077872900344573,0.014034752197626663,75.91550000000001,3.9911676862792964,"ECMWF:0.35,GFS:0.30,NBM:0.35",OPEN,YES,-9.029999999999996
37202,KXHIGHCHI-26MAY12-T80,2026-05-12 04:55:56.959653+00:00,KMDW,2026-05-12,1,81.0,,0,0.15248368066636717,0.10134270290537906,0.023251272869562637,0.010270343432167924,75.91550000000001,3.9911676862792964,"ECMWF:0.35,GFS:0.30,NBM:0.35",OPEN,YES,-17.880000000000017
37201,KXHIGHCHI-26MAY12-B77.5,2026-05-12 04:55:56.708289+00:00,KMDW,2026-05-12,1,77.0,79.0,0,0.3295221274696931,0.1731056799648898,0.10858483249215267,0.029965576436106846,75.91550000000001,3.9911676862792964,"ECMWF:0.35,GFS:0.30,NBM:0.35",OPEN,NO,5.68
37200,KXHIGHCHI-26MAY12-B73.5,2026-05-12 04:55:56.395226+00:00,KMDW,2026-05-12,1,73.0,75.0,1,0.1841775188665345,0.1767402294372603,0.6655663207227638,0.6777566498270148,75.91550000000001,3.9911676862792964,"ECMWF:0.35,GFS:0.30,NBM:0.35",OPEN,NO,-19.240000000000002
37199,KXHIGHCHI-26MAY12-B75.5,2026-05-12 04:55:56.122246+00:00,KMDW,2026-05-12,1,75.0,77.0,0,0.18719233396096463,0.19779704780283125,0.03504096989375331,0.039123672119515514,75.91550000000001,3.9911676862792964,"ECMWF:0.35,GFS:0.30,NBM:0.35",OPEN,NO,10.61
37186,KXHIGHCHI-26MAY12-B73.5,2026-05-12 04:50:37.145336+00:00,KMDW,2026-05-12,1,73.0,75.0,1,0.18425658570813702,0.1767402294372603,0.665437317960546,0.6777566498270148,75.91550000000001,3.9911676862792964,"ECMWF:0.35,GFS:0.30,NBM:0.35",OPEN,NO,-19.81
37185,KXHIGHCHI-26MAY12-T80,2026-05-12 04:50:36.864126+00:00,KMDW,2026-05-12,1,81.0,,0,0.1521515901186514,0.10134270290537906,0.023150106375634097,0.010270343432167924,75.91550000000001,3.9911676862792964,"ECMWF:0.35,GFS:0.30,NBM:0.35",OPEN,YES,-17.880000000000017
37184,KXHIGHCHI-26MAY12-T73,2026-05-12 04:50:36.582368+00:00,KMDW,2026-05-12,1,,73.0,0,0.2654150094516704,0.2325459804107194,0.07044512724223029,0.05407763300518269,75.91550000000001,3.9911676862792964,"ECMWF:0.35,GFS:0.30,NBM:0.35",OPEN,YES,-19.99
37183,KXHIGHCHI-26MAY12-B77.5,2026-05-12 04:50:36.306062+00:00,KMDW,2026-05-12,1,77.0,79.0,0,0.3295814431851407,0.1731056799648898,0.10862392769200013,0.029965576436106846,75.91550000000001,3.9911676862792964,"ECMWF:0.35,GFS:0.30,NBM:0.35",OPEN,NO,5.68
37182,KXHIGHCHI-26MAY12-B75.5,2026-05-12 04:50:36.061541+00:00,KMDW,2026-05-12,1,75.0,77.0,0,0.18719233396096469,0.19779704780283125,0.03504096989375333,0.039123672119515514,75.91550000000001,3.9911676862792964,"ECMWF:0.35,GFS:0.30,NBM:0.35",OPEN,NO,10.309999999999999
37181,KXHIGHCHI-26MAY12-B79.5,2026-05-12 04:50:35.796417+00:00,KMDW,2026-05-12,1,79.0,81.0,0,0.1745254078965347,0.1184683594789202,0.030459118001451818,0.014034752197626663,75.91550000000001,3.9911676862792964,"ECMWF:0.35,GFS:0.30,NBM:0.35",OPEN,YES,-9.029999999999996
37168,KXHIGHCHI-26MAY12-T80,2026-05-12 04:45:15.245501+00:00,KMDW,2026-05-12,1,81.0,,0,0.15181797019472773,0.10134270290537906,0.023048696074047238,0.010270343432167924,75.91550000000001,3.9911676862792964,"ECMWF:0.35,GFS:0.30,NBM:0.35",OPEN,YES,-17.880000000000017
37167,KXHIGHCHI-26MAY12-T73,2026-05-12 04:45:14.952869+00:00,KMDW,2026-05-12,1,,73.0,0,0.26652708340648346,0.2325459804107194,0.07103668618916659,0.05407763300518269,75.91550000000001,3.9911676862792964,"ECMWF:0.35,GFS:0.30,NBM:0.35",OPEN,YES,-19.91999999999999
37166,KXHIGHCHI-26MAY12-B75.5,2026-05-12 04:45:14.703298+00:00,KMDW,2026-05-12,1,75.0,77.0,0,0.1882920937770115,0.19779704780283125,0.03545391257893089,0.039123672119515514,75.91550000000001,3.9911676862792964,"ECMWF:0.35,GFS:0.30,NBM:0.35",OPEN,NO,10.309999999999999
37165,KXHIGHCHI-26MAY12-B73.5,2026-05-12 04:45:14.437687+00:00,KMDW,2026-05-12,1,73.0,75.0,1,0.18433601667617205,0.1767402294372603,0.6653077336916938,0.6777566498270148,75.91550000000001,3.9911676862792964,"ECMWF:0.35,GFS:0.30,NBM:0.35",OPEN,NO,-19.81
37164,KXHIGHCHI-26MAY12-B79.5,2026-05-12 04:45:14.172735+00:00,KMDW,2026-05-12,1,79.0,81.0,0,0.17360793401556818,0.1184683594789202,0.030139714753153874,0.014034752197626663,75.91550000000001,3.9911676862792964,"ECMWF:0.35,GFS:0.30,NBM:0.35",OPEN,YES,-9.029999999999996
37163,KXHIGHCHI-26MAY12-B77.5,2026-05-12 04:45:13.878411+00:00,KMDW,2026-05-12,1,77.0,79.0,0,0.32854127225113605,0.1731056799648898,0.1079393675723951,0.029965576436106846,75.91550000000001,3.9911676862792964,"ECMWF:0.35,GFS:0.30,NBM:0.35",OPEN,NO,5.68
37150,KXHIGHCHI-26MAY12-T80,2026-05-12 04:40:08.912129+00:00,KMDW,2026-05-12,1,81.0,,0,0.15150027272757768,0.10134270290537906,0.022952332636530418,0.010270343432167924,75.91550000000001,3.9911676862792964,"ECMWF:0.35,GFS:0.30,NBM:0.35",OPEN,YES,-17.880000000000017
37149,KXHIGHCHI-26MAY12-B79.5,2026-05-12 04:40:08.652125+00:00,KMDW,2026-05-12,1,79.0,81.0,0,0.17273424780183344,0.1184683594789202,0.0298371203636652,0.014034752197626663,75.91550000000001,3.9911676862792964,"ECMWF:0.35,GFS:0.30,NBM:0.35",OPEN,YES,-3.2999999999999994
37148,KXHIGHCHI-26MAY12-B75.5,2026-05-12 04:40:08.369498+00:00,KMDW,2026-05-12,1,75.0,77.0,0,0.18942668306943233,0.19779704780283125,0.03588246825868716,0.039123672119515514,75.91550000000001,3.9911676862792964,"ECMWF:0.35,GFS:0.30,NBM:0.35",OPEN,NO,10.309999999999999
37147,KXHIGHCHI-26MAY12-T73,2026-05-12 04:40:08.100482+00:00,KMDW,2026-05-12,1,,73.0,0,0.2675860821454449,0.2325459804107194,0.07160231135794877,0.05407763300518269,75.91550000000001,3.9911676862792964,"ECMWF:0.35,GFS:0.30,NBM:0.35",OPEN,YES,-19.989999999999988
37146,KXHIGHCHI-26MAY12-B73.5,2026-05-12 04:40:07.807997+00:00,KMDW,2026-05-12,1,73.0,75.0,1,0.1844116566950929,0.1767402294372603,0.6651843457348431,0.6777566498270148,75.91550000000001,3.9911676862792964,"ECMWF:0.35,GFS:0.30,NBM:0.35",OPEN,NO,-19.240000000000002
37145,KXHIGHCHI-26MAY12-B77.5,2026-05-12 04:40:07.520593+00:00,KMDW,2026-05-12,1,77.0,79.0,0,0.3274634278817177,0.1731056799648898,0.10723229660004491,0.029965576436106846,75.91550000000001,3.9911676862792964,"ECMWF:0.35,GFS:0.30,NBM:0.35",OPEN,NO,5.68
37131,KXHIGHCHI-26MAY12-B77.5,2026-05-12 04:35:02.276321+00:00,KMDW,2026-05-12,1,77.0,79.0,0,0.3263866706642361,0.1731056799648898,0.10652825878728452,0.029965576436106846,75.91550000000001,3.9911676862792964,"ECMWF:0.35,GFS:0.30,NBM:0.35",OPEN,NO,5.68
37130,KXHIGHCHI-26MAY12-T80,2026-05-12 04:35:01.973253+00:00,KMDW,2026-05-12,1,81.0,,0,0.1511828957013249,0.10134270290537906,0.022856267952637684,0.010270343432167924,75.91550000000001,3.9911676862792964,"ECMWF:0.35,GFS:0.30,NBM:0.35",OPEN,YES,-17.880000000000017
37129,KXHIGHCHI-26MAY12-T73,2026-05-12 04:35:01.663776+00:00,KMDW,2026-05-12,1,,73.0,0,0.2686440127408386,0.2325459804107194,0.07216960558149985,0.05407763300518269,75.91550000000001,3.9911676862792964,"ECMWF:0.35,GFS:0.30,NBM:0.35",OPEN,YES,-19.929999999999993
37128,KXHIGHCHI-26MAY12-B75.5,2026-05-12 04:35:01.387054+00:00,KMDW,2026-05-12,1,75.0,77.0,0,0.19056012797498073,0.19779704780283125,0.03631316237384103,0.039123672119515514,75.91550000000001,3.9911676862792964,"ECMWF:0.35,GFS:0.30,NBM:0.35",OPEN,NO,10.309999999999999
37127,KXHIGHCHI-26MAY12-B73.5,2026-05-12 04:35:01.093736+00:00,KMDW,2026-05-12,1,73.0,75.0,1,0.18448722042081656,0.1767402294372603,0.6650610936569659,0.6777566498270148,75.91550000000001,3.9911676862792964,"ECMWF:0.35,GFS:0.30,NBM:0.35",OPEN,NO,-19.240000000000002
37126,KXHIGHCHI-26MAY12-B79.5,2026-05-12 04:35:00.829017+00:00,KMDW,2026-05-12,1,79.0,81.0,0,0.17186144281890203,0.1184683594789202,0.029536355527794732,0.014034752197626663,75.91550000000001,3.9911676862792964,"ECMWF:0.35,GFS:0.30,NBM:0.35",OPEN,YES,-3.2999999999999994
37113,KXHIGHCHI-26MAY12-B77.5,2026-05-12 04:29:55.733425+00:00,KMDW,2026-05-12,1,77.0,79.0,0,0.3253097790166909,0.1731056799648898,0.10582645232388826,0.029965576436106846,75.91550000000001,3.9911676862792964,"ECMWF:0.35,GFS:0.30,NBM:0.35",OPEN,NO,5.68
37112,KXHIGHCHI-26MAY12-B79.5,2026-05-12 04:29:55.468514+00:00,KMDW,2026-05-12,1,79.0,81.0,0,0.17098852886876104,0.1184683594789202,0.029237077004703127,0.014034752197626663,75.91550000000001,3.9911676862792964,"ECMWF:0.35,GFS:0.30,NBM:0.35",OPEN,YES,-9.029999999999996
37111,KXHIGHCHI-26MAY12-B73.5,2026-05-12 04:29:55.147271+00:00,KMDW,2026-05-12,1,73.0,75.0,1,0.18456279358045563,0.1767402294372603,0.6649378376133105,0.6777566498270148,75.91550000000001,3.9911676862792964,"ECMWF:0.35,GFS:0.30,NBM:0.35",OPEN,NO,-19.81
37110,KXHIGHCHI-26MAY12-T80,2026-05-12 04:29:54.902182+00:00,KMDW,2026-05-12,1,81.0,,0,0.15086547905145672,0.10134270290537906,0.022760392769425528,0.010270343432167924,75.91550000000001,3.9911676862792964,"ECMWF:0.35,GFS:0.30,NBM:0.35",OPEN,YES,-17.880000000000017
37109,KXHIGHCHI-26MAY12-T73,2026-05-12 04:29:54.654851+00:00,KMDW,2026-05-12,1,,73.0,0,0.2697020754158459,0.2325459804107194,0.07273920948361463,0.05407763300518269,75.91550000000001,3.9911676862792964,"ECMWF:0.35,GFS:0.30,NBM:0.35",OPEN,YES,-19.91999999999999
37108,KXHIGHCHI-26MAY12-B75.5,2026-05-12 04:29:54.350755+00:00,KMDW,2026-05-12,1,75.0,77.0,0,0.19169371438788874,0.19779704780283125,0.03674648013582546,0.039123672119515514,75.91550000000001,3.9911676862792964,"ECMWF:0.35,GFS:0.30,NBM:0.35",OPEN,NO,10.309999999999999
37097,KXHIGHCHI-26MAY12-B79.5,2026-05-12 04:24:43.445331+00:00,KMDW,2026-05-12,1,79.0,81.0,0,0.17009607036217755,0.1184683594789202,0.028932673152654857,0.014034752197626663,75.91550000000001,3.9911676862792964,"ECMWF:0.35,GFS:0.30,NBM:0.35",OPEN,YES,-9.029999999999996
37096,KXHIGHCHI-26MAY12-B73.5,2026-05-12 04:24:43.165961+00:00,KMDW,2026-05-12,1,73.0,75.0,1,0.18464005882427298,0.1767402294372603,0.6648118336740851,0.6777566498270148,75.91550000000001,3.9911676862792964,"ECMWF:0.35,GFS:0.30,NBM:0.35",OPEN,NO,-19.240000000000002
37095,KXHIGHCHI-26MAY12-T73,2026-05-12 04:24:42.910038+00:00,KMDW,2026-05-12,1,,73.0,0,0.27078382813002366,0.2325459804107194,0.0733238815767502,0.05407763300518269,75.91550000000001,3.9911676862792964,"ECMWF:0.35,GFS:0.30,NBM:0.35",OPEN,YES,-19.929999999999993
37094,KXHIGHCHI-26MAY12-T80,2026-05-12 04:24:42.619162+00:00,KMDW,2026-05-12,1,81.0,,0,0.150540955438035,0.10134270290537906,0.02266257926419644,0.010270343432167924,75.91550000000001,3.9911676862792964,"ECMWF:0.35,GFS:0.30,NBM:0.35",OPEN,YES,-17.880000000000017
37093,KXHIGHCHI-26MAY12-B77.5,2026-05-12 04:24:42.359290+00:00,KMDW,2026-05-12,1,77.0,79.0,0,0.32420877574899765,0.1731056799648898,0.10511133027266384,0.029965576436106846,75.91550000000001,3.9911676862792964,"ECMWF:0.35,GFS:0.30,NBM:0.35",OPEN,NO,5.68
37092,KXHIGHCHI-26MAY12-B75.5,2026-05-12 04:24:42.086253+00:00,KMDW,2026-05-12,1,75.0,77.0,0,0.19285268181759208,0.19779704780283125,0.03719215688423741,0.039123672119515514,75.91550000000001,3.9911676862792964,"ECMWF:0.35,GFS:0.30,NBM:0.35",OPEN,NO,10.309999999999999
37079,KXHIGHCHI-26MAY12-B75.5,2026-05-12 04:19:31.535482+00:00,KMDW,2026-05-12,1,75.0,77.0,0,0.19400712883569393,0.19779704780283125,0.03763876603906954,0.039123672119515514,75.91550000000001,3.9911676862792964,"ECMWF:0.35,GFS:0.30,NBM:0.35",OPEN,NO,10.309999999999999
37078,KXHIGHCHI-26MAY12-T80,2026-05-12 04:19:31.235935+00:00,KMDW,2026-05-12,1,81.0,,0,0.1502176975895255,0.10134270290537906,0.022565356669098133,0.010270343432167924,75.91550000000001,3.9911676862792964,"ECMWF:0.35,GFS:0.30,NBM:0.35",OPEN,YES,-17.880000000000017
37077,KXHIGHCHI-26MAY12-B73.5,2026-05-12 04:19:30.967296+00:00,KMDW,2026-05-12,1,73.0,75.0,1,0.1847170227043975,0.1767402294372603,0.6646863330679819,0.6777566498270148,75.91550000000001,3.9911676862792964,"ECMWF:0.35,GFS:0.30,NBM:0.35",OPEN,NO,-19.81
37076,KXHIGHCHI-26MAY12-B79.5,2026-05-12 04:19:30.650468+00:00,KMDW,2026-05-12,1,79.0,81.0,0,0.1692070927815318,0.1184683594789202,0.028631040247577906,0.014034752197626663,75.91550000000001,3.9911676862792964,"ECMWF:0.35,GFS:0.30,NBM:0.35",OPEN,YES,-9.029999999999996
37075,KXHIGHCHI-26MAY12-B77.5,2026-05-12 04:19:30.364544+00:00,KMDW,2026-05-12,1,77.0,79.0,0,0.3231120668107368,0.1731056799648898,0.10440140771870603,0.029965576436106846,75.91550000000001,3.9911676862792964,"ECMWF:0.35,GFS:0.30,NBM:0.35",OPEN,NO,5.68
37074,KXHIGHCHI-26MAY12-T73,2026-05-12 04:19:30.068361+00:00,KMDW,2026-05-12,1,,73.0,0,0.2718613615992135,0.2325459804107194,0.0739085999305783,0.05407763300518269,75.91550000000001,3.9911676862792964,"ECMWF:0.35,GFS:0.30,NBM:0.35",OPEN,YES,-19.99
37061,KXHIGHCHI-26MAY12-B73.5,2026-05-12 04:14:20.866040+00:00,KMDW,2026-05-12,1,73.0,75.0,1,0.1847936987673246,0.1767402294372603,0.6645613135694595,0.6777566498270148,75.91550000000001,3.9911676862792964,"ECMWF:0.35,GFS:0.30,NBM:0.35",OPEN,NO,-19.240000000000002
37060,KXHIGHCHI-26MAY12-T80,2026-05-12 04:14:20.557411+00:00,KMDW,2026-05-12,1,81.0,,0,0.14989564860896618,0.10134270290537906,0.022468705471902665,0.010270343432167924,75.91550000000001,3.9911676862792964,"ECMWF:0.35,GFS:0.30,NBM:0.35",OPEN,YES,-17.880000000000017
37059,KXHIGHCHI-26MAY12-T73,2026-05-12 04:14:20.280233+00:00,KMDW,2026-05-12,1,,73.0,0,0.27293486548124213,0.2325459804107194,0.07449344079526374,0.05407763300518269,75.91550000000001,3.9911676862792964,"ECMWF:0.35,GFS:0.30,NBM:0.35",OPEN,YES,-19.99
37058,KXHIGHCHI-26MAY12-B79.5,2026-05-12 04:14:19.997204+00:00,KMDW,2026-05-12,1,79.0,81.0,0,0.16832143965692192,0.1184683594789202,0.028332107048178807,0.014034752197626663,75.91550000000001,3.9911676862792964,"ECMWF:0.35,GFS:0.30,NBM:0.35",OPEN,YES,-9.029999999999996
37057,KXHIGHCHI-26MAY12-B75.5,2026-05-12 04:14:19.688175+00:00,KMDW,2026-05-12,1,75.0,77.0,0,0.19515725863765793,0.19779704780283125,0.03808635559896571,0.039123672119515514,75.91550000000001,3.9911676862792964,"ECMWF:0.35,GFS:0.30,NBM:0.35",OPEN,NO,10.309999999999999
37056,KXHIGHCHI-26MAY12-B77.5,2026-05-12 04:14:19.375818+00:00,KMDW,2026-05-12,1,77.0,79.0,0,0.3220194591689862,0.1731056799648898,0.10369653208348638,0.029965576436106846,75.91550000000001,3.9911676862792964,"ECMWF:0.35,GFS:0.30,NBM:0.35",OPEN,NO,5.68
37042,KXHIGHCHI-26MAY12-B79.5,2026-05-12 04:09:13.236723+00:00,KMDW,2026-05-12,1,79.0,81.0,0,0.16744672318080944,0.1184683594789202,0.028038405103990627,0.014034752197626663,75.91550000000001,3.9911676862792964,"ECMWF:0.35,GFS:0.30,NBM:0.35",OPEN,YES,-9.029999999999996
37041,KXHIGHCHI-26MAY12-T73,2026-05-12 04:09:12.980176+00:00,KMDW,2026-05-12,1,,73.0,0,0.27399511300557045,0.2325459804107194,0.07507332195093532,0.05407763300518269,75.91550000000001,3.9911676862792964,"ECMWF:0.35,GFS:0.30,NBM:0.35",OPEN,YES,-19.99
37040,KXHIGHCHI-26MAY12-B75.5,2026-05-12 04:09:12.716380+00:00,KMDW,2026-05-12,1,75.0,77.0,0,0.19629318585282945,0.19779704780283125,0.03853101481225345,0.039123672119515514,75.91550000000001,3.9911676862792964,"ECMWF:0.35,GFS:0.30,NBM:0.35",OPEN,NO,10.02
37039,KXHIGHCHI-26MAY12-B73.5,2026-05-12 04:09:12.434865+00:00,KMDW,2026-05-12,1,73.0,75.0,1,0.18486942798195966,0.1767402294372603,0.6644378494384577,0.6777566498270148,75.91550000000001,3.9911676862792964,"ECMWF:0.35,GFS:0.30,NBM:0.35",OPEN,NO,-19.81
37038,KXHIGHCHI-26MAY12-T80,2026-05-12 04:09:12.169964+00:00,KMDW,2026-05-12,1,81.0,,0,0.14957757650874667,0.10134270290537906,0.022373451394229964,0.010270343432167924,75.91550000000001,3.9911676862792964,"ECMWF:0.35,GFS:0.30,NBM:0.35",OPEN,YES,-17.880000000000017
37037,KXHIGHCHI-26MAY12-B77.5,2026-05-12 04:09:11.911223+00:00,KMDW,2026-05-12,1,77.0,79.0,0,0.3209403437911833,0.1731056799648898,0.10300270427280293,0.029965576436106846,75.91550000000001,3.9911676862792964,"ECMWF:0.35,GFS:0.30,NBM:0.35",OPEN,NO,5.68
37024,KXHIGHCHI-26MAY12-B79.5,2026-05-12 04:04:07.118338+00:00,KMDW,2026-05-12,1,79.0,81.0,0,0.1665740409416655,0.1184683594789202,0.027746911115635656,0.014034752197626663,75.91550000000001,3.9911676862792964,"ECMWF:0.35,GFS:0.30,NBM:0.35",OPEN,YES,-6.229999999999998
37023,KXHIGHCHI-26MAY12-B73.5,2026-05-12 04:04:06.841291+00:00,KMDW,2026-05-12,1,73.0,75.0,1,0.18494498108105067,0.1767402294372603,0.664314683864969,0.6777566498270148,75.91550000000001,3.9911676862792964,"ECMWF:0.35,GFS:0.30,NBM:0.35",OPEN,NO,-19.81
37022,KXHIGHCHI-26MAY12-T80,2026-05-12 04:04:06.571495+00:00,KMDW,2026-05-12,1,81.0,,0,0.14926024411566982,0.10134270290537906,0.022278620473469346,0.010270343432167924,75.91550000000001,3.9911676862792964,"ECMWF:0.35,GFS:0.30,NBM:0.35",OPEN,YES,-17.880000000000017
37021,KXHIGHCHI-26MAY12-B77.5,2026-05-12 04:04:06.295205+00:00,KMDW,2026-05-12,1,77.0,79.0,0,0.319863737999578,0.1731056799648898,0.10231281088706269,0.029965576436106846,75.91550000000001,3.9911676862792964,"ECMWF:0.35,GFS:0.30,NBM:0.35",OPEN,NO,5.68
37020,KXHIGHCHI-26MAY12-B75.5,2026-05-12 04:04:06.016570+00:00,KMDW,2026-05-12,1,75.0,77.0,0,0.19742647136043268,0.19779704780283125,0.038977211593831745,0.039123672119515514,75.91550000000001,3.9911676862792964,"ECMWF:0.35,GFS:0.30,NBM:0.35",OPEN,NO,9.120000000000003
37019,KXHIGHCHI-26MAY12-T73,2026-05-12 04:04:05.729752+00:00,KMDW,2026-05-12,1,,73.0,0,0.27505289482270223,0.2325459804107194,0.0756540949503485,0.05407763300518269,75.91550000000001,3.9911676862792964,"ECMWF:0.35,GFS:0.30,NBM:0.35",OPEN,YES,-19.99
37006,KXHIGHCHI-26MAY12-B79.5,2026-05-12 03:59:00.966729+00:00,KMDW,2026-05-12,1,79.0,81.0,0,0.16570055731830757,0.1184683594789202,0.027456674695597733,0.014034752197626663,75.91550000000001,3.9911676862792964,"ECMWF:0.35,GFS:0.30,NBM:0.35",OPEN,YES,-6.229999999999998
37005,KXHIGHCHI-26MAY12-T73,2026-05-12 03:59:00.692260+00:00,KMDW,2026-05-12,1,,73.0,0,0.27611164800101484,0.2325459804107194,0.07623764216183633,0.05407763300518269,75.91550000000001,3.9911676862792964,"ECMWF:0.35,GFS:0.30,NBM:0.35",OPEN,YES,-19.99
37004,KXHIGHCHI-26MAY12-B77.5,2026-05-12 03:59:00.375266+00:00,KMDW,2026-05-12,1,77.0,79.0,0,0.31878614356073365,0.1731056799648898,0.10162460532632468,0.029965576436106846,75.91550000000001,3.9911676862792964,"ECMWF:0.35,GFS:0.30,NBM:0.35",OPEN,NO,6.15
37003,KXHIGHCHI-26MAY12-B75.5,2026-05-12 03:59:00.037113+00:00,KMDW,2026-05-12,1,75.0,77.0,0,0.19856079756426548,0.19779704780283125,0.039426390329357214,0.039123672119515514,75.91550000000001,3.9911676862792964,"ECMWF:0.35,GFS:0.30,NBM:0.35",OPEN,NO,9.120000000000003
37002,KXHIGHCHI-26MAY12-B73.5,2026-05-12 03:58:59.670797+00:00,KMDW,2026-05-12,1,73.0,75.0,1,0.1850206035605625,0.1767402294372603,0.6641914166207898,0.6777566498270148,75.91550000000001,3.9911676862792964,"ECMWF:0.35,GFS:0.30,NBM:0.35",OPEN,NO,-19.56
37001,KXHIGHCHI-26MAY12-T80,2026-05-12 03:58:59.381717+00:00,KMDW,2026-05-12,1,81.0,,0,0.14894262031621494,0.10134270290537906,0.022183904146660164,0.010270343432167924,75.91550000000001,3.9911676862792964,"ECMWF:0.35,GFS:0.30,NBM:0.35",OPEN,YES,-17.880000000000017
36988,KXHIGHCHI-26MAY12-B79.5,2026-05-12 03:53:54.614847+00:00,KMDW,2026-05-12,1,79.0,81.0,0,0.16482851212481053,0.1184683594789202,0.027168438409278812,0.014034752197626663,75.91550000000001,3.9911676862792964,"ECMWF:0.35,GFS:0.30,NBM:0.35",OPEN,YES,-6.229999999999998
36987,KXHIGHCHI-26MAY12-T80,2026-05-12 03:53:54.334185+00:00,KMDW,2026-05-12,1,81.0,,0,0.1486255195712803,0.10134270290537906,0.022089545067833026,0.010270343432167924,75.91550000000001,3.9911676862792964,"ECMWF:0.35,GFS:0.30,NBM:0.35",OPEN,YES,-17.880000000000017
36986,KXHIGHCHI-26MAY12-T73,2026-05-12 03:53:54.027895+00:00,KMDW,2026-05-12,1,,73.0,0,0.2771686576524355,0.2325459804107194,0.07682246478485298,0.05407763300518269,75.91550000000001,3.9911676862792964,"ECMWF:0.35,GFS:0.30,NBM:0.35",OPEN,YES,-19.929999999999993
36985,KXHIGHCHI-26MAY12-B75.5,2026-05-12 03:53:53.735913+00:00,KMDW,2026-05-12,1,75.0,77.0,0,0.19969325578953545,0.19779704780283125,0.03987739640782483,0.039123672119515514,75.91550000000001,3.9911676862792964,"ECMWF:0.35,GFS:0.30,NBM:0.35",OPEN,NO,9.120000000000003
36984,KXHIGHCHI-26MAY12-B73.5,2026-05-12 03:53:53.426975+00:00,KMDW,2026-05-12,1,73.0,75.0,1,0.1850961015069637,0.1767402294372603,0.6640683637791489,0.6777566498270148,75.91550000000001,3.9911676862792964,"ECMWF:0.35,GFS:0.30,NBM:0.35",OPEN,NO,-19.56
36983,KXHIGHCHI-26MAY12-B77.5,2026-05-12 03:53:53.164177+00:00,KMDW,2026-05-12,1,77.0,79.0,0,0.31771032367607344,0.1731056799648898,0.10093984977035535,0.029965576436106846,75.91550000000001,3.9911676862792964,"ECMWF:0.35,GFS:0.30,NBM:0.35",OPEN,NO,6.15
36971,KXHIGHCHI-26MAY12-B79.5,2026-05-12 03:48:44.766457+00:00,KMDW,2026-05-12,1,79.0,81.0,0,0.16394396290201174,0.1184683594789202,0.026877622972016204,0.014034752197626663,75.91550000000001,3.9911676862792964,"ECMWF:0.35,GFS:0.30,NBM:0.35",OPEN,YES,-6.229999999999998
36970,KXHIGHCHI-26MAY12-B73.5,2026-05-12 03:48:44.488962+00:00,KMDW,2026-05-12,1,73.0,75.0,1,0.18517268199878922,0.1767402294372603,0.6639435581610462,0.6777566498270148,75.91550000000001,3.9911676862792964,"ECMWF:0.35,GFS:0.30,NBM:0.35",OPEN,NO,-19.56
36969,KXHIGHCHI-26MAY12-T80,2026-05-12 03:48:44.223056+00:00,KMDW,2026-05-12,1,81.0,,0,0.14830387200120884,0.10134270290537906,0.021994038450550937,0.010270343432167924,75.91550000000001,3.9911676862792964,"ECMWF:0.35,GFS:0.30,NBM:0.35",OPEN,YES,-17.880000000000017
36968,KXHIGHCHI-26MAY12-B75.5,2026-05-12 03:48:43.931535+00:00,KMDW,2026-05-12,1,75.0,77.0,0,0.2008419520388635,0.19779704780283125,0.040337489698781155,0.039123672119515514,75.91550000000001,3.9911676862792964,"ECMWF:0.35,GFS:0.30,NBM:0.35",OPEN,NO,10.02
36967,KXHIGHCHI-26MAY12-T73,2026-05-12 03:48:43.623525+00:00,KMDW,2026-05-12,1,,73.0,0,0.2782408234904302,0.2325459804107194,0.07741795585663275,0.05407763300518269,75.91550000000001,3.9911676862792964,"ECMWF:0.35,GFS:0.30,NBM:0.35",OPEN,YES,-19.929999999999993
36966,KXHIGHCHI-26MAY12-B77.5,2026-05-12 03:48:43.314895+00:00,KMDW,2026-05-12,1,77.0,79.0,0,0.3166190778897954,0.1731056799648898,0.10024764048378432,0.029965576436106846,75.91550000000001,3.9911676862792964,"ECMWF:0.35,GFS:0.30,NBM:0.35",OPEN,NO,6.15
36953,KXHIGHCHI-26MAY12-T80,2026-05-12 03:43:33.665770+00:00,KMDW,2026-05-12,1,81.0,,0,0.14798145417852446,0.10134270290537906,0.021898510780790734,0.010270343432167924,75.91550000000001,3.9911676862792964,"ECMWF:0.35,GFS:0.30,NBM:0.35",OPEN,YES,-17.880000000000017
36952,KXHIGHCHI-26MAY12-B75.5,2026-05-12 03:43:33.368330+00:00,KMDW,2026-05-12,1,75.0,77.0,0,0.2019933990824455,0.19779704780283125,0.0408013332728801,0.039123672119515514,75.91550000000001,3.9911676862792964,"ECMWF:0.35,GFS:0.30,NBM:0.35",OPEN,NO,9.400000000000002
36951,KXHIGHCHI-26MAY12-T73,2026-05-12 03:43:33.097124+00:00,KMDW,2026-05-12,1,,73.0,0,0.279315556854547,0.2325459804107194,0.07801718030096569,0.05407763300518269,75.91550000000001,3.9911676862792964,"ECMWF:0.35,GFS:0.30,NBM:0.35",OPEN,YES,-19.929999999999993
36950,KXHIGHCHI-26MAY12-B77.5,2026-05-12 03:43:32.801542+00:00,KMDW,2026-05-12,1,77.0,79.0,0,0.3155252188864548,0.1731056799648898,0.09955616375334521,0.029965576436106846,75.91550000000001,3.9911676862792964,"ECMWF:0.35,GFS:0.30,NBM:0.35",OPEN,NO,6.15
36949,KXHIGHCHI-26MAY12-B73.5,2026-05-12 03:43:32.500558+00:00,KMDW,2026-05-12,1,73.0,75.0,1,0.18524944587867492,0.1767402294372603,0.6638184654410063,0.6777566498270148,75.91550000000001,3.9911676862792964,"ECMWF:0.35,GFS:0.30,NBM:0.35",OPEN,NO,-19.56
36948,KXHIGHCHI-26MAY12-B79.5,2026-05-12 03:43:32.214669+00:00,KMDW,2026-05-12,1,79.0,81.0,0,0.16305729544045222,0.1184683594789202,0.026587681596354922,0.014034752197626663,75.91550000000001,3.9911676862792964,"ECMWF:0.35,GFS:0.30,NBM:0.35",OPEN,YES,-6.229999999999998
36936,KXHIGHCHI-26MAY12-B75.5,2026-05-12 03:38:21.013385+00:00,KMDW,2026-05-12,1,75.0,77.0,0,0.2031509827637379,0.19779704780283125,0.04127032179787253,0.039123672119515514,75.91550000000001,3.9911676862792964,"ECMWF:0.35,GFS:0.30,NBM:0.35",OPEN,NO,9.400000000000002
36935,KXHIGHCHI-26MAY12-B79.5,2026-05-12 03:38:20.737455+00:00,KMDW,2026-05-12,1,79.0,81.0,0,0.16216590248412388,0.1184683594789202,0.026297779928490375,0.014034752197626663,75.91550000000001,3.9911676862792964,"ECMWF:0.35,GFS:0.30,NBM:0.35",OPEN,YES,-6.229999999999998
36934,KXHIGHCHI-26MAY12-T73,2026-05-12 03:38:20.416514+00:00,KMDW,2026-05-12,1,,73.0,0,0.2803960180107734,0.2325459804107194,0.07862192691629796,0.05407763300518269,75.91550000000001,3.9911676862792964,"ECMWF:0.35,GFS:0.30,NBM:0.35",OPEN,YES,-19.929999999999993
36933,KXHIGHCHI-26MAY12-B77.5,2026-05-12 03:38:20.161764+00:00,KMDW,2026-05-12,1,77.0,79.0,0,0.3144255301608988,0.1731056799648898,0.09886341401696229,0.029965576436106846,75.91550000000001,3.9911676862792964,"ECMWF:0.35,GFS:0.30,NBM:0.35",OPEN,NO,6.15
36932,KXHIGHCHI-26MAY12-B73.5,2026-05-12 03:38:19.874622+00:00,KMDW,2026-05-12,1,73.0,75.0,1,0.18532661887170454,0.1767402294372603,0.663692717919009,0.6777566498270148,75.91550000000001,3.9911676862792964,"ECMWF:0.35,GFS:0.30,NBM:0.35",OPEN,NO,-19.56
36931,KXHIGHCHI-26MAY12-T80,2026-05-12 03:38:19.564082+00:00,KMDW,2026-05-12,1,81.0,,0,0.14765731802986046,0.10134270290537906,0.021802683567771354,0.010270343432167924,75.91550000000001,3.9911676862792964,"ECMWF:0.35,GFS:0.30,NBM:0.35",OPEN,YES,-17.880000000000017
36916,KXHIGHCHI-26MAY12-T80,2026-05-12 03:33:10.372120+00:00,KMDW,2026-05-12,1,81.0,,0,0.1473359476458129,0.10134270290537906,0.02170788146868972,0.010270343432167924,75.91550000000001,3.9911676862792964,"ECMWF:0.35,GFS:0.30,NBM:0.35",OPEN,YES,-17.880000000000017
36915,KXHIGHCHI-26MAY12-T73,2026-05-12 03:33:10.075991+00:00,KMDW,2026-05-12,1,,73.0,0,0.28146725988908905,0.2325459804107194,0.079223818389472,0.05407763300518269,75.91550000000001,3.9911676862792964,"ECMWF:0.35,GFS:0.30,NBM:0.35",OPEN,YES,-19.929999999999993
36914,KXHIGHCHI-26MAY12-B77.5,2026-05-12 03:33:09.801899+00:00,KMDW,2026-05-12,1,77.0,79.0,0,0.31333522477681486,0.1731056799648898,0.09817896308593708,0.029965576436106846,75.91550000000001,3.9911676862792964,"ECMWF:0.35,GFS:0.30,NBM:0.35",OPEN,NO,6.3999999999999995
36913,KXHIGHCHI-26MAY12-B79.5,2026-05-12 03:33:09.511125+00:00,KMDW,2026-05-12,1,79.0,81.0,0,0.16128211553875182,0.1184683594789202,0.026011920792655293,0.014034752197626663,75.91550000000001,3.9911676862792964,"ECMWF:0.35,GFS:0.30,NBM:0.35",OPEN,YES,-6.229999999999998
36912,KXHIGHCHI-26MAY12-B73.5,2026-05-12 03:33:09.249801+00:00,KMDW,2026-05-12,1,73.0,75.0,1,0.18540313336880787,0.1767402294372603,0.6635680551253562,0.6777566498270148,75.91550000000001,3.9911676862792964,"ECMWF:0.35,GFS:0.30,NBM:0.35",OPEN,NO,-19.56
36911,KXHIGHCHI-26MAY12-B75.5,2026-05-12 03:33:08.955754+00:00,KMDW,2026-05-12,1,75.0,77.0,0,0.20429868910182247,0.19779704780283125,0.041737954368723115,0.039123672119515514,75.91550000000001,3.9911676862792964,"ECMWF:0.35,GFS:0.30,NBM:0.35",OPEN,NO,9.400000000000002
36898,KXHIGHCHI-26MAY12-B79.5,2026-05-12 03:27:54.446370+00:00,KMDW,2026-05-12,1,79.0,81.0,0,0.16038157682361975,0.1184683594789202,0.025722250184430646,0.014034752197626663,75.91550000000001,3.9911676862792964,"ECMWF:0.35,GFS:0.30,NBM:0.35",OPEN,YES,-6.229999999999998
36897,KXHIGHCHI-26MAY12-B77.5,2026-05-12 03:27:54.159550+00:00,KMDW,2026-05-12,1,77.0,79.0,0,0.31222425316218994,0.1731056799648898,0.09748398426268727,0.029965576436106846,75.91550000000001,3.9911676862792964,"ECMWF:0.35,GFS:0.30,NBM:0.35",OPEN,NO,6.3999999999999995
36896,KXHIGHCHI-26MAY12-B75.5,2026-05-12 03:27:53.874425+00:00,KMDW,2026-05-12,1,75.0,77.0,0,0.2054681496787859,0.19779704780283125,0.04221716053242397,0.039123672119515514,75.91550000000001,3.9911676862792964,"ECMWF:0.35,GFS:0.30,NBM:0.35",OPEN,NO,9.400000000000002
36895,KXHIGHCHI-26MAY12-B73.5,2026-05-12 03:27:53.588425+00:00,KMDW,2026-05-12,1,73.0,75.0,1,0.18548109816255282,0.1767402294372603,0.663441041450481,0.6777566498270148,75.91550000000001,3.9911676862792964,"ECMWF:0.35,GFS:0.30,NBM:0.35",OPEN,NO,-19.56
36894,KXHIGHCHI-26MAY12-T80,2026-05-12 03:27:53.300588+00:00,KMDW,2026-05-12,1,81.0,,0,0.1470084858358743,0.10134270290537906,0.02161149490775646,0.010270343432167924,75.91550000000001,3.9911676862792964,"ECMWF:0.35,GFS:0.30,NBM:0.35",OPEN,YES,-15.290000000000013
36893,KXHIGHCHI-26MAY12-T73,2026-05-12 03:27:53.041139+00:00,KMDW,2026-05-12,1,,73.0,0,0.2825588066580762,0.2325459804107194,0.07983947922003609,0.05407763300518269,75.91550000000001,3.9911676862792964,"ECMWF:0.35,GFS:0.30,NBM:0.35",OPEN,YES,-19.929999999999993
36880,KXHIGHCHI-26MAY12-B77.5,2026-05-12 03:22:41.382577+00:00,KMDW,2026-05-12,1,77.0,79.0,0,0.3111239615880306,0.1731056799648898,0.09679811947423032,0.029965576436106846,75.91550000000001,3.9911676862792964,"ECMWF:0.35,GFS:0.30,NBM:0.35",OPEN,NO,6.3999999999999995
36879,KXHIGHCHI-26MAY12-B75.5,2026-05-12 03:22:41.037524+00:00,KMDW,2026-05-12,1,75.0,77.0,0,0.20662636794665667,0.19779704780283125,0.04269445593082715,0.039123672119515514,75.91550000000001,3.9911676862792964,"ECMWF:0.35,GFS:0.30,NBM:0.35",OPEN,NO,9.120000000000003
36878,KXHIGHCHI-26MAY12-T73,2026-05-12 03:22:40.737423+00:00,KMDW,2026-05-12,1,,73.0,0,0.2836398601223657,0.2325459804107194,0.08045157025023518,0.05407763300518269,75.91550000000001,3.9911676862792964,"ECMWF:0.35,GFS:0.30,NBM:0.35",OPEN,YES,-19.929999999999993
36877,KXHIGHCHI-26MAY12-B73.5,2026-05-12 03:22:40.454445+00:00,KMDW,2026-05-12,1,73.0,75.0,1,0.1855583134617641,0.1767402294372603,0.6633152607712461,0.6777566498270148,75.91550000000001,3.9911676862792964,"ECMWF:0.35,GFS:0.30,NBM:0.35",OPEN,NO,-19.56
36876,KXHIGHCHI-26MAY12-T80,2026-05-12 03:22:40.182250+00:00,KMDW,2026-05-12,1,81.0,,0,0.14668417199599634,0.10134270290537906,0.021516246314151038,0.010270343432167924,75.91550000000001,3.9911676862792964,"ECMWF:0.35,GFS:0.30,NBM:0.35",OPEN,YES,-17.880000000000017
36875,KXHIGHCHI-26MAY12-B79.5,2026-05-12 03:22:39.879711+00:00,KMDW,2026-05-12,1,79.0,81.0,0,0.15948969520628553,0.1184683594789202,0.025436962876993856,0.014034752197626663,75.91550000000001,3.9911676862792964,"ECMWF:0.35,GFS:0.30,NBM:0.35",OPEN,YES,-6.229999999999998
36862,KXHIGHCHI-26MAY12-T73,2026-05-12 03:17:26.342628+00:00,KMDW,2026-05-12,1,,73.0,0,0.2847279975861212,0.2325459804107194,0.08107003260940225,0.05407763300518269,75.91550000000001,3.9911676862792964,"ECMWF:0.35,GFS:0.30,NBM:0.35",OPEN,YES,-19.929999999999993
36861,KXHIGHCHI-26MAY12-B77.5,2026-05-12 03:17:26.088050+00:00,KMDW,2026-05-12,1,77.0,79.0,0,0.3100164599496317,0.1731056799648898,0.09611020543970158,0.029965576436106846,75.91550000000001,3.9911676862792964,"ECMWF:0.35,GFS:0.30,NBM:0.35",OPEN,NO,6.15
36860,KXHIGHCHI-26MAY12-B75.5,2026-05-12 03:17:25.802127+00:00,KMDW,2026-05-12,1,75.0,77.0,0,0.2077921758646809,0.19779704780283125,0.04317758835057848,0.039123672119515514,75.91550000000001,3.9911676862792964,"ECMWF:0.35,GFS:0.30,NBM:0.35",OPEN,NO,9.120000000000003
36859,KXHIGHCHI-26MAY12-B73.5,2026-05-12 03:17:25.539949+00:00,KMDW,2026-05-12,1,73.0,75.0,1,0.18563603474255413,0.1767402294372603,0.6631886679098306,0.6777566498270148,75.91550000000001,3.9911676862792964,"ECMWF:0.35,GFS:0.30,NBM:0.35",OPEN,NO,-19.56
36858,KXHIGHCHI-26MAY12-T80,2026-05-12 03:17:25.258723+00:00,KMDW,2026-05-12,1,81.0,,0,0.14635773297069107,0.10134270290537906,0.021420586000320114,0.010270343432167924,75.91550000000001,3.9911676862792964,"ECMWF:0.35,GFS:0.30,NBM:0.35",OPEN,YES,-17.880000000000017
36857,KXHIGHCHI-26MAY12-B79.5,2026-05-12 03:17:25.002631+00:00,KMDW,2026-05-12,1,79.0,81.0,0,0.15859196920741991,0.1184683594789202,0.025151412697087226,0.014034752197626663,75.91550000000001,3.9911676862792964,"ECMWF:0.35,GFS:0.30,NBM:0.35",OPEN,YES,-6.229999999999998
36844,KXHIGHCHI-26MAY12-B77.5,2026-05-12 03:12:11.902735+00:00,KMDW,2026-05-12,1,77.0,79.0,0,0.3089110534442908,0.1731056799648898,0.09542603894006149,0.029965576436106846,75.91550000000001,3.9911676862792964,"ECMWF:0.35,GFS:0.30,NBM:0.35",OPEN,NO,6.15
36843,KXHIGHCHI-26MAY12-B75.5,2026-05-12 03:12:11.628919+00:00,KMDW,2026-05-12,1,75.0,77.0,0,0.2089557783478564,0.19779704780283125,0.04366251730495849,0.039123672119515514,75.91550000000001,3.9911676862792964,"ECMWF:0.35,GFS:0.30,NBM:0.35",OPEN,NO,9.120000000000003
36842,KXHIGHCHI-26MAY12-B79.5,2026-05-12 03:12:11.324321+00:00,KMDW,2026-05-12,1,79.0,81.0,0,0.15769594149535782,0.1184683594789202,0.024868009964107315,0.014034752197626663,75.91550000000001,3.9911676862792964,"ECMWF:0.35,GFS:0.30,NBM:0.35",OPEN,YES,-6.229999999999998
36841,KXHIGHCHI-26MAY12-B73.5,2026-05-12 03:12:11.060789+00:00,KMDW,2026-05-12,1,73.0,75.0,1,0.18571360899292982,0.1767402294372603,0.6630623265793191,0.6777566498270148,75.91550000000001,3.9911676862792964,"ECMWF:0.35,GFS:0.30,NBM:0.35",OPEN,NO,-19.56
36840,KXHIGHCHI-26MAY12-T80,2026-05-12 03:12:10.801290+00:00,KMDW,2026-05-12,1,81.0,,0,0.1460319114913736,0.10134270290537906,0.02132531917382437,0.010270343432167924,75.91550000000001,3.9911676862792964,"ECMWF:0.35,GFS:0.30,NBM:0.35",OPEN,YES,-17.880000000000017
36839,KXHIGHCHI-26MAY12-T73,2026-05-12 03:12:10.494659+00:00,KMDW,2026-05-12,1,,73.0,0,0.2858140765492905,0.2325459804107194,0.08168968635372367,0.05407763300518269,75.91550000000001,3.9911676862792964,"ECMWF:0.35,GFS:0.30,NBM:0.35",OPEN,YES,-19.929999999999993
36826,KXHIGHCHI-26MAY12-B75.5,2026-05-12 03:07:02.506270+00:00,KMDW,2026-05-12,1,75.0,77.0,0,0.2101011204194006,0.19779704780283125,0.04414248080148747,0.039123672119515514,75.91550000000001,3.9911676862792964,"ECMWF:0.35,GFS:0.30,NBM:0.35",OPEN,NO,9.120000000000003
36825,KXHIGHCHI-26MAY12-T73,2026-05-12 03:07:02.240191+00:00,KMDW,2026-05-12,1,,73.0,0,0.2868831116772854,0.2325459804107194,0.08230191976564181,0.05407763300518269,75.91550000000001,3.9911676862792964,"ECMWF:0.35,GFS:0.30,NBM:0.35",OPEN,YES,-19.929999999999993
36824,KXHIGHCHI-26MAY12-B73.5,2026-05-12 03:07:01.942147+00:00,KMDW,2026-05-12,1,73.0,75.0,1,0.18578996587073682,0.1767402294372603,0.6629379796767759,0.6777566498270148,75.91550000000001,3.9911676862792964,"ECMWF:0.35,GFS:0.30,NBM:0.35",OPEN,NO,-19.56
36823,KXHIGHCHI-26MAY12-B77.5,2026-05-12 03:07:01.667674+00:00,KMDW,2026-05-12,1,77.0,79.0,0,0.30782299408120795,0.1731056799648898,0.09475499568511939,0.029965576436106846,75.91550000000001,3.9911676862792964,"ECMWF:0.35,GFS:0.30,NBM:0.35",OPEN,NO,6.15
36822,KXHIGHCHI-26MAY12-B79.5,2026-05-12 03:07:01.375436+00:00,KMDW,2026-05-12,1,79.0,81.0,0,0.15681397514453543,0.1184683594789202,0.024590622800630978,0.014034752197626663,75.91550000000001,3.9911676862792964,"ECMWF:0.35,GFS:0.30,NBM:0.35",OPEN,YES,-6.229999999999998
36821,KXHIGHCHI-26MAY12-T80,2026-05-12 03:07:01.080911+00:00,KMDW,2026-05-12,1,81.0,,0,0.1457112031279327,0.10134270290537906,0.021231754716989664,0.010270343432167924,75.91550000000001,3.9911676862792964,"ECMWF:0.35,GFS:0.30,NBM:0.35",OPEN,YES,-15.290000000000013
36808,KXHIGHCHI-26MAY12-B75.5,2026-05-12 03:01:52.740172+00:00,KMDW,2026-05-12,1,75.0,77.0,0,0.21124728424029715,0.19779704780283125,0.044625415098900896,0.039123672119515514,75.91550000000001,3.9911676862792964,"ECMWF:0.35,GFS:0.30,NBM:0.35",OPEN,NO,9.400000000000002
36807,KXHIGHCHI-26MAY12-B79.5,2026-05-12 03:01:52.478450+00:00,KMDW,2026-05-12,1,79.0,81.0,0,0.15593137600871754,0.1184683594789202,0.024314594023972052,0.014034752197626663,75.91550000000001,3.9911676862792964,"ECMWF:0.35,GFS:0.30,NBM:0.35",OPEN,YES,-6.229999999999998
36806,KXHIGHCHI-26MAY12-B77.5,2026-05-12 03:01:52.209741+00:00,KMDW,2026-05-12,1,77.0,79.0,0,0.3067341540674364,0.1731056799648898,0.09408584127146583,0.029965576436106846,75.91550000000001,3.9911676862792964,"ECMWF:0.35,GFS:0.30,NBM:0.35",OPEN,NO,5.68
36805,KXHIGHCHI-26MAY12-T73,2026-05-12 03:01:51.947278+00:00,KMDW,2026-05-12,1,,73.0,0,0.28795291380663823,0.2325459804107194,0.08291688056973323,0.05407763300518269,75.91550000000001,3.9911676862792964,"ECMWF:0.35,GFS:0.30,NBM:0.35",OPEN,YES,-19.929999999999993
36804,KXHIGHCHI-26MAY12-B73.5,2026-05-12 03:01:51.664724+00:00,KMDW,2026-05-12,1,73.0,75.0,1,0.18586637753236473,0.1767402294372603,0.662813555232274,0.6777566498270148,75.91550000000001,3.9911676862792964,"ECMWF:0.35,GFS:0.30,NBM:0.35",OPEN,NO,-19.56
36803,KXHIGHCHI-26MAY12-T80,2026-05-12 03:01:51.394123+00:00,KMDW,2026-05-12,1,81.0,,0,0.14539026466564484,0.10134270290537906,0.021138329059546254,0.010270343432167924,75.91550000000001,3.9911676862792964,"ECMWF:0.35,GFS:0.30,NBM:0.35",OPEN,YES,-15.290000000000013
36790,KXHIGHCHI-26MAY12-B75.5,2026-05-12 02:56:38.961529+00:00,KMDW,2026-05-12,1,75.0,77.0,0,0.1984987463181931,0.19779704780283125,0.03940175228989437,0.039123672119515514,75.91550000000001,3.9911676862792964,"ECMWF:0.35,GFS:0.30,NBM:0.35",OPEN,NO,10.02
36789,KXHIGHCHI-26MAY12-B77.5,2026-05-12 02:56:38.677896+00:00,KMDW,2026-05-12,1,77.0,79.0,0,0.22562334695935216,0.1731056799648898,0.050905894693140205,0.029965576436106846,75.91550000000001,3.9911676862792964,"ECMWF:0.35,GFS:0.30,NBM:0.35",OPEN,NO,6.3999999999999995
36788,KXHIGHCHI-26MAY12-T73,2026-05-12 02:56:38.402709+00:00,KMDW,2026-05-12,1,,73.0,0,0.2059387119604879,0.2325459804107194,0.042410753083944805,0.05407763300518269,75.91550000000001,3.9911676862792964,"ECMWF:0.35,GFS:0.30,NBM:0.35",OPEN,YES,-19.91999999999999
36787,KXHIGHCHI-26MAY12-T80,2026-05-12 02:56:38.109914+00:00,KMDW,2026-05-12,1,81.0,,0,0.21538870524788345,0.10134270290537906,0.04639229434835961,0.010270343432167924,75.91550000000001,3.9911676862792964,"ECMWF:0.35,GFS:0.30,NBM:0.35",OPEN,YES,-15.290000000000013
36786,KXHIGHCHI-26MAY12-B73.5,2026-05-12 02:56:37.833411+00:00,KMDW,2026-05-12,1,73.0,75.0,1,0.20714088241504497,0.1767402294372603,0.6286255803375936,0.6777566498270148,75.91550000000001,3.9911676862792964,"ECMWF:0.35,GFS:0.30,NBM:0.35",OPEN,NO,-19.56
36785,KXHIGHCHI-26MAY12-B79.5,2026-05-12 02:56:37.559964+00:00,KMDW,2026-05-12,1,79.0,81.0,0,0.18872555118843792,0.1184683594789202,0.0356173336713797,0.014034752197626663,75.91550000000001,3.9911676862792964,"ECMWF:0.35,GFS:0.30,NBM:0.35",OPEN,YES,-6.229999999999998
36772,KXHIGHCHI-26MAY12-T73,2026-05-12 02:51:29.593079+00:00,KMDW,2026-05-12,1,,73.0,0,0.20731190563159974,0.2325459804107194,0.04297822621660531,0.05407763300518269,75.91550000000001,3.9911676862792964,"ECMWF:0.35,GFS:0.30,NBM:0.35",OPEN,YES,-19.929999999999993
36771,KXHIGHCHI-26MAY12-B77.5,2026-05-12 02:51:29.322765+00:00,KMDW,2026-05-12,1,77.0,79.0,0,0.2258473954487163,0.1731056799648898,0.05100704603096884,0.029965576436106846,75.91550000000001,3.9911676862792964,"ECMWF:0.35,GFS:0.30,NBM:0.35",OPEN,NO,6.3999999999999995
36770,KXHIGHCHI-26MAY12-T80,2026-05-12 02:51:29.051655+00:00,KMDW,2026-05-12,1,81.0,,0,0.21442745291548715,0.10134270290537906,0.04597913256382346,0.010270343432167924,75.91550000000001,3.9911676862792964,"ECMWF:0.35,GFS:0.30,NBM:0.35",OPEN,YES,-15.290000000000013
36769,KXHIGHCHI-26MAY12-B73.5,2026-05-12 02:51:28.755850+00:00,KMDW,2026-05-12,1,73.0,75.0,1,0.20700007510119417,0.1767402294372603,0.6288488808895116,0.6777566498270148,75.91550000000001,3.9911676862792964,"ECMWF:0.35,GFS:0.30,NBM:0.35",OPEN,NO,-19.56
36768,KXHIGHCHI-26MAY12-B79.5,2026-05-12 02:51:28.494932+00:00,KMDW,2026-05-12,1,79.0,81.0,0,0.18823036867420906,0.1184683594789202,0.03543067169122866,0.014034752197626663,75.91550000000001,3.9911676862792964,"ECMWF:0.35,GFS:0.30,NBM:0.35",OPEN,YES,-6.229999999999998
36767,KXHIGHCHI-26MAY12-B75.5,2026-05-12 02:51:28.246296+00:00,KMDW,2026-05-12,1,75.0,77.0,0,0.1984987463181931,0.19779704780283125,0.03940175228989437,0.039123672119515514,75.91550000000001,3.9911676862792964,"ECMWF:0.35,GFS:0.30,NBM:0.35",OPEN,NO,9.400000000000002
36754,KXHIGHCHI-26MAY12-B77.5,2026-05-12 02:46:21.746909+00:00,KMDW,2026-05-12,1,77.0,79.0,0,0.22607072040814896,0.1731056799648898,0.05110797062585946,0.029965576436106846,75.91550000000001,3.9911676862792964,"ECMWF:0.35,GFS:0.30,NBM:0.35",OPEN,NO,6.3999999999999995
36753,KXHIGHCHI-26MAY12-T73,2026-05-12 02:46:21.479330+00:00,KMDW,2026-05-12,1,,73.0,0,0.208680664786212,0.2325459804107194,0.04354761985561538,0.05407763300518269,75.91550000000001,3.9911676862792964,"ECMWF:0.35,GFS:0.30,NBM:0.35",OPEN,YES,-19.91999999999999
36752,KXHIGHCHI-26MAY12-B73.5,2026-05-12 02:46:21.214262+00:00,KMDW,2026-05-12,1,73.0,75.0,1,0.20685972250277768,0.1767402294372603,0.6290714997883707,0.6777566498270148,75.91550000000001,3.9911676862792964,"ECMWF:0.35,GFS:0.30,NBM:0.35",OPEN,NO,-19.81
36751,KXHIGHCHI-26MAY12-T80,2026-05-12 02:46:20.948440+00:00,KMDW,2026-05-12,1,81.0,,0,0.21346930479877269,0.10134270290537906,0.045569144091271316,0.010270343432167924,75.91550000000001,3.9911676862792964,"ECMWF:0.35,GFS:0.30,NBM:0.35",OPEN,YES,-15.290000000000013
36750,KXHIGHCHI-26MAY12-B79.5,2026-05-12 02:46:20.662972+00:00,KMDW,2026-05-12,1,79.0,81.0,0,0.18773678527529514,0.1184683594789202,0.03524510054550227,0.014034752197626663,75.91550000000001,3.9911676862792964,"ECMWF:0.35,GFS:0.30,NBM:0.35",OPEN,YES,-6.229999999999998
36749,KXHIGHCHI-26MAY12-B75.5,2026-05-12 02:46:20.331846+00:00,KMDW,2026-05-12,1,75.0,77.0,0,0.19849874631819303,0.19779704780283125,0.03940175228989435,0.039123672119515514,75.91550000000001,3.9911676862792964,"ECMWF:0.35,GFS:0.30,NBM:0.35",OPEN,NO,9.400000000000002
36736,KXHIGHCHI-26MAY12-B79.5,2026-05-12 02:41:14.897792+00:00,KMDW,2026-05-12,1,79.0,81.0,0,0.187245555520003,0.1184683594789202,0.03506089806199452,0.014034752197626663,75.91550000000001,3.9911676862792964,"ECMWF:0.35,GFS:0.30,NBM:0.35",OPEN,YES,-6.229999999999998
36735,KXHIGHCHI-26MAY12-B75.5,2026-05-12 02:41:14.623755+00:00,KMDW,2026-05-12,1,75.0,77.0,0,0.19849874631819303,0.19779704780283125,0.03940175228989435,0.039123672119515514,75.91550000000001,3.9911676862792964,"ECMWF:0.35,GFS:0.30,NBM:0.35",OPEN,NO,9.400000000000002
36734,KXHIGHCHI-26MAY12-B73.5,2026-05-12 02:41:14.339946+00:00,KMDW,2026-05-12,1,73.0,75.0,1,0.2067200391732199,0.1767402294372603,0.6292930962493377,0.6777566498270148,75.91550000000001,3.9911676862792964,"ECMWF:0.35,GFS:0.30,NBM:0.35",OPEN,NO,-19.81
36733,KXHIGHCHI-26MAY12-B77.5,2026-05-12 02:41:14.063417+00:00,KMDW,2026-05-12,1,77.0,79.0,0,0.2262929804465013,0.1731056799648898,0.05120851299936063,0.029965576436106846,75.91550000000001,3.9911676862792964,"ECMWF:0.35,GFS:0.30,NBM:0.35",OPEN,NO,6.3999999999999995
36732,KXHIGHCHI-26MAY12-T73,2026-05-12 02:41:13.803564+00:00,KMDW,2026-05-12,1,,73.0,0,0.21004289703724227,0.2325459804107194,0.04411801859579756,0.05407763300518269,75.91550000000001,3.9911676862792964,"ECMWF:0.35,GFS:0.30,NBM:0.35",OPEN,YES,-19.91999999999999
36731,KXHIGHCHI-26MAY12-T80,2026-05-12 02:41:13.520219+00:00,KMDW,2026-05-12,1,81.0,,0,0.21251572559423992,0.10134270290537906,0.04516293362484628,0.010270343432167924,75.91550000000001,3.9911676862792964,"ECMWF:0.35,GFS:0.30,NBM:0.35",OPEN,YES,-15.290000000000013
36718,KXHIGHCHI-26MAY12-T73,2026-05-12 02:36:08.530547+00:00,KMDW,2026-05-12,1,,73.0,0,0.21140384359843906,0.2325459804107194,0.044691585088193285,0.05407763300518269,75.91550000000001,3.9911676862792964,"ECMWF:0.35,GFS:0.30,NBM:0.35",OPEN,YES,-19.91999999999999
36717,KXHIGHCHI-26MAY12-B77.5,2026-05-12 02:36:08.241182+00:00,KMDW,2026-05-12,1,77.0,79.0,0,0.22651503071337636,0.1731056799648898,0.05130905913908184,0.029965576436106846,75.91550000000001,3.9911676862792964,"ECMWF:0.35,GFS:0.30,NBM:0.35",OPEN,NO,6.3999999999999995
36716,KXHIGHCHI-26MAY12-T80,2026-05-12 02:36:07.951925+00:00,KMDW,2026-05-12,1,81.0,,0,0.21156304638828494,0.10134270290537906,0.044758922597091605,0.010270343432167924,75.91550000000001,3.9911676862792964,"ECMWF:0.35,GFS:0.30,NBM:0.35",OPEN,YES,-15.290000000000013
36715,KXHIGHCHI-26MAY12-B75.5,2026-05-12 02:36:07.664627+00:00,KMDW,2026-05-12,1,75.0,77.0,0,0.19849874631819303,0.19779704780283125,0.03940175228989435,0.039123672119515514,75.91550000000001,3.9911676862792964,"ECMWF:0.35,GFS:0.30,NBM:0.35",OPEN,NO,9.400000000000002
36714,KXHIGHCHI-26MAY12-B79.5,2026-05-12 02:36:07.390872+00:00,KMDW,2026-05-12,1,79.0,81.0,0,0.1867547893927758,0.1184683594789202,0.03487735136114004,0.014034752197626663,75.91550000000001,3.9911676862792964,"ECMWF:0.35,GFS:0.30,NBM:0.35",OPEN,YES,-6.229999999999998
36713,KXHIGHCHI-26MAY12-B73.5,2026-05-12 02:36:07.103967+00:00,KMDW,2026-05-12,1,73.0,75.0,1,0.20658048767833032,0.1767402294372603,0.6295145225327561,0.6777566498270148,75.91550000000001,3.9911676862792964,"ECMWF:0.35,GFS:0.30,NBM:0.35",OPEN,NO,-19.81
36700,KXHIGHCHI-26MAY12-B75.5,2026-05-12 02:30:56.848829+00:00,KMDW,2026-05-12,1,75.0,77.0,0,0.1984987463181931,0.19779704780283125,0.03940175228989437,0.039123672119515514,75.91550000000001,3.9911676862792964,"ECMWF:0.35,GFS:0.30,NBM:0.35",OPEN,NO,9.400000000000002
36699,KXHIGHCHI-26MAY12-B79.5,2026-05-12 02:30:56.579910+00:00,KMDW,2026-05-12,1,79.0,81.0,0,0.18625552959862468,0.1184683594789202,0.03469112230606415,0.014034752197626663,75.91550000000001,3.9911676862792964,"ECMWF:0.35,GFS:0.30,NBM:0.35",OPEN,YES,-6.229999999999998
36698,KXHIGHCHI-26MAY12-B77.5,2026-05-12 02:30:56.298119+00:00,KMDW,2026-05-12,1,77.0,79.0,0,0.22674092399406698,0.1731056799648898,0.051411446613683257,0.029965576436106846,75.91550000000001,3.9911676862792964,"ECMWF:0.35,GFS:0.30,NBM:0.35",OPEN,NO,6.3999999999999995
36697,KXHIGHCHI-26MAY12-T73,2026-05-12 02:30:55.995025+00:00,KMDW,2026-05-12,1,,73.0,0,0.21278834399954172,0.2325459804107194,0.0452788793420673,0.05407763300518269,75.91550000000001,3.9911676862792964,"ECMWF:0.35,GFS:0.30,NBM:0.35",OPEN,YES,-19.929999999999993
36696,KXHIGHCHI-26MAY12-T80,2026-05-12 02:30:55.710330+00:00,KMDW,2026-05-12,1,81.0,,0,0.21059387920687345,0.10134270290537906,0.044349781959399204,0.010270343432167924,75.91550000000001,3.9911676862792964,"ECMWF:0.35,GFS:0.30,NBM:0.35",OPEN,YES,-15.290000000000013
36695,KXHIGHCHI-26MAY12-B73.5,2026-05-12 02:30:55.414904+00:00,KMDW,2026-05-12,1,73.0,75.0,1,0.20643852097209958,0.1767402294372603,0.6297398209969488,0.6777566498270148,75.91550000000001,3.9911676862792964,"ECMWF:0.35,GFS:0.30,NBM:0.35",OPEN,NO,-19.81
36682,KXHIGHCHI-26MAY12-T73,2026-05-12 02:25:44.404227+00:00,KMDW,2026-05-12,1,,73.0,0,0.21417529336073254,0.2325459804107194,0.04587105628615584,0.05407763300518269,75.91550000000001,3.9911676862792964,"ECMWF:0.35,GFS:0.30,NBM:0.35",OPEN,YES,-19.929999999999993
36681,KXHIGHCHI-26MAY12-B77.5,2026-05-12 02:25:44.146869+00:00,KMDW,2026-05-12,1,77.0,79.0,0,0.22696721684389343,0.1731056799648898,0.05151411752186294,0.029965576436106846,75.91550000000001,3.9911676862792964,"ECMWF:0.35,GFS:0.30,NBM:0.35",OPEN,NO,6.3999999999999995
36680,KXHIGHCHI-26MAY12-T80,2026-05-12 02:25:43.879528+00:00,KMDW,2026-05-12,1,81.0,,0,0.20962299772350568,0.10134270290537906,0.04394180117458887,0.010270343432167924,75.91550000000001,3.9911676862792964,"ECMWF:0.35,GFS:0.30,NBM:0.35",OPEN,YES,-15.290000000000013
36679,KXHIGHCHI-26MAY12-B79.5,2026-05-12 02:25:43.600166+00:00,KMDW,2026-05-12,1,79.0,81.0,0,0.18575538669363545,0.1184683594789202,0.03450506368570204,0.014034752197626663,75.91550000000001,3.9911676862792964,"ECMWF:0.35,GFS:0.30,NBM:0.35",OPEN,YES,-6.229999999999998
36678,KXHIGHCHI-26MAY12-B75.5,2026-05-12 02:25:43.296332+00:00,KMDW,2026-05-12,1,75.0,77.0,0,0.1984987463181931,0.19779704780283125,0.03940175228989437,0.039123672119515514,75.91550000000001,3.9911676862792964,"ECMWF:0.35,GFS:0.30,NBM:0.35",OPEN,NO,9.400000000000002
36677,KXHIGHCHI-26MAY12-B73.5,2026-05-12 02:25:43.017220+00:00,KMDW,2026-05-12,1,73.0,75.0,1,0.2062963031494393,0.1767402294372603,0.6299655583942466,0.6777566498270148,75.91550000000001,3.9911676862792964,"ECMWF:0.35,GFS:0.30,NBM:0.35",OPEN,NO,-19.81
36666,KXHIGHCHI-26MAY12-B75.5,2026-05-12 02:20:31.534313+00:00,KMDW,2026-05-12,1,75.0,77.0,0,0.1984987463181931,0.19779704780283125,0.03940175228989437,0.039123672119515514,75.91550000000001,3.9911676862792964,"ECMWF:0.35,GFS:0.30,NBM:0.35",OPEN,NO,9.400000000000002
36665,KXHIGHCHI-26MAY12-B77.5,2026-05-12 02:20:31.261119+00:00,KMDW,2026-05-12,1,77.0,79.0,0,0.22719448781883134,0.1731056799648898,0.0516173352952611,0.029965576436106846,75.91550000000001,3.9911676862792964,"ECMWF:0.35,GFS:0.30,NBM:0.35",OPEN,NO,6.3999999999999995
36664,KXHIGHCHI-26MAY12-T73,2026-05-12 02:20:30.966176+00:00,KMDW,2026-05-12,1,,73.0,0,0.21556823765282696,0.2325459804107194,0.04646966508474568,0.05407763300518269,75.91550000000001,3.9911676862792964,"ECMWF:0.35,GFS:0.30,NBM:0.35",OPEN,YES,-19.929999999999993
36663,KXHIGHCHI-26MAY12-T80,2026-05-12 02:20:30.684884+00:00,KMDW,2026-05-12,1,81.0,,0,0.20864791971532504,0.10134270290537906,0.04353395440153272,0.010270343432167924,75.91550000000001,3.9911676862792964,"ECMWF:0.35,GFS:0.30,NBM:0.35",OPEN,YES,-15.290000000000013
36662,KXHIGHCHI-26MAY12-B73.5,2026-05-12 02:20:30.381389+00:00,KMDW,2026-05-12,1,73.0,75.0,1,0.2061534706064122,0.1767402294372603,0.6301923122302444,0.6777566498270148,75.91550000000001,3.9911676862792964,"ECMWF:0.35,GFS:0.30,NBM:0.35",OPEN,NO,-19.81
36661,KXHIGHCHI-26MAY12-B79.5,2026-05-12 02:20:30.058305+00:00,KMDW,2026-05-12,1,79.0,81.0,0,0.18525308197781087,0.1184683594789202,0.034318704382277514,0.014034752197626663,75.91550000000001,3.9911676862792964,"ECMWF:0.35,GFS:0.30,NBM:0.35",OPEN,YES,-6.229999999999998
36648,KXHIGHCHI-26MAY12-B77.5,2026-05-12 02:15:22.335034+00:00,KMDW,2026-05-12,1,77.0,79.0,0,0.22727402872500424,0.1731056799648898,0.05165348413289405,0.029965576436106846,75.91550000000001,3.9911676862792964,"ECMWF:0.35,GFS:0.30,NBM:0.35",OPEN,NO,6.3999999999999995
36647,KXHIGHCHI-26MAY12-T73,2026-05-12 02:15:22.071613+00:00,KMDW,2026-05-12,1,,73.0,0,0.21694186438919916,0.2325459804107194,0.04706377252466168,0.05407763300518269,75.91550000000001,3.9911676862792964,"ECMWF:0.35,GFS:0.30,NBM:0.35",OPEN,YES,-19.989999999999988
36646,KXHIGHCHI-26MAY12-B75.5,2026-05-12 02:15:21.780864+00:00,KMDW,2026-05-12,1,75.0,77.0,0,0.19864332455974765,0.19779704780283125,0.039459170392149245,0.039123672119515514,75.91550000000001,3.9911676862792964,"ECMWF:0.35,GFS:0.30,NBM:0.35",OPEN,NO,9.400000000000002
36645,KXHIGHCHI-26MAY12-B73.5,2026-05-12 02:15:21.469322+00:00,KMDW,2026-05-12,1,73.0,75.0,1,0.2060126188860386,0.1767402294372603,0.630415961368207,0.6777566498270148,75.91550000000001,3.9911676862792964,"ECMWF:0.35,GFS:0.30,NBM:0.35",OPEN,NO,-19.81
36644,KXHIGHCHI-26MAY12-T80,2026-05-12 02:15:21.192075+00:00,KMDW,2026-05-12,1,81.0,,0,0.20768636423195996,0.10134270290537906,0.04313362588789034,0.010270343432167924,75.91550000000001,3.9911676862792964,"ECMWF:0.35,GFS:0.30,NBM:0.35",OPEN,YES,-15.290000000000013
36643,KXHIGHCHI-26MAY12-B79.5,2026-05-12 02:15:20.916784+00:00,KMDW,2026-05-12,1,79.0,81.0,0,0.18475774329744987,0.1184683594789202,0.034135423708366384,0.014034752197626663,75.91550000000001,3.9911676862792964,"ECMWF:0.35,GFS:0.30,NBM:0.35",OPEN,YES,-6.229999999999998
36630,KXHIGHCHI-26MAY12-T73,2026-05-12 02:10:08.343262+00:00,KMDW,2026-05-12,1,,73.0,0,0.218336026796977,0.2325459804107194,0.047670620597490256,0.05407763300518269,75.91550000000001,3.9911676862792964,"ECMWF:0.35,GFS:0.30,NBM:0.35",OPEN,YES,-19.929999999999993
36629,KXHIGHCHI-26MAY12-B77.5,2026-05-12 02:10:08.082931+00:00,KMDW,2026-05-12,1,77.0,79.0,0,0.22727402872500424,0.1731056799648898,0.05165348413289405,0.029965576436106846,75.91550000000001,3.9911676862792964,"ECMWF:0.35,GFS:0.30,NBM:0.35",OPEN,NO,6.3999999999999995
36628,KXHIGHCHI-26MAY12-B75.5,2026-05-12 02:10:07.771178+00:00,KMDW,2026-05-12,1,75.0,77.0,0,0.19887079428085264,0.19779704780283125,0.03954959281789721,0.039123672119515514,75.91550000000001,3.9911676862792964,"ECMWF:0.35,GFS:0.30,NBM:0.35",OPEN,NO,8.530000000000001
36627,KXHIGHCHI-26MAY12-B79.5,2026-05-12 02:10:07.473392+00:00,KMDW,2026-05-12,1,79.0,81.0,0,0.1842549993212358,0.1184683594789202,0.0339499047748686,0.014034752197626663,75.91550000000001,3.9911676862792964,"ECMWF:0.35,GFS:0.30,NBM:0.35",OPEN,YES,-6.229999999999998
36626,KXHIGHCHI-26MAY12-B73.5,2026-05-12 02:10:07.207410+00:00,KMDW,2026-05-12,1,73.0,75.0,1,0.20586966143739843,0.1767402294372603,0.6306429946255521,0.6777566498270148,75.91550000000001,3.9911676862792964,"ECMWF:0.35,GFS:0.30,NBM:0.35",OPEN,NO,-19.81
36625,KXHIGHCHI-26MAY12-T80,2026-05-12 02:10:06.935163+00:00,KMDW,2026-05-12,1,81.0,,0,0.2067104335279314,0.10134270290537906,0.04272920332930534,0.010270343432167924,75.91550000000001,3.9911676862792964,"ECMWF:0.35,GFS:0.30,NBM:0.35",OPEN,YES,-15.290000000000013
36610,KXHIGHCHI-26MAY12-T73,2026-05-12 02:04:59.101514+00:00,KMDW,2026-05-12,1,,73.0,0,0.21970642496341136,0.2325459804107194,0.04827091317020311,0.05407763300518269,75.91550000000001,3.9911676862792964,"ECMWF:0.35,GFS:0.30,NBM:0.35",OPEN,YES,-19.929999999999993
36609,KXHIGHCHI-26MAY12-B77.5,2026-05-12 02:04:58.803765+00:00,KMDW,2026-05-12,1,77.0,79.0,0,0.22727402872500435,0.1731056799648898,0.051653484132894105,0.029965576436106846,75.91550000000001,3.9911676862792964,"ECMWF:0.35,GFS:0.30,NBM:0.35",OPEN,NO,7.170000000000001
43114,KXHIGHMIA-26MAY12-T85,2026-05-12 23:56:40.137788+00:00,KMIA,2026-05-12,0,,85.0,0,0.0694304417748067,0.4372386689512206,0.004820586245044824,0.19117765362623507,85.78206018066409,4.9505646755998525,"ECMWF:0.15,GFS:0.15,HRRR:0.40,NBM:0.30",OPEN,YES,-19.990000000000016
43113,KXHIGHMIA-26MAY12-B85.5,2026-05-12 23:56:39.610879+00:00,KMIA,2026-05-12,0,85.0,87.0,0,0.0694304417748067,0.15992810419574172,0.004820586245044824,0.02557699851164402,85.78206018066409,4.9505646755998525,"ECMWF:0.15,GFS:0.15,HRRR:0.40,NBM:0.30",OPEN,YES,-19.990000000000016
43112,KXHIGHMIA-26MAY12-T92,2026-05-12 23:56:39.083722+00:00,KMIA,2026-05-12,0,93.0,,0,0.5272924240430308,0.07241981154667987,0.2780373004531754,0.005244629104456627,85.78206018066409,4.9505646755998525,"ECMWF:0.15,GFS:0.15,HRRR:0.40,NBM:0.30",OPEN,YES,-15.580000000000013
43111,KXHIGHMIA-26MAY12-B87.5,2026-05-12 23:56:38.562413+00:00,KMIA,2026-05-12,0,87.0,89.0,0,0.0694304417748067,0.1449918641680179,0.004820586245044824,0.021022640674916954,85.78206018066409,4.9505646755998525,"ECMWF:0.15,GFS:0.15,HRRR:0.40,NBM:0.30",OPEN,YES,-19.990000000000016
43081,KXHIGHMIA-26MAY12-B91.5,2026-05-12 23:56:21.920658+00:00,KMIA,2026-05-12,0,91.0,93.0,1,0.4727075759569693,0.07351958233156775,0.2780373004531754,0.8583659643230727,85.78206018066409,4.9505646755998525,"ECMWF:0.15,GFS:0.15,HRRR:0.40,NBM:0.30",OPEN,NO,-19.990000000000016
43080,KXHIGHMIA-26MAY12-B89.5,2026-05-12 23:56:21.358612+00:00,KMIA,2026-05-12,0,89.0,91.0,0,0.0694304417748067,0.11190196880677217,0.004820586245044824,0.012522050622831812,85.78206018066409,4.9505646755998525,"ECMWF:0.15,GFS:0.15,HRRR:0.40,NBM:0.30",OPEN,YES,-19.990000000000016
43078,KXHIGHMIA-26MAY12-B87.5,2026-05-12 23:51:16.891782+00:00,KMIA,2026-05-12,0,87.0,89.0,0,0.0694304417748067,0.1449918641680179,0.004820586245044824,0.021022640674916954,85.78206018066409,4.9505646755998525,"ECMWF:0.15,GFS:0.15,HRRR:0.40,NBM:0.30",OPEN,YES,-19.990000000000016
43077,KXHIGHMIA-26MAY12-B91.5,2026-05-12 23:51:16.351836+00:00,KMIA,2026-05-12,0,91.0,93.0,1,0.4727075759569563,0.07351958233156775,0.278037300453189,0.8583659643230727,85.78206018066409,4.9505646755998525,"ECMWF:0.15,GFS:0.15,HRRR:0.40,NBM:0.30",OPEN,NO,-19.990000000000016
43076,KXHIGHMIA-26MAY12-B89.5,2026-05-12 23:51:15.813196+00:00,KMIA,2026-05-12,0,89.0,91.0,0,0.0694304417748067,0.11190196880677217,0.004820586245044824,0.012522050622831812,85.78206018066409,4.9505646755998525,"ECMWF:0.15,GFS:0.15,HRRR:0.40,NBM:0.30",OPEN,YES,-19.990000000000016
43075,KXHIGHMIA-26MAY12-T92,2026-05-12 23:51:15.263162+00:00,KMIA,2026-05-12,0,93.0,,0,0.5272924240430437,0.07241981154667987,0.278037300453189,0.005244629104456627,85.78206018066409,4.9505646755998525,"ECMWF:0.15,GFS:0.15,HRRR:0.40,NBM:0.30",OPEN,YES,-15.580000000000013
43074,KXHIGHMIA-26MAY12-B85.5,2026-05-12 23:51:14.708990+00:00,KMIA,2026-05-12,0,85.0,87.0,0,0.0694304417748067,0.15992810419574172,0.004820586245044824,0.02557699851164402,85.78206018066409,4.9505646755998525,"ECMWF:0.15,GFS:0.15,HRRR:0.40,NBM:0.30",OPEN,YES,-19.990000000000016
43043,KXHIGHMIA-26MAY12-T85,2026-05-12 23:50:57.423729+00:00,KMIA,2026-05-12,0,,85.0,0,0.0694304417748067,0.4372386689512206,0.004820586245044824,0.19117765362623507,85.78206018066409,4.9505646755998525,"ECMWF:0.15,GFS:0.15,HRRR:0.40,NBM:0.30",OPEN,YES,-19.990000000000016
43042,KXHIGHMIA-26MAY12-B87.5,2026-05-12 23:45:53.835936+00:00,KMIA,2026-05-12,0,87.0,89.0,0,0.0694304417748067,0.1449918641680179,0.004820586245044824,0.021022640674916954,85.78206018066409,4.9505646755998525,"ECMWF:0.15,GFS:0.15,HRRR:0.40,NBM:0.30",OPEN,YES,-19.990000000000016
43041,KXHIGHMIA-26MAY12-B85.5,2026-05-12 23:45:53.297497+00:00,KMIA,2026-05-12,0,85.0,87.0,0,0.0694304417748067,0.15992810419574172,0.004820586245044824,0.02557699851164402,85.78206018066409,4.9505646755998525,"ECMWF:0.15,GFS:0.15,HRRR:0.40,NBM:0.30",OPEN,YES,-19.990000000000016
43040,KXHIGHMIA-26MAY12-B91.5,2026-05-12 23:45:52.766754+00:00,KMIA,2026-05-12,0,91.0,93.0,1,0.47270757595695134,0.07351958233156775,0.27803730045319425,0.8583659643230727,85.78206018066409,4.9505646755998525,"ECMWF:0.15,GFS:0.15,HRRR:0.40,NBM:0.30",OPEN,NO,-19.990000000000016
43039,KXHIGHMIA-26MAY12-B89.5,2026-05-12 23:45:52.222735+00:00,KMIA,2026-05-12,0,89.0,91.0,0,0.0694304417748067,0.11190196880677217,0.004820586245044824,0.012522050622831812,85.78206018066409,4.9505646755998525,"ECMWF:0.15,GFS:0.15,HRRR:0.40,NBM:0.30",OPEN,YES,-19.990000000000016
43038,KXHIGHMIA-26MAY12-T92,2026-05-12 23:45:51.664166+00:00,KMIA,2026-05-12,0,93.0,,0,0.5272924240430487,0.07241981154667987,0.27803730045319425,0.005244629104456627,85.78206018066409,4.9505646755998525,"ECMWF:0.15,GFS:0.15,HRRR:0.40,NBM:0.30",OPEN,YES,-15.580000000000013
43007,KXHIGHMIA-26MAY12-T85,2026-05-12 23:45:34.547367+00:00,KMIA,2026-05-12,0,,85.0,0,0.0694304417748067,0.4372386689512206,0.004820586245044824,0.19117765362623507,85.78206018066409,4.9505646755998525,"ECMWF:0.15,GFS:0.15,HRRR:0.40,NBM:0.30",OPEN,YES,-19.990000000000016
43006,KXHIGHMIA-26MAY12-B87.5,2026-05-12 23:40:21.033340+00:00,KMIA,2026-05-12,0,87.0,89.0,0,0.0694304417748067,0.1449918641680179,0.004820586245044824,0.021022640674916954,85.78206018066409,4.9505646755998525,"ECMWF:0.15,GFS:0.15,HRRR:0.40,NBM:0.30",OPEN,YES,-19.990000000000016
43005,KXHIGHMIA-26MAY12-B85.5,2026-05-12 23:40:20.507090+00:00,KMIA,2026-05-12,0,85.0,87.0,0,0.0694304417748067,0.15992810419574172,0.004820586245044824,0.02557699851164402,85.78206018066409,4.9505646755998525,"ECMWF:0.15,GFS:0.15,HRRR:0.40,NBM:0.30",OPEN,YES,-19.990000000000016
43004,KXHIGHMIA-26MAY12-B91.5,2026-05-12 23:40:19.967921+00:00,KMIA,2026-05-12,0,91.0,93.0,1,0.4727075759569019,0.07351958233156775,0.2780373004532463,0.8583659643230727,85.78206018066409,4.9505646755998525,"ECMWF:0.15,GFS:0.15,HRRR:0.40,NBM:0.30",OPEN,NO,-19.990000000000016
43003,KXHIGHMIA-26MAY12-B89.5,2026-05-12 23:40:19.429818+00:00,KMIA,2026-05-12,0,89.0,91.0,0,0.0694304417748067,0.11190196880677217,0.004820586245044824,0.012522050622831812,85.78206018066409,4.9505646755998525,"ECMWF:0.15,GFS:0.15,HRRR:0.40,NBM:0.30",OPEN,YES,-19.990000000000016
43002,KXHIGHMIA-26MAY12-T92,2026-05-12 23:40:18.876117+00:00,KMIA,2026-05-12,0,93.0,,0,0.5272924240430981,0.07241981154667987,0.2780373004532463,0.005244629104456627,85.78206018066409,4.9505646755998525,"ECMWF:0.15,GFS:0.15,HRRR:0.40,NBM:0.30",OPEN,YES,-15.580000000000013
42971,KXHIGHMIA-26MAY12-T85,2026-05-12 23:40:01.541196+00:00,KMIA,2026-05-12,0,,85.0,0,0.0694304417748067,0.4372386689512206,0.004820586245044824,0.19117765362623507,85.78206018066409,4.9505646755998525,"ECMWF:0.15,GFS:0.15,HRRR:0.40,NBM:0.30",OPEN,YES,-19.990000000000016
42970,KXHIGHMIA-26MAY12-B87.5,2026-05-12 23:34:55.250743+00:00,KMIA,2026-05-12,0,87.0,89.0,0,0.0694304417748067,0.1449918641680179,0.004820586245044824,0.021022640674916954,85.78206018066409,4.9505646755998525,"ECMWF:0.15,GFS:0.15,HRRR:0.40,NBM:0.30",OPEN,YES,-19.990000000000016
42969,KXHIGHMIA-26MAY12-B85.5,2026-05-12 23:34:54.699381+00:00,KMIA,2026-05-12,0,85.0,87.0,0,0.0694304417748067,0.15992810419574172,0.004820586245044824,0.02557699851164402,85.78206018066409,4.9505646755998525,"ECMWF:0.15,GFS:0.15,HRRR:0.40,NBM:0.30",OPEN,YES,-19.990000000000016
42968,KXHIGHMIA-26MAY12-B91.5,2026-05-12 23:34:54.171610+00:00,KMIA,2026-05-12,0,91.0,93.0,1,0.4727075759569886,0.07351958233156775,0.278037300453155,0.8583659643230727,85.78206018066409,4.9505646755998525,"ECMWF:0.15,GFS:0.15,HRRR:0.40,NBM:0.30",OPEN,NO,-19.990000000000016
42967,KXHIGHMIA-26MAY12-T85,2026-05-12 23:34:53.626991+00:00,KMIA,2026-05-12,0,,85.0,0,0.0694304417748067,0.4372386689512206,0.004820586245044824,0.19117765362623507,85.78206018066409,4.9505646755998525,"ECMWF:0.15,GFS:0.15,HRRR:0.40,NBM:0.30",OPEN,YES,-19.990000000000016
42966,KXHIGHMIA-26MAY12-T92,2026-05-12 23:34:53.097638+00:00,KMIA,2026-05-12,0,93.0,,0,0.5272924240430115,0.07241981154667987,0.278037300453155,0.005244629104456627,85.78206018066409,4.9505646755998525,"ECMWF:0.15,GFS:0.15,HRRR:0.40,NBM:0.30",OPEN,YES,-15.580000000000013
42965,KXHIGHMIA-26MAY12-B89.5,2026-05-12 23:34:52.555488+00:00,KMIA,2026-05-12,0,89.0,91.0,0,0.0694304417748067,0.11190196880677217,0.004820586245044824,0.012522050622831812,85.78206018066409,4.9505646755998525,"ECMWF:0.15,GFS:0.15,HRRR:0.40,NBM:0.30",OPEN,YES,-19.990000000000016
42934,KXHIGHMIA-26MAY12-T92,2026-05-12 23:29:33.679764+00:00,KMIA,2026-05-12,0,93.0,,0,0.5272924240430337,0.07241981154667987,0.2780373004531784,0.005244629104456627,85.78206018066409,4.9505646755998525,"ECMWF:0.15,GFS:0.15,HRRR:0.40,NBM:0.30",OPEN,YES,-15.580000000000013
42933,KXHIGHMIA-26MAY12-B87.5,2026-05-12 23:29:33.136466+00:00,KMIA,2026-05-12,0,87.0,89.0,0,0.0694304417748067,0.1449918641680179,0.004820586245044824,0.021022640674916954,85.78206018066409,4.9505646755998525,"ECMWF:0.15,GFS:0.15,HRRR:0.40,NBM:0.30",OPEN,YES,-19.990000000000016
42932,KXHIGHMIA-26MAY12-B89.5,2026-05-12 23:29:32.596614+00:00,KMIA,2026-05-12,0,89.0,91.0,0,0.0694304417748067,0.11190196880677217,0.004820586245044824,0.012522050622831812,85.78206018066409,4.9505646755998525,"ECMWF:0.15,GFS:0.15,HRRR:0.40,NBM:0.30",OPEN,YES,-19.990000000000016
42931,KXHIGHMIA-26MAY12-T85,2026-05-12 23:29:32.054369+00:00,KMIA,2026-05-12,0,,85.0,0,0.0694304417748067,0.4372386689512206,0.004820586245044824,0.19117765362623507,85.78206018066409,4.9505646755998525,"ECMWF:0.15,GFS:0.15,HRRR:0.40,NBM:0.30",OPEN,YES,-19.990000000000016
42900,KXHIGHMIA-26MAY12-B85.5,2026-05-12 23:29:15.090986+00:00,KMIA,2026-05-12,0,85.0,87.0,0,0.0694304417748067,0.15992810419574172,0.004820586245044824,0.02557699851164402,85.78206018066409,4.9505646755998525,"ECMWF:0.15,GFS:0.15,HRRR:0.40,NBM:0.30",OPEN,YES,-19.990000000000016
42899,KXHIGHMIA-26MAY12-B91.5,2026-05-12 23:29:14.532386+00:00,KMIA,2026-05-12,0,91.0,93.0,1,0.47270757595696633,0.07351958233156775,0.2780373004531784,0.8583659643230727,85.78206018066409,4.9505646755998525,"ECMWF:0.15,GFS:0.15,HRRR:0.40,NBM:0.30",OPEN,NO,-19.990000000000016
42898,KXHIGHMIA-26MAY12-T92,2026-05-12 23:24:12.148361+00:00,KMIA,2026-05-12,0,93.0,,0,0.5272924240430776,0.07241981154667987,0.2780373004532248,0.005244629104456627,85.78206018066409,4.9505646755998525,"ECMWF:0.15,GFS:0.15,HRRR:0.40,NBM:0.30",OPEN,YES,-15.580000000000013
42897,KXHIGHMIA-26MAY12-T85,2026-05-12 23:24:11.583988+00:00,KMIA,2026-05-12,0,,85.0,0,0.0694304417748067,0.4372386689512206,0.004820586245044824,0.19117765362623507,85.78206018066409,4.9505646755998525,"ECMWF:0.15,GFS:0.15,HRRR:0.40,NBM:0.30",OPEN,YES,-19.990000000000016
42866,KXHIGHMIA-26MAY12-B87.5,2026-05-12 23:23:54.531899+00:00,KMIA,2026-05-12,0,87.0,89.0,0,0.0694304417748067,0.1449918641680179,0.004820586245044824,0.021022640674916954,85.78206018066409,4.9505646755998525,"ECMWF:0.15,GFS:0.15,HRRR:0.40,NBM:0.30",OPEN,YES,-19.990000000000016
42865,KXHIGHMIA-26MAY12-B85.5,2026-05-12 23:23:53.963391+00:00,KMIA,2026-05-12,0,85.0,87.0,0,0.0694304417748067,0.15992810419574172,0.004820586245044824,0.02557699851164402,85.78206018066409,4.9505646755998525,"ECMWF:0.15,GFS:0.15,HRRR:0.40,NBM:0.30",OPEN,YES,-19.990000000000016
42864,KXHIGHMIA-26MAY12-B91.5,2026-05-12 23:23:53.407114+00:00,KMIA,2026-05-12,0,91.0,93.0,1,0.4727075759569223,0.07351958233156775,0.2780373004532248,0.8583659643230727,85.78206018066409,4.9505646755998525,"ECMWF:0.15,GFS:0.15,HRRR:0.40,NBM:0.30",OPEN,NO,-19.990000000000016
42863,KXHIGHMIA-26MAY12-B89.5,2026-05-12 23:23:52.853211+00:00,KMIA,2026-05-12,0,89.0,91.0,0,0.0694304417748067,0.11190196880677217,0.004820586245044824,0.012522050622831812,85.78206018066409,4.9505646755998525,"ECMWF:0.15,GFS:0.15,HRRR:0.40,NBM:0.30",OPEN,YES,-19.990000000000016
42862,KXHIGHMIA-26MAY12-B87.5,2026-05-12 23:18:43.710332+00:00,KMIA,2026-05-12,0,87.0,89.0,0,0.0694304417748067,0.1449918641680179,0.004820586245044824,0.021022640674916954,85.78206018066409,4.9505646755998525,"ECMWF:0.15,GFS:0.15,HRRR:0.40,NBM:0.30",OPEN,YES,-19.990000000000016
42861,KXHIGHMIA-26MAY12-B85.5,2026-05-12 23:18:43.173761+00:00,KMIA,2026-05-12,0,85.0,87.0,0,0.0694304417748067,0.15992810419574172,0.004820586245044824,0.02557699851164402,85.78206018066409,4.9505646755998525,"ECMWF:0.15,GFS:0.15,HRRR:0.40,NBM:0.30",OPEN,YES,-19.990000000000016
42860,KXHIGHMIA-26MAY12-T92,2026-05-12 23:18:42.623848+00:00,KMIA,2026-05-12,0,93.0,,0,0.5272924240430722,0.07241981154667987,0.27803730045321906,0.005244629104456627,85.78206018066409,4.9505646755998525,"ECMWF:0.15,GFS:0.15,HRRR:0.40,NBM:0.30",OPEN,YES,-15.580000000000013
42859,KXHIGHMIA-26MAY12-T85,2026-05-12 23:18:42.086643+00:00,KMIA,2026-05-12,0,,85.0,0,0.0694304417748067,0.4372386689512206,0.004820586245044824,0.19117765362623507,85.78206018066409,4.9505646755998525,"ECMWF:0.15,GFS:0.15,HRRR:0.40,NBM:0.30",OPEN,YES,-19.990000000000016
42829,KXHIGHMIA-26MAY12-B91.5,2026-05-12 23:18:25.618302+00:00,KMIA,2026-05-12,0,91.0,93.0,1,0.4727075759569278,0.07351958233156775,0.27803730045321906,0.8583659643230727,85.78206018066409,4.9505646755998525,"ECMWF:0.15,GFS:0.15,HRRR:0.40,NBM:0.30",OPEN,NO,-19.990000000000016
42828,KXHIGHMIA-26MAY12-B89.5,2026-05-12 23:18:25.094055+00:00,KMIA,2026-05-12,0,89.0,91.0,0,0.0694304417748067,0.11190196880677217,0.004820586245044824,0.012522050622831812,85.78206018066409,4.9505646755998525,"ECMWF:0.15,GFS:0.15,HRRR:0.40,NBM:0.30",OPEN,YES,-19.990000000000016
42826,KXHIGHMIA-26MAY12-T92,2026-05-12 23:13:22.246104+00:00,KMIA,2026-05-12,0,93.0,,0,0.5272924240430681,0.07241981154667987,0.27803730045321473,0.005244629104456627,85.78206018066409,4.9505646755998525,"ECMWF:0.15,GFS:0.15,HRRR:0.40,NBM:0.30",OPEN,YES,-15.580000000000013
42825,KXHIGHMIA-26MAY12-B85.5,2026-05-12 23:13:21.702056+00:00,KMIA,2026-05-12,0,85.0,87.0,0,0.0694304417748067,0.15992810419574172,0.004820586245044824,0.02557699851164402,85.78206018066409,4.9505646755998525,"ECMWF:0.15,GFS:0.15,HRRR:0.40,NBM:0.30",OPEN,YES,-19.990000000000016
42824,KXHIGHMIA-26MAY12-B91.5,2026-05-12 23:13:21.167785+00:00,KMIA,2026-05-12,0,91.0,93.0,1,0.47270757595693197,0.07351958233156775,0.27803730045321473,0.8583659643230727,85.78206018066409,4.9505646755998525,"ECMWF:0.15,GFS:0.15,HRRR:0.40,NBM:0.30",OPEN,NO,-19.990000000000016
42823,KXHIGHMIA-26MAY12-B87.5,2026-05-12 23:13:20.623781+00:00,KMIA,2026-05-12,0,87.0,89.0,0,0.0694304417748067,0.1449918641680179,0.004820586245044824,0.021022640674916954,85.78206018066409,4.9505646755998525,"ECMWF:0.15,GFS:0.15,HRRR:0.40,NBM:0.30",OPEN,YES,-19.990000000000016
42793,KXHIGHMIA-26MAY12-T85,2026-05-12 23:13:04.090079+00:00,KMIA,2026-05-12,0,,85.0,0,0.0694304417748067,0.4372386689512206,0.004820586245044824,0.19117765362623507,85.78206018066409,4.9505646755998525,"ECMWF:0.15,GFS:0.15,HRRR:0.40,NBM:0.30",OPEN,YES,-19.990000000000016
42792,KXHIGHMIA-26MAY12-B89.5,2026-05-12 23:13:03.558153+00:00,KMIA,2026-05-12,0,89.0,91.0,0,0.0694304417748067,0.11190196880677217,0.004820586245044824,0.012522050622831812,85.78206018066409,4.9505646755998525,"ECMWF:0.15,GFS:0.15,HRRR:0.40,NBM:0.30",OPEN,YES,-19.990000000000016
42790,KXHIGHMIA-26MAY12-T92,2026-05-12 23:07:55.316767+00:00,KMIA,2026-05-12,0,93.0,,0,0.5272924240430221,0.07241981154667987,0.27803730045316627,0.005244629104456627,85.78206018066409,4.9505646755998525,"ECMWF:0.15,GFS:0.15,HRRR:0.40,NBM:0.30",OPEN,YES,-15.580000000000013
42789,KXHIGHMIA-26MAY12-B85.5,2026-05-12 23:07:54.770370+00:00,KMIA,2026-05-12,0,85.0,87.0,0,0.0694304417748067,0.15992810419574172,0.004820586245044824,0.02557699851164402,85.78206018066409,4.9505646755998525,"ECMWF:0.15,GFS:0.15,HRRR:0.40,NBM:0.30",OPEN,YES,-19.990000000000016
42788,KXHIGHMIA-26MAY12-B87.5,2026-05-12 23:07:54.239130+00:00,KMIA,2026-05-12,0,87.0,89.0,0,0.0694304417748067,0.1449918641680179,0.004820586245044824,0.021022640674916954,85.78206018066409,4.9505646755998525,"ECMWF:0.15,GFS:0.15,HRRR:0.40,NBM:0.30",OPEN,YES,-19.990000000000016
42787,KXHIGHMIA-26MAY12-T85,2026-05-12 23:07:53.661063+00:00,KMIA,2026-05-12,0,,85.0,0,0.0694304417748067,0.4372386689512206,0.004820586245044824,0.19117765362623507,85.78206018066409,4.9505646755998525,"ECMWF:0.15,GFS:0.15,HRRR:0.40,NBM:0.30",OPEN,YES,-19.990000000000016
42786,KXHIGHMIA-26MAY12-B89.5,2026-05-12 23:07:53.100713+00:00,KMIA,2026-05-12,0,89.0,91.0,0,0.0694304417748067,0.11190196880677217,0.004820586245044824,0.012522050622831812,85.78206018066409,4.9505646755998525,"ECMWF:0.15,GFS:0.15,HRRR:0.40,NBM:0.30",OPEN,YES,-19.990000000000016
42755,KXHIGHMIA-26MAY12-B91.5,2026-05-12 23:07:36.061705+00:00,KMIA,2026-05-12,0,91.0,93.0,1,0.4727075759569778,0.07351958233156775,0.27803730045316627,0.8583659643230727,85.78206018066409,4.9505646755998525,"ECMWF:0.15,GFS:0.15,HRRR:0.40,NBM:0.30",OPEN,NO,-19.990000000000016
42754,KXHIGHMIA-26MAY12-B89.5,2026-05-12 23:02:23.156614+00:00,KMIA,2026-05-12,0,89.0,91.0,0,0.0694304417748067,0.11190196880677217,0.004820586245044824,0.012522050622831812,85.78206018066409,4.9505646755998525,"ECMWF:0.15,GFS:0.15,HRRR:0.40,NBM:0.30",OPEN,YES,-19.990000000000016
42753,KXHIGHMIA-26MAY12-T92,2026-05-12 23:02:22.854876+00:00,KMIA,2026-05-12,0,93.0,,0,0.5272924240430299,0.07241981154667987,0.27803730045317443,0.005244629104456627,85.78206018066409,4.9505646755998525,"ECMWF:0.15,GFS:0.15,HRRR:0.40,NBM:0.30",OPEN,YES,-15.580000000000013
42752,KXHIGHMIA-26MAY12-B85.5,2026-05-12 23:02:22.543329+00:00,KMIA,2026-05-12,0,85.0,87.0,0,0.0694304417748067,0.15992810419574172,0.004820586245044824,0.02557699851164402,85.78206018066409,4.9505646755998525,"ECMWF:0.15,GFS:0.15,HRRR:0.40,NBM:0.30",OPEN,YES,-19.990000000000016
42751,KXHIGHMIA-26MAY12-B87.5,2026-05-12 23:02:22.230228+00:00,KMIA,2026-05-12,0,87.0,89.0,0,0.0694304417748067,0.1449918641680179,0.004820586245044824,0.021022640674916954,85.78206018066409,4.9505646755998525,"ECMWF:0.15,GFS:0.15,HRRR:0.40,NBM:0.30",OPEN,YES,-19.990000000000016
42749,KXHIGHMIA-26MAY12-B91.5,2026-05-12 23:02:21.627855+00:00,KMIA,2026-05-12,0,91.0,93.0,1,0.47270757595697016,0.07351958233156775,0.27803730045317443,0.8583659643230727,85.78206018066409,4.9505646755998525,"ECMWF:0.15,GFS:0.15,HRRR:0.40,NBM:0.30",OPEN,NO,-19.990000000000016
42748,KXHIGHMIA-26MAY12-T85,2026-05-12 23:02:21.074846+00:00,KMIA,2026-05-12,0,,85.0,0,0.0694304417748067,0.4372386689512206,0.004820586245044824,0.19117765362623507,85.78206018066409,4.9505646755998525,"ECMWF:0.15,GFS:0.15,HRRR:0.40,NBM:0.30",OPEN,YES,-19.990000000000016
42718,KXHIGHMIA-26MAY12-B89.5,2026-05-12 22:57:08.623946+00:00,KMIA,2026-05-12,0,89.0,91.0,0,0.0694304417748067,0.10650881382834254,0.004820586245044824,0.01134412742312053,85.57800012207034,5.232462050374011,"ECMWF:0.15,GFS:0.15,HRRR:0.40,NBM:0.30",OPEN,YES,-19.990000000000016
42717,KXHIGHMIA-26MAY12-T92,2026-05-12 22:57:08.285270+00:00,KMIA,2026-05-12,0,93.0,,0,0.5272924240430483,0.07802932068821733,0.2780373004531939,0.006088574887064661,85.57800012207034,5.232462050374011,"ECMWF:0.15,GFS:0.15,HRRR:0.40,NBM:0.30",OPEN,YES,-17.020000000000014
42716,KXHIGHMIA-26MAY12-T85,2026-05-12 22:57:07.983233+00:00,KMIA,2026-05-12,0,,85.0,0,0.0694304417748067,0.45602059079257035,0.004820586245044824,0.2079547792268049,85.57800012207034,5.232462050374011,"ECMWF:0.15,GFS:0.15,HRRR:0.40,NBM:0.30",OPEN,YES,-19.990000000000016
42715,KXHIGHMIA-26MAY12-B91.5,2026-05-12 22:57:07.671843+00:00,KMIA,2026-05-12,0,91.0,93.0,1,0.4727075759569517,0.07201963386812438,0.2780373004531939,0.8611475599262499,85.57800012207034,5.232462050374011,"ECMWF:0.15,GFS:0.15,HRRR:0.40,NBM:0.30",OPEN,NO,-19.990000000000016
42685,KXHIGHMIA-26MAY12-B85.5,2026-05-12 22:56:56.209995+00:00,KMIA,2026-05-12,0,85.0,87.0,0,0.0694304417748067,0.15107803732505337,0.004820586245044824,0.02282457336199022,85.57800012207034,5.232462050374011,"ECMWF:0.15,GFS:0.15,HRRR:0.40,NBM:0.30",OPEN,YES,-19.990000000000016
42684,KXHIGHMIA-26MAY12-B87.5,2026-05-12 22:56:55.671867+00:00,KMIA,2026-05-12,0,87.0,89.0,0,0.0694304417748067,0.13634360349769203,0.004820586245044824,0.01858957821473586,85.57800012207034,5.232462050374011,"ECMWF:0.15,GFS:0.15,HRRR:0.40,NBM:0.30",OPEN,YES,-19.990000000000016
42682,KXHIGHMIA-26MAY12-T85,2026-05-12 22:51:41.957885+00:00,KMIA,2026-05-12,0,,85.0,0,0.0694304417748067,0.45602059079257035,0.004820586245044824,0.2079547792268049,85.57800012207034,5.232462050374011,"ECMWF:0.15,GFS:0.15,HRRR:0.40,NBM:0.30",OPEN,YES,-19.990000000000016
42681,KXHIGHMIA-26MAY12-B91.5,2026-05-12 22:51:41.638256+00:00,KMIA,2026-05-12,0,91.0,93.0,1,0.47270757595694324,0.07201963386812438,0.2780373004532028,0.8611475599262499,85.57800012207034,5.232462050374011,"ECMWF:0.15,GFS:0.15,HRRR:0.40,NBM:0.30",OPEN,NO,-19.990000000000016
42680,KXHIGHMIA-26MAY12-T92,2026-05-12 22:51:41.088514+00:00,KMIA,2026-05-12,0,93.0,,0,0.5272924240430568,0.07802932068821733,0.2780373004532028,0.006088574887064661,85.57800012207034,5.232462050374011,"ECMWF:0.15,GFS:0.15,HRRR:0.40,NBM:0.30",OPEN,YES,-17.020000000000014
42650,KXHIGHMIA-26MAY12-B85.5,2026-05-12 22:51:30.734159+00:00,KMIA,2026-05-12,0,85.0,87.0,0,0.0694304417748067,0.15107803732505337,0.004820586245044824,0.02282457336199022,85.57800012207034,5.232462050374011,"ECMWF:0.15,GFS:0.15,HRRR:0.40,NBM:0.30",OPEN,YES,-19.990000000000016
42649,KXHIGHMIA-26MAY12-B89.5,2026-05-12 22:51:30.425136+00:00,KMIA,2026-05-12,0,89.0,91.0,0,0.0694304417748067,0.10650881382834254,0.004820586245044824,0.01134412742312053,85.57800012207034,5.232462050374011,"ECMWF:0.15,GFS:0.15,HRRR:0.40,NBM:0.30",OPEN,YES,-19.990000000000016
42648,KXHIGHMIA-26MAY12-B87.5,2026-05-12 22:51:30.121537+00:00,KMIA,2026-05-12,0,87.0,89.0,0,0.0694304417748067,0.13634360349769203,0.004820586245044824,0.01858957821473586,85.57800012207034,5.232462050374011,"ECMWF:0.15,GFS:0.15,HRRR:0.40,NBM:0.30",OPEN,YES,-19.990000000000016
42646,KXHIGHMIA-26MAY12-B85.5,2026-05-12 22:46:22.139465+00:00,KMIA,2026-05-12,0,85.0,87.0,0,0.0694304417748067,0.15107803732505337,0.004820586245044824,0.02282457336199022,85.57800012207034,5.232462050374011,"ECMWF:0.15,GFS:0.15,HRRR:0.40,NBM:0.30",OPEN,YES,-19.990000000000016
42645,KXHIGHMIA-26MAY12-B89.5,2026-05-12 22:46:21.834194+00:00,KMIA,2026-05-12,0,89.0,91.0,0,0.0694304417748067,0.10650881382834254,0.004820586245044824,0.01134412742312053,85.57800012207034,5.232462050374011,"ECMWF:0.15,GFS:0.15,HRRR:0.40,NBM:0.30",OPEN,YES,-19.990000000000016
42644,KXHIGHMIA-26MAY12-T85,2026-05-12 22:46:21.299100+00:00,KMIA,2026-05-12,0,,85.0,0,0.0694304417748067,0.45602059079257035,0.004820586245044824,0.2079547792268049,85.57800012207034,5.232462050374011,"ECMWF:0.15,GFS:0.15,HRRR:0.40,NBM:0.30",OPEN,YES,-19.990000000000016
42643,KXHIGHMIA-26MAY12-T92,2026-05-12 22:46:21.006949+00:00,KMIA,2026-05-12,0,93.0,,0,0.5272924240430474,0.07802932068821733,0.27803730045319297,0.006088574887064661,85.57800012207034,5.232462050374011,"ECMWF:0.15,GFS:0.15,HRRR:0.40,NBM:0.30",OPEN,YES,-17.020000000000014
42613,KXHIGHMIA-26MAY12-B91.5,2026-05-12 22:46:10.612308+00:00,KMIA,2026-05-12,0,91.0,93.0,1,0.4727075759569526,0.07201963386812438,0.27803730045319297,0.8611475599262499,85.57800012207034,5.232462050374011,"ECMWF:0.15,GFS:0.15,HRRR:0.40,NBM:0.30",OPEN,NO,-19.990000000000016
42612,KXHIGHMIA-26MAY12-B87.5,2026-05-12 22:46:10.298111+00:00,KMIA,2026-05-12,0,87.0,89.0,0,0.0694304417748067,0.13634360349769203,0.004820586245044824,0.01858957821473586,85.57800012207034,5.232462050374011,"ECMWF:0.15,GFS:0.15,HRRR:0.40,NBM:0.30",OPEN,YES,-19.990000000000016
42610,KXHIGHMIA-26MAY12-B89.5,2026-05-12 22:41:02.121599+00:00,KMIA,2026-05-12,0,89.0,91.0,0,0.0694304417748067,0.10650881382834254,0.004820586245044824,0.01134412742312053,85.57800012207034,5.232462050374011,"ECMWF:0.15,GFS:0.15,HRRR:0.40,NBM:0.30",OPEN,YES,-19.990000000000016
42609,KXHIGHMIA-26MAY12-B85.5,2026-05-12 22:41:01.802579+00:00,KMIA,2026-05-12,0,85.0,87.0,0,0.0694304417748067,0.15107803732505337,0.004820586245044824,0.02282457336199022,85.57800012207034,5.232462050374011,"ECMWF:0.15,GFS:0.15,HRRR:0.40,NBM:0.30",OPEN,YES,-19.990000000000016
42608,KXHIGHMIA-26MAY12-T85,2026-05-12 22:41:01.478030+00:00,KMIA,2026-05-12,0,,85.0,0,0.0694304417748067,0.45602059079257035,0.004820586245044824,0.2079547792268049,85.57800012207034,5.232462050374011,"ECMWF:0.15,GFS:0.15,HRRR:0.40,NBM:0.30",OPEN,YES,-19.990000000000016
42607,KXHIGHMIA-26MAY12-B91.5,2026-05-12 22:41:01.132684+00:00,KMIA,2026-05-12,0,91.0,93.0,1,0.4727075759569474,0.07201963386812438,0.27803730045319835,0.8611475599262499,85.57800012207034,5.232462050374011,"ECMWF:0.15,GFS:0.15,HRRR:0.40,NBM:0.30",OPEN,NO,-19.990000000000016
42606,KXHIGHMIA-26MAY12-B87.5,2026-05-12 22:41:00.794306+00:00,KMIA,2026-05-12,0,87.0,89.0,0,0.0694304417748067,0.13634360349769203,0.004820586245044824,0.01858957821473586,85.57800012207034,5.232462050374011,"ECMWF:0.15,GFS:0.15,HRRR:0.40,NBM:0.30",OPEN,YES,-19.990000000000016
42604,KXHIGHMIA-26MAY12-T92,2026-05-12 22:41:00.191683+00:00,KMIA,2026-05-12,0,93.0,,0,0.5272924240430525,0.07802932068821733,0.27803730045319835,0.006088574887064661,85.57800012207034,5.232462050374011,"ECMWF:0.15,GFS:0.15,HRRR:0.40,NBM:0.30",OPEN,YES,-17.020000000000014
42574,KXHIGHMIA-26MAY12-B89.5,2026-05-12 22:35:42.980016+00:00,KMIA,2026-05-12,0,89.0,91.0,0,0.0694304417748067,0.10650881382834254,0.004820586245044824,0.01134412742312053,85.57800012207034,5.232462050374011,"ECMWF:0.15,GFS:0.15,HRRR:0.40,NBM:0.30",OPEN,YES,-19.990000000000016
42573,KXHIGHMIA-26MAY12-B85.5,2026-05-12 22:35:42.683745+00:00,KMIA,2026-05-12,0,85.0,87.0,0,0.0694304417748067,0.15107803732505337,0.004820586245044824,0.02282457336199022,85.57800012207034,5.232462050374011,"ECMWF:0.15,GFS:0.15,HRRR:0.40,NBM:0.30",OPEN,YES,-19.990000000000016
42572,KXHIGHMIA-26MAY12-T85,2026-05-12 22:35:42.353817+00:00,KMIA,2026-05-12,0,,85.0,0,0.0694304417748067,0.45602059079257035,0.004820586245044824,0.2079547792268049,85.57800012207034,5.232462050374011,"ECMWF:0.15,GFS:0.15,HRRR:0.40,NBM:0.30",OPEN,YES,-19.990000000000016
42570,KXHIGHMIA-26MAY12-B87.5,2026-05-12 22:35:41.726729+00:00,KMIA,2026-05-12,0,87.0,89.0,0,0.0694304417748067,0.13634360349769203,0.004820586245044824,0.01858957821473586,85.57800012207034,5.232462050374011,"ECMWF:0.15,GFS:0.15,HRRR:0.40,NBM:0.30",OPEN,YES,-19.990000000000016
42569,KXHIGHMIA-26MAY12-T92,2026-05-12 22:35:41.412910+00:00,KMIA,2026-05-12,0,93.0,,0,0.5272924240430531,0.07802932068821733,0.2780373004531989,0.006088574887064661,85.57800012207034,5.232462050374011,"ECMWF:0.15,GFS:0.15,HRRR:0.40,NBM:0.30",OPEN,YES,-17.020000000000014
42539,KXHIGHMIA-26MAY12-B91.5,2026-05-12 22:35:29.803525+00:00,KMIA,2026-05-12,0,91.0,93.0,1,0.4727075759569469,0.07201963386812438,0.2780373004531989,0.8611475599262499,85.57800012207034,5.232462050374011,"ECMWF:0.15,GFS:0.15,HRRR:0.40,NBM:0.30",OPEN,NO,-19.990000000000016
42538,KXHIGHMIA-26MAY12-B87.5,2026-05-12 22:30:22.037658+00:00,KMIA,2026-05-12,0,87.0,89.0,0,0.0694304417748067,0.13634360349769203,0.004820586245044824,0.01858957821473586,85.57800012207034,5.232462050374011,"ECMWF:0.15,GFS:0.15,HRRR:0.40,NBM:0.30",OPEN,YES,-19.990000000000016
42537,KXHIGHMIA-26MAY12-B89.5,2026-05-12 22:30:21.743411+00:00,KMIA,2026-05-12,0,89.0,91.0,0,0.0694304417748067,0.10650881382834254,0.004820586245044824,0.01134412742312053,85.57800012207034,5.232462050374011,"ECMWF:0.15,GFS:0.15,HRRR:0.40,NBM:0.30",OPEN,YES,-19.990000000000016
42536,KXHIGHMIA-26MAY12-B85.5,2026-05-12 22:30:21.425759+00:00,KMIA,2026-05-12,0,85.0,87.0,0,0.0694304417748067,0.15107803732505337,0.004820586245044824,0.02282457336199022,85.57800012207034,5.232462050374011,"ECMWF:0.15,GFS:0.15,HRRR:0.40,NBM:0.30",OPEN,YES,-19.990000000000016
42535,KXHIGHMIA-26MAY12-T85,2026-05-12 22:30:21.028313+00:00,KMIA,2026-05-12,0,,85.0,0,0.0694304417748067,0.45602059079257035,0.004820586245044824,0.2079547792268049,85.57800012207034,5.232462050374011,"ECMWF:0.15,GFS:0.15,HRRR:0.40,NBM:0.30",OPEN,YES,-19.990000000000016
42533,KXHIGHMIA-26MAY12-B91.5,2026-05-12 22:30:20.217653+00:00,KMIA,2026-05-12,0,91.0,93.0,1,0.4727075759569481,0.07201963386812438,0.27803730045319763,0.8611475599262499,85.57800012207034,5.232462050374011,"ECMWF:0.15,GFS:0.15,HRRR:0.40,NBM:0.30",OPEN,NO,-19.990000000000016
42532,KXHIGHMIA-26MAY12-T92,2026-05-12 22:30:19.930889+00:00,KMIA,2026-05-12,0,93.0,,0,0.5272924240430519,0.07802932068821733,0.27803730045319763,0.006088574887064661,85.57800012207034,5.232462050374011,"ECMWF:0.15,GFS:0.15,HRRR:0.40,NBM:0.30",OPEN,YES,-17.020000000000014
42502,KXHIGHMIA-26MAY12-B87.5,2026-05-12 22:25:06.035430+00:00,KMIA,2026-05-12,0,87.0,89.0,0,0.0694304417748067,0.13634360349769203,0.004820586245044824,0.01858957821473586,85.57800012207034,5.232462050374011,"ECMWF:0.15,GFS:0.15,HRRR:0.40,NBM:0.30",OPEN,YES,-19.990000000000016
42501,KXHIGHMIA-26MAY12-B89.5,2026-05-12 22:25:05.752770+00:00,KMIA,2026-05-12,0,89.0,91.0,0,0.0694304417748067,0.10650881382834254,0.004820586245044824,0.01134412742312053,85.57800012207034,5.232462050374011,"ECMWF:0.15,GFS:0.15,HRRR:0.40,NBM:0.30",OPEN,YES,-19.990000000000016
42500,KXHIGHMIA-26MAY12-B91.5,2026-05-12 22:25:05.456099+00:00,KMIA,2026-05-12,0,91.0,93.0,1,0.4727075759569461,0.07201963386812438,0.27803730045319974,0.8611475599262499,85.57800012207034,5.232462050374011,"ECMWF:0.15,GFS:0.15,HRRR:0.40,NBM:0.30",OPEN,NO,-19.990000000000016
42499,KXHIGHMIA-26MAY12-T92,2026-05-12 22:25:04.926314+00:00,KMIA,2026-05-12,0,93.0,,0,0.5272924240430539,0.07802932068821733,0.27803730045319974,0.006088574887064661,85.57800012207034,5.232462050374011,"ECMWF:0.15,GFS:0.15,HRRR:0.40,NBM:0.30",OPEN,YES,-17.020000000000014
42469,KXHIGHMIA-26MAY12-B85.5,2026-05-12 22:24:53.556599+00:00,KMIA,2026-05-12,0,85.0,87.0,0,0.0694304417748067,0.15107803732505337,0.004820586245044824,0.02282457336199022,85.57800012207034,5.232462050374011,"ECMWF:0.15,GFS:0.15,HRRR:0.40,NBM:0.30",OPEN,YES,-19.990000000000016
42468,KXHIGHMIA-26MAY12-T85,2026-05-12 22:24:53.279713+00:00,KMIA,2026-05-12,0,,85.0,0,0.0694304417748067,0.45602059079257035,0.004820586245044824,0.2079547792268049,85.57800012207034,5.232462050374011,"ECMWF:0.15,GFS:0.15,HRRR:0.40,NBM:0.30",OPEN,YES,-19.990000000000016
42466,KXHIGHMIA-26MAY12-T92,2026-05-12 22:19:40.700896+00:00,KMIA,2026-05-12,0,93.0,,0,0.5272924240430503,0.07802932068821733,0.27803730045319597,0.006088574887064661,85.57800012207034,5.232462050374011,"ECMWF:0.15,GFS:0.15,HRRR:0.40,NBM:0.30",OPEN,YES,-17.020000000000014
42465,KXHIGHMIA-26MAY12-B87.5,2026-05-12 22:19:40.163084+00:00,KMIA,2026-05-12,0,87.0,89.0,0,0.0694304417748067,0.13634360349769203,0.004820586245044824,0.01858957821473586,85.57800012207034,5.232462050374011,"ECMWF:0.15,GFS:0.15,HRRR:0.40,NBM:0.30",OPEN,YES,-19.990000000000016
42464,KXHIGHMIA-26MAY12-B91.5,2026-05-12 22:19:39.880001+00:00,KMIA,2026-05-12,0,91.0,93.0,1,0.4727075759569496,0.07201963386812438,0.27803730045319597,0.8611475599262499,85.57800012207034,5.232462050374011,"ECMWF:0.15,GFS:0.15,HRRR:0.40,NBM:0.30",OPEN,NO,-19.990000000000016
42434,KXHIGHMIA-26MAY12-B85.5,2026-05-12 22:19:28.328468+00:00,KMIA,2026-05-12,0,85.0,87.0,0,0.0694304417748067,0.15107803732505337,0.004820586245044824,0.02282457336199022,85.57800012207034,5.232462050374011,"ECMWF:0.15,GFS:0.15,HRRR:0.40,NBM:0.30",OPEN,YES,-19.990000000000016
42433,KXHIGHMIA-26MAY12-T85,2026-05-12 22:19:27.797212+00:00,KMIA,2026-05-12,0,,85.0,0,0.0694304417748067,0.45602059079257035,0.004820586245044824,0.2079547792268049,85.57800012207034,5.232462050374011,"ECMWF:0.15,GFS:0.15,HRRR:0.40,NBM:0.30",OPEN,YES,-19.990000000000016
42431,KXHIGHMIA-26MAY12-B89.5,2026-05-12 22:19:27.098732+00:00,KMIA,2026-05-12,0,89.0,91.0,0,0.0694304417748067,0.10650881382834254,0.004820586245044824,0.01134412742312053,85.57800012207034,5.232462050374011,"ECMWF:0.15,GFS:0.15,HRRR:0.40,NBM:0.30",OPEN,YES,-19.990000000000016
42430,KXHIGHMIA-26MAY12-B85.5,2026-05-12 22:14:18.405484+00:00,KMIA,2026-05-12,0,85.0,87.0,0,0.0694304417748067,0.15107803732505337,0.004820586245044824,0.02282457336199022,85.57800012207034,5.232462050374011,"ECMWF:0.15,GFS:0.15,HRRR:0.40,NBM:0.30",OPEN,YES,-19.990000000000016
42429,KXHIGHMIA-26MAY12-B91.5,2026-05-12 22:14:18.106836+00:00,KMIA,2026-05-12,0,91.0,93.0,1,0.4727075759569551,0.07201963386812438,0.27803730045319025,0.8611475599262499,85.57800012207034,5.232462050374011,"ECMWF:0.15,GFS:0.15,HRRR:0.40,NBM:0.30",OPEN,NO,-19.990000000000016
42428,KXHIGHMIA-26MAY12-T85,2026-05-12 22:14:17.818729+00:00,KMIA,2026-05-12,0,,85.0,0,0.0694304417748067,0.45602059079257035,0.004820586245044824,0.2079547792268049,85.57800012207034,5.232462050374011,"ECMWF:0.15,GFS:0.15,HRRR:0.40,NBM:0.30",OPEN,YES,-19.990000000000016
42427,KXHIGHMIA-26MAY12-T92,2026-05-12 22:14:17.283013+00:00,KMIA,2026-05-12,0,93.0,,0,0.5272924240430449,0.07802932068821733,0.27803730045319025,0.006088574887064661,85.57800012207034,5.232462050374011,"ECMWF:0.15,GFS:0.15,HRRR:0.40,NBM:0.30",OPEN,YES,-17.020000000000014
42397,KXHIGHMIA-26MAY12-B89.5,2026-05-12 22:14:06.366998+00:00,KMIA,2026-05-12,0,89.0,91.0,0,0.0694304417748067,0.10650881382834254,0.004820586245044824,0.01134412742312053,85.57800012207034,5.232462050374011,"ECMWF:0.15,GFS:0.15,HRRR:0.40,NBM:0.30",OPEN,YES,-19.990000000000016
42396,KXHIGHMIA-26MAY12-B87.5,2026-05-12 22:14:05.832847+00:00,KMIA,2026-05-12,0,87.0,89.0,0,0.0694304417748067,0.13634360349769203,0.004820586245044824,0.01858957821473586,85.57800012207034,5.232462050374011,"ECMWF:0.15,GFS:0.15,HRRR:0.40,NBM:0.30",OPEN,YES,-19.990000000000016
42394,KXHIGHMIA-26MAY12-B85.5,2026-05-12 22:09:04.398287+00:00,KMIA,2026-05-12,0,85.0,87.0,0,0.0694304417748067,0.15107803732505337,0.004820586245044824,0.02282457336199022,85.57800012207034,5.232462050374011,"ECMWF:0.15,GFS:0.15,HRRR:0.40,NBM:0.30",OPEN,YES,-19.990000000000016
42393,KXHIGHMIA-26MAY12-B91.5,2026-05-12 22:09:04.091503+00:00,KMIA,2026-05-12,0,91.0,93.0,1,0.472707575956949,0.07201963386812438,0.2780373004531967,0.8611475599262499,85.57800012207034,5.232462050374011,"ECMWF:0.15,GFS:0.15,HRRR:0.40,NBM:0.30",OPEN,NO,-19.990000000000016
42392,KXHIGHMIA-26MAY12-T92,2026-05-12 22:09:03.787537+00:00,KMIA,2026-05-12,0,93.0,,0,0.527292424043051,0.07802932068821733,0.2780373004531967,0.006088574887064661,85.57800012207034,5.232462050374011,"ECMWF:0.15,GFS:0.15,HRRR:0.40,NBM:0.30",OPEN,YES,-17.020000000000014
42391,KXHIGHMIA-26MAY12-B89.5,2026-05-12 22:09:03.492787+00:00,KMIA,2026-05-12,0,89.0,91.0,0,0.0694304417748067,0.10650881382834254,0.004820586245044824,0.01134412742312053,85.57800012207034,5.232462050374011,"ECMWF:0.15,GFS:0.15,HRRR:0.40,NBM:0.30",OPEN,YES,-19.990000000000016
42390,KXHIGHMIA-26MAY12-B87.5,2026-05-12 22:09:03.174689+00:00,KMIA,2026-05-12,0,87.0,89.0,0,0.0694304417748067,0.13634360349769203,0.004820586245044824,0.01858957821473586,85.57800012207034,5.232462050374011,"ECMWF:0.15,GFS:0.15,HRRR:0.40,NBM:0.30",OPEN,YES,-19.990000000000016
42359,KXHIGHMIA-26MAY12-T85,2026-05-12 22:08:52.058678+00:00,KMIA,2026-05-12,0,,85.0,0,0.0694304417748067,0.45602059079257035,0.004820586245044824,0.2079547792268049,85.57800012207034,5.232462050374011,"ECMWF:0.15,GFS:0.15,HRRR:0.40,NBM:0.30",OPEN,YES,-19.990000000000016
42358,KXHIGHMIA-26MAY12-B85.5,2026-05-12 22:03:49.945225+00:00,KMIA,2026-05-12,0,85.0,87.0,0,0.0694304417748067,0.15107803732505337,0.004820586245044824,0.02282457336199022,85.57800012207034,5.232462050374011,"ECMWF:0.15,GFS:0.15,HRRR:0.40,NBM:0.30",OPEN,YES,-19.990000000000016
42357,KXHIGHMIA-26MAY12-B87.5,2026-05-12 22:03:49.659217+00:00,KMIA,2026-05-12,0,87.0,89.0,0,0.0694304417748067,0.13634360349769203,0.004820586245044824,0.01858957821473586,85.57800012207034,5.232462050374011,"ECMWF:0.15,GFS:0.15,HRRR:0.40,NBM:0.30",OPEN,YES,-19.990000000000016
42356,KXHIGHMIA-26MAY12-B91.5,2026-05-12 22:03:49.371029+00:00,KMIA,2026-05-12,0,91.0,93.0,1,0.4727075759569526,0.07201963386812438,0.27803730045319297,0.8611475599262499,85.57800012207034,5.232462050374011,"ECMWF:0.15,GFS:0.15,HRRR:0.40,NBM:0.30",OPEN,NO,-19.990000000000016
42355,KXHIGHMIA-26MAY12-T92,2026-05-12 22:03:49.075031+00:00,KMIA,2026-05-12,0,93.0,,0,0.5272924240430474,0.07802932068821733,0.27803730045319297,0.006088574887064661,85.57800012207034,5.232462050374011,"ECMWF:0.15,GFS:0.15,HRRR:0.40,NBM:0.30",OPEN,YES,-17.020000000000014
42353,KXHIGHMIA-26MAY12-T85,2026-05-12 22:03:48.211674+00:00,KMIA,2026-05-12,0,,85.0,0,0.0694304417748067,0.45602059079257035,0.004820586245044824,0.2079547792268049,85.57800012207034,5.232462050374011,"ECMWF:0.15,GFS:0.15,HRRR:0.40,NBM:0.30",OPEN,YES,-19.990000000000016
42352,KXHIGHMIA-26MAY12-B89.5,2026-05-12 22:03:47.670275+00:00,KMIA,2026-05-12,0,89.0,91.0,0,0.0694304417748067,0.10650881382834254,0.004820586245044824,0.01134412742312053,85.57800012207034,5.232462050374011,"ECMWF:0.15,GFS:0.15,HRRR:0.40,NBM:0.30",OPEN,YES,-19.990000000000016
42322,KXHIGHMIA-26MAY12-B85.5,2026-05-12 21:58:22.911339+00:00,KMIA,2026-05-12,0,85.0,87.0,0,0.0694304417748067,0.24990008289240767,0.004820586245044824,0.062450051429632225,87.61033898925784,2.593247563586948,"ECMWF:0.15,GFS:0.15,HRRR:0.40,NBM:0.30",OPEN,YES,-19.990000000000016
42321,KXHIGHMIA-26MAY12-B87.5,2026-05-12 21:58:22.616016+00:00,KMIA,2026-05-12,0,87.0,89.0,0,0.0694304417748067,0.2970122987419798,0.004820586245044824,0.08821630560399507,87.61033898925784,2.593247563586948,"ECMWF:0.15,GFS:0.15,HRRR:0.40,NBM:0.30",OPEN,YES,-19.990000000000016
42320,KXHIGHMIA-26MAY12-T85,2026-05-12 21:58:22.310324+00:00,KMIA,2026-05-12,0,,85.0,0,0.0694304417748067,0.15706574262081807,0.004820586245044824,0.024669647505029067,87.61033898925784,2.593247563586948,"ECMWF:0.15,GFS:0.15,HRRR:0.40,NBM:0.30",OPEN,YES,-19.990000000000016
42319,KXHIGHMIA-26MAY12-B89.5,2026-05-12 21:58:21.972945+00:00,KMIA,2026-05-12,0,89.0,91.0,0,0.0694304417748067,0.20043427576097173,0.004820586245044824,0.040173898899825256,87.61033898925784,2.593247563586948,"ECMWF:0.15,GFS:0.15,HRRR:0.40,NBM:0.30",OPEN,YES,-19.990000000000016
42289,KXHIGHMIA-26MAY12-B91.5,2026-05-12 21:58:10.131677+00:00,KMIA,2026-05-12,0,91.0,93.0,1,0.47270757595695206,0.07674876550377685,0.2780373004531934,0.8523928419988,87.61033898925784,2.593247563586948,"ECMWF:0.15,GFS:0.15,HRRR:0.40,NBM:0.30",OPEN,NO,-19.990000000000016
42288,KXHIGHMIA-26MAY12-T92,2026-05-12 21:58:09.813641+00:00,KMIA,2026-05-12,0,93.0,,0,0.5272924240430479,0.018838834480045863,0.2780373004531934,0.00035490168456656486,87.61033898925784,2.593247563586948,"ECMWF:0.15,GFS:0.15,HRRR:0.40,NBM:0.30",OPEN,YES,-2.0500000000000016
42286,KXHIGHMIA-26MAY12-T85,2026-05-12 21:53:06.471926+00:00,KMIA,2026-05-12,0,,85.0,0,0.0694304417748067,0.15706574262081807,0.004820586245044824,0.024669647505029067,87.61033898925784,2.593247563586948,"ECMWF:0.15,GFS:0.15,HRRR:0.40,NBM:0.30",OPEN,YES,-19.990000000000016
42285,KXHIGHMIA-26MAY12-B85.5,2026-05-12 21:53:06.167697+00:00,KMIA,2026-05-12,0,85.0,87.0,0,0.0694304417748067,0.24990008289240767,0.004820586245044824,0.062450051429632225,87.61033898925784,2.593247563586948,"ECMWF:0.15,GFS:0.15,HRRR:0.40,NBM:0.30",OPEN,YES,-19.990000000000016
42284,KXHIGHMIA-26MAY12-B87.5,2026-05-12 21:53:05.636580+00:00,KMIA,2026-05-12,0,87.0,89.0,0,0.0694304417748067,0.2970122987419798,0.004820586245044824,0.08821630560399507,87.61033898925784,2.593247563586948,"ECMWF:0.15,GFS:0.15,HRRR:0.40,NBM:0.30",OPEN,YES,-19.990000000000016
42254,KXHIGHMIA-26MAY12-B91.5,2026-05-12 21:52:53.860644+00:00,KMIA,2026-05-12,0,91.0,93.0,1,0.472707575956949,0.07674876550377685,0.2780373004531967,0.8523928419988,87.61033898925784,2.593247563586948,"ECMWF:0.15,GFS:0.15,HRRR:0.40,NBM:0.30",OPEN,NO,-19.990000000000016
42253,KXHIGHMIA-26MAY12-B89.5,2026-05-12 21:52:53.556702+00:00,KMIA,2026-05-12,0,89.0,91.0,0,0.0694304417748067,0.20043427576097173,0.004820586245044824,0.040173898899825256,87.61033898925784,2.593247563586948,"ECMWF:0.15,GFS:0.15,HRRR:0.40,NBM:0.30",OPEN,YES,-19.990000000000016
42252,KXHIGHMIA-26MAY12-T92,2026-05-12 21:52:53.207640+00:00,KMIA,2026-05-12,0,93.0,,0,0.527292424043051,0.018838834480045863,0.2780373004531967,0.00035490168456656486,87.61033898925784,2.593247563586948,"ECMWF:0.15,GFS:0.15,HRRR:0.40,NBM:0.30",OPEN,YES,-2.0500000000000016
42250,KXHIGHMIA-26MAY12-B91.5,2026-05-12 21:47:44.285317+00:00,KMIA,2026-05-12,0,91.0,93.0,1,0.4727075759569487,0.07674876550377685,0.278037300453197,0.8523928419988,87.61033898925784,2.593247563586948,"ECMWF:0.15,GFS:0.15,HRRR:0.40,NBM:0.30",OPEN,NO,-19.990000000000016
42249,KXHIGHMIA-26MAY12-B89.5,2026-05-12 21:47:43.989482+00:00,KMIA,2026-05-12,0,89.0,91.0,0,0.0694304417748067,0.20043427576097173,0.004820586245044824,0.040173898899825256,87.61033898925784,2.593247563586948,"ECMWF:0.15,GFS:0.15,HRRR:0.40,NBM:0.30",OPEN,YES,-19.990000000000016
42248,KXHIGHMIA-26MAY12-T85,2026-05-12 21:47:43.677571+00:00,KMIA,2026-05-12,0,,85.0,0,0.0694304417748067,0.15706574262081807,0.004820586245044824,0.024669647505029067,87.61033898925784,2.593247563586948,"ECMWF:0.15,GFS:0.15,HRRR:0.40,NBM:0.30",OPEN,YES,-19.990000000000016
42247,KXHIGHMIA-26MAY12-B87.5,2026-05-12 21:47:43.383501+00:00,KMIA,2026-05-12,0,87.0,89.0,0,0.0694304417748067,0.2970122987419798,0.004820586245044824,0.08821630560399507,87.61033898925784,2.593247563586948,"ECMWF:0.15,GFS:0.15,HRRR:0.40,NBM:0.30",OPEN,YES,-19.990000000000016
42217,KXHIGHMIA-26MAY12-T92,2026-05-12 21:47:33.045222+00:00,KMIA,2026-05-12,0,93.0,,0,0.5272924240430513,0.018838834480045863,0.278037300453197,0.00035490168456656486,87.61033898925784,2.593247563586948,"ECMWF:0.15,GFS:0.15,HRRR:0.40,NBM:0.30",OPEN,YES,-2.0500000000000016
42216,KXHIGHMIA-26MAY12-B85.5,2026-05-12 21:47:32.721036+00:00,KMIA,2026-05-12,0,85.0,87.0,0,0.0694304417748067,0.24990008289240767,0.004820586245044824,0.062450051429632225,87.61033898925784,2.593247563586948,"ECMWF:0.15,GFS:0.15,HRRR:0.40,NBM:0.30",OPEN,YES,-19.990000000000016
42214,KXHIGHMIA-26MAY12-T85,2026-05-12 21:42:28.817511+00:00,KMIA,2026-05-12,0,,85.0,0,0.0694304417748067,0.15706574262081807,0.004820586245044824,0.024669647505029067,87.61033898925784,2.593247563586948,"ECMWF:0.15,GFS:0.15,HRRR:0.40,NBM:0.30",OPEN,YES,-19.990000000000016
42213,KXHIGHMIA-26MAY12-B91.5,2026-05-12 21:42:28.268180+00:00,KMIA,2026-05-12,0,91.0,93.0,1,0.47270757595694896,0.07674876550377685,0.2780373004531967,0.8523928419988,87.61033898925784,2.593247563586948,"ECMWF:0.15,GFS:0.15,HRRR:0.40,NBM:0.30",OPEN,NO,-19.990000000000016
42212,KXHIGHMIA-26MAY12-B89.5,2026-05-12 21:42:27.929177+00:00,KMIA,2026-05-12,0,89.0,91.0,0,0.0694304417748067,0.20043427576097173,0.004820586245044824,0.040173898899825256,87.61033898925784,2.593247563586948,"ECMWF:0.15,GFS:0.15,HRRR:0.40,NBM:0.30",OPEN,YES,-19.990000000000016
42211,KXHIGHMIA-26MAY12-B87.5,2026-05-12 21:42:27.634931+00:00,KMIA,2026-05-12,0,87.0,89.0,0,0.0694304417748067,0.2970122987419798,0.004820586245044824,0.08821630560399507,87.61033898925784,2.593247563586948,"ECMWF:0.15,GFS:0.15,HRRR:0.40,NBM:0.30",OPEN,YES,-19.990000000000016
42210,KXHIGHMIA-26MAY12-T92,2026-05-12 21:42:27.117264+00:00,KMIA,2026-05-12,0,93.0,,0,0.527292424043051,0.018838834480045863,0.2780373004531967,0.00035490168456656486,87.61033898925784,2.593247563586948,"ECMWF:0.15,GFS:0.15,HRRR:0.40,NBM:0.30",OPEN,YES,-2.0500000000000016
42209,KXHIGHMIA-26MAY12-B85.5,2026-05-12 21:42:26.757255+00:00,KMIA,2026-05-12,0,85.0,87.0,0,0.0694304417748067,0.24990008289240767,0.004820586245044824,0.062450051429632225,87.61033898925784,2.593247563586948,"ECMWF:0.15,GFS:0.15,HRRR:0.40,NBM:0.30",OPEN,YES,-19.990000000000016
42178,KXHIGHMIA-26MAY12-T85,2026-05-12 21:37:13.814877+00:00,KMIA,2026-05-12,0,,85.0,0,0.0694304417748067,0.15706574262081807,0.004820586245044824,0.024669647505029067,87.61033898925784,2.593247563586948,"ECMWF:0.15,GFS:0.15,HRRR:0.40,NBM:0.30",OPEN,YES,-19.990000000000016
42177,KXHIGHMIA-26MAY12-B91.5,2026-05-12 21:37:13.508469+00:00,KMIA,2026-05-12,0,91.0,93.0,1,0.4727075759569504,0.07674876550377685,0.2780373004531953,0.8523928419988,87.61033898925784,2.593247563586948,"ECMWF:0.15,GFS:0.15,HRRR:0.40,NBM:0.30",OPEN,NO,-19.990000000000016
42176,KXHIGHMIA-26MAY12-B89.5,2026-05-12 21:37:13.181611+00:00,KMIA,2026-05-12,0,89.0,91.0,0,0.0694304417748067,0.20043427576097173,0.004820586245044824,0.040173898899825256,87.61033898925784,2.593247563586948,"ECMWF:0.15,GFS:0.15,HRRR:0.40,NBM:0.30",OPEN,YES,-19.990000000000016
42175,KXHIGHMIA-26MAY12-B87.5,2026-05-12 21:37:12.859159+00:00,KMIA,2026-05-12,0,87.0,89.0,0,0.0694304417748067,0.2970122987419798,0.004820586245044824,0.08821630560399507,87.61033898925784,2.593247563586948,"ECMWF:0.15,GFS:0.15,HRRR:0.40,NBM:0.30",OPEN,YES,-19.990000000000016
42174,KXHIGHMIA-26MAY12-B85.5,2026-05-12 21:37:12.558162+00:00,KMIA,2026-05-12,0,85.0,87.0,0,0.0694304417748067,0.24990008289240767,0.004820586245044824,0.062450051429632225,87.61033898925784,2.593247563586948,"ECMWF:0.15,GFS:0.15,HRRR:0.40,NBM:0.30",OPEN,YES,-19.990000000000016
42143,KXHIGHMIA-26MAY12-T92,2026-05-12 21:37:00.441260+00:00,KMIA,2026-05-12,0,93.0,,0,0.5272924240430497,0.018838834480045863,0.2780373004531953,0.00035490168456656486,87.61033898925784,2.593247563586948,"ECMWF:0.15,GFS:0.15,HRRR:0.40,NBM:0.30",OPEN,YES,-2.0500000000000016
42142,KXHIGHMIA-26MAY12-T85,2026-05-12 21:31:56.735409+00:00,KMIA,2026-05-12,0,,85.0,0,0.0694304417748067,0.15706574262081807,0.004820586245044824,0.024669647505029067,87.61033898925784,2.593247563586948,"ECMWF:0.15,GFS:0.15,HRRR:0.40,NBM:0.30",OPEN,YES,-19.990000000000016
42141,KXHIGHMIA-26MAY12-B85.5,2026-05-12 21:31:56.454610+00:00,KMIA,2026-05-12,0,85.0,87.0,0,0.0694304417748067,0.24990008289240767,0.004820586245044824,0.062450051429632225,87.61033898925784,2.593247563586948,"ECMWF:0.15,GFS:0.15,HRRR:0.40,NBM:0.30",OPEN,YES,-19.990000000000016
42140,KXHIGHMIA-26MAY12-B91.5,2026-05-12 21:31:56.147969+00:00,KMIA,2026-05-12,0,91.0,93.0,1,0.4727075759569515,0.07674876550377685,0.27803730045319414,0.8523928419988,87.61033898925784,2.593247563586948,"ECMWF:0.15,GFS:0.15,HRRR:0.40,NBM:0.30",OPEN,NO,-19.990000000000016
42139,KXHIGHMIA-26MAY12-B89.5,2026-05-12 21:31:55.868388+00:00,KMIA,2026-05-12,0,89.0,91.0,0,0.0694304417748067,0.20043427576097173,0.004820586245044824,0.040173898899825256,87.61033898925784,2.593247563586948,"ECMWF:0.15,GFS:0.15,HRRR:0.40,NBM:0.30",OPEN,YES,-19.990000000000016
42138,KXHIGHMIA-26MAY12-B87.5,2026-05-12 21:31:55.327928+00:00,KMIA,2026-05-12,0,87.0,89.0,0,0.0694304417748067,0.2970122987419798,0.004820586245044824,0.08821630560399507,87.61033898925784,2.593247563586948,"ECMWF:0.15,GFS:0.15,HRRR:0.40,NBM:0.30",OPEN,YES,-19.990000000000016
42137,KXHIGHMIA-26MAY12-T92,2026-05-12 21:31:55.013544+00:00,KMIA,2026-05-12,0,93.0,,0,0.5272924240430485,0.018838834480045863,0.27803730045319414,0.00035490168456656486,87.61033898925784,2.593247563586948,"ECMWF:0.15,GFS:0.15,HRRR:0.40,NBM:0.30",OPEN,YES,-2.0500000000000016
42106,KXHIGHMIA-26MAY12-T85,2026-05-12 21:26:42.795626+00:00,KMIA,2026-05-12,0,,85.0,0,0.0694304417748067,0.15706574262081807,0.004820586245044824,0.024669647505029067,87.61033898925784,2.593247563586948,"ECMWF:0.15,GFS:0.15,HRRR:0.40,NBM:0.30",OPEN,YES,-19.990000000000016
42105,KXHIGHMIA-26MAY12-B85.5,2026-05-12 21:26:42.491996+00:00,KMIA,2026-05-12,0,85.0,87.0,0,0.0694304417748067,0.24990008289240767,0.004820586245044824,0.062450051429632225,87.61033898925784,2.593247563586948,"ECMWF:0.15,GFS:0.15,HRRR:0.40,NBM:0.30",OPEN,YES,-19.990000000000016
42104,KXHIGHMIA-26MAY12-T92,2026-05-12 21:26:42.188204+00:00,KMIA,2026-05-12,0,93.0,,0,0.5272924240430505,0.018838834480045863,0.27803730045319625,0.00035490168456656486,87.61033898925784,2.593247563586948,"ECMWF:0.15,GFS:0.15,HRRR:0.40,NBM:0.30",OPEN,YES,-2.0500000000000016
42073,KXHIGHMIA-26MAY12-B91.5,2026-05-12 21:26:30.522046+00:00,KMIA,2026-05-12,0,91.0,93.0,1,0.47270757595694946,0.07674876550377685,0.27803730045319625,0.8523928419988,87.61033898925784,2.593247563586948,"ECMWF:0.15,GFS:0.15,HRRR:0.40,NBM:0.30",OPEN,NO,-19.990000000000016
42072,KXHIGHMIA-26MAY12-B89.5,2026-05-12 21:26:30.001870+00:00,KMIA,2026-05-12,0,89.0,91.0,0,0.0694304417748067,0.20043427576097173,0.004820586245044824,0.040173898899825256,87.61033898925784,2.593247563586948,"ECMWF:0.15,GFS:0.15,HRRR:0.40,NBM:0.30",OPEN,YES,-19.990000000000016
42071,KXHIGHMIA-26MAY12-B87.5,2026-05-12 21:26:29.725055+00:00,KMIA,2026-05-12,0,87.0,89.0,0,0.0694304417748067,0.2970122987419798,0.004820586245044824,0.08821630560399507,87.61033898925784,2.593247563586948,"ECMWF:0.15,GFS:0.15,HRRR:0.40,NBM:0.30",OPEN,YES,-19.990000000000016
42070,KXHIGHMIA-26MAY12-T85,2026-05-12 21:21:24.340800+00:00,KMIA,2026-05-12,0,,85.0,0,0.0694304417748067,0.15706574262081807,0.004820586245044824,0.024669647505029067,87.61033898925784,2.593247563586948,"ECMWF:0.15,GFS:0.15,HRRR:0.40,NBM:0.30",OPEN,YES,-19.990000000000016
42069,KXHIGHMIA-26MAY12-T92,2026-05-12 21:21:24.039540+00:00,KMIA,2026-05-12,0,93.0,,0,0.5272924240430499,0.018838834480045863,0.2780373004531955,0.00035490168456656486,87.61033898925784,2.593247563586948,"ECMWF:0.15,GFS:0.15,HRRR:0.40,NBM:0.30",OPEN,YES,-2.0500000000000016
42038,KXHIGHMIA-26MAY12-B91.5,2026-05-12 21:21:13.169428+00:00,KMIA,2026-05-12,0,91.0,93.0,1,0.47270757595695007,0.07674876550377685,0.2780373004531955,0.8523928419988,87.61033898925784,2.593247563586948,"ECMWF:0.15,GFS:0.15,HRRR:0.40,NBM:0.30",OPEN,NO,-19.990000000000016
42037,KXHIGHMIA-26MAY12-B89.5,2026-05-12 21:21:12.640921+00:00,KMIA,2026-05-12,0,89.0,91.0,0,0.0694304417748067,0.20043427576097173,0.004820586245044824,0.040173898899825256,87.61033898925784,2.593247563586948,"ECMWF:0.15,GFS:0.15,HRRR:0.40,NBM:0.30",OPEN,YES,-19.990000000000016
42036,KXHIGHMIA-26MAY12-B87.5,2026-05-12 21:21:12.318939+00:00,KMIA,2026-05-12,0,87.0,89.0,0,0.0694304417748067,0.2970122987419798,0.004820586245044824,0.08821630560399507,87.61033898925784,2.593247563586948,"ECMWF:0.15,GFS:0.15,HRRR:0.40,NBM:0.30",OPEN,YES,-19.990000000000016
42035,KXHIGHMIA-26MAY12-B85.5,2026-05-12 21:21:12.019367+00:00,KMIA,2026-05-12,0,85.0,87.0,0,0.0694304417748067,0.24990008289240767,0.004820586245044824,0.062450051429632225,87.61033898925784,2.593247563586948,"ECMWF:0.15,GFS:0.15,HRRR:0.40,NBM:0.30",OPEN,YES,-19.990000000000016
42034,KXHIGHMIA-26MAY12-B91.5,2026-05-12 21:16:10.812191+00:00,KMIA,2026-05-12,0,91.0,93.0,1,0.47270757595695106,0.07674876550377685,0.2780373004531946,0.8523928419988,87.61033898925784,2.593247563586948,"ECMWF:0.15,GFS:0.15,HRRR:0.40,NBM:0.30",OPEN,NO,-19.990000000000016
42033,KXHIGHMIA-26MAY12-T92,2026-05-12 21:16:10.528461+00:00,KMIA,2026-05-12,0,93.0,,0,0.527292424043049,0.018838834480045863,0.2780373004531946,0.00035490168456656486,87.61033898925784,2.593247563586948,"ECMWF:0.15,GFS:0.15,HRRR:0.40,NBM:0.30",OPEN,YES,-2.0500000000000016
42032,KXHIGHMIA-26MAY12-T85,2026-05-12 21:16:10.237037+00:00,KMIA,2026-05-12,0,,85.0,0,0.0694304417748067,0.15706574262081807,0.004820586245044824,0.024669647505029067,87.61033898925784,2.593247563586948,"ECMWF:0.15,GFS:0.15,HRRR:0.40,NBM:0.30",OPEN,YES,-19.990000000000016
42002,KXHIGHMIA-26MAY12-B89.5,2026-05-12 21:15:59.937346+00:00,KMIA,2026-05-12,0,89.0,91.0,0,0.0694304417748067,0.20043427576097173,0.004820586245044824,0.040173898899825256,87.61033898925784,2.593247563586948,"ECMWF:0.15,GFS:0.15,HRRR:0.40,NBM:0.30",OPEN,YES,-19.990000000000016
42001,KXHIGHMIA-26MAY12-B87.5,2026-05-12 21:15:59.632250+00:00,KMIA,2026-05-12,0,87.0,89.0,0,0.0694304417748067,0.2970122987419798,0.004820586245044824,0.08821630560399507,87.61033898925784,2.593247563586948,"ECMWF:0.15,GFS:0.15,HRRR:0.40,NBM:0.30",OPEN,YES,-19.990000000000016
42000,KXHIGHMIA-26MAY12-B85.5,2026-05-12 21:15:59.301959+00:00,KMIA,2026-05-12,0,85.0,87.0,0,0.0694304417748067,0.24990008289240767,0.004820586245044824,0.062450051429632225,87.61033898925784,2.593247563586948,"ECMWF:0.15,GFS:0.15,HRRR:0.40,NBM:0.30",OPEN,YES,-19.990000000000016
41998,KXHIGHMIA-26MAY12-T92,2026-05-12 21:10:51.699021+00:00,KMIA,2026-05-12,0,93.0,,0,0.5272924240430501,0.018838834480045863,0.27803730045319575,0.00035490168456656486,87.61033898925784,2.593247563586948,"ECMWF:0.15,GFS:0.15,HRRR:0.40,NBM:0.30",OPEN,YES,-2.0500000000000016
41997,KXHIGHMIA-26MAY12-B91.5,2026-05-12 21:10:51.372341+00:00,KMIA,2026-05-12,0,91.0,93.0,1,0.47270757595694995,0.07674876550377685,0.27803730045319575,0.8523928419988,87.61033898925784,2.593247563586948,"ECMWF:0.15,GFS:0.15,HRRR:0.40,NBM:0.30",OPEN,NO,-19.990000000000016
41996,KXHIGHMIA-26MAY12-B89.5,2026-05-12 21:10:51.098241+00:00,KMIA,2026-05-12,0,89.0,91.0,0,0.0694304417748067,0.20043427576097173,0.004820586245044824,0.040173898899825256,87.61033898925784,2.593247563586948,"ECMWF:0.15,GFS:0.15,HRRR:0.40,NBM:0.30",OPEN,YES,-19.990000000000016
41995,KXHIGHMIA-26MAY12-B87.5,2026-05-12 21:10:50.584449+00:00,KMIA,2026-05-12,0,87.0,89.0,0,0.0694304417748067,0.2970122987419798,0.004820586245044824,0.08821630560399507,87.61033898925784,2.593247563586948,"ECMWF:0.15,GFS:0.15,HRRR:0.40,NBM:0.30",OPEN,YES,-19.990000000000016
41965,KXHIGHMIA-26MAY12-B85.5,2026-05-12 21:10:40.850085+00:00,KMIA,2026-05-12,0,85.0,87.0,0,0.0694304417748067,0.24990008289240767,0.004820586245044824,0.062450051429632225,87.61033898925784,2.593247563586948,"ECMWF:0.15,GFS:0.15,HRRR:0.40,NBM:0.30",OPEN,YES,-19.990000000000016
41964,KXHIGHMIA-26MAY12-T85,2026-05-12 21:10:40.467072+00:00,KMIA,2026-05-12,0,,85.0,0,0.0694304417748067,0.15706574262081807,0.004820586245044824,0.024669647505029067,87.61033898925784,2.593247563586948,"ECMWF:0.15,GFS:0.15,HRRR:0.40,NBM:0.30",OPEN,YES,-19.990000000000016
41962,KXHIGHMIA-26MAY12-T92,2026-05-12 21:05:22.241246+00:00,KMIA,2026-05-12,0,93.0,,0,0.5272924240430499,0.018838834480045863,0.2780373004531955,0.00035490168456656486,87.61033898925784,2.593247563586948,"ECMWF:0.15,GFS:0.15,HRRR:0.40,NBM:0.30",OPEN,YES,-2.0500000000000016
41961,KXHIGHMIA-26MAY12-B91.5,2026-05-12 21:05:21.948478+00:00,KMIA,2026-05-12,0,91.0,93.0,1,0.4727075759569501,0.07674876550377685,0.2780373004531955,0.8523928419988,87.61033898925784,2.593247563586948,"ECMWF:0.15,GFS:0.15,HRRR:0.40,NBM:0.30",OPEN,NO,-19.990000000000016
41960,KXHIGHMIA-26MAY12-B89.5,2026-05-12 21:05:21.660877+00:00,KMIA,2026-05-12,0,89.0,91.0,0,0.0694304417748067,0.20043427576097173,0.004820586245044824,0.040173898899825256,87.61033898925784,2.593247563586948,"ECMWF:0.15,GFS:0.15,HRRR:0.40,NBM:0.30",OPEN,YES,-19.990000000000016
41959,KXHIGHMIA-26MAY12-B85.5,2026-05-12 21:05:21.376153+00:00,KMIA,2026-05-12,0,85.0,87.0,0,0.0694304417748067,0.24990008289240767,0.004820586245044824,0.062450051429632225,87.61033898925784,2.593247563586948,"ECMWF:0.15,GFS:0.15,HRRR:0.40,NBM:0.30",OPEN,YES,-19.990000000000016
41958,KXHIGHMIA-26MAY12-T85,2026-05-12 21:05:20.857624+00:00,KMIA,2026-05-12,0,,85.0,0,0.0694304417748067,0.15706574262081807,0.004820586245044824,0.024669647505029067,87.61033898925784,2.593247563586948,"ECMWF:0.15,GFS:0.15,HRRR:0.40,NBM:0.30",OPEN,YES,-19.990000000000016
41927,KXHIGHMIA-26MAY12-B87.5,2026-05-12 21:05:09.842255+00:00,KMIA,2026-05-12,0,87.0,89.0,0,0.0694304417748067,0.2970122987419798,0.004820586245044824,0.08821630560399507,87.61033898925784,2.593247563586948,"ECMWF:0.15,GFS:0.15,HRRR:0.40,NBM:0.30",OPEN,YES,-19.990000000000016
41926,KXHIGHMIA-26MAY12-T92,2026-05-12 20:59:51.058838+00:00,KMIA,2026-05-12,0,93.0,,0,0.527292424043051,0.006124443994059758,0.2780373004531967,3.750881423637465e-05,88.51508508300785,1.7904625780176893,"ECMWF:0.15,GFS:0.15,HRRR:0.40,NBM:0.30",SKIP,YES,
41925,KXHIGHMIA-26MAY12-T85,2026-05-12 20:59:50.754573+00:00,KMIA,2026-05-12,0,,85.0,0,0.0694304417748067,0.024809881997124583,0.004820586245044824,0.0006155302447112465,88.51508508300785,1.7904625780176893,"ECMWF:0.15,GFS:0.15,HRRR:0.40,NBM:0.30",OPEN,YES,-3.570000000000003
37012,KXHIGHMIA-26MAY12-B85.5,2026-05-12 03:59:02.701328+00:00,KMIA,2026-05-12,1,85.0,87.0,0,0.29698727231972716,0.11356689088627964,0.08820143991991178,0.012897438705576145,88.7655,1.5,"ECMWF:0.35,GFS:0.30,NBM:0.35",OPEN,YES,-20.000000000000018
37011,KXHIGHMIA-26MAY12-T85,2026-05-12 03:59:02.406653+00:00,KMIA,2026-05-12,1,,85.0,0,0.11749027807119178,0.0060308622401243905,0.013803965441245968,3.637129935935818e-05,88.7655,1.5,"ECMWF:0.35,GFS:0.30,NBM:0.35",SKIP,NO,
37010,KXHIGHMIA-26MAY12-T92,2026-05-12 03:59:02.075492+00:00,KMIA,2026-05-12,1,93.0,,0,0.11482866427586233,0.0023788285805090847,0.013185622139378702,5.658825415446867e-06,88.7655,1.5,"ECMWF:0.35,GFS:0.30,NBM:0.35",OPEN,NO,0.7400000000000007
37009,KXHIGHMIA-26MAY12-B87.5,2026-05-12 03:59:01.827234+00:00,KMIA,2026-05-12,1,87.0,89.0,0,0.33229275830269633,0.44251710529991034,0.11041847722041416,0.19582138848301195,88.7655,1.5,"ECMWF:0.35,GFS:0.30,NBM:0.35",OPEN,YES,-19.990000000000006
37008,KXHIGHMIA-26MAY12-B89.5,2026-05-12 03:59:01.569746+00:00,KMIA,2026-05-12,1,89.0,91.0,0,0.33255919956883895,0.3697291899133479,0.11059562121786685,0.1366996738739805,88.7655,1.5,"ECMWF:0.35,GFS:0.30,NBM:0.35",OPEN,NO,24.319999999999997
37007,KXHIGHMIA-26MAY12-B91.5,2026-05-12 03:59:01.297414+00:00,KMIA,2026-05-12,1,91.0,93.0,1,0.15368408753849225,0.06577712307982864,0.7162506236855544,0.8727723837610016,88.7655,1.5,"ECMWF:0.35,GFS:0.30,NBM:0.35",OPEN,NO,-19.32
36994,KXHIGHMIA-26MAY12-B85.5,2026-05-12 03:53:56.341000+00:00,KMIA,2026-05-12,1,85.0,87.0,0,0.2972370117649906,0.11356689088627964,0.08834984116298117,0.012897438705576145,88.7655,1.5,"ECMWF:0.35,GFS:0.30,NBM:0.35",OPEN,YES,-20.000000000000018
36993,KXHIGHMIA-26MAY12-T85,2026-05-12 03:53:56.032494+00:00,KMIA,2026-05-12,1,,85.0,0,0.1184898077746395,0.0060308622401243905,0.014039834546471017,3.637129935935818e-05,88.7655,1.5,"ECMWF:0.35,GFS:0.30,NBM:0.35",SKIP,NO,
36992,KXHIGHMIA-26MAY12-B91.5,2026-05-12 03:53:55.781267+00:00,KMIA,2026-05-12,1,91.0,93.0,1,0.15297020830150262,0.06577712307982864,0.7174594680247998,0.8727723837610016,88.7655,1.5,"ECMWF:0.35,GFS:0.30,NBM:0.35",OPEN,NO,-19.32
36991,KXHIGHMIA-26MAY12-T92,2026-05-12 03:53:55.500514+00:00,KMIA,2026-05-12,1,93.0,,0,0.1145431154857893,0.0023788285805090847,0.013120125305190864,5.658825415446867e-06,88.7655,1.5,"ECMWF:0.35,GFS:0.30,NBM:0.35",OPEN,NO,0.7400000000000007
36990,KXHIGHMIA-26MAY12-B89.5,2026-05-12 03:53:55.189094+00:00,KMIA,2026-05-12,1,89.0,91.0,0,0.3318928294914527,0.3697291899133479,0.11015285026784251,0.1366996738739805,88.7655,1.5,"ECMWF:0.35,GFS:0.30,NBM:0.35",OPEN,NO,24.319999999999997
36989,KXHIGHMIA-26MAY12-B87.5,2026-05-12 03:53:54.906252+00:00,KMIA,2026-05-12,1,87.0,89.0,0,0.33270928725843407,0.44251710529991034,0.1106954698280152,0.19582138848301195,88.7655,1.5,"ECMWF:0.35,GFS:0.30,NBM:0.35",OPEN,YES,-19.990000000000006
36976,KXHIGHMIA-26MAY12-T85,2026-05-12 03:48:46.245742+00:00,KMIA,2026-05-12,1,,85.0,0,0.11950366947463045,0.0060308622401243905,0.014281127017901723,3.637129935935818e-05,88.7655,1.5,"ECMWF:0.35,GFS:0.30,NBM:0.35",SKIP,NO,
36975,KXHIGHMIA-26MAY12-B87.5,2026-05-12 03:48:45.963167+00:00,KMIA,2026-05-12,1,87.0,89.0,0,0.33313178871457183,0.44251710529991034,0.11097678865217013,0.19582138848301195,88.7655,1.5,"ECMWF:0.35,GFS:0.30,NBM:0.35",OPEN,YES,-19.990000000000006
36974,KXHIGHMIA-26MAY12-B89.5,2026-05-12 03:48:45.657154+00:00,KMIA,2026-05-12,1,89.0,91.0,0,0.3312169045067809,0.3697291899133479,0.109704637831054,0.1366996738739805,88.7655,1.5,"ECMWF:0.35,GFS:0.30,NBM:0.35",OPEN,NO,24.319999999999997
36973,KXHIGHMIA-26MAY12-B91.5,2026-05-12 03:48:45.382959+00:00,KMIA,2026-05-12,1,91.0,93.0,1,0.15224609293573996,0.06577712307982864,0.718686686942718,0.8727723837610016,88.7655,1.5,"ECMWF:0.35,GFS:0.30,NBM:0.35",OPEN,NO,-19.32
36972,KXHIGHMIA-26MAY12-T92,2026-05-12 03:48:45.069277+00:00,KMIA,2026-05-12,1,93.0,,0,0.11425347228585733,0.0023788285805090847,0.01305385592937517,5.658825415446867e-06,88.7655,1.5,"ECMWF:0.35,GFS:0.30,NBM:0.35",OPEN,NO,0.7400000000000007
36959,KXHIGHMIA-26MAY12-B85.5,2026-05-12 03:48:41.114820+00:00,KMIA,2026-05-12,1,85.0,87.0,0,0.2974903321592284,0.11356689088627964,0.08850049772820803,0.012897438705576145,88.7655,1.5,"ECMWF:0.35,GFS:0.30,NBM:0.35",OPEN,YES,-20.000000000000018
36958,KXHIGHMIA-26MAY12-T92,2026-05-12 03:43:35.136876+00:00,KMIA,2026-05-12,1,93.0,,0,0.11396313547449397,0.0023788285805090847,0.012987596247177866,5.658825415446867e-06,88.7655,1.5,"ECMWF:0.35,GFS:0.30,NBM:0.35",OPEN,NO,0.7400000000000007
36957,KXHIGHMIA-26MAY12-B87.5,2026-05-12 03:43:34.856204+00:00,KMIA,2026-05-12,1,87.0,89.0,0,0.3335553019391191,0.44251710529991034,0.1112591394516969,0.19582138848301195,88.7655,1.5,"ECMWF:0.35,GFS:0.30,NBM:0.35",OPEN,YES,-19.990000000000006
36956,KXHIGHMIA-26MAY12-B89.5,2026-05-12 03:43:34.564773+00:00,KMIA,2026-05-12,1,89.0,91.0,0,0.33053936087787317,0.3697291899133479,0.10925626908955287,0.1366996738739805,88.7655,1.5,"ECMWF:0.35,GFS:0.30,NBM:0.35",OPEN,NO,24.319999999999997
36955,KXHIGHMIA-26MAY12-T85,2026-05-12 03:43:34.287249+00:00,KMIA,2026-05-12,1,,85.0,0,0.12051995907924687,0.0060308622401243905,0.01452506053646334,3.637129935935818e-05,88.7655,1.5,"ECMWF:0.35,GFS:0.30,NBM:0.35",SKIP,NO,
36954,KXHIGHMIA-26MAY12-B91.5,2026-05-12 03:43:33.964689+00:00,KMIA,2026-05-12,1,91.0,93.0,1,0.15152024352376,0.06577712307982864,0.7199178971499794,0.8727723837610016,88.7655,1.5,"ECMWF:0.35,GFS:0.30,NBM:0.35",OPEN,NO,-19.32
36941,KXHIGHMIA-26MAY12-B85.5,2026-05-12 03:43:29.970741+00:00,KMIA,2026-05-12,1,85.0,87.0,0,0.29774425918231573,0.11356689088627964,0.088651643876026,0.012897438705576145,88.7655,1.5,"ECMWF:0.35,GFS:0.30,NBM:0.35",OPEN,YES,-20.000000000000018
36940,KXHIGHMIA-26MAY12-T92,2026-05-12 03:38:22.188799+00:00,KMIA,2026-05-12,1,93.0,,0,0.11367125131291941,0.0023788285805090847,0.012921153375044883,5.658825415446867e-06,88.7655,1.5,"ECMWF:0.35,GFS:0.30,NBM:0.35",OPEN,NO,0.7400000000000007
36939,KXHIGHMIA-26MAY12-B87.5,2026-05-12 03:38:21.877600+00:00,KMIA,2026-05-12,1,87.0,89.0,0,0.33398107227765195,0.44251710529991034,0.11154335663973017,0.19582138848301195,88.7655,1.5,"ECMWF:0.35,GFS:0.30,NBM:0.35",OPEN,YES,-19.970000000000006
36938,KXHIGHMIA-26MAY12-B89.5,2026-05-12 03:38:21.584673+00:00,KMIA,2026-05-12,1,89.0,91.0,0,0.32985820627978657,0.3697291899133479,0.10880643625011822,0.1366996738739805,88.7655,1.5,"ECMWF:0.35,GFS:0.30,NBM:0.35",OPEN,NO,25.33
36937,KXHIGHMIA-26MAY12-T85,2026-05-12 03:38:21.320676+00:00,KMIA,2026-05-12,1,,85.0,0,0.12154166499992408,0.0060308622401243905,0.01477237633095377,3.637129935935818e-05,88.7655,1.5,"ECMWF:0.35,GFS:0.30,NBM:0.35",SKIP,NO,
36924,KXHIGHMIA-26MAY12-B91.5,2026-05-12 03:38:17.461024+00:00,KMIA,2026-05-12,1,91.0,93.0,1,0.15079052569690085,0.06577712307982864,0.721156731246146,0.8727723837610016,88.7655,1.5,"ECMWF:0.35,GFS:0.30,NBM:0.35",OPEN,NO,-19.32
36923,KXHIGHMIA-26MAY12-B85.5,2026-05-12 03:38:17.138865+00:00,KMIA,2026-05-12,1,85.0,87.0,0,0.29799953950962593,0.11356689088627964,0.0888037255479491,0.012897438705576145,88.7655,1.5,"ECMWF:0.35,GFS:0.30,NBM:0.35",OPEN,YES,-20.000000000000018
36922,KXHIGHMIA-26MAY12-B91.5,2026-05-12 03:33:12.190248+00:00,KMIA,2026-05-12,1,91.0,93.0,1,0.15006703435158128,0.06577712307982864,0.7223860460959161,0.8727723837610016,88.7655,1.5,"ECMWF:0.35,GFS:0.30,NBM:0.35",OPEN,NO,-19.32
36921,KXHIGHMIA-26MAY12-B85.5,2026-05-12 03:33:11.897769+00:00,KMIA,2026-05-12,1,85.0,87.0,0,0.2982526416001069,0.11356689088627964,0.08895463822144181,0.012897438705576145,88.7655,1.5,"ECMWF:0.35,GFS:0.30,NBM:0.35",OPEN,YES,-20.000000000000018
36920,KXHIGHMIA-26MAY12-B87.5,2026-05-12 03:33:11.601738+00:00,KMIA,2026-05-12,1,87.0,89.0,0,0.33440320963497583,0.44251710529991034,0.11182550661417359,0.19582138848301195,88.7655,1.5,"ECMWF:0.35,GFS:0.30,NBM:0.35",OPEN,YES,-19.970000000000006
36919,KXHIGHMIA-26MAY12-T92,2026-05-12 03:33:11.331793+00:00,KMIA,2026-05-12,1,93.0,,0,0.1133818577186255,0.0023788285805090847,0.012855445659726636,5.658825415446867e-06,88.7655,1.5,"ECMWF:0.35,GFS:0.30,NBM:0.35",OPEN,NO,0.7400000000000007
36918,KXHIGHMIA-26MAY12-B89.5,2026-05-12 03:33:11.041702+00:00,KMIA,2026-05-12,1,89.0,91.0,0,0.32918286378656336,0.3697291899133479,0.10836135781072313,0.1366996738739805,88.7655,1.5,"ECMWF:0.35,GFS:0.30,NBM:0.35",OPEN,NO,25.33
36917,KXHIGHMIA-26MAY12-T85,2026-05-12 03:33:10.721464+00:00,KMIA,2026-05-12,1,,85.0,0,0.12255465298495594,0.0060308622401243905,0.01501964296826297,3.637129935935818e-05,88.7655,1.5,"ECMWF:0.35,GFS:0.30,NBM:0.35",SKIP,NO,
36904,KXHIGHMIA-26MAY12-T85,2026-05-12 03:27:56.219236+00:00,KMIA,2026-05-12,1,,85.0,0,0.12358684168525483,0.0060308622401243905,0.01527370743773624,3.637129935935818e-05,88.7655,1.5,"ECMWF:0.35,GFS:0.30,NBM:0.35",SKIP,NO,
36903,KXHIGHMIA-26MAY12-B85.5,2026-05-12 03:27:55.919944+00:00,KMIA,2026-05-12,1,85.0,87.0,0,0.2985105411227832,0.11356689088627964,0.08910854316141684,0.012897438705576145,88.7655,1.5,"ECMWF:0.35,GFS:0.30,NBM:0.35",OPEN,YES,-20.000000000000018
36902,KXHIGHMIA-26MAY12-B89.5,2026-05-12 03:27:55.619667+00:00,KMIA,2026-05-12,1,89.0,91.0,0,0.32849472049104855,0.3697291899133479,0.10790878139049212,0.1366996738739805,88.7655,1.5,"ECMWF:0.35,GFS:0.30,NBM:0.35",OPEN,NO,26.359999999999996
36901,KXHIGHMIA-26MAY12-B87.5,2026-05-12 03:27:55.337966+00:00,KMIA,2026-05-12,1,87.0,89.0,0,0.3348333484092181,0.44251710529991034,0.11211337120692882,0.19582138848301195,88.7655,1.5,"ECMWF:0.35,GFS:0.30,NBM:0.35",OPEN,YES,-19.990000000000006
36900,KXHIGHMIA-26MAY12-B91.5,2026-05-12 03:27:55.066169+00:00,KMIA,2026-05-12,1,91.0,93.0,1,0.149329829564913,0.06577712307982864,0.7236397388680599,0.8727723837610016,88.7655,1.5,"ECMWF:0.35,GFS:0.30,NBM:0.35",OPEN,NO,-19.32
36899,KXHIGHMIA-26MAY12-T92,2026-05-12 03:27:54.788554+00:00,KMIA,2026-05-12,1,93.0,,0,0.11308697880359117,0.0023788285805090847,0.012788664774923878,5.658825415446867e-06,88.7655,1.5,"ECMWF:0.35,GFS:0.30,NBM:0.35",OPEN,NO,0.5500000000000005
36886,KXHIGHMIA-26MAY12-B87.5,2026-05-12 03:22:43.084094+00:00,KMIA,2026-05-12,1,87.0,89.0,0,0.33525935215475744,0.44251710529991034,0.11239883320722766,0.19582138848301195,88.7655,1.5,"ECMWF:0.35,GFS:0.30,NBM:0.35",OPEN,YES,-19.869999999999997
36885,KXHIGHMIA-26MAY12-B91.5,2026-05-12 03:22:42.824845+00:00,KMIA,2026-05-12,1,91.0,93.0,1,0.1485997117072436,0.06577712307982864,0.7248824509049887,0.8727723837610016,88.7655,1.5,"ECMWF:0.35,GFS:0.30,NBM:0.35",OPEN,NO,-19.85
36884,KXHIGHMIA-26MAY12-T92,2026-05-12 03:22:42.560308+00:00,KMIA,2026-05-12,1,93.0,,0,0.11279493463132015,0.0023788285805090847,0.012722697278483786,5.658825415446867e-06,88.7655,1.5,"ECMWF:0.35,GFS:0.30,NBM:0.35",OPEN,NO,0.5500000000000005
36883,KXHIGHMIA-26MAY12-B89.5,2026-05-12 03:22:42.288076+00:00,KMIA,2026-05-12,1,89.0,91.0,0,0.32781319248448015,0.3697291899133479,0.10746148916686683,0.1366996738739805,88.7655,1.5,"ECMWF:0.35,GFS:0.30,NBM:0.35",OPEN,NO,31.290000000000003
36882,KXHIGHMIA-26MAY12-T85,2026-05-12 03:22:42.006413+00:00,KMIA,2026-05-12,1,,85.0,0,0.12460910770441444,0.0060308622401243905,0.015527429722890358,3.637129935935818e-05,88.7655,1.5,"ECMWF:0.35,GFS:0.30,NBM:0.35",SKIP,NO,
36881,KXHIGHMIA-26MAY12-B85.5,2026-05-12 03:22:41.714070+00:00,KMIA,2026-05-12,1,85.0,87.0,0,0.298765961394593,0.11356689088627964,0.08926109968803543,0.012897438705576145,88.7655,1.5,"ECMWF:0.35,GFS:0.30,NBM:0.35",OPEN,YES,-20.000000000000018
36868,KXHIGHMIA-26MAY12-B87.5,2026-05-12 03:17:28.128393+00:00,KMIA,2026-05-12,1,87.0,89.0,0,0.33568814744614084,0.44251710529991034,0.11268653233582199,0.19582138848301195,88.7655,1.5,"ECMWF:0.35,GFS:0.30,NBM:0.35",OPEN,YES,-19.869999999999997
36867,KXHIGHMIA-26MAY12-T92,2026-05-12 03:17:27.838430+00:00,KMIA,2026-05-12,1,93.0,,0,0.11250097673245893,0.0023788285805090847,0.012656469765757265,5.658825415446867e-06,88.7655,1.5,"ECMWF:0.35,GFS:0.30,NBM:0.35",OPEN,NO,0.5500000000000005
36866,KXHIGHMIA-26MAY12-B91.5,2026-05-12 03:17:27.574832+00:00,KMIA,2026-05-12,1,91.0,93.0,1,0.1478648094844308,0.06577712307982864,0.7261343829150054,0.8727723837610016,88.7655,1.5,"ECMWF:0.35,GFS:0.30,NBM:0.35",OPEN,NO,-19.85
36865,KXHIGHMIA-26MAY12-T85,2026-05-12 03:17:27.297856+00:00,KMIA,2026-05-12,1,,85.0,0,0.1256380724967351,0.0060308622401243905,0.01578492526069486,3.637129935935818e-05,88.7655,1.5,"ECMWF:0.35,GFS:0.30,NBM:0.35",SKIP,NO,
36864,KXHIGHMIA-26MAY12-B89.5,2026-05-12 03:17:26.970716+00:00,KMIA,2026-05-12,1,89.0,91.0,0,0.32712719851559535,0.3697291899133479,0.10701220400866172,0.1366996738739805,88.7655,1.5,"ECMWF:0.35,GFS:0.30,NBM:0.35",OPEN,NO,30.17
36863,KXHIGHMIA-26MAY12-B85.5,2026-05-12 03:17:26.689782+00:00,KMIA,2026-05-12,1,85.0,87.0,0,0.29902305540144786,0.11356689088627964,0.08941478766161735,0.012897438705576145,88.7655,1.5,"ECMWF:0.35,GFS:0.30,NBM:0.35",OPEN,YES,-20.000000000000018
36850,KXHIGHMIA-26MAY12-B85.5,2026-05-12 03:12:13.658113+00:00,KMIA,2026-05-12,1,85.0,87.0,0,0.2992796630468083,0.11356689088627964,0.08956831671341112,0.012897438705576145,88.7655,1.5,"ECMWF:0.35,GFS:0.30,NBM:0.35",OPEN,YES,-20.000000000000018
36849,KXHIGHMIA-26MAY12-B89.5,2026-05-12 03:12:13.373088+00:00,KMIA,2026-05-12,1,89.0,91.0,0,0.32644250228622584,0.3697291899133479,0.10656470729889257,0.1366996738739805,88.7655,1.5,"ECMWF:0.35,GFS:0.30,NBM:0.35",OPEN,NO,29.07
36848,KXHIGHMIA-26MAY12-B87.5,2026-05-12 03:12:13.081860+00:00,KMIA,2026-05-12,1,87.0,89.0,0,0.3361161315575154,0.44251710529991034,0.112974053893189,0.19582138848301195,88.7655,1.5,"ECMWF:0.35,GFS:0.30,NBM:0.35",OPEN,YES,-19.99
36847,KXHIGHMIA-26MAY12-B91.5,2026-05-12 03:12:12.788618+00:00,KMIA,2026-05-12,1,91.0,93.0,1,0.14713129752406603,0.06577712307982864,0.7273850236629831,0.8727723837610016,88.7655,1.5,"ECMWF:0.35,GFS:0.30,NBM:0.35",OPEN,NO,-19.85
36846,KXHIGHMIA-26MAY12-T85,2026-05-12 03:12:12.504172+00:00,KMIA,2026-05-12,1,,85.0,0,0.12666509072927318,0.0060308622401243905,0.016044045209455005,3.637129935935818e-05,88.7655,1.5,"ECMWF:0.35,GFS:0.30,NBM:0.35",SKIP,NO,
36845,KXHIGHMIA-26MAY12-T92,2026-05-12 03:12:12.239126+00:00,KMIA,2026-05-12,1,93.0,,0,0.11220757493292008,0.0023788285805090847,0.012590539872326875,5.658825415446867e-06,88.7655,1.5,"ECMWF:0.35,GFS:0.30,NBM:0.35",OPEN,NO,0.5500000000000005
36832,KXHIGHMIA-26MAY12-B87.5,2026-05-12 03:07:04.163193+00:00,KMIA,2026-05-12,1,87.0,89.0,0,0.33653739931501503,0.44251710529991034,0.11325742113771388,0.19582138848301195,88.7655,1.5,"ECMWF:0.35,GFS:0.30,NBM:0.35",OPEN,YES,-19.99
36831,KXHIGHMIA-26MAY12-B91.5,2026-05-12 03:07:03.871851+00:00,KMIA,2026-05-12,1,91.0,93.0,1,0.1464092965655501,0.06577712307982864,0.728617088989719,0.8727723837610016,88.7655,1.5,"ECMWF:0.35,GFS:0.30,NBM:0.35",OPEN,NO,-19.85
36830,KXHIGHMIA-26MAY12-T85,2026-05-12 03:07:03.588314+00:00,KMIA,2026-05-12,1,,85.0,0,0.12767599196657137,0.0060308622401243905,0.016301158924647997,3.637129935935818e-05,88.7655,1.5,"ECMWF:0.35,GFS:0.30,NBM:0.35",SKIP,NO,
36829,KXHIGHMIA-26MAY12-T92,2026-05-12 03:07:03.328859+00:00,KMIA,2026-05-12,1,93.0,,0,0.11191877748728338,0.0023788285805090847,0.012525812754248048,5.658825415446867e-06,88.7655,1.5,"ECMWF:0.35,GFS:0.30,NBM:0.35",OPEN,NO,0.5500000000000005
36828,KXHIGHMIA-26MAY12-B89.5,2026-05-12 03:07:03.077827+00:00,KMIA,2026-05-12,1,89.0,91.0,0,0.3257685509935282,0.3697291899133479,0.10612514881642297,0.1366996738739805,88.7655,1.5,"ECMWF:0.35,GFS:0.30,NBM:0.35",OPEN,NO,31.290000000000003
36827,KXHIGHMIA-26MAY12-B85.5,2026-05-12 03:07:02.818488+00:00,KMIA,2026-05-12,1,85.0,87.0,0,0.2995322437488607,0.11356689088627964,0.08971956504522692,0.012897438705576145,88.7655,1.5,"ECMWF:0.35,GFS:0.30,NBM:0.35",OPEN,YES,-20.000000000000018
36814,KXHIGHMIA-26MAY12-B85.5,2026-05-12 03:01:54.442310+00:00,KMIA,2026-05-12,1,85.0,87.0,0,0.2997850056701611,0.11356689088627964,0.08987104962465851,0.012897438705576145,88.7655,1.5,"ECMWF:0.35,GFS:0.30,NBM:0.35",OPEN,YES,-20.000000000000018
36813,KXHIGHMIA-26MAY12-T85,2026-05-12 03:01:54.160343+00:00,KMIA,2026-05-12,1,,85.0,0,0.12868761849586757,0.0060308622401243905,0.016560503154137957,3.637129935935818e-05,88.7655,1.5,"ECMWF:0.35,GFS:0.30,NBM:0.35",SKIP,YES,
36812,KXHIGHMIA-26MAY12-T92,2026-05-12 03:01:53.885596+00:00,KMIA,2026-05-12,1,93.0,,0,0.11162977283794703,0.0023788285805090847,0.012461206183851657,5.658825415446867e-06,88.7655,1.5,"ECMWF:0.35,GFS:0.30,NBM:0.35",OPEN,NO,0.5500000000000005
36811,KXHIGHMIA-26MAY12-B91.5,2026-05-12 03:01:53.611183+00:00,KMIA,2026-05-12,1,91.0,93.0,1,0.14568677759251555,0.06577712307982864,0.7298510819802599,0.8727723837610016,88.7655,1.5,"ECMWF:0.35,GFS:0.30,NBM:0.35",OPEN,NO,-19.85
36810,KXHIGHMIA-26MAY12-B89.5,2026-05-12 03:01:53.331785+00:00,KMIA,2026-05-12,1,89.0,91.0,0,0.3250941161605384,0.3697291899133479,0.10568618436220163,0.1366996738739805,88.7655,1.5,"ECMWF:0.35,GFS:0.30,NBM:0.35",OPEN,NO,31.290000000000003
36809,KXHIGHMIA-26MAY12-B87.5,2026-05-12 03:01:53.050234+00:00,KMIA,2026-05-12,1,87.0,89.0,0,0.3369589693197792,0.44251710529991034,0.1135413470050479,0.19582138848301195,88.7655,1.5,"ECMWF:0.35,GFS:0.30,NBM:0.35",OPEN,YES,-19.99
36796,KXHIGHMIA-26MAY12-B91.5,2026-05-12 02:56:40.726038+00:00,KMIA,2026-05-12,1,91.0,93.0,1,0.1944349998235152,0.06577712307982864,0.6489349695093399,0.8727723837610016,88.7655,1.5,"ECMWF:0.35,GFS:0.30,NBM:0.35",OPEN,NO,-19.85
36795,KXHIGHMIA-26MAY12-B89.5,2026-05-12 02:56:40.413295+00:00,KMIA,2026-05-12,1,89.0,91.0,0,0.2050773558242534,0.3697291899133479,0.042056721871867445,0.1366996738739805,88.7655,1.5,"ECMWF:0.35,GFS:0.30,NBM:0.35",OPEN,NO,31.290000000000003
36794,KXHIGHMIA-26MAY12-B85.5,2026-05-12 02:56:40.133729+00:00,KMIA,2026-05-12,1,85.0,87.0,0,0.21729070741148587,0.11356689088627964,0.04721525152738396,0.012897438705576145,88.7655,1.5,"ECMWF:0.35,GFS:0.30,NBM:0.35",OPEN,YES,-20.000000000000018
36793,KXHIGHMIA-26MAY12-T85,2026-05-12 02:56:39.880930+00:00,KMIA,2026-05-12,1,,85.0,0,0.12450934334964261,0.0060308622401243905,0.015502576581359194,3.637129935935818e-05,88.7655,1.5,"ECMWF:0.35,GFS:0.30,NBM:0.35",SKIP,NO,
36792,KXHIGHMIA-26MAY12-T92,2026-05-12 02:56:39.609065+00:00,KMIA,2026-05-12,1,93.0,,0,0.09525601644908951,0.0023788285805090847,0.009073708669749212,5.658825415446867e-06,88.7655,1.5,"ECMWF:0.35,GFS:0.30,NBM:0.35",OPEN,NO,0.5500000000000005
36791,KXHIGHMIA-26MAY12-B87.5,2026-05-12 02:56:39.323657+00:00,KMIA,2026-05-12,1,87.0,89.0,0,0.3133858532855538,0.44251710529991034,0.09821069303951464,0.19582138848301195,88.7655,1.5,"ECMWF:0.35,GFS:0.30,NBM:0.35",OPEN,YES,-19.99
36778,KXHIGHMIA-26MAY12-B91.5,2026-05-12 02:51:31.295187+00:00,KMIA,2026-05-12,1,91.0,93.0,1,0.1925557314149221,0.06577712307982864,0.6519662468708914,0.8727723837610016,88.7655,1.5,"ECMWF:0.35,GFS:0.30,NBM:0.35",OPEN,NO,-19.85
36777,KXHIGHMIA-26MAY12-B89.5,2026-05-12 02:51:31.008088+00:00,KMIA,2026-05-12,1,89.0,91.0,0,0.2057944508038711,0.3697291899133479,0.04235135598166692,0.1366996738739805,88.7655,1.5,"ECMWF:0.35,GFS:0.30,NBM:0.35",OPEN,NO,33.06
36776,KXHIGHMIA-26MAY12-B87.5,2026-05-12 02:51:30.743525+00:00,KMIA,2026-05-12,1,87.0,89.0,0,0.3134765484492473,0.44251710529991034,0.09826754642765331,0.19582138848301195,88.7655,1.5,"ECMWF:0.35,GFS:0.30,NBM:0.35",OPEN,YES,-19.99
36775,KXHIGHMIA-26MAY12-B85.5,2026-05-12 02:51:30.468062+00:00,KMIA,2026-05-12,1,85.0,87.0,0,0.21809862082507675,0.11356689088627964,0.0475670084058006,0.012897438705576145,88.7655,1.5,"ECMWF:0.35,GFS:0.30,NBM:0.35",OPEN,YES,-20.000000000000018
36774,KXHIGHMIA-26MAY12-T85,2026-05-12 02:51:30.207084+00:00,KMIA,2026-05-12,1,,85.0,0,0.12491330005643808,0.0060308622401243905,0.015603332530989734,3.637129935935818e-05,88.7655,1.5,"ECMWF:0.35,GFS:0.30,NBM:0.35",SKIP,NO,
36773,KXHIGHMIA-26MAY12-T92,2026-05-12 02:51:29.909132+00:00,KMIA,2026-05-12,1,93.0,,0,0.09511562459398501,0.0023788285805090847,0.009046982041903887,5.658825415446867e-06,88.7655,1.5,"ECMWF:0.35,GFS:0.30,NBM:0.35",OPEN,NO,0.5500000000000005
36760,KXHIGHMIA-26MAY12-B85.5,2026-05-12 02:46:23.516376+00:00,KMIA,2026-05-12,1,85.0,87.0,0,0.2189039252072994,0.11356689088627964,0.04791892847116293,0.012897438705576145,88.7655,1.5,"ECMWF:0.35,GFS:0.30,NBM:0.35",OPEN,YES,-20.000000000000018
36759,KXHIGHMIA-26MAY12-B89.5,2026-05-12 02:46:23.250124+00:00,KMIA,2026-05-12,1,89.0,91.0,0,0.2063695077303293,0.3697291899133479,0.04258837372085845,0.1366996738739805,88.7655,1.5,"ECMWF:0.35,GFS:0.30,NBM:0.35",OPEN,NO,33.06
36758,KXHIGHMIA-26MAY12-B91.5,2026-05-12 02:46:22.936773+00:00,KMIA,2026-05-12,1,91.0,93.0,1,0.190681984310619,0.06577712307982864,0.6549956505193971,0.8727723837610016,88.7655,1.5,"ECMWF:0.35,GFS:0.30,NBM:0.35",OPEN,NO,-19.85
36757,KXHIGHMIA-26MAY12-T92,2026-05-12 02:46:22.637733+00:00,KMIA,2026-05-12,1,93.0,,0,0.09497623361492888,0.0023788285805090847,0.009020484951677546,5.658825415446867e-06,88.7655,1.5,"ECMWF:0.35,GFS:0.30,NBM:0.35",OPEN,NO,0.5500000000000005
36756,KXHIGHMIA-26MAY12-T85,2026-05-12 02:46:22.359128+00:00,KMIA,2026-05-12,1,,85.0,0,0.1253159522475494,0.0060308622401243905,0.015704087887710085,3.637129935935818e-05,88.7655,1.5,"ECMWF:0.35,GFS:0.30,NBM:0.35",SKIP,YES,
36755,KXHIGHMIA-26MAY12-B87.5,2026-05-12 02:46:22.063440+00:00,KMIA,2026-05-12,1,87.0,89.0,0,0.3137066730328144,0.44251710529991034,0.09841187670531713,0.19582138848301195,88.7655,1.5,"ECMWF:0.35,GFS:0.30,NBM:0.35",OPEN,YES,-19.99
36742,KXHIGHMIA-26MAY12-B89.5,2026-05-12 02:41:16.598601+00:00,KMIA,2026-05-12,1,89.0,91.0,0,0.20694182250810472,0.3697291899133479,0.04282491790297592,0.1366996738739805,88.7655,1.5,"ECMWF:0.35,GFS:0.30,NBM:0.35",OPEN,NO,31.290000000000003
36741,KXHIGHMIA-26MAY12-T92,2026-05-12 02:41:16.344120+00:00,KMIA,2026-05-12,1,93.0,,0,0.09483804791365377,0.0023788285805090847,0.008994255332072489,5.658825415446867e-06,88.7655,1.5,"ECMWF:0.35,GFS:0.30,NBM:0.35",OPEN,NO,0.5500000000000005
36740,KXHIGHMIA-26MAY12-B85.5,2026-05-12 02:41:16.048952+00:00,KMIA,2026-05-12,1,85.0,87.0,0,0.21970538950995927,0.11356689088627964,0.04827045817972292,0.012897438705576145,88.7655,1.5,"ECMWF:0.35,GFS:0.30,NBM:0.35",OPEN,YES,-20.000000000000018
36739,KXHIGHMIA-26MAY12-T85,2026-05-12 02:41:15.743235+00:00,KMIA,2026-05-12,1,,85.0,0,0.12571668439887934,0.0060308622401243905,0.015804684736247434,3.637129935935818e-05,88.7655,1.5,"ECMWF:0.35,GFS:0.30,NBM:0.35",SKIP,YES,
36738,KXHIGHMIA-26MAY12-B87.5,2026-05-12 02:41:15.479898+00:00,KMIA,2026-05-12,1,87.0,89.0,0,0.31393570027141515,0.44251710529991034,0.09855562390490381,0.19582138848301195,88.7655,1.5,"ECMWF:0.35,GFS:0.30,NBM:0.35",OPEN,YES,-19.99
36737,KXHIGHMIA-26MAY12-B91.5,2026-05-12 02:41:15.212051+00:00,KMIA,2026-05-12,1,91.0,93.0,1,0.18881663154152817,0.06577712307982864,0.6580184572636328,0.8727723837610016,88.7655,1.5,"ECMWF:0.35,GFS:0.30,NBM:0.35",OPEN,NO,-19.85
36724,KXHIGHMIA-26MAY12-T85,2026-05-12 02:36:10.344547+00:00,KMIA,2026-05-12,1,,85.0,0,0.12611703833478133,0.0060308622401243905,0.015905507358336703,3.637129935935818e-05,88.7655,1.5,"ECMWF:0.35,GFS:0.30,NBM:0.35",SKIP,YES,
36723,KXHIGHMIA-26MAY12-B85.5,2026-05-12 02:36:10.060310+00:00,KMIA,2026-05-12,1,85.0,87.0,0,0.2205060973817632,0.11356689088627964,0.048622938982535634,0.012897438705576145,88.7655,1.5,"ECMWF:0.35,GFS:0.30,NBM:0.35",OPEN,YES,-20.000000000000018
36722,KXHIGHMIA-26MAY12-B89.5,2026-05-12 02:36:09.752334+00:00,KMIA,2026-05-12,1,89.0,91.0,0,0.20751359712887568,0.3697291899133479,0.043061892993365325,0.1366996738739805,88.7655,1.5,"ECMWF:0.35,GFS:0.30,NBM:0.35",OPEN,NO,31.290000000000003
36721,KXHIGHMIA-26MAY12-B87.5,2026-05-12 02:36:09.449424+00:00,KMIA,2026-05-12,1,87.0,89.0,0,0.31416451135157986,0.44251710529991034,0.09869934019277694,0.19582138848301195,88.7655,1.5,"ECMWF:0.35,GFS:0.30,NBM:0.35",OPEN,YES,-19.99
36720,KXHIGHMIA-26MAY12-B91.5,2026-05-12 02:36:09.153514+00:00,KMIA,2026-05-12,1,91.0,93.0,1,0.18695250287010767,0.06577712307982864,0.6610462325891823,0.8727723837610016,88.7655,1.5,"ECMWF:0.35,GFS:0.30,NBM:0.35",OPEN,NO,-19.85
36719,KXHIGHMIA-26MAY12-T92,2026-05-12 02:36:08.888209+00:00,KMIA,2026-05-12,1,93.0,,0,0.09470052907643264,0.0023788285805090847,0.008968190207356265,5.658825415446867e-06,88.7655,1.5,"ECMWF:0.35,GFS:0.30,NBM:0.35",OPEN,NO,0.5500000000000005
36706,KXHIGHMIA-26MAY12-T85,2026-05-12 02:30:58.602574+00:00,KMIA,2026-05-12,1,,85.0,0,0.1265243211779465,0.0060308622401243905,0.016008403849540165,3.637129935935818e-05,88.7655,1.5,"ECMWF:0.35,GFS:0.30,NBM:0.35",SKIP,YES,
36705,KXHIGHMIA-26MAY12-B85.5,2026-05-12 02:30:58.334671+00:00,KMIA,2026-05-12,1,85.0,87.0,0,0.22132066306809356,0.11356689088627964,0.04898283590090059,0.012897438705576145,88.7655,1.5,"ECMWF:0.35,GFS:0.30,NBM:0.35",OPEN,YES,-20.000000000000018
36704,KXHIGHMIA-26MAY12-B91.5,2026-05-12 02:30:58.033851+00:00,KMIA,2026-05-12,1,91.0,93.0,1,0.1850555637692285,0.06577712307982864,0.66413443414349,0.8727723837610016,88.7655,1.5,"ECMWF:0.35,GFS:0.30,NBM:0.35",OPEN,NO,-19.85
36703,KXHIGHMIA-26MAY12-B89.5,2026-05-12 02:30:57.745048+00:00,KMIA,2026-05-12,1,89.0,91.0,0,0.20809526742686474,0.3697291899133479,0.04330364032545835,0.1366996738739805,88.7655,1.5,"ECMWF:0.35,GFS:0.30,NBM:0.35",OPEN,NO,31.290000000000003
36702,KXHIGHMIA-26MAY12-B87.5,2026-05-12 02:30:57.463637+00:00,KMIA,2026-05-12,1,87.0,89.0,0,0.31439728245464704,0.44251710529991034,0.09884565121486712,0.19582138848301195,88.7655,1.5,"ECMWF:0.35,GFS:0.30,NBM:0.35",OPEN,YES,-19.99
36701,KXHIGHMIA-26MAY12-T92,2026-05-12 02:30:57.192173+00:00,KMIA,2026-05-12,1,93.0,,0,0.09456117824676,0.0023788285805090847,0.008941816431415516,5.658825415446867e-06,88.7655,1.5,"ECMWF:0.35,GFS:0.30,NBM:0.35",OPEN,NO,0.5500000000000005
36688,KXHIGHMIA-26MAY12-T85,2026-05-12 02:25:46.051942+00:00,KMIA,2026-05-12,1,,85.0,0,0.1269323244394131,0.0060308622401243905,0.01611181498759243,3.637129935935818e-05,88.7655,1.5,"ECMWF:0.35,GFS:0.30,NBM:0.35",SKIP,YES,
36687,KXHIGHMIA-26MAY12-B85.5,2026-05-12 02:25:45.784867+00:00,KMIA,2026-05-12,1,85.0,87.0,0,0.22213666959102674,0.11356689088627964,0.049344699976992985,0.012897438705576145,88.7655,1.5,"ECMWF:0.35,GFS:0.30,NBM:0.35",OPEN,YES,-20.000000000000018
36686,KXHIGHMIA-26MAY12-B91.5,2026-05-12 02:25:45.495263+00:00,KMIA,2026-05-12,1,91.0,93.0,1,0.18315471725561494,0.06577712307982864,0.6672362159417544,0.8727723837610016,88.7655,1.5,"ECMWF:0.35,GFS:0.30,NBM:0.35",OPEN,NO,-19.85
36685,KXHIGHMIA-26MAY12-B87.5,2026-05-12 02:25:45.227762+00:00,KMIA,2026-05-12,1,87.0,89.0,0,0.31463046529261907,0.44251710529991034,0.09899232969024997,0.19582138848301195,88.7655,1.5,"ECMWF:0.35,GFS:0.30,NBM:0.35",OPEN,YES,-19.99
36684,KXHIGHMIA-26MAY12-T92,2026-05-12 02:25:44.942703+00:00,KMIA,2026-05-12,1,93.0,,0,0.09442213295815557,0.0023788285805090847,0.00891553919236761,5.658825415446867e-06,88.7655,1.5,"ECMWF:0.35,GFS:0.30,NBM:0.35",OPEN,NO,0.5500000000000005
36683,KXHIGHMIA-26MAY12-B89.5,2026-05-12 02:25:44.687985+00:00,KMIA,2026-05-12,1,89.0,91.0,0,0.20867796660671095,0.3697291899133479,0.04354649374711157,0.1366996738739805,88.7655,1.5,"ECMWF:0.35,GFS:0.30,NBM:0.35",OPEN,NO,30.17
36670,KXHIGHMIA-26MAY12-B89.5,2026-05-12 02:20:32.662565+00:00,KMIA,2026-05-12,1,89.0,91.0,0,0.20926318443750241,0.3697291899133479,0.043791080360924155,0.1366996738739805,88.7655,1.5,"ECMWF:0.35,GFS:0.30,NBM:0.35",OPEN,NO,30.17
36669,KXHIGHMIA-26MAY12-B87.5,2026-05-12 02:20:32.338311+00:00,KMIA,2026-05-12,1,87.0,89.0,0,0.3148376494708238,0.44251710529991034,0.09912274552431333,0.19582138848301195,88.7655,1.5,"ECMWF:0.35,GFS:0.30,NBM:0.35",OPEN,YES,-19.99
36668,KXHIGHMIA-26MAY12-T92,2026-05-12 02:20:32.077245+00:00,KMIA,2026-05-12,1,93.0,,0,0.09428304056488498,0.0023788285805090847,0.008889291738159747,5.658825415446867e-06,88.7655,1.5,"ECMWF:0.35,GFS:0.30,NBM:0.35",OPEN,NO,0.5500000000000005
36667,KXHIGHMIA-26MAY12-B91.5,2026-05-12 02:20:31.818058+00:00,KMIA,2026-05-12,1,91.0,93.0,1,0.1812451006463115,0.06577712307982864,0.6703595852156686,0.8727723837610016,88.7655,1.5,"ECMWF:0.35,GFS:0.30,NBM:0.35",OPEN,NO,-19.85
36654,KXHIGHMIA-26MAY12-T85,2026-05-12 02:20:27.862324+00:00,KMIA,2026-05-12,1,,85.0,0,0.12734209124858273,0.0060308622401243905,0.01621600820356237,3.637129935935818e-05,88.7655,1.5,"ECMWF:0.35,GFS:0.30,NBM:0.35",SKIP,YES,
36653,KXHIGHMIA-26MAY12-B85.5,2026-05-12 02:20:27.600929+00:00,KMIA,2026-05-12,1,85.0,87.0,0,0.2229832097754349,0.11356689088627964,0.049721511841755606,0.012897438705576145,88.7655,1.5,"ECMWF:0.35,GFS:0.30,NBM:0.35",OPEN,YES,-20.000000000000018
36652,KXHIGHMIA-26MAY12-B89.5,2026-05-12 02:15:23.502166+00:00,KMIA,2026-05-12,1,89.0,91.0,0,0.2098402863815942,0.3697291899133479,0.04403294578870946,0.1366996738739805,88.7655,1.5,"ECMWF:0.35,GFS:0.30,NBM:0.35",OPEN,NO,29.07
36651,KXHIGHMIA-26MAY12-T92,2026-05-12 02:15:23.218595+00:00,KMIA,2026-05-12,1,93.0,,0,0.09414641858096404,0.0023788285805090847,0.00886354813162209,5.658825415446867e-06,88.7655,1.5,"ECMWF:0.35,GFS:0.30,NBM:0.35",OPEN,NO,0.5500000000000005
36650,KXHIGHMIA-26MAY12-B91.5,2026-05-12 02:15:22.923681+00:00,KMIA,2026-05-12,1,91.0,93.0,1,0.17936142542455025,0.06577712307982864,0.673447670081226,0.8727723837610016,88.7655,1.5,"ECMWF:0.35,GFS:0.30,NBM:0.35",OPEN,NO,-19.85
36649,KXHIGHMIA-26MAY12-B87.5,2026-05-12 02:15:22.630213+00:00,KMIA,2026-05-12,1,87.0,89.0,0,0.31501811081232656,0.44251710529991034,0.09923641013976725,0.19582138848301195,88.7655,1.5,"ECMWF:0.35,GFS:0.30,NBM:0.35",OPEN,YES,-19.88
36636,KXHIGHMIA-26MAY12-T85,2026-05-12 02:15:18.636048+00:00,KMIA,2026-05-12,1,,85.0,0,0.12774617535155025,0.0060308622401243905,0.016319085316949023,3.637129935935818e-05,88.7655,1.5,"ECMWF:0.35,GFS:0.30,NBM:0.35",SKIP,YES,
36635,KXHIGHMIA-26MAY12-B85.5,2026-05-12 02:15:18.350076+00:00,KMIA,2026-05-12,1,85.0,87.0,0,0.2238418595925551,0.11356689088627964,0.050105178105853146,0.012897438705576145,88.7655,1.5,"ECMWF:0.35,GFS:0.30,NBM:0.35",OPEN,YES,-20.000000000000018
36634,KXHIGHMIA-26MAY12-T92,2026-05-12 02:10:09.494659+00:00,KMIA,2026-05-12,1,93.0,,0,0.09400830171955485,0.0023788285805090847,0.00883756079219486,5.658825415446867e-06,88.7655,1.5,"ECMWF:0.35,GFS:0.30,NBM:0.35",OPEN,NO,0.5500000000000005
36633,KXHIGHMIA-26MAY12-B91.5,2026-05-12 02:10:09.221798+00:00,KMIA,2026-05-12,1,91.0,93.0,1,0.1774490417080994,0.06577712307982864,0.676590078986924,0.8727723837610016,88.7655,1.5,"ECMWF:0.35,GFS:0.30,NBM:0.35",OPEN,NO,-19.599999999999998
36632,KXHIGHMIA-26MAY12-B89.5,2026-05-12 02:10:08.907387+00:00,KMIA,2026-05-12,1,89.0,91.0,0,0.21042601597945526,0.3697291899133479,0.04427910820098596,0.1366996738739805,88.7655,1.5,"ECMWF:0.35,GFS:0.30,NBM:0.35",OPEN,NO,25.33
36631,KXHIGHMIA-26MAY12-B87.5,2026-05-12 02:10:08.633046+00:00,KMIA,2026-05-12,1,87.0,89.0,0,0.31520127004453846,0.44251710529991034,0.09935184063769006,0.19582138848301195,88.7655,1.5,"ECMWF:0.35,GFS:0.30,NBM:0.35",OPEN,YES,-19.88
36618,KXHIGHMIA-26MAY12-T85,2026-05-12 02:10:04.785879+00:00,KMIA,2026-05-12,1,,85.0,0,0.12815630049764692,0.0060308622401243905,0.01642403735724318,3.637129935935818e-05,88.7655,1.5,"ECMWF:0.35,GFS:0.30,NBM:0.35",SKIP,NO,
36617,KXHIGHMIA-26MAY12-B85.5,2026-05-12 02:10:04.478911+00:00,KMIA,2026-05-12,1,85.0,87.0,0,0.22471334619424554,0.11356689088627964,0.05049608795781485,0.012897438705576145,88.7655,1.5,"ECMWF:0.35,GFS:0.30,NBM:0.35",OPEN,YES,-20.000000000000018
36616,KXHIGHMIA-26MAY12-T85,2026-05-12 02:05:00.887453+00:00,KMIA,2026-05-12,1,,85.0,0,0.12855943484202784,0.0060308622401243905,0.0165275282869016,3.637129935935818e-05,88.7655,1.5,"ECMWF:0.35,GFS:0.30,NBM:0.35",SKIP,NO,
36615,KXHIGHMIA-26MAY12-B91.5,2026-05-12 02:05:00.589880+00:00,KMIA,2026-05-12,1,91.0,93.0,1,0.1755687200537912,0.06577712307982864,0.6796869353537441,0.8727723837610016,88.7655,1.5,"ECMWF:0.35,GFS:0.30,NBM:0.35",OPEN,NO,-19.85
36614,KXHIGHMIA-26MAY12-T92,2026-05-12 02:05:00.268660+00:00,KMIA,2026-05-12,1,93.0,,0,0.09387307467128833,0.0023788285805090847,0.008812154148241274,5.658825415446867e-06,88.7655,1.5,"ECMWF:0.35,GFS:0.30,NBM:0.35",OPEN,NO,0.5500000000000005
36613,KXHIGHMIA-26MAY12-B89.5,2026-05-12 02:05:00.001930+00:00,KMIA,2026-05-12,1,89.0,91.0,0,0.2110017615041216,0.3697291899133479,0.04452174335784221,0.1366996738739805,88.7655,1.5,"ECMWF:0.35,GFS:0.30,NBM:0.35",OPEN,NO,24.319999999999997
36612,KXHIGHMIA-26MAY12-B87.5,2026-05-12 02:04:59.711467+00:00,KMIA,2026-05-12,1,87.0,89.0,0,0.3153813072300118,0.44251710529991034,0.09946536895011109,0.19582138848301195,88.7655,1.5,"ECMWF:0.35,GFS:0.30,NBM:0.35",OPEN,YES,-19.88
36611,KXHIGHMIA-26MAY12-B85.5,2026-05-12 02:04:59.430762+00:00,KMIA,2026-05-12,1,85.0,87.0,0,0.22556997784229965,0.11356689088627964,0.05088181490377556,0.012897438705576145,88.7655,1.5,"ECMWF:0.35,GFS:0.30,NBM:0.35",OPEN,YES,-20.000000000000018
36597,KXHIGHMIA-26MAY12-B87.5,2026-05-12 01:59:53.258829+00:00,KMIA,2026-05-12,1,87.0,89.0,0,0.31556053558034525,0.44251710529991034,0.09957845161575433,0.19582138848301195,88.7655,1.5,"ECMWF:0.35,GFS:0.30,NBM:0.35",OPEN,YES,-19.88
36596,KXHIGHMIA-26MAY12-T92,2026-05-12 01:59:52.976881+00:00,KMIA,2026-05-12,1,93.0,,0,0.09373898043445547,0.0023788285805090847,0.008786996452891226,5.658825415446867e-06,88.7655,1.5,"ECMWF:0.35,GFS:0.30,NBM:0.35",OPEN,NO,0.7400000000000007
36595,KXHIGHMIA-26MAY12-B91.5,2026-05-12 01:59:52.725154+00:00,KMIA,2026-05-12,1,91.0,93.0,1,0.17369632064305152,0.06577712307982864,0.6827777705188307,0.8727723837610016,88.7655,1.5,"ECMWF:0.35,GFS:0.30,NBM:0.35",OPEN,NO,-19.85
36594,KXHIGHMIA-26MAY12-B85.5,2026-05-12 01:59:52.438335+00:00,KMIA,2026-05-12,1,85.0,87.0,0,0.22642276098662883,0.11356689088627964,0.051267266692808046,0.012897438705576145,88.7655,1.5,"ECMWF:0.35,GFS:0.30,NBM:0.35",OPEN,YES,-20.000000000000018
36593,KXHIGHMIA-26MAY12-T85,2026-05-12 01:59:52.153723+00:00,KMIA,2026-05-12,1,,85.0,0,0.128960758064873,0.0060308622401243905,0.016630877120666708,3.637129935935818e-05,88.7655,1.5,"ECMWF:0.35,GFS:0.30,NBM:0.35",SKIP,NO,
36592,KXHIGHMIA-26MAY12-B89.5,2026-05-12 01:59:51.841394+00:00,KMIA,2026-05-12,1,89.0,91.0,0,0.2115749204341863,0.3697291899133479,0.04476394695673226,0.1366996738739805,88.7655,1.5,"ECMWF:0.35,GFS:0.30,NBM:0.35",OPEN,NO,19.2
36579,KXHIGHMIA-26MAY12-B85.5,2026-05-12 01:54:47.226297+00:00,KMIA,2026-05-12,1,85.0,87.0,0,0.2272728843077011,0.11356689088627964,0.05165296394154169,0.012897438705576145,88.7655,1.5,"ECMWF:0.35,GFS:0.30,NBM:0.35",OPEN,YES,-20.000000000000018
36578,KXHIGHMIA-26MAY12-T85,2026-05-12 01:54:46.936172+00:00,KMIA,2026-05-12,1,,85.0,0,0.1293608295640546,0.0060308622401243905,0.01673422422550038,3.637129935935818e-05,88.7655,1.5,"ECMWF:0.35,GFS:0.30,NBM:0.35",SKIP,NO,
36577,KXHIGHMIA-26MAY12-B87.5,2026-05-12 01:54:46.642171+00:00,KMIA,2026-05-12,1,87.0,89.0,0,0.315739204919003,0.44251710529991034,0.09969124552288415,0.19582138848301195,88.7655,1.5,"ECMWF:0.35,GFS:0.30,NBM:0.35",OPEN,YES,-19.869999999999997
36576,KXHIGHMIA-26MAY12-B89.5,2026-05-12 01:54:46.357210+00:00,KMIA,2026-05-12,1,89.0,91.0,0,0.21214629168650173,0.3697291899133479,0.04500604907633427,0.1366996738739805,88.7655,1.5,"ECMWF:0.35,GFS:0.30,NBM:0.35",OPEN,NO,18.33
36575,KXHIGHMIA-26MAY12-B91.5,2026-05-12 01:54:46.038077+00:00,KMIA,2026-05-12,1,91.0,93.0,1,0.17182924160355328,0.06577712307982864,0.6858668050629457,0.8727723837610016,88.7655,1.5,"ECMWF:0.35,GFS:0.30,NBM:0.35",OPEN,NO,-19.599999999999998
36574,KXHIGHMIA-26MAY12-T92,2026-05-12 01:54:45.729792+00:00,KMIA,2026-05-12,1,93.0,,0,0.09360582406272674,0.0023788285805090847,0.008762050298462153,5.658825415446867e-06,88.7655,1.5,"ECMWF:0.35,GFS:0.30,NBM:0.35",OPEN,NO,0.7400000000000007
36562,KXHIGHMIA-26MAY12-B91.5,2026-05-12 01:49:39.926775+00:00,KMIA,2026-05-12,1,91.0,93.0,1,0.16995348820492107,0.06577712307982864,0.6889772117431782,0.8727723837610016,88.7655,1.5,"ECMWF:0.35,GFS:0.30,NBM:0.35",OPEN,NO,-19.85
36561,KXHIGHMIA-26MAY12-T85,2026-05-12 01:49:39.641177+00:00,KMIA,2026-05-12,1,,85.0,0,0.12976264831226725,0.0060308622401243905,0.016838344897013153,3.637129935935818e-05,88.7655,1.5,"ECMWF:0.35,GFS:0.30,NBM:0.35",SKIP,NO,
36560,KXHIGHMIA-26MAY12-B87.5,2026-05-12 01:49:39.371248+00:00,KMIA,2026-05-12,1,87.0,89.0,0,0.31591865456775403,0.44251710529991034,0.0998045963038999,0.19582138848301195,88.7655,1.5,"ECMWF:0.35,GFS:0.30,NBM:0.35",OPEN,YES,-19.869999999999997
36559,KXHIGHMIA-26MAY12-B89.5,2026-05-12 01:49:39.117969+00:00,KMIA,2026-05-12,1,89.0,91.0,0,0.2127201583124418,0.3697291899133479,0.045249865752470295,0.1366996738739805,88.7655,1.5,"ECMWF:0.35,GFS:0.30,NBM:0.35",OPEN,NO,20.1
36558,KXHIGHMIA-26MAY12-B85.5,2026-05-12 01:49:38.842238+00:00,KMIA,2026-05-12,1,85.0,87.0,0,0.2281267204079943,0.11356689088627964,0.052041800564107205,0.012897438705576145,88.7655,1.5,"ECMWF:0.35,GFS:0.30,NBM:0.35",OPEN,YES,-20.000000000000018
36557,KXHIGHMIA-26MAY12-T92,2026-05-12 01:49:38.551107+00:00,KMIA,2026-05-12,1,93.0,,0,0.09347260633816198,0.0023788285805090847,0.008737128135649,5.658825415446867e-06,88.7655,1.5,"ECMWF:0.35,GFS:0.30,NBM:0.35",OPEN,NO,0.5500000000000005
36544,KXHIGHMIA-26MAY12-B91.5,2026-05-12 01:44:31.486091+00:00,KMIA,2026-05-12,1,91.0,93.0,1,0.16807189383681465,0.06577712307982864,0.6921043738242642,0.8727723837610016,88.7655,1.5,"ECMWF:0.35,GFS:0.30,NBM:0.35",OPEN,NO,-19.85
36543,KXHIGHMIA-26MAY12-T85,2026-05-12 01:44:31.195694+00:00,KMIA,2026-05-12,1,,85.0,0,0.13016560658264592,0.0060308622401243905,0.016943085137028156,3.637129935935818e-05,88.7655,1.5,"ECMWF:0.35,GFS:0.30,NBM:0.35",SKIP,NO,
36542,KXHIGHMIA-26MAY12-B89.5,2026-05-12 01:44:30.927439+00:00,KMIA,2026-05-12,1,89.0,91.0,0,0.2132956523729989,0.3697291899133479,0.0454950353212232,0.1366996738739805,88.7655,1.5,"ECMWF:0.35,GFS:0.30,NBM:0.35",OPEN,NO,20.1
36541,KXHIGHMIA-26MAY12-T92,2026-05-12 01:44:30.635347+00:00,KMIA,2026-05-12,1,93.0,,0,0.09333953231997469,0.0023788285805090847,0.008712268293711599,5.658825415446867e-06,88.7655,1.5,"ECMWF:0.35,GFS:0.30,NBM:0.35",OPEN,NO,0.7400000000000007
36540,KXHIGHMIA-26MAY12-B87.5,2026-05-12 01:44:30.352414+00:00,KMIA,2026-05-12,1,87.0,89.0,0,0.3160986131197191,0.44251710529991034,0.09991833321620985,0.19582138848301195,88.7655,1.5,"ECMWF:0.35,GFS:0.30,NBM:0.35",OPEN,YES,-19.869999999999997
36527,KXHIGHMIA-26MAY12-B85.5,2026-05-12 01:44:26.490864+00:00,KMIA,2026-05-12,1,85.0,87.0,0,0.2289829779113871,0.11356689088627964,0.0524332041731668,0.012897438705576145,88.7655,1.5,"ECMWF:0.35,GFS:0.30,NBM:0.35",OPEN,YES,-20.000000000000018
36526,KXHIGHMIA-26MAY12-B91.5,2026-05-12 01:39:24.871195+00:00,KMIA,2026-05-12,1,91.0,93.0,1,0.16620062114834466,0.06577712307982864,0.6952214041734063,0.8727723837610016,88.7655,1.5,"ECMWF:0.35,GFS:0.30,NBM:0.35",OPEN,NO,-19.85
36525,KXHIGHMIA-26MAY12-T92,2026-05-12 01:39:24.570422+00:00,KMIA,2026-05-12,1,93.0,,0,0.09320774048368927,0.0023788285805090847,0.008687682886074768,5.658825415446867e-06,88.7655,1.5,"ECMWF:0.35,GFS:0.30,NBM:0.35",OPEN,NO,0.7400000000000007
36524,KXHIGHMIA-26MAY12-T85,2026-05-12 01:39:24.304466+00:00,KMIA,2026-05-12,1,,85.0,0,0.13056624393906827,0.0060308622401243905,0.017047544056356282,3.637129935935818e-05,88.7655,1.5,"ECMWF:0.35,GFS:0.30,NBM:0.35",SKIP,NO,
36523,KXHIGHMIA-26MAY12-B89.5,2026-05-12 01:39:24.017411+00:00,KMIA,2026-05-12,1,89.0,91.0,0,0.21386783176726137,0.3697291899133479,0.045739449464829614,0.1366996738739805,88.7655,1.5,"ECMWF:0.35,GFS:0.30,NBM:0.35",OPEN,NO,21.01
36522,KXHIGHMIA-26MAY12-B87.5,2026-05-12 01:39:23.738027+00:00,KMIA,2026-05-12,1,87.0,89.0,0,0.3162775351665531,0.44251710529991034,0.10003147925103023,0.19582138848301195,88.7655,1.5,"ECMWF:0.35,GFS:0.30,NBM:0.35",OPEN,YES,-19.88
36509,KXHIGHMIA-26MAY12-B85.5,2026-05-12 01:39:19.841649+00:00,KMIA,2026-05-12,1,85.0,87.0,0,0.22983430363862367,0.11356689088627964,0.05282380712905106,0.012897438705576145,88.7655,1.5,"ECMWF:0.35,GFS:0.30,NBM:0.35",OPEN,YES,-18.490000000000016
36508,KXHIGHMIA-26MAY12-B89.5,2026-05-12 01:34:18.543422+00:00,KMIA,2026-05-12,1,89.0,91.0,0,0.21443954237959767,0.3697291899133479,0.04598431733597127,0.1366996738739805,88.7655,1.5,"ECMWF:0.35,GFS:0.30,NBM:0.35",OPEN,NO,21.01
36507,KXHIGHMIA-26MAY12-B87.5,2026-05-12 01:34:18.231207+00:00,KMIA,2026-05-12,1,87.0,89.0,0,0.3164563106240088,0.44251710529991034,0.10014459653375915,0.19582138848301195,88.7655,1.5,"ECMWF:0.35,GFS:0.30,NBM:0.35",OPEN,YES,-19.88
36506,KXHIGHMIA-26MAY12-T85,2026-05-12 01:34:17.962949+00:00,KMIA,2026-05-12,1,,85.0,0,0.13096655305656144,0.0060308622401243905,0.01715223801951712,3.637129935935818e-05,88.7655,1.5,"ECMWF:0.35,GFS:0.30,NBM:0.35",SKIP,NO,
36505,KXHIGHMIA-26MAY12-T92,2026-05-12 01:34:17.716671+00:00,KMIA,2026-05-12,1,93.0,,0,0.09307656821973062,0.0023788285805090847,0.008663247551562168,5.658825415446867e-06,88.7655,1.5,"ECMWF:0.35,GFS:0.30,NBM:0.35",OPEN,NO,0.5500000000000005
36504,KXHIGHMIA-26MAY12-B91.5,2026-05-12 01:34:17.413492+00:00,KMIA,2026-05-12,1,91.0,93.0,1,0.1643303699820291,0.06577712307982864,0.6983437305343724,0.8727723837610016,88.7655,1.5,"ECMWF:0.35,GFS:0.30,NBM:0.35",OPEN,NO,-19.85
36491,KXHIGHMIA-26MAY12-B85.5,2026-05-12 01:34:13.472022+00:00,KMIA,2026-05-12,1,85.0,87.0,0,0.2306849318816127,0.11356689088627964,0.053215537797224294,0.012897438705576145,88.7655,1.5,"ECMWF:0.35,GFS:0.30,NBM:0.35",OPEN,YES,-18.490000000000016
36490,KXHIGHMIA-26MAY12-B89.5,2026-05-12 01:29:12.091475+00:00,KMIA,2026-05-12,1,89.0,91.0,0,0.21501127809971926,0.3697291899133479,0.046229849710074815,0.1366996738739805,88.7655,1.5,"ECMWF:0.35,GFS:0.30,NBM:0.35",OPEN,NO,25.33
36489,KXHIGHMIA-26MAY12-B91.5,2026-05-12 01:29:11.780326+00:00,KMIA,2026-05-12,1,91.0,93.0,1,0.16245952724625823,0.06577712307982864,0.7014740435005613,0.8727723837610016,88.7655,1.5,"ECMWF:0.35,GFS:0.30,NBM:0.35",OPEN,NO,-19.56
36488,KXHIGHMIA-26MAY12-T85,2026-05-12 01:29:11.481699+00:00,KMIA,2026-05-12,1,,85.0,0,0.13136687975440944,0.0060308622401243905,0.01725725709640947,3.637129935935818e-05,88.7655,1.5,"ECMWF:0.35,GFS:0.30,NBM:0.35",SKIP,NO,
36487,KXHIGHMIA-26MAY12-T92,2026-05-12 01:29:11.210588+00:00,KMIA,2026-05-12,1,93.0,,0,0.09294589962881813,0.0023788285805090847,0.008638940257810335,5.658825415446867e-06,88.7655,1.5,"ECMWF:0.35,GFS:0.30,NBM:0.35",OPEN,NO,0.5500000000000005
36486,KXHIGHMIA-26MAY12-B87.5,2026-05-12 01:29:10.940696+00:00,KMIA,2026-05-12,1,87.0,89.0,0,0.31663509393273703,0.44251710529991034,0.1002577827097932,0.19582138848301195,88.7655,1.5,"ECMWF:0.35,GFS:0.30,NBM:0.35",OPEN,YES,-19.88
36473,KXHIGHMIA-26MAY12-B85.5,2026-05-12 01:29:07.087821+00:00,KMIA,2026-05-12,1,85.0,87.0,0,0.2315355974815983,0.11356689088627964,0.05360873290116071,0.012897438705576145,88.7655,1.5,"ECMWF:0.35,GFS:0.30,NBM:0.35",OPEN,YES,-18.490000000000016
36472,KXHIGHMIA-26MAY12-B89.5,2026-05-12 01:23:55.851348+00:00,KMIA,2026-05-12,1,89.0,91.0,0,0.21560085170229054,0.3697291899133479,0.046483727254753075,0.1366996738739805,88.7655,1.5,"ECMWF:0.35,GFS:0.30,NBM:0.35",OPEN,NO,25.33
36471,KXHIGHMIA-26MAY12-B85.5,2026-05-12 01:23:55.585661+00:00,KMIA,2026-05-12,1,85.0,87.0,0,0.23241280344357712,0.11356689088627964,0.05401571120450281,0.012897438705576145,88.7655,1.5,"ECMWF:0.35,GFS:0.30,NBM:0.35",OPEN,YES,-18.490000000000016
36470,KXHIGHMIA-26MAY12-T85,2026-05-12 01:23:55.323467+00:00,KMIA,2026-05-12,1,,85.0,0,0.13177969645476442,0.0060308622401243905,0.01736588839770985,3.637129935935818e-05,88.7655,1.5,"ECMWF:0.35,GFS:0.30,NBM:0.35",SKIP,NO,
36469,KXHIGHMIA-26MAY12-B87.5,2026-05-12 01:23:55.059549+00:00,KMIA,2026-05-12,1,87.0,89.0,0,0.3168194551956367,0.44251710529991034,0.10037456719046005,0.19582138848301195,88.7655,1.5,"ECMWF:0.35,GFS:0.30,NBM:0.35",OPEN,YES,-19.88
36468,KXHIGHMIA-26MAY12-B91.5,2026-05-12 01:23:54.771040+00:00,KMIA,2026-05-12,1,91.0,93.0,1,0.16052978366620496,0.06577712307982864,0.7047102441115086,0.8727723837610016,88.7655,1.5,"ECMWF:0.35,GFS:0.30,NBM:0.35",OPEN,NO,-19.56
36467,KXHIGHMIA-26MAY12-T92,2026-05-12 01:23:54.492336+00:00,KMIA,2026-05-12,1,93.0,,0,0.09281168568106665,0.0023788285805090847,0.008614008998961113,5.658825415446867e-06,88.7655,1.5,"ECMWF:0.35,GFS:0.30,NBM:0.35",OPEN,NO,0.5500000000000005
36454,KXHIGHMIA-26MAY12-B85.5,2026-05-12 01:18:49.731515+00:00,KMIA,2026-05-12,1,85.0,87.0,0,0.23326315140358256,0.11356689088627964,0.05441169780273068,0.012897438705576145,88.7655,1.5,"ECMWF:0.35,GFS:0.30,NBM:0.35",OPEN,YES,-18.490000000000016
36453,KXHIGHMIA-26MAY12-T85,2026-05-12 01:18:49.446611+00:00,KMIA,2026-05-12,1,,85.0,0,0.13217987366994338,0.0060308622401243905,0.017471519003402193,3.637129935935818e-05,88.7655,1.5,"ECMWF:0.35,GFS:0.30,NBM:0.35",SKIP,NO,
36452,KXHIGHMIA-26MAY12-B91.5,2026-05-12 01:18:49.181995+00:00,KMIA,2026-05-12,1,91.0,93.0,1,0.15865861128277559,0.06577712307982864,0.7078553323686277,0.8727723837610016,88.7655,1.5,"ECMWF:0.35,GFS:0.30,NBM:0.35",OPEN,NO,-19.32
36451,KXHIGHMIA-26MAY12-T92,2026-05-12 01:18:48.921216+00:00,KMIA,2026-05-12,1,93.0,,0,0.09268209410554204,0.0023788285805090847,0.008589970567788551,5.658825415446867e-06,88.7655,1.5,"ECMWF:0.35,GFS:0.30,NBM:0.35",OPEN,NO,0.5500000000000005
36450,KXHIGHMIA-26MAY12-B87.5,2026-05-12 01:18:48.595943+00:00,KMIA,2026-05-12,1,87.0,89.0,0,0.3169981717463738,0.44251710529991034,0.1004878408905435,0.19582138848301195,88.7655,1.5,"ECMWF:0.35,GFS:0.30,NBM:0.35",OPEN,YES,-19.88
36437,KXHIGHMIA-26MAY12-B89.5,2026-05-12 01:18:44.744571+00:00,KMIA,2026-05-12,1,89.0,91.0,0,0.21617237393532301,0.3697291899133479,0.04673049525283312,0.1366996738739805,88.7655,1.5,"ECMWF:0.35,GFS:0.30,NBM:0.35",OPEN,NO,25.33
36436,KXHIGHMIA-26MAY12-B85.5,2026-05-12 01:13:43.282884+00:00,KMIA,2026-05-12,1,85.0,87.0,0,0.23411333988285488,0.11356689088627964,0.054809055911105124,0.012897438705576145,88.7655,1.5,"ECMWF:0.35,GFS:0.30,NBM:0.35",OPEN,YES,-18.490000000000016
36435,KXHIGHMIA-26MAY12-B87.5,2026-05-12 01:13:42.998107+00:00,KMIA,2026-05-12,1,87.0,89.0,0,0.3171768547792475,0.44251710529991034,0.10060115720765586,0.19582138848301195,88.7655,1.5,"ECMWF:0.35,GFS:0.30,NBM:0.35",OPEN,YES,-19.869999999999997
36434,KXHIGHMIA-26MAY12-B91.5,2026-05-12 01:13:42.720245+00:00,KMIA,2026-05-12,1,91.0,93.0,1,0.1567872868784832,0.06577712307982864,0.7110076795697494,0.8727723837610016,88.7655,1.5,"ECMWF:0.35,GFS:0.30,NBM:0.35",OPEN,NO,-19.32
36433,KXHIGHMIA-26MAY12-T92,2026-05-12 01:13:42.452432+00:00,KMIA,2026-05-12,1,93.0,,0,0.09255302978939237,0.0023788285805090847,0.008566063323196151,5.658825415446867e-06,88.7655,1.5,"ECMWF:0.35,GFS:0.30,NBM:0.35",OPEN,NO,0.5500000000000005
36432,KXHIGHMIA-26MAY12-T85,2026-05-12 01:13:42.158226+00:00,KMIA,2026-05-12,1,,85.0,0,0.13257997583283943,0.0060308622401243905,0.017577449991836285,3.637129935935818e-05,88.7655,1.5,"ECMWF:0.35,GFS:0.30,NBM:0.35",SKIP,NO,
36419,KXHIGHMIA-26MAY12-B89.5,2026-05-12 01:13:38.502197+00:00,KMIA,2026-05-12,1,89.0,91.0,0,0.21674378898072294,0.3697291899133479,0.046977870061720155,0.1366996738739805,88.7655,1.5,"ECMWF:0.35,GFS:0.30,NBM:0.35",OPEN,NO,25.33
36418,KXHIGHMIA-26MAY12-B85.5,2026-05-12 01:08:32.156701+00:00,KMIA,2026-05-12,1,85.0,87.0,0,0.23497829545907856,0.11356689088627964,0.05521479933685402,0.012897438705576145,88.7655,1.5,"ECMWF:0.35,GFS:0.30,NBM:0.35",OPEN,YES,-18.490000000000016
36417,KXHIGHMIA-26MAY12-B87.5,2026-05-12 01:08:31.789148+00:00,KMIA,2026-05-12,1,87.0,89.0,0,0.31735864139413217,0.44251710529991034,0.10071650726752938,0.19582138848301195,88.7655,1.5,"ECMWF:0.35,GFS:0.30,NBM:0.35",OPEN,YES,-19.89
43093,KXHIGHNY-26MAY12-B66.5,2026-05-12 23:56:28.590428+00:00,KNYC,2026-05-12,0,66.0,68.0,0,0.27265025155732725,0.09143208110592371,0.07433815967427383,0.008359825455360213,62.26206018066409,6.8639456172875795,"ECMWF:0.15,GFS:0.15,HRRR:0.40,NBM:0.30",OPEN,NO,1849.01
43092,KXHIGHNY-26MAY12-B72.5,2026-05-12 23:56:28.036910+00:00,KNYC,2026-05-12,0,72.0,74.0,0,0.09946771565143943,0.03436701843214407,0.009893826456915607,0.0011810919559153302,62.26206018066409,6.8639456172875795,"ECMWF:0.15,GFS:0.15,HRRR:0.40,NBM:0.30",OPEN,YES,-5.980000000000005
43091,KXHIGHNY-26MAY12-T66,2026-05-12 23:56:27.490152+00:00,KNYC,2026-05-12,0,,66.0,1,0.2578540926913171,0.7069774060731732,0.5507805477350282,0.08586224055160606,62.26206018066409,6.8639456172875795,"ECMWF:0.15,GFS:0.15,HRRR:0.40,NBM:0.30",OPEN,YES,1849.01
43090,KXHIGHNY-26MAY12-T73,2026-05-12 23:56:26.950128+00:00,KNYC,2026-05-12,0,74.0,,0,0.0934512400263764,0.04362495175789505,0.008733134262467416,0.0019031364158786702,62.26206018066409,6.8639456172875795,"ECMWF:0.15,GFS:0.15,HRRR:0.40,NBM:0.30",OPEN,YES,-8.320000000000007
43089,KXHIGHNY-26MAY12-B70.5,2026-05-12 23:56:26.397121+00:00,KNYC,2026-05-12,0,70.0,72.0,0,0.1395333881631179,0.051809274762270485,0.019469566412279326,0.0026842009513924374,62.26206018066409,6.8639456172875795,"ECMWF:0.15,GFS:0.15,HRRR:0.40,NBM:0.30",OPEN,YES,-10.380000000000008
43088,KXHIGHNY-26MAY12-B68.5,2026-05-12 23:56:25.857566+00:00,KNYC,2026-05-12,0,68.0,70.0,0,0.2066401173575927,0.07178926786859352,0.04270013810155968,0.005153698981108674,62.26206018066409,6.8639456172875795,"ECMWF:0.15,GFS:0.15,HRRR:0.40,NBM:0.30",OPEN,YES,-15.420000000000012
43056,KXHIGHNY-26MAY12-B66.5,2026-05-12 23:51:04.747702+00:00,KNYC,2026-05-12,0,66.0,68.0,0,0.272650251557323,0.09143208110592371,0.0743381596742715,0.008359825455360213,62.26206018066409,6.8639456172875795,"ECMWF:0.15,GFS:0.15,HRRR:0.40,NBM:0.30",OPEN,NO,1849.01
43055,KXHIGHNY-26MAY12-T66,2026-05-12 23:51:04.221191+00:00,KNYC,2026-05-12,0,,66.0,1,0.2578540926913097,0.7069774060731732,0.550780547735039,0.08586224055160606,62.26206018066409,6.8639456172875795,"ECMWF:0.15,GFS:0.15,HRRR:0.40,NBM:0.30",OPEN,YES,1849.01
43054,KXHIGHNY-26MAY12-B72.5,2026-05-12 23:51:03.679923+00:00,KNYC,2026-05-12,0,72.0,74.0,0,0.09946771565148328,0.03436701843214407,0.009893826456924333,0.0011810919559153302,62.26206018066409,6.8639456172875795,"ECMWF:0.15,GFS:0.15,HRRR:0.40,NBM:0.30",OPEN,YES,-5.980000000000005
43053,KXHIGHNY-26MAY12-B68.5,2026-05-12 23:51:03.137478+00:00,KNYC,2026-05-12,0,68.0,70.0,0,0.2066401173575707,0.07178926786859352,0.04270013810155059,0.005153698981108674,62.26206018066409,6.8639456172875795,"ECMWF:0.15,GFS:0.15,HRRR:0.40,NBM:0.30",OPEN,YES,-15.420000000000012
43052,KXHIGHNY-26MAY12-B70.5,2026-05-12 23:51:02.605414+00:00,KNYC,2026-05-12,0,70.0,72.0,0,0.1395333881631564,0.051809274762270485,0.019469566412290078,0.0026842009513924374,62.26206018066409,6.8639456172875795,"ECMWF:0.15,GFS:0.15,HRRR:0.40,NBM:0.30",OPEN,YES,-10.380000000000008
43051,KXHIGHNY-26MAY12-T73,2026-05-12 23:51:02.047648+00:00,KNYC,2026-05-12,0,74.0,,0,0.09345124002632767,0.04362495175789505,0.008733134262458307,0.0019031364158786702,62.26206018066409,6.8639456172875795,"ECMWF:0.15,GFS:0.15,HRRR:0.40,NBM:0.30",OPEN,YES,-8.320000000000007
43019,KXHIGHNY-26MAY12-T66,2026-05-12 23:45:41.115646+00:00,KNYC,2026-05-12,0,,66.0,1,0.25785409269128845,0.7069774060731732,0.5507805477350707,0.08586224055160606,62.26206018066409,6.8639456172875795,"ECMWF:0.15,GFS:0.15,HRRR:0.40,NBM:0.30",OPEN,YES,1849.01
43018,KXHIGHNY-26MAY12-B72.5,2026-05-12 23:45:40.583552+00:00,KNYC,2026-05-12,0,72.0,74.0,0,0.09946771565146463,0.03436701843214407,0.009893826456920623,0.0011810919559153302,62.26206018066409,6.8639456172875795,"ECMWF:0.15,GFS:0.15,HRRR:0.40,NBM:0.30",OPEN,YES,-5.980000000000005
43017,KXHIGHNY-26MAY12-B66.5,2026-05-12 23:45:40.051676+00:00,KNYC,2026-05-12,0,66.0,68.0,0,0.27265025155736355,0.09143208110592371,0.07433815967429362,0.008359825455360213,62.26206018066409,6.8639456172875795,"ECMWF:0.15,GFS:0.15,HRRR:0.40,NBM:0.30",OPEN,NO,1849.01
43016,KXHIGHNY-26MAY12-B68.5,2026-05-12 23:45:39.511227+00:00,KNYC,2026-05-12,0,68.0,70.0,0,0.2066401173575254,0.07178926786859352,0.04270013810153187,0.005153698981108674,62.26206018066409,6.8639456172875795,"ECMWF:0.15,GFS:0.15,HRRR:0.40,NBM:0.30",OPEN,YES,-15.420000000000012
43015,KXHIGHNY-26MAY12-B70.5,2026-05-12 23:45:38.981807+00:00,KNYC,2026-05-12,0,70.0,72.0,0,0.13953338816316385,0.051809274762270485,0.019469566412292152,0.0026842009513924374,62.26206018066409,6.8639456172875795,"ECMWF:0.15,GFS:0.15,HRRR:0.40,NBM:0.30",OPEN,YES,-10.380000000000008
43014,KXHIGHNY-26MAY12-T73,2026-05-12 23:45:38.447719+00:00,KNYC,2026-05-12,0,74.0,,0,0.09345124002636486,0.04362495175789505,0.008733134262465258,0.0019031364158786702,62.26206018066409,6.8639456172875795,"ECMWF:0.15,GFS:0.15,HRRR:0.40,NBM:0.30",OPEN,YES,-8.320000000000007
42983,KXHIGHNY-26MAY12-T66,2026-05-12 23:40:08.226312+00:00,KNYC,2026-05-12,0,,66.0,1,0.257854092691307,0.7069774060731732,0.5507805477350431,0.08586224055160606,62.26206018066409,6.8639456172875795,"ECMWF:0.15,GFS:0.15,HRRR:0.40,NBM:0.30",OPEN,YES,1849.01
42982,KXHIGHNY-26MAY12-B72.5,2026-05-12 23:40:07.671523+00:00,KNYC,2026-05-12,0,72.0,74.0,0,0.09946771565146818,0.03436701843214407,0.009893826456921329,0.0011810919559153302,62.26206018066409,6.8639456172875795,"ECMWF:0.15,GFS:0.15,HRRR:0.40,NBM:0.30",OPEN,YES,-5.980000000000005
42981,KXHIGHNY-26MAY12-B68.5,2026-05-12 23:40:07.099428+00:00,KNYC,2026-05-12,0,68.0,70.0,0,0.20664011735751298,0.07178926786859352,0.04270013810152674,0.005153698981108674,62.26206018066409,6.8639456172875795,"ECMWF:0.15,GFS:0.15,HRRR:0.40,NBM:0.30",OPEN,YES,-15.420000000000012
42980,KXHIGHNY-26MAY12-B66.5,2026-05-12 23:40:06.564893+00:00,KNYC,2026-05-12,0,66.0,68.0,0,0.27265025155736133,0.09143208110592371,0.07433815967429241,0.008359825455360213,62.26206018066409,6.8639456172875795,"ECMWF:0.15,GFS:0.15,HRRR:0.40,NBM:0.30",OPEN,NO,1849.01
42979,KXHIGHNY-26MAY12-B70.5,2026-05-12 23:40:06.019119+00:00,KNYC,2026-05-12,0,70.0,72.0,0,0.1395333881631441,0.051809274762270485,0.01946956641228664,0.0026842009513924374,62.26206018066409,6.8639456172875795,"ECMWF:0.15,GFS:0.15,HRRR:0.40,NBM:0.30",OPEN,YES,-10.380000000000008
42978,KXHIGHNY-26MAY12-T73,2026-05-12 23:40:05.465654+00:00,KNYC,2026-05-12,0,74.0,,0,0.09345124002637718,0.04362495175789505,0.008733134262467562,0.0019031364158786702,62.26206018066409,6.8639456172875795,"ECMWF:0.15,GFS:0.15,HRRR:0.40,NBM:0.30",OPEN,YES,-8.320000000000007
42946,KXHIGHNY-26MAY12-B72.5,2026-05-12 23:34:41.945802+00:00,KNYC,2026-05-12,0,72.0,74.0,0,0.09946771565144664,0.03436701843214407,0.009893826456917044,0.0011810919559153302,62.26206018066409,6.8639456172875795,"ECMWF:0.15,GFS:0.15,HRRR:0.40,NBM:0.30",OPEN,YES,-5.980000000000005
42945,KXHIGHNY-26MAY12-B68.5,2026-05-12 23:34:41.429366+00:00,KNYC,2026-05-12,0,68.0,70.0,0,0.2066401173575939,0.07178926786859352,0.04270013810156018,0.005153698981108674,62.26206018066409,6.8639456172875795,"ECMWF:0.15,GFS:0.15,HRRR:0.40,NBM:0.30",OPEN,YES,-15.420000000000012
42944,KXHIGHNY-26MAY12-T66,2026-05-12 23:34:40.898900+00:00,KNYC,2026-05-12,0,,66.0,1,0.25785409269131204,0.7069774060731732,0.5507805477350357,0.08586224055160606,62.26206018066409,6.8639456172875795,"ECMWF:0.15,GFS:0.15,HRRR:0.40,NBM:0.30",OPEN,YES,1849.01
42943,KXHIGHNY-26MAY12-B70.5,2026-05-12 23:34:40.366149+00:00,KNYC,2026-05-12,0,70.0,72.0,0,0.13953338816313476,0.051809274762270485,0.019469566412284037,0.0026842009513924374,62.26206018066409,6.8639456172875795,"ECMWF:0.15,GFS:0.15,HRRR:0.40,NBM:0.30",OPEN,YES,-10.380000000000008
42942,KXHIGHNY-26MAY12-B66.5,2026-05-12 23:34:39.807906+00:00,KNYC,2026-05-12,0,66.0,68.0,0,0.27265025155733397,0.09143208110592371,0.0743381596742775,0.008359825455360213,62.26206018066409,6.8639456172875795,"ECMWF:0.15,GFS:0.15,HRRR:0.40,NBM:0.30",OPEN,NO,1849.01
42941,KXHIGHNY-26MAY12-T73,2026-05-12 23:34:39.243023+00:00,KNYC,2026-05-12,0,74.0,,0,0.09345124002634943,0.04362495175789505,0.008733134262462373,0.0019031364158786702,62.26206018066409,6.8639456172875795,"ECMWF:0.15,GFS:0.15,HRRR:0.40,NBM:0.30",OPEN,YES,-8.320000000000007
42912,KXHIGHNY-26MAY12-B72.5,2026-05-12 23:29:21.613382+00:00,KNYC,2026-05-12,0,72.0,74.0,0,0.09946771565144875,0.03436701843214407,0.009893826456917464,0.0011810919559153302,62.26206018066409,6.8639456172875795,"ECMWF:0.15,GFS:0.15,HRRR:0.40,NBM:0.30",OPEN,YES,-5.980000000000005
42911,KXHIGHNY-26MAY12-B66.5,2026-05-12 23:29:21.058130+00:00,KNYC,2026-05-12,0,66.0,68.0,0,0.27265025155730144,0.09143208110592371,0.07433815967425976,0.008359825455360213,62.26206018066409,6.8639456172875795,"ECMWF:0.15,GFS:0.15,HRRR:0.40,NBM:0.30",OPEN,NO,1849.01
42910,KXHIGHNY-26MAY12-B68.5,2026-05-12 23:29:20.513149+00:00,KNYC,2026-05-12,0,68.0,70.0,0,0.2066401173575888,0.07178926786859352,0.04270013810155807,0.005153698981108674,62.26206018066409,6.8639456172875795,"ECMWF:0.15,GFS:0.15,HRRR:0.40,NBM:0.30",OPEN,YES,-15.420000000000012
42909,KXHIGHNY-26MAY12-B70.5,2026-05-12 23:29:19.959659+00:00,KNYC,2026-05-12,0,70.0,72.0,0,0.13953338816314265,0.051809274762270485,0.019469566412286237,0.0026842009513924374,62.26206018066409,6.8639456172875795,"ECMWF:0.15,GFS:0.15,HRRR:0.40,NBM:0.30",OPEN,YES,-10.380000000000008
42908,KXHIGHNY-26MAY12-T73,2026-05-12 23:29:19.428301+00:00,KNYC,2026-05-12,0,74.0,,0,0.0934512400263642,0.04362495175789505,0.008733134262465133,0.0019031364158786702,62.26206018066409,6.8639456172875795,"ECMWF:0.15,GFS:0.15,HRRR:0.40,NBM:0.30",OPEN,YES,-8.320000000000007
42907,KXHIGHNY-26MAY12-T66,2026-05-12 23:29:18.889089+00:00,KNYC,2026-05-12,0,,66.0,1,0.2578540926913249,0.7069774060731732,0.5507805477350166,0.08586224055160606,62.26206018066409,6.8639456172875795,"ECMWF:0.15,GFS:0.15,HRRR:0.40,NBM:0.30",OPEN,YES,1849.01
42878,KXHIGHNY-26MAY12-B70.5,2026-05-12 23:24:01.217580+00:00,KNYC,2026-05-12,0,70.0,72.0,0,0.13953338816315963,0.051809274762270485,0.019469566412290976,0.0026842009513924374,62.26206018066409,6.8639456172875795,"ECMWF:0.15,GFS:0.15,HRRR:0.40,NBM:0.30",OPEN,YES,-10.380000000000008
42877,KXHIGHNY-26MAY12-B66.5,2026-05-12 23:24:00.601176+00:00,KNYC,2026-05-12,0,66.0,68.0,0,0.27265025155731554,0.09143208110592371,0.07433815967426745,0.008359825455360213,62.26206018066409,6.8639456172875795,"ECMWF:0.15,GFS:0.15,HRRR:0.40,NBM:0.30",OPEN,NO,1849.01
42876,KXHIGHNY-26MAY12-B72.5,2026-05-12 23:24:00.014601+00:00,KNYC,2026-05-12,0,72.0,74.0,0,0.09946771565148584,0.03436701843214407,0.00989382645692484,0.0011810919559153302,62.26206018066409,6.8639456172875795,"ECMWF:0.15,GFS:0.15,HRRR:0.40,NBM:0.30",OPEN,YES,-5.980000000000005
42875,KXHIGHNY-26MAY12-T73,2026-05-12 23:23:59.465974+00:00,KNYC,2026-05-12,0,74.0,,0,0.09345124002632312,0.04362495175789505,0.008733134262457455,0.0019031364158786702,62.26206018066409,6.8639456172875795,"ECMWF:0.15,GFS:0.15,HRRR:0.40,NBM:0.30",OPEN,YES,-8.320000000000007
42874,KXHIGHNY-26MAY12-B68.5,2026-05-12 23:23:58.931492+00:00,KNYC,2026-05-12,0,68.0,70.0,0,0.20664011735755405,0.07178926786859352,0.04270013810154371,0.005153698981108674,62.26206018066409,6.8639456172875795,"ECMWF:0.15,GFS:0.15,HRRR:0.40,NBM:0.30",OPEN,YES,-15.420000000000012
42873,KXHIGHNY-26MAY12-T66,2026-05-12 23:23:58.403731+00:00,KNYC,2026-05-12,0,,66.0,1,0.2578540926913326,0.7069774060731732,0.5507805477350051,0.08586224055160606,62.26206018066409,6.8639456172875795,"ECMWF:0.15,GFS:0.15,HRRR:0.40,NBM:0.30",OPEN,YES,1849.01
42841,KXHIGHNY-26MAY12-B66.5,2026-05-12 23:18:32.180205+00:00,KNYC,2026-05-12,0,66.0,68.0,0,0.2726502515573445,0.09143208110592371,0.07433815967428324,0.008359825455360213,62.26206018066409,6.8639456172875795,"ECMWF:0.15,GFS:0.15,HRRR:0.40,NBM:0.30",OPEN,NO,1849.01
42840,KXHIGHNY-26MAY12-B70.5,2026-05-12 23:18:31.658359+00:00,KNYC,2026-05-12,0,70.0,72.0,0,0.13953338816313088,0.051809274762270485,0.01946956641228295,0.0026842009513924374,62.26206018066409,6.8639456172875795,"ECMWF:0.15,GFS:0.15,HRRR:0.40,NBM:0.30",OPEN,YES,-10.380000000000008
42839,KXHIGHNY-26MAY12-B72.5,2026-05-12 23:18:31.129866+00:00,KNYC,2026-05-12,0,72.0,74.0,0,0.09946771565145286,0.03436701843214407,0.00989382645691828,0.0011810919559153302,62.26206018066409,6.8639456172875795,"ECMWF:0.15,GFS:0.15,HRRR:0.40,NBM:0.30",OPEN,YES,-5.980000000000005
42838,KXHIGHNY-26MAY12-T73,2026-05-12 23:18:30.580284+00:00,KNYC,2026-05-12,0,74.0,,0,0.09345124002637852,0.04362495175789505,0.00873313426246781,0.0019031364158786702,62.26206018066409,6.8639456172875795,"ECMWF:0.15,GFS:0.15,HRRR:0.40,NBM:0.30",OPEN,YES,-8.320000000000007
42837,KXHIGHNY-26MAY12-T66,2026-05-12 23:18:30.017787+00:00,KNYC,2026-05-12,0,,66.0,1,0.25785409269127674,0.7069774060731732,0.5507805477350881,0.08586224055160606,62.26206018066409,6.8639456172875795,"ECMWF:0.15,GFS:0.15,HRRR:0.40,NBM:0.30",OPEN,YES,1849.01
42836,KXHIGHNY-26MAY12-B68.5,2026-05-12 23:18:29.479909+00:00,KNYC,2026-05-12,0,68.0,70.0,0,0.20664011735758725,0.07178926786859352,0.042700138101557435,0.005153698981108674,62.26206018066409,6.8639456172875795,"ECMWF:0.15,GFS:0.15,HRRR:0.40,NBM:0.30",OPEN,YES,-15.420000000000012
42805,KXHIGHNY-26MAY12-T66,2026-05-12 23:13:10.772334+00:00,KNYC,2026-05-12,0,,66.0,1,0.25785409269126947,0.7069774060731732,0.5507805477350989,0.08586224055160606,62.26206018066409,6.8639456172875795,"ECMWF:0.15,GFS:0.15,HRRR:0.40,NBM:0.30",OPEN,YES,1849.01
42804,KXHIGHNY-26MAY12-B72.5,2026-05-12 23:13:10.234569+00:00,KNYC,2026-05-12,0,72.0,74.0,0,0.09946771565152547,0.03436701843214407,0.009893826456932726,0.0011810919559153302,62.26206018066409,6.8639456172875795,"ECMWF:0.15,GFS:0.15,HRRR:0.40,NBM:0.30",OPEN,YES,-5.980000000000005
42803,KXHIGHNY-26MAY12-T73,2026-05-12 23:13:09.694502+00:00,KNYC,2026-05-12,0,74.0,,0,0.09345124002633066,0.04362495175789505,0.008733134262458867,0.0019031364158786702,62.26206018066409,6.8639456172875795,"ECMWF:0.15,GFS:0.15,HRRR:0.40,NBM:0.30",OPEN,YES,-8.320000000000007
42802,KXHIGHNY-26MAY12-B70.5,2026-05-12 23:13:09.144312+00:00,KNYC,2026-05-12,0,70.0,72.0,0,0.13953338816307714,0.051809274762270485,0.019469566412267957,0.0026842009513924374,62.26206018066409,6.8639456172875795,"ECMWF:0.15,GFS:0.15,HRRR:0.40,NBM:0.30",OPEN,YES,-10.380000000000008
42801,KXHIGHNY-26MAY12-B68.5,2026-05-12 23:13:08.592032+00:00,KNYC,2026-05-12,0,68.0,70.0,0,0.20664011735757848,0.07178926786859352,0.042700138101553806,0.005153698981108674,62.26206018066409,6.8639456172875795,"ECMWF:0.15,GFS:0.15,HRRR:0.40,NBM:0.30",OPEN,YES,-15.420000000000012
42800,KXHIGHNY-26MAY12-B66.5,2026-05-12 23:13:08.046499+00:00,KNYC,2026-05-12,0,66.0,68.0,0,0.27265025155738953,0.09143208110592371,0.07433815967430779,0.008359825455360213,62.26206018066409,6.8639456172875795,"ECMWF:0.15,GFS:0.15,HRRR:0.40,NBM:0.30",OPEN,NO,1849.01
42767,KXHIGHNY-26MAY12-B68.5,2026-05-12 23:07:42.645292+00:00,KNYC,2026-05-12,0,68.0,70.0,0,0.20664011735760068,0.07178926786859352,0.042700138101562986,0.005153698981108674,62.26206018066409,6.8639456172875795,"ECMWF:0.15,GFS:0.15,HRRR:0.40,NBM:0.30",OPEN,YES,-15.420000000000012
42766,KXHIGHNY-26MAY12-B72.5,2026-05-12 23:07:42.112270+00:00,KNYC,2026-05-12,0,72.0,74.0,0,0.09946771565149327,0.03436701843214407,0.00989382645692632,0.0011810919559153302,62.26206018066409,6.8639456172875795,"ECMWF:0.15,GFS:0.15,HRRR:0.40,NBM:0.30",OPEN,YES,-5.980000000000005
42765,KXHIGHNY-26MAY12-T73,2026-05-12 23:07:41.574274+00:00,KNYC,2026-05-12,0,74.0,,0,0.093451240026331,0.04362495175789505,0.00873313426245893,0.0019031364158786702,62.26206018066409,6.8639456172875795,"ECMWF:0.15,GFS:0.15,HRRR:0.40,NBM:0.30",OPEN,YES,-8.320000000000007
42764,KXHIGHNY-26MAY12-B66.5,2026-05-12 23:07:41.040555+00:00,KNYC,2026-05-12,0,66.0,68.0,0,0.27265025155732453,0.09143208110592371,0.07433815967427235,0.008359825455360213,62.26206018066409,6.8639456172875795,"ECMWF:0.15,GFS:0.15,HRRR:0.40,NBM:0.30",OPEN,NO,1849.01
42763,KXHIGHNY-26MAY12-B70.5,2026-05-12 23:07:40.477092+00:00,KNYC,2026-05-12,0,70.0,72.0,0,0.13953338816310623,0.051809274762270485,0.019469566412276075,0.0026842009513924374,62.26206018066409,6.8639456172875795,"ECMWF:0.15,GFS:0.15,HRRR:0.40,NBM:0.30",OPEN,YES,-10.380000000000008
42762,KXHIGHNY-26MAY12-T66,2026-05-12 23:07:39.928081+00:00,KNYC,2026-05-12,0,,66.0,1,0.25785409269131504,0.7069774060731732,0.5507805477350312,0.08586224055160606,62.26206018066409,6.8639456172875795,"ECMWF:0.15,GFS:0.15,HRRR:0.40,NBM:0.30",OPEN,YES,1849.01
42730,KXHIGHNY-26MAY12-T66,2026-05-12 23:02:14.338672+00:00,KNYC,2026-05-12,0,,66.0,1,0.2578540926913123,0.7069774060731732,0.5507805477350353,0.08586224055160606,62.26206018066409,6.8639456172875795,"ECMWF:0.15,GFS:0.15,HRRR:0.40,NBM:0.30",OPEN,YES,1849.01
42729,KXHIGHNY-26MAY12-B72.5,2026-05-12 23:02:13.795119+00:00,KNYC,2026-05-12,0,72.0,74.0,0,0.09946771565143488,0.03436701843214407,0.009893826456914702,0.0011810919559153302,62.26206018066409,6.8639456172875795,"ECMWF:0.15,GFS:0.15,HRRR:0.40,NBM:0.30",OPEN,YES,-5.980000000000005
42728,KXHIGHNY-26MAY12-B66.5,2026-05-12 23:02:13.504766+00:00,KNYC,2026-05-12,0,66.0,68.0,0,0.27265025155736544,0.09143208110592371,0.07433815967429466,0.008359825455360213,62.26206018066409,6.8639456172875795,"ECMWF:0.15,GFS:0.15,HRRR:0.40,NBM:0.30",OPEN,NO,1849.01
42727,KXHIGHNY-26MAY12-B70.5,2026-05-12 23:02:12.962997+00:00,KNYC,2026-05-12,0,70.0,72.0,0,0.13953338816311922,0.051809274762270485,0.0194695664122797,0.0026842009513924374,62.26206018066409,6.8639456172875795,"ECMWF:0.15,GFS:0.15,HRRR:0.40,NBM:0.30",OPEN,YES,-10.380000000000008
42726,KXHIGHNY-26MAY12-B68.5,2026-05-12 23:02:12.413891+00:00,KNYC,2026-05-12,0,68.0,70.0,0,0.20664011735755639,0.07178926786859352,0.042700138101544674,0.005153698981108674,62.26206018066409,6.8639456172875795,"ECMWF:0.15,GFS:0.15,HRRR:0.40,NBM:0.30",OPEN,YES,-15.420000000000012
42725,KXHIGHNY-26MAY12-T73,2026-05-12 23:02:12.083004+00:00,KNYC,2026-05-12,0,74.0,,0,0.09345124002638251,0.04362495175789505,0.008733134262468557,0.0019031364158786702,62.26206018066409,6.8639456172875795,"ECMWF:0.15,GFS:0.15,HRRR:0.40,NBM:0.30",OPEN,YES,-8.320000000000007
42697,KXHIGHNY-26MAY12-B70.5,2026-05-12 22:57:00.817735+00:00,KNYC,2026-05-12,0,70.0,72.0,0,0.13953338816313243,0.05212208945180585,0.019469566412283385,0.002716712208822051,62.37300012207034,6.702953248870231,"ECMWF:0.15,GFS:0.15,HRRR:0.40,NBM:0.30",OPEN,YES,-10.460000000000008
42696,KXHIGHNY-26MAY12-B72.5,2026-05-12 22:57:00.268203+00:00,KNYC,2026-05-12,0,72.0,74.0,0,0.09946771565147274,0.0340630009222076,0.009893826456922234,0.0011602880318263157,62.37300012207034,6.702953248870231,"ECMWF:0.15,GFS:0.15,HRRR:0.40,NBM:0.30",OPEN,YES,-5.900000000000005
42695,KXHIGHNY-26MAY12-T66,2026-05-12 22:56:59.704765+00:00,KNYC,2026-05-12,0,,66.0,1,0.2578540926913036,0.7057823096371322,0.5507805477350483,0.08656404932246037,62.37300012207034,6.702953248870231,"ECMWF:0.15,GFS:0.15,HRRR:0.40,NBM:0.30",OPEN,YES,1849.01
42694,KXHIGHNY-26MAY12-B66.5,2026-05-12 22:56:59.384024+00:00,KNYC,2026-05-12,0,66.0,68.0,0,0.2726502515573385,0.09361788249716896,0.07433815967427998,0.008764307923253735,62.37300012207034,6.702953248870231,"ECMWF:0.15,GFS:0.15,HRRR:0.40,NBM:0.30",OPEN,NO,1849.01
42693,KXHIGHNY-26MAY12-B68.5,2026-05-12 22:56:59.055146+00:00,KNYC,2026-05-12,0,68.0,70.0,0,0.20664011735756949,0.07300963364763557,0.04270013810155009,0.00533040660536196,62.37300012207034,6.702953248870231,"ECMWF:0.15,GFS:0.15,HRRR:0.40,NBM:0.30",OPEN,YES,-15.730000000000013
42692,KXHIGHNY-26MAY12-T73,2026-05-12 22:56:58.490733+00:00,KNYC,2026-05-12,0,74.0,,0,0.09345124002635398,0.04140508384404984,0.008733134262463225,0.001714380968132797,62.37300012207034,6.702953248870231,"ECMWF:0.15,GFS:0.15,HRRR:0.40,NBM:0.30",OPEN,YES,-7.760000000000006
42662,KXHIGHNY-26MAY12-T66,2026-05-12 22:51:34.726307+00:00,KNYC,2026-05-12,0,,66.0,1,0.2578540926913013,0.7057823096371322,0.5507805477350516,0.08656404932246037,62.37300012207034,6.702953248870231,"ECMWF:0.15,GFS:0.15,HRRR:0.40,NBM:0.30",OPEN,YES,1849.01
42661,KXHIGHNY-26MAY12-B68.5,2026-05-12 22:51:34.441580+00:00,KNYC,2026-05-12,0,68.0,70.0,0,0.2066401173575656,0.07300963364763557,0.042700138101548483,0.00533040660536196,62.37300012207034,6.702953248870231,"ECMWF:0.15,GFS:0.15,HRRR:0.40,NBM:0.30",OPEN,YES,-15.730000000000013
42660,KXHIGHNY-26MAY12-B70.5,2026-05-12 22:51:33.908877+00:00,KNYC,2026-05-12,0,70.0,72.0,0,0.13953338816313232,0.05212208945180585,0.019469566412283354,0.002716712208822051,62.37300012207034,6.702953248870231,"ECMWF:0.15,GFS:0.15,HRRR:0.40,NBM:0.30",OPEN,YES,-10.460000000000008
42659,KXHIGHNY-26MAY12-B66.5,2026-05-12 22:51:33.596746+00:00,KNYC,2026-05-12,0,66.0,68.0,0,0.2726502515573433,0.09361788249716896,0.07433815967428258,0.008764307923253735,62.37300012207034,6.702953248870231,"ECMWF:0.15,GFS:0.15,HRRR:0.40,NBM:0.30",OPEN,NO,1849.01
42658,KXHIGHNY-26MAY12-B72.5,2026-05-12 22:51:33.308340+00:00,KNYC,2026-05-12,0,72.0,74.0,0,0.09946771565147329,0.0340630009222076,0.009893826456922345,0.0011602880318263157,62.37300012207034,6.702953248870231,"ECMWF:0.15,GFS:0.15,HRRR:0.40,NBM:0.30",OPEN,YES,-5.900000000000005
42657,KXHIGHNY-26MAY12-T73,2026-05-12 22:51:32.982831+00:00,KNYC,2026-05-12,0,74.0,,0,0.09345124002635498,0.04140508384404984,0.00873313426246341,0.001714380968132797,62.37300012207034,6.702953248870231,"ECMWF:0.15,GFS:0.15,HRRR:0.40,NBM:0.30",OPEN,YES,-7.760000000000006
42625,KXHIGHNY-26MAY12-B66.5,2026-05-12 22:46:14.731322+00:00,KNYC,2026-05-12,0,66.0,68.0,0,0.27265025155733896,0.09361788249716896,0.07433815967428022,0.008764307923253735,62.37300012207034,6.702953248870231,"ECMWF:0.15,GFS:0.15,HRRR:0.40,NBM:0.30",OPEN,NO,1849.01
42624,KXHIGHNY-26MAY12-T66,2026-05-12 22:46:14.438425+00:00,KNYC,2026-05-12,0,,66.0,1,0.2578540926913038,0.7057823096371322,0.5507805477350479,0.08656404932246037,62.37300012207034,6.702953248870231,"ECMWF:0.15,GFS:0.15,HRRR:0.40,NBM:0.30",OPEN,YES,1849.01
42623,KXHIGHNY-26MAY12-B68.5,2026-05-12 22:46:13.898135+00:00,KNYC,2026-05-12,0,68.0,70.0,0,0.20664011735756838,0.07300963364763557,0.04270013810154963,0.00533040660536196,62.37300012207034,6.702953248870231,"ECMWF:0.15,GFS:0.15,HRRR:0.40,NBM:0.30",OPEN,YES,-15.730000000000013
42622,KXHIGHNY-26MAY12-B70.5,2026-05-12 22:46:13.562636+00:00,KNYC,2026-05-12,0,70.0,72.0,0,0.13953338816313343,0.05212208945180585,0.019469566412283666,0.002716712208822051,62.37300012207034,6.702953248870231,"ECMWF:0.15,GFS:0.15,HRRR:0.40,NBM:0.30",OPEN,YES,-10.460000000000008
42621,KXHIGHNY-26MAY12-B72.5,2026-05-12 22:46:13.259856+00:00,KNYC,2026-05-12,0,72.0,74.0,0,0.0994677156514724,0.0340630009222076,0.009893826456922168,0.0011602880318263157,62.37300012207034,6.702953248870231,"ECMWF:0.15,GFS:0.15,HRRR:0.40,NBM:0.30",OPEN,YES,-5.900000000000005
42620,KXHIGHNY-26MAY12-T73,2026-05-12 22:46:12.963415+00:00,KNYC,2026-05-12,0,74.0,,0,0.09345124002635376,0.04140508384404984,0.008733134262463183,0.001714380968132797,62.37300012207034,6.702953248870231,"ECMWF:0.15,GFS:0.15,HRRR:0.40,NBM:0.30",OPEN,YES,-7.760000000000006
42587,KXHIGHNY-26MAY12-B68.5,2026-05-12 22:40:53.352678+00:00,KNYC,2026-05-12,0,68.0,70.0,0,0.20664011735756682,0.07300963364763557,0.04270013810154899,0.00533040660536196,62.37300012207034,6.702953248870231,"ECMWF:0.15,GFS:0.15,HRRR:0.40,NBM:0.30",OPEN,YES,-15.730000000000013
42586,KXHIGHNY-26MAY12-T66,2026-05-12 22:40:53.048831+00:00,KNYC,2026-05-12,0,,66.0,1,0.2578540926913025,0.7057823096371322,0.5507805477350499,0.08656404932246037,62.37300012207034,6.702953248870231,"ECMWF:0.15,GFS:0.15,HRRR:0.40,NBM:0.30",OPEN,YES,1849.01
42585,KXHIGHNY-26MAY12-B70.5,2026-05-12 22:40:52.513655+00:00,KNYC,2026-05-12,0,70.0,72.0,0,0.13953338816313288,0.05212208945180585,0.01946956641228351,0.002716712208822051,62.37300012207034,6.702953248870231,"ECMWF:0.15,GFS:0.15,HRRR:0.40,NBM:0.30",OPEN,YES,-10.460000000000008
42584,KXHIGHNY-26MAY12-B72.5,2026-05-12 22:40:52.235133+00:00,KNYC,2026-05-12,0,72.0,74.0,0,0.09946771565147396,0.0340630009222076,0.009893826456922477,0.0011602880318263157,62.37300012207034,6.702953248870231,"ECMWF:0.15,GFS:0.15,HRRR:0.40,NBM:0.30",OPEN,YES,-5.900000000000005
42583,KXHIGHNY-26MAY12-B66.5,2026-05-12 22:40:51.927113+00:00,KNYC,2026-05-12,0,66.0,68.0,0,0.27265025155733996,0.09361788249716896,0.07433815967428076,0.008764307923253735,62.37300012207034,6.702953248870231,"ECMWF:0.15,GFS:0.15,HRRR:0.40,NBM:0.30",OPEN,NO,1849.01
42582,KXHIGHNY-26MAY12-T73,2026-05-12 22:40:51.384332+00:00,KNYC,2026-05-12,0,74.0,,0,0.09345124002635465,0.04140508384404984,0.008733134262463348,0.001714380968132797,62.37300012207034,6.702953248870231,"ECMWF:0.15,GFS:0.15,HRRR:0.40,NBM:0.30",OPEN,YES,-7.760000000000006
42551,KXHIGHNY-26MAY12-B68.5,2026-05-12 22:35:34.505170+00:00,KNYC,2026-05-12,0,68.0,70.0,0,0.2066401173575685,0.07300963364763557,0.04270013810154968,0.00533040660536196,62.37300012207034,6.702953248870231,"ECMWF:0.15,GFS:0.15,HRRR:0.40,NBM:0.30",OPEN,YES,-15.730000000000013
42550,KXHIGHNY-26MAY12-B66.5,2026-05-12 22:35:34.174202+00:00,KNYC,2026-05-12,0,66.0,68.0,0,0.2726502515573402,0.09361788249716896,0.07433815967428088,0.008764307923253735,62.37300012207034,6.702953248870231,"ECMWF:0.15,GFS:0.15,HRRR:0.40,NBM:0.30",OPEN,NO,1849.01
42549,KXHIGHNY-26MAY12-B70.5,2026-05-12 22:35:33.835738+00:00,KNYC,2026-05-12,0,70.0,72.0,0,0.13953338816312955,0.05212208945180585,0.01946956641228258,0.002716712208822051,62.37300012207034,6.702953248870231,"ECMWF:0.15,GFS:0.15,HRRR:0.40,NBM:0.30",OPEN,YES,-10.460000000000008
42548,KXHIGHNY-26MAY12-T66,2026-05-12 22:35:33.500581+00:00,KNYC,2026-05-12,0,,66.0,1,0.25785409269130405,0.7057823096371322,0.5507805477350476,0.08656404932246037,62.37300012207034,6.702953248870231,"ECMWF:0.15,GFS:0.15,HRRR:0.40,NBM:0.30",OPEN,YES,1849.01
42547,KXHIGHNY-26MAY12-B72.5,2026-05-12 22:35:32.967751+00:00,KNYC,2026-05-12,0,72.0,74.0,0,0.09946771565147518,0.0340630009222076,0.00989382645692272,0.0011602880318263157,62.37300012207034,6.702953248870231,"ECMWF:0.15,GFS:0.15,HRRR:0.40,NBM:0.30",OPEN,YES,-5.900000000000005
42546,KXHIGHNY-26MAY12-T73,2026-05-12 22:35:32.665110+00:00,KNYC,2026-05-12,0,74.0,,0,0.09345124002635331,0.04140508384404984,0.0087331342624631,0.001714380968132797,62.37300012207034,6.702953248870231,"ECMWF:0.15,GFS:0.15,HRRR:0.40,NBM:0.30",OPEN,YES,-7.760000000000006
42514,KXHIGHNY-26MAY12-B72.5,2026-05-12 22:30:13.219161+00:00,KNYC,2026-05-12,0,72.0,74.0,0,0.0994677156514714,0.0340630009222076,0.009893826456921969,0.0011602880318263157,62.37300012207034,6.702953248870231,"ECMWF:0.15,GFS:0.15,HRRR:0.40,NBM:0.30",OPEN,YES,-5.900000000000005
42513,KXHIGHNY-26MAY12-B66.5,2026-05-12 22:30:12.868683+00:00,KNYC,2026-05-12,0,66.0,68.0,0,0.27265025155734063,0.09361788249716896,0.07433815967428113,0.008764307923253735,62.37300012207034,6.702953248870231,"ECMWF:0.15,GFS:0.15,HRRR:0.40,NBM:0.30",OPEN,NO,1849.01
42512,KXHIGHNY-26MAY12-B68.5,2026-05-12 22:30:12.568117+00:00,KNYC,2026-05-12,0,68.0,70.0,0,0.2066401173575676,0.07300963364763557,0.04270013810154931,0.00533040660536196,62.37300012207034,6.702953248870231,"ECMWF:0.15,GFS:0.15,HRRR:0.40,NBM:0.30",OPEN,YES,-15.730000000000013
42511,KXHIGHNY-26MAY12-T73,2026-05-12 22:30:12.271586+00:00,KNYC,2026-05-12,0,74.0,,0,0.09345124002635587,0.04140508384404984,0.008733134262463577,0.001714380968132797,62.37300012207034,6.702953248870231,"ECMWF:0.15,GFS:0.15,HRRR:0.40,NBM:0.30",OPEN,YES,-7.760000000000006
42510,KXHIGHNY-26MAY12-T66,2026-05-12 22:30:11.955103+00:00,KNYC,2026-05-12,0,,66.0,1,0.2578540926913036,0.7057823096371322,0.5507805477350483,0.08656404932246037,62.37300012207034,6.702953248870231,"ECMWF:0.15,GFS:0.15,HRRR:0.40,NBM:0.30",OPEN,YES,1849.01
42509,KXHIGHNY-26MAY12-B70.5,2026-05-12 22:30:11.641154+00:00,KNYC,2026-05-12,0,70.0,72.0,0,0.13953338816313166,0.05212208945180585,0.01946956641228317,0.002716712208822051,62.37300012207034,6.702953248870231,"ECMWF:0.15,GFS:0.15,HRRR:0.40,NBM:0.30",OPEN,YES,-10.460000000000008
42481,KXHIGHNY-26MAY12-B70.5,2026-05-12 22:24:58.279179+00:00,KNYC,2026-05-12,0,70.0,72.0,0,0.13953338816313376,0.05212208945180585,0.019469566412283756,0.002716712208822051,62.37300012207034,6.702953248870231,"ECMWF:0.15,GFS:0.15,HRRR:0.40,NBM:0.30",OPEN,YES,-10.460000000000008
42480,KXHIGHNY-26MAY12-T66,2026-05-12 22:24:57.969542+00:00,KNYC,2026-05-12,0,,66.0,1,0.2578540926913043,0.7057823096371322,0.5507805477350471,0.08656404932246037,62.37300012207034,6.702953248870231,"ECMWF:0.15,GFS:0.15,HRRR:0.40,NBM:0.30",OPEN,YES,1849.01
42479,KXHIGHNY-26MAY12-B68.5,2026-05-12 22:24:57.636422+00:00,KNYC,2026-05-12,0,68.0,70.0,0,0.20664011735756727,0.07300963364763557,0.04270013810154917,0.00533040660536196,62.37300012207034,6.702953248870231,"ECMWF:0.15,GFS:0.15,HRRR:0.40,NBM:0.30",OPEN,YES,-15.730000000000013
42478,KXHIGHNY-26MAY12-B66.5,2026-05-12 22:24:57.109275+00:00,KNYC,2026-05-12,0,66.0,68.0,0,0.27265025155733835,0.09361788249716896,0.07433815967427988,0.008764307923253735,62.37300012207034,6.702953248870231,"ECMWF:0.15,GFS:0.15,HRRR:0.40,NBM:0.30",OPEN,NO,1849.01
42477,KXHIGHNY-26MAY12-B72.5,2026-05-12 22:24:56.560993+00:00,KNYC,2026-05-12,0,72.0,74.0,0,0.09946771565147262,0.0340630009222076,0.009893826456922212,0.0011602880318263157,62.37300012207034,6.702953248870231,"ECMWF:0.15,GFS:0.15,HRRR:0.40,NBM:0.30",OPEN,YES,-5.900000000000005
42476,KXHIGHNY-26MAY12-T73,2026-05-12 22:24:56.233292+00:00,KNYC,2026-05-12,0,74.0,,0,0.09345124002635442,0.04140508384404984,0.008733134262463306,0.001714380968132797,62.37300012207034,6.702953248870231,"ECMWF:0.15,GFS:0.15,HRRR:0.40,NBM:0.30",OPEN,YES,-7.760000000000006
42446,KXHIGHNY-26MAY12-B70.5,2026-05-12 22:19:33.227587+00:00,KNYC,2026-05-12,0,70.0,72.0,0,0.13953338816313443,0.05212208945180585,0.019469566412283944,0.002716712208822051,62.37300012207034,6.702953248870231,"ECMWF:0.15,GFS:0.15,HRRR:0.40,NBM:0.30",OPEN,YES,-10.460000000000008
42445,KXHIGHNY-26MAY12-B68.5,2026-05-12 22:19:32.690543+00:00,KNYC,2026-05-12,0,68.0,70.0,0,0.20664011735756838,0.07300963364763557,0.04270013810154963,0.00533040660536196,62.37300012207034,6.702953248870231,"ECMWF:0.15,GFS:0.15,HRRR:0.40,NBM:0.30",OPEN,YES,-15.730000000000013
42444,KXHIGHNY-26MAY12-B66.5,2026-05-12 22:19:32.389079+00:00,KNYC,2026-05-12,0,66.0,68.0,0,0.2726502515573396,0.09361788249716896,0.07433815967428055,0.008764307923253735,62.37300012207034,6.702953248870231,"ECMWF:0.15,GFS:0.15,HRRR:0.40,NBM:0.30",OPEN,NO,1849.01
42443,KXHIGHNY-26MAY12-T66,2026-05-12 22:19:32.052188+00:00,KNYC,2026-05-12,0,,66.0,1,0.25785409269130133,0.7057823096371322,0.5507805477350516,0.08656404932246037,62.37300012207034,6.702953248870231,"ECMWF:0.15,GFS:0.15,HRRR:0.40,NBM:0.30",OPEN,YES,1849.01
42442,KXHIGHNY-26MAY12-B72.5,2026-05-12 22:19:31.510474+00:00,KNYC,2026-05-12,0,72.0,74.0,0,0.09946771565147351,0.0340630009222076,0.009893826456922388,0.0011602880318263157,62.37300012207034,6.702953248870231,"ECMWF:0.15,GFS:0.15,HRRR:0.40,NBM:0.30",OPEN,YES,-5.900000000000005
42441,KXHIGHNY-26MAY12-T73,2026-05-12 22:19:31.191807+00:00,KNYC,2026-05-12,0,74.0,,0,0.09345124002635354,0.04140508384404984,0.008733134262463142,0.001714380968132797,62.37300012207034,6.702953248870231,"ECMWF:0.15,GFS:0.15,HRRR:0.40,NBM:0.30",OPEN,YES,-7.760000000000006
42409,KXHIGHNY-26MAY12-B70.5,2026-05-12 22:14:10.844562+00:00,KNYC,2026-05-12,0,70.0,72.0,0,0.13953338816313066,0.05212208945180585,0.01946956641228289,0.002716712208822051,62.37300012207034,6.702953248870231,"ECMWF:0.15,GFS:0.15,HRRR:0.40,NBM:0.30",OPEN,YES,-10.460000000000008
42408,KXHIGHNY-26MAY12-B72.5,2026-05-12 22:14:10.299901+00:00,KNYC,2026-05-12,0,72.0,74.0,0,0.09946771565147484,0.0340630009222076,0.009893826456922654,0.0011602880318263157,62.37300012207034,6.702953248870231,"ECMWF:0.15,GFS:0.15,HRRR:0.40,NBM:0.30",OPEN,YES,-5.900000000000005
42407,KXHIGHNY-26MAY12-T66,2026-05-12 22:14:09.982456+00:00,KNYC,2026-05-12,0,,66.0,1,0.25785409269130144,0.7057823096371322,0.5507805477350514,0.08656404932246037,62.37300012207034,6.702953248870231,"ECMWF:0.15,GFS:0.15,HRRR:0.40,NBM:0.30",OPEN,YES,1849.01
42406,KXHIGHNY-26MAY12-T73,2026-05-12 22:14:09.430836+00:00,KNYC,2026-05-12,0,74.0,,0,0.09345124002635453,0.04140508384404984,0.008733134262463327,0.001714380968132797,62.37300012207034,6.702953248870231,"ECMWF:0.15,GFS:0.15,HRRR:0.40,NBM:0.30",OPEN,YES,-7.760000000000006
42405,KXHIGHNY-26MAY12-B68.5,2026-05-12 22:14:09.126119+00:00,KNYC,2026-05-12,0,68.0,70.0,0,0.20664011735756904,0.07300963364763557,0.042700138101549906,0.00533040660536196,62.37300012207034,6.702953248870231,"ECMWF:0.15,GFS:0.15,HRRR:0.40,NBM:0.30",OPEN,YES,-15.730000000000013
42404,KXHIGHNY-26MAY12-B66.5,2026-05-12 22:14:08.824035+00:00,KNYC,2026-05-12,0,66.0,68.0,0,0.27265025155734024,0.09361788249716896,0.07433815967428091,0.008764307923253735,62.37300012207034,6.702953248870231,"ECMWF:0.15,GFS:0.15,HRRR:0.40,NBM:0.30",OPEN,NO,1849.01
42371,KXHIGHNY-26MAY12-B68.5,2026-05-12 22:08:56.264375+00:00,KNYC,2026-05-12,0,68.0,70.0,0,0.20664011735756782,0.07300963364763557,0.0427001381015494,0.00533040660536196,62.37300012207034,6.702953248870231,"ECMWF:0.15,GFS:0.15,HRRR:0.40,NBM:0.30",OPEN,YES,-15.730000000000013
42370,KXHIGHNY-26MAY12-B66.5,2026-05-12 22:08:55.934697+00:00,KNYC,2026-05-12,0,66.0,68.0,0,0.2726502515573422,0.09361788249716896,0.07433815967428198,0.008764307923253735,62.37300012207034,6.702953248870231,"ECMWF:0.15,GFS:0.15,HRRR:0.40,NBM:0.30",OPEN,NO,1849.01
42369,KXHIGHNY-26MAY12-B70.5,2026-05-12 22:08:55.400910+00:00,KNYC,2026-05-12,0,70.0,72.0,0,0.13953338816313143,0.05212208945180585,0.019469566412283108,0.002716712208822051,62.37300012207034,6.702953248870231,"ECMWF:0.15,GFS:0.15,HRRR:0.40,NBM:0.30",OPEN,YES,-10.460000000000008
42368,KXHIGHNY-26MAY12-T66,2026-05-12 22:08:55.091746+00:00,KNYC,2026-05-12,0,,66.0,1,0.2578540926913007,0.7057823096371322,0.5507805477350526,0.08656404932246037,62.37300012207034,6.702953248870231,"ECMWF:0.15,GFS:0.15,HRRR:0.40,NBM:0.30",OPEN,YES,1849.01
42367,KXHIGHNY-26MAY12-B72.5,2026-05-12 22:08:54.768480+00:00,KNYC,2026-05-12,0,72.0,74.0,0,0.09946771565147507,0.0340630009222076,0.009893826456922697,0.0011602880318263157,62.37300012207034,6.702953248870231,"ECMWF:0.15,GFS:0.15,HRRR:0.40,NBM:0.30",OPEN,YES,-5.900000000000005
42366,KXHIGHNY-26MAY12-T73,2026-05-12 22:08:54.427178+00:00,KNYC,2026-05-12,0,74.0,,0,0.09345124002635354,0.04140508384404984,0.008733134262463142,0.001714380968132797,62.37300012207034,6.702953248870231,"ECMWF:0.15,GFS:0.15,HRRR:0.40,NBM:0.30",OPEN,YES,-7.760000000000006
42334,KXHIGHNY-26MAY12-B70.5,2026-05-12 22:03:41.242889+00:00,KNYC,2026-05-12,0,70.0,72.0,0,0.13953338816313166,0.05212208945180585,0.01946956641228317,0.002716712208822051,62.37300012207034,6.702953248870231,"ECMWF:0.15,GFS:0.15,HRRR:0.40,NBM:0.30",OPEN,YES,-10.460000000000008
42333,KXHIGHNY-26MAY12-B72.5,2026-05-12 22:03:40.947303+00:00,KNYC,2026-05-12,0,72.0,74.0,0,0.09946771565147296,0.0340630009222076,0.009893826456922277,0.0011602880318263157,62.37300012207034,6.702953248870231,"ECMWF:0.15,GFS:0.15,HRRR:0.40,NBM:0.30",OPEN,YES,-5.900000000000005
42332,KXHIGHNY-26MAY12-B68.5,2026-05-12 22:03:40.664924+00:00,KNYC,2026-05-12,0,68.0,70.0,0,0.20664011735756693,0.07300963364763557,0.04270013810154903,0.00533040660536196,62.37300012207034,6.702953248870231,"ECMWF:0.15,GFS:0.15,HRRR:0.40,NBM:0.30",OPEN,YES,-15.730000000000013
42331,KXHIGHNY-26MAY12-B66.5,2026-05-12 22:03:40.340073+00:00,KNYC,2026-05-12,0,66.0,68.0,0,0.2726502515573428,0.09361788249716896,0.07433815967428231,0.008764307923253735,62.37300012207034,6.702953248870231,"ECMWF:0.15,GFS:0.15,HRRR:0.40,NBM:0.30",OPEN,NO,1849.01
42330,KXHIGHNY-26MAY12-T66,2026-05-12 22:03:40.024711+00:00,KNYC,2026-05-12,0,,66.0,1,0.25785409269130155,0.7057823096371322,0.5507805477350513,0.08656404932246037,62.37300012207034,6.702953248870231,"ECMWF:0.15,GFS:0.15,HRRR:0.40,NBM:0.30",OPEN,YES,1849.01
42329,KXHIGHNY-26MAY12-T73,2026-05-12 22:03:39.710414+00:00,KNYC,2026-05-12,0,74.0,,0,0.09345124002635487,0.04140508384404984,0.00873313426246339,0.001714380968132797,62.37300012207034,6.702953248870231,"ECMWF:0.15,GFS:0.15,HRRR:0.40,NBM:0.30",OPEN,YES,-7.760000000000006
42301,KXHIGHNY-26MAY12-B70.5,2026-05-12 21:58:15.415775+00:00,KNYC,2026-05-12,0,70.0,72.0,0,0.09708657458317428,0.02364275864119647,0.009425802964294263,0.0005589800361658704,65.39533898925784,2.3772655845035384,"ECMWF:0.15,GFS:0.15,HRRR:0.40,NBM:0.30",OPEN,YES,-3.2700000000000027
42300,KXHIGHNY-26MAY12-B66.5,2026-05-12 21:58:15.096820+00:00,KNYC,2026-05-12,0,66.0,68.0,0,0.28602236483934523,0.2629969498916317,0.08180879318829151,0.06916739565230143,65.39533898925784,2.3772655845035384,"ECMWF:0.15,GFS:0.15,HRRR:0.40,NBM:0.30",OPEN,NO,1849.01
42299,KXHIGHNY-26MAY12-B72.5,2026-05-12 21:58:14.806273+00:00,KNYC,2026-05-12,0,72.0,74.0,0,0.08039513287551349,0.0025849956897499027,0.00646337739007147,6.682202716025575e-06,65.39533898925784,2.3772655845035384,"ECMWF:0.15,GFS:0.15,HRRR:0.40,NBM:0.30",SKIP,YES,
42298,KXHIGHNY-26MAY12-T73,2026-05-12 21:58:14.504906+00:00,KNYC,2026-05-12,0,74.0,,0,0.07788865673554614,0.00014755084943218755,0.006066642848067737,2.177125316816008e-08,65.39533898925784,2.3772655845035384,"ECMWF:0.15,GFS:0.15,HRRR:0.40,NBM:0.30",SKIP,YES,
42297,KXHIGHNY-26MAY12-B68.5,2026-05-12 21:58:14.167582+00:00,KNYC,2026-05-12,0,68.0,70.0,0,0.13423406125912085,0.11023976232248922,0.01801878320211741,0.012152805196918914,65.39533898925784,2.3772655845035384,"ECMWF:0.15,GFS:0.15,HRRR:0.40,NBM:0.30",OPEN,YES,-19.990000000000016
42296,KXHIGHNY-26MAY12-T66,2026-05-12 21:58:13.636995+00:00,KNYC,2026-05-12,0,,66.0,1,0.503753105362148,0.6003879826055005,0.24626098043771139,0.15968976444610175,65.39533898925784,2.3772655845035384,"ECMWF:0.15,GFS:0.15,HRRR:0.40,NBM:0.30",OPEN,YES,1849.01
42266,KXHIGHNY-26MAY12-B68.5,2026-05-12 21:52:58.091695+00:00,KNYC,2026-05-12,0,68.0,70.0,0,0.13425653268492566,0.11023976232248922,0.01802481656857851,0.012152805196918914,65.39533898925784,2.3772655845035384,"ECMWF:0.15,GFS:0.15,HRRR:0.40,NBM:0.30",OPEN,YES,-19.990000000000016
42265,KXHIGHNY-26MAY12-B70.5,2026-05-12 21:52:57.797837+00:00,KNYC,2026-05-12,0,70.0,72.0,0,0.09709667164565362,0.02364275864119647,0.009427763644663877,0.0005589800361658704,65.39533898925784,2.3772655845035384,"ECMWF:0.15,GFS:0.15,HRRR:0.40,NBM:0.30",OPEN,YES,-3.2700000000000027
42264,KXHIGHNY-26MAY12-B72.5,2026-05-12 21:52:57.515952+00:00,KNYC,2026-05-12,0,72.0,74.0,0,0.08039966977813774,0.0025849956897499027,0.006464106900433596,6.682202716025575e-06,65.39533898925784,2.3772655845035384,"ECMWF:0.15,GFS:0.15,HRRR:0.40,NBM:0.30",SKIP,YES,
42263,KXHIGHNY-26MAY12-B66.5,2026-05-12 21:52:57.201833+00:00,KNYC,2026-05-12,0,66.0,68.0,0,0.2857929181707773,0.2629969498916317,0.0816775920765686,0.06916739565230143,65.39533898925784,2.3772655845035384,"ECMWF:0.15,GFS:0.15,HRRR:0.40,NBM:0.30",OPEN,NO,1849.01
42262,KXHIGHNY-26MAY12-T66,2026-05-12 21:52:56.651094+00:00,KNYC,2026-05-12,0,,66.0,1,0.5039417446805184,0.6003879826055005,0.24607379267060794,0.15968976444610175,65.39533898925784,2.3772655845035384,"ECMWF:0.15,GFS:0.15,HRRR:0.40,NBM:0.30",OPEN,YES,1849.01
42261,KXHIGHNY-26MAY12-T73,2026-05-12 21:52:56.354275+00:00,KNYC,2026-05-12,0,74.0,,0,0.07789235869483525,0.00014755084943218755,0.006067219543044877,2.177125316816008e-08,65.39533898925784,2.3772655845035384,"ECMWF:0.15,GFS:0.15,HRRR:0.40,NBM:0.30",SKIP,YES,
42229,KXHIGHNY-26MAY12-T66,2026-05-12 21:47:37.376914+00:00,KNYC,2026-05-12,0,,66.0,1,0.5041332642869799,0.6003879826055005,0.24588381958668612,0.15968976444610175,65.39533898925784,2.3772655845035384,"ECMWF:0.15,GFS:0.15,HRRR:0.40,NBM:0.30",OPEN,YES,1849.01
42228,KXHIGHNY-26MAY12-B68.5,2026-05-12 21:47:37.062896+00:00,KNYC,2026-05-12,0,68.0,70.0,0,0.13427937139597845,0.11023976232248922,0.018030949582499116,0.012152805196918914,65.39533898925784,2.3772655845035384,"ECMWF:0.15,GFS:0.15,HRRR:0.40,NBM:0.30",OPEN,YES,-19.990000000000016
42227,KXHIGHNY-26MAY12-B72.5,2026-05-12 21:47:36.755585+00:00,KNYC,2026-05-12,0,72.0,74.0,0,0.08040428083437502,0.0025849956897499027,0.006464848376493046,6.682202716025575e-06,65.39533898925784,2.3772655845035384,"ECMWF:0.15,GFS:0.15,HRRR:0.40,NBM:0.30",SKIP,YES,
42226,KXHIGHNY-26MAY12-B70.5,2026-05-12 21:47:36.409284+00:00,KNYC,2026-05-12,0,70.0,72.0,0,0.097106933740033,0.02364275864119647,0.00942975658039116,0.0005589800361658704,65.39533898925784,2.3772655845035384,"ECMWF:0.15,GFS:0.15,HRRR:0.40,NBM:0.30",OPEN,YES,-3.2700000000000027
42225,KXHIGHNY-26MAY12-T73,2026-05-12 21:47:35.881521+00:00,KNYC,2026-05-12,0,74.0,,0,0.07789612116096735,0.00014755084943218755,0.006067805691924106,2.177125316816008e-08,65.39533898925784,2.3772655845035384,"ECMWF:0.15,GFS:0.15,HRRR:0.40,NBM:0.30",SKIP,YES,
42224,KXHIGHNY-26MAY12-B66.5,2026-05-12 21:47:35.587389+00:00,KNYC,2026-05-12,0,66.0,68.0,0,0.2855599242365143,0.2629969498916317,0.08154447032996377,0.06916739565230143,65.39533898925784,2.3772655845035384,"ECMWF:0.15,GFS:0.15,HRRR:0.40,NBM:0.30",OPEN,NO,1849.01
42191,KXHIGHNY-26MAY12-T66,2026-05-12 21:42:20.332479+00:00,KNYC,2026-05-12,0,,66.0,1,0.5043226755205982,0.6003879826055005,0.2456960100030582,0.15968976444610175,65.39533898925784,2.3772655845035384,"ECMWF:0.15,GFS:0.15,HRRR:0.40,NBM:0.30",OPEN,YES,1849.01
42190,KXHIGHNY-26MAY12-B68.5,2026-05-12 21:42:19.790258+00:00,KNYC,2026-05-12,0,68.0,70.0,0,0.13430198255950532,0.11023976232248922,0.01803702251941367,0.012152805196918914,65.39533898925784,2.3772655845035384,"ECMWF:0.15,GFS:0.15,HRRR:0.40,NBM:0.30",OPEN,YES,-19.990000000000016
42189,KXHIGHNY-26MAY12-B66.5,2026-05-12 21:42:19.497106+00:00,KNYC,2026-05-12,0,66.0,68.0,0,0.285329451893716,0.2629969498916317,0.0814128961179684,0.06916739565230143,65.39533898925784,2.3772655845035384,"ECMWF:0.15,GFS:0.15,HRRR:0.40,NBM:0.30",OPEN,NO,1849.01
42188,KXHIGHNY-26MAY12-B70.5,2026-05-12 21:42:19.186100+00:00,KNYC,2026-05-12,0,70.0,72.0,0,0.09711709359071775,0.02364275864119647,0.009431729867508232,0.0005589800361658704,65.39533898925784,2.3772655845035384,"ECMWF:0.15,GFS:0.15,HRRR:0.40,NBM:0.30",OPEN,YES,-3.2700000000000027
42187,KXHIGHNY-26MAY12-B72.5,2026-05-12 21:42:18.876721+00:00,KNYC,2026-05-12,0,72.0,74.0,0,0.08040884594955867,0.0025849956897499027,0.006465582506939858,6.682202716025575e-06,65.39533898925784,2.3772655845035384,"ECMWF:0.15,GFS:0.15,HRRR:0.40,NBM:0.30",SKIP,YES,
42186,KXHIGHNY-26MAY12-T73,2026-05-12 21:42:18.348360+00:00,KNYC,2026-05-12,0,74.0,,0,0.07789984614075209,0.00014755084943218755,0.006068386028752848,2.177125316816008e-08,65.39533898925784,2.3772655845035384,"ECMWF:0.15,GFS:0.15,HRRR:0.40,NBM:0.30",SKIP,YES,
42155,KXHIGHNY-26MAY12-T73,2026-05-12 21:37:05.219242+00:00,KNYC,2026-05-12,0,74.0,,0,0.07790356135027289,0.00014755084943218755,0.006068964871055732,2.177125316816008e-08,65.39533898925784,2.3772655845035384,"ECMWF:0.15,GFS:0.15,HRRR:0.40,NBM:0.30",SKIP,YES,
42154,KXHIGHNY-26MAY12-B72.5,2026-05-12 21:37:04.679532+00:00,KNYC,2026-05-12,0,72.0,74.0,0,0.08041339909088431,0.0025849956897499027,0.006466314753349834,6.682202716025575e-06,65.39533898925784,2.3772655845035384,"ECMWF:0.15,GFS:0.15,HRRR:0.40,NBM:0.30",SKIP,YES,
42153,KXHIGHNY-26MAY12-B68.5,2026-05-12 21:37:04.371060+00:00,KNYC,2026-05-12,0,68.0,70.0,0,0.1343245344161239,0.11023976232248922,0.018043080546108457,0.012152805196918914,65.39533898925784,2.3772655845035384,"ECMWF:0.15,GFS:0.15,HRRR:0.40,NBM:0.30",OPEN,YES,-19.990000000000016
42152,KXHIGHNY-26MAY12-B66.5,2026-05-12 21:37:04.039301+00:00,KNYC,2026-05-12,0,66.0,68.0,0,0.28509978119679996,0.2629969498916317,0.08128188523846322,0.06916739565230143,65.39533898925784,2.3772655845035384,"ECMWF:0.15,GFS:0.15,HRRR:0.40,NBM:0.30",OPEN,NO,1849.01
42151,KXHIGHNY-26MAY12-T66,2026-05-12 21:37:03.484502+00:00,KNYC,2026-05-12,0,,66.0,1,0.5045113928076761,0.6003879826055005,0.24550895985738905,0.15968976444610175,65.39533898925784,2.3772655845035384,"ECMWF:0.15,GFS:0.15,HRRR:0.40,NBM:0.30",OPEN,YES,1849.01
42150,KXHIGHNY-26MAY12-B70.5,2026-05-12 21:37:03.161788+00:00,KNYC,2026-05-12,0,70.0,72.0,0,0.09712722679309084,0.02364275864119647,0.009433698184516504,0.0005589800361658704,65.39533898925784,2.3772655845035384,"ECMWF:0.15,GFS:0.15,HRRR:0.40,NBM:0.30",OPEN,YES,-3.2700000000000027
42118,KXHIGHNY-26MAY12-B70.5,2026-05-12 21:31:48.239385+00:00,KNYC,2026-05-12,0,70.0,72.0,0,0.09713743742864046,0.02364275864119647,0.009435681750203042,0.0005589800361658704,65.39533898925784,2.3772655845035384,"ECMWF:0.15,GFS:0.15,HRRR:0.40,NBM:0.30",OPEN,YES,-3.2700000000000027
42117,KXHIGHNY-26MAY12-T73,2026-05-12 21:31:47.909983+00:00,KNYC,2026-05-12,0,74.0,,0,0.0779073049496808,0.00014755084943218755,0.006069548164522559,2.177125316816008e-08,65.39533898925784,2.3772655845035384,"ECMWF:0.15,GFS:0.15,HRRR:0.40,NBM:0.30",SKIP,YES,
42116,KXHIGHNY-26MAY12-B68.5,2026-05-12 21:31:47.607566+00:00,KNYC,2026-05-12,0,68.0,70.0,0,0.13434725860344476,0.11023976232248922,0.018049185894260862,0.012152805196918914,65.39533898925784,2.3772655845035384,"ECMWF:0.15,GFS:0.15,HRRR:0.40,NBM:0.30",OPEN,YES,-19.990000000000016
42115,KXHIGHNY-26MAY12-B66.5,2026-05-12 21:31:47.072163+00:00,KNYC,2026-05-12,0,66.0,68.0,0,0.2848685533165381,0.2629969498916317,0.0811500926686573,0.06916739565230143,65.39533898925784,2.3772655845035384,"ECMWF:0.15,GFS:0.15,HRRR:0.40,NBM:0.30",OPEN,NO,1849.01
42114,KXHIGHNY-26MAY12-T66,2026-05-12 21:31:46.748446+00:00,KNYC,2026-05-12,0,,66.0,1,0.5047013543313651,0.6003879826055005,0.24532074840118395,0.15968976444610175,65.39533898925784,2.3772655845035384,"ECMWF:0.15,GFS:0.15,HRRR:0.40,NBM:0.30",OPEN,YES,1849.01
42113,KXHIGHNY-26MAY12-B72.5,2026-05-12 21:31:46.449194+00:00,KNYC,2026-05-12,0,72.0,74.0,0,0.08041798702517879,0.0025849956897499027,0.006467052637181824,6.682202716025575e-06,65.39533898925784,2.3772655845035384,"ECMWF:0.15,GFS:0.15,HRRR:0.40,NBM:0.30",SKIP,YES,
42085,KXHIGHNY-26MAY12-B70.5,2026-05-12 21:26:35.491652+00:00,KNYC,2026-05-12,0,70.0,72.0,0,0.09714760982582028,0.02364275864119647,0.009437658094869813,0.0005589800361658704,65.39533898925784,2.3772655845035384,"ECMWF:0.15,GFS:0.15,HRRR:0.40,NBM:0.30",OPEN,YES,-3.2700000000000027
42084,KXHIGHNY-26MAY12-B72.5,2026-05-12 21:26:35.163070+00:00,KNYC,2026-05-12,0,72.0,74.0,0,0.08042255777786568,0.0025849956897499027,0.006467787799534144,6.682202716025575e-06,65.39533898925784,2.3772655845035384,"ECMWF:0.15,GFS:0.15,HRRR:0.40,NBM:0.30",SKIP,YES,
42083,KXHIGHNY-26MAY12-T73,2026-05-12 21:26:34.853440+00:00,KNYC,2026-05-12,0,74.0,,0,0.07791103452947802,0.00014755084943218755,0.006070129301453516,2.177125316816008e-08,65.39533898925784,2.3772655845035384,"ECMWF:0.15,GFS:0.15,HRRR:0.40,NBM:0.30",SKIP,YES,
42082,KXHIGHNY-26MAY12-B66.5,2026-05-12 21:26:34.292646+00:00,KNYC,2026-05-12,0,66.0,68.0,0,0.2846383875899679,0.2629969498916317,0.08101901168981679,0.06916739565230143,65.39533898925784,2.3772655845035384,"ECMWF:0.15,GFS:0.15,HRRR:0.40,NBM:0.30",OPEN,NO,1849.01
42081,KXHIGHNY-26MAY12-B68.5,2026-05-12 21:26:33.956705+00:00,KNYC,2026-05-12,0,68.0,70.0,0,0.13436989768970886,0.11023976232248922,0.018055269405142828,0.012152805196918914,65.39533898925784,2.3772655845035384,"ECMWF:0.15,GFS:0.15,HRRR:0.40,NBM:0.30",OPEN,YES,-19.990000000000016
42080,KXHIGHNY-26MAY12-T66,2026-05-12 21:26:33.423121+00:00,KNYC,2026-05-12,0,,66.0,1,0.5048904082420073,0.6003879826055005,0.24513350785076624,0.15968976444610175,65.39533898925784,2.3772655845035384,"ECMWF:0.15,GFS:0.15,HRRR:0.40,NBM:0.30",OPEN,YES,1849.01
42050,KXHIGHNY-26MAY12-B66.5,2026-05-12 21:21:17.419679+00:00,KNYC,2026-05-12,0,66.0,68.0,0,0.2844052438098212,0.2629969498916317,0.08088634270652383,0.06916739565230143,65.39533898925784,2.3772655845035384,"ECMWF:0.15,GFS:0.15,HRRR:0.40,NBM:0.30",OPEN,NO,1849.01
42049,KXHIGHNY-26MAY12-T66,2026-05-12 21:21:17.077818+00:00,KNYC,2026-05-12,0,,66.0,1,0.5050818727928822,0.6003879826055005,0.24494395263820085,0.15968976444610175,65.39533898925784,2.3772655845035384,"ECMWF:0.15,GFS:0.15,HRRR:0.40,NBM:0.30",OPEN,YES,1849.01
42048,KXHIGHNY-26MAY12-B70.5,2026-05-12 21:21:16.748021+00:00,KNYC,2026-05-12,0,70.0,72.0,0,0.09715792261947144,0.02364275864119647,0.0094396619277312,0.0005589800361658704,65.39533898925784,2.3772655845035384,"ECMWF:0.15,GFS:0.15,HRRR:0.40,NBM:0.30",OPEN,YES,-3.2700000000000027
42047,KXHIGHNY-26MAY12-T73,2026-05-12 21:21:16.419703+00:00,KNYC,2026-05-12,0,74.0,,0,0.07791481558385195,0.00014755084943218755,0.006070718487465659,2.177125316816008e-08,65.39533898925784,2.3772655845035384,"ECMWF:0.15,GFS:0.15,HRRR:0.40,NBM:0.30",SKIP,YES,
42046,KXHIGHNY-26MAY12-B72.5,2026-05-12 21:21:16.098531+00:00,KNYC,2026-05-12,0,72.0,74.0,0,0.08042719161475444,0.0025849956897499027,0.006468533151036427,6.682202716025575e-06,65.39533898925784,2.3772655845035384,"ECMWF:0.15,GFS:0.15,HRRR:0.40,NBM:0.30",SKIP,YES,
42045,KXHIGHNY-26MAY12-B68.5,2026-05-12 21:21:15.790437+00:00,KNYC,2026-05-12,0,68.0,70.0,0,0.1343928492340668,0.11023976232248922,0.01806143792525061,0.012152805196918914,65.39533898925784,2.3772655845035384,"ECMWF:0.15,GFS:0.15,HRRR:0.40,NBM:0.30",OPEN,YES,-19.990000000000016
42014,KXHIGHNY-26MAY12-B72.5,2026-05-12 21:16:03.989954+00:00,KNYC,2026-05-12,0,72.0,74.0,0,0.08043177359602284,0.0025849956897499027,0.006469270203801877,6.682202716025575e-06,65.39533898925784,2.3772655845035384,"ECMWF:0.15,GFS:0.15,HRRR:0.40,NBM:0.30",SKIP,YES,
42013,KXHIGHNY-26MAY12-T73,2026-05-12 21:16:03.672744+00:00,KNYC,2026-05-12,0,74.0,,0,0.0779185543257921,0.00014755084943218755,0.006071301108221415,2.177125316816008e-08,65.39533898925784,2.3772655845035384,"ECMWF:0.15,GFS:0.15,HRRR:0.40,NBM:0.30",SKIP,YES,
42012,KXHIGHNY-26MAY12-B70.5,2026-05-12 21:16:03.372626+00:00,KNYC,2026-05-12,0,70.0,72.0,0,0.09716812000631771,0.02364275864119647,0.00944164354556216,0.0005589800361658704,65.39533898925784,2.3772655845035384,"ECMWF:0.15,GFS:0.15,HRRR:0.40,NBM:0.30",OPEN,YES,-3.2700000000000027
42011,KXHIGHNY-26MAY12-B66.5,2026-05-12 21:16:03.054852+00:00,KNYC,2026-05-12,0,66.0,68.0,0,0.2841749044351231,0.2629969498916317,0.08075537631071135,0.06916739565230143,65.39533898925784,2.3772655845035384,"ECMWF:0.15,GFS:0.15,HRRR:0.40,NBM:0.30",OPEN,NO,34.24
42010,KXHIGHNY-26MAY12-T66,2026-05-12 21:16:02.741382+00:00,KNYC,2026-05-12,0,,66.0,1,0.5052709993557353,0.6003879826055005,0.2447567840784729,0.15968976444610175,65.39533898925784,2.3772655845035384,"ECMWF:0.15,GFS:0.15,HRRR:0.40,NBM:0.30",OPEN,YES,47.28999999999999
42009,KXHIGHNY-26MAY12-B68.5,2026-05-12 21:16:02.431213+00:00,KNYC,2026-05-12,0,68.0,70.0,0,0.13441554393585697,0.11023976232248922,0.018067538451572298,0.012152805196918914,65.39533898925784,2.3772655845035384,"ECMWF:0.15,GFS:0.15,HRRR:0.40,NBM:0.30",OPEN,YES,-19.990000000000016
41977,KXHIGHNY-26MAY12-B66.5,2026-05-12 21:10:44.639837+00:00,KNYC,2026-05-12,0,66.0,68.0,0,0.2839401859729794,0.2629969498916317,0.08062202921037011,0.06916739565230143,65.39533898925784,2.3772655845035384,"ECMWF:0.15,GFS:0.15,HRRR:0.40,NBM:0.30",SKIP,NO,
41976,KXHIGHNY-26MAY12-T66,2026-05-12 21:10:44.344566+00:00,KNYC,2026-05-12,0,,66.0,1,0.505463685918389,0.6003879826055005,0.24456616594542582,0.15968976444610175,65.39533898925784,2.3772655845035384,"ECMWF:0.15,GFS:0.15,HRRR:0.40,NBM:0.30",OPEN,YES,53.029999999999994
41975,KXHIGHNY-26MAY12-B70.5,2026-05-12 21:10:44.061581+00:00,KNYC,2026-05-12,0,70.0,72.0,0,0.09717852006202356,0.02364275864119647,0.009443664761445114,0.0005589800361658704,65.39533898925784,2.3772655845035384,"ECMWF:0.15,GFS:0.15,HRRR:0.40,NBM:0.30",OPEN,YES,-3.2700000000000027
41974,KXHIGHNY-26MAY12-B68.5,2026-05-12 21:10:43.733600+00:00,KNYC,2026-05-12,0,68.0,70.0,0,0.13443868968548933,0.11023976232248922,0.018073761284351297,0.012152805196918914,65.39533898925784,2.3772655845035384,"ECMWF:0.15,GFS:0.15,HRRR:0.40,NBM:0.30",OPEN,YES,-19.990000000000016
41973,KXHIGHNY-26MAY12-B72.5,2026-05-12 21:10:43.412627+00:00,KNYC,2026-05-12,0,72.0,74.0,0,0.08043644664228013,0.0025849956897499027,0.0064700219484363775,6.682202716025575e-06,65.39533898925784,2.3772655845035384,"ECMWF:0.15,GFS:0.15,HRRR:0.40,NBM:0.30",SKIP,YES,
41972,KXHIGHNY-26MAY12-T73,2026-05-12 21:10:43.112080+00:00,KNYC,2026-05-12,0,74.0,,0,0.07792236737368664,0.00014755084943218755,0.006071895337119785,2.177125316816008e-08,65.39533898925784,2.3772655845035384,"ECMWF:0.15,GFS:0.15,HRRR:0.40,NBM:0.30",SKIP,YES,
41939,KXHIGHNY-26MAY12-B66.5,2026-05-12 21:05:14.049864+00:00,KNYC,2026-05-12,0,66.0,68.0,0,0.2836962807466497,0.2629969498916317,0.08048357970948189,0.06916739565230143,65.39533898925784,2.3772655845035384,"ECMWF:0.15,GFS:0.15,HRRR:0.40,NBM:0.30",SKIP,NO,
41938,KXHIGHNY-26MAY12-T66,2026-05-12 21:05:13.722322+00:00,KNYC,2026-05-12,0,,66.0,1,0.5056638762467203,0.6003879826055005,0.2443682032474179,0.15968976444610175,65.39533898925784,2.3772655845035384,"ECMWF:0.15,GFS:0.15,HRRR:0.40,NBM:0.30",OPEN,YES,79.12000000000002
41937,KXHIGHNY-26MAY12-B70.5,2026-05-12 21:05:13.432103+00:00,KNYC,2026-05-12,0,70.0,72.0,0,0.09718933654616725,0.02364275864119647,0.009445767138284161,0.0005589800361658704,65.39533898925784,2.3772655845035384,"ECMWF:0.15,GFS:0.15,HRRR:0.40,NBM:0.30",OPEN,YES,-3.2700000000000027
41936,KXHIGHNY-26MAY12-T73,2026-05-12 21:05:13.126166+00:00,KNYC,2026-05-12,0,74.0,,0,0.0779263330997614,0.00014755084943218755,0.006072513390374968,2.177125316816008e-08,65.39533898925784,2.3772655845035384,"ECMWF:0.15,GFS:0.15,HRRR:0.40,NBM:0.30",SKIP,YES,
41935,KXHIGHNY-26MAY12-B72.5,2026-05-12 21:05:12.832262+00:00,KNYC,2026-05-12,0,72.0,74.0,0,0.08044130680189567,0.0025849956897499027,0.006470803839996706,6.682202716025575e-06,65.39533898925784,2.3772655845035384,"ECMWF:0.15,GFS:0.15,HRRR:0.40,NBM:0.30",SKIP,YES,
41934,KXHIGHNY-26MAY12-B68.5,2026-05-12 21:05:12.518707+00:00,KNYC,2026-05-12,0,68.0,70.0,0,0.13446276221365372,0.11023976232248922,0.01808023442212558,0.012152805196918914,65.39533898925784,2.3772655845035384,"ECMWF:0.15,GFS:0.15,HRRR:0.40,NBM:0.30",OPEN,YES,-19.990000000000016
41902,KXHIGHNY-26MAY12-B66.5,2026-05-12 20:59:43.270204+00:00,KNYC,2026-05-12,0,66.0,68.0,0,0.40495200259693026,0.4656804911596645,0.1639861244072642,0.21685831984670634,66.84008508300784,1.6012023518578598,"ECMWF:0.15,GFS:0.15,HRRR:0.40,NBM:0.30",OPEN,NO,70.05000000000001
41901,KXHIGHNY-26MAY12-T66,2026-05-12 20:59:42.665977+00:00,KNYC,2026-05-12,0,,66.0,1,0.4776936259531856,0.29991016273831617,0.2728039483699307,0.49012578023709097,66.84008508300784,1.6012023518578598,"ECMWF:0.15,GFS:0.15,HRRR:0.40,NBM:0.30",OPEN,YES,79.12000000000002
37000,KXHIGHNY-26MAY12-T73,2026-05-12 03:58:59.009095+00:00,KNYC,2026-05-12,1,74.0,,0,0.07677548026367187,9.665335010122789e-08,0.005894474369717469,9.341870085790528e-15,66.19150769042969,1.5,"ECMWF:0.35,GFS:0.30,NBM:0.35",SKIP,YES,
36999,KXHIGHNY-26MAY12-T66,2026-05-12 03:58:58.664540+00:00,KNYC,2026-05-12,1,,66.0,1,0.7371121322169083,0.44920435640672335,0.0691100310275403,0.3033758410013318,66.19150769042969,1.5,"ECMWF:0.35,GFS:0.30,NBM:0.35",OPEN,YES,41.169999999999995
36998,KXHIGHNY-26MAY12-B70.5,2026-05-12 03:58:58.359243+00:00,KNYC,2026-05-12,1,70.0,72.0,0,0.08346325471682127,0.005504672292178325,0.006966114887924988,3.030141704427578e-05,66.19150769042969,1.5,"ECMWF:0.35,GFS:0.30,NBM:0.35",SKIP,NO,
36997,KXHIGHNY-26MAY12-B72.5,2026-05-12 03:58:58.050057+00:00,KNYC,2026-05-12,1,72.0,74.0,0,0.07677548026367187,5.380367433083233e-05,0.005894474369717469,2.8948353714982658e-09,66.19150769042969,1.5,"ECMWF:0.35,GFS:0.30,NBM:0.35",SKIP,NO,
36996,KXHIGHNY-26MAY12-B66.5,2026-05-12 03:58:57.765118+00:00,KNYC,2026-05-12,1,66.0,68.0,0,0.20612593768599174,0.4368216334822897,0.042487902186929355,0.19081313947813583,66.19150769042969,1.5,"ECMWF:0.35,GFS:0.30,NBM:0.35",OPEN,NO,16.529999999999998
36995,KXHIGHNY-26MAY12-B68.5,2026-05-12 03:58:57.465802+00:00,KNYC,2026-05-12,1,68.0,70.0,0,0.13794739110742005,0.1084154374911277,0.019029482713343513,0.011753907086392618,66.19150769042969,1.5,"ECMWF:0.35,GFS:0.30,NBM:0.35",OPEN,NO,3.4600000000000004
36982,KXHIGHNY-26MAY12-T66,2026-05-12 03:53:52.843378+00:00,KNYC,2026-05-12,1,,66.0,1,0.7419907584081283,0.44920435640672335,0.06656876874681279,0.3033758410013318,66.19150769042969,1.5,"ECMWF:0.35,GFS:0.30,NBM:0.35",OPEN,YES,41.169999999999995
36981,KXHIGHNY-26MAY12-B70.5,2026-05-12 03:53:52.567614+00:00,KNYC,2026-05-12,1,70.0,72.0,0,0.08327440824067224,0.005504672292178325,0.006934627067834141,3.030141704427578e-05,66.19150769042969,1.5,"ECMWF:0.35,GFS:0.30,NBM:0.35",SKIP,NO,
36980,KXHIGHNY-26MAY12-B72.5,2026-05-12 03:53:52.281133+00:00,KNYC,2026-05-12,1,72.0,74.0,0,0.07677548026367187,5.380367433083233e-05,0.005894474369717469,2.8948353714982658e-09,66.19150769042969,1.5,"ECMWF:0.35,GFS:0.30,NBM:0.35",SKIP,NO,
36979,KXHIGHNY-26MAY12-B66.5,2026-05-12 03:53:52.013356+00:00,KNYC,2026-05-12,1,66.0,68.0,0,0.2033628012311639,0.4368216334822897,0.04135642892458588,0.19081313947813583,66.19150769042969,1.5,"ECMWF:0.35,GFS:0.30,NBM:0.35",OPEN,NO,11.56
36978,KXHIGHNY-26MAY12-B68.5,2026-05-12 03:53:51.741898+00:00,KNYC,2026-05-12,1,68.0,70.0,0,0.13617484019265358,0.1084154374911277,0.01854358710149474,0.011753907086392618,66.19150769042969,1.5,"ECMWF:0.35,GFS:0.30,NBM:0.35",OPEN,NO,3.4600000000000004
36977,KXHIGHNY-26MAY12-T73,2026-05-12 03:53:51.471678+00:00,KNYC,2026-05-12,1,74.0,,0,0.07677548026367187,9.665335010122789e-08,0.005894474369717469,9.341870085790528e-15,66.19150769042969,1.5,"ECMWF:0.35,GFS:0.30,NBM:0.35",SKIP,YES,
36965,KXHIGHNY-26MAY12-B68.5,2026-05-12 03:48:42.977927+00:00,KNYC,2026-05-12,1,68.0,70.0,0,0.1345394006743299,0.1084154374911277,0.018100850333807882,0.011753907086392618,66.19150769042969,1.5,"ECMWF:0.35,GFS:0.30,NBM:0.35",OPEN,NO,3.4600000000000004
36964,KXHIGHNY-26MAY12-B66.5,2026-05-12 03:48:42.662584+00:00,KNYC,2026-05-12,1,66.0,68.0,0,0.20039355283194793,0.4368216334822897,0.040157576016610706,0.19081313947813583,66.19150769042969,1.5,"ECMWF:0.35,GFS:0.30,NBM:0.35",OPEN,NO,11.56
36963,KXHIGHNY-26MAY12-B70.5,2026-05-12 03:48:42.373446+00:00,KNYC,2026-05-12,1,70.0,72.0,0,0.08308503708263383,0.005504672292178325,0.0069031233870226385,3.030141704427578e-05,66.19150769042969,1.5,"ECMWF:0.35,GFS:0.30,NBM:0.35",SKIP,NO,
36962,KXHIGHNY-26MAY12-T66,2026-05-12 03:48:42.074816+00:00,KNYC,2026-05-12,1,,66.0,1,0.7469393379518816,0.44920435640672335,0.064039698676232,0.3033758410013318,66.19150769042969,1.5,"ECMWF:0.35,GFS:0.30,NBM:0.35",OPEN,YES,43.169999999999995
36961,KXHIGHNY-26MAY12-B72.5,2026-05-12 03:48:41.771142+00:00,KNYC,2026-05-12,1,72.0,74.0,0,0.07677548026367187,5.380367433083233e-05,0.005894474369717469,2.8948353714982658e-09,66.19150769042969,1.5,"ECMWF:0.35,GFS:0.30,NBM:0.35",SKIP,NO,
36960,KXHIGHNY-26MAY12-T73,2026-05-12 03:48:41.473995+00:00,KNYC,2026-05-12,1,74.0,,0,0.07677548026367187,9.665335010122789e-08,0.005894474369717469,9.341870085790528e-15,66.19150769042969,1.5,"ECMWF:0.35,GFS:0.30,NBM:0.35",SKIP,YES,
36947,KXHIGHNY-26MAY12-B68.5,2026-05-12 03:43:31.837627+00:00,KNYC,2026-05-12,1,68.0,70.0,0,0.13289608348527127,0.1084154374911277,0.01766136900572419,0.011753907086392618,66.19150769042969,1.5,"ECMWF:0.35,GFS:0.30,NBM:0.35",OPEN,NO,3.4600000000000004
36946,KXHIGHNY-26MAY12-T66,2026-05-12 03:43:31.506852+00:00,KNYC,2026-05-12,1,,66.0,1,0.750854917300025,0.44920435640672335,0.0620732722335774,0.3033758410013318,66.19150769042969,1.5,"ECMWF:0.35,GFS:0.30,NBM:0.35",OPEN,YES,43.169999999999995
36945,KXHIGHNY-26MAY12-B72.5,2026-05-12 03:43:31.185412+00:00,KNYC,2026-05-12,1,72.0,74.0,0,0.07677548026367187,5.380367433083233e-05,0.005894474369717469,2.8948353714982658e-09,66.19150769042969,1.5,"ECMWF:0.35,GFS:0.30,NBM:0.35",SKIP,NO,
36944,KXHIGHNY-26MAY12-B70.5,2026-05-12 03:43:30.893924+00:00,KNYC,2026-05-12,1,70.0,72.0,0,0.08289739379092755,0.005504672292178325,0.0068719778973281125,3.030141704427578e-05,66.19150769042969,1.5,"ECMWF:0.35,GFS:0.30,NBM:0.35",SKIP,NO,
36943,KXHIGHNY-26MAY12-B66.5,2026-05-12 03:43:30.584505+00:00,KNYC,2026-05-12,1,66.0,68.0,0,0.1984620445521832,0.4368216334822897,0.039387183127832744,0.19081313947813583,66.19150769042969,1.5,"ECMWF:0.35,GFS:0.30,NBM:0.35",OPEN,NO,11.56
36942,KXHIGHNY-26MAY12-T73,2026-05-12 03:43:30.291154+00:00,KNYC,2026-05-12,1,74.0,,0,0.07677548026367187,9.665335010122789e-08,0.005894474369717469,9.341870085790528e-15,66.19150769042969,1.5,"ECMWF:0.35,GFS:0.30,NBM:0.35",SKIP,YES,
36930,KXHIGHNY-26MAY12-T66,2026-05-12 03:38:19.206545+00:00,KNYC,2026-05-12,1,,66.0,1,0.7530990643277767,0.44920435640672335,0.06096007203581933,0.3033758410013318,66.19150769042969,1.5,"ECMWF:0.35,GFS:0.30,NBM:0.35",OPEN,YES,43.169999999999995
36929,KXHIGHNY-26MAY12-B68.5,2026-05-12 03:38:18.917434+00:00,KNYC,2026-05-12,1,68.0,70.0,0,0.13124005650900106,0.1084154374911277,0.01722395243248579,0.011753907086392618,66.19150769042969,1.5,"ECMWF:0.35,GFS:0.30,NBM:0.35",OPEN,NO,3.2400000000000007
36928,KXHIGHNY-26MAY12-B72.5,2026-05-12 03:38:18.651601+00:00,KNYC,2026-05-12,1,72.0,74.0,0,0.07677548026367187,5.380367433083233e-05,0.005894474369717469,2.8948353714982658e-09,66.19150769042969,1.5,"ECMWF:0.35,GFS:0.30,NBM:0.35",SKIP,NO,
36927,KXHIGHNY-26MAY12-B70.5,2026-05-12 03:38:18.372510+00:00,KNYC,2026-05-12,1,70.0,72.0,0,0.08271092655593217,0.005504672292178325,0.006841097371740805,3.030141704427578e-05,66.19150769042969,1.5,"ECMWF:0.35,GFS:0.30,NBM:0.35",SKIP,NO,
36926,KXHIGHNY-26MAY12-T73,2026-05-12 03:38:18.088275+00:00,KNYC,2026-05-12,1,74.0,,0,0.07677548026367187,9.665335010122789e-08,0.005894474369717469,9.341870085790528e-15,66.19150769042969,1.5,"ECMWF:0.35,GFS:0.30,NBM:0.35",SKIP,YES,
36925,KXHIGHNY-26MAY12-B66.5,2026-05-12 03:38:17.815237+00:00,KNYC,2026-05-12,1,66.0,68.0,0,0.19821254270076094,0.4368216334822897,0.03928821208390098,0.19081313947813583,66.19150769042969,1.5,"ECMWF:0.35,GFS:0.30,NBM:0.35",OPEN,NO,11.56
36910,KXHIGHNY-26MAY12-B66.5,2026-05-12 03:33:08.607886+00:00,KNYC,2026-05-12,1,66.0,68.0,0,0.19796516978002177,0.4368216334822897,0.03919020844603284,0.19081313947813583,66.19150769042969,1.5,"ECMWF:0.35,GFS:0.30,NBM:0.35",OPEN,NO,6.779999999999999
36909,KXHIGHNY-26MAY12-T66,2026-05-12 03:33:08.312336+00:00,KNYC,2026-05-12,1,,66.0,1,0.7553240626661002,0.44920435640672335,0.05986631431022246,0.3033758410013318,66.19150769042969,1.5,"ECMWF:0.35,GFS:0.30,NBM:0.35",OPEN,YES,43.169999999999995
36908,KXHIGHNY-26MAY12-T73,2026-05-12 03:33:07.987426+00:00,KNYC,2026-05-12,1,74.0,,0,0.07677548026367187,9.665335010122789e-08,0.005894474369717469,9.341870085790528e-15,66.19150769042969,1.5,"ECMWF:0.35,GFS:0.30,NBM:0.35",SKIP,YES,
36907,KXHIGHNY-26MAY12-B70.5,2026-05-12 03:33:07.687480+00:00,KNYC,2026-05-12,1,70.0,72.0,0,0.08252817963334493,0.005504672292178325,0.006810900433593648,3.030141704427578e-05,66.19150769042969,1.5,"ECMWF:0.35,GFS:0.30,NBM:0.35",SKIP,NO,
36906,KXHIGHNY-26MAY12-B68.5,2026-05-12 03:33:07.387935+00:00,KNYC,2026-05-12,1,68.0,70.0,0,0.12959429332981154,0.1084154374911277,0.016794680863653235,0.011753907086392618,66.19150769042969,1.5,"ECMWF:0.35,GFS:0.30,NBM:0.35",OPEN,NO,3.680000000000001
36905,KXHIGHNY-26MAY12-B72.5,2026-05-12 03:33:07.112481+00:00,KNYC,2026-05-12,1,72.0,74.0,0,0.07677548026367187,5.380367433083233e-05,0.005894474369717469,2.8948353714982658e-09,66.19150769042969,1.5,"ECMWF:0.35,GFS:0.30,NBM:0.35",SKIP,NO,
36892,KXHIGHNY-26MAY12-B68.5,2026-05-12 03:27:52.667764+00:00,KNYC,2026-05-12,1,68.0,70.0,0,0.12791342109198944,0.1084154374911277,0.01636184329545661,0.011753907086392618,66.19150769042969,1.5,"ECMWF:0.35,GFS:0.30,NBM:0.35",OPEN,NO,3.680000000000001
36891,KXHIGHNY-26MAY12-B66.5,2026-05-12 03:27:52.325342+00:00,KNYC,2026-05-12,1,66.0,68.0,0,0.1977131080208303,0.4368216334822897,0.03909047308325651,0.19081313947813583,66.19150769042969,1.5,"ECMWF:0.35,GFS:0.30,NBM:0.35",OPEN,NO,19.2
36890,KXHIGHNY-26MAY12-T66,2026-05-12 03:27:52.013434+00:00,KNYC,2026-05-12,1,,66.0,1,0.7575912348112154,0.44920435640672335,0.05876200944035132,0.3033758410013318,66.19150769042969,1.5,"ECMWF:0.35,GFS:0.30,NBM:0.35",OPEN,YES,41.169999999999995
36889,KXHIGHNY-26MAY12-B72.5,2026-05-12 03:27:51.715181+00:00,KNYC,2026-05-12,1,72.0,74.0,0,0.07677548026367187,5.380367433083233e-05,0.005894474369717469,2.8948353714982658e-09,66.19150769042969,1.5,"ECMWF:0.35,GFS:0.30,NBM:0.35",SKIP,NO,
36888,KXHIGHNY-26MAY12-B70.5,2026-05-12 03:27:51.412768+00:00,KNYC,2026-05-12,1,70.0,72.0,0,0.08234412436609818,0.005504672292178325,0.006780554817619445,3.030141704427578e-05,66.19150769042969,1.5,"ECMWF:0.35,GFS:0.30,NBM:0.35",SKIP,NO,
36887,KXHIGHNY-26MAY12-T73,2026-05-12 03:27:51.100230+00:00,KNYC,2026-05-12,1,74.0,,0,0.07677548026367187,9.665335010122789e-08,0.005894474369717469,9.341870085790528e-15,66.19150769042969,1.5,"ECMWF:0.35,GFS:0.30,NBM:0.35",SKIP,YES,
36874,KXHIGHNY-26MAY12-B66.5,2026-05-12 03:22:39.577957+00:00,KNYC,2026-05-12,1,66.0,68.0,0,0.19746346939266457,0.4368216334822897,0.038991821744587776,0.19081313947813583,66.19150769042969,1.5,"ECMWF:0.35,GFS:0.30,NBM:0.35",OPEN,NO,19.2
36873,KXHIGHNY-26MAY12-B70.5,2026-05-12 03:22:39.281635+00:00,KNYC,2026-05-12,1,70.0,72.0,0,0.08216395814606405,0.005504672292178325,0.006750916018228164,3.030141704427578e-05,66.19150769042969,1.5,"ECMWF:0.35,GFS:0.30,NBM:0.35",SKIP,NO,
36872,KXHIGHNY-26MAY12-B68.5,2026-05-12 03:22:39.019639+00:00,KNYC,2026-05-12,1,68.0,70.0,0,0.1262448582222766,0.1084154374911277,0.01593776422756272,0.011753907086392618,66.19150769042969,1.5,"ECMWF:0.35,GFS:0.30,NBM:0.35",OPEN,NO,3.680000000000001
36871,KXHIGHNY-26MAY12-T66,2026-05-12 03:22:38.750578+00:00,KNYC,2026-05-12,1,,66.0,1,0.7598366120788262,0.44920435640672335,0.057678452897776185,0.3033758410013318,66.19150769042969,1.5,"ECMWF:0.35,GFS:0.30,NBM:0.35",OPEN,YES,45.21
36870,KXHIGHNY-26MAY12-B72.5,2026-05-12 03:22:38.445170+00:00,KNYC,2026-05-12,1,72.0,74.0,0,0.07677548026367187,5.380367433083233e-05,0.005894474369717469,2.8948353714982658e-09,66.19150769042969,1.5,"ECMWF:0.35,GFS:0.30,NBM:0.35",SKIP,NO,
36869,KXHIGHNY-26MAY12-T73,2026-05-12 03:22:38.107449+00:00,KNYC,2026-05-12,1,74.0,,0,0.07677548026367187,9.665335010122789e-08,0.005894474369717469,9.341870085790528e-15,66.19150769042969,1.5,"ECMWF:0.35,GFS:0.30,NBM:0.35",SKIP,YES,
36856,KXHIGHNY-26MAY12-B66.5,2026-05-12 03:17:24.689697+00:00,KNYC,2026-05-12,1,66.0,68.0,0,0.1972121949157949,0.4368216334822897,0.038892649823505474,0.19081313947813583,66.19150769042969,1.5,"ECMWF:0.35,GFS:0.30,NBM:0.35",OPEN,NO,19.2
36855,KXHIGHNY-26MAY12-B68.5,2026-05-12 03:17:24.408165+00:00,KNYC,2026-05-12,1,68.0,70.0,0,0.12456153808071392,0.1084154374911277,0.015515576769033144,0.011753907086392618,66.19150769042969,1.5,"ECMWF:0.35,GFS:0.30,NBM:0.35",OPEN,NO,4.0699999999999985
36854,KXHIGHNY-26MAY12-B70.5,2026-05-12 03:17:24.087739+00:00,KNYC,2026-05-12,1,70.0,72.0,0,0.08198471675720632,0.005504672292178325,0.006721493781759348,3.030141704427578e-05,66.19150769042969,1.5,"ECMWF:0.35,GFS:0.30,NBM:0.35",SKIP,NO,
36853,KXHIGHNY-26MAY12-B72.5,2026-05-12 03:17:23.784269+00:00,KNYC,2026-05-12,1,72.0,74.0,0,0.07677548026367187,5.380367433083233e-05,0.005894474369717469,2.8948353714982658e-09,66.19150769042969,1.5,"ECMWF:0.35,GFS:0.30,NBM:0.35",SKIP,NO,
36852,KXHIGHNY-26MAY12-T73,2026-05-12 03:17:23.493220+00:00,KNYC,2026-05-12,1,74.0,,0,0.07677548026367187,9.665335010122789e-08,0.005894474369717469,9.341870085790528e-15,66.19150769042969,1.5,"ECMWF:0.35,GFS:0.30,NBM:0.35",SKIP,YES,
36851,KXHIGHNY-26MAY12-T66,2026-05-12 03:17:23.181836+00:00,KNYC,2026-05-12,1,,66.0,1,0.7620967030048142,0.44920435640672335,0.05659797872117956,0.3033758410013318,66.19150769042969,1.5,"ECMWF:0.35,GFS:0.30,NBM:0.35",OPEN,YES,43.169999999999995
36838,KXHIGHNY-26MAY12-B72.5,2026-05-12 03:12:10.171699+00:00,KNYC,2026-05-12,1,72.0,74.0,0,0.07677548026367187,5.380367433083233e-05,0.005894474369717469,2.8948353714982658e-09,66.19150769042969,1.5,"ECMWF:0.35,GFS:0.30,NBM:0.35",SKIP,NO,
36837,KXHIGHNY-26MAY12-B68.5,2026-05-12 03:12:09.906883+00:00,KNYC,2026-05-12,1,68.0,70.0,0,0.12287762180455432,0.1084154374911277,0.015098909940343084,0.011753907086392618,66.19150769042969,1.5,"ECMWF:0.35,GFS:0.30,NBM:0.35",OPEN,NO,4.299999999999999
36836,KXHIGHNY-26MAY12-B70.5,2026-05-12 03:12:09.601082+00:00,KNYC,2026-05-12,1,70.0,72.0,0,0.08180789630745701,0.005504672292178325,0.006692531898251638,3.030141704427578e-05,66.19150769042969,1.5,"ECMWF:0.35,GFS:0.30,NBM:0.35",SKIP,NO,
36835,KXHIGHNY-26MAY12-T66,2026-05-12 03:12:09.329804+00:00,KNYC,2026-05-12,1,,66.0,1,0.764352518369445,0.44920435640672335,0.05552973559882278,0.3033758410013318,66.19150769042969,1.5,"ECMWF:0.35,GFS:0.30,NBM:0.35",OPEN,YES,43.169999999999995
36834,KXHIGHNY-26MAY12-B66.5,2026-05-12 03:12:09.054354+00:00,KNYC,2026-05-12,1,66.0,68.0,0,0.19696139579123584,0.4368216334822897,0.038793791432031856,0.19081313947813583,66.19150769042969,1.5,"ECMWF:0.35,GFS:0.30,NBM:0.35",OPEN,NO,16.529999999999998
36833,KXHIGHNY-26MAY12-T73,2026-05-12 03:12:08.778533+00:00,KNYC,2026-05-12,1,74.0,,0,0.07677548026367187,9.665335010122789e-08,0.005894474369717469,9.341870085790528e-15,66.19150769042969,1.5,"ECMWF:0.35,GFS:0.30,NBM:0.35",SKIP,YES,
36820,KXHIGHNY-26MAY12-B66.5,2026-05-12 03:07:00.749349+00:00,KNYC,2026-05-12,1,66.0,68.0,0,0.19671453245687798,0.4368216334822897,0.038696607279728096,0.19081313947813583,66.19150769042969,1.5,"ECMWF:0.35,GFS:0.30,NBM:0.35",OPEN,NO,18.33
36819,KXHIGHNY-26MAY12-B72.5,2026-05-12 03:07:00.469308+00:00,KNYC,2026-05-12,1,72.0,74.0,0,0.07677548026367187,5.380367433083233e-05,0.005894474369717469,2.8948353714982658e-09,66.19150769042969,1.5,"ECMWF:0.35,GFS:0.30,NBM:0.35",SKIP,NO,
36818,KXHIGHNY-26MAY12-B70.5,2026-05-12 03:07:00.157315+00:00,KNYC,2026-05-12,1,70.0,72.0,0,0.08163585837611899,0.005504672292178325,0.006664413372805757,3.030141704427578e-05,66.19150769042969,1.5,"ECMWF:0.35,GFS:0.30,NBM:0.35",SKIP,NO,
36817,KXHIGHNY-26MAY12-T66,2026-05-12 03:06:59.837128+00:00,KNYC,2026-05-12,1,,66.0,1,0.766572933227699,0.44920435640672335,0.05448819550192025,0.3033758410013318,66.19150769042969,1.5,"ECMWF:0.35,GFS:0.30,NBM:0.35",OPEN,YES,43.169999999999995
36816,KXHIGHNY-26MAY12-B68.5,2026-05-12 03:06:59.566647+00:00,KNYC,2026-05-12,1,68.0,70.0,0,0.12121648535268405,0.1084154374911277,0.014693436321257466,0.011753907086392618,66.19150769042969,1.5,"ECMWF:0.35,GFS:0.30,NBM:0.35",OPEN,NO,4.0699999999999985
36815,KXHIGHNY-26MAY12-T73,2026-05-12 03:06:59.294042+00:00,KNYC,2026-05-12,1,74.0,,0,0.07677548026367187,9.665335010122789e-08,0.005894474369717469,9.341870085790528e-15,66.19150769042969,1.5,"ECMWF:0.35,GFS:0.30,NBM:0.35",SKIP,YES,
36802,KXHIGHNY-26MAY12-B68.5,2026-05-12 03:01:51.061345+00:00,KNYC,2026-05-12,1,68.0,70.0,0,0.11955057782235291,0.1084154374911277,0.01429234065765846,0.011753907086392618,66.19150769042969,1.5,"ECMWF:0.35,GFS:0.30,NBM:0.35",OPEN,NO,4.299999999999999
36801,KXHIGHNY-26MAY12-T73,2026-05-12 03:01:50.761316+00:00,KNYC,2026-05-12,1,74.0,,0,0.07677548026367187,9.665335010122789e-08,0.005894474369717469,9.341870085790528e-15,66.19150769042969,1.5,"ECMWF:0.35,GFS:0.30,NBM:0.35",SKIP,YES,
36800,KXHIGHNY-26MAY12-B66.5,2026-05-12 03:01:50.471051+00:00,KNYC,2026-05-12,1,66.0,68.0,0,0.19646749200531632,0.4368216334822897,0.03859947541485904,0.19081313947813583,66.19150769042969,1.5,"ECMWF:0.35,GFS:0.30,NBM:0.35",OPEN,NO,11.56
36799,KXHIGHNY-26MAY12-T66,2026-05-12 03:01:50.166459+00:00,KNYC,2026-05-12,1,,66.0,1,0.7687949411685077,0.44920435640672335,0.05345577922927383,0.3033758410013318,66.19150769042969,1.5,"ECMWF:0.35,GFS:0.30,NBM:0.35",OPEN,YES,45.21
36798,KXHIGHNY-26MAY12-B72.5,2026-05-12 03:01:49.871286+00:00,KNYC,2026-05-12,1,72.0,74.0,0,0.07677548026367187,5.380367433083233e-05,0.005894474369717469,2.8948353714982658e-09,66.19150769042969,1.5,"ECMWF:0.35,GFS:0.30,NBM:0.35",SKIP,NO,
36797,KXHIGHNY-26MAY12-B70.5,2026-05-12 03:01:49.570158+00:00,KNYC,2026-05-12,1,70.0,72.0,0,0.08146566800839296,0.005504672292178325,0.0066366550640537,3.030141704427578e-05,66.19150769042969,1.5,"ECMWF:0.35,GFS:0.30,NBM:0.35",SKIP,NO,
36784,KXHIGHNY-26MAY12-B66.5,2026-05-12 02:56:37.219864+00:00,KNYC,2026-05-12,1,66.0,68.0,0,0.3504668189447617,0.4368216334822897,0.12282699118126039,0.19081313947813583,66.19150769042969,1.5,"ECMWF:0.35,GFS:0.30,NBM:0.35",OPEN,NO,6.779999999999999
36783,KXHIGHNY-26MAY12-B68.5,2026-05-12 02:56:36.960293+00:00,KNYC,2026-05-12,1,68.0,70.0,0,0.2063403500435954,0.1084154374911277,0.042576340056113486,0.011753907086392618,66.19150769042969,1.5,"ECMWF:0.35,GFS:0.30,NBM:0.35",OPEN,NO,4.299999999999999
36782,KXHIGHNY-26MAY12-T66,2026-05-12 02:56:36.664891+00:00,KNYC,2026-05-12,1,,66.0,1,0.4406647217777081,0.44920435640672335,0.3128559534640087,0.3033758410013318,66.19150769042969,1.5,"ECMWF:0.35,GFS:0.30,NBM:0.35",OPEN,YES,43.169999999999995
36781,KXHIGHNY-26MAY12-B72.5,2026-05-12 02:56:36.382213+00:00,KNYC,2026-05-12,1,72.0,74.0,0,0.08728512059264872,5.380367433083233e-05,0.007618692276873229,2.8948353714982658e-09,66.19150769042969,1.5,"ECMWF:0.35,GFS:0.30,NBM:0.35",SKIP,NO,
36780,KXHIGHNY-26MAY12-B70.5,2026-05-12 02:56:36.105707+00:00,KNYC,2026-05-12,1,70.0,72.0,0,0.13329016916367653,0.005504672292178325,0.017766269195681507,3.030141704427578e-05,66.19150769042969,1.5,"ECMWF:0.35,GFS:0.30,NBM:0.35",SKIP,NO,
36779,KXHIGHNY-26MAY12-T73,2026-05-12 02:56:35.820285+00:00,KNYC,2026-05-12,1,74.0,,0,0.08351065397525549,9.665335010122789e-08,0.006974029327374856,9.341870085790528e-15,66.19150769042969,1.5,"ECMWF:0.35,GFS:0.30,NBM:0.35",SKIP,YES,
36766,KXHIGHNY-26MAY12-B66.5,2026-05-12 02:51:27.958723+00:00,KNYC,2026-05-12,1,66.0,68.0,0,0.35046700316183277,0.4368216334822897,0.1228271203052361,0.19081313947813583,66.19150769042969,1.5,"ECMWF:0.35,GFS:0.30,NBM:0.35",SKIP,NO,
36765,KXHIGHNY-26MAY12-B70.5,2026-05-12 02:51:27.657772+00:00,KNYC,2026-05-12,1,70.0,72.0,0,0.13149771556559864,0.005504672292178325,0.017291649198971082,3.030141704427578e-05,66.19150769042969,1.5,"ECMWF:0.35,GFS:0.30,NBM:0.35",SKIP,NO,
36764,KXHIGHNY-26MAY12-T66,2026-05-12 02:51:27.390102+00:00,KNYC,2026-05-12,1,,66.0,1,0.4448901087345698,0.44920435640672335,0.3081469913807177,0.3033758410013318,66.19150769042969,1.5,"ECMWF:0.35,GFS:0.30,NBM:0.35",OPEN,YES,45.21
36763,KXHIGHNY-26MAY12-B72.5,2026-05-12 02:51:27.126895+00:00,KNYC,2026-05-12,1,72.0,74.0,0,0.08705061046756092,5.380367433083233e-05,0.007577808782775027,2.8948353714982658e-09,66.19150769042969,1.5,"ECMWF:0.35,GFS:0.30,NBM:0.35",SKIP,NO,
36762,KXHIGHNY-26MAY12-B68.5,2026-05-12 02:51:26.850652+00:00,KNYC,2026-05-12,1,68.0,70.0,0,0.20433309493336282,0.1084154374911277,0.04175201368504666,0.011753907086392618,66.19150769042969,1.5,"ECMWF:0.35,GFS:0.30,NBM:0.35",OPEN,NO,4.529999999999999
36761,KXHIGHNY-26MAY12-T73,2026-05-12 02:51:26.603738+00:00,KNYC,2026-05-12,1,74.0,,0,0.08331930163472102,9.665335010122789e-08,0.006942106024897626,9.341870085790528e-15,66.19150769042969,1.5,"ECMWF:0.35,GFS:0.30,NBM:0.35",SKIP,YES,
36748,KXHIGHNY-26MAY12-B72.5,2026-05-12 02:46:20.003971+00:00,KNYC,2026-05-12,1,72.0,74.0,0,0.08681952613660472,5.380367433083233e-05,0.00753763011858459,2.8948353714982658e-09,66.19150769042969,1.5,"ECMWF:0.35,GFS:0.30,NBM:0.35",SKIP,NO,
36747,KXHIGHNY-26MAY12-B70.5,2026-05-12 02:46:19.698701+00:00,KNYC,2026-05-12,1,70.0,72.0,0,0.13001884692786936,0.005504672292178325,0.016904900556452725,3.030141704427578e-05,66.19150769042969,1.5,"ECMWF:0.35,GFS:0.30,NBM:0.35",SKIP,NO,
36746,KXHIGHNY-26MAY12-B66.5,2026-05-12 02:46:19.404408+00:00,KNYC,2026-05-12,1,66.0,68.0,0,0.3504671867840031,0.4368216334822897,0.12282724901229333,0.19081313947813583,66.19150769042969,1.5,"ECMWF:0.35,GFS:0.30,NBM:0.35",SKIP,NO,
36745,KXHIGHNY-26MAY12-T73,2026-05-12 02:46:19.084654+00:00,KNYC,2026-05-12,1,74.0,,0,0.08313074462647764,9.665335010122789e-08,0.006910720702152641,9.341870085790528e-15,66.19150769042969,1.5,"ECMWF:0.35,GFS:0.30,NBM:0.35",SKIP,YES,
36744,KXHIGHNY-26MAY12-T66,2026-05-12 02:46:18.781576+00:00,KNYC,2026-05-12,1,,66.0,1,0.4491018504580094,0.44920435640672335,0.30348877116878953,0.3033758410013318,66.19150769042969,1.5,"ECMWF:0.35,GFS:0.30,NBM:0.35",OPEN,YES,45.21
36743,KXHIGHNY-26MAY12-B68.5,2026-05-12 02:46:18.453975+00:00,KNYC,2026-05-12,1,68.0,70.0,0,0.2020196795646817,0.1084154374911277,0.04081195093141667,0.011753907086392618,66.19150769042969,1.5,"ECMWF:0.35,GFS:0.30,NBM:0.35",OPEN,NO,4.759999999999999
36730,KXHIGHNY-26MAY12-B68.5,2026-05-12 02:41:13.226077+00:00,KNYC,2026-05-12,1,68.0,70.0,0,0.1990015234472452,0.1084154374911277,0.03960160633432448,0.011753907086392618,66.19150769042969,1.5,"ECMWF:0.35,GFS:0.30,NBM:0.35",OPEN,NO,4.759999999999999
36729,KXHIGHNY-26MAY12-B66.5,2026-05-12 02:41:12.945472+00:00,KNYC,2026-05-12,1,66.0,68.0,0,0.35046736953057456,0.4368216334822897,0.1228273771056803,0.19081313947813583,66.19150769042969,1.5,"ECMWF:0.35,GFS:0.30,NBM:0.35",SKIP,NO,
36728,KXHIGHNY-26MAY12-T66,2026-05-12 02:41:12.650335+00:00,KNYC,2026-05-12,1,,66.0,1,0.45329350856626727,0.44920435640672335,0.29888798777578207,0.3033758410013318,66.19150769042969,1.5,"ECMWF:0.35,GFS:0.30,NBM:0.35",OPEN,YES,45.21
36727,KXHIGHNY-26MAY12-B70.5,2026-05-12 02:41:12.347220+00:00,KNYC,2026-05-12,1,70.0,72.0,0,0.12925805371523502,0.005504672292178325,0.01670764445025058,3.030141704427578e-05,66.19150769042969,1.5,"ECMWF:0.35,GFS:0.30,NBM:0.35",SKIP,NO,
36726,KXHIGHNY-26MAY12-B72.5,2026-05-12 02:41:12.051760+00:00,KNYC,2026-05-12,1,72.0,74.0,0,0.08659215873295868,5.380367433083233e-05,0.007498201954033913,2.8948353714982658e-09,66.19150769042969,1.5,"ECMWF:0.35,GFS:0.30,NBM:0.35",SKIP,NO,
36725,KXHIGHNY-26MAY12-T73,2026-05-12 02:41:11.737084+00:00,KNYC,2026-05-12,1,74.0,,0,0.08294522050536525,9.665335010122789e-08,0.006879909604683664,9.341870085790528e-15,66.19150769042969,1.5,"ECMWF:0.35,GFS:0.30,NBM:0.35",SKIP,YES,
36712,KXHIGHNY-26MAY12-B68.5,2026-05-12 02:36:06.775116+00:00,KNYC,2026-05-12,1,68.0,70.0,0,0.19666635035305835,0.1084154374911277,0.038677653361191895,0.011753907086392618,66.19150769042969,1.5,"ECMWF:0.35,GFS:0.30,NBM:0.35",OPEN,NO,5.1899999999999995
36711,KXHIGHNY-26MAY12-B70.5,2026-05-12 02:36:06.486382+00:00,KNYC,2026-05-12,1,70.0,72.0,0,0.12849330157038263,0.005504672292178325,0.016510528548457297,3.030141704427578e-05,66.19150769042969,1.5,"ECMWF:0.35,GFS:0.30,NBM:0.35",SKIP,NO,
36710,KXHIGHNY-26MAY12-B72.5,2026-05-12 02:36:06.200976+00:00,KNYC,2026-05-12,1,72.0,74.0,0,0.08636758139708502,5.380367433083233e-05,0.007459359116382106,2.8948353714982658e-09,66.19150769042969,1.5,"ECMWF:0.35,GFS:0.30,NBM:0.35",SKIP,NO,
36709,KXHIGHNY-26MAY12-T73,2026-05-12 02:36:05.911995+00:00,KNYC,2026-05-12,1,74.0,,0,0.08276197298530898,9.665335010122789e-08,0.006849544172421013,9.341870085790528e-15,66.19150769042969,1.5,"ECMWF:0.35,GFS:0.30,NBM:0.35",SKIP,YES,
36708,KXHIGHNY-26MAY12-B66.5,2026-05-12 02:36:05.602293+00:00,KNYC,2026-05-12,1,66.0,68.0,0,0.3497874176504765,0.4368216334822897,0.12235123754658887,0.19081313947813583,66.19150769042969,1.5,"ECMWF:0.35,GFS:0.30,NBM:0.35",SKIP,NO,
36707,KXHIGHNY-26MAY12-T66,2026-05-12 02:36:05.309083+00:00,KNYC,2026-05-12,1,,66.0,1,0.45748121054133445,0.44920435640672335,0.29432663691569594,0.3033758410013318,66.19150769042969,1.5,"ECMWF:0.35,GFS:0.30,NBM:0.35",OPEN,YES,43.169999999999995
36694,KXHIGHNY-26MAY12-T66,2026-05-12 02:30:55.068320+00:00,KNYC,2026-05-12,1,,66.0,1,0.4617413888830051,0.44920435640672335,0.28972233244159634,0.3033758410013318,66.19150769042969,1.5,"ECMWF:0.35,GFS:0.30,NBM:0.35",OPEN,YES,43.169999999999995
36693,KXHIGHNY-26MAY12-B70.5,2026-05-12 02:30:54.742709+00:00,KNYC,2026-05-12,1,70.0,72.0,0,0.12771057175608458,0.005504672292178325,0.016309990138266027,3.030141704427578e-05,66.19150769042969,1.5,"ECMWF:0.35,GFS:0.30,NBM:0.35",SKIP,NO,
36692,KXHIGHNY-26MAY12-B72.5,2026-05-12 02:30:54.433999+00:00,KNYC,2026-05-12,1,72.0,74.0,0,0.0861417286701467,5.380367433083233e-05,0.007420397418281174,2.8948353714982658e-09,66.19150769042969,1.5,"ECMWF:0.35,GFS:0.30,NBM:0.35",SKIP,NO,
36691,KXHIGHNY-26MAY12-B66.5,2026-05-12 02:30:54.145732+00:00,KNYC,2026-05-12,1,66.0,68.0,0,0.347763820749994,0.4368216334822897,0.12093967502263396,0.19081313947813583,66.19150769042969,1.5,"ECMWF:0.35,GFS:0.30,NBM:0.35",SKIP,YES,
36690,KXHIGHNY-26MAY12-T73,2026-05-12 02:30:53.855643+00:00,KNYC,2026-05-12,1,74.0,,0,0.08257768478922546,9.665335010122789e-08,0.006819074025148678,9.341870085790528e-15,66.19150769042969,1.5,"ECMWF:0.35,GFS:0.30,NBM:0.35",SKIP,YES,
36689,KXHIGHNY-26MAY12-B68.5,2026-05-12 02:30:53.552300+00:00,KNYC,2026-05-12,1,68.0,70.0,0,0.19562263964919013,0.1084154374911277,0.03826821714331689,0.011753907086392618,66.19150769042969,1.5,"ECMWF:0.35,GFS:0.30,NBM:0.35",OPEN,NO,5.1899999999999995
36676,KXHIGHNY-26MAY12-B68.5,2026-05-12 02:25:42.706084+00:00,KNYC,2026-05-12,1,68.0,70.0,0,0.1945770827877784,0.1084154374911277,0.03786024114620197,0.011753907086392618,66.19150769042969,1.5,"ECMWF:0.35,GFS:0.30,NBM:0.35",OPEN,NO,5.44
36675,KXHIGHNY-26MAY12-T66,2026-05-12 02:25:42.379675+00:00,KNYC,2026-05-12,1,,66.0,1,0.4660091027997668,0.44920435640672335,0.28514627829271,0.3033758410013318,66.19150769042969,1.5,"ECMWF:0.35,GFS:0.30,NBM:0.35",OPEN,YES,43.169999999999995
36674,KXHIGHNY-26MAY12-B66.5,2026-05-12 02:25:42.111291+00:00,KNYC,2026-05-12,1,66.0,68.0,0,0.34573664442978413,0.4368216334822897,0.11953382730156699,0.19081313947813583,66.19150769042969,1.5,"ECMWF:0.35,GFS:0.30,NBM:0.35",SKIP,YES,
36673,KXHIGHNY-26MAY12-B70.5,2026-05-12 02:25:41.805366+00:00,KNYC,2026-05-12,1,70.0,72.0,0,0.12692171689848053,0.005504672292178325,0.016109122220458037,3.030141704427578e-05,66.19150769042969,1.5,"ECMWF:0.35,GFS:0.30,NBM:0.35",SKIP,NO,
36672,KXHIGHNY-26MAY12-B72.5,2026-05-12 02:25:41.522410+00:00,KNYC,2026-05-12,1,72.0,74.0,0,0.08591808691246518,5.380367433083233e-05,0.00738191765869792,2.8948353714982658e-09,66.19150769042969,1.5,"ECMWF:0.35,GFS:0.30,NBM:0.35",SKIP,NO,
36671,KXHIGHNY-26MAY12-T73,2026-05-12 02:25:41.233506+00:00,KNYC,2026-05-12,1,74.0,,0,0.08239520066937091,9.665335010122789e-08,0.0067889690933459,9.341870085790528e-15,66.19150769042969,1.5,"ECMWF:0.35,GFS:0.30,NBM:0.35",SKIP,YES,
36660,KXHIGHNY-26MAY12-B66.5,2026-05-12 02:20:29.727325+00:00,KNYC,2026-05-12,1,66.0,68.0,0,0.34370070587044443,0.4368216334822897,0.11813017521584175,0.19081313947813583,66.19150769042969,1.5,"ECMWF:0.35,GFS:0.30,NBM:0.35",SKIP,YES,
36659,KXHIGHNY-26MAY12-B70.5,2026-05-12 02:20:29.387924+00:00,KNYC,2026-05-12,1,70.0,72.0,0,0.1261247319843921,0.005504672292178325,0.01590744801813474,3.030141704427578e-05,66.19150769042969,1.5,"ECMWF:0.35,GFS:0.30,NBM:0.35",SKIP,NO,
36658,KXHIGHNY-26MAY12-B72.5,2026-05-12 02:20:29.094310+00:00,KNYC,2026-05-12,1,72.0,74.0,0,0.08569607783280699,5.380367433083233e-05,0.007343817755926513,2.8948353714982658e-09,66.19150769042969,1.5,"ECMWF:0.35,GFS:0.30,NBM:0.35",SKIP,NO,
36657,KXHIGHNY-26MAY12-T73,2026-05-12 02:20:28.805656+00:00,KNYC,2026-05-12,1,74.0,,0,0.08221404875963335,9.665335010122789e-08,0.00675914981345137,9.341870085790528e-15,66.19150769042969,1.5,"ECMWF:0.35,GFS:0.30,NBM:0.35",SKIP,YES,
36656,KXHIGHNY-26MAY12-T66,2026-05-12 02:20:28.505728+00:00,KNYC,2026-05-12,1,,66.0,1,0.47029526342464356,0.44920435640672335,0.28058710795036773,0.3033758410013318,66.19150769042969,1.5,"ECMWF:0.35,GFS:0.30,NBM:0.35",OPEN,YES,43.169999999999995
36655,KXHIGHNY-26MAY12-B68.5,2026-05-12 02:20:28.206484+00:00,KNYC,2026-05-12,1,68.0,70.0,0,0.19352700662572553,0.1084154374911277,0.037452702293513614,0.011753907086392618,66.19150769042969,1.5,"ECMWF:0.35,GFS:0.30,NBM:0.35",OPEN,NO,5.44
36642,KXHIGHNY-26MAY12-B70.5,2026-05-12 02:15:20.610711+00:00,KNYC,2026-05-12,1,70.0,72.0,0,0.12533422062699262,0.005504672292178325,0.015708666860175663,3.030141704427578e-05,66.19150769042969,1.5,"ECMWF:0.35,GFS:0.30,NBM:0.35",SKIP,NO,
36641,KXHIGHNY-26MAY12-B66.5,2026-05-12 02:15:20.323807+00:00,KNYC,2026-05-12,1,66.0,68.0,0,0.3416930020056199,0.4368216334822897,0.11675410761961258,0.19081313947813583,66.19150769042969,1.5,"ECMWF:0.35,GFS:0.30,NBM:0.35",SKIP,YES,
36640,KXHIGHNY-26MAY12-B68.5,2026-05-12 02:15:19.879432+00:00,KNYC,2026-05-12,1,68.0,70.0,0,0.1924914930738837,0.1084154374911277,0.03705297490581301,0.011753907086392618,66.19150769042969,1.5,"ECMWF:0.35,GFS:0.30,NBM:0.35",OPEN,NO,5.68
36639,KXHIGHNY-26MAY12-T73,2026-05-12 02:15:19.565294+00:00,KNYC,2026-05-12,1,74.0,,0,0.08203746663451485,9.665335010122789e-08,0.006730145931809137,9.341870085790528e-15,66.19150769042969,1.5,"ECMWF:0.35,GFS:0.30,NBM:0.35",SKIP,YES,
36638,KXHIGHNY-26MAY12-T66,2026-05-12 02:15:19.280585+00:00,KNYC,2026-05-12,1,,66.0,1,0.4745219829454008,0.44920435640672335,0.27612714640763364,0.3033758410013318,66.19150769042969,1.5,"ECMWF:0.35,GFS:0.30,NBM:0.35",OPEN,YES,39.220000000000006
36637,KXHIGHNY-26MAY12-B72.5,2026-05-12 02:15:18.951659+00:00,KNYC,2026-05-12,1,72.0,74.0,0,0.08547966921123408,5.380367433083233e-05,0.007306773848461999,2.8948353714982658e-09,66.19150769042969,1.5,"ECMWF:0.35,GFS:0.30,NBM:0.35",SKIP,NO,
36624,KXHIGHNY-26MAY12-T66,2026-05-12 02:10:06.606095+00:00,KNYC,2026-05-12,1,,66.0,1,0.4788118917743588,0.44920435640672335,0.2716370441558227,0.3033758410013318,66.19150769042969,1.5,"ECMWF:0.35,GFS:0.30,NBM:0.35",OPEN,YES,39.220000000000006
36623,KXHIGHNY-26MAY12-B68.5,2026-05-12 02:10:06.347074+00:00,KNYC,2026-05-12,1,68.0,70.0,0,0.1914404986308561,0.1084154374911277,0.036649464516030815,0.011753907086392618,66.19150769042969,1.5,"ECMWF:0.35,GFS:0.30,NBM:0.35",OPEN,NO,5.68
36622,KXHIGHNY-26MAY12-B72.5,2026-05-12 02:10:06.064058+00:00,KNYC,2026-05-12,1,72.0,74.0,0,0.08526255614969504,5.380367433083233e-05,0.007269703481179899,2.8948353714982658e-09,66.19150769042969,1.5,"ECMWF:0.35,GFS:0.30,NBM:0.35",SKIP,NO,
36621,KXHIGHNY-26MAY12-B66.5,2026-05-12 02:10:05.737233+00:00,KNYC,2026-05-12,1,66.0,68.0,0,0.33965528303861825,0.4368216334822897,0.11536571129604388,0.19081313947813583,66.19150769042969,1.5,"ECMWF:0.35,GFS:0.30,NBM:0.35",SKIP,YES,
36620,KXHIGHNY-26MAY12-T73,2026-05-12 02:10:05.429698+00:00,KNYC,2026-05-12,1,74.0,,0,0.08186030971017934,9.665335010122789e-08,0.0067011103058464815,9.341870085790528e-15,66.19150769042969,1.5,"ECMWF:0.35,GFS:0.30,NBM:0.35",SKIP,YES,
36619,KXHIGHNY-26MAY12-B70.5,2026-05-12 02:10:05.121049+00:00,KNYC,2026-05-12,1,70.0,72.0,0,0.12452729519393847,0.005504672292178325,0.015507047248318293,3.030141704427578e-05,66.19150769042969,1.5,"ECMWF:0.35,GFS:0.30,NBM:0.35",SKIP,NO,
36604,KXHIGHNY-26MAY12-T66,2026-05-12 02:04:57.291244+00:00,KNYC,2026-05-12,1,,66.0,1,0.48302867682076334,0.44920435640672335,0.2672593489896908,0.3033758410013318,66.19150769042969,1.5,"ECMWF:0.35,GFS:0.30,NBM:0.35",OPEN,YES,33.06
36603,KXHIGHNY-26MAY12-T73,2026-05-12 02:04:57.026933+00:00,KNYC,2026-05-12,1,74.0,,0,0.08168817676166475,9.665335010122789e-08,0.006672958222644985,9.341870085790528e-15,66.19150769042969,1.5,"ECMWF:0.35,GFS:0.30,NBM:0.35",SKIP,YES,
36602,KXHIGHNY-26MAY12-B70.5,2026-05-12 02:04:56.758724+00:00,KNYC,2026-05-12,1,70.0,72.0,0,0.12372966371323581,0.005504672292178325,0.015309029682590422,3.030141704427578e-05,66.19150769042969,1.5,"ECMWF:0.35,GFS:0.30,NBM:0.35",SKIP,NO,
36601,KXHIGHNY-26MAY12-B68.5,2026-05-12 02:04:56.475492+00:00,KNYC,2026-05-12,1,68.0,70.0,0,0.19040741894830038,0.1084154374911277,0.036254985190553576,0.011753907086392618,66.19150769042969,1.5,"ECMWF:0.35,GFS:0.30,NBM:0.35",OPEN,NO,4.0699999999999985
36600,KXHIGHNY-26MAY12-B72.5,2026-05-12 02:04:56.162925+00:00,KNYC,2026-05-12,1,72.0,74.0,0,0.08505160017614834,5.380367433083233e-05,0.0072337746925233955,2.8948353714982658e-09,66.19150769042969,1.5,"ECMWF:0.35,GFS:0.30,NBM:0.35",SKIP,NO,
36599,KXHIGHNY-26MAY12-B66.5,2026-05-12 02:04:55.857806+00:00,KNYC,2026-05-12,1,66.0,68.0,0,0.3376522980775334,0.4368216334822897,0.11400907439703946,0.19081313947813583,66.19150769042969,1.5,"ECMWF:0.35,GFS:0.30,NBM:0.35",SKIP,NO,
36598,KXHIGHNY-26MAY12-B66.5,2026-05-12 01:59:53.550327+00:00,KNYC,2026-05-12,1,66.0,68.0,0,0.33565831172757765,0.4368216334822897,0.1126665022318077,0.19081313947813583,66.19150769042969,1.5,"ECMWF:0.35,GFS:0.30,NBM:0.35",SKIP,NO,
36585,KXHIGHNY-26MAY12-T73,2026-05-12 01:59:49.727090+00:00,KNYC,2026-05-12,1,74.0,,0,0.08151876816297766,9.665335010122789e-08,0.006645309562809301,9.341870085790528e-15,66.19150769042969,1.5,"ECMWF:0.35,GFS:0.30,NBM:0.35",SKIP,NO,
36584,KXHIGHNY-26MAY12-B70.5,2026-05-12 01:59:49.466044+00:00,KNYC,2026-05-12,1,70.0,72.0,0,0.12293127358549617,0.005504672292178325,0.015112098025352108,3.030141704427578e-05,66.19150769042969,1.5,"ECMWF:0.35,GFS:0.30,NBM:0.35",SKIP,NO,
36583,KXHIGHNY-26MAY12-T66,2026-05-12 01:59:49.204539+00:00,KNYC,2026-05-12,1,,66.0,1,0.4872265175367886,0.44920435640672335,0.2629366443174494,0.3033758410013318,66.19150769042969,1.5,"ECMWF:0.35,GFS:0.30,NBM:0.35",OPEN,YES,33.06
36582,KXHIGHNY-26MAY12-B68.5,2026-05-12 01:59:48.935908+00:00,KNYC,2026-05-12,1,68.0,70.0,0,0.18937898047998702,0.1084154374911277,0.035864398247639304,0.011753907086392618,66.19150769042969,1.5,"ECMWF:0.35,GFS:0.30,NBM:0.35",OPEN,NO,3.2400000000000007
36581,KXHIGHNY-26MAY12-B72.5,2026-05-12 01:59:48.663749+00:00,KNYC,2026-05-12,1,72.0,74.0,0,0.0848439830048189,5.380367433083233e-05,0.007198501452121997,2.8948353714982658e-09,66.19150769042969,1.5,"ECMWF:0.35,GFS:0.30,NBM:0.35",SKIP,NO,
36580,KXHIGHNY-26MAY12-B66.5,2026-05-12 01:54:47.518038+00:00,KNYC,2026-05-12,1,66.0,68.0,0,0.33367054460381673,0.4368216334822897,0.11133603233620765,0.19081313947813583,66.19150769042969,1.5,"ECMWF:0.35,GFS:0.30,NBM:0.35",SKIP,NO,
36567,KXHIGHNY-26MAY12-B70.5,2026-05-12 01:54:43.657322+00:00,KNYC,2026-05-12,1,70.0,72.0,0,0.12213111057439065,0.005504672292178325,0.014916008170134035,3.030141704427578e-05,66.19150769042969,1.5,"ECMWF:0.35,GFS:0.30,NBM:0.35",SKIP,NO,
36566,KXHIGHNY-26MAY12-T66,2026-05-12 01:54:43.374859+00:00,KNYC,2026-05-12,1,,66.0,1,0.4914112652238953,0.44920435640672335,0.25866250114115896,0.3033758410013318,66.19150769042969,1.5,"ECMWF:0.35,GFS:0.30,NBM:0.35",OPEN,YES,33.06
36565,KXHIGHNY-26MAY12-B68.5,2026-05-12 01:54:43.047432+00:00,KNYC,2026-05-12,1,68.0,70.0,0,0.1883537497023694,0.1084154374911277,0.03547713502694282,0.011753907086392618,66.19150769042969,1.5,"ECMWF:0.35,GFS:0.30,NBM:0.35",OPEN,NO,3.2400000000000007
36564,KXHIGHNY-26MAY12-B72.5,2026-05-12 01:54:42.733588+00:00,KNYC,2026-05-12,1,72.0,74.0,0,0.08463936093071701,5.380367433083233e-05,0.007163821418760185,2.8948353714982658e-09,66.19150769042969,1.5,"ECMWF:0.35,GFS:0.30,NBM:0.35",SKIP,NO,
36563,KXHIGHNY-26MAY12-T73,2026-05-12 01:54:42.456514+00:00,KNYC,2026-05-12,1,74.0,,0,0.08135180346245686,9.665335010122789e-08,0.006618115926594208,9.341870085790528e-15,66.19150769042969,1.5,"ECMWF:0.35,GFS:0.30,NBM:0.35",SKIP,NO,
36550,KXHIGHNY-26MAY12-T73,2026-05-12 01:49:36.402122+00:00,KNYC,2026-05-12,1,74.0,,0,0.0811860127843519,9.665335010122789e-08,0.006591168671820951,9.341870085790528e-15,66.19150769042969,1.5,"ECMWF:0.35,GFS:0.30,NBM:0.35",SKIP,NO,
36549,KXHIGHNY-26MAY12-B68.5,2026-05-12 01:49:36.118873+00:00,KNYC,2026-05-12,1,68.0,70.0,0,0.1873240413913948,0.1084154374911277,0.03509029648320499,0.011753907086392618,66.19150769042969,1.5,"ECMWF:0.35,GFS:0.30,NBM:0.35",OPEN,NO,3.2400000000000007
36548,KXHIGHNY-26MAY12-B72.5,2026-05-12 01:49:35.842132+00:00,KNYC,2026-05-12,1,72.0,74.0,0,0.08443617766913693,5.380367433083233e-05,0.0071294680993740575,2.8948353714982658e-09,66.19150769042969,1.5,"ECMWF:0.35,GFS:0.30,NBM:0.35",SKIP,NO,
36547,KXHIGHNY-26MAY12-B70.5,2026-05-12 01:49:35.543269+00:00,KNYC,2026-05-12,1,70.0,72.0,0,0.12132321729638386,0.005504672292178325,0.014719323055145575,3.030141704427578e-05,66.19150769042969,1.5,"ECMWF:0.35,GFS:0.30,NBM:0.35",SKIP,NO,
36546,KXHIGHNY-26MAY12-T66,2026-05-12 01:49:35.280073+00:00,KNYC,2026-05-12,1,,66.0,1,0.4956142891350174,0.44920435640672335,0.25440494532477376,0.3033758410013318,66.19150769042969,1.5,"ECMWF:0.35,GFS:0.30,NBM:0.35",OPEN,YES,31.290000000000003
36545,KXHIGHNY-26MAY12-B66.5,2026-05-12 01:49:34.927763+00:00,KNYC,2026-05-12,1,66.0,68.0,0,0.331674096221361,0.4368216334822897,0.11000770610425664,0.19081313947813583,66.19150769042969,1.5,"ECMWF:0.35,GFS:0.30,NBM:0.35",SKIP,NO,
36533,KXHIGHNY-26MAY12-T66,2026-05-12 01:44:28.307371+00:00,KNYC,2026-05-12,1,,66.0,1,0.49982923244744815,0.44920435640672335,0.25017079671410886,0.3033758410013318,66.19150769042969,1.5,"ECMWF:0.35,GFS:0.30,NBM:0.35",OPEN,YES,30.17
36532,KXHIGHNY-26MAY12-B72.5,2026-05-12 01:44:28.009303+00:00,KNYC,2026-05-12,1,72.0,74.0,0,0.08423473901342261,5.380367433083233e-05,0.007095491256659422,2.8948353714982658e-09,66.19150769042969,1.5,"ECMWF:0.35,GFS:0.30,NBM:0.35",SKIP,NO,
36531,KXHIGHNY-26MAY12-B70.5,2026-05-12 01:44:27.734503+00:00,KNYC,2026-05-12,1,70.0,72.0,0,0.1205088183824893,0.005504672292178325,0.014522375307943789,3.030141704427578e-05,66.19150769042969,1.5,"ECMWF:0.35,GFS:0.30,NBM:0.35",SKIP,NO,
36530,KXHIGHNY-26MAY12-B68.5,2026-05-12 01:44:27.451131+00:00,KNYC,2026-05-12,1,68.0,70.0,0,0.18629141291940077,0.1084154374911277,0.03470449052750668,0.011753907086392618,66.19150769042969,1.5,"ECMWF:0.35,GFS:0.30,NBM:0.35",OPEN,NO,3.2400000000000007
36529,KXHIGHNY-26MAY12-T73,2026-05-12 01:44:27.164443+00:00,KNYC,2026-05-12,1,74.0,,0,0.08102164564570226,9.665335010122789e-08,0.006564507063137744,9.341870085790528e-15,66.19150769042969,1.5,"ECMWF:0.35,GFS:0.30,NBM:0.35",SKIP,NO,
36528,KXHIGHNY-26MAY12-B66.5,2026-05-12 01:44:26.821367+00:00,KNYC,2026-05-12,1,66.0,68.0,0,0.3296719860891829,0.4368216334822897,0.10868361841198641,0.19081313947813583,66.19150769042969,1.5,"ECMWF:0.35,GFS:0.30,NBM:0.35",SKIP,NO,
36515,KXHIGHNY-26MAY12-T66,2026-05-12 01:39:21.619049+00:00,KNYC,2026-05-12,1,,66.0,1,0.5040200742592935,0.44920435640672335,0.24599608673775672,0.3033758410013318,66.19150769042969,1.5,"ECMWF:0.35,GFS:0.30,NBM:0.35",OPEN,YES,39.220000000000006
36514,KXHIGHNY-26MAY12-B68.5,2026-05-12 01:39:21.323718+00:00,KNYC,2026-05-12,1,68.0,70.0,0,0.18526473206533323,0.1084154374911277,0.034323020947239706,0.011753907086392618,66.19150769042969,1.5,"ECMWF:0.35,GFS:0.30,NBM:0.35",OPEN,NO,3.4600000000000004
36513,KXHIGHNY-26MAY12-B72.5,2026-05-12 01:39:21.036485+00:00,KNYC,2026-05-12,1,72.0,74.0,0,0.08403673843708971,5.380367433083233e-05,0.007062173407143831,2.8948353714982658e-09,66.19150769042969,1.5,"ECMWF:0.35,GFS:0.30,NBM:0.35",SKIP,NO,
36512,KXHIGHNY-26MAY12-B70.5,2026-05-12 01:39:20.752086+00:00,KNYC,2026-05-12,1,70.0,72.0,0,0.1196949736435924,0.005504672292178325,0.014326886715540279,3.030141704427578e-05,66.19150769042969,1.5,"ECMWF:0.35,GFS:0.30,NBM:0.35",SKIP,NO,
36511,KXHIGHNY-26MAY12-T73,2026-05-12 01:39:20.482844+00:00,KNYC,2026-05-12,1,74.0,,0,0.08086008386369271,9.665335010122789e-08,0.006538353162443419,9.341870085790528e-15,66.19150769042969,1.5,"ECMWF:0.35,GFS:0.30,NBM:0.35",SKIP,NO,
36510,KXHIGHNY-26MAY12-B66.5,2026-05-12 01:39:20.179764+00:00,KNYC,2026-05-12,1,66.0,68.0,0,0.3276812322286444,0.4368216334822897,0.1073749899548828,0.19081313947813583,66.19150769042969,1.5,"ECMWF:0.35,GFS:0.30,NBM:0.35",OPEN,NO,11.56
36497,KXHIGHNY-26MAY12-T73,2026-05-12 01:34:15.364216+00:00,KNYC,2026-05-12,1,74.0,,0,0.0807004844295819,9.665335010122789e-08,0.0065125681871691906,9.341870085790528e-15,66.19150769042969,1.5,"ECMWF:0.35,GFS:0.30,NBM:0.35",SKIP,NO,
36496,KXHIGHNY-26MAY12-B68.5,2026-05-12 01:34:15.038895+00:00,KNYC,2026-05-12,1,68.0,70.0,0,0.1842388923625442,0.1084154374911277,0.03394396945897715,0.011753907086392618,66.19150769042969,1.5,"ECMWF:0.35,GFS:0.30,NBM:0.35",OPEN,NO,3.4600000000000004
36495,KXHIGHNY-26MAY12-B72.5,2026-05-12 01:34:14.773705+00:00,KNYC,2026-05-12,1,72.0,74.0,0,0.08384114279842271,5.380367433083233e-05,0.007029337225745508,2.8948353714982658e-09,66.19150769042969,1.5,"ECMWF:0.35,GFS:0.30,NBM:0.35",SKIP,NO,
36494,KXHIGHNY-26MAY12-B70.5,2026-05-12 01:34:14.476554+00:00,KNYC,2026-05-12,1,70.0,72.0,0,0.11887772298202771,0.005504672292178325,0.01413191302139172,3.030141704427578e-05,66.19150769042969,1.5,"ECMWF:0.35,GFS:0.30,NBM:0.35",SKIP,NO,
36493,KXHIGHNY-26MAY12-T66,2026-05-12 01:34:14.164249+00:00,KNYC,2026-05-12,1,,66.0,1,0.5082074899874766,0.44920435640672335,0.24185987290441796,0.3033758410013318,66.19150769042969,1.5,"ECMWF:0.35,GFS:0.30,NBM:0.35",OPEN,YES,39.220000000000006
36492,KXHIGHNY-26MAY12-B66.5,2026-05-12 01:34:13.835507+00:00,KNYC,2026-05-12,1,66.0,68.0,0,0.3256921019375929,0.4368216334822897,0.1060753452645274,0.19081313947813583,66.19150769042969,1.5,"ECMWF:0.35,GFS:0.30,NBM:0.35",OPEN,NO,11.56
36479,KXHIGHNY-26MAY12-T66,2026-05-12 01:29:08.901687+00:00,KNYC,2026-05-12,1,,66.0,1,0.5123950896141871,0.44920435640672335,0.23775854863235663,0.3033758410013318,66.19150769042969,1.5,"ECMWF:0.35,GFS:0.30,NBM:0.35",OPEN,YES,39.220000000000006
36478,KXHIGHNY-26MAY12-B68.5,2026-05-12 01:29:08.599814+00:00,KNYC,2026-05-12,1,68.0,70.0,0,0.18321300760800419,0.1084154374911277,0.0335670061567706,0.011753907086392618,66.19150769042969,1.5,"ECMWF:0.35,GFS:0.30,NBM:0.35",OPEN,NO,3.4600000000000004
36477,KXHIGHNY-26MAY12-T73,2026-05-12 01:29:08.318229+00:00,KNYC,2026-05-12,1,74.0,,0,0.0805426866033241,9.665335010122789e-08,0.006487124365281284,9.341870085790528e-15,66.19150769042969,1.5,"ECMWF:0.35,GFS:0.30,NBM:0.35",SKIP,NO,
36476,KXHIGHNY-26MAY12-B70.5,2026-05-12 01:29:07.990220+00:00,KNYC,2026-05-12,1,70.0,72.0,0,0.11805641127820844,0.005504672292178325,0.013937316243889502,3.030141704427578e-05,66.19150769042969,1.5,"ECMWF:0.35,GFS:0.30,NBM:0.35",SKIP,NO,
36475,KXHIGHNY-26MAY12-B72.5,2026-05-12 01:29:07.695714+00:00,KNYC,2026-05-12,1,72.0,74.0,0,0.08364775510391655,5.380367433083233e-05,0.006996946933924796,2.8948353714982658e-09,66.19150769042969,1.5,"ECMWF:0.35,GFS:0.30,NBM:0.35",SKIP,NO,
36474,KXHIGHNY-26MAY12-B66.5,2026-05-12 01:29:07.415504+00:00,KNYC,2026-05-12,1,66.0,68.0,0,0.3237028842900056,0.4368216334822897,0.10478355729766875,0.19081313947813583,66.19150769042969,1.5,"ECMWF:0.35,GFS:0.30,NBM:0.35",OPEN,NO,11.56
36460,KXHIGHNY-26MAY12-T66,2026-05-12 01:23:52.458726+00:00,KNYC,2026-05-12,1,,66.0,1,0.5167133403568818,0.44920435640672335,0.23356599538900322,0.3033758410013318,66.19150769042969,1.5,"ECMWF:0.35,GFS:0.30,NBM:0.35",OPEN,YES,39.220000000000006
36459,KXHIGHNY-26MAY12-B68.5,2026-05-12 01:23:52.165255+00:00,KNYC,2026-05-12,1,68.0,70.0,0,0.18215511573721643,0.1084154374911277,0.03318048618923872,0.011753907086392618,66.19150769042969,1.5,"ECMWF:0.35,GFS:0.30,NBM:0.35",OPEN,NO,3.4600000000000004
36458,KXHIGHNY-26MAY12-B66.5,2026-05-12 01:23:51.914304+00:00,KNYC,2026-05-12,1,66.0,68.0,0,0.3216516039982402,0.4368216334822897,0.10345975435464075,0.19081313947813583,66.19150769042969,1.5,"ECMWF:0.35,GFS:0.30,NBM:0.35",OPEN,NO,11.56
36457,KXHIGHNY-26MAY12-B70.5,2026-05-12 01:23:51.649845+00:00,KNYC,2026-05-12,1,70.0,72.0,0,0.1172053077257267,0.005504672292178325,0.013737084159082289,3.030141704427578e-05,66.19150769042969,1.5,"ECMWF:0.35,GFS:0.30,NBM:0.35",SKIP,NO,
36456,KXHIGHNY-26MAY12-T73,2026-05-12 01:23:51.365607+00:00,KNYC,2026-05-12,1,74.0,,0,0.0803818380549658,9.665335010122789e-08,0.006461239889094749,9.341870085790528e-15,66.19150769042969,1.5,"ECMWF:0.35,GFS:0.30,NBM:0.35",SKIP,NO,
36455,KXHIGHNY-26MAY12-B72.5,2026-05-12 01:23:51.094326+00:00,KNYC,2026-05-12,1,72.0,74.0,0,0.08345062862461507,5.380367433083233e-05,0.006964007417843423,2.8948353714982658e-09,66.19150769042969,1.5,"ECMWF:0.35,GFS:0.30,NBM:0.35",SKIP,NO,
36443,KXHIGHNY-26MAY12-T73,2026-05-12 01:18:46.525260+00:00,KNYC,2026-05-12,1,74.0,,0,0.08022770836841432,9.665335010122789e-08,0.006436485190047338,9.341870085790528e-15,66.19150769042969,1.5,"ECMWF:0.35,GFS:0.30,NBM:0.35",SKIP,NO,
36442,KXHIGHNY-26MAY12-B68.5,2026-05-12 01:18:46.238578+00:00,KNYC,2026-05-12,1,68.0,70.0,0,0.18112961404978634,0.1084154374911277,0.03280793708582456,0.011753907086392618,66.19150769042969,1.5,"ECMWF:0.35,GFS:0.30,NBM:0.35",OPEN,NO,3.4600000000000004
36441,KXHIGHNY-26MAY12-T66,2026-05-12 01:18:45.921300+00:00,KNYC,2026-05-12,1,,66.0,1,0.5208993763267781,0.44920435640672335,0.2295374076040702,0.3033758410013318,66.19150769042969,1.5,"ECMWF:0.35,GFS:0.30,NBM:0.35",OPEN,YES,39.220000000000006
36440,KXHIGHNY-26MAY12-B70.5,2026-05-12 01:18:45.650343+00:00,KNYC,2026-05-12,1,70.0,72.0,0,0.11637627023931509,0.005504672292178325,0.013543436274814094,3.030141704427578e-05,66.19150769042969,1.5,"ECMWF:0.35,GFS:0.30,NBM:0.35",SKIP,NO,
36439,KXHIGHNY-26MAY12-B72.5,2026-05-12 01:18:45.365354+00:00,KNYC,2026-05-12,1,72.0,74.0,0,0.08326173638545044,5.380367433083233e-05,0.006932516745920241,2.8948353714982658e-09,66.19150769042969,1.5,"ECMWF:0.35,GFS:0.30,NBM:0.35",SKIP,NO,
36438,KXHIGHNY-26MAY12-B66.5,2026-05-12 01:18:45.055089+00:00,KNYC,2026-05-12,1,66.0,68.0,0,0.31966312912790174,0.4368216334822897,0.10218451612384158,0.19081313947813583,66.19150769042969,1.5,"ECMWF:0.35,GFS:0.30,NBM:0.35",OPEN,NO,11.56
36425,KXHIGHNY-26MAY12-T73,2026-05-12 01:13:40.237179+00:00,KNYC,2026-05-12,1,74.0,,0,0.0800753530441989,9.665335010122789e-08,0.006412062165153093,9.341870085790528e-15,66.19150769042969,1.5,"ECMWF:0.35,GFS:0.30,NBM:0.35",SKIP,NO,
36424,KXHIGHNY-26MAY12-B72.5,2026-05-12 01:13:39.965150+00:00,KNYC,2026-05-12,1,72.0,74.0,0,0.08307501869995072,5.380367433083233e-05,0.006901458731997163,2.8948353714982658e-09,66.19150769042969,1.5,"ECMWF:0.35,GFS:0.30,NBM:0.35",SKIP,NO,
36423,KXHIGHNY-26MAY12-B68.5,2026-05-12 01:13:39.694473+00:00,KNYC,2026-05-12,1,68.0,70.0,0,0.1801043046927543,0.1084154374911277,0.03243756056886048,0.011753907086392618,66.19150769042969,1.5,"ECMWF:0.35,GFS:0.30,NBM:0.35",OPEN,NO,3.4600000000000004
36422,KXHIGHNY-26MAY12-T66,2026-05-12 01:13:39.419030+00:00,KNYC,2026-05-12,1,,66.0,1,0.5250846272156027,0.44920435640672335,0.2255446113069431,0.3033758410013318,66.19150769042969,1.5,"ECMWF:0.35,GFS:0.30,NBM:0.35",OPEN,YES,43.169999999999995
36421,KXHIGHNY-26MAY12-B70.5,2026-05-12 01:13:39.104037+00:00,KNYC,2026-05-12,1,70.0,72.0,0,0.11554350365385237,0.005504672292178325,0.013350301236607796,3.030141704427578e-05,66.19150769042969,1.5,"ECMWF:0.35,GFS:0.30,NBM:0.35",SKIP,NO,
36420,KXHIGHNY-26MAY12-B66.5,2026-05-12 01:13:38.815691+00:00,KNYC,2026-05-12,1,66.0,68.0,0,0.31767502719128704,0.4368216334822897,0.10091742290098496,0.19081313947813583,66.19150769042969,1.5,"ECMWF:0.35,GFS:0.30,NBM:0.35",OPEN,NO,11.56
36407,KXHIGHNY-26MAY12-T73,2026-05-12 01:08:28.862176+00:00,KNYC,2026-05-12,1,74.0,,0,0.0799221220538069,9.665335010122789e-08,0.006387545593583607,9.341870085790528e-15,66.19150769042969,1.5,"ECMWF:0.35,GFS:0.30,NBM:0.35",SKIP,NO,
36406,KXHIGHNY-26MAY12-B68.5,2026-05-12 01:08:28.561792+00:00,KNYC,2026-05-12,1,68.0,70.0,0,0.17906118652855907,0.1084154374911277,0.032062908521015426,0.011753907086392618,66.19150769042969,1.5,"ECMWF:0.35,GFS:0.30,NBM:0.35",OPEN,NO,3.4600000000000004
