signal_id,ticker,ts,station,valid_date,lead_day,lower_f,upper_f,yes_won,original_p_yes,shadow_p_yes,original_brier,shadow_brier,shadow_mean_f,shadow_sigma_f,weights,shadow_action,shadow_side,shadow_pnl
56784,KXHIGHCHI-26MAY14-B62.5,2026-05-14 23:55:41.567626+00:00,KMDW,2026-05-14,0,62.0,64.0,0,0.01,0.20143710357420336,0.0001,0.04057690669636433,63.74591943359378,3.8453813234264023,"ECMWF:0.15,GFS:0.15,HRRR:0.40,NBM:0.30",OPEN,YES,-19.990000000000016
56783,KXHIGHCHI-26MAY14-T69,2026-05-14 23:55:40.949980+00:00,KMDW,2026-05-14,0,70.0,,0,0.03826477639073471,0.051933611717684736,0.0014641931122329284,0.0026971000260432414,63.74591943359378,3.8453813234264023,"ECMWF:0.15,GFS:0.15,HRRR:0.40,NBM:0.30",OPEN,YES,-10.410000000000009
56782,KXHIGHCHI-26MAY14-B68.5,2026-05-14 23:55:40.304766+00:00,KMDW,2026-05-14,0,68.0,70.0,0,0.04748346462805457,0.08236837943550035,0.0022546794130837095,0.006784549930830557,63.74591943359378,3.8453813234264023,"ECMWF:0.15,GFS:0.15,HRRR:0.40,NBM:0.30",OPEN,YES,-18.110000000000014
56781,KXHIGHCHI-26MAY14-B66.5,2026-05-14 23:55:39.681285+00:00,KMDW,2026-05-14,0,66.0,68.0,0,0.08916751925584097,0.14457573089073128,0.00795084649024077,0.02090214196258915,63.74591943359378,3.8453813234264023,"ECMWF:0.15,GFS:0.15,HRRR:0.40,NBM:0.30",OPEN,YES,-19.990000000000016
56780,KXHIGHCHI-26MAY14-B64.5,2026-05-14 23:55:39.078594+00:00,KMDW,2026-05-14,0,64.0,66.0,1,0.6786140814056167,0.1947816462120756,0.10328890867075555,0.648376597276935,63.74591943359378,3.8453813234264023,"ECMWF:0.15,GFS:0.15,HRRR:0.40,NBM:0.30",OPEN,NO,-19.990000000000016
56779,KXHIGHCHI-26MAY14-T62,2026-05-14 23:55:38.501944+00:00,KMDW,2026-05-14,0,,62.0,0,0.01,0.32490352816980467,0.0001,0.10556230261718705,63.74591943359378,3.8453813234264023,"ECMWF:0.15,GFS:0.15,HRRR:0.40,NBM:0.30",OPEN,YES,-19.990000000000016
56747,KXHIGHCHI-26MAY14-B64.5,2026-05-14 23:50:07.766041+00:00,KMDW,2026-05-14,0,64.0,66.0,1,0.678584493538515,0.1947816462120756,0.10330792779389289,0.648376597276935,63.74591943359378,3.8453813234264023,"ECMWF:0.15,GFS:0.15,HRRR:0.40,NBM:0.30",OPEN,NO,-19.990000000000016
56746,KXHIGHCHI-26MAY14-T69,2026-05-14 23:50:07.211518+00:00,KMDW,2026-05-14,0,70.0,,0,0.038270750078077266,0.051933611717684736,0.001464650311538651,0.0026971000260432414,63.74591943359378,3.8453813234264023,"ECMWF:0.15,GFS:0.15,HRRR:0.40,NBM:0.30",OPEN,YES,-10.410000000000009
56745,KXHIGHCHI-26MAY14-T62,2026-05-14 23:50:06.619774+00:00,KMDW,2026-05-14,0,,62.0,0,0.01,0.32490352816980467,0.0001,0.10556230261718705,63.74591943359378,3.8453813234264023,"ECMWF:0.15,GFS:0.15,HRRR:0.40,NBM:0.30",OPEN,YES,-19.990000000000016
56744,KXHIGHCHI-26MAY14-B62.5,2026-05-14 23:50:05.969425+00:00,KMDW,2026-05-14,0,62.0,64.0,0,0.01,0.20143710357420336,0.0001,0.04057690669636433,63.74591943359378,3.8453813234264023,"ECMWF:0.15,GFS:0.15,HRRR:0.40,NBM:0.30",OPEN,YES,-19.990000000000016
56743,KXHIGHCHI-26MAY14-B68.5,2026-05-14 23:50:05.352706+00:00,KMDW,2026-05-14,0,68.0,70.0,0,0.04749078562638724,0.08236837943550035,0.002255374719411469,0.006784549930830557,63.74591943359378,3.8453813234264023,"ECMWF:0.15,GFS:0.15,HRRR:0.40,NBM:0.30",OPEN,YES,-18.110000000000014
56742,KXHIGHCHI-26MAY14-B66.5,2026-05-14 23:50:04.755873+00:00,KMDW,2026-05-14,0,66.0,68.0,0,0.08918381243726747,0.14457573089073128,0.007953752400845705,0.02090214196258915,63.74591943359378,3.8453813234264023,"ECMWF:0.15,GFS:0.15,HRRR:0.40,NBM:0.30",OPEN,YES,-19.990000000000016
56710,KXHIGHCHI-26MAY14-B64.5,2026-05-14 23:44:43.697226+00:00,KMDW,2026-05-14,0,64.0,66.0,1,0.6785557241055374,0.1947816462120756,0.10332642250531536,0.648376597276935,63.74591943359378,3.8453813234264023,"ECMWF:0.15,GFS:0.15,HRRR:0.40,NBM:0.30",OPEN,NO,-19.990000000000016
56709,KXHIGHCHI-26MAY14-B68.5,2026-05-14 23:44:43.132520+00:00,KMDW,2026-05-14,0,68.0,70.0,0,0.04749790411756209,0.08236837943550035,0.002256050895561122,0.006784549930830557,63.74591943359378,3.8453813234264023,"ECMWF:0.15,GFS:0.15,HRRR:0.40,NBM:0.30",OPEN,YES,-18.110000000000014
56708,KXHIGHCHI-26MAY14-T69,2026-05-14 23:44:42.556084+00:00,KMDW,2026-05-14,0,70.0,,0,0.038276558526420125,0.051933611717684736,0.001465094932626465,0.0026971000260432414,63.74591943359378,3.8453813234264023,"ECMWF:0.15,GFS:0.15,HRRR:0.40,NBM:0.30",OPEN,YES,-10.410000000000009
56707,KXHIGHCHI-26MAY14-B66.5,2026-05-14 23:44:41.974058+00:00,KMDW,2026-05-14,0,66.0,68.0,0,0.08919965493072732,0.14457573089073128,0.007956578439760826,0.02090214196258915,63.74591943359378,3.8453813234264023,"ECMWF:0.15,GFS:0.15,HRRR:0.40,NBM:0.30",OPEN,YES,-19.990000000000016
56706,KXHIGHCHI-26MAY14-B62.5,2026-05-14 23:44:41.396142+00:00,KMDW,2026-05-14,0,62.0,64.0,0,0.01,0.20143710357420336,0.0001,0.04057690669636433,63.74591943359378,3.8453813234264023,"ECMWF:0.15,GFS:0.15,HRRR:0.40,NBM:0.30",OPEN,YES,-19.990000000000016
56705,KXHIGHCHI-26MAY14-T62,2026-05-14 23:44:40.816089+00:00,KMDW,2026-05-14,0,,62.0,0,0.01,0.32490352816980467,0.0001,0.10556230261718705,63.74591943359378,3.8453813234264023,"ECMWF:0.15,GFS:0.15,HRRR:0.40,NBM:0.30",OPEN,YES,-19.990000000000016
56675,KXHIGHCHI-26MAY14-B64.5,2026-05-14 23:39:21.360833+00:00,KMDW,2026-05-14,0,64.0,66.0,1,0.6785268522702341,0.1947816462120756,0.10334498471128388,0.648376597276935,63.74591943359378,3.8453813234264023,"ECMWF:0.15,GFS:0.15,HRRR:0.40,NBM:0.30",OPEN,NO,-19.990000000000016
56674,KXHIGHCHI-26MAY14-B68.5,2026-05-14 23:39:20.794059+00:00,KMDW,2026-05-14,0,68.0,70.0,0,0.04750504794639514,0.08236837943550035,0.0022567295803893007,0.006784549930830557,63.74591943359378,3.8453813234264023,"ECMWF:0.15,GFS:0.15,HRRR:0.40,NBM:0.30",OPEN,YES,-18.110000000000014
56673,KXHIGHCHI-26MAY14-T69,2026-05-14 23:39:20.196600+00:00,KMDW,2026-05-14,0,70.0,,0,0.038282387649436075,0.051933611717684736,0.0014655412041416958,0.0026971000260432414,63.74591943359378,3.8453813234264023,"ECMWF:0.15,GFS:0.15,HRRR:0.40,NBM:0.30",OPEN,YES,-10.410000000000009
56672,KXHIGHCHI-26MAY14-B66.5,2026-05-14 23:39:19.577199+00:00,KMDW,2026-05-14,0,66.0,68.0,0,0.08921555381418171,0.14457573089073128,0.007959415042371153,0.02090214196258915,63.74591943359378,3.8453813234264023,"ECMWF:0.15,GFS:0.15,HRRR:0.40,NBM:0.30",OPEN,YES,-19.990000000000016
56671,KXHIGHCHI-26MAY14-T62,2026-05-14 23:39:18.997312+00:00,KMDW,2026-05-14,0,,62.0,0,0.01,0.32490352816980467,0.0001,0.10556230261718705,63.74591943359378,3.8453813234264023,"ECMWF:0.15,GFS:0.15,HRRR:0.40,NBM:0.30",OPEN,YES,-19.990000000000016
56670,KXHIGHCHI-26MAY14-B62.5,2026-05-14 23:39:18.402919+00:00,KMDW,2026-05-14,0,62.0,64.0,0,0.01,0.20143710357420336,0.0001,0.04057690669636433,63.74591943359378,3.8453813234264023,"ECMWF:0.15,GFS:0.15,HRRR:0.40,NBM:0.30",OPEN,YES,-19.990000000000016
56639,KXHIGHCHI-26MAY14-B64.5,2026-05-14 23:33:56.253171+00:00,KMDW,2026-05-14,0,64.0,66.0,1,0.6784978252082728,0.1947816462120756,0.10336364839581028,0.648376597276935,63.74591943359378,3.8453813234264023,"ECMWF:0.15,GFS:0.15,HRRR:0.40,NBM:0.30",OPEN,NO,-19.990000000000016
56638,KXHIGHCHI-26MAY14-B68.5,2026-05-14 23:33:55.698146+00:00,KMDW,2026-05-14,0,68.0,70.0,0,0.047512230183339985,0.08236837943550035,0.002257412016994683,0.006784549930830557,63.74591943359378,3.8453813234264023,"ECMWF:0.15,GFS:0.15,HRRR:0.40,NBM:0.30",OPEN,YES,-18.110000000000014
56637,KXHIGHCHI-26MAY14-B62.5,2026-05-14 23:33:55.095512+00:00,KMDW,2026-05-14,0,62.0,64.0,0,0.01,0.20143710357420336,0.0001,0.04057690669636433,63.74591943359378,3.8453813234264023,"ECMWF:0.15,GFS:0.15,HRRR:0.40,NBM:0.30",OPEN,YES,-19.990000000000016
56636,KXHIGHCHI-26MAY14-T62,2026-05-14 23:33:54.506517+00:00,KMDW,2026-05-14,0,,62.0,0,0.01,0.32490352816980467,0.0001,0.10556230261718705,63.74591943359378,3.8453813234264023,"ECMWF:0.15,GFS:0.15,HRRR:0.40,NBM:0.30",OPEN,YES,-19.990000000000016
56635,KXHIGHCHI-26MAY14-B66.5,2026-05-14 23:33:53.909768+00:00,KMDW,2026-05-14,0,66.0,68.0,0,0.08923153817646069,0.14457573089073128,0.007962267405337162,0.02090214196258915,63.74591943359378,3.8453813234264023,"ECMWF:0.15,GFS:0.15,HRRR:0.40,NBM:0.30",OPEN,YES,-19.990000000000016
56634,KXHIGHCHI-26MAY14-T69,2026-05-14 23:33:53.313732+00:00,KMDW,2026-05-14,0,70.0,,0,0.038288248112173504,0.051933611717684736,0.0014659899434993579,0.0026971000260432414,63.74591943359378,3.8453813234264023,"ECMWF:0.15,GFS:0.15,HRRR:0.40,NBM:0.30",OPEN,YES,-10.410000000000009
56603,KXHIGHCHI-26MAY14-B64.5,2026-05-14 23:28:28.188777+00:00,KMDW,2026-05-14,0,64.0,66.0,1,0.6784684076711546,0.1947816462120756,0.10338256486552286,0.648376597276935,63.74591943359378,3.8453813234264023,"ECMWF:0.15,GFS:0.15,HRRR:0.40,NBM:0.30",OPEN,NO,-19.990000000000016
56602,KXHIGHCHI-26MAY14-B68.5,2026-05-14 23:28:27.626061+00:00,KMDW,2026-05-14,0,68.0,70.0,0,0.04751950903650829,0.08236837943550035,0.0022581037390707933,0.006784549930830557,63.74591943359378,3.8453813234264023,"ECMWF:0.15,GFS:0.15,HRRR:0.40,NBM:0.30",OPEN,YES,-18.110000000000014
56601,KXHIGHCHI-26MAY14-B62.5,2026-05-14 23:28:27.028369+00:00,KMDW,2026-05-14,0,62.0,64.0,0,0.01,0.20143710357420336,0.0001,0.04057690669636433,63.74591943359378,3.8453813234264023,"ECMWF:0.15,GFS:0.15,HRRR:0.40,NBM:0.30",OPEN,YES,-19.990000000000016
56600,KXHIGHCHI-26MAY14-T62,2026-05-14 23:28:26.433229+00:00,KMDW,2026-05-14,0,,62.0,0,0.01,0.32490352816980467,0.0001,0.10556230261718705,63.74591943359378,3.8453813234264023,"ECMWF:0.15,GFS:0.15,HRRR:0.40,NBM:0.30",OPEN,YES,-19.990000000000016
56599,KXHIGHCHI-26MAY14-B66.5,2026-05-14 23:28:25.803728+00:00,KMDW,2026-05-14,0,66.0,68.0,0,0.08924773756209851,0.14457573089073128,0.00796515865995321,0.02090214196258915,63.74591943359378,3.8453813234264023,"ECMWF:0.15,GFS:0.15,HRRR:0.40,NBM:0.30",OPEN,YES,-19.990000000000016
56598,KXHIGHCHI-26MAY14-T69,2026-05-14 23:28:25.215813+00:00,KMDW,2026-05-14,0,70.0,,0,0.03829418741048567,0.051933611717684736,0.001466444789429399,0.0026971000260432414,63.74591943359378,3.8453813234264023,"ECMWF:0.15,GFS:0.15,HRRR:0.40,NBM:0.30",OPEN,YES,-10.410000000000009
56567,KXHIGHCHI-26MAY14-B64.5,2026-05-14 23:23:04.754753+00:00,KMDW,2026-05-14,0,64.0,66.0,1,0.6784393730985329,0.1947816462120756,0.10340123677326456,0.648376597276935,63.74591943359378,3.8453813234264023,"ECMWF:0.15,GFS:0.15,HRRR:0.40,NBM:0.30",OPEN,NO,-19.990000000000016
56566,KXHIGHCHI-26MAY14-B68.5,2026-05-14 23:23:04.178656+00:00,KMDW,2026-05-14,0,68.0,70.0,0,0.04752669313183403,0.08236837943550035,0.00225878656004752,0.006784549930830557,63.74591943359378,3.8453813234264023,"ECMWF:0.15,GFS:0.15,HRRR:0.40,NBM:0.30",OPEN,YES,-18.110000000000014
56565,KXHIGHCHI-26MAY14-B66.5,2026-05-14 23:23:03.561821+00:00,KMDW,2026-05-14,0,66.0,68.0,0,0.08926372606028045,0.14457573089073128,0.007968012790164791,0.02090214196258915,63.74591943359378,3.8453813234264023,"ECMWF:0.15,GFS:0.15,HRRR:0.40,NBM:0.30",OPEN,YES,-19.990000000000016
56564,KXHIGHCHI-26MAY14-T62,2026-05-14 23:23:02.978455+00:00,KMDW,2026-05-14,0,,62.0,0,0.01,0.32490352816980467,0.0001,0.10556230261718705,63.74591943359378,3.8453813234264023,"ECMWF:0.15,GFS:0.15,HRRR:0.40,NBM:0.30",OPEN,YES,-19.990000000000016
56563,KXHIGHCHI-26MAY14-B62.5,2026-05-14 23:23:02.367432+00:00,KMDW,2026-05-14,0,62.0,64.0,0,0.01,0.20143710357420336,0.0001,0.04057690669636433,63.74591943359378,3.8453813234264023,"ECMWF:0.15,GFS:0.15,HRRR:0.40,NBM:0.30",OPEN,YES,-19.990000000000016
56562,KXHIGHCHI-26MAY14-T69,2026-05-14 23:23:01.749487+00:00,KMDW,2026-05-14,0,70.0,,0,0.03830004938959967,0.051933611717684736,0.001466893783245774,0.0026971000260432414,63.74591943359378,3.8453813234264023,"ECMWF:0.15,GFS:0.15,HRRR:0.40,NBM:0.30",OPEN,YES,-10.410000000000009
56530,KXHIGHCHI-26MAY14-B68.5,2026-05-14 23:17:41.192190+00:00,KMDW,2026-05-14,0,68.0,70.0,0,0.04753388127243067,0.08236837943550035,0.002259469868821535,0.006784549930830557,63.74591943359378,3.8453813234264023,"ECMWF:0.15,GFS:0.15,HRRR:0.40,NBM:0.30",OPEN,YES,-18.110000000000014
56529,KXHIGHCHI-26MAY14-B66.5,2026-05-14 23:17:40.582895+00:00,KMDW,2026-05-14,0,66.0,68.0,0,0.08927972356137803,0.14457573089073128,0.00797086903919608,0.02090214196258915,63.74591943359378,3.8453813234264023,"ECMWF:0.15,GFS:0.15,HRRR:0.40,NBM:0.30",OPEN,YES,-19.990000000000016
56528,KXHIGHCHI-26MAY14-B64.5,2026-05-14 23:17:40.014320+00:00,KMDW,2026-05-14,0,64.0,66.0,1,0.6784103221769204,0.1947816462120756,0.10341992088235212,0.648376597276935,63.74591943359378,3.8453813234264023,"ECMWF:0.15,GFS:0.15,HRRR:0.40,NBM:0.30",OPEN,NO,-19.990000000000016
56527,KXHIGHCHI-26MAY14-B62.5,2026-05-14 23:17:39.436954+00:00,KMDW,2026-05-14,0,62.0,64.0,0,0.01,0.20143710357420336,0.0001,0.04057690669636433,63.74591943359378,3.8453813234264023,"ECMWF:0.15,GFS:0.15,HRRR:0.40,NBM:0.30",OPEN,YES,-19.990000000000016
56526,KXHIGHCHI-26MAY14-T62,2026-05-14 23:17:38.825739+00:00,KMDW,2026-05-14,0,,62.0,0,0.01,0.32490352816980467,0.0001,0.10556230261718705,63.74591943359378,3.8453813234264023,"ECMWF:0.15,GFS:0.15,HRRR:0.40,NBM:0.30",OPEN,YES,-19.990000000000016
56525,KXHIGHCHI-26MAY14-T69,2026-05-14 23:17:38.231912+00:00,KMDW,2026-05-14,0,70.0,,0,0.03830591466951786,0.051933611717684736,0.0014673430986683837,0.0026971000260432414,63.74591943359378,3.8453813234264023,"ECMWF:0.15,GFS:0.15,HRRR:0.40,NBM:0.30",OPEN,YES,-10.410000000000009
56494,KXHIGHCHI-26MAY14-T62,2026-05-14 23:12:14.214884+00:00,KMDW,2026-05-14,0,,62.0,0,0.01,0.32490352816980467,0.0001,0.10556230261718705,63.74591943359378,3.8453813234264023,"ECMWF:0.15,GFS:0.15,HRRR:0.40,NBM:0.30",OPEN,YES,-19.990000000000016
56493,KXHIGHCHI-26MAY14-B62.5,2026-05-14 23:12:13.589561+00:00,KMDW,2026-05-14,0,62.0,64.0,0,0.01,0.20143710357420336,0.0001,0.04057690669636433,63.74591943359378,3.8453813234264023,"ECMWF:0.15,GFS:0.15,HRRR:0.40,NBM:0.30",OPEN,YES,-19.990000000000016
56492,KXHIGHCHI-26MAY14-B68.5,2026-05-14 23:12:12.992072+00:00,KMDW,2026-05-14,0,68.0,70.0,0,0.047541180958904285,0.08236837943550035,0.0022601638869672834,0.006784549930830557,63.74591943359378,3.8453813234264023,"ECMWF:0.15,GFS:0.15,HRRR:0.40,NBM:0.30",OPEN,YES,-18.110000000000014
56491,KXHIGHCHI-26MAY14-B64.5,2026-05-14 23:12:12.374281+00:00,KMDW,2026-05-14,0,64.0,66.0,1,0.678380820441849,0.1947816462120756,0.10343889665965818,0.648376597276935,63.74591943359378,3.8453813234264023,"ECMWF:0.15,GFS:0.15,HRRR:0.40,NBM:0.30",OPEN,NO,-19.990000000000016
56490,KXHIGHCHI-26MAY14-T69,2026-05-14 23:12:11.812179+00:00,KMDW,2026-05-14,0,70.0,,0,0.03831187096710368,0.051933611717684736,0.0014677994570000017,0.0026971000260432414,63.74591943359378,3.8453813234264023,"ECMWF:0.15,GFS:0.15,HRRR:0.40,NBM:0.30",OPEN,YES,-10.410000000000009
56489,KXHIGHCHI-26MAY14-B66.5,2026-05-14 23:12:11.216447+00:00,KMDW,2026-05-14,0,66.0,68.0,0,0.08929596931239,0.14457573089073128,0.007973770135439297,0.02090214196258915,63.74591943359378,3.8453813234264023,"ECMWF:0.15,GFS:0.15,HRRR:0.40,NBM:0.30",OPEN,YES,-19.990000000000016
56458,KXHIGHCHI-26MAY14-B68.5,2026-05-14 23:06:38.947937+00:00,KMDW,2026-05-14,0,68.0,70.0,0,0.04754868166901287,0.08236837943550035,0.0022608771284611203,0.006784549930830557,63.74591943359378,3.8453813234264023,"ECMWF:0.15,GFS:0.15,HRRR:0.40,NBM:0.30",OPEN,YES,-18.110000000000014
56457,KXHIGHCHI-26MAY14-B66.5,2026-05-14 23:06:38.355220+00:00,KMDW,2026-05-14,0,66.0,68.0,0,0.08931266244973039,0.14457573089073128,0.007976751673859481,0.02090214196258915,63.74591943359378,3.8453813234264023,"ECMWF:0.15,GFS:0.15,HRRR:0.40,NBM:0.30",OPEN,YES,-19.990000000000016
56456,KXHIGHCHI-26MAY14-B64.5,2026-05-14 23:06:37.763092+00:00,KMDW,2026-05-14,0,64.0,66.0,1,0.6783505062683188,0.1947816462120756,0.1034583968178468,0.648376597276935,63.74591943359378,3.8453813234264023,"ECMWF:0.15,GFS:0.15,HRRR:0.40,NBM:0.30",OPEN,NO,-19.990000000000016
56455,KXHIGHCHI-26MAY14-B62.5,2026-05-14 23:06:37.194669+00:00,KMDW,2026-05-14,0,62.0,64.0,0,0.01,0.20143710357420336,0.0001,0.04057690669636433,63.74591943359378,3.8453813234264023,"ECMWF:0.15,GFS:0.15,HRRR:0.40,NBM:0.30",OPEN,YES,-19.990000000000016
56454,KXHIGHCHI-26MAY14-T62,2026-05-14 23:06:36.586942+00:00,KMDW,2026-05-14,0,,62.0,0,0.01,0.32490352816980467,0.0001,0.10556230261718705,63.74591943359378,3.8453813234264023,"ECMWF:0.15,GFS:0.15,HRRR:0.40,NBM:0.30",OPEN,YES,-19.990000000000016
56453,KXHIGHCHI-26MAY14-T69,2026-05-14 23:06:35.977166+00:00,KMDW,2026-05-14,0,70.0,,0,0.03831799129318496,0.051933611717684736,0.0014682684567445983,0.0026971000260432414,63.74591943359378,3.8453813234264023,"ECMWF:0.15,GFS:0.15,HRRR:0.40,NBM:0.30",OPEN,YES,-10.410000000000009
56423,KXHIGHCHI-26MAY14-B64.5,2026-05-14 23:01:09.101590+00:00,KMDW,2026-05-14,0,64.0,66.0,1,0.4304485540445923,0.1947816462120756,0.3243888495898956,0.648376597276935,63.74591943359378,3.8453813234264023,"ECMWF:0.15,GFS:0.15,HRRR:0.40,NBM:0.30",OPEN,NO,-19.990000000000016
56422,KXHIGHCHI-26MAY14-B68.5,2026-05-14 23:01:08.539374+00:00,KMDW,2026-05-14,0,68.0,70.0,0,0.04996999404215567,0.08236837943550035,0.0024970003045730734,0.006784549930830557,63.74591943359378,3.8453813234264023,"ECMWF:0.15,GFS:0.15,HRRR:0.40,NBM:0.30",OPEN,YES,-18.110000000000014
56421,KXHIGHCHI-26MAY14-B62.5,2026-05-14 23:01:07.918384+00:00,KMDW,2026-05-14,0,62.0,64.0,0,0.01,0.20143710357420336,0.0001,0.04057690669636433,63.74591943359378,3.8453813234264023,"ECMWF:0.15,GFS:0.15,HRRR:0.40,NBM:0.30",OPEN,YES,-19.990000000000016
56420,KXHIGHCHI-26MAY14-T62,2026-05-14 23:01:07.311164+00:00,KMDW,2026-05-14,0,,62.0,0,0.01,0.32490352816980467,0.0001,0.10556230261718705,63.74591943359378,3.8453813234264023,"ECMWF:0.15,GFS:0.15,HRRR:0.40,NBM:0.30",OPEN,YES,-19.990000000000016
56419,KXHIGHCHI-26MAY14-T69,2026-05-14 23:01:06.731063+00:00,KMDW,2026-05-14,0,70.0,,0,0.04029370039995598,0.051933611717684736,0.0016235822919214128,0.0026971000260432414,63.74591943359378,3.8453813234264023,"ECMWF:0.15,GFS:0.15,HRRR:0.40,NBM:0.30",OPEN,YES,-10.410000000000009
56418,KXHIGHCHI-26MAY14-B66.5,2026-05-14 23:01:06.116924+00:00,KMDW,2026-05-14,0,66.0,68.0,0,0.47764374637617896,0.14457573089073128,0.22814354845227156,0.02090214196258915,63.74591943359378,3.8453813234264023,"ECMWF:0.15,GFS:0.15,HRRR:0.40,NBM:0.30",OPEN,YES,-19.990000000000016
56388,KXHIGHCHI-26MAY14-B68.5,2026-05-14 22:55:43.327743+00:00,KMDW,2026-05-14,0,68.0,70.0,0,0.05010028565321936,0.08345027023910734,0.002510038622534178,0.006963947602980044,64.67621972656252,2.6686434395848737,"ECMWF:0.15,GFS:0.15,HRRR:0.40,NBM:0.30",OPEN,YES,-18.380000000000013
56387,KXHIGHCHI-26MAY14-B64.5,2026-05-14 22:55:42.708503+00:00,KMDW,2026-05-14,0,64.0,66.0,1,0.4283181231211222,0.2900887263619094,0.3268201683517564,0.503974016438456,64.67621972656252,2.6686434395848737,"ECMWF:0.15,GFS:0.15,HRRR:0.40,NBM:0.30",OPEN,NO,-19.990000000000016
56386,KXHIGHCHI-26MAY14-B66.5,2026-05-14 22:55:42.148496+00:00,KMDW,2026-05-14,0,66.0,68.0,0,0.47953757213508913,0.20345455844136695,0.2299562830892158,0.0413937573505716,64.67621972656252,2.6686434395848737,"ECMWF:0.15,GFS:0.15,HRRR:0.40,NBM:0.30",OPEN,YES,-19.990000000000016
56385,KXHIGHCHI-26MAY14-B62.5,2026-05-14 22:55:41.575112+00:00,KMDW,2026-05-14,0,62.0,64.0,0,0.01,0.2420123925978625,0.0001,0.05856999817094193,64.67621972656252,2.6686434395848737,"ECMWF:0.15,GFS:0.15,HRRR:0.40,NBM:0.30",OPEN,YES,-19.990000000000016
56384,KXHIGHCHI-26MAY14-T62,2026-05-14 22:55:40.935189+00:00,KMDW,2026-05-14,0,,62.0,0,0.01,0.1579692734295402,0.0001,0.024954291347856837,64.67621972656252,2.6686434395848737,"ECMWF:0.15,GFS:0.15,HRRR:0.40,NBM:0.30",OPEN,YES,-19.990000000000016
56383,KXHIGHCHI-26MAY14-T69,2026-05-14 22:55:40.356528+00:00,KMDW,2026-05-14,0,70.0,,0,0.040400013953452205,0.023024778930213596,0.0016321611274391328,0.0005301404447852079,64.67621972656252,2.6686434395848737,"ECMWF:0.15,GFS:0.15,HRRR:0.40,NBM:0.30",OPEN,YES,-3.1200000000000028
56352,KXHIGHCHI-26MAY14-B62.5,2026-05-14 22:50:17.552282+00:00,KMDW,2026-05-14,0,62.0,64.0,0,0.01,0.2420123925978625,0.0001,0.05856999817094193,64.67621972656252,2.6686434395848737,"ECMWF:0.15,GFS:0.15,HRRR:0.40,NBM:0.30",OPEN,YES,-19.990000000000016
56351,KXHIGHCHI-26MAY14-B64.5,2026-05-14 22:50:16.931971+00:00,KMDW,2026-05-14,0,64.0,66.0,1,0.42846793127281035,0.2900887263619094,0.326648905583581,0.503974016438456,64.67621972656252,2.6686434395848737,"ECMWF:0.15,GFS:0.15,HRRR:0.40,NBM:0.30",SKIP,NO,
56350,KXHIGHCHI-26MAY14-B68.5,2026-05-14 22:50:16.297002+00:00,KMDW,2026-05-14,0,68.0,70.0,0,0.05009102777486834,0.08345027023910734,0.0025091110635426313,0.006963947602980044,64.67621972656252,2.6686434395848737,"ECMWF:0.15,GFS:0.15,HRRR:0.40,NBM:0.30",OPEN,YES,-18.380000000000013
56349,KXHIGHCHI-26MAY14-T62,2026-05-14 22:50:15.652929+00:00,KMDW,2026-05-14,0,,62.0,0,0.01,0.1579692734295402,0.0001,0.024954291347856837,64.67621972656252,2.6686434395848737,"ECMWF:0.15,GFS:0.15,HRRR:0.40,NBM:0.30",OPEN,YES,-19.990000000000016
56348,KXHIGHCHI-26MAY14-B66.5,2026-05-14 22:50:15.060297+00:00,KMDW,2026-05-14,0,66.0,68.0,0,0.47940457597776376,0.20345455844136695,0.22982874746841947,0.0413937573505716,64.67621972656252,2.6686434395848737,"ECMWF:0.15,GFS:0.15,HRRR:0.40,NBM:0.30",OPEN,YES,-19.990000000000016
56347,KXHIGHCHI-26MAY14-T69,2026-05-14 22:50:14.466455+00:00,KMDW,2026-05-14,0,70.0,,0,0.04039245983744048,0.023024778930213596,0.001631550811719242,0.0005301404447852079,64.67621972656252,2.6686434395848737,"ECMWF:0.15,GFS:0.15,HRRR:0.40,NBM:0.30",OPEN,YES,-3.1200000000000028
56315,KXHIGHCHI-26MAY14-B62.5,2026-05-14 22:44:47.583730+00:00,KMDW,2026-05-14,0,62.0,64.0,0,0.01,0.2420123925978625,0.0001,0.05856999817094193,64.67621972656252,2.6686434395848737,"ECMWF:0.15,GFS:0.15,HRRR:0.40,NBM:0.30",OPEN,YES,-19.990000000000016
56314,KXHIGHCHI-26MAY14-B66.5,2026-05-14 22:44:46.992837+00:00,KMDW,2026-05-14,0,66.0,68.0,0,0.4792698745791667,0.20345455844136695,0.22969961267913017,0.0413937573505716,64.67621972656252,2.6686434395848737,"ECMWF:0.15,GFS:0.15,HRRR:0.40,NBM:0.30",OPEN,YES,-19.990000000000016
56313,KXHIGHCHI-26MAY14-B68.5,2026-05-14 22:44:46.428545+00:00,KMDW,2026-05-14,0,68.0,70.0,0,0.050081667970854706,0.08345027023910734,0.002508173466742934,0.006963947602980044,64.67621972656252,2.6686434395848737,"ECMWF:0.15,GFS:0.15,HRRR:0.40,NBM:0.30",OPEN,YES,-18.380000000000013
56312,KXHIGHCHI-26MAY14-B64.5,2026-05-14 22:44:45.811760+00:00,KMDW,2026-05-14,0,64.0,66.0,1,0.4286196297593302,0.2900887263619094,0.3264755274963649,0.503974016438456,64.67621972656252,2.6686434395848737,"ECMWF:0.15,GFS:0.15,HRRR:0.40,NBM:0.30",SKIP,NO,
56311,KXHIGHCHI-26MAY14-T62,2026-05-14 22:44:45.142954+00:00,KMDW,2026-05-14,0,,62.0,0,0.01,0.1579692734295402,0.0001,0.024954291347856837,64.67621972656252,2.6686434395848737,"ECMWF:0.15,GFS:0.15,HRRR:0.40,NBM:0.30",OPEN,YES,-19.990000000000016
56310,KXHIGHCHI-26MAY14-T69,2026-05-14 22:44:44.541413+00:00,KMDW,2026-05-14,0,70.0,,0,0.040384822553531305,0.023024778930213596,0.0016309338926802108,0.0005301404447852079,64.67621972656252,2.6686434395848737,"ECMWF:0.15,GFS:0.15,HRRR:0.40,NBM:0.30",OPEN,YES,-3.1200000000000028
56278,KXHIGHCHI-26MAY14-B62.5,2026-05-14 22:39:23.954981+00:00,KMDW,2026-05-14,0,62.0,64.0,0,0.01,0.2420123925978625,0.0001,0.05856999817094193,64.67621972656252,2.6686434395848737,"ECMWF:0.15,GFS:0.15,HRRR:0.40,NBM:0.30",OPEN,YES,-19.990000000000016
56277,KXHIGHCHI-26MAY14-B68.5,2026-05-14 22:39:23.372574+00:00,KMDW,2026-05-14,0,68.0,70.0,0,0.05007251267691585,0.08345027023910734,0.0025072565257798986,0.006963947602980044,64.67621972656252,2.6686434395848737,"ECMWF:0.15,GFS:0.15,HRRR:0.40,NBM:0.30",OPEN,YES,-18.380000000000013
56276,KXHIGHCHI-26MAY14-B64.5,2026-05-14 22:39:22.779451+00:00,KMDW,2026-05-14,0,64.0,66.0,1,0.4287682488439578,0.2900887263619094,0.3263057135287985,0.503974016438456,64.67621972656252,2.6686434395848737,"ECMWF:0.15,GFS:0.15,HRRR:0.40,NBM:0.30",SKIP,NO,
56275,KXHIGHCHI-26MAY14-T62,2026-05-14 22:39:22.141837+00:00,KMDW,2026-05-14,0,,62.0,0,0.01,0.1579692734295402,0.0001,0.024954291347856837,64.67621972656252,2.6686434395848737,"ECMWF:0.15,GFS:0.15,HRRR:0.40,NBM:0.30",OPEN,YES,-19.990000000000016
56274,KXHIGHCHI-26MAY14-B66.5,2026-05-14 22:39:21.554855+00:00,KMDW,2026-05-14,0,66.0,68.0,0,0.47913788119907497,0.20345455844136695,0.22957310919993887,0.0413937573505716,64.67621972656252,2.6686434395848737,"ECMWF:0.15,GFS:0.15,HRRR:0.40,NBM:0.30",OPEN,YES,-19.990000000000016
56273,KXHIGHCHI-26MAY14-T69,2026-05-14 22:39:20.987068+00:00,KMDW,2026-05-14,0,70.0,,0,0.04037735214293429,0.023024778930213596,0.00163033056607452,0.0005301404447852079,64.67621972656252,2.6686434395848737,"ECMWF:0.15,GFS:0.15,HRRR:0.40,NBM:0.30",OPEN,YES,-3.1200000000000028
56243,KXHIGHCHI-26MAY14-B62.5,2026-05-14 22:33:53.900487+00:00,KMDW,2026-05-14,0,62.0,64.0,0,0.01,0.2420123925978625,0.0001,0.05856999817094193,64.67621972656252,2.6686434395848737,"ECMWF:0.15,GFS:0.15,HRRR:0.40,NBM:0.30",OPEN,YES,-19.990000000000016
56242,KXHIGHCHI-26MAY14-B68.5,2026-05-14 22:33:53.292150+00:00,KMDW,2026-05-14,0,68.0,70.0,0,0.05006312850728981,0.08345027023910734,0.002506316835937414,0.006963947602980044,64.67621972656252,2.6686434395848737,"ECMWF:0.15,GFS:0.15,HRRR:0.40,NBM:0.30",OPEN,YES,-18.380000000000013
56241,KXHIGHCHI-26MAY14-B64.5,2026-05-14 22:33:52.665001+00:00,KMDW,2026-05-14,0,64.0,66.0,1,0.42892082544778826,0.2900887263619094,0.32613142360723546,0.503974016438456,64.67621972656252,2.6686434395848737,"ECMWF:0.15,GFS:0.15,HRRR:0.40,NBM:0.30",SKIP,NO,
56240,KXHIGHCHI-26MAY14-T62,2026-05-14 22:33:52.010473+00:00,KMDW,2026-05-14,0,,62.0,0,0.01,0.1579692734295402,0.0001,0.024954291347856837,64.67621972656252,2.6686434395848737,"ECMWF:0.15,GFS:0.15,HRRR:0.40,NBM:0.30",OPEN,YES,-19.990000000000016
56239,KXHIGHCHI-26MAY14-B66.5,2026-05-14 22:33:51.436939+00:00,KMDW,2026-05-14,0,66.0,68.0,0,0.4790023459302967,0.20345455844136695,0.22944324740672764,0.0413937573505716,64.67621972656252,2.6686434395848737,"ECMWF:0.15,GFS:0.15,HRRR:0.40,NBM:0.30",OPEN,YES,-19.990000000000016
56238,KXHIGHCHI-26MAY14-T69,2026-05-14 22:33:50.882335+00:00,KMDW,2026-05-14,0,70.0,,0,0.04036969497750812,0.023024778930213596,0.0016297122725770444,0.0005301404447852079,64.67621972656252,2.6686434395848737,"ECMWF:0.15,GFS:0.15,HRRR:0.40,NBM:0.30",OPEN,YES,-3.1200000000000028
56206,KXHIGHCHI-26MAY14-B62.5,2026-05-14 22:28:22.662715+00:00,KMDW,2026-05-14,0,62.0,64.0,0,0.01,0.2420123925978625,0.0001,0.05856999817094193,64.67621972656252,2.6686434395848737,"ECMWF:0.15,GFS:0.15,HRRR:0.40,NBM:0.30",OPEN,YES,-19.990000000000016
56205,KXHIGHCHI-26MAY14-B64.5,2026-05-14 22:28:22.043810+00:00,KMDW,2026-05-14,0,64.0,66.0,1,0.4290732168452649,0.2900887263619094,0.3259573917234139,0.503974016438456,64.67621972656252,2.6686434395848737,"ECMWF:0.15,GFS:0.15,HRRR:0.40,NBM:0.30",SKIP,NO,
56204,KXHIGHCHI-26MAY14-B68.5,2026-05-14 22:28:21.388910+00:00,KMDW,2026-05-14,0,68.0,70.0,0,0.05005377079023846,0.08345027023910734,0.002505379970321729,0.006963947602980044,64.67621972656252,2.6686434395848737,"ECMWF:0.15,GFS:0.15,HRRR:0.40,NBM:0.30",OPEN,YES,-18.380000000000013
56203,KXHIGHCHI-26MAY14-T62,2026-05-14 22:28:20.806957+00:00,KMDW,2026-05-14,0,,62.0,0,0.01,0.1579692734295402,0.0001,0.024954291347856837,64.67621972656252,2.6686434395848737,"ECMWF:0.15,GFS:0.15,HRRR:0.40,NBM:0.30",OPEN,YES,-19.990000000000016
56202,KXHIGHCHI-26MAY14-B66.5,2026-05-14 22:28:20.225460+00:00,KMDW,2026-05-14,0,66.0,68.0,0,0.4788669478308901,0.20345455844136695,0.22931355372487244,0.0413937573505716,64.67621972656252,2.6686434395848737,"ECMWF:0.15,GFS:0.15,HRRR:0.40,NBM:0.30",OPEN,YES,-19.990000000000016
56201,KXHIGHCHI-26MAY14-T69,2026-05-14 22:28:19.662072+00:00,KMDW,2026-05-14,0,70.0,,0,0.040362059396489444,0.023024778930213596,0.0016290958387257417,0.0005301404447852079,64.67621972656252,2.6686434395848737,"ECMWF:0.15,GFS:0.15,HRRR:0.40,NBM:0.30",OPEN,YES,-3.1200000000000028
56170,KXHIGHCHI-26MAY14-B62.5,2026-05-14 22:22:53.665036+00:00,KMDW,2026-05-14,0,62.0,64.0,0,0.01,0.2420123925978625,0.0001,0.05856999817094193,64.67621972656252,2.6686434395848737,"ECMWF:0.15,GFS:0.15,HRRR:0.40,NBM:0.30",OPEN,YES,-19.990000000000016
56169,KXHIGHCHI-26MAY14-B68.5,2026-05-14 22:22:53.079974+00:00,KMDW,2026-05-14,0,68.0,70.0,0,0.05004446192523274,0.08345027023910734,0.0025044481693860697,0.006963947602980044,64.67621972656252,2.6686434395848737,"ECMWF:0.15,GFS:0.15,HRRR:0.40,NBM:0.30",OPEN,YES,-18.380000000000013
56168,KXHIGHCHI-26MAY14-T62,2026-05-14 22:22:52.460834+00:00,KMDW,2026-05-14,0,,62.0,0,0.01,0.1579692734295402,0.0001,0.024954291347856837,64.67621972656252,2.6686434395848737,"ECMWF:0.15,GFS:0.15,HRRR:0.40,NBM:0.30",OPEN,YES,-19.990000000000016
56167,KXHIGHCHI-26MAY14-B64.5,2026-05-14 22:22:51.856368+00:00,KMDW,2026-05-14,0,64.0,66.0,1,0.4292250560904219,0.2900887263619094,0.3257840365949821,0.503974016438456,64.67621972656252,2.6686434395848737,"ECMWF:0.15,GFS:0.15,HRRR:0.40,NBM:0.30",SKIP,NO,
56166,KXHIGHCHI-26MAY14-B66.5,2026-05-14 22:22:51.232466+00:00,KMDW,2026-05-14,0,66.0,68.0,0,0.47873201317013864,0.20345455844136695,0.2291843404339338,0.0413937573505716,64.67621972656252,2.6686434395848737,"ECMWF:0.15,GFS:0.15,HRRR:0.40,NBM:0.30",OPEN,YES,-19.990000000000016
56165,KXHIGHCHI-26MAY14-T69,2026-05-14 22:22:50.657073+00:00,KMDW,2026-05-14,0,70.0,,0,0.04035446367708965,0.023024778930213596,0.0016284827386655479,0.0005301404447852079,64.67621972656252,2.6686434395848737,"ECMWF:0.15,GFS:0.15,HRRR:0.40,NBM:0.30",OPEN,YES,-3.1200000000000028
56135,KXHIGHCHI-26MAY14-B62.5,2026-05-14 22:17:22.286386+00:00,KMDW,2026-05-14,0,62.0,64.0,0,0.01,0.2420123925978625,0.0001,0.05856999817094193,64.67621972656252,2.6686434395848737,"ECMWF:0.15,GFS:0.15,HRRR:0.40,NBM:0.30",OPEN,YES,-19.990000000000016
56134,KXHIGHCHI-26MAY14-B68.5,2026-05-14 22:17:21.689993+00:00,KMDW,2026-05-14,0,68.0,70.0,0,0.05003506888545942,0.08345027023910734,0.0025035081183726695,0.006963947602980044,64.67621972656252,2.6686434395848737,"ECMWF:0.15,GFS:0.15,HRRR:0.40,NBM:0.30",OPEN,YES,-18.380000000000013
56133,KXHIGHCHI-26MAY14-T62,2026-05-14 22:17:21.083859+00:00,KMDW,2026-05-14,0,,62.0,0,0.01,0.1579692734295402,0.0001,0.024954291347856837,64.67621972656252,2.6686434395848737,"ECMWF:0.15,GFS:0.15,HRRR:0.40,NBM:0.30",OPEN,YES,-19.990000000000016
56132,KXHIGHCHI-26MAY14-B66.5,2026-05-14 22:17:20.494609+00:00,KMDW,2026-05-14,0,66.0,68.0,0,0.47859561150390617,0.20345455844136695,0.2290537593507979,0.0413937573505716,64.67621972656252,2.6686434395848737,"ECMWF:0.15,GFS:0.15,HRRR:0.40,NBM:0.30",OPEN,YES,-20.000000000000018
56131,KXHIGHCHI-26MAY14-B64.5,2026-05-14 22:17:19.915887+00:00,KMDW,2026-05-14,0,64.0,66.0,1,0.42937851519959414,0.2900887263619094,0.3256088789158198,0.503974016438456,64.67621972656252,2.6686434395848737,"ECMWF:0.15,GFS:0.15,HRRR:0.40,NBM:0.30",SKIP,NO,
56130,KXHIGHCHI-26MAY14-T69,2026-05-14 22:17:19.269207+00:00,KMDW,2026-05-14,0,70.0,,0,0.040346799273923185,0.023024778930213596,0.0016278642116502485,0.0005301404447852079,64.67621972656252,2.6686434395848737,"ECMWF:0.15,GFS:0.15,HRRR:0.40,NBM:0.30",OPEN,YES,-3.1200000000000028
56099,KXHIGHCHI-26MAY14-B62.5,2026-05-14 22:11:58.990965+00:00,KMDW,2026-05-14,0,62.0,64.0,0,0.01,0.2420123925978625,0.0001,0.05856999817094193,64.67621972656252,2.6686434395848737,"ECMWF:0.15,GFS:0.15,HRRR:0.40,NBM:0.30",OPEN,YES,-19.990000000000016
56098,KXHIGHCHI-26MAY14-B68.5,2026-05-14 22:11:58.397280+00:00,KMDW,2026-05-14,0,68.0,70.0,0,0.05002593885817401,0.08345027023910734,0.0025025945586417643,0.006963947602980044,64.67621972656252,2.6686434395848737,"ECMWF:0.15,GFS:0.15,HRRR:0.40,NBM:0.30",OPEN,YES,-18.380000000000013
56097,KXHIGHCHI-26MAY14-T62,2026-05-14 22:11:57.790464+00:00,KMDW,2026-05-14,0,,62.0,0,0.01,0.1579692734295402,0.0001,0.024954291347856837,64.67621972656252,2.6686434395848737,"ECMWF:0.15,GFS:0.15,HRRR:0.40,NBM:0.30",OPEN,YES,-19.990000000000016
56096,KXHIGHCHI-26MAY14-T69,2026-05-14 22:11:57.148511+00:00,KMDW,2026-05-14,0,70.0,,0,0.040339349480062056,0.023024778930213596,0.001627263116474583,0.0005301404447852079,64.67621972656252,2.6686434395848737,"ECMWF:0.15,GFS:0.15,HRRR:0.40,NBM:0.30",OPEN,YES,-3.1200000000000028
56095,KXHIGHCHI-26MAY14-B66.5,2026-05-14 22:11:56.548851+00:00,KMDW,2026-05-14,0,66.0,68.0,0,0.47846279076828097,0.20345455844136695,0.22892664214977182,0.0413937573505716,64.67621972656252,2.6686434395848737,"ECMWF:0.15,GFS:0.15,HRRR:0.40,NBM:0.30",OPEN,YES,-19.980000000000018
56094,KXHIGHCHI-26MAY14-B64.5,2026-05-14 22:11:55.985500+00:00,KMDW,2026-05-14,0,64.0,66.0,1,0.4295279157563659,0.2900887263619094,0.325438398901276,0.503974016438456,64.67621972656252,2.6686434395848737,"ECMWF:0.15,GFS:0.15,HRRR:0.40,NBM:0.30",SKIP,NO,
56062,KXHIGHCHI-26MAY14-B62.5,2026-05-14 22:06:26.271926+00:00,KMDW,2026-05-14,0,62.0,64.0,0,0.01,0.2420123925978625,0.0001,0.05856999817094193,64.67621972656252,2.6686434395848737,"ECMWF:0.15,GFS:0.15,HRRR:0.40,NBM:0.30",OPEN,YES,-19.990000000000016
56061,KXHIGHCHI-26MAY14-B68.5,2026-05-14 22:06:25.691920+00:00,KMDW,2026-05-14,0,68.0,70.0,0,0.050016570121732586,0.08345027023910734,0.002501657286742193,0.006963947602980044,64.67621972656252,2.6686434395848737,"ECMWF:0.15,GFS:0.15,HRRR:0.40,NBM:0.30",OPEN,YES,-18.380000000000013
56060,KXHIGHCHI-26MAY14-B66.5,2026-05-14 22:06:25.111225+00:00,KMDW,2026-05-14,0,66.0,68.0,0,0.478326252245286,0.20345455844136695,0.22879600358702099,0.0413937573505716,64.67621972656252,2.6686434395848737,"ECMWF:0.15,GFS:0.15,HRRR:0.40,NBM:0.30",OPEN,YES,-19.960000000000015
56059,KXHIGHCHI-26MAY14-T62,2026-05-14 22:06:24.543965+00:00,KMDW,2026-05-14,0,,62.0,0,0.01,0.1579692734295402,0.0001,0.024954291347856837,64.67621972656252,2.6686434395848737,"ECMWF:0.15,GFS:0.15,HRRR:0.40,NBM:0.30",OPEN,YES,-19.990000000000016
56058,KXHIGHCHI-26MAY14-B64.5,2026-05-14 22:06:23.896464+00:00,KMDW,2026-05-14,0,64.0,66.0,1,0.45968943110335825,0.2900887263619094,0.2919355108614127,0.503974016438456,64.67621972656252,2.6686434395848737,"ECMWF:0.15,GFS:0.15,HRRR:0.40,NBM:0.30",SKIP,NO,
56057,KXHIGHCHI-26MAY14-T69,2026-05-14 22:06:23.263541+00:00,KMDW,2026-05-14,0,70.0,,0,0.040331704907593226,0.023024778930213596,0.0016266464207531795,0.0005301404447852079,64.67621972656252,2.6686434395848737,"ECMWF:0.15,GFS:0.15,HRRR:0.40,NBM:0.30",OPEN,YES,-3.1200000000000028
56028,KXHIGHCHI-26MAY14-B62.5,2026-05-14 22:01:04.123800+00:00,KMDW,2026-05-14,0,62.0,64.0,0,0.01,0.2420123925978625,0.0001,0.05856999817094193,64.67621972656252,2.6686434395848737,"ECMWF:0.15,GFS:0.15,HRRR:0.40,NBM:0.30",OPEN,YES,-19.990000000000016
56027,KXHIGHCHI-26MAY14-B68.5,2026-05-14 22:01:03.502950+00:00,KMDW,2026-05-14,0,68.0,70.0,0,0.0883549409136475,0.08345027023910734,0.007806595583854141,0.006963947602980044,64.67621972656252,2.6686434395848737,"ECMWF:0.15,GFS:0.15,HRRR:0.40,NBM:0.30",OPEN,YES,-18.380000000000013
56026,KXHIGHCHI-26MAY14-T69,2026-05-14 22:01:02.906651+00:00,KMDW,2026-05-14,0,70.0,,0,0.043898731555773216,0.023024778930213596,0.001927098632205839,0.0005301404447852079,64.67621972656252,2.6686434395848737,"ECMWF:0.15,GFS:0.15,HRRR:0.40,NBM:0.30",OPEN,YES,-3.1200000000000028
56025,KXHIGHCHI-26MAY14-T62,2026-05-14 22:01:02.313991+00:00,KMDW,2026-05-14,0,,62.0,0,0.01,0.1579692734295402,0.0001,0.024954291347856837,64.67621972656252,2.6686434395848737,"ECMWF:0.15,GFS:0.15,HRRR:0.40,NBM:0.30",OPEN,YES,-19.990000000000016
56024,KXHIGHCHI-26MAY14-B66.5,2026-05-14 22:01:01.720902+00:00,KMDW,2026-05-14,0,66.0,68.0,0,0.4700214174101505,0.20345455844136695,0.22092013282424694,0.0413937573505716,64.67621972656252,2.6686434395848737,"ECMWF:0.15,GFS:0.15,HRRR:0.40,NBM:0.30",OPEN,YES,-19.929999999999993
56023,KXHIGHCHI-26MAY14-B64.5,2026-05-14 22:01:01.141688+00:00,KMDW,2026-05-14,0,64.0,66.0,1,0.3554923644599008,0.2900887263619094,0.4153900922694893,0.503974016438456,64.67621972656252,2.6686434395848737,"ECMWF:0.15,GFS:0.15,HRRR:0.40,NBM:0.30",SKIP,NO,
55992,KXHIGHCHI-26MAY14-B68.5,2026-05-14 21:55:39.372140+00:00,KMDW,2026-05-14,0,68.0,70.0,0,0.08927323706197247,0.1273513434932536,0.007969710855523136,0.01621836468953667,65.48000146484378,2.6686434395848737,"ECMWF:0.15,GFS:0.15,HRRR:0.40,NBM:0.30",OPEN,YES,-19.990000000000016
55991,KXHIGHCHI-26MAY14-B62.5,2026-05-14 21:55:38.798931+00:00,KMDW,2026-05-14,0,62.0,64.0,0,0.01,0.1934767424557426,0.0001,0.03743324987128575,65.48000146484378,2.6686434395848737,"ECMWF:0.15,GFS:0.15,HRRR:0.40,NBM:0.30",OPEN,YES,-19.990000000000016
55990,KXHIGHCHI-26MAY14-B66.5,2026-05-14 21:55:38.152568+00:00,KMDW,2026-05-14,0,66.0,68.0,0,0.46949040060922625,0.2502449060382468,0.22042123626421176,0.06262251299809096,65.48000146484378,2.6686434395848737,"ECMWF:0.15,GFS:0.15,HRRR:0.40,NBM:0.30",OPEN,YES,-19.99
55989,KXHIGHCHI-26MAY14-B64.5,2026-05-14 21:55:37.599571+00:00,KMDW,2026-05-14,0,64.0,66.0,1,0.3550676338523243,0.28765901319958576,0.41593775690483964,0.5074296814757879,65.48000146484378,2.6686434395848737,"ECMWF:0.15,GFS:0.15,HRRR:0.40,NBM:0.30",SKIP,NO,
55988,KXHIGHCHI-26MAY14-T69,2026-05-14 21:55:36.971798+00:00,KMDW,2026-05-14,0,70.0,,0,0.043936182815948945,0.04515697969054955,0.0019303881604364873,0.0020391528147727044,65.48000146484378,2.6686434395848737,"ECMWF:0.15,GFS:0.15,HRRR:0.40,NBM:0.30",OPEN,YES,-8.700000000000008
55987,KXHIGHCHI-26MAY14-T62,2026-05-14 21:55:36.384847+00:00,KMDW,2026-05-14,0,,62.0,0,0.01,0.09611101512262171,0.0001,0.00923732722790082,65.48000146484378,2.6686434395848737,"ECMWF:0.15,GFS:0.15,HRRR:0.40,NBM:0.30",OPEN,YES,-19.990000000000016
55955,KXHIGHCHI-26MAY14-B68.5,2026-05-14 21:50:15.651225+00:00,KMDW,2026-05-14,0,68.0,70.0,0,0.08896187309917458,0.1273513434932536,0.007914214865313643,0.01621836468953667,65.48000146484378,2.6686434395848737,"ECMWF:0.15,GFS:0.15,HRRR:0.40,NBM:0.30",OPEN,YES,-19.990000000000016
55954,KXHIGHCHI-26MAY14-T69,2026-05-14 21:50:15.065901+00:00,KMDW,2026-05-14,0,70.0,,0,0.043923463911896984,0.04515697969054955,0.0019292706820197168,0.0020391528147727044,65.48000146484378,2.6686434395848737,"ECMWF:0.15,GFS:0.15,HRRR:0.40,NBM:0.30",OPEN,YES,-8.700000000000008
55953,KXHIGHCHI-26MAY14-B62.5,2026-05-14 21:50:14.460062+00:00,KMDW,2026-05-14,0,62.0,64.0,0,0.01,0.1934767424557426,0.0001,0.03743324987128575,65.48000146484378,2.6686434395848737,"ECMWF:0.15,GFS:0.15,HRRR:0.40,NBM:0.30",OPEN,YES,-19.990000000000016
55952,KXHIGHCHI-26MAY14-B64.5,2026-05-14 21:50:13.827693+00:00,KMDW,2026-05-14,0,64.0,66.0,1,0.3552116550777214,0.28765901319958576,0.4157520097476114,0.5074296814757879,65.48000146484378,2.6686434395848737,"ECMWF:0.15,GFS:0.15,HRRR:0.40,NBM:0.30",SKIP,NO,
55951,KXHIGHCHI-26MAY14-B66.5,2026-05-14 21:50:13.144359+00:00,KMDW,2026-05-14,0,66.0,68.0,0,0.46967046225067904,0.2502449060382468,0.22059034311076653,0.06262251299809096,65.48000146484378,2.6686434395848737,"ECMWF:0.15,GFS:0.15,HRRR:0.40,NBM:0.30",OPEN,YES,-19.91999999999999
55950,KXHIGHCHI-26MAY14-T62,2026-05-14 21:50:12.574476+00:00,KMDW,2026-05-14,0,,62.0,0,0.01,0.09611101512262171,0.0001,0.00923732722790082,65.48000146484378,2.6686434395848737,"ECMWF:0.15,GFS:0.15,HRRR:0.40,NBM:0.30",OPEN,YES,-19.990000000000016
55918,KXHIGHCHI-26MAY14-B68.5,2026-05-14 21:44:39.900613+00:00,KMDW,2026-05-14,0,68.0,70.0,0,0.08863948704075399,0.1273513434932536,0.007856958662847994,0.01621836468953667,65.48000146484378,2.6686434395848737,"ECMWF:0.15,GFS:0.15,HRRR:0.40,NBM:0.30",OPEN,YES,-19.990000000000016
55917,KXHIGHCHI-26MAY14-B62.5,2026-05-14 21:44:39.310008+00:00,KMDW,2026-05-14,0,62.0,64.0,0,0.01,0.1934767424557426,0.0001,0.03743324987128575,65.48000146484378,2.6686434395848737,"ECMWF:0.15,GFS:0.15,HRRR:0.40,NBM:0.30",OPEN,YES,-19.990000000000016
55916,KXHIGHCHI-26MAY14-B66.5,2026-05-14 21:44:38.727638+00:00,KMDW,2026-05-14,0,66.0,68.0,0,0.4698568856940216,0.2502449060382468,0.2207654930340849,0.06262251299809096,65.48000146484378,2.6686434395848737,"ECMWF:0.15,GFS:0.15,HRRR:0.40,NBM:0.30",OPEN,YES,-19.99
55915,KXHIGHCHI-26MAY14-B64.5,2026-05-14 21:44:38.153279+00:00,KMDW,2026-05-14,0,64.0,66.0,1,0.3553607647522546,0.28765901319958576,0.4155597436207981,0.5074296814757879,65.48000146484378,2.6686434395848737,"ECMWF:0.15,GFS:0.15,HRRR:0.40,NBM:0.30",SKIP,NO,
55914,KXHIGHCHI-26MAY14-T62,2026-05-14 21:44:37.482196+00:00,KMDW,2026-05-14,0,,62.0,0,0.01,0.09611101512262171,0.0001,0.00923732722790082,65.48000146484378,2.6686434395848737,"ECMWF:0.15,GFS:0.15,HRRR:0.40,NBM:0.30",OPEN,YES,-19.990000000000016
55913,KXHIGHCHI-26MAY14-T69,2026-05-14 21:44:36.869484+00:00,KMDW,2026-05-14,0,70.0,,0,0.043910316852441775,0.04515697969054955,0.001928115926081832,0.0020391528147727044,65.48000146484378,2.6686434395848737,"ECMWF:0.15,GFS:0.15,HRRR:0.40,NBM:0.30",OPEN,YES,-8.700000000000008
55882,KXHIGHCHI-26MAY14-B68.5,2026-05-14 21:39:13.774430+00:00,KMDW,2026-05-14,0,68.0,70.0,0,0.08832471982808032,0.1273513434932536,0.007801256132708885,0.01621836468953667,65.48000146484378,2.6686434395848737,"ECMWF:0.15,GFS:0.15,HRRR:0.40,NBM:0.30",OPEN,YES,-19.990000000000016
55881,KXHIGHCHI-26MAY14-B62.5,2026-05-14 21:39:13.176500+00:00,KMDW,2026-05-14,0,62.0,64.0,0,0.01,0.1934767424557426,0.0001,0.03743324987128575,65.48000146484378,2.6686434395848737,"ECMWF:0.15,GFS:0.15,HRRR:0.40,NBM:0.30",OPEN,YES,-19.990000000000016
55880,KXHIGHCHI-26MAY14-B66.5,2026-05-14 21:39:12.540765+00:00,KMDW,2026-05-14,0,66.0,68.0,0,0.47003889143129957,0.2502449060382468,0.22093655945796503,0.06262251299809096,65.48000146484378,2.6686434395848737,"ECMWF:0.15,GFS:0.15,HRRR:0.40,NBM:0.30",OPEN,YES,-19.929999999999993
55879,KXHIGHCHI-26MAY14-B64.5,2026-05-14 21:39:11.972361+00:00,KMDW,2026-05-14,0,64.0,66.0,1,0.35550634095105244,0.28765901319958576,0.41537207655430114,0.5074296814757879,65.48000146484378,2.6686434395848737,"ECMWF:0.15,GFS:0.15,HRRR:0.40,NBM:0.30",SKIP,NO,
55878,KXHIGHCHI-26MAY14-T62,2026-05-14 21:39:11.301181+00:00,KMDW,2026-05-14,0,,62.0,0,0.01,0.09611101512262171,0.0001,0.00923732722790082,65.48000146484378,2.6686434395848737,"ECMWF:0.15,GFS:0.15,HRRR:0.40,NBM:0.30",OPEN,YES,-19.990000000000016
55877,KXHIGHCHI-26MAY14-T69,2026-05-14 21:39:10.673947+00:00,KMDW,2026-05-14,0,70.0,,0,0.04389750212903968,0.04515697969054955,0.0019269906931690432,0.0020391528147727044,65.48000146484378,2.6686434395848737,"ECMWF:0.15,GFS:0.15,HRRR:0.40,NBM:0.30",OPEN,YES,-8.700000000000008
55849,KXHIGHCHI-26MAY14-B68.5,2026-05-14 21:33:50.695544+00:00,KMDW,2026-05-14,0,68.0,70.0,0,0.0880115316072472,0.1273513434932536,0.007746029695853473,0.01621836468953667,65.48000146484378,2.6686434395848737,"ECMWF:0.15,GFS:0.15,HRRR:0.40,NBM:0.30",OPEN,YES,-19.990000000000016
55848,KXHIGHCHI-26MAY14-B66.5,2026-05-14 21:33:50.099832+00:00,KMDW,2026-05-14,0,66.0,68.0,0,0.4702199723947222,0.2502449060382468,0.2211068224388933,0.06262251299809096,65.48000146484378,2.6686434395848737,"ECMWF:0.15,GFS:0.15,HRRR:0.40,NBM:0.30",OPEN,YES,-19.980000000000018
55847,KXHIGHCHI-26MAY14-B62.5,2026-05-14 21:33:49.506152+00:00,KMDW,2026-05-14,0,62.0,64.0,0,0.01,0.1934767424557426,0.0001,0.03743324987128575,65.48000146484378,2.6686434395848737,"ECMWF:0.15,GFS:0.15,HRRR:0.40,NBM:0.30",OPEN,YES,-19.990000000000016
55846,KXHIGHCHI-26MAY14-B64.5,2026-05-14 21:33:48.909589+00:00,KMDW,2026-05-14,0,64.0,66.0,1,0.35565117747502156,0.28765901319958576,0.4151854050893262,0.5074296814757879,65.48000146484378,2.6686434395848737,"ECMWF:0.15,GFS:0.15,HRRR:0.40,NBM:0.30",SKIP,NO,
55845,KXHIGHCHI-26MAY14-T69,2026-05-14 21:33:48.257058+00:00,KMDW,2026-05-14,0,70.0,,0,0.04388477286248108,0.04515697969054955,0.001925873289191556,0.0020391528147727044,65.48000146484378,2.6686434395848737,"ECMWF:0.15,GFS:0.15,HRRR:0.40,NBM:0.30",OPEN,YES,-8.700000000000008
55844,KXHIGHCHI-26MAY14-T62,2026-05-14 21:33:47.669859+00:00,KMDW,2026-05-14,0,,62.0,0,0.01,0.09611101512262171,0.0001,0.00923732722790082,65.48000146484378,2.6686434395848737,"ECMWF:0.15,GFS:0.15,HRRR:0.40,NBM:0.30",OPEN,YES,-19.990000000000016
55812,KXHIGHCHI-26MAY14-B68.5,2026-05-14 21:28:18.369163+00:00,KMDW,2026-05-14,0,68.0,70.0,0,0.08769109382395011,0.1273513434932536,0.007689727936040822,0.01621836468953667,65.48000146484378,2.6686434395848737,"ECMWF:0.15,GFS:0.15,HRRR:0.40,NBM:0.30",OPEN,YES,-19.990000000000016
55811,KXHIGHCHI-26MAY14-B62.5,2026-05-14 21:28:17.741269+00:00,KMDW,2026-05-14,0,62.0,64.0,0,0.01,0.1934767424557426,0.0001,0.03743324987128575,65.48000146484378,2.6686434395848737,"ECMWF:0.15,GFS:0.15,HRRR:0.40,NBM:0.30",OPEN,YES,-19.990000000000016
55810,KXHIGHCHI-26MAY14-T69,2026-05-14 21:28:17.111900+00:00,KMDW,2026-05-14,0,70.0,,0,0.04387177075834129,0.04515697969054955,0.00192473226947245,0.0020391528147727044,65.48000146484378,2.6686434395848737,"ECMWF:0.15,GFS:0.15,HRRR:0.40,NBM:0.30",OPEN,YES,-8.700000000000008
55809,KXHIGHCHI-26MAY14-B64.5,2026-05-14 21:28:16.491420+00:00,KMDW,2026-05-14,0,64.0,66.0,1,0.35579935692570247,0.28765901319958576,0.4149944685373384,0.5074296814757879,65.48000146484378,2.6686434395848737,"ECMWF:0.15,GFS:0.15,HRRR:0.40,NBM:0.30",SKIP,NO,
55808,KXHIGHCHI-26MAY14-B66.5,2026-05-14 21:28:15.827106+00:00,KMDW,2026-05-14,0,66.0,68.0,0,0.47040523283147806,0.2502449060382468,0.22128108307523708,0.06262251299809096,65.48000146484378,2.6686434395848737,"ECMWF:0.15,GFS:0.15,HRRR:0.40,NBM:0.30",OPEN,YES,-19.950000000000017
55807,KXHIGHCHI-26MAY14-T62,2026-05-14 21:28:15.241288+00:00,KMDW,2026-05-14,0,,62.0,0,0.01,0.09611101512262171,0.0001,0.00923732722790082,65.48000146484378,2.6686434395848737,"ECMWF:0.15,GFS:0.15,HRRR:0.40,NBM:0.30",OPEN,YES,-19.990000000000016
55777,KXHIGHCHI-26MAY14-B68.5,2026-05-14 21:22:45.045447+00:00,KMDW,2026-05-14,0,68.0,70.0,0,0.08736833731398165,0.1273513434932536,0.007633226365009679,0.01621836468953667,65.48000146484378,2.6686434395848737,"ECMWF:0.15,GFS:0.15,HRRR:0.40,NBM:0.30",OPEN,YES,-19.990000000000016
55776,KXHIGHCHI-26MAY14-B62.5,2026-05-14 21:22:44.425543+00:00,KMDW,2026-05-14,0,62.0,64.0,0,0.01,0.1934767424557426,0.0001,0.03743324987128575,65.48000146484378,2.6686434395848737,"ECMWF:0.15,GFS:0.15,HRRR:0.40,NBM:0.30",OPEN,YES,-19.990000000000016
55775,KXHIGHCHI-26MAY14-B64.5,2026-05-14 21:22:43.822259+00:00,KMDW,2026-05-14,0,64.0,66.0,1,0.3559485987291916,0.28765901319958576,0.41480220747889185,0.5074296814757879,65.48000146484378,2.6686434395848737,"ECMWF:0.15,GFS:0.15,HRRR:0.40,NBM:0.30",SKIP,NO,
55774,KXHIGHCHI-26MAY14-B66.5,2026-05-14 21:22:43.156303+00:00,KMDW,2026-05-14,0,66.0,68.0,0,0.4705918214682263,0.2502449060382468,0.22145666243278297,0.06262251299809096,65.48000146484378,2.6686434395848737,"ECMWF:0.15,GFS:0.15,HRRR:0.40,NBM:0.30",OPEN,YES,-19.980000000000018
55773,KXHIGHCHI-26MAY14-T69,2026-05-14 21:22:42.586741+00:00,KMDW,2026-05-14,0,70.0,,0,0.04385869682807246,0.04515697969054955,0.0019235852874567732,0.0020391528147727044,65.48000146484378,2.6686434395848737,"ECMWF:0.15,GFS:0.15,HRRR:0.40,NBM:0.30",OPEN,YES,-8.700000000000008
55772,KXHIGHCHI-26MAY14-T62,2026-05-14 21:22:41.982970+00:00,KMDW,2026-05-14,0,,62.0,0,0.01,0.09611101512262171,0.0001,0.00923732722790082,65.48000146484378,2.6686434395848737,"ECMWF:0.15,GFS:0.15,HRRR:0.40,NBM:0.30",OPEN,YES,-19.990000000000016
55739,KXHIGHCHI-26MAY14-B68.5,2026-05-14 21:17:20.371308+00:00,KMDW,2026-05-14,0,68.0,70.0,0,0.08705544651192355,0.1273513434932536,0.007578650767390383,0.01621836468953667,65.48000146484378,2.6686434395848737,"ECMWF:0.15,GFS:0.15,HRRR:0.40,NBM:0.30",OPEN,YES,-19.990000000000016
55738,KXHIGHCHI-26MAY14-B62.5,2026-05-14 21:17:19.779299+00:00,KMDW,2026-05-14,0,62.0,64.0,0,0.01,0.1934767424557426,0.0001,0.03743324987128575,65.48000146484378,2.6686434395848737,"ECMWF:0.15,GFS:0.15,HRRR:0.40,NBM:0.30",OPEN,YES,-19.990000000000016
55737,KXHIGHCHI-26MAY14-B66.5,2026-05-14 21:17:19.177681+00:00,KMDW,2026-05-14,0,66.0,68.0,0,0.4707726948204436,0.2502449060382468,0.22162693018850252,0.06262251299809096,65.48000146484378,2.6686434395848737,"ECMWF:0.15,GFS:0.15,HRRR:0.40,NBM:0.30",OPEN,YES,-19.960000000000015
55736,KXHIGHCHI-26MAY14-B64.5,2026-05-14 21:17:18.591732+00:00,KMDW,2026-05-14,0,64.0,66.0,1,0.35609326919658146,0.28765901319958576,0.4146158779739461,0.5074296814757879,65.48000146484378,2.6686434395848737,"ECMWF:0.15,GFS:0.15,HRRR:0.40,NBM:0.30",SKIP,NO,
55735,KXHIGHCHI-26MAY14-T69,2026-05-14 21:17:17.914814+00:00,KMDW,2026-05-14,0,70.0,,0,0.043846043810523413,0.04515697969054955,0.0019224755578343385,0.0020391528147727044,65.48000146484378,2.6686434395848737,"ECMWF:0.15,GFS:0.15,HRRR:0.40,NBM:0.30",OPEN,YES,-8.700000000000008
55734,KXHIGHCHI-26MAY14-T62,2026-05-14 21:17:17.279127+00:00,KMDW,2026-05-14,0,,62.0,0,0.01,0.09611101512262171,0.0001,0.00923732722790082,65.48000146484378,2.6686434395848737,"ECMWF:0.15,GFS:0.15,HRRR:0.40,NBM:0.30",OPEN,YES,-19.990000000000016
55703,KXHIGHCHI-26MAY14-B68.5,2026-05-14 21:11:56.808709+00:00,KMDW,2026-05-14,0,68.0,70.0,0,0.08674237390442087,0.1273513434932536,0.007524239430574354,0.01621836468953667,65.48000146484378,2.6686434395848737,"ECMWF:0.15,GFS:0.15,HRRR:0.40,NBM:0.30",OPEN,YES,-19.990000000000016
55702,KXHIGHCHI-26MAY14-B62.5,2026-05-14 21:11:56.213292+00:00,KMDW,2026-05-14,0,62.0,64.0,0,0.01,0.1934767424557426,0.0001,0.03743324987128575,65.48000146484378,2.6686434395848737,"ECMWF:0.15,GFS:0.15,HRRR:0.40,NBM:0.30",OPEN,YES,-19.990000000000016
55701,KXHIGHCHI-26MAY14-B64.5,2026-05-14 21:11:55.627117+00:00,KMDW,2026-05-14,0,64.0,66.0,1,0.35623801442500097,0.28765901319958576,0.4144294940714652,0.5074296814757879,65.48000146484378,2.6686434395848737,"ECMWF:0.15,GFS:0.15,HRRR:0.40,NBM:0.30",SKIP,NO,
55700,KXHIGHCHI-26MAY14-T62,2026-05-14 21:11:54.997023+00:00,KMDW,2026-05-14,0,,62.0,0,0.01,0.09611101512262171,0.0001,0.00923732722790082,65.48000146484378,2.6686434395848737,"ECMWF:0.15,GFS:0.15,HRRR:0.40,NBM:0.30",OPEN,YES,-19.990000000000016
55699,KXHIGHCHI-26MAY14-B66.5,2026-05-14 21:11:54.373882+00:00,KMDW,2026-05-14,0,66.0,68.0,0,0.47095366164217317,0.2502449060382468,0.22179735141417053,0.06262251299809096,65.48000146484378,2.6686434395848737,"ECMWF:0.15,GFS:0.15,HRRR:0.40,NBM:0.30",OPEN,YES,-19.989999999999988
55698,KXHIGHCHI-26MAY14-T69,2026-05-14 21:11:53.792824+00:00,KMDW,2026-05-14,0,70.0,,0,0.04383340436787701,0.04515697969054955,0.0019213673384778196,0.0020391528147727044,65.48000146484378,2.6686434395848737,"ECMWF:0.15,GFS:0.15,HRRR:0.40,NBM:0.30",OPEN,YES,-8.700000000000008
55666,KXHIGHCHI-26MAY14-B68.5,2026-05-14 21:06:31.818609+00:00,KMDW,2026-05-14,0,68.0,70.0,0,0.08642818843110714,0.1273513434932536,0.007469831755482962,0.01621836468953667,65.48000146484378,2.6686434395848737,"ECMWF:0.15,GFS:0.15,HRRR:0.40,NBM:0.30",OPEN,YES,-19.990000000000016
55665,KXHIGHCHI-26MAY14-T62,2026-05-14 21:06:31.129153+00:00,KMDW,2026-05-14,0,,62.0,0,0.01,0.09611101512262171,0.0001,0.00923732722790082,65.48000146484378,2.6686434395848737,"ECMWF:0.15,GFS:0.15,HRRR:0.40,NBM:0.30",OPEN,YES,-19.990000000000016
55664,KXHIGHCHI-26MAY14-B62.5,2026-05-14 21:06:30.522583+00:00,KMDW,2026-05-14,0,62.0,64.0,0,0.01,0.1934767424557426,0.0001,0.03743324987128575,65.48000146484378,2.6686434395848737,"ECMWF:0.15,GFS:0.15,HRRR:0.40,NBM:0.30",OPEN,YES,-19.990000000000016
55663,KXHIGHCHI-26MAY14-B64.5,2026-05-14 21:06:29.938143+00:00,KMDW,2026-05-14,0,64.0,66.0,1,0.3563832648396505,0.28765901319958576,0.4142425017784674,0.5074296814757879,65.48000146484378,2.6686434395848737,"ECMWF:0.15,GFS:0.15,HRRR:0.40,NBM:0.30",SKIP,NO,
55662,KXHIGHCHI-26MAY14-B66.5,2026-05-14 21:06:29.294765+00:00,KMDW,2026-05-14,0,66.0,68.0,0,0.4711352600698455,0.2502449060382468,0.22196843328108098,0.06262251299809096,65.48000146484378,2.6686434395848737,"ECMWF:0.15,GFS:0.15,HRRR:0.40,NBM:0.30",OPEN,YES,-19.960000000000015
55661,KXHIGHCHI-26MAY14-T69,2026-05-14 21:06:28.713021+00:00,KMDW,2026-05-14,0,70.0,,0,0.043820740998868825,0.04515697969054955,0.0019202573416899431,0.0020391528147727044,65.48000146484378,2.6686434395848737,"ECMWF:0.15,GFS:0.15,HRRR:0.40,NBM:0.30",OPEN,YES,-8.700000000000008
55633,KXHIGHCHI-26MAY14-B62.5,2026-05-14 21:01:09.670459+00:00,KMDW,2026-05-14,0,62.0,64.0,0,0.01,0.1934767424557426,0.0001,0.03743324987128575,65.48000146484378,2.6686434395848737,"ECMWF:0.15,GFS:0.15,HRRR:0.40,NBM:0.30",OPEN,YES,-19.990000000000016
55632,KXHIGHCHI-26MAY14-B64.5,2026-05-14 21:01:09.078642+00:00,KMDW,2026-05-14,0,64.0,66.0,1,0.45369411229100814,0.28765901319958576,0.29845012294550965,0.5074296814757879,65.48000146484378,2.6686434395848737,"ECMWF:0.15,GFS:0.15,HRRR:0.40,NBM:0.30",SKIP,NO,
55631,KXHIGHCHI-26MAY14-B66.5,2026-05-14 21:01:08.431318+00:00,KMDW,2026-05-14,0,66.0,68.0,0,0.4780022903753352,0.2502449060382468,0.22848618960406628,0.06262251299809096,65.48000146484378,2.6686434395848737,"ECMWF:0.15,GFS:0.15,HRRR:0.40,NBM:0.30",OPEN,YES,-19.91999999999999
55630,KXHIGHCHI-26MAY14-T62,2026-05-14 21:01:07.844735+00:00,KMDW,2026-05-14,0,,62.0,0,0.01,0.09611101512262171,0.0001,0.00923732722790082,65.48000146484378,2.6686434395848737,"ECMWF:0.15,GFS:0.15,HRRR:0.40,NBM:0.30",OPEN,YES,-19.990000000000016
55629,KXHIGHCHI-26MAY14-T69,2026-05-14 21:01:07.250267+00:00,KMDW,2026-05-14,0,70.0,,0,0.04031362239396633,0.04515697969054955,0.0016251881505233037,0.0020391528147727044,65.48000146484378,2.6686434395848737,"ECMWF:0.15,GFS:0.15,HRRR:0.40,NBM:0.30",OPEN,YES,-8.700000000000008
55628,KXHIGHCHI-26MAY14-B68.5,2026-05-14 21:01:06.638034+00:00,KMDW,2026-05-14,0,68.0,70.0,0,0.049994409261193064,0.1273513434932536,0.002499440957375667,0.01621836468953667,65.48000146484378,2.6686434395848737,"ECMWF:0.15,GFS:0.15,HRRR:0.40,NBM:0.30",OPEN,YES,-19.990000000000016
55595,KXHIGHCHI-26MAY14-B64.5,2026-05-14 20:55:44.229690+00:00,KMDW,2026-05-14,0,64.0,66.0,1,0.42884839034828315,0.282474788715131,0.32621416120774716,0.5148424288293959,65.70845117187503,2.6686434395848737,"ECMWF:0.15,GFS:0.15,HRRR:0.40,NBM:0.30",SKIP,NO,
55594,KXHIGHCHI-26MAY14-B66.5,2026-05-14 20:55:43.671497+00:00,KMDW,2026-05-14,0,66.0,68.0,0,0.4790666941469165,0.2612475646472202,0.22950489744085523,0.0682502900341035,65.70845117187503,2.6686434395848737,"ECMWF:0.15,GFS:0.15,HRRR:0.40,NBM:0.30",OPEN,YES,-19.99
50974,KXHIGHCHI-26MAY14-B68.5,2026-05-14 04:56:33.119169+00:00,KMDW,2026-05-14,1,68.0,70.0,0,0.12590263671452348,0.1407066869380339,0.015851473931669274,0.019798371749077878,65.58850384521486,3.068923667415674,"ECMWF:0.35,GFS:0.30,NBM:0.35",OPEN,YES,-17.81999999999999
50973,KXHIGHCHI-26MAY14-B64.5,2026-05-14 04:56:32.476839+00:00,KMDW,2026-05-14,1,64.0,66.0,1,0.16700309858376236,0.25096685957116477,0.693883837769053,0.5610506454606833,65.58850384521486,3.068923667415674,"ECMWF:0.35,GFS:0.30,NBM:0.35",OPEN,NO,-19.599999999999998
50972,KXHIGHCHI-26MAY14-B62.5,2026-05-14 04:56:31.896647+00:00,KMDW,2026-05-14,1,62.0,64.0,0,0.22092676589355142,0.1812247553424945,0.04880863588818408,0.032842411948946985,65.58850384521486,3.068923667415674,"ECMWF:0.35,GFS:0.30,NBM:0.35",SKIP,NO,
50971,KXHIGHCHI-26MAY14-T62,2026-05-14 04:56:31.329256+00:00,KMDW,2026-05-14,1,,62.0,0,0.24194881290400713,0.12114064347363268,0.05853922806565825,0.014675055501205785,65.58850384521486,3.068923667415674,"ECMWF:0.35,GFS:0.30,NBM:0.35",SKIP,YES,
50970,KXHIGHCHI-26MAY14-T69,2026-05-14 04:56:30.752557+00:00,KMDW,2026-05-14,1,70.0,,0,0.18136808462673082,0.07529176212700261,0.03289438212116899,0.005668849444189146,65.58850384521486,3.068923667415674,"ECMWF:0.35,GFS:0.30,NBM:0.35",OPEN,YES,-5.760000000000005
50969,KXHIGHCHI-26MAY14-B66.5,2026-05-14 04:56:30.157191+00:00,KMDW,2026-05-14,1,66.0,68.0,0,0.14889500087772442,0.23066929254767155,0.022169721286377557,0.05320832252444328,65.58850384521486,3.068923667415674,"ECMWF:0.35,GFS:0.30,NBM:0.35",OPEN,NO,6.66
50956,KXHIGHCHI-26MAY14-B66.5,2026-05-14 04:51:16.295101+00:00,KMDW,2026-05-14,1,66.0,68.0,0,0.14861731856287283,0.23066929254767155,0.022087107376818425,0.05320832252444328,65.58850384521486,3.068923667415674,"ECMWF:0.35,GFS:0.30,NBM:0.35",OPEN,NO,6.66
50955,KXHIGHCHI-26MAY14-B68.5,2026-05-14 04:51:15.710510+00:00,KMDW,2026-05-14,1,68.0,70.0,0,0.12573850864394784,0.1407066869380339,0.015810172556004146,0.019798371749077878,65.58850384521486,3.068923667415674,"ECMWF:0.35,GFS:0.30,NBM:0.35",OPEN,YES,-17.81999999999999
50954,KXHIGHCHI-26MAY14-B62.5,2026-05-14 04:51:15.116178+00:00,KMDW,2026-05-14,1,62.0,64.0,0,0.2201379099060353,0.1812247553424945,0.04846069937779771,0.032842411948946985,65.58850384521486,3.068923667415674,"ECMWF:0.35,GFS:0.30,NBM:0.35",SKIP,NO,
50953,KXHIGHCHI-26MAY14-B64.5,2026-05-14 04:51:14.554458+00:00,KMDW,2026-05-14,1,64.0,66.0,1,0.16700309858376225,0.25096685957116477,0.6938838377690533,0.5610506454606833,65.58850384521486,3.068923667415674,"ECMWF:0.35,GFS:0.30,NBM:0.35",OPEN,NO,-19.599999999999998
50952,KXHIGHCHI-26MAY14-T62,2026-05-14 04:51:13.978566+00:00,KMDW,2026-05-14,1,,62.0,0,0.24399981921237143,0.12114064347363268,0.05953591177566994,0.014675055501205785,65.58850384521486,3.068923667415674,"ECMWF:0.35,GFS:0.30,NBM:0.35",SKIP,YES,
50951,KXHIGHCHI-26MAY14-T69,2026-05-14 04:51:13.377565+00:00,KMDW,2026-05-14,1,70.0,,0,0.18054774469130996,0.07529176212700261,0.032597488113118446,0.005668849444189146,65.58850384521486,3.068923667415674,"ECMWF:0.35,GFS:0.30,NBM:0.35",OPEN,YES,-5.760000000000005
50938,KXHIGHCHI-26MAY14-B62.5,2026-05-14 04:46:01.183566+00:00,KMDW,2026-05-14,1,62.0,64.0,0,0.21935229572291054,0.1812247553424945,0.048115429638911196,0.032842411948946985,65.58850384521486,3.068923667415674,"ECMWF:0.35,GFS:0.30,NBM:0.35",SKIP,NO,
50937,KXHIGHCHI-26MAY14-T62,2026-05-14 04:46:00.586912+00:00,KMDW,2026-05-14,1,,62.0,0,0.24604239690846047,0.12114064347363268,0.0605368610764604,0.014675055501205785,65.58850384521486,3.068923667415674,"ECMWF:0.35,GFS:0.30,NBM:0.35",SKIP,YES,
50936,KXHIGHCHI-26MAY14-B68.5,2026-05-14 04:46:00.010064+00:00,KMDW,2026-05-14,1,68.0,70.0,0,0.1255750550578266,0.1407066869380339,0.015769094452776182,0.019798371749077878,65.58850384521486,3.068923667415674,"ECMWF:0.35,GFS:0.30,NBM:0.35",OPEN,YES,-17.81999999999999
50935,KXHIGHCHI-26MAY14-T69,2026-05-14 04:45:59.438187+00:00,KMDW,2026-05-14,1,70.0,,0,0.17973077594359477,0.07529176212700261,0.032303151821286666,0.005668849444189146,65.58850384521486,3.068923667415674,"ECMWF:0.35,GFS:0.30,NBM:0.35",OPEN,YES,-8.500000000000007
50934,KXHIGHCHI-26MAY14-B64.5,2026-05-14 04:45:58.795755+00:00,KMDW,2026-05-14,1,64.0,66.0,1,0.16700309858376236,0.25096685957116477,0.693883837769053,0.5610506454606833,65.58850384521486,3.068923667415674,"ECMWF:0.35,GFS:0.30,NBM:0.35",OPEN,NO,-19.599999999999998
50933,KXHIGHCHI-26MAY14-B66.5,2026-05-14 04:45:58.226938+00:00,KMDW,2026-05-14,1,66.0,68.0,0,0.14834077738374493,0.23066929254767155,0.022004986234813773,0.05320832252444328,65.58850384521486,3.068923667415674,"ECMWF:0.35,GFS:0.30,NBM:0.35",OPEN,NO,6.66
50920,KXHIGHCHI-26MAY14-B68.5,2026-05-14 04:40:46.767515+00:00,KMDW,2026-05-14,1,68.0,70.0,0,0.12541209038879872,0.1407066869380339,0.01572819241568822,0.019798371749077878,65.58850384521486,3.068923667415674,"ECMWF:0.35,GFS:0.30,NBM:0.35",OPEN,YES,-17.81999999999999
50919,KXHIGHCHI-26MAY14-T69,2026-05-14 04:40:46.183348+00:00,KMDW,2026-05-14,1,70.0,,0,0.17891625088644025,0.07529176212700261,0.03201102483125963,0.005668849444189146,65.58850384521486,3.068923667415674,"ECMWF:0.35,GFS:0.30,NBM:0.35",OPEN,YES,-8.500000000000007
50918,KXHIGHCHI-26MAY14-B62.5,2026-05-14 04:40:45.607959+00:00,KMDW,2026-05-14,1,62.0,64.0,0,0.21856903144358447,0.1812247553424945,0.047772421506186616,0.032842411948946985,65.58850384521486,3.068923667415674,"ECMWF:0.35,GFS:0.30,NBM:0.35",SKIP,NO,
50917,KXHIGHCHI-26MAY14-T62,2026-05-14 04:40:45.049850+00:00,KMDW,2026-05-14,1,,62.0,0,0.24807886491204373,0.12114064347363268,0.06154312321604804,0.014675055501205785,65.58850384521486,3.068923667415674,"ECMWF:0.35,GFS:0.30,NBM:0.35",SKIP,NO,
50916,KXHIGHCHI-26MAY14-B66.5,2026-05-14 04:40:44.454157+00:00,KMDW,2026-05-14,1,66.0,68.0,0,0.14806506338567013,0.23066929254767155,0.021923262995402513,0.05320832252444328,65.58850384521486,3.068923667415674,"ECMWF:0.35,GFS:0.30,NBM:0.35",OPEN,NO,6.66
50915,KXHIGHCHI-26MAY14-B64.5,2026-05-14 04:40:43.878141+00:00,KMDW,2026-05-14,1,64.0,66.0,1,0.16700309858376236,0.25096685957116477,0.693883837769053,0.5610506454606833,65.58850384521486,3.068923667415674,"ECMWF:0.35,GFS:0.30,NBM:0.35",OPEN,NO,-19.599999999999998
50902,KXHIGHCHI-26MAY14-T62,2026-05-14 04:35:34.518491+00:00,KMDW,2026-05-14,1,,62.0,0,0.2501001983950997,0.12114064347363268,0.06255010923726824,0.014675055501205785,65.58850384521486,3.068923667415674,"ECMWF:0.35,GFS:0.30,NBM:0.35",SKIP,NO,
50901,KXHIGHCHI-26MAY14-B66.5,2026-05-14 04:35:33.942420+00:00,KMDW,2026-05-14,1,66.0,68.0,0,0.14779139842502462,0.23066929254767155,0.021842297448424367,0.05320832252444328,65.58850384521486,3.068923667415674,"ECMWF:0.35,GFS:0.30,NBM:0.35",OPEN,NO,7.170000000000001
50900,KXHIGHCHI-26MAY14-B62.5,2026-05-14 04:35:33.337868+00:00,KMDW,2026-05-14,1,62.0,64.0,0,0.2177915881883526,0.1812247553424945,0.047433175885604965,0.032842411948946985,65.58850384521486,3.068923667415674,"ECMWF:0.35,GFS:0.30,NBM:0.35",SKIP,NO,
50899,KXHIGHCHI-26MAY14-T69,2026-05-14 04:35:32.763114+00:00,KMDW,2026-05-14,1,70.0,,0,0.17810777917565512,0.07529176212700261,0.03172238100288393,0.005668849444189146,65.58850384521486,3.068923667415674,"ECMWF:0.35,GFS:0.30,NBM:0.35",OPEN,YES,-8.500000000000007
50898,KXHIGHCHI-26MAY14-B64.5,2026-05-14 04:35:32.170129+00:00,KMDW,2026-05-14,1,64.0,66.0,1,0.16700309858376236,0.25096685957116477,0.693883837769053,0.5610506454606833,65.58850384521486,3.068923667415674,"ECMWF:0.35,GFS:0.30,NBM:0.35",OPEN,NO,-19.599999999999998
50897,KXHIGHCHI-26MAY14-B68.5,2026-05-14 04:35:31.598817+00:00,KMDW,2026-05-14,1,68.0,70.0,0,0.12525033683240525,0.1407066869380339,0.01568764687663097,0.019798371749077878,65.58850384521486,3.068923667415674,"ECMWF:0.35,GFS:0.30,NBM:0.35",OPEN,YES,-17.81999999999999
50884,KXHIGHCHI-26MAY14-B68.5,2026-05-14 04:30:22.943252+00:00,KMDW,2026-05-14,1,68.0,70.0,0,0.1250885449614951,0.1407066869380339,0.015647144080583982,0.019798371749077878,65.58850384521486,3.068923667415674,"ECMWF:0.35,GFS:0.30,NBM:0.35",OPEN,YES,-19.960000000000015
50883,KXHIGHCHI-26MAY14-B62.5,2026-05-14 04:30:22.365814+00:00,KMDW,2026-05-14,1,62.0,64.0,0,0.2170139607803694,0.1812247553424945,0.04709505917358371,0.032842411948946985,65.58850384521486,3.068923667415674,"ECMWF:0.35,GFS:0.30,NBM:0.35",SKIP,NO,
50882,KXHIGHCHI-26MAY14-T69,2026-05-14 04:30:21.795230+00:00,KMDW,2026-05-14,1,70.0,,0,0.17729911596241865,0.07529176212700261,0.031434976521055175,0.005668849444189146,65.58850384521486,3.068923667415674,"ECMWF:0.35,GFS:0.30,NBM:0.35",OPEN,YES,-8.500000000000007
50881,KXHIGHCHI-26MAY14-B66.5,2026-05-14 04:30:20.748285+00:00,KMDW,2026-05-14,1,66.0,68.0,0,0.1475176686414422,0.23066929254767155,0.021761462561406337,0.05320832252444328,65.58850384521486,3.068923667415674,"ECMWF:0.35,GFS:0.30,NBM:0.35",OPEN,NO,7.170000000000001
50880,KXHIGHCHI-26MAY14-T62,2026-05-14 04:30:20.165924+00:00,KMDW,2026-05-14,1,,62.0,0,0.25212201067081197,0.12114064347363268,0.06356550826469302,0.014675055501205785,65.58850384521486,3.068923667415674,"ECMWF:0.35,GFS:0.30,NBM:0.35",SKIP,NO,
50879,KXHIGHCHI-26MAY14-B64.5,2026-05-14 04:30:19.601670+00:00,KMDW,2026-05-14,1,64.0,66.0,1,0.16700309858376225,0.25096685957116477,0.6938838377690533,0.5610506454606833,65.58850384521486,3.068923667415674,"ECMWF:0.35,GFS:0.30,NBM:0.35",OPEN,NO,-19.599999999999998
50866,KXHIGHCHI-26MAY14-B66.5,2026-05-14 04:25:10.482471+00:00,KMDW,2026-05-14,1,66.0,68.0,0,0.14724407841733508,0.23066929254767155,0.021680818628970325,0.05320832252444328,65.58850384521486,3.068923667415674,"ECMWF:0.35,GFS:0.30,NBM:0.35",OPEN,NO,7.170000000000001
50865,KXHIGHCHI-26MAY14-T62,2026-05-14 04:25:09.892541+00:00,KMDW,2026-05-14,1,,62.0,0,0.25414279213775703,0.12114064347363268,0.06458855879557518,0.014675055501205785,65.58850384521486,3.068923667415674,"ECMWF:0.35,GFS:0.30,NBM:0.35",SKIP,NO,
50864,KXHIGHCHI-26MAY14-T69,2026-05-14 04:25:09.318077+00:00,KMDW,2026-05-14,1,70.0,,0,0.17649086504123312,0.07529176212700261,0.031149025443002763,0.005668849444189146,65.58850384521486,3.068923667415674,"ECMWF:0.35,GFS:0.30,NBM:0.35",OPEN,YES,-8.500000000000007
50863,KXHIGHCHI-26MAY14-B64.5,2026-05-14 04:25:08.750763+00:00,KMDW,2026-05-14,1,64.0,66.0,1,0.16700309858376236,0.25096685957116477,0.693883837769053,0.5610506454606833,65.58850384521486,3.068923667415674,"ECMWF:0.35,GFS:0.30,NBM:0.35",OPEN,NO,-19.88
50862,KXHIGHCHI-26MAY14-B68.5,2026-05-14 04:25:08.160699+00:00,KMDW,2026-05-14,1,68.0,70.0,0,0.12492683557919258,0.1407066869380339,0.015606714247830618,0.019798371749077878,65.58850384521486,3.068923667415674,"ECMWF:0.35,GFS:0.30,NBM:0.35",OPEN,YES,-19.960000000000015
50861,KXHIGHCHI-26MAY14-B62.5,2026-05-14 04:25:07.590420+00:00,KMDW,2026-05-14,1,62.0,64.0,0,0.21623672984101955,0.1812247553424945,0.04675832333233807,0.032842411948946985,65.58850384521486,3.068923667415674,"ECMWF:0.35,GFS:0.30,NBM:0.35",SKIP,NO,
50848,KXHIGHCHI-26MAY14-B64.5,2026-05-14 04:19:58.364689+00:00,KMDW,2026-05-14,1,64.0,66.0,1,0.16700309858376225,0.25096685957116477,0.6938838377690533,0.5610506454606833,65.58850384521486,3.068923667415674,"ECMWF:0.35,GFS:0.30,NBM:0.35",OPEN,NO,-19.599999999999998
50847,KXHIGHCHI-26MAY14-B66.5,2026-05-14 04:19:57.806161+00:00,KMDW,2026-05-14,1,66.0,68.0,0,0.14697046908773256,0.23066929254767155,0.021600318783868155,0.05320832252444328,65.58850384521486,3.068923667415674,"ECMWF:0.35,GFS:0.30,NBM:0.35",OPEN,NO,7.170000000000001
50846,KXHIGHCHI-26MAY14-T69,2026-05-14 04:19:57.228289+00:00,KMDW,2026-05-14,1,70.0,,0,0.1756825576778468,0.07529176212700261,0.030864361072229965,0.005668849444189146,65.58850384521486,3.068923667415674,"ECMWF:0.35,GFS:0.30,NBM:0.35",OPEN,YES,-8.500000000000007
50845,KXHIGHCHI-26MAY14-T62,2026-05-14 04:19:56.668902+00:00,KMDW,2026-05-14,1,,62.0,0,0.25616371472096866,0.12114064347363268,0.06561984873964581,0.014675055501205785,65.58850384521486,3.068923667415674,"ECMWF:0.35,GFS:0.30,NBM:0.35",SKIP,NO,
50844,KXHIGHCHI-26MAY14-B62.5,2026-05-14 04:19:56.111980+00:00,KMDW,2026-05-14,1,62.0,64.0,0,0.2154594446256734,0.1812247553424945,0.04642277227840362,0.032842411948946985,65.58850384521486,3.068923667415674,"ECMWF:0.35,GFS:0.30,NBM:0.35",SKIP,NO,
50843,KXHIGHCHI-26MAY14-B68.5,2026-05-14 04:19:55.513021+00:00,KMDW,2026-05-14,1,68.0,70.0,0,0.12476511490431594,0.1407066869380339,0.01556633389708716,0.019798371749077878,65.58850384521486,3.068923667415674,"ECMWF:0.35,GFS:0.30,NBM:0.35",OPEN,YES,-17.81999999999999
50830,KXHIGHCHI-26MAY14-B66.5,2026-05-14 04:14:46.579240+00:00,KMDW,2026-05-14,1,66.0,68.0,0,0.1466970680735373,0.23066929254767155,0.021520029781372036,0.05320832252444328,65.58850384521486,3.068923667415674,"ECMWF:0.35,GFS:0.30,NBM:0.35",OPEN,NO,7.170000000000001
50829,KXHIGHCHI-26MAY14-T69,2026-05-14 04:14:46.020745+00:00,KMDW,2026-05-14,1,70.0,,0,0.17487486572796984,0.07529176212700261,0.03058121866337548,0.005668849444189146,65.58850384521486,3.068923667415674,"ECMWF:0.35,GFS:0.30,NBM:0.35",OPEN,YES,-8.500000000000007
50828,KXHIGHCHI-26MAY14-T62,2026-05-14 04:14:45.456077+00:00,KMDW,2026-05-14,1,,62.0,0,0.25818309865302647,0.12114064347363268,0.06665851243007839,0.014675055501205785,65.58850384521486,3.068923667415674,"ECMWF:0.35,GFS:0.30,NBM:0.35",SKIP,NO,
50827,KXHIGHCHI-26MAY14-B68.5,2026-05-14 04:14:44.818284+00:00,KMDW,2026-05-14,1,68.0,70.0,0,0.12460351735721528,0.1407066869380339,0.01552603653778985,0.019798371749077878,65.58850384521486,3.068923667415674,"ECMWF:0.35,GFS:0.30,NBM:0.35",OPEN,YES,-17.81999999999999
50826,KXHIGHCHI-26MAY14-B64.5,2026-05-14 04:14:44.223945+00:00,KMDW,2026-05-14,1,64.0,66.0,1,0.16700309858376236,0.25096685957116477,0.693883837769053,0.5610506454606833,65.58850384521486,3.068923667415674,"ECMWF:0.35,GFS:0.30,NBM:0.35",OPEN,NO,-19.599999999999998
50825,KXHIGHCHI-26MAY14-B62.5,2026-05-14 04:14:43.637551+00:00,KMDW,2026-05-14,1,62.0,64.0,0,0.2146827512047884,0.1812247553424945,0.046088683664857084,0.032842411948946985,65.58850384521486,3.068923667415674,"ECMWF:0.35,GFS:0.30,NBM:0.35",SKIP,NO,
50812,KXHIGHCHI-26MAY14-B66.5,2026-05-14 04:09:35.188561+00:00,KMDW,2026-05-14,1,66.0,68.0,0,0.14642395832190688,0.23066929254767155,0.021439975570655523,0.05320832252444328,65.58850384521486,3.068923667415674,"ECMWF:0.35,GFS:0.30,NBM:0.35",OPEN,NO,7.700000000000001
50811,KXHIGHCHI-26MAY14-B64.5,2026-05-14 04:09:34.608901+00:00,KMDW,2026-05-14,1,64.0,66.0,1,0.16700309858376225,0.25096685957116477,0.6938838377690533,0.5610506454606833,65.58850384521486,3.068923667415674,"ECMWF:0.35,GFS:0.30,NBM:0.35",OPEN,NO,-19.88
50810,KXHIGHCHI-26MAY14-T62,2026-05-14 04:09:34.048712+00:00,KMDW,2026-05-14,1,,62.0,0,0.2602003312728625,0.12114064347363268,0.0677042123945074,0.014675055501205785,65.58850384521486,3.068923667415674,"ECMWF:0.35,GFS:0.30,NBM:0.35",SKIP,NO,
50809,KXHIGHCHI-26MAY14-T69,2026-05-14 04:09:33.471981+00:00,KMDW,2026-05-14,1,70.0,,0,0.1740680342373323,0.07529176212700261,0.03029968054324909,0.005668849444189146,65.58850384521486,3.068923667415674,"ECMWF:0.35,GFS:0.30,NBM:0.35",OPEN,YES,-11.15000000000001
50808,KXHIGHCHI-26MAY14-B68.5,2026-05-14 04:09:32.903265+00:00,KMDW,2026-05-14,1,68.0,70.0,0,0.12444209196498443,0.1407066869380339,0.015485834252621643,0.019798371749077878,65.58850384521486,3.068923667415674,"ECMWF:0.35,GFS:0.30,NBM:0.35",OPEN,YES,-17.81999999999999
50807,KXHIGHCHI-26MAY14-B62.5,2026-05-14 04:09:32.332594+00:00,KMDW,2026-05-14,1,62.0,64.0,0,0.2139068852194512,0.1812247553424945,0.04575615554428747,0.032842411948946985,65.58850384521486,3.068923667415674,"ECMWF:0.35,GFS:0.30,NBM:0.35",SKIP,YES,
50797,KXHIGHCHI-26MAY14-T62,2026-05-14 04:04:25.518227+00:00,KMDW,2026-05-14,1,,62.0,0,0.2622178494026406,0.12114064347363268,0.0687582005453459,0.014675055501205785,65.58850384521486,3.068923667415674,"ECMWF:0.35,GFS:0.30,NBM:0.35",SKIP,NO,
50796,KXHIGHCHI-26MAY14-B66.5,2026-05-14 04:04:24.957222+00:00,KMDW,2026-05-14,1,66.0,68.0,0,0.1461508099155626,0.23066929254767155,0.02136005923897491,0.05320832252444328,65.58850384521486,3.068923667415674,"ECMWF:0.35,GFS:0.30,NBM:0.35",OPEN,NO,7.700000000000001
50795,KXHIGHCHI-26MAY14-B62.5,2026-05-14 04:04:24.391819+00:00,KMDW,2026-05-14,1,62.0,64.0,0,0.21313090942156676,0.1812247553424945,0.04542478455086409,0.032842411948946985,65.58850384521486,3.068923667415674,"ECMWF:0.35,GFS:0.30,NBM:0.35",SKIP,YES,
50794,KXHIGHCHI-26MAY14-T69,2026-05-14 04:04:23.823879+00:00,KMDW,2026-05-14,1,70.0,,0,0.17326108855143052,0.07529176212700261,0.030019404806026648,0.005668849444189146,65.58850384521486,3.068923667415674,"ECMWF:0.35,GFS:0.30,NBM:0.35",OPEN,YES,-8.500000000000007
50793,KXHIGHCHI-26MAY14-B64.5,2026-05-14 04:04:23.230324+00:00,KMDW,2026-05-14,1,64.0,66.0,1,0.16700309858376236,0.25096685957116477,0.693883837769053,0.5610506454606833,65.58850384521486,3.068923667415674,"ECMWF:0.35,GFS:0.30,NBM:0.35",OPEN,NO,-19.88
50792,KXHIGHCHI-26MAY14-B68.5,2026-05-14 04:04:22.662008+00:00,KMDW,2026-05-14,1,68.0,70.0,0,0.12428064372533686,0.1407066869380339,0.015445678404784112,0.019798371749077878,65.58850384521486,3.068923667415674,"ECMWF:0.35,GFS:0.30,NBM:0.35",OPEN,YES,-12.349999999999996
50778,KXHIGHCHI-26MAY14-B66.5,2026-05-14 03:59:13.643955+00:00,KMDW,2026-05-14,1,66.0,68.0,0,0.14587780831206829,0.23066929254767155,0.02128033495793254,0.05320832252444328,65.58850384521486,3.068923667415674,"ECMWF:0.35,GFS:0.30,NBM:0.35",OPEN,NO,7.700000000000001
50777,KXHIGHCHI-26MAY14-B64.5,2026-05-14 03:59:13.076050+00:00,KMDW,2026-05-14,1,64.0,66.0,1,0.16700309858376225,0.25096685957116477,0.6938838377690533,0.5610506454606833,65.58850384521486,3.068923667415674,"ECMWF:0.35,GFS:0.30,NBM:0.35",OPEN,NO,-19.599999999999998
50776,KXHIGHCHI-26MAY14-T62,2026-05-14 03:59:12.489902+00:00,KMDW,2026-05-14,1,,62.0,0,0.26423428322292164,0.12114064347363268,0.06981975643033117,0.014675055501205785,65.58850384521486,3.068923667415674,"ECMWF:0.35,GFS:0.30,NBM:0.35",SKIP,NO,
50775,KXHIGHCHI-26MAY14-B62.5,2026-05-14 03:59:11.915602+00:00,KMDW,2026-05-14,1,62.0,64.0,0,0.2123553506697126,0.1812247553424945,0.0450947949580566,0.032842411948946985,65.58850384521486,3.068923667415674,"ECMWF:0.35,GFS:0.30,NBM:0.35",SKIP,YES,
50774,KXHIGHCHI-26MAY14-T69,2026-05-14 03:59:11.331710+00:00,KMDW,2026-05-14,1,70.0,,0,0.17151239550550096,0.07529176212700261,0.029416501812035385,0.005668849444189146,65.58850384521486,3.068923667415674,"ECMWF:0.35,GFS:0.30,NBM:0.35",OPEN,YES,-8.500000000000007
50773,KXHIGHCHI-26MAY14-B68.5,2026-05-14 03:59:10.746760+00:00,KMDW,2026-05-14,1,68.0,70.0,0,0.12411928225559585,0.1407066869380339,0.01540559622764427,0.019798371749077878,65.58850384521486,3.068923667415674,"ECMWF:0.35,GFS:0.30,NBM:0.35",OPEN,YES,-15.159999999999993
50760,KXHIGHCHI-26MAY14-T62,2026-05-14 03:54:01.176388+00:00,KMDW,2026-05-14,1,,62.0,0,0.2662569855473745,0.12114064347363268,0.07089278235277478,0.014675055501205785,65.58850384521486,3.068923667415674,"ECMWF:0.35,GFS:0.30,NBM:0.35",SKIP,YES,
50759,KXHIGHCHI-26MAY14-B64.5,2026-05-14 03:54:00.599627+00:00,KMDW,2026-05-14,1,64.0,66.0,1,0.16700309858376225,0.25096685957116477,0.6938838377690533,0.5610506454606833,65.58850384521486,3.068923667415674,"ECMWF:0.35,GFS:0.30,NBM:0.35",OPEN,NO,-19.599999999999998
50758,KXHIGHCHI-26MAY14-B66.5,2026-05-14 03:54:00.014781+00:00,KMDW,2026-05-14,1,66.0,68.0,0,0.14560395802627488,0.23066929254767155,0.021200512592917217,0.05320832252444328,65.58850384521486,3.068923667415674,"ECMWF:0.35,GFS:0.30,NBM:0.35",OPEN,NO,7.700000000000001
50757,KXHIGHCHI-26MAY14-B68.5,2026-05-14 03:53:59.421236+00:00,KMDW,2026-05-14,1,68.0,70.0,0,0.12395741916014488,0.1407066869380339,0.015365441764843854,0.019798371749077878,65.58850384521486,3.068923667415674,"ECMWF:0.35,GFS:0.30,NBM:0.35",OPEN,YES,-15.159999999999993
50756,KXHIGHCHI-26MAY14-B62.5,2026-05-14 03:53:58.847648+00:00,KMDW,2026-05-14,1,62.0,64.0,0,0.21157738093207676,0.1812247553424945,0.04476498812207712,0.032842411948946985,65.58850384521486,3.068923667415674,"ECMWF:0.35,GFS:0.30,NBM:0.35",SKIP,YES,
50755,KXHIGHCHI-26MAY14-T69,2026-05-14 03:53:58.284028+00:00,KMDW,2026-05-14,1,70.0,,0,0.17070337629992832,0.07529176212700261,0.029139642680194932,0.005668849444189146,65.58850384521486,3.068923667415674,"ECMWF:0.35,GFS:0.30,NBM:0.35",OPEN,YES,-8.500000000000007
50740,KXHIGHCHI-26MAY14-B66.5,2026-05-14 03:48:40.362524+00:00,KMDW,2026-05-14,1,66.0,68.0,0,0.14532359968980588,0.23066929254767155,0.02111894862680295,0.05320832252444328,65.58850384521486,3.068923667415674,"ECMWF:0.35,GFS:0.30,NBM:0.35",OPEN,NO,7.700000000000001
50739,KXHIGHCHI-26MAY14-T62,2026-05-14 03:48:39.787845+00:00,KMDW,2026-05-14,1,,62.0,0,0.26832775738247794,0.12114064347363268,0.07199978538190994,0.014675055501205785,65.58850384521486,3.068923667415674,"ECMWF:0.35,GFS:0.30,NBM:0.35",SKIP,YES,
50738,KXHIGHCHI-26MAY14-B64.5,2026-05-14 03:48:39.219939+00:00,KMDW,2026-05-14,1,64.0,66.0,1,0.16700309858376225,0.25096685957116477,0.6938838377690533,0.5610506454606833,65.58850384521486,3.068923667415674,"ECMWF:0.35,GFS:0.30,NBM:0.35",OPEN,NO,-19.599999999999998
50737,KXHIGHCHI-26MAY14-T69,2026-05-14 03:48:38.657270+00:00,KMDW,2026-05-14,1,70.0,,0,0.16987513075697208,0.07529176212700261,0.02885756004969836,0.005668849444189146,65.58850384521486,3.068923667415674,"ECMWF:0.35,GFS:0.30,NBM:0.35",OPEN,YES,-8.500000000000007
50736,KXHIGHCHI-26MAY14-B62.5,2026-05-14 03:48:38.086584+00:00,KMDW,2026-05-14,1,62.0,64.0,0,0.21078092274750515,0.1812247553424945,0.04442859739428973,0.032842411948946985,65.58850384521486,3.068923667415674,"ECMWF:0.35,GFS:0.30,NBM:0.35",OPEN,YES,-3.3900000000000006
50735,KXHIGHCHI-26MAY14-B68.5,2026-05-14 03:48:37.510796+00:00,KMDW,2026-05-14,1,68.0,70.0,0,0.12379170938903825,0.1407066869380339,0.0153243873134601,0.019798371749077878,65.58850384521486,3.068923667415674,"ECMWF:0.35,GFS:0.30,NBM:0.35",OPEN,YES,-15.159999999999993
50722,KXHIGHCHI-26MAY14-B62.5,2026-05-14 03:43:29.041050+00:00,KMDW,2026-05-14,1,62.0,64.0,0,0.21000494782901935,0.1812247553424945,0.04410207811266914,0.032842411948946985,65.58850384521486,3.068923667415674,"ECMWF:0.35,GFS:0.30,NBM:0.35",OPEN,YES,-3.3900000000000006
50721,KXHIGHCHI-26MAY14-T62,2026-05-14 03:43:28.487686+00:00,KMDW,2026-05-14,1,,62.0,0,0.27034527322584323,0.12114064347363268,0.07308656675555583,0.014675055501205785,65.58850384521486,3.068923667415674,"ECMWF:0.35,GFS:0.30,NBM:0.35",SKIP,YES,
50720,KXHIGHCHI-26MAY14-B64.5,2026-05-14 03:43:27.913712+00:00,KMDW,2026-05-14,1,64.0,66.0,1,0.16700309858376225,0.25096685957116477,0.6938838377690533,0.5610506454606833,65.58850384521486,3.068923667415674,"ECMWF:0.35,GFS:0.30,NBM:0.35",OPEN,NO,-19.599999999999998
50719,KXHIGHCHI-26MAY14-B66.5,2026-05-14 03:43:27.349470+00:00,KMDW,2026-05-14,1,66.0,68.0,0,0.14505045159301497,0.23066929254767155,0.021039633507337577,0.05320832252444328,65.58850384521486,3.068923667415674,"ECMWF:0.35,GFS:0.30,NBM:0.35",OPEN,NO,7.700000000000001
50718,KXHIGHCHI-26MAY14-T69,2026-05-14 03:43:26.770088+00:00,KMDW,2026-05-14,1,70.0,,0,0.1690681859855649,0.07529176212700261,0.02858405151244956,0.005668849444189146,65.58850384521486,3.068923667415674,"ECMWF:0.35,GFS:0.30,NBM:0.35",OPEN,YES,-8.500000000000007
50717,KXHIGHCHI-26MAY14-B68.5,2026-05-14 03:43:26.169565+00:00,KMDW,2026-05-14,1,68.0,70.0,0,0.12363026133235663,0.1407066869380339,0.015284441517106796,0.019798371749077878,65.58850384521486,3.068923667415674,"ECMWF:0.35,GFS:0.30,NBM:0.35",OPEN,YES,-15.159999999999993
50704,KXHIGHCHI-26MAY14-B66.5,2026-05-14 03:38:17.481646+00:00,KMDW,2026-05-14,1,66.0,68.0,0,0.14477729939924552,0.23066929254767155,0.020960466421338777,0.05320832252444328,65.58850384521486,3.068923667415674,"ECMWF:0.35,GFS:0.30,NBM:0.35",OPEN,NO,7.700000000000001
50703,KXHIGHCHI-26MAY14-B64.5,2026-05-14 03:38:16.911310+00:00,KMDW,2026-05-14,1,64.0,66.0,1,0.16700309858376225,0.25096685957116477,0.6938838377690533,0.5610506454606833,65.58850384521486,3.068923667415674,"ECMWF:0.35,GFS:0.30,NBM:0.35",OPEN,NO,-19.599999999999998
50702,KXHIGHCHI-26MAY14-T62,2026-05-14 03:38:16.340226+00:00,KMDW,2026-05-14,1,,62.0,0,0.2723628193301549,0.12114064347363268,0.0741815053534706,0.014675055501205785,65.58850384521486,3.068923667415674,"ECMWF:0.35,GFS:0.30,NBM:0.35",SKIP,NO,
50701,KXHIGHCHI-26MAY14-T69,2026-05-14 03:38:15.772061+00:00,KMDW,2026-05-14,1,70.0,,0,0.16826122911070368,0.07529176212700261,0.028311841221844717,0.005668849444189146,65.58850384521486,3.068923667415674,"ECMWF:0.35,GFS:0.30,NBM:0.35",OPEN,YES,-8.500000000000007
50700,KXHIGHCHI-26MAY14-B62.5,2026-05-14 03:38:15.189939+00:00,KMDW,2026-05-14,1,62.0,64.0,0,0.20922896127159735,0.1812247553424945,0.04377675823479158,0.032842411948946985,65.58850384521486,3.068923667415674,"ECMWF:0.35,GFS:0.30,NBM:0.35",OPEN,YES,-3.3900000000000006
50699,KXHIGHCHI-26MAY14-B68.5,2026-05-14 03:38:14.600693+00:00,KMDW,2026-05-14,1,68.0,70.0,0,0.12346881085409764,0.1407066869380339,0.01524454725372494,0.019798371749077878,65.58850384521486,3.068923667415674,"ECMWF:0.35,GFS:0.30,NBM:0.35",OPEN,YES,-15.159999999999993
50687,KXHIGHCHI-26MAY14-B66.5,2026-05-14 03:33:06.226034+00:00,KMDW,2026-05-14,1,66.0,68.0,0,0.14450365879247282,0.23066929254767155,0.020881307404411405,0.05320832252444328,65.58850384521486,3.068923667415674,"ECMWF:0.35,GFS:0.30,NBM:0.35",OPEN,NO,7.700000000000001
50686,KXHIGHCHI-26MAY14-B64.5,2026-05-14 03:33:05.630098+00:00,KMDW,2026-05-14,1,64.0,66.0,1,0.16700309858376236,0.25096685957116477,0.693883837769053,0.5610506454606833,65.58850384521486,3.068923667415674,"ECMWF:0.35,GFS:0.30,NBM:0.35",OPEN,NO,-19.599999999999998
50685,KXHIGHCHI-26MAY14-B68.5,2026-05-14 03:33:05.032728+00:00,KMDW,2026-05-14,1,68.0,70.0,0,0.12330707169240594,0.1407066869380339,0.01520463392935614,0.019798371749077878,65.58850384521486,3.068923667415674,"ECMWF:0.35,GFS:0.30,NBM:0.35",OPEN,YES,-15.159999999999993
50684,KXHIGHCHI-26MAY14-T62,2026-05-14 03:33:04.434152+00:00,KMDW,2026-05-14,1,,62.0,0,0.23077729744368447,0.12114064347363268,0.05325816101541082,0.014675055501205785,65.58850384521486,3.068923667415674,"ECMWF:0.35,GFS:0.30,NBM:0.35",SKIP,YES,
50683,KXHIGHCHI-26MAY14-T69,2026-05-14 03:33:03.864104+00:00,KMDW,2026-05-14,1,70.0,,0,0.16745282934708045,0.07529176212700261,0.028040450056342446,0.005668849444189146,65.58850384521486,3.068923667415674,"ECMWF:0.35,GFS:0.30,NBM:0.35",OPEN,YES,-8.500000000000007
50682,KXHIGHCHI-26MAY14-B62.5,2026-05-14 03:33:03.269545+00:00,KMDW,2026-05-14,1,62.0,64.0,0,0.20845158720225473,0.1812247553424945,0.04345206420713921,0.032842411948946985,65.58850384521486,3.068923667415674,"ECMWF:0.35,GFS:0.30,NBM:0.35",OPEN,YES,-3.3900000000000006
50669,KXHIGHCHI-26MAY14-B66.5,2026-05-14 03:27:54.778440+00:00,KMDW,2026-05-14,1,66.0,68.0,0,0.14423074392093024,0.23066929254767155,0.020802507491984958,0.05320832252444328,65.58850384521486,3.068923667415674,"ECMWF:0.35,GFS:0.30,NBM:0.35",OPEN,NO,7.440000000000001
50668,KXHIGHCHI-26MAY14-B64.5,2026-05-14 03:27:54.183610+00:00,KMDW,2026-05-14,1,64.0,66.0,1,0.16700309858376236,0.25096685957116477,0.693883837769053,0.5610506454606833,65.58850384521486,3.068923667415674,"ECMWF:0.35,GFS:0.30,NBM:0.35",OPEN,NO,-19.98
50667,KXHIGHCHI-26MAY14-B62.5,2026-05-14 03:27:53.587125+00:00,KMDW,2026-05-14,1,62.0,64.0,0,0.20767627484354856,0.1812247553424945,0.04312943513289312,0.032842411948946985,65.58850384521486,3.068923667415674,"ECMWF:0.35,GFS:0.30,NBM:0.35",OPEN,YES,-3.3900000000000006
50666,KXHIGHCHI-26MAY14-T62,2026-05-14 03:27:53.017766+00:00,KMDW,2026-05-14,1,,62.0,0,0.23279309064779774,0.12114064347363268,0.054192623053353775,0.014675055501205785,65.58850384521486,3.068923667415674,"ECMWF:0.35,GFS:0.30,NBM:0.35",SKIP,YES,
50665,KXHIGHCHI-26MAY14-T69,2026-05-14 03:27:52.457318+00:00,KMDW,2026-05-14,1,70.0,,0,0.1666465735788069,0.07529176212700261,0.027771080485556706,0.005668849444189146,65.58850384521486,3.068923667415674,"ECMWF:0.35,GFS:0.30,NBM:0.35",OPEN,YES,-5.760000000000005
50664,KXHIGHCHI-26MAY14-B68.5,2026-05-14 03:27:51.870203+00:00,KMDW,2026-05-14,1,68.0,70.0,0,0.12314576148681497,0.1407066869380339,0.015164878572167521,0.019798371749077878,65.58850384521486,3.068923667415674,"ECMWF:0.35,GFS:0.30,NBM:0.35",OPEN,YES,-12.349999999999996
50651,KXHIGHCHI-26MAY14-B66.5,2026-05-14 03:22:43.178960+00:00,KMDW,2026-05-14,1,66.0,68.0,0,0.1439574107331296,0.23066929254767155,0.020723736104986974,0.05320832252444328,65.58850384521486,3.068923667415674,"ECMWF:0.35,GFS:0.30,NBM:0.35",OPEN,NO,7.700000000000001
50650,KXHIGHCHI-26MAY14-T62,2026-05-14 03:22:42.606573+00:00,KMDW,2026-05-14,1,,62.0,0,0.23481197360317896,0.12114064347363268,0.05513666294742001,0.014675055501205785,65.58850384521486,3.068923667415674,"ECMWF:0.35,GFS:0.30,NBM:0.35",SKIP,YES,
50649,KXHIGHCHI-26MAY14-T69,2026-05-14 03:22:42.041688+00:00,KMDW,2026-05-14,1,70.0,,0,0.16583908200431247,0.07529176212700261,0.027502601120033075,0.005668849444189146,65.58850384521486,3.068923667415674,"ECMWF:0.35,GFS:0.30,NBM:0.35",OPEN,YES,-5.760000000000005
50648,KXHIGHCHI-26MAY14-B64.5,2026-05-14 03:22:41.464559+00:00,KMDW,2026-05-14,1,64.0,66.0,1,0.16700309858376236,0.25096685957116477,0.693883837769053,0.5610506454606833,65.58850384521486,3.068923667415674,"ECMWF:0.35,GFS:0.30,NBM:0.35",OPEN,NO,-19.98
50647,KXHIGHCHI-26MAY14-B68.5,2026-05-14 03:22:40.893084+00:00,KMDW,2026-05-14,1,68.0,70.0,0,0.12298420402946685,0.1407066869380339,0.015125114440761528,0.019798371749077878,65.58850384521486,3.068923667415674,"ECMWF:0.35,GFS:0.30,NBM:0.35",OPEN,YES,-12.349999999999996
50646,KXHIGHCHI-26MAY14-B62.5,2026-05-14 03:22:40.320331+00:00,KMDW,2026-05-14,1,62.0,64.0,0,0.20689977410781055,0.1812247553424945,0.04280751652586303,0.032842411948946985,65.58850384521486,3.068923667415674,"ECMWF:0.35,GFS:0.30,NBM:0.35",OPEN,YES,-3.3900000000000006
50633,KXHIGHCHI-26MAY14-B62.5,2026-05-14 03:17:31.534783+00:00,KMDW,2026-05-14,1,62.0,64.0,0,0.20612399897940117,0.1812247553424945,0.042487102955260175,0.032842411948946985,65.58850384521486,3.068923667415674,"ECMWF:0.35,GFS:0.30,NBM:0.35",OPEN,YES,-3.3900000000000006
50632,KXHIGHCHI-26MAY14-B66.5,2026-05-14 03:17:30.951967+00:00,KMDW,2026-05-14,1,66.0,68.0,0,0.14368433296371438,0.23066929254767155,0.02064518753922754,0.05320832252444328,65.58850384521486,3.068923667415674,"ECMWF:0.35,GFS:0.30,NBM:0.35",OPEN,NO,8.260000000000002
50631,KXHIGHCHI-26MAY14-B64.5,2026-05-14 03:17:30.378611+00:00,KMDW,2026-05-14,1,64.0,66.0,1,0.16700309858376225,0.25096685957116477,0.6938838377690533,0.5610506454606833,65.58850384521486,3.068923667415674,"ECMWF:0.35,GFS:0.30,NBM:0.35",OPEN,NO,-19.389999999999997
50630,KXHIGHCHI-26MAY14-B68.5,2026-05-14 03:17:29.806504+00:00,KMDW,2026-05-14,1,68.0,70.0,0,0.12282279754077793,0.1407066869380339,0.015085439595742926,0.019798371749077878,65.58850384521486,3.068923667415674,"ECMWF:0.35,GFS:0.30,NBM:0.35",OPEN,YES,-9.569999999999999
50629,KXHIGHCHI-26MAY14-T69,2026-05-14 03:17:29.253793+00:00,KMDW,2026-05-14,1,70.0,,0,0.16503234499678393,0.07529176212700261,0.027235674895137514,0.005668849444189146,65.58850384521486,3.068923667415674,"ECMWF:0.35,GFS:0.30,NBM:0.35",OPEN,YES,-5.760000000000005
50628,KXHIGHCHI-26MAY14-T62,2026-05-14 03:17:28.668319+00:00,KMDW,2026-05-14,1,,62.0,0,0.23682896999722108,0.12114064347363268,0.05608796102994464,0.014675055501205785,65.58850384521486,3.068923667415674,"ECMWF:0.35,GFS:0.30,NBM:0.35",OPEN,YES,-1.0599999999999998
50614,KXHIGHCHI-26MAY14-B64.5,2026-05-14 03:12:16.355927+00:00,KMDW,2026-05-14,1,64.0,66.0,1,0.16700309858376236,0.25096685957116477,0.693883837769053,0.5610506454606833,65.58850384521486,3.068923667415674,"ECMWF:0.35,GFS:0.30,NBM:0.35",OPEN,NO,-19.389999999999997
50613,KXHIGHCHI-26MAY14-B62.5,2026-05-14 03:12:15.781510+00:00,KMDW,2026-05-14,1,62.0,64.0,0,0.2053401880264129,0.1812247553424945,0.042164592818722604,0.032842411948946985,65.58850384521486,3.068923667415674,"ECMWF:0.35,GFS:0.30,NBM:0.35",OPEN,YES,-3.3900000000000006
50612,KXHIGHCHI-26MAY14-B68.5,2026-05-14 03:12:15.221116+00:00,KMDW,2026-05-14,1,68.0,70.0,0,0.122659719131733,0.1407066869380339,0.015045406697475627,0.019798371749077878,65.58850384521486,3.068923667415674,"ECMWF:0.35,GFS:0.30,NBM:0.35",OPEN,YES,-12.349999999999996
50611,KXHIGHCHI-26MAY14-T69,2026-05-14 03:12:14.659792+00:00,KMDW,2026-05-14,1,70.0,,0,0.16421725144773164,0.07529176212700261,0.026967305673047517,0.005668849444189146,65.58850384521486,3.068923667415674,"ECMWF:0.35,GFS:0.30,NBM:0.35",OPEN,YES,-5.760000000000005
50610,KXHIGHCHI-26MAY14-B66.5,2026-05-14 03:12:14.076063+00:00,KMDW,2026-05-14,1,66.0,68.0,0,0.14340842653304017,0.23066929254767155,0.02056597680068238,0.05320832252444328,65.58850384521486,3.068923667415674,"ECMWF:0.35,GFS:0.30,NBM:0.35",OPEN,NO,8.260000000000002
50609,KXHIGHCHI-26MAY14-T62,2026-05-14 03:12:13.504146+00:00,KMDW,2026-05-14,1,,62.0,0,0.23886685933898066,0.12114064347363268,0.057057376490468374,0.014675055501205785,65.58850384521486,3.068923667415674,"ECMWF:0.35,GFS:0.30,NBM:0.35",OPEN,YES,-4.039999999999999
50596,KXHIGHCHI-26MAY14-B64.5,2026-05-14 03:07:02.738209+00:00,KMDW,2026-05-14,1,64.0,66.0,1,0.16700309858376236,0.25096685957116477,0.693883837769053,0.5610506454606833,65.58850384521486,3.068923667415674,"ECMWF:0.35,GFS:0.30,NBM:0.35",OPEN,NO,-19.389999999999997
50595,KXHIGHCHI-26MAY14-B68.5,2026-05-14 03:07:02.159643+00:00,KMDW,2026-05-14,1,68.0,70.0,0,0.12249716178580626,0.1407066869380339,0.015005554645577993,0.019798371749077878,65.58850384521486,3.068923667415674,"ECMWF:0.35,GFS:0.30,NBM:0.35",OPEN,YES,-19.960000000000015
50594,KXHIGHCHI-26MAY14-B66.5,2026-05-14 03:07:01.584937+00:00,KMDW,2026-05-14,1,66.0,68.0,0,0.14313340167010988,0.23066929254767155,0.020487170673657015,0.05320832252444328,65.58850384521486,3.068923667415674,"ECMWF:0.35,GFS:0.30,NBM:0.35",OPEN,NO,8.260000000000002
50593,KXHIGHCHI-26MAY14-T69,2026-05-14 03:07:00.997215+00:00,KMDW,2026-05-14,1,70.0,,0,0.1634047622605253,0.07529176212700261,0.026701116329418795,0.005668849444189146,65.58850384521486,3.068923667415674,"ECMWF:0.35,GFS:0.30,NBM:0.35",OPEN,YES,-5.760000000000005
50592,KXHIGHCHI-26MAY14-B62.5,2026-05-14 03:07:00.369193+00:00,KMDW,2026-05-14,1,62.0,64.0,0,0.20455888148208165,0.1812247553424945,0.041844335993200324,0.032842411948946985,65.58850384521486,3.068923667415674,"ECMWF:0.35,GFS:0.30,NBM:0.35",OPEN,YES,-3.3900000000000006
50591,KXHIGHCHI-26MAY14-T62,2026-05-14 03:06:59.774220+00:00,KMDW,2026-05-14,1,,62.0,0,0.24089823727937532,0.12114064347363268,0.05803196072431021,0.014675055501205785,65.58850384521486,3.068923667415674,"ECMWF:0.35,GFS:0.30,NBM:0.35",OPEN,YES,-6.9899999999999975
50578,KXHIGHCHI-26MAY14-B66.5,2026-05-14 03:01:28.656516+00:00,KMDW,2026-05-14,1,66.0,68.0,0,0.1428401700048065,0.23066929254767155,0.020403314167002026,0.05320832252444328,65.58850384521486,3.068923667415674,"ECMWF:0.35,GFS:0.30,NBM:0.35",OPEN,NO,8.260000000000002
50577,KXHIGHCHI-26MAY14-B64.5,2026-05-14 03:01:28.060565+00:00,KMDW,2026-05-14,1,64.0,66.0,1,0.16700309858376236,0.25096685957116477,0.693883837769053,0.5610506454606833,65.58850384521486,3.068923667415674,"ECMWF:0.35,GFS:0.30,NBM:0.35",OPEN,NO,-19.389999999999997
50576,KXHIGHCHI-26MAY14-T69,2026-05-14 03:01:27.483062+00:00,KMDW,2026-05-14,1,70.0,,0,0.1625384858269438,0.07529176212700261,0.026418759374915612,0.005668849444189146,65.58850384521486,3.068923667415674,"ECMWF:0.35,GFS:0.30,NBM:0.35",OPEN,YES,-5.760000000000005
50575,KXHIGHCHI-26MAY14-B62.5,2026-05-14 03:01:26.886715+00:00,KMDW,2026-05-14,1,62.0,64.0,0,0.2037258520000727,0.1812247553424945,0.041504222773155526,0.032842411948946985,65.58850384521486,3.068923667415674,"ECMWF:0.35,GFS:0.30,NBM:0.35",OPEN,YES,-3.3900000000000006
50574,KXHIGHCHI-26MAY14-B68.5,2026-05-14 03:01:26.291201+00:00,KMDW,2026-05-14,1,68.0,70.0,0,0.12232384305110909,0.1407066869380339,0.01496312257879237,0.019798371749077878,65.58850384521486,3.068923667415674,"ECMWF:0.35,GFS:0.30,NBM:0.35",OPEN,YES,-19.960000000000015
50573,KXHIGHCHI-26MAY14-T62,2026-05-14 03:01:25.713187+00:00,KMDW,2026-05-14,1,,62.0,0,0.24306409359496634,0.12114064347363268,0.05908015359514256,0.014675055501205785,65.58850384521486,3.068923667415674,"ECMWF:0.35,GFS:0.30,NBM:0.35",OPEN,YES,-6.9899999999999975
50560,KXHIGHCHI-26MAY14-T62,2026-05-14 02:56:16.325455+00:00,KMDW,2026-05-14,1,,62.0,0,0.24508498947315405,0.12114064347363268,0.06006665206505603,0.014675055501205785,65.58850384521486,3.068923667415674,"ECMWF:0.35,GFS:0.30,NBM:0.35",OPEN,YES,-4.039999999999999
50559,KXHIGHCHI-26MAY14-B66.5,2026-05-14 02:56:15.748673+00:00,KMDW,2026-05-14,1,66.0,68.0,0,0.14256656429075285,0.23066929254767155,0.020325225253669366,0.05320832252444328,65.58850384521486,3.068923667415674,"ECMWF:0.35,GFS:0.30,NBM:0.35",OPEN,NO,8.260000000000002
50558,KXHIGHCHI-26MAY14-B64.5,2026-05-14 02:56:15.164046+00:00,KMDW,2026-05-14,1,64.0,66.0,1,0.16700309858376236,0.25096685957116477,0.693883837769053,0.5610506454606833,65.58850384521486,3.068923667415674,"ECMWF:0.35,GFS:0.30,NBM:0.35",OPEN,NO,-19.389999999999997
50557,KXHIGHCHI-26MAY14-B62.5,2026-05-14 02:56:14.582312+00:00,KMDW,2026-05-14,1,62.0,64.0,0,0.2029485770559843,0.1812247553424945,0.041188124929048796,0.032842411948946985,65.58850384521486,3.068923667415674,"ECMWF:0.35,GFS:0.30,NBM:0.35",SKIP,YES,
50556,KXHIGHCHI-26MAY14-T69,2026-05-14 02:56:13.995062+00:00,KMDW,2026-05-14,1,70.0,,0,0.16177504052988473,0.07529176212700261,0.026171163738445847,0.005668849444189146,65.58850384521486,3.068923667415674,"ECMWF:0.35,GFS:0.30,NBM:0.35",OPEN,YES,-5.760000000000005
50555,KXHIGHCHI-26MAY14-B68.5,2026-05-14 02:56:13.402016+00:00,KMDW,2026-05-14,1,68.0,70.0,0,0.12211727312812246,0.1407066869380339,0.014912628396248458,0.019798371749077878,65.58850384521486,3.068923667415674,"ECMWF:0.35,GFS:0.30,NBM:0.35",OPEN,YES,-19.960000000000015
50542,KXHIGHCHI-26MAY14-T62,2026-05-14 02:50:56.606760+00:00,KMDW,2026-05-14,1,,62.0,0,0.24715778985379333,0.12114064347363268,0.06108697308541187,0.014675055501205785,65.58850384521486,3.068923667415674,"ECMWF:0.35,GFS:0.30,NBM:0.35",OPEN,YES,-1.0599999999999998
50541,KXHIGHCHI-26MAY14-T69,2026-05-14 02:50:56.041364+00:00,KMDW,2026-05-14,1,70.0,,0,0.1614539037294695,0.07529176212700261,0.026067363029484803,0.005668849444189146,65.58850384521486,3.068923667415674,"ECMWF:0.35,GFS:0.30,NBM:0.35",OPEN,YES,-8.500000000000007
50540,KXHIGHCHI-26MAY14-B64.5,2026-05-14 02:50:55.438413+00:00,KMDW,2026-05-14,1,64.0,66.0,1,0.16700309858376225,0.25096685957116477,0.6938838377690533,0.5610506454606833,65.58850384521486,3.068923667415674,"ECMWF:0.35,GFS:0.30,NBM:0.35",OPEN,NO,-19.74
50539,KXHIGHCHI-26MAY14-B66.5,2026-05-14 02:50:54.845886+00:00,KMDW,2026-05-14,1,66.0,68.0,0,0.14228593131289521,0.23066929254767155,0.020245286249577936,0.05320832252444328,65.58850384521486,3.068923667415674,"ECMWF:0.35,GFS:0.30,NBM:0.35",OPEN,NO,7.700000000000001
50538,KXHIGHCHI-26MAY14-B62.5,2026-05-14 02:50:54.213921+00:00,KMDW,2026-05-14,1,62.0,64.0,0,0.20215133865426677,0.1812247553424945,0.04086516371971205,0.032842411948946985,65.58850384521486,3.068923667415674,"ECMWF:0.35,GFS:0.30,NBM:0.35",SKIP,YES,
50537,KXHIGHCHI-26MAY14-B68.5,2026-05-14 02:50:53.622157+00:00,KMDW,2026-05-14,1,68.0,70.0,0,0.12144348092747378,0.1407066869380339,0.014748519059781688,0.019798371749077878,65.58850384521486,3.068923667415674,"ECMWF:0.35,GFS:0.30,NBM:0.35",OPEN,YES,-19.960000000000015
50524,KXHIGHCHI-26MAY14-T62,2026-05-14 02:45:45.154473+00:00,KMDW,2026-05-14,1,,62.0,0,0.24917349390082166,0.12114064347363268,0.06208743006274281,0.014675055501205785,65.58850384521486,3.068923667415674,"ECMWF:0.35,GFS:0.30,NBM:0.35",SKIP,YES,
50523,KXHIGHCHI-26MAY14-B64.5,2026-05-14 02:45:44.570512+00:00,KMDW,2026-05-14,1,64.0,66.0,1,0.16700309858376225,0.25096685957116477,0.6938838377690533,0.5610506454606833,65.58850384521486,3.068923667415674,"ECMWF:0.35,GFS:0.30,NBM:0.35",OPEN,NO,-19.389999999999997
50522,KXHIGHCHI-26MAY14-B66.5,2026-05-14 02:45:44.000265+00:00,KMDW,2026-05-14,1,66.0,68.0,0,0.14201302851218142,0.23066929254767155,0.020167700267201653,0.05320832252444328,65.58850384521486,3.068923667415674,"ECMWF:0.35,GFS:0.30,NBM:0.35",OPEN,NO,7.700000000000001
50521,KXHIGHCHI-26MAY14-T69,2026-05-14 02:45:43.372344+00:00,KMDW,2026-05-14,1,70.0,,0,0.16114359218773683,0.07529176212700261,0.025967257303167637,0.005668849444189146,65.58850384521486,3.068923667415674,"ECMWF:0.35,GFS:0.30,NBM:0.35",OPEN,YES,-8.500000000000007
50520,KXHIGHCHI-26MAY14-B62.5,2026-05-14 02:45:42.788076+00:00,KMDW,2026-05-14,1,62.0,64.0,0,0.20137606058706792,0.1812247553424945,0.040552317777566446,0.032842411948946985,65.58850384521486,3.068923667415674,"ECMWF:0.35,GFS:0.30,NBM:0.35",SKIP,YES,
50519,KXHIGHCHI-26MAY14-B68.5,2026-05-14 02:45:42.231625+00:00,KMDW,2026-05-14,1,68.0,70.0,0,0.1207862692900907,0.1407066869380339,0.014589322849018309,0.019798371749077878,65.58850384521486,3.068923667415674,"ECMWF:0.35,GFS:0.30,NBM:0.35",OPEN,YES,-19.960000000000015
50506,KXHIGHCHI-26MAY14-B64.5,2026-05-14 02:40:06.839639+00:00,KMDW,2026-05-14,1,64.0,66.0,1,0.16700309858376225,0.25096685957116477,0.6938838377690533,0.5610506454606833,65.58850384521486,3.068923667415674,"ECMWF:0.35,GFS:0.30,NBM:0.35",OPEN,NO,-19.389999999999997
50505,KXHIGHCHI-26MAY14-B62.5,2026-05-14 02:40:06.264164+00:00,KMDW,2026-05-14,1,62.0,64.0,0,0.2005326848947494,0.1812247553424945,0.04021335771109685,0.032842411948946985,65.58850384521486,3.068923667415674,"ECMWF:0.35,GFS:0.30,NBM:0.35",SKIP,YES,
50504,KXHIGHCHI-26MAY14-T62,2026-05-14 02:40:05.676906+00:00,KMDW,2026-05-14,1,,62.0,0,0.25136625011062586,0.12114064347363268,0.06318499169467771,0.014675055501205785,65.58850384521486,3.068923667415674,"ECMWF:0.35,GFS:0.30,NBM:0.35",OPEN,YES,-1.0599999999999998
50503,KXHIGHCHI-26MAY14-B66.5,2026-05-14 02:40:05.109708+00:00,KMDW,2026-05-14,1,66.0,68.0,0,0.1417161549151765,0.23066929254767155,0.020083468563942306,0.05320832252444328,65.58850384521486,3.068923667415674,"ECMWF:0.35,GFS:0.30,NBM:0.35",OPEN,NO,7.700000000000001
50502,KXHIGHCHI-26MAY14-T69,2026-05-14 02:40:04.506639+00:00,KMDW,2026-05-14,1,70.0,,0,0.16080822603524808,0.07529176212700261,0.025859285560603438,0.005668849444189146,65.58850384521486,3.068923667415674,"ECMWF:0.35,GFS:0.30,NBM:0.35",OPEN,YES,-5.760000000000005
50501,KXHIGHCHI-26MAY14-B68.5,2026-05-14 02:40:03.896649+00:00,KMDW,2026-05-14,1,68.0,70.0,0,0.1200691285220987,0.1407066869380339,0.014416595624056254,0.019798371749077878,65.58850384521486,3.068923667415674,"ECMWF:0.35,GFS:0.30,NBM:0.35",OPEN,YES,-19.960000000000015
50488,KXHIGHCHI-26MAY14-B66.5,2026-05-14 02:34:54.818017+00:00,KMDW,2026-05-14,1,66.0,68.0,0,0.14144262904748459,0.23066929254767155,0.02000601731186433,0.05320832252444328,65.58850384521486,3.068923667415674,"ECMWF:0.35,GFS:0.30,NBM:0.35",OPEN,NO,7.700000000000001
50487,KXHIGHCHI-26MAY14-T62,2026-05-14 02:34:54.235131+00:00,KMDW,2026-05-14,1,,62.0,0,0.25338655623072276,0.12114064347363268,0.06420474687846522,0.014675055501205785,65.58850384521486,3.068923667415674,"ECMWF:0.35,GFS:0.30,NBM:0.35",OPEN,YES,-6.9899999999999975
50486,KXHIGHCHI-26MAY14-B64.5,2026-05-14 02:34:53.682315+00:00,KMDW,2026-05-14,1,64.0,66.0,1,0.16700309858376225,0.25096685957116477,0.6938838377690533,0.5610506454606833,65.58850384521486,3.068923667415674,"ECMWF:0.35,GFS:0.30,NBM:0.35",OPEN,NO,-19.74
50485,KXHIGHCHI-26MAY14-T69,2026-05-14 02:34:53.071800+00:00,KMDW,2026-05-14,1,70.0,,0,0.16050125287166112,0.07529176212700261,0.025760652173372905,0.005668849444189146,65.58850384521486,3.068923667415674,"ECMWF:0.35,GFS:0.30,NBM:0.35",OPEN,YES,-5.760000000000005
50484,KXHIGHCHI-26MAY14-B62.5,2026-05-14 02:34:52.472590+00:00,KMDW,2026-05-14,1,62.0,64.0,0,0.19975563678282646,0.1812247553424945,0.03990231442651249,0.032842411948946985,65.58850384521486,3.068923667415674,"ECMWF:0.35,GFS:0.30,NBM:0.35",SKIP,YES,
50483,KXHIGHCHI-26MAY14-B68.5,2026-05-14 02:34:51.905273+00:00,KMDW,2026-05-14,1,68.0,70.0,0,0.11940636954520353,0.1407066869380339,0.01425788108796571,0.019798371749077878,65.58850384521486,3.068923667415674,"ECMWF:0.35,GFS:0.30,NBM:0.35",OPEN,YES,-19.960000000000015
50470,KXHIGHCHI-26MAY14-B64.5,2026-05-14 02:29:31.443015+00:00,KMDW,2026-05-14,1,64.0,66.0,1,0.16700309858376225,0.25096685957116477,0.6938838377690533,0.5610506454606833,65.58850384521486,3.068923667415674,"ECMWF:0.35,GFS:0.30,NBM:0.35",OPEN,NO,-19.389999999999997
50469,KXHIGHCHI-26MAY14-T69,2026-05-14 02:29:30.878487+00:00,KMDW,2026-05-14,1,70.0,,0,0.16018512282437197,0.07529176212700261,0.025659273574259133,0.005668849444189146,65.58850384521486,3.068923667415674,"ECMWF:0.35,GFS:0.30,NBM:0.35",OPEN,YES,-5.760000000000005
50468,KXHIGHCHI-26MAY14-T62,2026-05-14 02:29:30.296700+00:00,KMDW,2026-05-14,1,,62.0,0,0.25548048191157796,0.12114064347363268,0.06527027663777211,0.014675055501205785,65.58850384521486,3.068923667415674,"ECMWF:0.35,GFS:0.30,NBM:0.35",OPEN,YES,-6.9899999999999975
50467,KXHIGHCHI-26MAY14-B66.5,2026-05-14 02:29:29.746302+00:00,KMDW,2026-05-14,1,66.0,68.0,0,0.1411591359505517,0.23066929254767155,0.01992590166230634,0.05320832252444328,65.58850384521486,3.068923667415674,"ECMWF:0.35,GFS:0.30,NBM:0.35",OPEN,NO,7.700000000000001
50466,KXHIGHCHI-26MAY14-B68.5,2026-05-14 02:29:29.188447+00:00,KMDW,2026-05-14,1,68.0,70.0,0,0.1187174306020515,0.1407066869380339,0.014093828328752915,0.019798371749077878,65.58850384521486,3.068923667415674,"ECMWF:0.35,GFS:0.30,NBM:0.35",OPEN,YES,-19.960000000000015
50465,KXHIGHCHI-26MAY14-B62.5,2026-05-14 02:29:28.611762+00:00,KMDW,2026-05-14,1,62.0,64.0,0,0.19895027318934544,0.1812247553424945,0.039581211202115184,0.032842411948946985,65.58850384521486,3.068923667415674,"ECMWF:0.35,GFS:0.30,NBM:0.35",SKIP,YES,
50452,KXHIGHCHI-26MAY14-T62,2026-05-14 02:24:06.509651+00:00,KMDW,2026-05-14,1,,62.0,0,0.25758570394090874,0.12114064347363268,0.06635039487473349,0.014675055501205785,65.58850384521486,3.068923667415674,"ECMWF:0.35,GFS:0.30,NBM:0.35",OPEN,YES,-6.9899999999999975
50451,KXHIGHCHI-26MAY14-B62.5,2026-05-14 02:24:05.939024+00:00,KMDW,2026-05-14,1,62.0,64.0,0,0.19814056480565118,0.1812247553424945,0.039259683421502455,0.032842411948946985,65.58850384521486,3.068923667415674,"ECMWF:0.35,GFS:0.30,NBM:0.35",SKIP,YES,
50450,KXHIGHCHI-26MAY14-B66.5,2026-05-14 02:24:05.369574+00:00,KMDW,2026-05-14,1,66.0,68.0,0,0.1408741134598863,0.23066929254767155,0.019845515843108917,0.05320832252444328,65.58850384521486,3.068923667415674,"ECMWF:0.35,GFS:0.30,NBM:0.35",OPEN,NO,7.700000000000001
50449,KXHIGHCHI-26MAY14-B68.5,2026-05-14 02:24:04.802976+00:00,KMDW,2026-05-14,1,68.0,70.0,0,0.11802270612933294,0.1407066869380339,0.013929359162090883,0.019798371749077878,65.58850384521486,3.068923667415674,"ECMWF:0.35,GFS:0.30,NBM:0.35",OPEN,YES,-19.960000000000015
50448,KXHIGHCHI-26MAY14-B64.5,2026-05-14 02:24:04.230912+00:00,KMDW,2026-05-14,1,64.0,66.0,1,0.16700309858376236,0.25096685957116477,0.693883837769053,0.5610506454606833,65.58850384521486,3.068923667415674,"ECMWF:0.35,GFS:0.30,NBM:0.35",OPEN,NO,-19.389999999999997
50447,KXHIGHCHI-26MAY14-T69,2026-05-14 02:24:03.665648+00:00,KMDW,2026-05-14,1,70.0,,0,0.15986935614211922,0.07529176212700261,0.025558211033295752,0.005668849444189146,65.58850384521486,3.068923667415674,"ECMWF:0.35,GFS:0.30,NBM:0.35",OPEN,YES,-5.760000000000005
50434,KXHIGHCHI-26MAY14-B66.5,2026-05-14 02:18:45.319161+00:00,KMDW,2026-05-14,1,66.0,68.0,0,0.14059243518772055,0.23066929254767155,0.019766232832013404,0.05320832252444328,65.58850384521486,3.068923667415674,"ECMWF:0.35,GFS:0.30,NBM:0.35",OPEN,NO,7.440000000000001
50433,KXHIGHCHI-26MAY14-T62,2026-05-14 02:18:44.734230+00:00,KMDW,2026-05-14,1,,62.0,0,0.2596662250336888,0.12114064347363268,0.06742654842324632,0.014675055501205785,65.58850384521486,3.068923667415674,"ECMWF:0.35,GFS:0.30,NBM:0.35",OPEN,YES,-4.039999999999999
50432,KXHIGHCHI-26MAY14-B68.5,2026-05-14 02:18:44.179317+00:00,KMDW,2026-05-14,1,68.0,70.0,0,0.11733410817706044,0.1407066869380339,0.013767292941706121,0.019798371749077878,65.58850384521486,3.068923667415674,"ECMWF:0.35,GFS:0.30,NBM:0.35",OPEN,YES,-19.960000000000015
50431,KXHIGHCHI-26MAY14-B64.5,2026-05-14 02:18:43.619607+00:00,KMDW,2026-05-14,1,64.0,66.0,1,0.16700309858376225,0.25096685957116477,0.6938838377690533,0.5610506454606833,65.58850384521486,3.068923667415674,"ECMWF:0.35,GFS:0.30,NBM:0.35",OPEN,NO,-19.74
50430,KXHIGHCHI-26MAY14-T69,2026-05-14 02:18:43.034429+00:00,KMDW,2026-05-14,1,70.0,,0,0.15955931920804806,0.07529176212700261,0.025459176346135773,0.005668849444189146,65.58850384521486,3.068923667415674,"ECMWF:0.35,GFS:0.30,NBM:0.35",OPEN,YES,-5.760000000000005
50429,KXHIGHCHI-26MAY14-B62.5,2026-05-14 02:18:42.405316+00:00,KMDW,2026-05-14,1,62.0,64.0,0,0.19734035687138068,0.1812247553424945,0.038943216450123885,0.032842411948946985,65.58850384521486,3.068923667415674,"ECMWF:0.35,GFS:0.30,NBM:0.35",SKIP,YES,
50416,KXHIGHCHI-26MAY14-T62,2026-05-14 02:13:16.188210+00:00,KMDW,2026-05-14,1,,62.0,0,0.2617975532680967,0.12114064347363268,0.06853795889716194,0.014675055501205785,65.58850384521486,3.068923667415674,"ECMWF:0.35,GFS:0.30,NBM:0.35",OPEN,YES,-4.039999999999999
50415,KXHIGHCHI-26MAY14-B64.5,2026-05-14 02:13:15.635931+00:00,KMDW,2026-05-14,1,64.0,66.0,1,0.16700309858376225,0.25096685957116477,0.6938838377690533,0.5610506454606833,65.58850384521486,3.068923667415674,"ECMWF:0.35,GFS:0.30,NBM:0.35",OPEN,NO,-19.389999999999997
50414,KXHIGHCHI-26MAY14-B62.5,2026-05-14 02:13:15.053159+00:00,KMDW,2026-05-14,1,62.0,64.0,0,0.1965206075452958,0.1812247553424945,0.03862034918997217,0.032842411948946985,65.58850384521486,3.068923667415674,"ECMWF:0.35,GFS:0.30,NBM:0.35",SKIP,YES,
50413,KXHIGHCHI-26MAY14-B68.5,2026-05-14 02:13:14.490495+00:00,KMDW,2026-05-14,1,68.0,70.0,0,0.11662662083151706,0.1407066869380339,0.01360176868657845,0.019798371749077878,65.58850384521486,3.068923667415674,"ECMWF:0.35,GFS:0.30,NBM:0.35",OPEN,YES,-19.960000000000015
50412,KXHIGHCHI-26MAY14-B66.5,2026-05-14 02:13:13.927254+00:00,KMDW,2026-05-14,1,66.0,68.0,0,0.1403038782215987,0.23066929254767155,0.0196851782440212,0.05320832252444328,65.58850384521486,3.068923667415674,"ECMWF:0.35,GFS:0.30,NBM:0.35",OPEN,NO,7.440000000000001
50411,KXHIGHCHI-26MAY14-T69,2026-05-14 02:13:13.355231+00:00,KMDW,2026-05-14,1,70.0,,0,0.15924378461139027,0.07529176212700261,0.025358582937358858,0.005668849444189146,65.58850384521486,3.068923667415674,"ECMWF:0.35,GFS:0.30,NBM:0.35",OPEN,YES,-5.760000000000005
50397,KXHIGHCHI-26MAY14-B66.5,2026-05-14 02:07:45.790659+00:00,KMDW,2026-05-14,1,66.0,68.0,0,0.14001471185970935,0.23066929254767155,0.019604119537157433,0.05320832252444328,65.58850384521486,3.068923667415674,"ECMWF:0.35,GFS:0.30,NBM:0.35",OPEN,NO,8.260000000000002
50396,KXHIGHCHI-26MAY14-T69,2026-05-14 02:07:45.219598+00:00,KMDW,2026-05-14,1,70.0,,0,0.15892967506321148,0.07529176212700261,0.025258641615697987,0.005668849444189146,65.58850384521486,3.068923667415674,"ECMWF:0.35,GFS:0.30,NBM:0.35",OPEN,YES,-5.760000000000005
50395,KXHIGHCHI-26MAY14-B64.5,2026-05-14 02:07:44.618386+00:00,KMDW,2026-05-14,1,64.0,66.0,1,0.16700309858376236,0.25096685957116477,0.693883837769053,0.5610506454606833,65.58850384521486,3.068923667415674,"ECMWF:0.35,GFS:0.30,NBM:0.35",OPEN,NO,-19.389999999999997
50394,KXHIGHCHI-26MAY14-B68.5,2026-05-14 02:07:44.026904+00:00,KMDW,2026-05-14,1,68.0,70.0,0,0.11591554794471602,0.1407066869380339,0.01343641425532376,0.019798371749077878,65.58850384521486,3.068923667415674,"ECMWF:0.35,GFS:0.30,NBM:0.35",OPEN,YES,-19.960000000000015
50393,KXHIGHCHI-26MAY14-B62.5,2026-05-14 02:07:43.454806+00:00,KMDW,2026-05-14,1,62.0,64.0,0,0.19569912701245432,0.1812247553424945,0.038298148313436725,0.032842411948946985,65.58850384521486,3.068923667415674,"ECMWF:0.35,GFS:0.30,NBM:0.35",SKIP,YES,
50392,KXHIGHCHI-26MAY14-T62,2026-05-14 02:07:42.883855+00:00,KMDW,2026-05-14,1,,62.0,0,0.26393338259780724,0.12114064347363268,0.0696608304495205,0.014675055501205785,65.58850384521486,3.068923667415674,"ECMWF:0.35,GFS:0.30,NBM:0.35",OPEN,YES,-4.039999999999999
50379,KXHIGHCHI-26MAY14-B62.5,2026-05-14 02:02:08.281383+00:00,KMDW,2026-05-14,1,62.0,64.0,0,0.22326165577649953,0.1812247553424945,0.049845766940064165,0.032842411948946985,65.58850384521486,3.068923667415674,"ECMWF:0.35,GFS:0.30,NBM:0.35",SKIP,YES,
50378,KXHIGHCHI-26MAY14-T62,2026-05-14 02:02:07.695827+00:00,KMDW,2026-05-14,1,,62.0,0,0.1935367155731093,0.12114064347363268,0.03745646027482661,0.014675055501205785,65.58850384521486,3.068923667415674,"ECMWF:0.35,GFS:0.30,NBM:0.35",OPEN,YES,-9.799999999999995
56794,KXHIGHMIA-26MAY14-T93,2026-05-14 23:55:47.834345+00:00,KMIA,2026-05-14,0,94.0,,1,0.84,0.1272490122135016,0.02560000000000001,0.7616942866823087,87.6829128417969,5.543775157253378,"ECMWF:0.15,GFS:0.15,HRRR:0.40,NBM:0.30",OPEN,NO,-19.990000000000016
56793,KXHIGHMIA-26MAY14-B86.5,2026-05-14 23:55:47.276587+00:00,KMIA,2026-05-14,0,86.0,88.0,0,0.02827537214471399,0.14207734550975365,0.0007994966699220678,0.020185972107097917,87.6829128417969,5.543775157253378,"ECMWF:0.15,GFS:0.15,HRRR:0.40,NBM:0.30",OPEN,YES,-19.990000000000016
56792,KXHIGHMIA-26MAY14-B90.5,2026-05-14 23:55:46.670817+00:00,KMIA,2026-05-14,0,90.0,92.0,0,0.02827537214471399,0.11991717660365953,0.0007994966699220678,0.014380129244593268,87.6829128417969,5.543775157253378,"ECMWF:0.15,GFS:0.15,HRRR:0.40,NBM:0.30",OPEN,YES,-19.990000000000016
56791,KXHIGHMIA-26MAY14-B88.5,2026-05-14 23:55:46.037068+00:00,KMIA,2026-05-14,0,88.0,90.0,0,0.028275372144714005,0.1392066815512648,0.0007994966699220687,0.019378500188515252,87.6829128417969,5.543775157253378,"ECMWF:0.15,GFS:0.15,HRRR:0.40,NBM:0.30",OPEN,YES,-19.990000000000016
56760,KXHIGHMIA-26MAY14-T86,2026-05-14 23:55:26.573787+00:00,KMIA,2026-05-14,0,,86.0,0,0.02827537214471399,0.3807285098002557,0.0007994966699220678,0.14495419817472338,87.6829128417969,5.543775157253378,"ECMWF:0.15,GFS:0.15,HRRR:0.40,NBM:0.30",OPEN,YES,-19.990000000000016
56759,KXHIGHMIA-26MAY14-B92.5,2026-05-14 23:55:25.926141+00:00,KMIA,2026-05-14,0,92.0,94.0,0,0.028275372144714005,0.09082127432156473,0.0007994966699220687,0.008248503869392913,87.6829128417969,5.543775157253378,"ECMWF:0.15,GFS:0.15,HRRR:0.40,NBM:0.30",OPEN,YES,-19.990000000000016
56758,KXHIGHMIA-26MAY14-T93,2026-05-14 23:50:14.615828+00:00,KMIA,2026-05-14,0,94.0,,1,0.84,0.1272490122135016,0.02560000000000001,0.7616942866823087,87.6829128417969,5.543775157253378,"ECMWF:0.15,GFS:0.15,HRRR:0.40,NBM:0.30",OPEN,NO,-19.990000000000016
56757,KXHIGHMIA-26MAY14-T86,2026-05-14 23:50:14.034801+00:00,KMIA,2026-05-14,0,,86.0,0,0.028275372144714005,0.3807285098002557,0.0007994966699220687,0.14495419817472338,87.6829128417969,5.543775157253378,"ECMWF:0.15,GFS:0.15,HRRR:0.40,NBM:0.30",OPEN,YES,-19.990000000000016
56756,KXHIGHMIA-26MAY14-B88.5,2026-05-14 23:50:13.402079+00:00,KMIA,2026-05-14,0,88.0,90.0,0,0.028275372144713984,0.1392066815512648,0.0007994966699220675,0.019378500188515252,87.6829128417969,5.543775157253378,"ECMWF:0.15,GFS:0.15,HRRR:0.40,NBM:0.30",OPEN,YES,-19.990000000000016
56755,KXHIGHMIA-26MAY14-B86.5,2026-05-14 23:50:12.783539+00:00,KMIA,2026-05-14,0,86.0,88.0,0,0.02827537214471399,0.14207734550975365,0.0007994966699220678,0.020185972107097917,87.6829128417969,5.543775157253378,"ECMWF:0.15,GFS:0.15,HRRR:0.40,NBM:0.30",OPEN,YES,-19.990000000000016
56754,KXHIGHMIA-26MAY14-B90.5,2026-05-14 23:50:12.135065+00:00,KMIA,2026-05-14,0,90.0,92.0,0,0.028275372144714005,0.11991717660365953,0.0007994966699220687,0.014380129244593268,87.6829128417969,5.543775157253378,"ECMWF:0.15,GFS:0.15,HRRR:0.40,NBM:0.30",OPEN,YES,-19.990000000000016
56723,KXHIGHMIA-26MAY14-B92.5,2026-05-14 23:49:52.857080+00:00,KMIA,2026-05-14,0,92.0,94.0,0,0.02827537214471401,0.09082127432156473,0.000799496669922069,0.008248503869392913,87.6829128417969,5.543775157253378,"ECMWF:0.15,GFS:0.15,HRRR:0.40,NBM:0.30",OPEN,YES,-19.990000000000016
56722,KXHIGHMIA-26MAY14-T93,2026-05-14 23:44:51.191919+00:00,KMIA,2026-05-14,0,94.0,,1,0.84,0.1272490122135016,0.02560000000000001,0.7616942866823087,87.6829128417969,5.543775157253378,"ECMWF:0.15,GFS:0.15,HRRR:0.40,NBM:0.30",OPEN,NO,-19.990000000000016
56721,KXHIGHMIA-26MAY14-B88.5,2026-05-14 23:44:50.609901+00:00,KMIA,2026-05-14,0,88.0,90.0,0,0.028275372144714005,0.1392066815512648,0.0007994966699220687,0.019378500188515252,87.6829128417969,5.543775157253378,"ECMWF:0.15,GFS:0.15,HRRR:0.40,NBM:0.30",OPEN,YES,-19.990000000000016
56720,KXHIGHMIA-26MAY14-B86.5,2026-05-14 23:44:49.974022+00:00,KMIA,2026-05-14,0,86.0,88.0,0,0.02827537214471399,0.14207734550975365,0.0007994966699220678,0.020185972107097917,87.6829128417969,5.543775157253378,"ECMWF:0.15,GFS:0.15,HRRR:0.40,NBM:0.30",OPEN,YES,-19.990000000000016
56719,KXHIGHMIA-26MAY14-B92.5,2026-05-14 23:44:49.344304+00:00,KMIA,2026-05-14,0,92.0,94.0,0,0.02827537214471399,0.09082127432156473,0.0007994966699220678,0.008248503869392913,87.6829128417969,5.543775157253378,"ECMWF:0.15,GFS:0.15,HRRR:0.40,NBM:0.30",OPEN,YES,-19.990000000000016
56718,KXHIGHMIA-26MAY14-B90.5,2026-05-14 23:44:48.737402+00:00,KMIA,2026-05-14,0,90.0,92.0,0,0.02827537214471399,0.11991717660365953,0.0007994966699220678,0.014380129244593268,87.6829128417969,5.543775157253378,"ECMWF:0.15,GFS:0.15,HRRR:0.40,NBM:0.30",OPEN,YES,-19.990000000000016
56717,KXHIGHMIA-26MAY14-T86,2026-05-14 23:44:48.107565+00:00,KMIA,2026-05-14,0,,86.0,0,0.02827537214471399,0.3807285098002557,0.0007994966699220678,0.14495419817472338,87.6829128417969,5.543775157253378,"ECMWF:0.15,GFS:0.15,HRRR:0.40,NBM:0.30",OPEN,YES,-19.990000000000016
56686,KXHIGHMIA-26MAY14-B86.5,2026-05-14 23:39:28.067503+00:00,KMIA,2026-05-14,0,86.0,88.0,0,0.02827537214471399,0.14207734550975365,0.0007994966699220678,0.020185972107097917,87.6829128417969,5.543775157253378,"ECMWF:0.15,GFS:0.15,HRRR:0.40,NBM:0.30",OPEN,YES,-19.990000000000016
56685,KXHIGHMIA-26MAY14-B92.5,2026-05-14 23:39:27.464917+00:00,KMIA,2026-05-14,0,92.0,94.0,0,0.02827537214471399,0.09082127432156473,0.0007994966699220678,0.008248503869392913,87.6829128417969,5.543775157253378,"ECMWF:0.15,GFS:0.15,HRRR:0.40,NBM:0.30",OPEN,YES,-19.990000000000016
56684,KXHIGHMIA-26MAY14-T93,2026-05-14 23:39:26.850644+00:00,KMIA,2026-05-14,0,94.0,,1,0.84,0.1272490122135016,0.02560000000000001,0.7616942866823087,87.6829128417969,5.543775157253378,"ECMWF:0.15,GFS:0.15,HRRR:0.40,NBM:0.30",OPEN,NO,-19.990000000000016
56683,KXHIGHMIA-26MAY14-B90.5,2026-05-14 23:39:26.280113+00:00,KMIA,2026-05-14,0,90.0,92.0,0,0.02827537214471399,0.11991717660365953,0.0007994966699220678,0.014380129244593268,87.6829128417969,5.543775157253378,"ECMWF:0.15,GFS:0.15,HRRR:0.40,NBM:0.30",OPEN,YES,-19.990000000000016
56682,KXHIGHMIA-26MAY14-T86,2026-05-14 23:39:25.660722+00:00,KMIA,2026-05-14,0,,86.0,0,0.028275372144714005,0.3807285098002557,0.0007994966699220687,0.14495419817472338,87.6829128417969,5.543775157253378,"ECMWF:0.15,GFS:0.15,HRRR:0.40,NBM:0.30",OPEN,YES,-19.990000000000016
56651,KXHIGHMIA-26MAY14-B88.5,2026-05-14 23:39:06.232305+00:00,KMIA,2026-05-14,0,88.0,90.0,0,0.028275372144714005,0.1392066815512648,0.0007994966699220687,0.019378500188515252,87.6829128417969,5.543775157253378,"ECMWF:0.15,GFS:0.15,HRRR:0.40,NBM:0.30",OPEN,YES,-19.990000000000016
56650,KXHIGHMIA-26MAY14-B86.5,2026-05-14 23:34:03.083376+00:00,KMIA,2026-05-14,0,86.0,88.0,0,0.028275372144714005,0.14207734550975365,0.0007994966699220687,0.020185972107097917,87.6829128417969,5.543775157253378,"ECMWF:0.15,GFS:0.15,HRRR:0.40,NBM:0.30",OPEN,YES,-19.990000000000016
56649,KXHIGHMIA-26MAY14-B92.5,2026-05-14 23:34:02.489268+00:00,KMIA,2026-05-14,0,92.0,94.0,0,0.028275372144714005,0.09082127432156473,0.0007994966699220687,0.008248503869392913,87.6829128417969,5.543775157253378,"ECMWF:0.15,GFS:0.15,HRRR:0.40,NBM:0.30",OPEN,YES,-19.990000000000016
56648,KXHIGHMIA-26MAY14-T93,2026-05-14 23:34:01.863328+00:00,KMIA,2026-05-14,0,94.0,,1,0.84,0.1272490122135016,0.02560000000000001,0.7616942866823087,87.6829128417969,5.543775157253378,"ECMWF:0.15,GFS:0.15,HRRR:0.40,NBM:0.30",OPEN,NO,-19.990000000000016
56647,KXHIGHMIA-26MAY14-B90.5,2026-05-14 23:34:01.296012+00:00,KMIA,2026-05-14,0,90.0,92.0,0,0.02827537214471399,0.11991717660365953,0.0007994966699220678,0.014380129244593268,87.6829128417969,5.543775157253378,"ECMWF:0.15,GFS:0.15,HRRR:0.40,NBM:0.30",OPEN,YES,-19.990000000000016
56646,KXHIGHMIA-26MAY14-T86,2026-05-14 23:34:00.682245+00:00,KMIA,2026-05-14,0,,86.0,0,0.02827537214471399,0.3807285098002557,0.0007994966699220678,0.14495419817472338,87.6829128417969,5.543775157253378,"ECMWF:0.15,GFS:0.15,HRRR:0.40,NBM:0.30",OPEN,YES,-19.990000000000016
56615,KXHIGHMIA-26MAY14-B88.5,2026-05-14 23:33:41.611144+00:00,KMIA,2026-05-14,0,88.0,90.0,0,0.028275372144714005,0.1392066815512648,0.0007994966699220687,0.019378500188515252,87.6829128417969,5.543775157253378,"ECMWF:0.15,GFS:0.15,HRRR:0.40,NBM:0.30",OPEN,YES,-19.990000000000016
56614,KXHIGHMIA-26MAY14-B86.5,2026-05-14 23:28:35.120332+00:00,KMIA,2026-05-14,0,86.0,88.0,0,0.028275372144714005,0.14207734550975365,0.0007994966699220687,0.020185972107097917,87.6829128417969,5.543775157253378,"ECMWF:0.15,GFS:0.15,HRRR:0.40,NBM:0.30",OPEN,YES,-19.990000000000016
56613,KXHIGHMIA-26MAY14-B92.5,2026-05-14 23:28:34.524443+00:00,KMIA,2026-05-14,0,92.0,94.0,0,0.028275372144713984,0.09082127432156473,0.0007994966699220675,0.008248503869392913,87.6829128417969,5.543775157253378,"ECMWF:0.15,GFS:0.15,HRRR:0.40,NBM:0.30",OPEN,YES,-19.990000000000016
56612,KXHIGHMIA-26MAY14-T93,2026-05-14 23:28:33.925214+00:00,KMIA,2026-05-14,0,94.0,,1,0.84,0.1272490122135016,0.02560000000000001,0.7616942866823087,87.6829128417969,5.543775157253378,"ECMWF:0.15,GFS:0.15,HRRR:0.40,NBM:0.30",OPEN,NO,-19.990000000000016
56611,KXHIGHMIA-26MAY14-T86,2026-05-14 23:28:33.283569+00:00,KMIA,2026-05-14,0,,86.0,0,0.028275372144714005,0.3807285098002557,0.0007994966699220687,0.14495419817472338,87.6829128417969,5.543775157253378,"ECMWF:0.15,GFS:0.15,HRRR:0.40,NBM:0.30",OPEN,YES,-19.990000000000016
56610,KXHIGHMIA-26MAY14-B90.5,2026-05-14 23:28:32.600922+00:00,KMIA,2026-05-14,0,90.0,92.0,0,0.028275372144714005,0.11991717660365953,0.0007994966699220687,0.014380129244593268,87.6829128417969,5.543775157253378,"ECMWF:0.15,GFS:0.15,HRRR:0.40,NBM:0.30",OPEN,YES,-19.990000000000016
56579,KXHIGHMIA-26MAY14-B88.5,2026-05-14 23:28:13.359253+00:00,KMIA,2026-05-14,0,88.0,90.0,0,0.02827537214471399,0.1392066815512648,0.0007994966699220678,0.019378500188515252,87.6829128417969,5.543775157253378,"ECMWF:0.15,GFS:0.15,HRRR:0.40,NBM:0.30",OPEN,YES,-19.990000000000016
56578,KXHIGHMIA-26MAY14-B86.5,2026-05-14 23:23:11.408474+00:00,KMIA,2026-05-14,0,86.0,88.0,0,0.028275372144714005,0.14207734550975365,0.0007994966699220687,0.020185972107097917,87.6829128417969,5.543775157253378,"ECMWF:0.15,GFS:0.15,HRRR:0.40,NBM:0.30",OPEN,YES,-19.990000000000016
56577,KXHIGHMIA-26MAY14-B90.5,2026-05-14 23:23:10.800515+00:00,KMIA,2026-05-14,0,90.0,92.0,0,0.028275372144713984,0.11991717660365953,0.0007994966699220675,0.014380129244593268,87.6829128417969,5.543775157253378,"ECMWF:0.15,GFS:0.15,HRRR:0.40,NBM:0.30",OPEN,YES,-19.990000000000016
56576,KXHIGHMIA-26MAY14-T86,2026-05-14 23:23:10.181545+00:00,KMIA,2026-05-14,0,,86.0,0,0.028275372144714005,0.3807285098002557,0.0007994966699220687,0.14495419817472338,87.6829128417969,5.543775157253378,"ECMWF:0.15,GFS:0.15,HRRR:0.40,NBM:0.30",OPEN,YES,-19.990000000000016
56575,KXHIGHMIA-26MAY14-T93,2026-05-14 23:23:09.576688+00:00,KMIA,2026-05-14,0,94.0,,1,0.84,0.1272490122135016,0.02560000000000001,0.7616942866823087,87.6829128417969,5.543775157253378,"ECMWF:0.15,GFS:0.15,HRRR:0.40,NBM:0.30",OPEN,NO,-19.990000000000016
56574,KXHIGHMIA-26MAY14-B92.5,2026-05-14 23:23:09.022669+00:00,KMIA,2026-05-14,0,92.0,94.0,0,0.02827537214471399,0.09082127432156473,0.0007994966699220678,0.008248503869392913,87.6829128417969,5.543775157253378,"ECMWF:0.15,GFS:0.15,HRRR:0.40,NBM:0.30",OPEN,YES,-19.990000000000016
56543,KXHIGHMIA-26MAY14-B88.5,2026-05-14 23:22:50.011341+00:00,KMIA,2026-05-14,0,88.0,90.0,0,0.02827537214471399,0.1392066815512648,0.0007994966699220678,0.019378500188515252,87.6829128417969,5.543775157253378,"ECMWF:0.15,GFS:0.15,HRRR:0.40,NBM:0.30",OPEN,YES,-19.990000000000016
56542,KXHIGHMIA-26MAY14-B86.5,2026-05-14 23:17:48.678432+00:00,KMIA,2026-05-14,0,86.0,88.0,0,0.02827537214471399,0.14207734550975365,0.0007994966699220678,0.020185972107097917,87.6829128417969,5.543775157253378,"ECMWF:0.15,GFS:0.15,HRRR:0.40,NBM:0.30",OPEN,YES,-19.990000000000016
56541,KXHIGHMIA-26MAY14-B90.5,2026-05-14 23:17:48.061692+00:00,KMIA,2026-05-14,0,90.0,92.0,0,0.02827537214471399,0.11991717660365953,0.0007994966699220678,0.014380129244593268,87.6829128417969,5.543775157253378,"ECMWF:0.15,GFS:0.15,HRRR:0.40,NBM:0.30",OPEN,YES,-19.990000000000016
56540,KXHIGHMIA-26MAY14-B88.5,2026-05-14 23:17:47.454063+00:00,KMIA,2026-05-14,0,88.0,90.0,0,0.02827537214471399,0.1392066815512648,0.0007994966699220678,0.019378500188515252,87.6829128417969,5.543775157253378,"ECMWF:0.15,GFS:0.15,HRRR:0.40,NBM:0.30",OPEN,YES,-19.990000000000016
56539,KXHIGHMIA-26MAY14-T86,2026-05-14 23:17:46.844883+00:00,KMIA,2026-05-14,0,,86.0,0,0.02827537214471399,0.3807285098002557,0.0007994966699220678,0.14495419817472338,87.6829128417969,5.543775157253378,"ECMWF:0.15,GFS:0.15,HRRR:0.40,NBM:0.30",OPEN,YES,-19.990000000000016
56538,KXHIGHMIA-26MAY14-T93,2026-05-14 23:17:46.237590+00:00,KMIA,2026-05-14,0,94.0,,1,0.84,0.1272490122135016,0.02560000000000001,0.7616942866823087,87.6829128417969,5.543775157253378,"ECMWF:0.15,GFS:0.15,HRRR:0.40,NBM:0.30",OPEN,NO,-19.990000000000016
56537,KXHIGHMIA-26MAY14-B92.5,2026-05-14 23:17:45.666900+00:00,KMIA,2026-05-14,0,92.0,94.0,0,0.028275372144714005,0.09082127432156473,0.0007994966699220687,0.008248503869392913,87.6829128417969,5.543775157253378,"ECMWF:0.15,GFS:0.15,HRRR:0.40,NBM:0.30",OPEN,YES,-19.990000000000016
56506,KXHIGHMIA-26MAY14-B86.5,2026-05-14 23:12:21.614611+00:00,KMIA,2026-05-14,0,86.0,88.0,0,0.028275372144714005,0.14207734550975365,0.0007994966699220687,0.020185972107097917,87.6829128417969,5.543775157253378,"ECMWF:0.15,GFS:0.15,HRRR:0.40,NBM:0.30",OPEN,YES,-19.990000000000016
56505,KXHIGHMIA-26MAY14-T93,2026-05-14 23:12:21.028239+00:00,KMIA,2026-05-14,0,94.0,,1,0.84,0.1272490122135016,0.02560000000000001,0.7616942866823087,87.6829128417969,5.543775157253378,"ECMWF:0.15,GFS:0.15,HRRR:0.40,NBM:0.30",OPEN,NO,-19.990000000000016
56504,KXHIGHMIA-26MAY14-B90.5,2026-05-14 23:12:20.465120+00:00,KMIA,2026-05-14,0,90.0,92.0,0,0.028275372144714005,0.11991717660365953,0.0007994966699220687,0.014380129244593268,87.6829128417969,5.543775157253378,"ECMWF:0.15,GFS:0.15,HRRR:0.40,NBM:0.30",OPEN,YES,-19.990000000000016
56503,KXHIGHMIA-26MAY14-B88.5,2026-05-14 23:12:19.842660+00:00,KMIA,2026-05-14,0,88.0,90.0,0,0.028275372144714005,0.1392066815512648,0.0007994966699220687,0.019378500188515252,87.6829128417969,5.543775157253378,"ECMWF:0.15,GFS:0.15,HRRR:0.40,NBM:0.30",OPEN,YES,-19.990000000000016
56502,KXHIGHMIA-26MAY14-T86,2026-05-14 23:12:19.220425+00:00,KMIA,2026-05-14,0,,86.0,0,0.028275372144714005,0.3807285098002557,0.0007994966699220687,0.14495419817472338,87.6829128417969,5.543775157253378,"ECMWF:0.15,GFS:0.15,HRRR:0.40,NBM:0.30",OPEN,YES,-19.990000000000016
56501,KXHIGHMIA-26MAY14-B92.5,2026-05-14 23:12:18.597479+00:00,KMIA,2026-05-14,0,92.0,94.0,0,0.02827537214471399,0.09082127432156473,0.0007994966699220678,0.008248503869392913,87.6829128417969,5.543775157253378,"ECMWF:0.15,GFS:0.15,HRRR:0.40,NBM:0.30",OPEN,YES,-19.990000000000016
56470,KXHIGHMIA-26MAY14-B86.5,2026-05-14 23:06:46.373927+00:00,KMIA,2026-05-14,0,86.0,88.0,0,0.02827537214471399,0.14207734550975365,0.0007994966699220678,0.020185972107097917,87.6829128417969,5.543775157253378,"ECMWF:0.15,GFS:0.15,HRRR:0.40,NBM:0.30",OPEN,YES,-19.990000000000016
56469,KXHIGHMIA-26MAY14-B88.5,2026-05-14 23:06:45.775816+00:00,KMIA,2026-05-14,0,88.0,90.0,0,0.02827537214471401,0.1392066815512648,0.000799496669922069,0.019378500188515252,87.6829128417969,5.543775157253378,"ECMWF:0.15,GFS:0.15,HRRR:0.40,NBM:0.30",OPEN,YES,-19.990000000000016
56468,KXHIGHMIA-26MAY14-T86,2026-05-14 23:06:45.154957+00:00,KMIA,2026-05-14,0,,86.0,0,0.02827537214471401,0.3807285098002557,0.000799496669922069,0.14495419817472338,87.6829128417969,5.543775157253378,"ECMWF:0.15,GFS:0.15,HRRR:0.40,NBM:0.30",OPEN,YES,-19.990000000000016
56467,KXHIGHMIA-26MAY14-T93,2026-05-14 23:06:44.543242+00:00,KMIA,2026-05-14,0,94.0,,1,0.84,0.1272490122135016,0.02560000000000001,0.7616942866823087,87.6829128417969,5.543775157253378,"ECMWF:0.15,GFS:0.15,HRRR:0.40,NBM:0.30",OPEN,NO,-19.990000000000016
56466,KXHIGHMIA-26MAY14-B92.5,2026-05-14 23:06:43.980055+00:00,KMIA,2026-05-14,0,92.0,94.0,0,0.02827537214471401,0.09082127432156473,0.000799496669922069,0.008248503869392913,87.6829128417969,5.543775157253378,"ECMWF:0.15,GFS:0.15,HRRR:0.40,NBM:0.30",OPEN,YES,-19.990000000000016
56465,KXHIGHMIA-26MAY14-B90.5,2026-05-14 23:06:43.381804+00:00,KMIA,2026-05-14,0,90.0,92.0,0,0.028275372144713984,0.11991717660365953,0.0007994966699220675,0.014380129244593268,87.6829128417969,5.543775157253378,"ECMWF:0.15,GFS:0.15,HRRR:0.40,NBM:0.30",OPEN,YES,-19.990000000000016
56434,KXHIGHMIA-26MAY14-B90.5,2026-05-14 23:01:15.934554+00:00,KMIA,2026-05-14,0,90.0,92.0,0,0.02827537214471401,0.11991717660365953,0.000799496669922069,0.014380129244593268,87.6829128417969,5.543775157253378,"ECMWF:0.15,GFS:0.15,HRRR:0.40,NBM:0.30",OPEN,YES,-19.990000000000016
56433,KXHIGHMIA-26MAY14-B86.5,2026-05-14 23:01:15.316448+00:00,KMIA,2026-05-14,0,86.0,88.0,0,0.028275372144714005,0.14207734550975365,0.0007994966699220687,0.020185972107097917,87.6829128417969,5.543775157253378,"ECMWF:0.15,GFS:0.15,HRRR:0.40,NBM:0.30",OPEN,YES,-19.990000000000016
56432,KXHIGHMIA-26MAY14-B88.5,2026-05-14 23:01:14.683424+00:00,KMIA,2026-05-14,0,88.0,90.0,0,0.028275372144714005,0.1392066815512648,0.0007994966699220687,0.019378500188515252,87.6829128417969,5.543775157253378,"ECMWF:0.15,GFS:0.15,HRRR:0.40,NBM:0.30",OPEN,YES,-19.990000000000016
56431,KXHIGHMIA-26MAY14-T86,2026-05-14 23:01:14.088616+00:00,KMIA,2026-05-14,0,,86.0,0,0.028275372144714005,0.3807285098002557,0.0007994966699220687,0.14495419817472338,87.6829128417969,5.543775157253378,"ECMWF:0.15,GFS:0.15,HRRR:0.40,NBM:0.30",OPEN,YES,-19.990000000000016
56430,KXHIGHMIA-26MAY14-B92.5,2026-05-14 23:01:13.388503+00:00,KMIA,2026-05-14,0,92.0,94.0,0,0.02827537214471399,0.09082127432156473,0.0007994966699220678,0.008248503869392913,87.6829128417969,5.543775157253378,"ECMWF:0.15,GFS:0.15,HRRR:0.40,NBM:0.30",OPEN,YES,-19.990000000000016
56399,KXHIGHMIA-26MAY14-T93,2026-05-14 23:00:54.610799+00:00,KMIA,2026-05-14,0,94.0,,1,0.84,0.1272490122135016,0.02560000000000001,0.7616942866823087,87.6829128417969,5.543775157253378,"ECMWF:0.15,GFS:0.15,HRRR:0.40,NBM:0.30",OPEN,NO,-19.990000000000016
56398,KXHIGHMIA-26MAY14-B86.5,2026-05-14 22:55:49.463941+00:00,KMIA,2026-05-14,0,86.0,88.0,0,0.02827537214471401,0.15716776763360818,0.000799496669922069,0.024701707182931854,88.11821313476565,4.914751991932679,"ECMWF:0.15,GFS:0.15,HRRR:0.40,NBM:0.30",OPEN,YES,-19.990000000000016
56397,KXHIGHMIA-26MAY14-T86,2026-05-14 22:55:48.865635+00:00,KMIA,2026-05-14,0,,86.0,0,0.028275372144714005,0.3332375120758826,0.0007994966699220687,0.111047239454524,88.11821313476565,4.914751991932679,"ECMWF:0.15,GFS:0.15,HRRR:0.40,NBM:0.30",OPEN,YES,-19.990000000000016
56396,KXHIGHMIA-26MAY14-B90.5,2026-05-14 22:55:48.274568+00:00,KMIA,2026-05-14,0,90.0,92.0,0,0.028275372144714005,0.1360869504535559,0.0007994966699220687,0.01851965808374858,88.11821313476565,4.914751991932679,"ECMWF:0.15,GFS:0.15,HRRR:0.40,NBM:0.30",OPEN,YES,-19.990000000000016
56395,KXHIGHMIA-26MAY14-B92.5,2026-05-14 22:55:47.678833+00:00,KMIA,2026-05-14,0,92.0,94.0,0,0.028275372144714005,0.09911568331039433,0.0007994966699220687,0.009823918678086381,88.11821313476565,4.914751991932679,"ECMWF:0.15,GFS:0.15,HRRR:0.40,NBM:0.30",OPEN,YES,-19.990000000000016
56364,KXHIGHMIA-26MAY14-T93,2026-05-14 22:55:28.707271+00:00,KMIA,2026-05-14,0,94.0,,1,0.84,0.11569972853512822,0.02560000000000001,0.7819869701128459,88.11821313476565,4.914751991932679,"ECMWF:0.15,GFS:0.15,HRRR:0.40,NBM:0.30",OPEN,NO,-19.990000000000016
56363,KXHIGHMIA-26MAY14-B88.5,2026-05-14 22:55:28.078907+00:00,KMIA,2026-05-14,0,88.0,90.0,0,0.028275372144714005,0.15869235799143078,0.0007994966699220687,0.025183264484880424,88.11821313476565,4.914751991932679,"ECMWF:0.15,GFS:0.15,HRRR:0.40,NBM:0.30",OPEN,YES,-19.990000000000016
56362,KXHIGHMIA-26MAY14-B86.5,2026-05-14 22:50:23.740209+00:00,KMIA,2026-05-14,0,86.0,88.0,0,0.02827537214471399,0.15716776763360818,0.0007994966699220678,0.024701707182931854,88.11821313476565,4.914751991932679,"ECMWF:0.15,GFS:0.15,HRRR:0.40,NBM:0.30",OPEN,YES,-19.990000000000016
56361,KXHIGHMIA-26MAY14-B92.5,2026-05-14 22:50:23.103168+00:00,KMIA,2026-05-14,0,92.0,94.0,0,0.028275372144714005,0.09911568331039433,0.0007994966699220687,0.009823918678086381,88.11821313476565,4.914751991932679,"ECMWF:0.15,GFS:0.15,HRRR:0.40,NBM:0.30",OPEN,YES,-19.990000000000016
56360,KXHIGHMIA-26MAY14-T86,2026-05-14 22:50:22.487148+00:00,KMIA,2026-05-14,0,,86.0,0,0.028275372144714005,0.3332375120758826,0.0007994966699220687,0.111047239454524,88.11821313476565,4.914751991932679,"ECMWF:0.15,GFS:0.15,HRRR:0.40,NBM:0.30",OPEN,YES,-19.990000000000016
56359,KXHIGHMIA-26MAY14-B90.5,2026-05-14 22:50:21.874103+00:00,KMIA,2026-05-14,0,90.0,92.0,0,0.02827537214471399,0.1360869504535559,0.0007994966699220678,0.01851965808374858,88.11821313476565,4.914751991932679,"ECMWF:0.15,GFS:0.15,HRRR:0.40,NBM:0.30",OPEN,YES,-19.990000000000016
56328,KXHIGHMIA-26MAY14-T93,2026-05-14 22:50:02.844807+00:00,KMIA,2026-05-14,0,94.0,,1,0.84,0.11569972853512822,0.02560000000000001,0.7819869701128459,88.11821313476565,4.914751991932679,"ECMWF:0.15,GFS:0.15,HRRR:0.40,NBM:0.30",OPEN,NO,-19.990000000000016
56327,KXHIGHMIA-26MAY14-B88.5,2026-05-14 22:50:02.263898+00:00,KMIA,2026-05-14,0,88.0,90.0,0,0.028275372144714005,0.15869235799143078,0.0007994966699220687,0.025183264484880424,88.11821313476565,4.914751991932679,"ECMWF:0.15,GFS:0.15,HRRR:0.40,NBM:0.30",OPEN,YES,-19.990000000000016
56326,KXHIGHMIA-26MAY14-B86.5,2026-05-14 22:44:54.202862+00:00,KMIA,2026-05-14,0,86.0,88.0,0,0.028275372144714005,0.15716776763360818,0.0007994966699220687,0.024701707182931854,88.11821313476565,4.914751991932679,"ECMWF:0.15,GFS:0.15,HRRR:0.40,NBM:0.30",OPEN,YES,-19.990000000000016
56325,KXHIGHMIA-26MAY14-B92.5,2026-05-14 22:44:53.602486+00:00,KMIA,2026-05-14,0,92.0,94.0,0,0.02827537214471399,0.09911568331039433,0.0007994966699220678,0.009823918678086381,88.11821313476565,4.914751991932679,"ECMWF:0.15,GFS:0.15,HRRR:0.40,NBM:0.30",OPEN,YES,-19.990000000000016
56324,KXHIGHMIA-26MAY14-T93,2026-05-14 22:44:52.995840+00:00,KMIA,2026-05-14,0,94.0,,1,0.84,0.11569972853512822,0.02560000000000001,0.7819869701128459,88.11821313476565,4.914751991932679,"ECMWF:0.15,GFS:0.15,HRRR:0.40,NBM:0.30",OPEN,NO,-19.990000000000016
56323,KXHIGHMIA-26MAY14-T86,2026-05-14 22:44:52.422736+00:00,KMIA,2026-05-14,0,,86.0,0,0.028275372144714005,0.3332375120758826,0.0007994966699220687,0.111047239454524,88.11821313476565,4.914751991932679,"ECMWF:0.15,GFS:0.15,HRRR:0.40,NBM:0.30",OPEN,YES,-19.990000000000016
56322,KXHIGHMIA-26MAY14-B90.5,2026-05-14 22:44:51.823299+00:00,KMIA,2026-05-14,0,90.0,92.0,0,0.028275372144714005,0.1360869504535559,0.0007994966699220687,0.01851965808374858,88.11821313476565,4.914751991932679,"ECMWF:0.15,GFS:0.15,HRRR:0.40,NBM:0.30",OPEN,YES,-19.990000000000016
56291,KXHIGHMIA-26MAY14-B88.5,2026-05-14 22:44:32.718161+00:00,KMIA,2026-05-14,0,88.0,90.0,0,0.028275372144714005,0.15869235799143078,0.0007994966699220687,0.025183264484880424,88.11821313476565,4.914751991932679,"ECMWF:0.15,GFS:0.15,HRRR:0.40,NBM:0.30",OPEN,YES,-19.990000000000016
56290,KXHIGHMIA-26MAY14-B86.5,2026-05-14 22:39:31.189898+00:00,KMIA,2026-05-14,0,86.0,88.0,0,0.028275372144714005,0.15716776763360818,0.0007994966699220687,0.024701707182931854,88.11821313476565,4.914751991932679,"ECMWF:0.15,GFS:0.15,HRRR:0.40,NBM:0.30",OPEN,YES,-19.990000000000016
56289,KXHIGHMIA-26MAY14-B92.5,2026-05-14 22:39:30.597710+00:00,KMIA,2026-05-14,0,92.0,94.0,0,0.028275372144714005,0.09911568331039433,0.0007994966699220687,0.009823918678086381,88.11821313476565,4.914751991932679,"ECMWF:0.15,GFS:0.15,HRRR:0.40,NBM:0.30",OPEN,YES,-19.990000000000016
56288,KXHIGHMIA-26MAY14-B88.5,2026-05-14 22:39:29.995029+00:00,KMIA,2026-05-14,0,88.0,90.0,0,0.028275372144714005,0.15869235799143078,0.0007994966699220687,0.025183264484880424,88.11821313476565,4.914751991932679,"ECMWF:0.15,GFS:0.15,HRRR:0.40,NBM:0.30",OPEN,YES,-19.990000000000016
56287,KXHIGHMIA-26MAY14-T86,2026-05-14 22:39:29.392606+00:00,KMIA,2026-05-14,0,,86.0,0,0.02827537214471399,0.3332375120758826,0.0007994966699220678,0.111047239454524,88.11821313476565,4.914751991932679,"ECMWF:0.15,GFS:0.15,HRRR:0.40,NBM:0.30",OPEN,YES,-19.990000000000016
56286,KXHIGHMIA-26MAY14-B90.5,2026-05-14 22:39:28.808235+00:00,KMIA,2026-05-14,0,90.0,92.0,0,0.028275372144714005,0.1360869504535559,0.0007994966699220687,0.01851965808374858,88.11821313476565,4.914751991932679,"ECMWF:0.15,GFS:0.15,HRRR:0.40,NBM:0.30",OPEN,YES,-19.990000000000016
56285,KXHIGHMIA-26MAY14-T93,2026-05-14 22:39:28.204655+00:00,KMIA,2026-05-14,0,94.0,,1,0.84,0.11569972853512822,0.02560000000000001,0.7819869701128459,88.11821313476565,4.914751991932679,"ECMWF:0.15,GFS:0.15,HRRR:0.40,NBM:0.30",OPEN,NO,-19.990000000000016
56254,KXHIGHMIA-26MAY14-T86,2026-05-14 22:34:00.641901+00:00,KMIA,2026-05-14,0,,86.0,0,0.02827537214471399,0.3332375120758826,0.0007994966699220678,0.111047239454524,88.11821313476565,4.914751991932679,"ECMWF:0.15,GFS:0.15,HRRR:0.40,NBM:0.30",OPEN,YES,-19.990000000000016
56253,KXHIGHMIA-26MAY14-B86.5,2026-05-14 22:34:00.028310+00:00,KMIA,2026-05-14,0,86.0,88.0,0,0.02827537214471399,0.15716776763360818,0.0007994966699220678,0.024701707182931854,88.11821313476565,4.914751991932679,"ECMWF:0.15,GFS:0.15,HRRR:0.40,NBM:0.30",OPEN,YES,-19.990000000000016
56252,KXHIGHMIA-26MAY14-B88.5,2026-05-14 22:33:59.419460+00:00,KMIA,2026-05-14,0,88.0,90.0,0,0.02827537214471399,0.15869235799143078,0.0007994966699220678,0.025183264484880424,88.11821313476565,4.914751991932679,"ECMWF:0.15,GFS:0.15,HRRR:0.40,NBM:0.30",OPEN,YES,-19.990000000000016
56251,KXHIGHMIA-26MAY14-T93,2026-05-14 22:33:58.805288+00:00,KMIA,2026-05-14,0,94.0,,1,0.84,0.11569972853512822,0.02560000000000001,0.7819869701128459,88.11821313476565,4.914751991932679,"ECMWF:0.15,GFS:0.15,HRRR:0.40,NBM:0.30",OPEN,NO,-19.990000000000016
56250,KXHIGHMIA-26MAY14-B90.5,2026-05-14 22:33:58.230217+00:00,KMIA,2026-05-14,0,90.0,92.0,0,0.02827537214471399,0.1360869504535559,0.0007994966699220678,0.01851965808374858,88.11821313476565,4.914751991932679,"ECMWF:0.15,GFS:0.15,HRRR:0.40,NBM:0.30",OPEN,YES,-19.990000000000016
56219,KXHIGHMIA-26MAY14-B92.5,2026-05-14 22:33:39.173621+00:00,KMIA,2026-05-14,0,92.0,94.0,0,0.028275372144714005,0.09911568331039433,0.0007994966699220687,0.009823918678086381,88.11821313476565,4.914751991932679,"ECMWF:0.15,GFS:0.15,HRRR:0.40,NBM:0.30",OPEN,YES,-19.990000000000016
56218,KXHIGHMIA-26MAY14-B92.5,2026-05-14 22:28:30.220989+00:00,KMIA,2026-05-14,0,92.0,94.0,0,0.028275372144714005,0.09911568331039433,0.0007994966699220687,0.009823918678086381,88.11821313476565,4.914751991932679,"ECMWF:0.15,GFS:0.15,HRRR:0.40,NBM:0.30",OPEN,YES,-19.990000000000016
56217,KXHIGHMIA-26MAY14-T93,2026-05-14 22:28:29.573019+00:00,KMIA,2026-05-14,0,94.0,,1,0.84,0.11569972853512822,0.02560000000000001,0.7819869701128459,88.11821313476565,4.914751991932679,"ECMWF:0.15,GFS:0.15,HRRR:0.40,NBM:0.30",OPEN,NO,-19.990000000000016
56216,KXHIGHMIA-26MAY14-B88.5,2026-05-14 22:28:29.006580+00:00,KMIA,2026-05-14,0,88.0,90.0,0,0.02827537214471399,0.15869235799143078,0.0007994966699220678,0.025183264484880424,88.11821313476565,4.914751991932679,"ECMWF:0.15,GFS:0.15,HRRR:0.40,NBM:0.30",OPEN,YES,-19.990000000000016
56215,KXHIGHMIA-26MAY14-T86,2026-05-14 22:28:28.380924+00:00,KMIA,2026-05-14,0,,86.0,0,0.028275372144714005,0.3332375120758826,0.0007994966699220687,0.111047239454524,88.11821313476565,4.914751991932679,"ECMWF:0.15,GFS:0.15,HRRR:0.40,NBM:0.30",OPEN,YES,-19.990000000000016
56214,KXHIGHMIA-26MAY14-B86.5,2026-05-14 22:28:27.703588+00:00,KMIA,2026-05-14,0,86.0,88.0,0,0.02827537214471399,0.15716776763360818,0.0007994966699220678,0.024701707182931854,88.11821313476565,4.914751991932679,"ECMWF:0.15,GFS:0.15,HRRR:0.40,NBM:0.30",OPEN,YES,-19.990000000000016
56213,KXHIGHMIA-26MAY14-B90.5,2026-05-14 22:28:27.086580+00:00,KMIA,2026-05-14,0,90.0,92.0,0,0.02827537214471399,0.1360869504535559,0.0007994966699220678,0.01851965808374858,88.11821313476565,4.914751991932679,"ECMWF:0.15,GFS:0.15,HRRR:0.40,NBM:0.30",OPEN,YES,-19.990000000000016
56182,KXHIGHMIA-26MAY14-B86.5,2026-05-14 22:23:01.048172+00:00,KMIA,2026-05-14,0,86.0,88.0,0,0.028275372144714005,0.15716776763360818,0.0007994966699220687,0.024701707182931854,88.11821313476565,4.914751991932679,"ECMWF:0.15,GFS:0.15,HRRR:0.40,NBM:0.30",OPEN,YES,-19.990000000000016
56181,KXHIGHMIA-26MAY14-B92.5,2026-05-14 22:23:00.420778+00:00,KMIA,2026-05-14,0,92.0,94.0,0,0.028275372144714005,0.09911568331039433,0.0007994966699220687,0.009823918678086381,88.11821313476565,4.914751991932679,"ECMWF:0.15,GFS:0.15,HRRR:0.40,NBM:0.30",OPEN,YES,-19.990000000000016
56180,KXHIGHMIA-26MAY14-T86,2026-05-14 22:22:59.776254+00:00,KMIA,2026-05-14,0,,86.0,0,0.02827537214471399,0.3332375120758826,0.0007994966699220678,0.111047239454524,88.11821313476565,4.914751991932679,"ECMWF:0.15,GFS:0.15,HRRR:0.40,NBM:0.30",OPEN,YES,-19.990000000000016
56179,KXHIGHMIA-26MAY14-T93,2026-05-14 22:22:59.177950+00:00,KMIA,2026-05-14,0,94.0,,1,0.84,0.11569972853512822,0.02560000000000001,0.7819869701128459,88.11821313476565,4.914751991932679,"ECMWF:0.15,GFS:0.15,HRRR:0.40,NBM:0.30",OPEN,NO,-19.990000000000016
56178,KXHIGHMIA-26MAY14-B88.5,2026-05-14 22:22:58.619022+00:00,KMIA,2026-05-14,0,88.0,90.0,0,0.028275372144714005,0.15869235799143078,0.0007994966699220687,0.025183264484880424,88.11821313476565,4.914751991932679,"ECMWF:0.15,GFS:0.15,HRRR:0.40,NBM:0.30",OPEN,YES,-19.990000000000016
56177,KXHIGHMIA-26MAY14-B90.5,2026-05-14 22:22:58.017319+00:00,KMIA,2026-05-14,0,90.0,92.0,0,0.028275372144714005,0.1360869504535559,0.0007994966699220687,0.01851965808374858,88.11821313476565,4.914751991932679,"ECMWF:0.15,GFS:0.15,HRRR:0.40,NBM:0.30",OPEN,YES,-19.990000000000016
56146,KXHIGHMIA-26MAY14-B86.5,2026-05-14 22:17:28.889094+00:00,KMIA,2026-05-14,0,86.0,88.0,0,0.02827537214471399,0.15716776763360818,0.0007994966699220678,0.024701707182931854,88.11821313476565,4.914751991932679,"ECMWF:0.15,GFS:0.15,HRRR:0.40,NBM:0.30",OPEN,YES,-19.990000000000016
56145,KXHIGHMIA-26MAY14-T93,2026-05-14 22:17:28.303660+00:00,KMIA,2026-05-14,0,94.0,,1,0.84,0.11569972853512822,0.02560000000000001,0.7819869701128459,88.11821313476565,4.914751991932679,"ECMWF:0.15,GFS:0.15,HRRR:0.40,NBM:0.30",OPEN,NO,-19.990000000000016
56144,KXHIGHMIA-26MAY14-B92.5,2026-05-14 22:17:27.765197+00:00,KMIA,2026-05-14,0,92.0,94.0,0,0.02827537214471399,0.09911568331039433,0.0007994966699220678,0.009823918678086381,88.11821313476565,4.914751991932679,"ECMWF:0.15,GFS:0.15,HRRR:0.40,NBM:0.30",OPEN,YES,-19.990000000000016
56143,KXHIGHMIA-26MAY14-B88.5,2026-05-14 22:17:27.165156+00:00,KMIA,2026-05-14,0,88.0,90.0,0,0.028275372144714005,0.15869235799143078,0.0007994966699220687,0.025183264484880424,88.11821313476565,4.914751991932679,"ECMWF:0.15,GFS:0.15,HRRR:0.40,NBM:0.30",OPEN,YES,-19.990000000000016
56142,KXHIGHMIA-26MAY14-B90.5,2026-05-14 22:17:26.557157+00:00,KMIA,2026-05-14,0,90.0,92.0,0,0.028275372144714005,0.1360869504535559,0.0007994966699220687,0.01851965808374858,88.11821313476565,4.914751991932679,"ECMWF:0.15,GFS:0.15,HRRR:0.40,NBM:0.30",OPEN,YES,-19.990000000000016
56111,KXHIGHMIA-26MAY14-T86,2026-05-14 22:17:07.397848+00:00,KMIA,2026-05-14,0,,86.0,0,0.02827537214471399,0.3332375120758826,0.0007994966699220678,0.111047239454524,88.11821313476565,4.914751991932679,"ECMWF:0.15,GFS:0.15,HRRR:0.40,NBM:0.30",OPEN,YES,-19.990000000000016
56110,KXHIGHMIA-26MAY14-B86.5,2026-05-14 22:12:05.824469+00:00,KMIA,2026-05-14,0,86.0,88.0,0,0.02827537214471399,0.15716776763360818,0.0007994966699220678,0.024701707182931854,88.11821313476565,4.914751991932679,"ECMWF:0.15,GFS:0.15,HRRR:0.40,NBM:0.30",OPEN,YES,-19.990000000000016
56109,KXHIGHMIA-26MAY14-T93,2026-05-14 22:12:05.176796+00:00,KMIA,2026-05-14,0,94.0,,1,0.84,0.11569972853512822,0.02560000000000001,0.7819869701128459,88.11821313476565,4.914751991932679,"ECMWF:0.15,GFS:0.15,HRRR:0.40,NBM:0.30",OPEN,NO,-19.990000000000016
56108,KXHIGHMIA-26MAY14-B92.5,2026-05-14 22:12:04.603911+00:00,KMIA,2026-05-14,0,92.0,94.0,0,0.02827537214471399,0.09911568331039433,0.0007994966699220678,0.009823918678086381,88.11821313476565,4.914751991932679,"ECMWF:0.15,GFS:0.15,HRRR:0.40,NBM:0.30",OPEN,YES,-19.990000000000016
56107,KXHIGHMIA-26MAY14-B90.5,2026-05-14 22:12:04.012485+00:00,KMIA,2026-05-14,0,90.0,92.0,0,0.02827537214471402,0.1360869504535559,0.0007994966699220694,0.01851965808374858,88.11821313476565,4.914751991932679,"ECMWF:0.15,GFS:0.15,HRRR:0.40,NBM:0.30",OPEN,YES,-19.990000000000016
56106,KXHIGHMIA-26MAY14-B88.5,2026-05-14 22:12:03.420904+00:00,KMIA,2026-05-14,0,88.0,90.0,0,0.028275372144714005,0.15869235799143078,0.0007994966699220687,0.025183264484880424,88.11821313476565,4.914751991932679,"ECMWF:0.15,GFS:0.15,HRRR:0.40,NBM:0.30",OPEN,YES,-19.990000000000016
56075,KXHIGHMIA-26MAY14-T86,2026-05-14 22:11:44.297623+00:00,KMIA,2026-05-14,0,,86.0,0,0.028275372144714005,0.3332375120758826,0.0007994966699220687,0.111047239454524,88.11821313476565,4.914751991932679,"ECMWF:0.15,GFS:0.15,HRRR:0.40,NBM:0.30",OPEN,YES,-19.990000000000016
56074,KXHIGHMIA-26MAY14-B86.5,2026-05-14 22:06:33.564519+00:00,KMIA,2026-05-14,0,86.0,88.0,0,0.028275372144714005,0.15716776763360818,0.0007994966699220687,0.024701707182931854,88.11821313476565,4.914751991932679,"ECMWF:0.15,GFS:0.15,HRRR:0.40,NBM:0.30",OPEN,YES,-19.990000000000016
56073,KXHIGHMIA-26MAY14-T93,2026-05-14 22:06:32.969339+00:00,KMIA,2026-05-14,0,94.0,,1,0.84,0.11569972853512822,0.02560000000000001,0.7819869701128459,88.11821313476565,4.914751991932679,"ECMWF:0.15,GFS:0.15,HRRR:0.40,NBM:0.30",OPEN,NO,-19.990000000000016
56072,KXHIGHMIA-26MAY14-B92.5,2026-05-14 22:06:32.418428+00:00,KMIA,2026-05-14,0,92.0,94.0,0,0.02827537214471399,0.09911568331039433,0.0007994966699220678,0.009823918678086381,88.11821313476565,4.914751991932679,"ECMWF:0.15,GFS:0.15,HRRR:0.40,NBM:0.30",OPEN,YES,-19.990000000000016
56071,KXHIGHMIA-26MAY14-T86,2026-05-14 22:06:31.826436+00:00,KMIA,2026-05-14,0,,86.0,0,0.02827537214471399,0.3332375120758826,0.0007994966699220678,0.111047239454524,88.11821313476565,4.914751991932679,"ECMWF:0.15,GFS:0.15,HRRR:0.40,NBM:0.30",OPEN,YES,-19.990000000000016
56070,KXHIGHMIA-26MAY14-B88.5,2026-05-14 22:06:31.209159+00:00,KMIA,2026-05-14,0,88.0,90.0,0,0.02827537214471399,0.15869235799143078,0.0007994966699220678,0.025183264484880424,88.11821313476565,4.914751991932679,"ECMWF:0.15,GFS:0.15,HRRR:0.40,NBM:0.30",OPEN,YES,-19.990000000000016
56069,KXHIGHMIA-26MAY14-B90.5,2026-05-14 22:06:30.566319+00:00,KMIA,2026-05-14,0,90.0,92.0,0,0.02827537214471399,0.1360869504535559,0.0007994966699220678,0.01851965808374858,88.11821313476565,4.914751991932679,"ECMWF:0.15,GFS:0.15,HRRR:0.40,NBM:0.30",OPEN,YES,-19.990000000000016
56038,KXHIGHMIA-26MAY14-T86,2026-05-14 22:01:10.428704+00:00,KMIA,2026-05-14,0,,86.0,0,0.02827537214471399,0.3332375120758826,0.0007994966699220678,0.111047239454524,88.11821313476565,4.914751991932679,"ECMWF:0.15,GFS:0.15,HRRR:0.40,NBM:0.30",OPEN,YES,-19.990000000000016
56037,KXHIGHMIA-26MAY14-B86.5,2026-05-14 22:01:09.734299+00:00,KMIA,2026-05-14,0,86.0,88.0,0,0.02827537214471399,0.15716776763360818,0.0007994966699220678,0.024701707182931854,88.11821313476565,4.914751991932679,"ECMWF:0.15,GFS:0.15,HRRR:0.40,NBM:0.30",OPEN,YES,-19.990000000000016
56036,KXHIGHMIA-26MAY14-B88.5,2026-05-14 22:01:09.151581+00:00,KMIA,2026-05-14,0,88.0,90.0,0,0.02827537214471399,0.15869235799143078,0.0007994966699220678,0.025183264484880424,88.11821313476565,4.914751991932679,"ECMWF:0.15,GFS:0.15,HRRR:0.40,NBM:0.30",OPEN,YES,-19.990000000000016
56035,KXHIGHMIA-26MAY14-B90.5,2026-05-14 22:01:08.553232+00:00,KMIA,2026-05-14,0,90.0,92.0,0,0.028275372144714005,0.1360869504535559,0.0007994966699220687,0.01851965808374858,88.11821313476565,4.914751991932679,"ECMWF:0.15,GFS:0.15,HRRR:0.40,NBM:0.30",OPEN,YES,-19.990000000000016
56004,KXHIGHMIA-26MAY14-T93,2026-05-14 22:00:49.528388+00:00,KMIA,2026-05-14,0,94.0,,1,0.84,0.11569972853512822,0.02560000000000001,0.7819869701128459,88.11821313476565,4.914751991932679,"ECMWF:0.15,GFS:0.15,HRRR:0.40,NBM:0.30",OPEN,NO,-19.990000000000016
56003,KXHIGHMIA-26MAY14-B92.5,2026-05-14 22:00:48.966781+00:00,KMIA,2026-05-14,0,92.0,94.0,0,0.02827537214471399,0.09911568331039433,0.0007994966699220678,0.009823918678086381,88.11821313476565,4.914751991932679,"ECMWF:0.15,GFS:0.15,HRRR:0.40,NBM:0.30",OPEN,YES,-19.990000000000016
56002,KXHIGHMIA-26MAY14-B88.5,2026-05-14 21:55:45.415581+00:00,KMIA,2026-05-14,0,88.0,90.0,0,0.028275372144714005,0.2176895232395366,0.0007994966699220687,0.04738872852825675,90.5869948730469,3.2023639834483855,"ECMWF:0.15,GFS:0.15,HRRR:0.40,NBM:0.30",OPEN,YES,-19.990000000000016
56001,KXHIGHMIA-26MAY14-T86,2026-05-14 21:55:44.801453+00:00,KMIA,2026-05-14,0,,86.0,0,0.028275372144714005,0.07601787333313026,0.0007994966699220687,0.005778717066091837,90.5869948730469,3.2023639834483855,"ECMWF:0.15,GFS:0.15,HRRR:0.40,NBM:0.30",OPEN,YES,-16.500000000000014
56000,KXHIGHMIA-26MAY14-T93,2026-05-14 21:55:44.216431+00:00,KMIA,2026-05-14,0,94.0,,1,0.84,0.14326228327851553,0.02560000000000001,0.7339995152531426,90.5869948730469,3.2023639834483855,"ECMWF:0.15,GFS:0.15,HRRR:0.40,NBM:0.30",OPEN,NO,-19.990000000000016
55999,KXHIGHMIA-26MAY14-B90.5,2026-05-14 21:55:43.642775+00:00,KMIA,2026-05-14,0,90.0,92.0,0,0.028275372144714005,0.24319857099501224,0.0007994966699220687,0.05914554493401601,90.5869948730469,3.2023639834483855,"ECMWF:0.15,GFS:0.15,HRRR:0.40,NBM:0.30",OPEN,YES,-19.990000000000016
55968,KXHIGHMIA-26MAY14-B86.5,2026-05-14 21:55:24.842333+00:00,KMIA,2026-05-14,0,86.0,88.0,0,0.028275372144714005,0.13357373014996726,0.0007994966699220687,0.01784194138617627,90.5869948730469,3.2023639834483855,"ECMWF:0.15,GFS:0.15,HRRR:0.40,NBM:0.30",OPEN,YES,-19.990000000000016
55967,KXHIGHMIA-26MAY14-B92.5,2026-05-14 21:55:24.242671+00:00,KMIA,2026-05-14,0,92.0,94.0,0,0.028275372144714005,0.1862580190038381,0.0007994966699220687,0.034692049643234114,90.5869948730469,3.2023639834483855,"ECMWF:0.15,GFS:0.15,HRRR:0.40,NBM:0.30",OPEN,YES,-19.990000000000016
55966,KXHIGHMIA-26MAY14-B92.5,2026-05-14 21:50:22.126692+00:00,KMIA,2026-05-14,0,92.0,94.0,0,0.028275372144714005,0.1862580190038381,0.0007994966699220687,0.034692049643234114,90.5869948730469,3.2023639834483855,"ECMWF:0.15,GFS:0.15,HRRR:0.40,NBM:0.30",OPEN,YES,-19.990000000000016
55965,KXHIGHMIA-26MAY14-B90.5,2026-05-14 21:50:21.554532+00:00,KMIA,2026-05-14,0,90.0,92.0,0,0.02827537214471399,0.24319857099501224,0.0007994966699220678,0.05914554493401601,90.5869948730469,3.2023639834483855,"ECMWF:0.15,GFS:0.15,HRRR:0.40,NBM:0.30",OPEN,YES,-19.990000000000016
55964,KXHIGHMIA-26MAY14-T93,2026-05-14 21:50:20.982550+00:00,KMIA,2026-05-14,0,94.0,,1,0.84,0.14326228327851553,0.02560000000000001,0.7339995152531426,90.5869948730469,3.2023639834483855,"ECMWF:0.15,GFS:0.15,HRRR:0.40,NBM:0.30",OPEN,NO,-19.990000000000016
55963,KXHIGHMIA-26MAY14-B86.5,2026-05-14 21:50:20.440694+00:00,KMIA,2026-05-14,0,86.0,88.0,0,0.02827537214471399,0.13357373014996726,0.0007994966699220678,0.01784194138617627,90.5869948730469,3.2023639834483855,"ECMWF:0.15,GFS:0.15,HRRR:0.40,NBM:0.30",OPEN,YES,-19.990000000000016
55962,KXHIGHMIA-26MAY14-B88.5,2026-05-14 21:50:19.844284+00:00,KMIA,2026-05-14,0,88.0,90.0,0,0.028275372144714005,0.2176895232395366,0.0007994966699220687,0.04738872852825675,90.5869948730469,3.2023639834483855,"ECMWF:0.15,GFS:0.15,HRRR:0.40,NBM:0.30",OPEN,YES,-19.990000000000016
55931,KXHIGHMIA-26MAY14-T86,2026-05-14 21:50:00.761581+00:00,KMIA,2026-05-14,0,,86.0,0,0.028275372144714005,0.07601787333313026,0.0007994966699220687,0.005778717066091837,90.5869948730469,3.2023639834483855,"ECMWF:0.15,GFS:0.15,HRRR:0.40,NBM:0.30",OPEN,YES,-16.500000000000014
55930,KXHIGHMIA-26MAY14-B92.5,2026-05-14 21:44:47.327655+00:00,KMIA,2026-05-14,0,92.0,94.0,0,0.02827537214471399,0.1862580190038381,0.0007994966699220678,0.034692049643234114,90.5869948730469,3.2023639834483855,"ECMWF:0.15,GFS:0.15,HRRR:0.40,NBM:0.30",OPEN,YES,-19.990000000000016
55929,KXHIGHMIA-26MAY14-B90.5,2026-05-14 21:44:46.710543+00:00,KMIA,2026-05-14,0,90.0,92.0,0,0.028275372144714005,0.24319857099501224,0.0007994966699220687,0.05914554493401601,90.5869948730469,3.2023639834483855,"ECMWF:0.15,GFS:0.15,HRRR:0.40,NBM:0.30",OPEN,YES,-19.990000000000016
55928,KXHIGHMIA-26MAY14-T93,2026-05-14 21:44:46.104229+00:00,KMIA,2026-05-14,0,94.0,,1,0.84,0.14326228327851553,0.02560000000000001,0.7339995152531426,90.5869948730469,3.2023639834483855,"ECMWF:0.15,GFS:0.15,HRRR:0.40,NBM:0.30",OPEN,NO,-19.990000000000016
55927,KXHIGHMIA-26MAY14-B88.5,2026-05-14 21:44:45.542325+00:00,KMIA,2026-05-14,0,88.0,90.0,0,0.028275372144714005,0.2176895232395366,0.0007994966699220687,0.04738872852825675,90.5869948730469,3.2023639834483855,"ECMWF:0.15,GFS:0.15,HRRR:0.40,NBM:0.30",OPEN,YES,-19.990000000000016
55926,KXHIGHMIA-26MAY14-B86.5,2026-05-14 21:44:44.953576+00:00,KMIA,2026-05-14,0,86.0,88.0,0,0.02827537214471399,0.13357373014996726,0.0007994966699220678,0.01784194138617627,90.5869948730469,3.2023639834483855,"ECMWF:0.15,GFS:0.15,HRRR:0.40,NBM:0.30",OPEN,YES,-19.990000000000016
55925,KXHIGHMIA-26MAY14-T86,2026-05-14 21:44:44.339502+00:00,KMIA,2026-05-14,0,,86.0,0,0.02827537214471402,0.07601787333313026,0.0007994966699220694,0.005778717066091837,90.5869948730469,3.2023639834483855,"ECMWF:0.15,GFS:0.15,HRRR:0.40,NBM:0.30",OPEN,YES,-16.500000000000014
55894,KXHIGHMIA-26MAY14-B92.5,2026-05-14 21:39:21.129347+00:00,KMIA,2026-05-14,0,92.0,94.0,0,0.02827537214471399,0.1862580190038381,0.0007994966699220678,0.034692049643234114,90.5869948730469,3.2023639834483855,"ECMWF:0.15,GFS:0.15,HRRR:0.40,NBM:0.30",OPEN,YES,-19.990000000000016
55893,KXHIGHMIA-26MAY14-B90.5,2026-05-14 21:39:20.522917+00:00,KMIA,2026-05-14,0,90.0,92.0,0,0.028275372144714005,0.24319857099501224,0.0007994966699220687,0.05914554493401601,90.5869948730469,3.2023639834483855,"ECMWF:0.15,GFS:0.15,HRRR:0.40,NBM:0.30",OPEN,YES,-19.990000000000016
55892,KXHIGHMIA-26MAY14-T93,2026-05-14 21:39:19.921472+00:00,KMIA,2026-05-14,0,94.0,,1,0.84,0.14326228327851553,0.02560000000000001,0.7339995152531426,90.5869948730469,3.2023639834483855,"ECMWF:0.15,GFS:0.15,HRRR:0.40,NBM:0.30",OPEN,NO,-19.990000000000016
55890,KXHIGHMIA-26MAY14-B88.5,2026-05-14 21:39:18.761587+00:00,KMIA,2026-05-14,0,88.0,90.0,0,0.02827537214471399,0.2176895232395366,0.0007994966699220678,0.04738872852825675,90.5869948730469,3.2023639834483855,"ECMWF:0.15,GFS:0.15,HRRR:0.40,NBM:0.30",OPEN,YES,-19.990000000000016
55889,KXHIGHMIA-26MAY14-B86.5,2026-05-14 21:39:18.174763+00:00,KMIA,2026-05-14,0,86.0,88.0,0,0.028275372144714005,0.13357373014996726,0.0007994966699220687,0.01784194138617627,90.5869948730469,3.2023639834483855,"ECMWF:0.15,GFS:0.15,HRRR:0.40,NBM:0.30",OPEN,YES,-19.990000000000016
55888,KXHIGHMIA-26MAY14-T86,2026-05-14 21:39:17.575938+00:00,KMIA,2026-05-14,0,,86.0,0,0.028275372144714005,0.07601787333313026,0.0007994966699220687,0.005778717066091837,90.5869948730469,3.2023639834483855,"ECMWF:0.15,GFS:0.15,HRRR:0.40,NBM:0.30",OPEN,YES,-16.500000000000014
55858,KXHIGHMIA-26MAY14-B92.5,2026-05-14 21:33:56.065478+00:00,KMIA,2026-05-14,0,92.0,94.0,0,0.02827537214471399,0.1862580190038381,0.0007994966699220678,0.034692049643234114,90.5869948730469,3.2023639834483855,"ECMWF:0.15,GFS:0.15,HRRR:0.40,NBM:0.30",OPEN,YES,-19.990000000000016
55857,KXHIGHMIA-26MAY14-B88.5,2026-05-14 21:33:55.463299+00:00,KMIA,2026-05-14,0,88.0,90.0,0,0.02827537214471401,0.2176895232395366,0.000799496669922069,0.04738872852825675,90.5869948730469,3.2023639834483855,"ECMWF:0.15,GFS:0.15,HRRR:0.40,NBM:0.30",OPEN,YES,-19.990000000000016
55856,KXHIGHMIA-26MAY14-B86.5,2026-05-14 21:33:54.859471+00:00,KMIA,2026-05-14,0,86.0,88.0,0,0.028275372144714005,0.13357373014996726,0.0007994966699220687,0.01784194138617627,90.5869948730469,3.2023639834483855,"ECMWF:0.15,GFS:0.15,HRRR:0.40,NBM:0.30",OPEN,YES,-19.990000000000016
55855,KXHIGHMIA-26MAY14-T86,2026-05-14 21:33:54.254515+00:00,KMIA,2026-05-14,0,,86.0,0,0.02827537214471399,0.07601787333313026,0.0007994966699220678,0.005778717066091837,90.5869948730469,3.2023639834483855,"ECMWF:0.15,GFS:0.15,HRRR:0.40,NBM:0.30",OPEN,YES,-16.500000000000014
55825,KXHIGHMIA-26MAY14-B90.5,2026-05-14 21:33:36.021254+00:00,KMIA,2026-05-14,0,90.0,92.0,0,0.028275372144714005,0.24319857099501224,0.0007994966699220687,0.05914554493401601,90.5869948730469,3.2023639834483855,"ECMWF:0.15,GFS:0.15,HRRR:0.40,NBM:0.30",OPEN,YES,-19.990000000000016
55824,KXHIGHMIA-26MAY14-T93,2026-05-14 21:33:35.439524+00:00,KMIA,2026-05-14,0,94.0,,1,0.84,0.14326228327851553,0.02560000000000001,0.7339995152531426,90.5869948730469,3.2023639834483855,"ECMWF:0.15,GFS:0.15,HRRR:0.40,NBM:0.30",OPEN,NO,-19.990000000000016
55822,KXHIGHMIA-26MAY14-B92.5,2026-05-14 21:28:24.711927+00:00,KMIA,2026-05-14,0,92.0,94.0,0,0.02827537214471399,0.1862580190038381,0.0007994966699220678,0.034692049643234114,90.5869948730469,3.2023639834483855,"ECMWF:0.15,GFS:0.15,HRRR:0.40,NBM:0.30",OPEN,YES,-19.990000000000016
55821,KXHIGHMIA-26MAY14-B88.5,2026-05-14 21:28:24.115672+00:00,KMIA,2026-05-14,0,88.0,90.0,0,0.028275372144713984,0.2176895232395366,0.0007994966699220675,0.04738872852825675,90.5869948730469,3.2023639834483855,"ECMWF:0.15,GFS:0.15,HRRR:0.40,NBM:0.30",OPEN,YES,-19.990000000000016
55820,KXHIGHMIA-26MAY14-B90.5,2026-05-14 21:28:23.506135+00:00,KMIA,2026-05-14,0,90.0,92.0,0,0.028275372144714005,0.24319857099501224,0.0007994966699220687,0.05914554493401601,90.5869948730469,3.2023639834483855,"ECMWF:0.15,GFS:0.15,HRRR:0.40,NBM:0.30",OPEN,YES,-19.990000000000016
55819,KXHIGHMIA-26MAY14-T86,2026-05-14 21:28:22.803550+00:00,KMIA,2026-05-14,0,,86.0,0,0.02827537214471401,0.07601787333313026,0.000799496669922069,0.005778717066091837,90.5869948730469,3.2023639834483855,"ECMWF:0.15,GFS:0.15,HRRR:0.40,NBM:0.30",OPEN,YES,-16.500000000000014
55818,KXHIGHMIA-26MAY14-B86.5,2026-05-14 21:28:22.125791+00:00,KMIA,2026-05-14,0,86.0,88.0,0,0.028275372144714005,0.13357373014996726,0.0007994966699220687,0.01784194138617627,90.5869948730469,3.2023639834483855,"ECMWF:0.15,GFS:0.15,HRRR:0.40,NBM:0.30",OPEN,YES,-19.990000000000016
55788,KXHIGHMIA-26MAY14-T93,2026-05-14 21:28:03.606864+00:00,KMIA,2026-05-14,0,94.0,,1,0.84,0.14326228327851553,0.02560000000000001,0.7339995152531426,90.5869948730469,3.2023639834483855,"ECMWF:0.15,GFS:0.15,HRRR:0.40,NBM:0.30",OPEN,NO,-19.990000000000016
55786,KXHIGHMIA-26MAY14-B92.5,2026-05-14 21:22:50.513074+00:00,KMIA,2026-05-14,0,92.0,94.0,0,0.02827537214471401,0.1862580190038381,0.000799496669922069,0.034692049643234114,90.5869948730469,3.2023639834483855,"ECMWF:0.15,GFS:0.15,HRRR:0.40,NBM:0.30",OPEN,YES,-19.990000000000016
55785,KXHIGHMIA-26MAY14-B88.5,2026-05-14 21:22:49.899848+00:00,KMIA,2026-05-14,0,88.0,90.0,0,0.028275372144714005,0.2176895232395366,0.0007994966699220687,0.04738872852825675,90.5869948730469,3.2023639834483855,"ECMWF:0.15,GFS:0.15,HRRR:0.40,NBM:0.30",OPEN,YES,-19.990000000000016
55784,KXHIGHMIA-26MAY14-B86.5,2026-05-14 21:22:49.277931+00:00,KMIA,2026-05-14,0,86.0,88.0,0,0.028275372144714005,0.13357373014996726,0.0007994966699220687,0.01784194138617627,90.5869948730469,3.2023639834483855,"ECMWF:0.15,GFS:0.15,HRRR:0.40,NBM:0.30",OPEN,YES,-19.990000000000016
55783,KXHIGHMIA-26MAY14-B90.5,2026-05-14 21:22:48.672034+00:00,KMIA,2026-05-14,0,90.0,92.0,0,0.028275372144714005,0.24319857099501224,0.0007994966699220687,0.05914554493401601,90.5869948730469,3.2023639834483855,"ECMWF:0.15,GFS:0.15,HRRR:0.40,NBM:0.30",OPEN,YES,-19.990000000000016
55753,KXHIGHMIA-26MAY14-T93,2026-05-14 21:22:30.162429+00:00,KMIA,2026-05-14,0,94.0,,1,0.84,0.14326228327851553,0.02560000000000001,0.7339995152531426,90.5869948730469,3.2023639834483855,"ECMWF:0.15,GFS:0.15,HRRR:0.40,NBM:0.30",OPEN,NO,-19.990000000000016
55752,KXHIGHMIA-26MAY14-T86,2026-05-14 21:22:29.595524+00:00,KMIA,2026-05-14,0,,86.0,0,0.02827537214471399,0.07601787333313026,0.0007994966699220678,0.005778717066091837,90.5869948730469,3.2023639834483855,"ECMWF:0.15,GFS:0.15,HRRR:0.40,NBM:0.30",OPEN,YES,-16.500000000000014
55750,KXHIGHMIA-26MAY14-B88.5,2026-05-14 21:17:27.083969+00:00,KMIA,2026-05-14,0,88.0,90.0,0,0.028275372144714005,0.2176895232395366,0.0007994966699220687,0.04738872852825675,90.5869948730469,3.2023639834483855,"ECMWF:0.15,GFS:0.15,HRRR:0.40,NBM:0.30",OPEN,YES,-19.990000000000016
55749,KXHIGHMIA-26MAY14-B86.5,2026-05-14 21:17:26.487559+00:00,KMIA,2026-05-14,0,86.0,88.0,0,0.02827537214471399,0.13357373014996726,0.0007994966699220678,0.01784194138617627,90.5869948730469,3.2023639834483855,"ECMWF:0.15,GFS:0.15,HRRR:0.40,NBM:0.30",OPEN,YES,-19.990000000000016
55748,KXHIGHMIA-26MAY14-T93,2026-05-14 21:17:25.877344+00:00,KMIA,2026-05-14,0,94.0,,1,0.84,0.14326228327851553,0.02560000000000001,0.7339995152531426,90.5869948730469,3.2023639834483855,"ECMWF:0.15,GFS:0.15,HRRR:0.40,NBM:0.30",OPEN,NO,-19.990000000000016
55747,KXHIGHMIA-26MAY14-T86,2026-05-14 21:17:25.324835+00:00,KMIA,2026-05-14,0,,86.0,0,0.028275372144714005,0.07601787333313026,0.0007994966699220687,0.005778717066091837,90.5869948730469,3.2023639834483855,"ECMWF:0.15,GFS:0.15,HRRR:0.40,NBM:0.30",OPEN,YES,-16.500000000000014
55746,KXHIGHMIA-26MAY14-B92.5,2026-05-14 21:17:24.724530+00:00,KMIA,2026-05-14,0,92.0,94.0,0,0.028275372144714005,0.1862580190038381,0.0007994966699220687,0.034692049643234114,90.5869948730469,3.2023639834483855,"ECMWF:0.15,GFS:0.15,HRRR:0.40,NBM:0.30",OPEN,YES,-19.990000000000016
55745,KXHIGHMIA-26MAY14-B90.5,2026-05-14 21:17:24.121342+00:00,KMIA,2026-05-14,0,90.0,92.0,0,0.028275372144714005,0.24319857099501224,0.0007994966699220687,0.05914554493401601,90.5869948730469,3.2023639834483855,"ECMWF:0.15,GFS:0.15,HRRR:0.40,NBM:0.30",OPEN,YES,-19.990000000000016
55714,KXHIGHMIA-26MAY14-B88.5,2026-05-14 21:12:03.520496+00:00,KMIA,2026-05-14,0,88.0,90.0,0,0.02827537214471399,0.2176895232395366,0.0007994966699220678,0.04738872852825675,90.5869948730469,3.2023639834483855,"ECMWF:0.15,GFS:0.15,HRRR:0.40,NBM:0.30",OPEN,YES,-19.990000000000016
55713,KXHIGHMIA-26MAY14-B86.5,2026-05-14 21:12:02.917765+00:00,KMIA,2026-05-14,0,86.0,88.0,0,0.028275372144714005,0.13357373014996726,0.0007994966699220687,0.01784194138617627,90.5869948730469,3.2023639834483855,"ECMWF:0.15,GFS:0.15,HRRR:0.40,NBM:0.30",OPEN,YES,-19.990000000000016
55712,KXHIGHMIA-26MAY14-B92.5,2026-05-14 21:12:02.314804+00:00,KMIA,2026-05-14,0,92.0,94.0,0,0.028275372144714005,0.1862580190038381,0.0007994966699220687,0.034692049643234114,90.5869948730469,3.2023639834483855,"ECMWF:0.15,GFS:0.15,HRRR:0.40,NBM:0.30",OPEN,YES,-19.990000000000016
55711,KXHIGHMIA-26MAY14-T93,2026-05-14 21:12:01.690964+00:00,KMIA,2026-05-14,0,94.0,,1,0.84,0.14326228327851553,0.02560000000000001,0.7339995152531426,90.5869948730469,3.2023639834483855,"ECMWF:0.15,GFS:0.15,HRRR:0.40,NBM:0.30",OPEN,NO,-19.990000000000016
55710,KXHIGHMIA-26MAY14-B90.5,2026-05-14 21:12:01.109908+00:00,KMIA,2026-05-14,0,90.0,92.0,0,0.02827537214471399,0.24319857099501224,0.0007994966699220678,0.05914554493401601,90.5869948730469,3.2023639834483855,"ECMWF:0.15,GFS:0.15,HRRR:0.40,NBM:0.30",OPEN,YES,-19.990000000000016
55679,KXHIGHMIA-26MAY14-T86,2026-05-14 21:11:42.117051+00:00,KMIA,2026-05-14,0,,86.0,0,0.028275372144714005,0.07601787333313026,0.0007994966699220687,0.005778717066091837,90.5869948730469,3.2023639834483855,"ECMWF:0.15,GFS:0.15,HRRR:0.40,NBM:0.30",OPEN,YES,-16.500000000000014
55678,KXHIGHMIA-26MAY14-T93,2026-05-14 21:06:39.057143+00:00,KMIA,2026-05-14,0,94.0,,1,0.84,0.14326228327851553,0.02560000000000001,0.7339995152531426,90.5869948730469,3.2023639834483855,"ECMWF:0.15,GFS:0.15,HRRR:0.40,NBM:0.30",OPEN,NO,-19.990000000000016
55677,KXHIGHMIA-26MAY14-B88.5,2026-05-14 21:06:38.502284+00:00,KMIA,2026-05-14,0,88.0,90.0,0,0.028275372144714005,0.2176895232395366,0.0007994966699220687,0.04738872852825675,90.5869948730469,3.2023639834483855,"ECMWF:0.15,GFS:0.15,HRRR:0.40,NBM:0.30",OPEN,YES,-19.990000000000016
55676,KXHIGHMIA-26MAY14-B86.5,2026-05-14 21:06:37.901309+00:00,KMIA,2026-05-14,0,86.0,88.0,0,0.028275372144714005,0.13357373014996726,0.0007994966699220687,0.01784194138617627,90.5869948730469,3.2023639834483855,"ECMWF:0.15,GFS:0.15,HRRR:0.40,NBM:0.30",OPEN,YES,-19.990000000000016
55675,KXHIGHMIA-26MAY14-B90.5,2026-05-14 21:06:37.302675+00:00,KMIA,2026-05-14,0,90.0,92.0,0,0.028275372144714005,0.24319857099501224,0.0007994966699220687,0.05914554493401601,90.5869948730469,3.2023639834483855,"ECMWF:0.15,GFS:0.15,HRRR:0.40,NBM:0.30",OPEN,YES,-19.990000000000016
55674,KXHIGHMIA-26MAY14-B92.5,2026-05-14 21:06:36.686115+00:00,KMIA,2026-05-14,0,92.0,94.0,0,0.02827537214471401,0.1862580190038381,0.000799496669922069,0.034692049643234114,90.5869948730469,3.2023639834483855,"ECMWF:0.15,GFS:0.15,HRRR:0.40,NBM:0.30",OPEN,YES,-19.990000000000016
55673,KXHIGHMIA-26MAY14-T86,2026-05-14 21:06:36.090118+00:00,KMIA,2026-05-14,0,,86.0,0,0.02827537214471399,0.07601787333313026,0.0007994966699220678,0.005778717066091837,90.5869948730469,3.2023639834483855,"ECMWF:0.15,GFS:0.15,HRRR:0.40,NBM:0.30",OPEN,YES,-16.500000000000014
55642,KXHIGHMIA-26MAY14-T93,2026-05-14 21:01:15.103591+00:00,KMIA,2026-05-14,0,94.0,,1,0.84,0.14326228327851553,0.02560000000000001,0.7339995152531426,90.5869948730469,3.2023639834483855,"ECMWF:0.15,GFS:0.15,HRRR:0.40,NBM:0.30",OPEN,NO,-19.990000000000016
55641,KXHIGHMIA-26MAY14-B88.5,2026-05-14 21:01:14.535282+00:00,KMIA,2026-05-14,0,88.0,90.0,0,0.028275372144714005,0.2176895232395366,0.0007994966699220687,0.04738872852825675,90.5869948730469,3.2023639834483855,"ECMWF:0.15,GFS:0.15,HRRR:0.40,NBM:0.30",OPEN,YES,-19.990000000000016
55640,KXHIGHMIA-26MAY14-T86,2026-05-14 21:01:13.927971+00:00,KMIA,2026-05-14,0,,86.0,0,0.02827537214471399,0.07601787333313026,0.0007994966699220678,0.005778717066091837,90.5869948730469,3.2023639834483855,"ECMWF:0.15,GFS:0.15,HRRR:0.40,NBM:0.30",OPEN,YES,-16.500000000000014
55609,KXHIGHMIA-26MAY14-B86.5,2026-05-14 21:00:54.817963+00:00,KMIA,2026-05-14,0,86.0,88.0,0,0.028275372144714005,0.13357373014996726,0.0007994966699220687,0.01784194138617627,90.5869948730469,3.2023639834483855,"ECMWF:0.15,GFS:0.15,HRRR:0.40,NBM:0.30",OPEN,YES,-19.990000000000016
55608,KXHIGHMIA-26MAY14-B90.5,2026-05-14 21:00:54.221411+00:00,KMIA,2026-05-14,0,90.0,92.0,0,0.02827537214471399,0.24319857099501224,0.0007994966699220678,0.05914554493401601,90.5869948730469,3.2023639834483855,"ECMWF:0.15,GFS:0.15,HRRR:0.40,NBM:0.30",OPEN,YES,-19.990000000000016
55607,KXHIGHMIA-26MAY14-B92.5,2026-05-14 21:00:53.610458+00:00,KMIA,2026-05-14,0,92.0,94.0,0,0.028275372144714005,0.1862580190038381,0.0007994966699220687,0.034692049643234114,90.5869948730469,3.2023639834483855,"ECMWF:0.15,GFS:0.15,HRRR:0.40,NBM:0.30",OPEN,YES,-19.990000000000016
55606,KXHIGHMIA-26MAY14-B86.5,2026-05-14 20:55:50.899271+00:00,KMIA,2026-05-14,0,86.0,88.0,0,0.028275372144714005,0.08930460051575434,0.0007994966699220687,0.00797531167327847,91.62544458007815,3.2023639834483855,"ECMWF:0.15,GFS:0.15,HRRR:0.40,NBM:0.30",OPEN,YES,-19.860000000000017
55605,KXHIGHMIA-26MAY14-B90.5,2026-05-14 20:55:50.307085+00:00,KMIA,2026-05-14,0,90.0,92.0,0,0.028275372144714005,0.24067978093596176,0.0007994966699220687,0.057926756951382545,91.62544458007815,3.2023639834483855,"ECMWF:0.15,GFS:0.15,HRRR:0.40,NBM:0.30",OPEN,YES,-19.990000000000016
50782,KXHIGHMIA-26MAY14-B88.5,2026-05-14 03:59:15.911774+00:00,KMIA,2026-05-14,1,88.0,90.0,0,0.18788684365334418,0.24000572154273475,0.0353014660180162,0.057602746373248734,90.10350384521486,3.0689643876829975,"ECMWF:0.35,GFS:0.30,NBM:0.35",OPEN,YES,-19.99
50781,KXHIGHMIA-26MAY14-B92.5,2026-05-14 03:59:15.347758+00:00,KMIA,2026-05-14,1,92.0,94.0,0,0.18559481734864924,0.16619546295800036,0.03444543622667848,0.02762093190782407,90.10350384521486,3.0689643876829975,"ECMWF:0.35,GFS:0.30,NBM:0.35",OPEN,NO,21.42
50780,KXHIGHMIA-26MAY14-T86,2026-05-14 03:59:14.768896+00:00,KMIA,2026-05-14,1,,86.0,0,0.20344572383493498,0.09059544725291463,0.04139016254672063,0.008207535062955637,90.10350384521486,3.0689643876829975,"ECMWF:0.35,GFS:0.30,NBM:0.35",OPEN,YES,-19.990000000000016
50779,KXHIGHMIA-26MAY14-B86.5,2026-05-14 03:59:14.201227+00:00,KMIA,2026-05-14,1,86.0,88.0,0,0.18845887096320485,0.15594666028506743,0.0355167460447259,0.024319360854066226,90.10350384521486,3.0689643876829975,"ECMWF:0.35,GFS:0.30,NBM:0.35",OPEN,YES,-19.990000000000016
50766,KXHIGHMIA-26MAY14-B90.5,2026-05-14 03:59:06.530604+00:00,KMIA,2026-05-14,1,90.0,92.0,0,0.19796030378982904,0.24515120197931284,0.0391882818765614,0.060099111831901836,90.10350384521486,3.0689643876829975,"ECMWF:0.35,GFS:0.30,NBM:0.35",SKIP,NO,
50765,KXHIGHMIA-26MAY14-T93,2026-05-14 03:59:05.930363+00:00,KMIA,2026-05-14,1,94.0,,1,0.1082212128078358,0.10210550598196999,0.7952694052859273,0.8062145223878942,90.10350384521486,3.0689643876829975,"ECMWF:0.35,GFS:0.30,NBM:0.35",OPEN,NO,-19.76
50764,KXHIGHMIA-26MAY14-B92.5,2026-05-14 03:54:03.540830+00:00,KMIA,2026-05-14,1,92.0,94.0,0,0.18537233398502984,0.16619546295800036,0.03436290220705745,0.02762093190782407,90.10350384521486,3.0689643876829975,"ECMWF:0.35,GFS:0.30,NBM:0.35",OPEN,NO,21.42
50763,KXHIGHMIA-26MAY14-B88.5,2026-05-14 03:54:02.959782+00:00,KMIA,2026-05-14,1,88.0,90.0,0,0.18788684365334418,0.24000572154273475,0.0353014660180162,0.057602746373248734,90.10350384521486,3.0689643876829975,"ECMWF:0.35,GFS:0.30,NBM:0.35",OPEN,YES,-19.99
50762,KXHIGHMIA-26MAY14-T86,2026-05-14 03:54:02.385340+00:00,KMIA,2026-05-14,1,,86.0,0,0.20397958525050663,0.09059544725291463,0.0416076711989687,0.008207535062955637,90.10350384521486,3.0689643876829975,"ECMWF:0.35,GFS:0.30,NBM:0.35",OPEN,YES,-19.990000000000016
50761,KXHIGHMIA-26MAY14-B86.5,2026-05-14 03:54:01.773744+00:00,KMIA,2026-05-14,1,86.0,88.0,0,0.1888783376601919,0.15594666028506743,0.03567502643727747,0.024319360854066226,90.10350384521486,3.0689643876829975,"ECMWF:0.35,GFS:0.30,NBM:0.35",OPEN,YES,-19.990000000000016
50748,KXHIGHMIA-26MAY14-B90.5,2026-05-14 03:53:54.178874+00:00,KMIA,2026-05-14,1,90.0,92.0,0,0.19811920393096763,0.24515120197931284,0.03925121896624034,0.060099111831901836,90.10350384521486,3.0689643876829975,"ECMWF:0.35,GFS:0.30,NBM:0.35",SKIP,NO,
50747,KXHIGHMIA-26MAY14-T93,2026-05-14 03:53:53.611593+00:00,KMIA,2026-05-14,1,94.0,,1,0.10733146791775793,0.10210550598196999,0.7968571081698648,0.8062145223878942,90.10350384521486,3.0689643876829975,"ECMWF:0.35,GFS:0.30,NBM:0.35",OPEN,NO,-19.76
50746,KXHIGHMIA-26MAY14-B90.5,2026-05-14 03:48:43.864687+00:00,KMIA,2026-05-14,1,90.0,92.0,0,0.19828188033316732,0.24515120197931284,0.03931570406845648,0.060099111831901836,90.10350384521486,3.0689643876829975,"ECMWF:0.35,GFS:0.30,NBM:0.35",SKIP,NO,
50745,KXHIGHMIA-26MAY14-T93,2026-05-14 03:48:43.317076+00:00,KMIA,2026-05-14,1,94.0,,1,0.10642057824480754,0.10210550598196999,0.7984841829843441,0.8062145223878942,90.10350384521486,3.0689643876829975,"ECMWF:0.35,GFS:0.30,NBM:0.35",OPEN,NO,-19.76
50744,KXHIGHMIA-26MAY14-B86.5,2026-05-14 03:48:42.759385+00:00,KMIA,2026-05-14,1,86.0,88.0,0,0.18930777298113943,0.15594666028506743,0.035837432911078625,0.024319360854066226,90.10350384521486,3.0689643876829975,"ECMWF:0.35,GFS:0.30,NBM:0.35",OPEN,YES,-19.990000000000016
50743,KXHIGHMIA-26MAY14-B88.5,2026-05-14 03:48:42.197331+00:00,KMIA,2026-05-14,1,88.0,90.0,0,0.18788684365334418,0.24000572154273475,0.0353014660180162,0.057602746373248734,90.10350384521486,3.0689643876829975,"ECMWF:0.35,GFS:0.30,NBM:0.35",OPEN,YES,-19.99
50742,KXHIGHMIA-26MAY14-B92.5,2026-05-14 03:48:41.630608+00:00,KMIA,2026-05-14,1,92.0,94.0,0,0.18514456330538454,0.16619546295800036,0.03427850932154154,0.02762093190782407,90.10350384521486,3.0689643876829975,"ECMWF:0.35,GFS:0.30,NBM:0.35",OPEN,NO,21.42
50741,KXHIGHMIA-26MAY14-T86,2026-05-14 03:48:40.981504+00:00,KMIA,2026-05-14,1,,86.0,0,0.20452613387995508,0.09059544725291463,0.04183093943988131,0.008207535062955637,90.10350384521486,3.0689643876829975,"ECMWF:0.35,GFS:0.30,NBM:0.35",OPEN,YES,-19.990000000000016
50728,KXHIGHMIA-26MAY14-T86,2026-05-14 03:43:32.548823+00:00,KMIA,2026-05-14,1,,86.0,0,0.20505862640298003,0.09059544725291463,0.04204904026227694,0.008207535062955637,90.10350384521486,3.0689643876829975,"ECMWF:0.35,GFS:0.30,NBM:0.35",OPEN,YES,-19.990000000000016
50727,KXHIGHMIA-26MAY14-B90.5,2026-05-14 03:43:31.933728+00:00,KMIA,2026-05-14,1,90.0,92.0,0,0.19844037303295028,0.24515120197931284,0.039378581649456464,0.060099111831901836,90.10350384521486,3.0689643876829975,"ECMWF:0.35,GFS:0.30,NBM:0.35",SKIP,NO,
50726,KXHIGHMIA-26MAY14-T93,2026-05-14 03:43:31.362950+00:00,KMIA,2026-05-14,1,94.0,,1,0.10553311478041992,0.10210550598196999,0.8000710087544174,0.8062145223878942,90.10350384521486,3.0689643876829975,"ECMWF:0.35,GFS:0.30,NBM:0.35",OPEN,NO,-19.32
50725,KXHIGHMIA-26MAY14-B86.5,2026-05-14 03:43:30.790210+00:00,KMIA,2026-05-14,1,86.0,88.0,0,0.18972616410903992,0.15594666028506743,0.03599601734753035,0.024319360854066226,90.10350384521486,3.0689643876829975,"ECMWF:0.35,GFS:0.30,NBM:0.35",OPEN,YES,-19.990000000000016
50724,KXHIGHMIA-26MAY14-B88.5,2026-05-14 03:43:30.197390+00:00,KMIA,2026-05-14,1,88.0,90.0,0,0.18788684365334418,0.24000572154273475,0.0353014660180162,0.057602746373248734,90.10350384521486,3.0689643876829975,"ECMWF:0.35,GFS:0.30,NBM:0.35",OPEN,YES,-19.99
50723,KXHIGHMIA-26MAY14-B92.5,2026-05-14 03:43:29.629289+00:00,KMIA,2026-05-14,1,92.0,94.0,0,0.18492265041906375,0.16619546295800036,0.03419638663801126,0.02762093190782407,90.10350384521486,3.0689643876829975,"ECMWF:0.35,GFS:0.30,NBM:0.35",OPEN,NO,21.42
50710,KXHIGHMIA-26MAY14-T86,2026-05-14 03:38:21.100443+00:00,KMIA,2026-05-14,1,,86.0,0,0.2055911269129193,0.09059544725291463,0.04226771146532409,0.008207535062955637,90.10350384521486,3.0689643876829975,"ECMWF:0.35,GFS:0.30,NBM:0.35",OPEN,YES,-19.990000000000016
50709,KXHIGHMIA-26MAY14-B86.5,2026-05-14 03:38:20.499459+00:00,KMIA,2026-05-14,1,86.0,88.0,0,0.1901445615124353,0.15594666028506743,0.03615495427275629,0.024319360854066226,90.10350384521486,3.0689643876829975,"ECMWF:0.35,GFS:0.30,NBM:0.35",OPEN,YES,-19.990000000000016
50708,KXHIGHMIA-26MAY14-B90.5,2026-05-14 03:38:19.911379+00:00,KMIA,2026-05-14,1,90.0,92.0,0,0.19859886810998278,0.24515120197931284,0.03944151041456634,0.060099111831901836,90.10350384521486,3.0689643876829975,"ECMWF:0.35,GFS:0.30,NBM:0.35",SKIP,NO,
50707,KXHIGHMIA-26MAY14-B88.5,2026-05-14 03:38:19.316067+00:00,KMIA,2026-05-14,1,88.0,90.0,0,0.18788684365334418,0.24000572154273475,0.0353014660180162,0.057602746373248734,90.10350384521486,3.0689643876829975,"ECMWF:0.35,GFS:0.30,NBM:0.35",OPEN,YES,-19.99
50706,KXHIGHMIA-26MAY14-T93,2026-05-14 03:38:18.708231+00:00,KMIA,2026-05-14,1,94.0,,1,0.10464563800486935,0.10210550598196999,0.8016594335437074,0.8062145223878942,90.10350384521486,3.0689643876829975,"ECMWF:0.35,GFS:0.30,NBM:0.35",SKIP,NO,
50705,KXHIGHMIA-26MAY14-B92.5,2026-05-14 03:38:18.109156+00:00,KMIA,2026-05-14,1,92.0,94.0,0,0.18470073420424715,0.16619546295800036,0.03411436121558795,0.02762093190782407,90.10350384521486,3.0689643876829975,"ECMWF:0.35,GFS:0.30,NBM:0.35",OPEN,NO,21.42
50692,KXHIGHMIA-26MAY14-B86.5,2026-05-14 03:33:09.187260+00:00,KMIA,2026-05-14,1,86.0,88.0,0,0.19056370703624514,0.15594666028506743,0.03631452643939587,0.024319360854066226,90.10350384521486,3.0689643876829975,"ECMWF:0.35,GFS:0.30,NBM:0.35",OPEN,YES,-19.990000000000016
50691,KXHIGHMIA-26MAY14-B88.5,2026-05-14 03:33:08.591575+00:00,KMIA,2026-05-14,1,88.0,90.0,0,0.18788684365334418,0.24000572154273475,0.0353014660180162,0.057602746373248734,90.10350384521486,3.0689643876829975,"ECMWF:0.35,GFS:0.30,NBM:0.35",OPEN,YES,-19.99
50690,KXHIGHMIA-26MAY14-B90.5,2026-05-14 03:33:08.004094+00:00,KMIA,2026-05-14,1,90.0,92.0,0,0.19875764658600814,0.24515120197931284,0.03950460207640851,0.060099111831901836,90.10350384521486,3.0689643876829975,"ECMWF:0.35,GFS:0.30,NBM:0.35",SKIP,NO,
50689,KXHIGHMIA-26MAY14-B92.5,2026-05-14 03:33:07.381355+00:00,KMIA,2026-05-14,1,92.0,94.0,0,0.18447842118952384,0.16619546295800036,0.03403228788457936,0.02762093190782407,90.10350384521486,3.0689643876829975,"ECMWF:0.35,GFS:0.30,NBM:0.35",OPEN,NO,21.42
50688,KXHIGHMIA-26MAY14-T93,2026-05-14 03:33:06.810632+00:00,KMIA,2026-05-14,1,94.0,,1,0.10375657436599749,0.10210550598196999,0.8032522779921718,0.8062145223878942,90.10350384521486,3.0689643876829975,"ECMWF:0.35,GFS:0.30,NBM:0.35",SKIP,NO,
50675,KXHIGHMIA-26MAY14-T86,2026-05-14 03:32:59.021850+00:00,KMIA,2026-05-14,1,,86.0,0,0.2061245795666793,0.09059544725291463,0.042487342301540304,0.008207535062955637,90.10350384521486,3.0689643876829975,"ECMWF:0.35,GFS:0.30,NBM:0.35",OPEN,YES,-19.990000000000016
50674,KXHIGHMIA-26MAY14-B86.5,2026-05-14 03:27:57.649643+00:00,KMIA,2026-05-14,1,86.0,88.0,0,0.19098174092433334,0.15594666028506743,0.03647402536648918,0.024319360854066226,90.10350384521486,3.0689643876829975,"ECMWF:0.35,GFS:0.30,NBM:0.35",OPEN,YES,-19.990000000000016
50673,KXHIGHMIA-26MAY14-B88.5,2026-05-14 03:27:57.064512+00:00,KMIA,2026-05-14,1,88.0,90.0,0,0.18788684365334418,0.24000572154273475,0.0353014660180162,0.057602746373248734,90.10350384521486,3.0689643876829975,"ECMWF:0.35,GFS:0.30,NBM:0.35",OPEN,YES,-19.99
50672,KXHIGHMIA-26MAY14-B90.5,2026-05-14 03:27:56.475062+00:00,KMIA,2026-05-14,1,90.0,92.0,0,0.19891600395810713,0.24515120197931284,0.03956757663066169,0.060099111831901836,90.10350384521486,3.0689643876829975,"ECMWF:0.35,GFS:0.30,NBM:0.35",SKIP,NO,
50671,KXHIGHMIA-26MAY14-T93,2026-05-14 03:27:55.908435+00:00,KMIA,2026-05-14,1,94.0,,1,0.10286986865496604,0.10210550598196999,0.8048424725671579,0.8062145223878942,90.10350384521486,3.0689643876829975,"ECMWF:0.35,GFS:0.30,NBM:0.35",SKIP,NO,
50670,KXHIGHMIA-26MAY14-B92.5,2026-05-14 03:27:55.348601+00:00,KMIA,2026-05-14,1,92.0,94.0,0,0.18425669778169018,0.16619546295800036,0.03395053067741311,0.02762093190782407,90.10350384521486,3.0689643876829975,"ECMWF:0.35,GFS:0.30,NBM:0.35",OPEN,NO,21.42
50657,KXHIGHMIA-26MAY14-T86,2026-05-14 03:27:47.686645+00:00,KMIA,2026-05-14,1,,86.0,0,0.2066566174253572,0.09059544725291463,0.04270695752569045,0.008207535062955637,90.10350384521486,3.0689643876829975,"ECMWF:0.35,GFS:0.30,NBM:0.35",OPEN,YES,-19.990000000000016
50656,KXHIGHMIA-26MAY14-B88.5,2026-05-14 03:22:46.043177+00:00,KMIA,2026-05-14,1,88.0,90.0,0,0.18788684365334418,0.24000572154273475,0.0353014660180162,0.057602746373248734,90.10350384521486,3.0689643876829975,"ECMWF:0.35,GFS:0.30,NBM:0.35",OPEN,YES,-19.99
50655,KXHIGHMIA-26MAY14-B86.5,2026-05-14 03:22:45.469032+00:00,KMIA,2026-05-14,1,86.0,88.0,0,0.19140041556303788,0.15594666028506743,0.03663411907770359,0.024319360854066226,90.10350384521486,3.0689643876829975,"ECMWF:0.35,GFS:0.30,NBM:0.35",OPEN,YES,-19.990000000000016
50654,KXHIGHMIA-26MAY14-B90.5,2026-05-14 03:22:44.897563+00:00,KMIA,2026-05-14,1,90.0,92.0,0,0.19907460405594357,0.24515120197931284,0.0396306979800307,0.060099111831901836,90.10350384521486,3.0689643876829975,"ECMWF:0.35,GFS:0.30,NBM:0.35",SKIP,NO,
50653,KXHIGHMIA-26MAY14-T93,2026-05-14 03:22:44.322086+00:00,KMIA,2026-05-14,1,94.0,,1,0.10198180382629606,0.10210550598196999,0.806436680659073,0.8062145223878942,90.10350384521486,3.0689643876829975,"ECMWF:0.35,GFS:0.30,NBM:0.35",SKIP,NO,
50652,KXHIGHMIA-26MAY14-B92.5,2026-05-14 03:22:43.756878+00:00,KMIA,2026-05-14,1,92.0,94.0,0,0.18403463452243707,0.16619546295800036,0.03386874670380698,0.02762093190782407,90.10350384521486,3.0689643876829975,"ECMWF:0.35,GFS:0.30,NBM:0.35",OPEN,NO,21.42
50639,KXHIGHMIA-26MAY14-T86,2026-05-14 03:22:36.086587+00:00,KMIA,2026-05-14,1,,86.0,0,0.20718947077673938,0.09059544725291463,0.042927476800745344,0.008207535062955637,90.10350384521486,3.0689643876829975,"ECMWF:0.35,GFS:0.30,NBM:0.35",OPEN,YES,-19.990000000000016
50638,KXHIGHMIA-26MAY14-B88.5,2026-05-14 03:17:34.402091+00:00,KMIA,2026-05-14,1,88.0,90.0,0,0.18788684365334418,0.24000572154273475,0.0353014660180162,0.057602746373248734,90.10350384521486,3.0689643876829975,"ECMWF:0.35,GFS:0.30,NBM:0.35",OPEN,YES,-19.99
50637,KXHIGHMIA-26MAY14-T93,2026-05-14 03:17:33.823367+00:00,KMIA,2026-05-14,1,94.0,,1,0.10109456885691546,0.10210550598196999,0.8080309741385346,0.8062145223878942,90.10350384521486,3.0689643876829975,"ECMWF:0.35,GFS:0.30,NBM:0.35",SKIP,NO,
50636,KXHIGHMIA-26MAY14-B92.5,2026-05-14 03:17:33.266198+00:00,KMIA,2026-05-14,1,92.0,94.0,0,0.18381277877197444,0.16619546295800036,0.033787137639874815,0.02762093190782407,90.10350384521486,3.0689643876829975,"ECMWF:0.35,GFS:0.30,NBM:0.35",OPEN,NO,21.42
50635,KXHIGHMIA-26MAY14-B86.5,2026-05-14 03:17:32.698430+00:00,KMIA,2026-05-14,1,86.0,88.0,0,0.19181869896787412,0.15594666028506743,0.03679441327372791,0.024319360854066226,90.10350384521486,3.0689643876829975,"ECMWF:0.35,GFS:0.30,NBM:0.35",OPEN,YES,-19.990000000000016
50634,KXHIGHMIA-26MAY14-B90.5,2026-05-14 03:17:32.119346+00:00,KMIA,2026-05-14,1,90.0,92.0,0,0.19923305594864885,0.24515120197931284,0.03969381058263744,0.060099111831901836,90.10350384521486,3.0689643876829975,"ECMWF:0.35,GFS:0.30,NBM:0.35",SKIP,NO,
50621,KXHIGHMIA-26MAY14-T86,2026-05-14 03:17:24.596531+00:00,KMIA,2026-05-14,1,,86.0,0,0.20772182619904106,0.09059544725291463,0.04314835707946462,0.008207535062955637,90.10350384521486,3.0689643876829975,"ECMWF:0.35,GFS:0.30,NBM:0.35",OPEN,YES,-19.990000000000016
50620,KXHIGHMIA-26MAY14-B88.5,2026-05-14 03:12:19.890706+00:00,KMIA,2026-05-14,1,88.0,90.0,0,0.18788684365334418,0.24000572154273475,0.0353014660180162,0.057602746373248734,90.10350384521486,3.0689643876829975,"ECMWF:0.35,GFS:0.30,NBM:0.35",OPEN,YES,-19.99
50619,KXHIGHMIA-26MAY14-T86,2026-05-14 03:12:19.321144+00:00,KMIA,2026-05-14,1,,86.0,0,0.20825969599610203,0.09059544725291463,0.043372100976388835,0.008207535062955637,90.10350384521486,3.0689643876829975,"ECMWF:0.35,GFS:0.30,NBM:0.35",OPEN,YES,-19.990000000000016
50618,KXHIGHMIA-26MAY14-B92.5,2026-05-14 03:12:18.718587+00:00,KMIA,2026-05-14,1,92.0,94.0,0,0.18358862494075734,0.16619546295800036,0.03370478320763807,0.02762093190782407,90.10350384521486,3.0689643876829975,"ECMWF:0.35,GFS:0.30,NBM:0.35",OPEN,NO,21.42
50617,KXHIGHMIA-26MAY14-B86.5,2026-05-14 03:12:18.149561+00:00,KMIA,2026-05-14,1,86.0,88.0,0,0.19224131513866566,0.15594666028506743,0.036956723246243765,0.024319360854066226,90.10350384521486,3.0689643876829975,"ECMWF:0.35,GFS:0.30,NBM:0.35",OPEN,YES,-19.990000000000016
50616,KXHIGHMIA-26MAY14-T93,2026-05-14 03:12:17.568730+00:00,KMIA,2026-05-14,1,94.0,,1,0.10019814351224098,0.10210550598196999,0.8096433809388177,0.8062145223878942,90.10350384521486,3.0689643876829975,"ECMWF:0.35,GFS:0.30,NBM:0.35",SKIP,NO,
50615,KXHIGHMIA-26MAY14-B90.5,2026-05-14 03:12:16.983566+00:00,KMIA,2026-05-14,1,90.0,92.0,0,0.1993931491566879,0.24515120197931284,0.03975762793062119,0.060099111831901836,90.10350384521486,3.0689643876829975,"ECMWF:0.35,GFS:0.30,NBM:0.35",SKIP,NO,
50602,KXHIGHMIA-26MAY14-B88.5,2026-05-14 03:07:06.238843+00:00,KMIA,2026-05-14,1,88.0,90.0,0,0.18788684365334418,0.24000572154273475,0.0353014660180162,0.057602746373248734,90.10350384521486,3.0689643876829975,"ECMWF:0.35,GFS:0.30,NBM:0.35",OPEN,YES,-19.99
50601,KXHIGHMIA-26MAY14-B90.5,2026-05-14 03:07:05.663569+00:00,KMIA,2026-05-14,1,90.0,92.0,0,0.19955273083983133,0.24515120197931284,0.03982129238563417,0.060099111831901836,90.10350384521486,3.0689643876829975,"ECMWF:0.35,GFS:0.30,NBM:0.35",SKIP,NO,
50600,KXHIGHMIA-26MAY14-T86,2026-05-14 03:07:05.097022+00:00,KMIA,2026-05-14,1,,86.0,0,0.20879584720812608,0.09059544725291463,0.04359570581135913,0.008207535062955637,90.10350384521486,3.0689643876829975,"ECMWF:0.35,GFS:0.30,NBM:0.35",OPEN,YES,-19.990000000000016
50599,KXHIGHMIA-26MAY14-B92.5,2026-05-14 03:07:04.498560+00:00,KMIA,2026-05-14,1,92.0,94.0,0,0.18336518731896934,0.16619546295800036,0.033622791920520714,0.02762093190782407,90.10350384521486,3.0689643876829975,"ECMWF:0.35,GFS:0.30,NBM:0.35",OPEN,NO,21.42
50598,KXHIGHMIA-26MAY14-T93,2026-05-14 03:07:03.926047+00:00,KMIA,2026-05-14,1,94.0,,1,0.0993045823982641,0.10210550598196999,0.8112522352887654,0.8062145223878942,90.10350384521486,3.0689643876829975,"ECMWF:0.35,GFS:0.30,NBM:0.35",OPEN,NO,-19.32
50597,KXHIGHMIA-26MAY14-B86.5,2026-05-14 03:07:03.360275+00:00,KMIA,2026-05-14,1,86.0,88.0,0,0.19266258097926311,0.15594666028506743,0.03711887010959112,0.024319360854066226,90.10350384521486,3.0689643876829975,"ECMWF:0.35,GFS:0.30,NBM:0.35",OPEN,YES,-19.990000000000016
50584,KXHIGHMIA-26MAY14-B90.5,2026-05-14 03:01:32.234056+00:00,KMIA,2026-05-14,1,90.0,92.0,0,0.19972287692117605,0.24515120197931284,0.03988922756567124,0.060099111831901836,90.10350384521486,3.0689643876829975,"ECMWF:0.35,GFS:0.30,NBM:0.35",OPEN,NO,6.910000000000001
50583,KXHIGHMIA-26MAY14-B88.5,2026-05-14 03:01:31.655891+00:00,KMIA,2026-05-14,1,88.0,90.0,0,0.18788684365334418,0.24000572154273475,0.0353014660180162,0.057602746373248734,90.10350384521486,3.0689643876829975,"ECMWF:0.35,GFS:0.30,NBM:0.35",OPEN,YES,-19.99
50582,KXHIGHMIA-26MAY14-T86,2026-05-14 03:01:31.096190+00:00,KMIA,2026-05-14,1,,86.0,0,0.20936749193537307,0.09059544725291463,0.043834746679308506,0.008207535062955637,90.10350384521486,3.0689643876829975,"ECMWF:0.35,GFS:0.30,NBM:0.35",OPEN,YES,-19.990000000000016
50581,KXHIGHMIA-26MAY14-T93,2026-05-14 03:01:30.502657+00:00,KMIA,2026-05-14,1,94.0,,1,0.09835186703024411,0.10210550598196999,0.8129693556878466,0.8062145223878942,90.10350384521486,3.0689643876829975,"ECMWF:0.35,GFS:0.30,NBM:0.35",SKIP,NO,
50580,KXHIGHMIA-26MAY14-B92.5,2026-05-14 03:01:29.924512+00:00,KMIA,2026-05-14,1,92.0,94.0,0,0.18312695799951761,0.16619546295800036,0.033535482746157086,0.02762093190782407,90.10350384521486,3.0689643876829975,"ECMWF:0.35,GFS:0.30,NBM:0.35",OPEN,NO,21.42
50579,KXHIGHMIA-26MAY14-B86.5,2026-05-14 03:01:29.312301+00:00,KMIA,2026-05-14,1,86.0,88.0,0,0.1931117348581431,0.15594666028506743,0.037292142139921755,0.024319360854066226,90.10350384521486,3.0689643876829975,"ECMWF:0.35,GFS:0.30,NBM:0.35",OPEN,YES,-19.990000000000016
50566,KXHIGHMIA-26MAY14-B88.5,2026-05-14 02:56:19.878110+00:00,KMIA,2026-05-14,1,88.0,90.0,0,0.18788684365334424,0.24000572154273475,0.035301466018016224,0.057602746373248734,90.10350384521486,3.0689643876829975,"ECMWF:0.35,GFS:0.30,NBM:0.35",OPEN,YES,-19.99
50565,KXHIGHMIA-26MAY14-T86,2026-05-14 02:56:19.281203+00:00,KMIA,2026-05-14,1,,86.0,0,0.20990087656701584,0.09059544725291463,0.04405837798360162,0.008207535062955637,90.10350384521486,3.0689643876829975,"ECMWF:0.35,GFS:0.30,NBM:0.35",OPEN,YES,-19.990000000000016
50564,KXHIGHMIA-26MAY14-T93,2026-05-14 02:56:18.697977+00:00,KMIA,2026-05-14,1,94.0,,1,0.09746291675849238,0.10210550598196999,0.814573186626088,0.8062145223878942,90.10350384521486,3.0689643876829975,"ECMWF:0.35,GFS:0.30,NBM:0.35",OPEN,NO,-19.32
50563,KXHIGHMIA-26MAY14-B92.5,2026-05-14 02:56:18.116684+00:00,KMIA,2026-05-14,1,92.0,94.0,0,0.18290467333258087,0.16619546295800036,0.03345411952689812,0.02762093190782407,90.10350384521486,3.0689643876829975,"ECMWF:0.35,GFS:0.30,NBM:0.35",OPEN,NO,21.42
50562,KXHIGHMIA-26MAY14-B90.5,2026-05-14 02:56:17.531775+00:00,KMIA,2026-05-14,1,90.0,92.0,0,0.19988163515089072,0.24515120197931284,0.03995266807059379,0.060099111831901836,90.10350384521486,3.0689643876829975,"ECMWF:0.35,GFS:0.30,NBM:0.35",OPEN,NO,6.910000000000001
50561,KXHIGHMIA-26MAY14-B86.5,2026-05-14 02:56:16.955186+00:00,KMIA,2026-05-14,1,86.0,88.0,0,0.19353082693547408,0.15594666028506743,0.03745418097432842,0.024319360854066226,90.10350384521486,3.0689643876829975,"ECMWF:0.35,GFS:0.30,NBM:0.35",OPEN,YES,-19.990000000000016
50548,KXHIGHMIA-26MAY14-B92.5,2026-05-14 02:51:00.332628+00:00,KMIA,2026-05-14,1,92.0,94.0,0,0.18267667952685873,0.16619546295800036,0.03337076924295865,0.02762093190782407,90.10350384521486,3.0689643876829975,"ECMWF:0.35,GFS:0.30,NBM:0.35",OPEN,NO,20.1
50547,KXHIGHMIA-26MAY14-B88.5,2026-05-14 02:50:59.747432+00:00,KMIA,2026-05-14,1,88.0,90.0,0,0.18788684365334418,0.24000572154273475,0.0353014660180162,0.057602746373248734,90.10350384521486,3.0689643876829975,"ECMWF:0.35,GFS:0.30,NBM:0.35",OPEN,YES,-19.99
50546,KXHIGHMIA-26MAY14-T86,2026-05-14 02:50:59.175290+00:00,KMIA,2026-05-14,1,,86.0,0,0.2104479606001063,0.09059544725291463,0.04428834412074389,0.008207535062955637,90.10350384521486,3.0689643876829975,"ECMWF:0.35,GFS:0.30,NBM:0.35",OPEN,YES,-19.990000000000016
50545,KXHIGHMIA-26MAY14-T93,2026-05-14 02:50:58.576161+00:00,KMIA,2026-05-14,1,94.0,,1,0.09655113477034426,0.10210550598196999,0.8162198520847527,0.8062145223878942,90.10350384521486,3.0689643876829975,"ECMWF:0.35,GFS:0.30,NBM:0.35",OPEN,NO,-19.32
50544,KXHIGHMIA-26MAY14-B90.5,2026-05-14 02:50:57.978081+00:00,KMIA,2026-05-14,1,90.0,92.0,0,0.20004447091226463,0.24515120197931284,0.04001779034256789,0.060099111831901836,90.10350384521486,3.0689643876829975,"ECMWF:0.35,GFS:0.30,NBM:0.35",OPEN,NO,6.910000000000001
50543,KXHIGHMIA-26MAY14-B86.5,2026-05-14 02:50:57.402883+00:00,KMIA,2026-05-14,1,86.0,88.0,0,0.19396068293488006,0.15594666028506743,0.037620746524565075,0.024319360854066226,90.10350384521486,3.0689643876829975,"ECMWF:0.35,GFS:0.30,NBM:0.35",OPEN,YES,-19.990000000000016
50530,KXHIGHMIA-26MAY14-T93,2026-05-14 02:45:48.658659+00:00,KMIA,2026-05-14,1,94.0,,1,0.09566446827766782,0.10210550598196999,0.8178227539355133,0.8062145223878942,90.10350384521486,3.0689643876829975,"ECMWF:0.35,GFS:0.30,NBM:0.35",SKIP,NO,
50529,KXHIGHMIA-26MAY14-B88.5,2026-05-14 02:45:48.100276+00:00,KMIA,2026-05-14,1,88.0,90.0,0,0.18788684365334418,0.24000572154273475,0.0353014660180162,0.057602746373248734,90.10350384521486,3.0689643876829975,"ECMWF:0.35,GFS:0.30,NBM:0.35",OPEN,YES,-19.99
50528,KXHIGHMIA-26MAY14-T86,2026-05-14 02:45:47.514848+00:00,KMIA,2026-05-14,1,,86.0,0,0.21097997492713294,0.09059544725291463,0.04451254982025364,0.008207535062955637,90.10350384521486,3.0689643876829975,"ECMWF:0.35,GFS:0.30,NBM:0.35",OPEN,YES,-19.990000000000016
50527,KXHIGHMIA-26MAY14-B92.5,2026-05-14 02:45:46.915943+00:00,KMIA,2026-05-14,1,92.0,94.0,0,0.18245496592569166,0.16619546295800036,0.03328981459094531,0.02762093190782407,90.10350384521486,3.0689643876829975,"ECMWF:0.35,GFS:0.30,NBM:0.35",OPEN,NO,21.01
50526,KXHIGHMIA-26MAY14-B90.5,2026-05-14 02:45:46.344067+00:00,KMIA,2026-05-14,1,90.0,92.0,0,0.20020282128033104,0.24515120197931284,0.04008116964860417,0.060099111831901836,90.10350384521486,3.0689643876829975,"ECMWF:0.35,GFS:0.30,NBM:0.35",OPEN,NO,6.910000000000001
50525,KXHIGHMIA-26MAY14-B86.5,2026-05-14 02:45:45.782071+00:00,KMIA,2026-05-14,1,86.0,88.0,0,0.19437869833363047,0.15594666028506743,0.03778307836587652,0.024319360854066226,90.10350384521486,3.0689643876829975,"ECMWF:0.35,GFS:0.30,NBM:0.35",OPEN,YES,-19.990000000000016
50512,KXHIGHMIA-26MAY14-T86,2026-05-14 02:40:10.373426+00:00,KMIA,2026-05-14,1,,86.0,0,0.21155871947101196,0.09059544725291463,0.04475709178421433,0.008207535062955637,90.10350384521486,3.0689643876829975,"ECMWF:0.35,GFS:0.30,NBM:0.35",OPEN,YES,-19.990000000000016
50511,KXHIGHMIA-26MAY14-T93,2026-05-14 02:40:09.776777+00:00,KMIA,2026-05-14,1,94.0,,1,0.2109266906376504,0.10210550598196999,0.6226366875480503,0.8062145223878942,90.10350384521486,3.0689643876829975,"ECMWF:0.35,GFS:0.30,NBM:0.35",OPEN,NO,-19.32
50510,KXHIGHMIA-26MAY14-B92.5,2026-05-14 02:40:09.154405+00:00,KMIA,2026-05-14,1,92.0,94.0,0,0.1822138372676032,0.16619546295800036,0.03320188249178458,0.02762093190782407,90.10350384521486,3.0689643876829975,"ECMWF:0.35,GFS:0.30,NBM:0.35",OPEN,NO,19.2
50509,KXHIGHMIA-26MAY14-B90.5,2026-05-14 02:40:08.581358+00:00,KMIA,2026-05-14,1,90.0,92.0,0,0.20037508057276762,0.24515120197931284,0.04015017291454312,0.060099111831901836,90.10350384521486,3.0689643876829975,"ECMWF:0.35,GFS:0.30,NBM:0.35",SKIP,NO,
50508,KXHIGHMIA-26MAY14-B86.5,2026-05-14 02:40:08.005966+00:00,KMIA,2026-05-14,1,86.0,88.0,0,0.19483343069513714,0.15594666028506743,0.03796006571643681,0.024319360854066226,90.10350384521486,3.0689643876829975,"ECMWF:0.35,GFS:0.30,NBM:0.35",OPEN,YES,-19.990000000000016
50507,KXHIGHMIA-26MAY14-B88.5,2026-05-14 02:40:07.447185+00:00,KMIA,2026-05-14,1,88.0,90.0,0,0.18788684365334418,0.24000572154273475,0.0353014660180162,0.057602746373248734,90.10350384521486,3.0689643876829975,"ECMWF:0.35,GFS:0.30,NBM:0.35",OPEN,YES,-19.99
50494,KXHIGHMIA-26MAY14-B90.5,2026-05-14 02:34:58.278738+00:00,KMIA,2026-05-14,1,90.0,92.0,0,0.20053379247206435,0.24515120197931284,0.04021380192322897,0.060099111831901836,90.10350384521486,3.0689643876829975,"ECMWF:0.35,GFS:0.30,NBM:0.35",SKIP,NO,
50493,KXHIGHMIA-26MAY14-T86,2026-05-14 02:34:57.699059+00:00,KMIA,2026-05-14,1,,86.0,0,0.0961174450248218,0.09059544725291463,0.009238563238099639,0.008207535062955637,90.10350384521486,3.0689643876829975,"ECMWF:0.35,GFS:0.30,NBM:0.35",OPEN,YES,-19.990000000000016
50492,KXHIGHMIA-26MAY14-B88.5,2026-05-14 02:34:57.135023+00:00,KMIA,2026-05-14,1,88.0,90.0,0,0.18788684365334418,0.24000572154273475,0.0353014660180162,0.057602746373248734,90.10350384521486,3.0689643876829975,"ECMWF:0.35,GFS:0.30,NBM:0.35",OPEN,YES,-19.99
50491,KXHIGHMIA-26MAY14-B92.5,2026-05-14 02:34:56.574874+00:00,KMIA,2026-05-14,1,92.0,94.0,0,0.18199167774066394,0.16619546295800036,0.03312097076686167,0.02762093190782407,90.10350384521486,3.0689643876829975,"ECMWF:0.35,GFS:0.30,NBM:0.35",OPEN,NO,21.01
50490,KXHIGHMIA-26MAY14-T93,2026-05-14 02:34:56.011796+00:00,KMIA,2026-05-14,1,94.0,,1,0.21003793951762023,0.10210550598196999,0.6240400570015672,0.8062145223878942,90.10350384521486,3.0689643876829975,"ECMWF:0.35,GFS:0.30,NBM:0.35",OPEN,NO,-19.32
50489,KXHIGHMIA-26MAY14-B86.5,2026-05-14 02:34:55.431882+00:00,KMIA,2026-05-14,1,86.0,88.0,0,0.1950000739892836,0.15594666028506743,0.03802502885582608,0.024319360854066226,90.10350384521486,3.0689643876829975,"ECMWF:0.35,GFS:0.30,NBM:0.35",OPEN,YES,-19.990000000000016
50476,KXHIGHMIA-26MAY14-T86,2026-05-14 02:29:35.009164+00:00,KMIA,2026-05-14,1,,86.0,0,0.09715365830855831,0.09059544725291463,0.0094388333227361,0.008207535062955637,90.10350384521486,3.0689643876829975,"ECMWF:0.35,GFS:0.30,NBM:0.35",OPEN,YES,-19.990000000000016
50475,KXHIGHMIA-26MAY14-B92.5,2026-05-14 02:29:34.441099+00:00,KMIA,2026-05-14,1,92.0,94.0,0,0.1817614227639166,0.16619546295800036,0.03303721480516322,0.02762093190782407,90.10350384521486,3.0689643876829975,"ECMWF:0.35,GFS:0.30,NBM:0.35",OPEN,NO,18.33
50474,KXHIGHMIA-26MAY14-B90.5,2026-05-14 02:29:33.843115+00:00,KMIA,2026-05-14,1,90.0,92.0,0,0.20069828780199947,0.24515120197931284,0.04027980272665421,0.060099111831901836,90.10350384521486,3.0689643876829975,"ECMWF:0.35,GFS:0.30,NBM:0.35",OPEN,NO,6.910000000000001
50473,KXHIGHMIA-26MAY14-T93,2026-05-14 02:29:33.243664+00:00,KMIA,2026-05-14,1,94.0,,1,0.20911680248021253,0.10210550598196999,0.6254962321191231,0.8062145223878942,90.10350384521486,3.0689643876829975,"ECMWF:0.35,GFS:0.30,NBM:0.35",OPEN,NO,-19.32
50472,KXHIGHMIA-26MAY14-B86.5,2026-05-14 02:29:32.636426+00:00,KMIA,2026-05-14,1,86.0,88.0,0,0.19495075738976703,0.15594666028506743,0.0380057978068438,0.024319360854066226,90.10350384521486,3.0689643876829975,"ECMWF:0.35,GFS:0.30,NBM:0.35",OPEN,YES,-19.990000000000016
50471,KXHIGHMIA-26MAY14-B88.5,2026-05-14 02:29:32.052166+00:00,KMIA,2026-05-14,1,88.0,90.0,0,0.18788684365334418,0.24000572154273475,0.0353014660180162,0.057602746373248734,90.10350384521486,3.0689643876829975,"ECMWF:0.35,GFS:0.30,NBM:0.35",OPEN,YES,-19.99
50458,KXHIGHMIA-26MAY14-B90.5,2026-05-14 02:24:10.054505+00:00,KMIA,2026-05-14,1,90.0,92.0,0,0.20086367055434215,0.24515120197931284,0.0403462141485633,0.060099111831901836,90.10350384521486,3.0689643876829975,"ECMWF:0.35,GFS:0.30,NBM:0.35",OPEN,NO,6.910000000000001
50457,KXHIGHMIA-26MAY14-B92.5,2026-05-14 02:24:09.491183+00:00,KMIA,2026-05-14,1,92.0,94.0,0,0.18152992560341907,0.16619546295800036,0.032953113889582865,0.02762093190782407,90.10350384521486,3.0689643876829975,"ECMWF:0.35,GFS:0.30,NBM:0.35",OPEN,NO,17.48
50456,KXHIGHMIA-26MAY14-T86,2026-05-14 02:24:08.892583+00:00,KMIA,2026-05-14,1,,86.0,0,0.0981954617746267,0.09059544725291463,0.009642348713132172,0.008207535062955637,90.10350384521486,3.0689643876829975,"ECMWF:0.35,GFS:0.30,NBM:0.35",OPEN,YES,-19.990000000000016
50455,KXHIGHMIA-26MAY14-T93,2026-05-14 02:24:08.324801+00:00,KMIA,2026-05-14,1,94.0,,1,0.20819069607590662,0.10210550598196999,0.6269619737807574,0.8062145223878942,90.10350384521486,3.0689643876829975,"ECMWF:0.35,GFS:0.30,NBM:0.35",OPEN,NO,-19.32
50454,KXHIGHMIA-26MAY14-B88.5,2026-05-14 02:24:07.734577+00:00,KMIA,2026-05-14,1,88.0,90.0,0,0.18788684365334418,0.24000572154273475,0.0353014660180162,0.057602746373248734,90.10350384521486,3.0689643876829975,"ECMWF:0.35,GFS:0.30,NBM:0.35",OPEN,YES,-19.99
50453,KXHIGHMIA-26MAY14-B86.5,2026-05-14 02:24:07.143116+00:00,KMIA,2026-05-14,1,86.0,88.0,0,0.1949011747361594,0.15594666028506743,0.03798646791353494,0.024319360854066226,90.10350384521486,3.0689643876829975,"ECMWF:0.35,GFS:0.30,NBM:0.35",OPEN,YES,-19.990000000000016
50440,KXHIGHMIA-26MAY14-T86,2026-05-14 02:18:48.815100+00:00,KMIA,2026-05-14,1,,86.0,0,0.09922504157926995,0.09059544725291463,0.009845608876407851,0.008207535062955637,90.10350384521486,3.0689643876829975,"ECMWF:0.35,GFS:0.30,NBM:0.35",OPEN,YES,-19.990000000000016
50439,KXHIGHMIA-26MAY14-B86.5,2026-05-14 02:18:48.262808+00:00,KMIA,2026-05-14,1,86.0,88.0,0,0.1948521738444579,0.15594666028506743,0.037967369651910846,0.024319360854066226,90.10350384521486,3.0689643876829975,"ECMWF:0.35,GFS:0.30,NBM:0.35",OPEN,YES,-19.990000000000016
50438,KXHIGHMIA-26MAY14-B92.5,2026-05-14 02:18:47.703101+00:00,KMIA,2026-05-14,1,92.0,94.0,0,0.18130114463940483,0.16619546295800036,0.03287010504755839,0.02762093190782407,90.10350384521486,3.0689643876829975,"ECMWF:0.35,GFS:0.30,NBM:0.35",OPEN,NO,15.489999999999998
50437,KXHIGHMIA-26MAY14-T93,2026-05-14 02:18:47.131918+00:00,KMIA,2026-05-14,1,94.0,,1,0.2072754558392595,0.10210550598196999,0.6284122029148538,0.8062145223878942,90.10350384521486,3.0689643876829975,"ECMWF:0.35,GFS:0.30,NBM:0.35",OPEN,NO,-19.32
50436,KXHIGHMIA-26MAY14-B90.5,2026-05-14 02:18:46.535232+00:00,KMIA,2026-05-14,1,90.0,92.0,0,0.20102711284206176,0.24515120197931284,0.040411900097615035,0.060099111831901836,90.10350384521486,3.0689643876829975,"ECMWF:0.35,GFS:0.30,NBM:0.35",OPEN,NO,6.910000000000001
50435,KXHIGHMIA-26MAY14-B88.5,2026-05-14 02:18:45.934009+00:00,KMIA,2026-05-14,1,88.0,90.0,0,0.18788684365334418,0.24000572154273475,0.0353014660180162,0.057602746373248734,90.10350384521486,3.0689643876829975,"ECMWF:0.35,GFS:0.30,NBM:0.35",OPEN,YES,-19.99
50422,KXHIGHMIA-26MAY14-T86,2026-05-14 02:13:19.699852+00:00,KMIA,2026-05-14,1,,86.0,0,0.10027976412682132,0.09059544725291463,0.010056031093330921,0.008207535062955637,90.10350384521486,3.0689643876829975,"ECMWF:0.35,GFS:0.30,NBM:0.35",OPEN,YES,-19.990000000000016
50421,KXHIGHMIA-26MAY14-B88.5,2026-05-14 02:13:19.124119+00:00,KMIA,2026-05-14,1,88.0,90.0,0,0.18788684365334418,0.24000572154273475,0.0353014660180162,0.057602746373248734,90.10350384521486,3.0689643876829975,"ECMWF:0.35,GFS:0.30,NBM:0.35",OPEN,YES,-19.99
50420,KXHIGHMIA-26MAY14-B90.5,2026-05-14 02:13:18.546385+00:00,KMIA,2026-05-14,1,90.0,92.0,0,0.20119454645459348,0.24515120197931284,0.04047924552306957,0.060099111831901836,90.10350384521486,3.0689643876829975,"ECMWF:0.35,GFS:0.30,NBM:0.35",OPEN,NO,6.910000000000001
50419,KXHIGHMIA-26MAY14-B92.5,2026-05-14 02:13:17.993367+00:00,KMIA,2026-05-14,1,92.0,94.0,0,0.1810667767544597,0.16619546295800036,0.03278517764424935,0.02762093190782407,90.10350384521486,3.0689643876829975,"ECMWF:0.35,GFS:0.30,NBM:0.35",OPEN,NO,17.11
50418,KXHIGHMIA-26MAY14-T93,2026-05-14 02:13:17.401609+00:00,KMIA,2026-05-14,1,94.0,,1,0.20633786507682966,0.10210550598196999,0.6298995844108045,0.8062145223878942,90.10350384521486,3.0689643876829975,"ECMWF:0.35,GFS:0.30,NBM:0.35",SKIP,NO,
50417,KXHIGHMIA-26MAY14-B86.5,2026-05-14 02:13:16.799648+00:00,KMIA,2026-05-14,1,86.0,88.0,0,0.19480197633174978,0.15594666028506743,0.037947809982755605,0.024319360854066226,90.10350384521486,3.0689643876829975,"ECMWF:0.35,GFS:0.30,NBM:0.35",OPEN,YES,-19.990000000000016
50403,KXHIGHMIA-26MAY14-T86,2026-05-14 02:07:49.321955+00:00,KMIA,2026-05-14,1,,86.0,0,0.10133671411481332,0.09059544725291463,0.010269129627587406,0.008207535062955637,90.10350384521486,3.0689643876829975,"ECMWF:0.35,GFS:0.30,NBM:0.35",OPEN,YES,-19.990000000000016
50402,KXHIGHMIA-26MAY14-B92.5,2026-05-14 02:07:48.754392+00:00,KMIA,2026-05-14,1,92.0,94.0,0,0.18083191391422415,0.16619546295800036,0.032700181089881375,0.02762093190782407,90.10350384521486,3.0689643876829975,"ECMWF:0.35,GFS:0.30,NBM:0.35",OPEN,NO,17.11
50401,KXHIGHMIA-26MAY14-B90.5,2026-05-14 02:07:48.186884+00:00,KMIA,2026-05-14,1,90.0,92.0,0,0.20136233366570966,0.24515120197931284,0.04054678941930059,0.060099111831901836,90.10350384521486,3.0689643876829975,"ECMWF:0.35,GFS:0.30,NBM:0.35",OPEN,NO,6.910000000000001
50400,KXHIGHMIA-26MAY14-T93,2026-05-14 02:07:47.556443+00:00,KMIA,2026-05-14,1,94.0,,1,0.20539829424145456,0.10210550598196999,0.6313918707943901,0.8062145223878942,90.10350384521486,3.0689643876829975,"ECMWF:0.35,GFS:0.30,NBM:0.35",SKIP,NO,
50399,KXHIGHMIA-26MAY14-B88.5,2026-05-14 02:07:46.978908+00:00,KMIA,2026-05-14,1,88.0,90.0,0,0.18788684365334418,0.24000572154273475,0.0353014660180162,0.057602746373248734,90.10350384521486,3.0689643876829975,"ECMWF:0.35,GFS:0.30,NBM:0.35",OPEN,YES,-19.99
50398,KXHIGHMIA-26MAY14-B86.5,2026-05-14 02:07:46.405214+00:00,KMIA,2026-05-14,1,86.0,88.0,0,0.19475167280825229,0.15594666028506743,0.03792821406161255,0.024319360854066226,90.10350384521486,3.0689643876829975,"ECMWF:0.35,GFS:0.30,NBM:0.35",OPEN,YES,-19.990000000000016
50385,KXHIGHMIA-26MAY14-T86,2026-05-14 02:02:11.852382+00:00,KMIA,2026-05-14,1,,86.0,0,0.20740290873620923,0.09059544725291463,0.04301596655224033,0.008207535062955637,90.10350384521486,3.0689643876829975,"ECMWF:0.35,GFS:0.30,NBM:0.35",OPEN,YES,-19.990000000000016
50384,KXHIGHMIA-26MAY14-B92.5,2026-05-14 02:02:11.225714+00:00,KMIA,2026-05-14,1,92.0,94.0,0,0.1913053428990526,0.16619546295800036,0.0365977342217241,0.02762093190782407,90.10350384521486,3.0689643876829975,"ECMWF:0.35,GFS:0.30,NBM:0.35",OPEN,NO,17.11
50383,KXHIGHMIA-26MAY14-B86.5,2026-05-14 02:02:10.649228+00:00,KMIA,2026-05-14,1,86.0,88.0,0,0.1311213340710104,0.15594666028506743,0.01719280424856151,0.024319360854066226,90.10350384521486,3.0689643876829975,"ECMWF:0.35,GFS:0.30,NBM:0.35",OPEN,YES,-19.990000000000016
50382,KXHIGHMIA-26MAY14-T93,2026-05-14 02:02:10.057702+00:00,KMIA,2026-05-14,1,94.0,,1,0.10399930276175405,0.10210550598196999,0.8028172494514229,0.8062145223878942,90.10350384521486,3.0689643876829975,"ECMWF:0.35,GFS:0.30,NBM:0.35",SKIP,NO,
50381,KXHIGHMIA-26MAY14-B90.5,2026-05-14 02:02:09.482311+00:00,KMIA,2026-05-14,1,90.0,92.0,0,0.20703348629471638,0.24515120197931284,0.042862864447344516,0.060099111831901836,90.10350384521486,3.0689643876829975,"ECMWF:0.35,GFS:0.30,NBM:0.35",OPEN,NO,6.910000000000001
50380,KXHIGHMIA-26MAY14-B88.5,2026-05-14 02:02:08.903170+00:00,KMIA,2026-05-14,1,88.0,90.0,0,0.19446650724875,0.24000572154273475,0.03781722244152814,0.057602746373248734,90.10350384521486,3.0689643876829975,"ECMWF:0.35,GFS:0.30,NBM:0.35",OPEN,YES,-19.99
50368,KXHIGHMIA-26MAY14-T86,2026-05-14 01:57:00.451968+00:00,KMIA,2026-05-14,1,,86.0,0,0.20785761737470282,0.09059544725291463,0.04320478910068836,0.008207535062955637,90.10350384521486,3.0689643876829975,"ECMWF:0.35,GFS:0.30,NBM:0.35",OPEN,YES,-19.990000000000016
50367,KXHIGHMIA-26MAY14-B86.5,2026-05-14 01:56:59.839788+00:00,KMIA,2026-05-14,1,86.0,88.0,0,0.13134868839025726,0.15594666028506743,0.017252477941840903,0.024319360854066226,90.10350384521486,3.0689643876829975,"ECMWF:0.35,GFS:0.30,NBM:0.35",OPEN,YES,-19.990000000000016
50366,KXHIGHMIA-26MAY14-B88.5,2026-05-14 01:56:59.250848+00:00,KMIA,2026-05-14,1,88.0,90.0,0,0.19492124479728143,0.24000572154273475,0.03799429167332171,0.057602746373248734,90.10350384521486,3.0689643876829975,"ECMWF:0.35,GFS:0.30,NBM:0.35",OPEN,YES,-19.99
50365,KXHIGHMIA-26MAY14-T93,2026-05-14 01:56:58.681082+00:00,KMIA,2026-05-14,1,94.0,,1,0.10297618230610937,0.10210550598196999,0.8046517295101223,0.8062145223878942,90.10350384521486,3.0689643876829975,"ECMWF:0.35,GFS:0.30,NBM:0.35",SKIP,NO,
50364,KXHIGHMIA-26MAY14-B92.5,2026-05-14 01:56:58.031565+00:00,KMIA,2026-05-14,1,92.0,94.0,0,0.19119169175846326,0.16619546295800036,0.03655426299746323,0.02762093190782407,90.10350384521486,3.0689643876829975,"ECMWF:0.35,GFS:0.30,NBM:0.35",OPEN,NO,17.11
50363,KXHIGHMIA-26MAY14-B90.5,2026-05-14 01:56:57.438382+00:00,KMIA,2026-05-14,1,90.0,92.0,0,0.20703345738467857,0.24515120197931284,0.042862852476653515,0.060099111831901836,90.10350384521486,3.0689643876829975,"ECMWF:0.35,GFS:0.30,NBM:0.35",OPEN,NO,7.700000000000001
50350,KXHIGHMIA-26MAY14-T86,2026-05-14 01:51:35.092575+00:00,KMIA,2026-05-14,1,,86.0,0,0.20833208800375566,0.09059544725291463,0.043402258892004594,0.008207535062955637,90.10350384521486,3.0689643876829975,"ECMWF:0.35,GFS:0.30,NBM:0.35",OPEN,YES,-19.990000000000016
50349,KXHIGHMIA-26MAY14-B86.5,2026-05-14 01:51:34.474667+00:00,KMIA,2026-05-14,1,86.0,88.0,0,0.13158592370478367,0.15594666028506743,0.017314855317241147,0.024319360854066226,90.10350384521486,3.0689643876829975,"ECMWF:0.35,GFS:0.30,NBM:0.35",OPEN,YES,-19.990000000000016
50348,KXHIGHMIA-26MAY14-B92.5,2026-05-14 01:51:33.795893+00:00,KMIA,2026-05-14,1,92.0,94.0,0,0.19107310125104154,0.16619546295800036,0.036508930021690776,0.02762093190782407,90.10350384521486,3.0689643876829975,"ECMWF:0.35,GFS:0.30,NBM:0.35",OPEN,NO,17.48
50347,KXHIGHMIA-26MAY14-T93,2026-05-14 01:51:33.210998+00:00,KMIA,2026-05-14,1,94.0,,1,0.10190859624089899,0.10210550598196999,0.8065681695059926,0.8062145223878942,90.10350384521486,3.0689643876829975,"ECMWF:0.35,GFS:0.30,NBM:0.35",SKIP,NO,
50346,KXHIGHMIA-26MAY14-B88.5,2026-05-14 01:51:32.608177+00:00,KMIA,2026-05-14,1,88.0,90.0,0,0.19539574559282472,0.24000572154273475,0.03817949739577588,0.057602746373248734,90.10350384521486,3.0689643876829975,"ECMWF:0.35,GFS:0.30,NBM:0.35",OPEN,YES,-19.99
50345,KXHIGHMIA-26MAY14-B90.5,2026-05-14 01:51:32.008833+00:00,KMIA,2026-05-14,1,90.0,92.0,0,0.2070334272181881,0.24515120197931284,0.042862839985708785,0.060099111831901836,90.10350384521486,3.0689643876829975,"ECMWF:0.35,GFS:0.30,NBM:0.35",OPEN,NO,9.120000000000003
50332,KXHIGHMIA-26MAY14-T86,2026-05-14 01:46:20.591172+00:00,KMIA,2026-05-14,1,,86.0,0,0.20879068648052526,0.09059544725291463,0.043593550761008994,0.008207535062955637,90.10350384521486,3.0689643876829975,"ECMWF:0.35,GFS:0.30,NBM:0.35",OPEN,YES,-19.990000000000016
50331,KXHIGHMIA-26MAY14-B86.5,2026-05-14 01:46:19.994270+00:00,KMIA,2026-05-14,1,86.0,88.0,0,0.13181522294316844,0.15594666028506743,0.0173752529995572,0.024319360854066226,90.10350384521486,3.0689643876829975,"ECMWF:0.35,GFS:0.30,NBM:0.35",OPEN,YES,-19.990000000000016
50330,KXHIGHMIA-26MAY14-B92.5,2026-05-14 01:46:19.408521+00:00,KMIA,2026-05-14,1,92.0,94.0,0,0.19095847787346487,0.16619546295800036,0.036465140271750573,0.02762093190782407,90.10350384521486,3.0689643876829975,"ECMWF:0.35,GFS:0.30,NBM:0.35",OPEN,NO,16.29
50329,KXHIGHMIA-26MAY14-B88.5,2026-05-14 01:46:18.809062+00:00,KMIA,2026-05-14,1,88.0,90.0,0,0.19585437322694516,0.24000572154273475,0.03835893551211953,0.057602746373248734,90.10350384521486,3.0689643876829975,"ECMWF:0.35,GFS:0.30,NBM:0.35",OPEN,YES,-19.99
50328,KXHIGHMIA-26MAY14-B90.5,2026-05-14 01:46:18.225107+00:00,KMIA,2026-05-14,1,90.0,92.0,0,0.2070333980608373,0.24515120197931284,0.042862827912617106,0.060099111831901836,90.10350384521486,3.0689643876829975,"ECMWF:0.35,GFS:0.30,NBM:0.35",OPEN,NO,9.120000000000003
50327,KXHIGHMIA-26MAY14-T93,2026-05-14 01:46:17.596187+00:00,KMIA,2026-05-14,1,94.0,,1,0.10087672342655173,0.10210550598196999,0.8084226664761736,0.8062145223878942,90.10350384521486,3.0689643876829975,"ECMWF:0.35,GFS:0.30,NBM:0.35",SKIP,NO,
50314,KXHIGHMIA-26MAY14-T86,2026-05-14 01:41:07.495260+00:00,KMIA,2026-05-14,1,,86.0,0,0.2092478726657015,0.09059544725291463,0.043784672215121626,0.008207535062955637,90.10350384521486,3.0689643876829975,"ECMWF:0.35,GFS:0.30,NBM:0.35",OPEN,YES,-19.990000000000016
50313,KXHIGHMIA-26MAY14-B86.5,2026-05-14 01:41:06.880658+00:00,KMIA,2026-05-14,1,86.0,88.0,0,0.1320438160357566,0.15594666028506743,0.017435569353284733,0.024319360854066226,90.10350384521486,3.0689643876829975,"ECMWF:0.35,GFS:0.30,NBM:0.35",OPEN,YES,-19.990000000000016
50312,KXHIGHMIA-26MAY14-B88.5,2026-05-14 01:41:06.281391+00:00,KMIA,2026-05-14,1,88.0,90.0,0,0.1963115884796798,0.24000572154273475,0.038538239771415156,0.057602746373248734,90.10350384521486,3.0689643876829975,"ECMWF:0.35,GFS:0.30,NBM:0.35",OPEN,YES,-19.99
50311,KXHIGHMIA-26MAY14-T93,2026-05-14 01:41:05.666472+00:00,KMIA,2026-05-14,1,94.0,,1,0.09984802834910254,0.10210550598196999,0.8102735720669981,0.8062145223878942,90.10350384521486,3.0689643876829975,"ECMWF:0.35,GFS:0.30,NBM:0.35",SKIP,NO,
50310,KXHIGHMIA-26MAY14-B90.5,2026-05-14 01:41:05.080246+00:00,KMIA,2026-05-14,1,90.0,92.0,0,0.20703336899327895,0.24515120197931284,0.0428628158767072,0.060099111831901836,90.10350384521486,3.0689643876829975,"ECMWF:0.35,GFS:0.30,NBM:0.35",OPEN,NO,9.120000000000003
50309,KXHIGHMIA-26MAY14-B92.5,2026-05-14 01:41:04.505670+00:00,KMIA,2026-05-14,1,92.0,94.0,0,0.19084420748797337,0.16619546295800036,0.03642151153171263,0.02762093190782407,90.10350384521486,3.0689643876829975,"ECMWF:0.35,GFS:0.30,NBM:0.35",OPEN,NO,15.489999999999998
50296,KXHIGHMIA-26MAY14-T86,2026-05-14 01:35:43.712539+00:00,KMIA,2026-05-14,1,,86.0,0,0.20971848861799605,0.09059544725291463,0.04398184446821654,0.008207535062955637,90.10350384521486,3.0689643876829975,"ECMWF:0.35,GFS:0.30,NBM:0.35",OPEN,YES,-19.990000000000016
50295,KXHIGHMIA-26MAY14-T93,2026-05-14 01:35:43.102633+00:00,KMIA,2026-05-14,1,94.0,,1,0.09878911552716806,0.10210550598196999,0.812181058292304,0.8062145223878942,90.10350384521486,3.0689643876829975,"ECMWF:0.35,GFS:0.30,NBM:0.35",SKIP,NO,
50294,KXHIGHMIA-26MAY14-B86.5,2026-05-14 01:35:42.516931+00:00,KMIA,2026-05-14,1,86.0,88.0,0,0.1322791240119039,0.15594666028506743,0.01749776664935665,0.024319360854066226,90.10350384521486,3.0689643876829975,"ECMWF:0.35,GFS:0.30,NBM:0.35",OPEN,YES,-19.990000000000016
50293,KXHIGHMIA-26MAY14-B92.5,2026-05-14 01:35:41.916935+00:00,KMIA,2026-05-14,1,92.0,94.0,0,0.19072658042917143,0.16619546295800036,0.0363766284822052,0.02762093190782407,90.10350384521486,3.0689643876829975,"ECMWF:0.35,GFS:0.30,NBM:0.35",OPEN,NO,15.489999999999998
50292,KXHIGHMIA-26MAY14-B88.5,2026-05-14 01:35:41.334615+00:00,KMIA,2026-05-14,1,88.0,90.0,0,0.19678223435338735,0.24000572154273475,0.03872324775711146,0.057602746373248734,90.10350384521486,3.0689643876829975,"ECMWF:0.35,GFS:0.30,NBM:0.35",OPEN,YES,-19.99
50291,KXHIGHMIA-26MAY14-B90.5,2026-05-14 01:35:40.758963+00:00,KMIA,2026-05-14,1,90.0,92.0,0,0.2070333390718659,0.24515120197931284,0.0428628034872462,0.060099111831901836,90.10350384521486,3.0689643876829975,"ECMWF:0.35,GFS:0.30,NBM:0.35",OPEN,NO,9.120000000000003
50278,KXHIGHMIA-26MAY14-T86,2026-05-14 01:30:20.193693+00:00,KMIA,2026-05-14,1,,86.0,0,0.21019004365149016,0.09059544725291463,0.04417985445021534,0.008207535062955637,90.10350384521486,3.0689643876829975,"ECMWF:0.35,GFS:0.30,NBM:0.35",OPEN,YES,-19.990000000000016
50277,KXHIGHMIA-26MAY14-B90.5,2026-05-14 01:30:19.591006+00:00,KMIA,2026-05-14,1,90.0,92.0,0,0.2070333090907469,0.24515120197931284,0.042862791073064746,0.060099111831901836,90.10350384521486,3.0689643876829975,"ECMWF:0.35,GFS:0.30,NBM:0.35",OPEN,NO,9.120000000000003
50276,KXHIGHMIA-26MAY14-T93,2026-05-14 01:30:18.984256+00:00,KMIA,2026-05-14,1,94.0,,1,0.09772808971879908,0.10210550598196999,0.8140946000824875,0.8062145223878942,90.10350384521486,3.0689643876829975,"ECMWF:0.35,GFS:0.30,NBM:0.35",SKIP,NO,
50275,KXHIGHMIA-26MAY14-B86.5,2026-05-14 01:30:18.411636+00:00,KMIA,2026-05-14,1,86.0,88.0,0,0.13251490152865097,0.15594666028506743,0.017560199127148065,0.024319360854066226,90.10350384521486,3.0689643876829975,"ECMWF:0.35,GFS:0.30,NBM:0.35",OPEN,YES,-19.990000000000016
50274,KXHIGHMIA-26MAY14-B92.5,2026-05-14 01:30:17.836032+00:00,KMIA,2026-05-14,1,92.0,94.0,0,0.19060871865380513,0.16619546295800036,0.03633168362684544,0.02762093190782407,90.10350384521486,3.0689643876829975,"ECMWF:0.35,GFS:0.30,NBM:0.35",OPEN,NO,15.489999999999998
50273,KXHIGHMIA-26MAY14-B88.5,2026-05-14 01:30:17.251843+00:00,KMIA,2026-05-14,1,88.0,90.0,0,0.19725381936800052,0.24000572154273475,0.03890906925526377,0.057602746373248734,90.10350384521486,3.0689643876829975,"ECMWF:0.35,GFS:0.30,NBM:0.35",OPEN,YES,-19.99
50260,KXHIGHMIA-26MAY14-B86.5,2026-05-14 01:25:02.806830+00:00,KMIA,2026-05-14,1,86.0,88.0,0,0.13274625989879157,0.15594666028506743,0.01762156951711752,0.024319360854066226,90.10350384521486,3.0689643876829975,"ECMWF:0.35,GFS:0.30,NBM:0.35",OPEN,YES,-19.990000000000016
50259,KXHIGHMIA-26MAY14-B92.5,2026-05-14 01:25:02.194852+00:00,KMIA,2026-05-14,1,92.0,94.0,0,0.1904930659460031,0.16619546295800036,0.03628760817350828,0.02762093190782407,90.10350384521486,3.0689643876829975,"ECMWF:0.35,GFS:0.30,NBM:0.35",OPEN,NO,14.029999999999998
50258,KXHIGHMIA-26MAY14-T93,2026-05-14 01:25:01.534563+00:00,KMIA,2026-05-14,1,94.0,,1,0.09668695057589814,0.10210550598196999,0.8159744652598698,0.8062145223878942,90.10350384521486,3.0689643876829975,"ECMWF:0.35,GFS:0.30,NBM:0.35",SKIP,NO,
50257,KXHIGHMIA-26MAY14-B90.5,2026-05-14 01:25:00.919524+00:00,KMIA,2026-05-14,1,90.0,92.0,0,0.2070332796715599,0.24515120197931284,0.04286277889156234,0.060099111831901836,90.10350384521486,3.0689643876829975,"ECMWF:0.35,GFS:0.30,NBM:0.35",OPEN,NO,9.120000000000003
50256,KXHIGHMIA-26MAY14-B88.5,2026-05-14 01:25:00.308123+00:00,KMIA,2026-05-14,1,88.0,90.0,0,0.19771656552746864,0.24000572154273475,0.039091840283977795,0.057602746373248734,90.10350384521486,3.0689643876829975,"ECMWF:0.35,GFS:0.30,NBM:0.35",OPEN,YES,-19.88
50243,KXHIGHMIA-26MAY14-T86,2026-05-14 01:24:52.553606+00:00,KMIA,2026-05-14,1,,86.0,0,0.21065276039177136,0.09059544725291463,0.044374585460673036,0.008207535062955637,90.10350384521486,3.0689643876829975,"ECMWF:0.35,GFS:0.30,NBM:0.35",OPEN,YES,-19.990000000000016
50242,KXHIGHMIA-26MAY14-T86,2026-05-14 01:19:48.097960+00:00,KMIA,2026-05-14,1,,86.0,0,0.21111147987046164,0.09059544725291463,0.04456805693309633,0.008207535062955637,90.10350384521486,3.0689643876829975,"ECMWF:0.35,GFS:0.30,NBM:0.35",OPEN,YES,-19.990000000000016
50241,KXHIGHMIA-26MAY14-B92.5,2026-05-14 01:19:47.482745+00:00,KMIA,2026-05-14,1,92.0,94.0,0,0.19037841232487016,0.16619546295800036,0.03624393987933827,0.02762093190782407,90.10350384521486,3.0689643876829975,"ECMWF:0.35,GFS:0.30,NBM:0.35",OPEN,NO,15.489999999999998
50240,KXHIGHMIA-26MAY14-B90.5,2026-05-14 01:19:46.911962+00:00,KMIA,2026-05-14,1,90.0,92.0,0,0.20703325050651586,0.24515120197931284,0.042862766815293746,0.060099111831901836,90.10350384521486,3.0689643876829975,"ECMWF:0.35,GFS:0.30,NBM:0.35",OPEN,NO,9.120000000000003
50239,KXHIGHMIA-26MAY14-B86.5,2026-05-14 01:19:46.325166+00:00,KMIA,2026-05-14,1,86.0,88.0,0,0.13297561963813676,0.15594666028506743,0.017682515418146423,0.024319360854066226,90.10350384521486,3.0689643876829975,"ECMWF:0.35,GFS:0.30,NBM:0.35",OPEN,YES,-19.990000000000016
50238,KXHIGHMIA-26MAY14-T93,2026-05-14 01:19:45.722989+00:00,KMIA,2026-05-14,1,94.0,,1,0.09565480550030535,0.10210550598196999,0.8178402308146905,0.8062145223878942,90.10350384521486,3.0689643876829975,"ECMWF:0.35,GFS:0.30,NBM:0.35",OPEN,NO,-19.32
50237,KXHIGHMIA-26MAY14-B88.5,2026-05-14 01:19:45.119036+00:00,KMIA,2026-05-14,1,88.0,90.0,0,0.19817531417120296,0.24000572154273475,0.039273455146855,0.057602746373248734,90.10350384521486,3.0689643876829975,"ECMWF:0.35,GFS:0.30,NBM:0.35",OPEN,YES,-19.88
50224,KXHIGHMIA-26MAY14-T86,2026-05-14 01:14:36.357093+00:00,KMIA,2026-05-14,1,,86.0,0,0.2115662384371162,0.09059544725291463,0.0447602732464307,0.008207535062955637,90.10350384521486,3.0689643876829975,"ECMWF:0.35,GFS:0.30,NBM:0.35",OPEN,YES,-19.990000000000016
50223,KXHIGHMIA-26MAY14-B86.5,2026-05-14 01:14:35.736583+00:00,KMIA,2026-05-14,1,86.0,88.0,0,0.13320299892146403,0.15594666028506743,0.017743038921671547,0.024319360854066226,90.10350384521486,3.0689643876829975,"ECMWF:0.35,GFS:0.30,NBM:0.35",OPEN,YES,-19.990000000000016
50222,KXHIGHMIA-26MAY14-B88.5,2026-05-14 01:14:35.151865+00:00,KMIA,2026-05-14,1,88.0,90.0,0,0.1986301016510697,0.24000572154273475,0.03945391728191428,0.057602746373248734,90.10350384521486,3.0689643876829975,"ECMWF:0.35,GFS:0.30,NBM:0.35",OPEN,YES,-19.88
50221,KXHIGHMIA-26MAY14-B92.5,2026-05-14 01:14:34.565346+00:00,KMIA,2026-05-14,1,92.0,94.0,0,0.19057970542393984,0.16619546295800036,0.03632062411947569,0.02762093190782407,90.10350384521486,3.0689643876829975,"ECMWF:0.35,GFS:0.30,NBM:0.35",OPEN,NO,14.369999999999997
50220,KXHIGHMIA-26MAY14-B90.5,2026-05-14 01:14:33.987888+00:00,KMIA,2026-05-14,1,90.0,92.0,0,0.20703322159330365,0.24515120197931284,0.04286275484330197,0.060099111831901836,90.10350384521486,3.0689643876829975,"ECMWF:0.35,GFS:0.30,NBM:0.35",OPEN,NO,9.120000000000003
50219,KXHIGHMIA-26MAY14-T93,2026-05-14 01:14:33.390965+00:00,KMIA,2026-05-14,1,94.0,,1,0.21054344588431567,0.10210550598196999,0.6232416508362105,0.8062145223878942,90.10350384521486,3.0689643876829975,"ECMWF:0.35,GFS:0.30,NBM:0.35",OPEN,NO,-19.32
50206,KXHIGHMIA-26MAY14-T93,2026-05-14 01:09:20.260287+00:00,KMIA,2026-05-14,1,94.0,,1,0.2091618100233415,0.10210550598196999,0.6254250427255575,0.8062145223878942,90.10350384521486,3.0689643876829975,"ECMWF:0.35,GFS:0.30,NBM:0.35",OPEN,NO,-19.32
50205,KXHIGHMIA-26MAY14-T86,2026-05-14 01:09:19.637664+00:00,KMIA,2026-05-14,1,,86.0,0,0.09591160023211011,0.09059544725291463,0.009199035059084103,0.008207535062955637,90.10350384521486,3.0689643876829975,"ECMWF:0.35,GFS:0.30,NBM:0.35",OPEN,YES,-19.990000000000016
50204,KXHIGHMIA-26MAY14-B88.5,2026-05-14 01:09:19.061127+00:00,KMIA,2026-05-14,1,88.0,90.0,0,0.19909069964498438,0.24000572154273475,0.03963710668512938,0.057602746373248734,90.10350384521486,3.0689643876829975,"ECMWF:0.35,GFS:0.30,NBM:0.35",OPEN,YES,-19.88
50203,KXHIGHMIA-26MAY14-B86.5,2026-05-14 01:09:18.475418+00:00,KMIA,2026-05-14,1,86.0,88.0,0,0.13332166029370035,0.15594666028506743,0.017774665103468836,0.024319360854066226,90.10350384521486,3.0689643876829975,"ECMWF:0.35,GFS:0.30,NBM:0.35",OPEN,YES,-19.990000000000016
50202,KXHIGHMIA-26MAY14-B90.5,2026-05-14 01:09:17.889466+00:00,KMIA,2026-05-14,1,90.0,92.0,0,0.20703319231068684,0.24515120197931284,0.042862742718353844,0.060099111831901836,90.10350384521486,3.0689643876829975,"ECMWF:0.35,GFS:0.30,NBM:0.35",OPEN,NO,9.120000000000003
50201,KXHIGHMIA-26MAY14-B92.5,2026-05-14 01:09:17.268464+00:00,KMIA,2026-05-14,1,92.0,94.0,0,0.1908099195066696,0.16619546295800036,0.03640842538214173,0.02762093190782407,90.10350384521486,3.0689643876829975,"ECMWF:0.35,GFS:0.30,NBM:0.35",OPEN,NO,15.139999999999999
50188,KXHIGHMIA-26MAY14-T93,2026-05-14 01:04:06.738085+00:00,KMIA,2026-05-14,1,94.0,,1,0.20779098713718175,0.10210550598196999,0.627595120061081,0.8062145223878942,90.10350384521486,3.0689643876829975,"ECMWF:0.35,GFS:0.30,NBM:0.35",OPEN,NO,-19.32
50187,KXHIGHMIA-26MAY14-B90.5,2026-05-14 01:04:06.141653+00:00,KMIA,2026-05-14,1,90.0,92.0,0,0.20703316325724191,0.24515120197931284,0.04286273068829979,0.060099111831901836,90.10350384521486,3.0689643876829975,"ECMWF:0.35,GFS:0.30,NBM:0.35",OPEN,NO,9.120000000000003
56772,KXHIGHNY-26MAY14-B65.5,2026-05-14 23:55:34.045880+00:00,KNYC,2026-05-14,0,65.0,67.0,1,0.46714190756369867,0.16603631283018805,0.28393774667485383,0.695495431517868,65.08091943359378,4.679412759520498,"ECMWF:0.15,GFS:0.15,HRRR:0.40,NBM:0.30",OPEN,NO,-19.990000000000016
56771,KXHIGHNY-26MAY14-T63,2026-05-14 23:55:33.440222+00:00,KNYC,2026-05-14,0,,63.0,0,0.05969999907268237,0.32826947556423924,0.003564089889278276,0.10776084858722067,65.08091943359378,4.679412759520498,"ECMWF:0.15,GFS:0.15,HRRR:0.40,NBM:0.30",OPEN,YES,-19.990000000000016
56770,KXHIGHNY-26MAY14-B63.5,2026-05-14 23:55:32.806884+00:00,KNYC,2026-05-14,0,63.0,65.0,0,0.0734142893147787,0.16483210017246008,0.0053896578755940295,0.027169621247263916,65.08091943359378,4.679412759520498,"ECMWF:0.15,GFS:0.15,HRRR:0.40,NBM:0.30",OPEN,YES,-19.990000000000016
56769,KXHIGHNY-26MAY14-B67.5,2026-05-14 23:55:32.165195+00:00,KNYC,2026-05-14,0,67.0,69.0,0,0.24369370507174928,0.1397106683401752,0.05938662189159672,0.019519070848058435,65.08091943359378,4.679412759520498,"ECMWF:0.15,GFS:0.15,HRRR:0.40,NBM:0.30",OPEN,YES,-19.990000000000016
56768,KXHIGHNY-26MAY14-B69.5,2026-05-14 23:55:31.544550+00:00,KNYC,2026-05-14,0,69.0,71.0,0,0.10187389454048396,0.09820135444634237,0.010378290388845647,0.009643506015096167,65.08091943359378,4.679412759520498,"ECMWF:0.15,GFS:0.15,HRRR:0.40,NBM:0.30",OPEN,YES,-19.990000000000016
56767,KXHIGHNY-26MAY14-T70,2026-05-14 23:55:30.974250+00:00,KNYC,2026-05-14,0,71.0,,0,0.13826664048761822,0.10295008864659505,0.019117663871732266,0.01059872075234178,65.08091943359378,4.679412759520498,"ECMWF:0.15,GFS:0.15,HRRR:0.40,NBM:0.30",OPEN,YES,-19.990000000000016
56735,KXHIGHNY-26MAY14-B63.5,2026-05-14 23:50:00.304475+00:00,KNYC,2026-05-14,0,63.0,65.0,0,0.07341428931477217,0.16483210017246008,0.005389657875593072,0.027169621247263916,65.08091943359378,4.679412759520498,"ECMWF:0.15,GFS:0.15,HRRR:0.40,NBM:0.30",OPEN,YES,-19.990000000000016
56734,KXHIGHNY-26MAY14-B65.5,2026-05-14 23:49:59.660419+00:00,KNYC,2026-05-14,0,65.0,67.0,1,0.4671419075636969,0.16603631283018805,0.2839377466748558,0.695495431517868,65.08091943359378,4.679412759520498,"ECMWF:0.15,GFS:0.15,HRRR:0.40,NBM:0.30",SKIP,NO,
56733,KXHIGHNY-26MAY14-B67.5,2026-05-14 23:49:59.009521+00:00,KNYC,2026-05-14,0,67.0,69.0,0,0.2436937050717505,0.1397106683401752,0.05938662189159732,0.019519070848058435,65.08091943359378,4.679412759520498,"ECMWF:0.15,GFS:0.15,HRRR:0.40,NBM:0.30",OPEN,YES,-20.000000000000018
56732,KXHIGHNY-26MAY14-T63,2026-05-14 23:49:58.423579+00:00,KNYC,2026-05-14,0,,63.0,0,0.059699999072682364,0.32826947556423924,0.003564089889278275,0.10776084858722067,65.08091943359378,4.679412759520498,"ECMWF:0.15,GFS:0.15,HRRR:0.40,NBM:0.30",OPEN,YES,-19.990000000000016
56731,KXHIGHNY-26MAY14-B69.5,2026-05-14 23:49:57.813976+00:00,KNYC,2026-05-14,0,69.0,71.0,0,0.1018738945404866,0.09820135444634237,0.010378290388846186,0.009643506015096167,65.08091943359378,4.679412759520498,"ECMWF:0.15,GFS:0.15,HRRR:0.40,NBM:0.30",OPEN,YES,-19.990000000000016
56730,KXHIGHNY-26MAY14-T70,2026-05-14 23:49:57.231175+00:00,KNYC,2026-05-14,0,71.0,,0,0.13826664048762266,0.10295008864659505,0.019117663871733494,0.01059872075234178,65.08091943359378,4.679412759520498,"ECMWF:0.15,GFS:0.15,HRRR:0.40,NBM:0.30",OPEN,YES,-19.990000000000016
56698,KXHIGHNY-26MAY14-B63.5,2026-05-14 23:44:36.428490+00:00,KNYC,2026-05-14,0,63.0,65.0,0,0.07341428931477623,0.16483210017246008,0.005389657875593667,0.027169621247263916,65.08091943359378,4.679412759520498,"ECMWF:0.15,GFS:0.15,HRRR:0.40,NBM:0.30",OPEN,YES,-19.990000000000016
56697,KXHIGHNY-26MAY14-B65.5,2026-05-14 23:44:35.818408+00:00,KNYC,2026-05-14,0,65.0,67.0,1,0.4671419075637005,0.16603631283018805,0.28393774667485194,0.695495431517868,65.08091943359378,4.679412759520498,"ECMWF:0.15,GFS:0.15,HRRR:0.40,NBM:0.30",SKIP,NO,
56696,KXHIGHNY-26MAY14-B67.5,2026-05-14 23:44:35.189783+00:00,KNYC,2026-05-14,0,67.0,69.0,0,0.2436937050717425,0.1397106683401752,0.059386621891593425,0.019519070848058435,65.08091943359378,4.679412759520498,"ECMWF:0.15,GFS:0.15,HRRR:0.40,NBM:0.30",OPEN,YES,-20.000000000000018
56695,KXHIGHNY-26MAY14-T63,2026-05-14 23:44:34.606021+00:00,KNYC,2026-05-14,0,,63.0,0,0.05969999907268237,0.32826947556423924,0.003564089889278276,0.10776084858722067,65.08091943359378,4.679412759520498,"ECMWF:0.15,GFS:0.15,HRRR:0.40,NBM:0.30",OPEN,YES,-19.990000000000016
56694,KXHIGHNY-26MAY14-B69.5,2026-05-14 23:44:34.004183+00:00,KNYC,2026-05-14,0,69.0,71.0,0,0.10187389454048987,0.09820135444634237,0.01037829038884685,0.009643506015096167,65.08091943359378,4.679412759520498,"ECMWF:0.15,GFS:0.15,HRRR:0.40,NBM:0.30",OPEN,YES,-19.990000000000016
56693,KXHIGHNY-26MAY14-T70,2026-05-14 23:44:33.432406+00:00,KNYC,2026-05-14,0,71.0,,0,0.13826664048761977,0.10295008864659505,0.019117663871732696,0.01059872075234178,65.08091943359378,4.679412759520498,"ECMWF:0.15,GFS:0.15,HRRR:0.40,NBM:0.30",OPEN,YES,-19.990000000000016
56663,KXHIGHNY-26MAY14-B63.5,2026-05-14 23:39:14.074433+00:00,KNYC,2026-05-14,0,63.0,65.0,0,0.07341428931477531,0.16483210017246008,0.0053896578755935325,0.027169621247263916,65.08091943359378,4.679412759520498,"ECMWF:0.15,GFS:0.15,HRRR:0.40,NBM:0.30",OPEN,YES,-19.990000000000016
56662,KXHIGHNY-26MAY14-B65.5,2026-05-14 23:39:13.478337+00:00,KNYC,2026-05-14,0,65.0,67.0,1,0.4671419075637005,0.16603631283018805,0.28393774667485194,0.695495431517868,65.08091943359378,4.679412759520498,"ECMWF:0.15,GFS:0.15,HRRR:0.40,NBM:0.30",SKIP,NO,
56661,KXHIGHNY-26MAY14-T63,2026-05-14 23:39:12.863080+00:00,KNYC,2026-05-14,0,,63.0,0,0.059699999072682385,0.32826947556423924,0.0035640898892782776,0.10776084858722067,65.08091943359378,4.679412759520498,"ECMWF:0.15,GFS:0.15,HRRR:0.40,NBM:0.30",OPEN,YES,-19.990000000000016
56660,KXHIGHNY-26MAY14-B67.5,2026-05-14 23:39:12.246943+00:00,KNYC,2026-05-14,0,67.0,69.0,0,0.24369370507174473,0.1397106683401752,0.05938662189159451,0.019519070848058435,65.08091943359378,4.679412759520498,"ECMWF:0.15,GFS:0.15,HRRR:0.40,NBM:0.30",OPEN,YES,-20.000000000000018
56659,KXHIGHNY-26MAY14-B69.5,2026-05-14 23:39:11.327575+00:00,KNYC,2026-05-14,0,69.0,71.0,0,0.1018738945404854,0.09820135444634237,0.010378290388845942,0.009643506015096167,65.08091943359378,4.679412759520498,"ECMWF:0.15,GFS:0.15,HRRR:0.40,NBM:0.30",OPEN,YES,-19.990000000000016
56658,KXHIGHNY-26MAY14-T70,2026-05-14 23:39:10.582392+00:00,KNYC,2026-05-14,0,71.0,,0,0.1382666404876229,0.10295008864659505,0.019117663871733564,0.01059872075234178,65.08091943359378,4.679412759520498,"ECMWF:0.15,GFS:0.15,HRRR:0.40,NBM:0.30",OPEN,YES,-19.990000000000016
56627,KXHIGHNY-26MAY14-B65.5,2026-05-14 23:33:49.045647+00:00,KNYC,2026-05-14,0,65.0,67.0,1,0.4671419075636975,0.16603631283018805,0.28393774667485505,0.695495431517868,65.08091943359378,4.679412759520498,"ECMWF:0.15,GFS:0.15,HRRR:0.40,NBM:0.30",OPEN,NO,-19.990000000000016
56626,KXHIGHNY-26MAY14-B63.5,2026-05-14 23:33:48.476709+00:00,KNYC,2026-05-14,0,63.0,65.0,0,0.07341428931477363,0.16483210017246008,0.005389657875593286,0.027169621247263916,65.08091943359378,4.679412759520498,"ECMWF:0.15,GFS:0.15,HRRR:0.40,NBM:0.30",OPEN,YES,-19.990000000000016
56625,KXHIGHNY-26MAY14-B67.5,2026-05-14 23:33:47.881571+00:00,KNYC,2026-05-14,0,67.0,69.0,0,0.2436937050717535,0.1397106683401752,0.05938662189159878,0.019519070848058435,65.08091943359378,4.679412759520498,"ECMWF:0.15,GFS:0.15,HRRR:0.40,NBM:0.30",OPEN,YES,-20.000000000000018
56624,KXHIGHNY-26MAY14-T70,2026-05-14 23:33:47.299688+00:00,KNYC,2026-05-14,0,71.0,,0,0.13826664048761758,0.10295008864659505,0.01911766387173209,0.01059872075234178,65.08091943359378,4.679412759520498,"ECMWF:0.15,GFS:0.15,HRRR:0.40,NBM:0.30",OPEN,YES,-19.990000000000016
56623,KXHIGHNY-26MAY14-T63,2026-05-14 23:33:46.687729+00:00,KNYC,2026-05-14,0,,63.0,0,0.059699999072682385,0.32826947556423924,0.0035640898892782776,0.10776084858722067,65.08091943359378,4.679412759520498,"ECMWF:0.15,GFS:0.15,HRRR:0.40,NBM:0.30",OPEN,YES,-19.990000000000016
56622,KXHIGHNY-26MAY14-B69.5,2026-05-14 23:33:46.066243+00:00,KNYC,2026-05-14,0,69.0,71.0,0,0.10187389454048665,0.09820135444634237,0.010378290388846195,0.009643506015096167,65.08091943359378,4.679412759520498,"ECMWF:0.15,GFS:0.15,HRRR:0.40,NBM:0.30",OPEN,YES,-19.990000000000016
56591,KXHIGHNY-26MAY14-B63.5,2026-05-14 23:28:20.913360+00:00,KNYC,2026-05-14,0,63.0,65.0,0,0.07341428931476951,0.16483210017246008,0.005389657875592681,0.027169621247263916,65.08091943359378,4.679412759520498,"ECMWF:0.15,GFS:0.15,HRRR:0.40,NBM:0.30",OPEN,YES,-19.990000000000016
56590,KXHIGHNY-26MAY14-B67.5,2026-05-14 23:28:20.306680+00:00,KNYC,2026-05-14,0,67.0,69.0,0,0.24369370507175028,0.1397106683401752,0.059386621891597206,0.019519070848058435,65.08091943359378,4.679412759520498,"ECMWF:0.15,GFS:0.15,HRRR:0.40,NBM:0.30",OPEN,YES,-20.000000000000018
56589,KXHIGHNY-26MAY14-B65.5,2026-05-14 23:28:19.727279+00:00,KNYC,2026-05-14,0,65.0,67.0,1,0.46714190756369994,0.16603631283018805,0.28393774667485244,0.695495431517868,65.08091943359378,4.679412759520498,"ECMWF:0.15,GFS:0.15,HRRR:0.40,NBM:0.30",OPEN,NO,-19.990000000000016
56588,KXHIGHNY-26MAY14-T70,2026-05-14 23:28:19.177171+00:00,KNYC,2026-05-14,0,71.0,,0,0.13826664048761778,0.10295008864659505,0.019117663871732145,0.01059872075234178,65.08091943359378,4.679412759520498,"ECMWF:0.15,GFS:0.15,HRRR:0.40,NBM:0.30",OPEN,YES,-19.990000000000016
56587,KXHIGHNY-26MAY14-T63,2026-05-14 23:28:18.318817+00:00,KNYC,2026-05-14,0,,63.0,0,0.059699999072682385,0.32826947556423924,0.0035640898892782776,0.10776084858722067,65.08091943359378,4.679412759520498,"ECMWF:0.15,GFS:0.15,HRRR:0.40,NBM:0.30",OPEN,YES,-19.990000000000016
56586,KXHIGHNY-26MAY14-B69.5,2026-05-14 23:28:17.727555+00:00,KNYC,2026-05-14,0,69.0,71.0,0,0.10187389454049128,0.09820135444634237,0.01037829038884714,0.009643506015096167,65.08091943359378,4.679412759520498,"ECMWF:0.15,GFS:0.15,HRRR:0.40,NBM:0.30",OPEN,YES,-19.990000000000016
56555,KXHIGHNY-26MAY14-B67.5,2026-05-14 23:22:57.442271+00:00,KNYC,2026-05-14,0,67.0,69.0,0,0.2436937050717465,0.1397106683401752,0.05938662189159537,0.019519070848058435,65.08091943359378,4.679412759520498,"ECMWF:0.15,GFS:0.15,HRRR:0.40,NBM:0.30",OPEN,YES,-20.000000000000018
56554,KXHIGHNY-26MAY14-B65.5,2026-05-14 23:22:56.824005+00:00,KNYC,2026-05-14,0,65.0,67.0,1,0.4671419075636964,0.16603631283018805,0.2839377466748562,0.695495431517868,65.08091943359378,4.679412759520498,"ECMWF:0.15,GFS:0.15,HRRR:0.40,NBM:0.30",OPEN,NO,-19.990000000000016
56553,KXHIGHNY-26MAY14-T63,2026-05-14 23:22:56.253777+00:00,KNYC,2026-05-14,0,,63.0,0,0.05969999907268237,0.32826947556423924,0.003564089889278276,0.10776084858722067,65.08091943359378,4.679412759520498,"ECMWF:0.15,GFS:0.15,HRRR:0.40,NBM:0.30",OPEN,YES,-19.990000000000016
56552,KXHIGHNY-26MAY14-B69.5,2026-05-14 23:22:55.629811+00:00,KNYC,2026-05-14,0,69.0,71.0,0,0.10187389454048484,0.09820135444634237,0.010378290388845827,0.009643506015096167,65.08091943359378,4.679412759520498,"ECMWF:0.15,GFS:0.15,HRRR:0.40,NBM:0.30",OPEN,YES,-19.990000000000016
56551,KXHIGHNY-26MAY14-B63.5,2026-05-14 23:22:55.048193+00:00,KNYC,2026-05-14,0,63.0,65.0,0,0.07341428931477796,0.16483210017246008,0.005389657875593921,0.027169621247263916,65.08091943359378,4.679412759520498,"ECMWF:0.15,GFS:0.15,HRRR:0.40,NBM:0.30",OPEN,YES,-19.990000000000016
56550,KXHIGHNY-26MAY14-T70,2026-05-14 23:22:54.435559+00:00,KNYC,2026-05-14,0,71.0,,0,0.13826664048762313,0.10295008864659505,0.019117663871733623,0.01059872075234178,65.08091943359378,4.679412759520498,"ECMWF:0.15,GFS:0.15,HRRR:0.40,NBM:0.30",OPEN,YES,-19.990000000000016
56518,KXHIGHNY-26MAY14-T63,2026-05-14 23:17:33.982433+00:00,KNYC,2026-05-14,0,,63.0,0,0.059699999072682385,0.32826947556423924,0.0035640898892782776,0.10776084858722067,65.08091943359378,4.679412759520498,"ECMWF:0.15,GFS:0.15,HRRR:0.40,NBM:0.30",OPEN,YES,-19.990000000000016
56517,KXHIGHNY-26MAY14-B63.5,2026-05-14 23:17:33.377588+00:00,KNYC,2026-05-14,0,63.0,65.0,0,0.07341428931477811,0.16483210017246008,0.005389657875593944,0.027169621247263916,65.08091943359378,4.679412759520498,"ECMWF:0.15,GFS:0.15,HRRR:0.40,NBM:0.30",OPEN,YES,-19.990000000000016
56516,KXHIGHNY-26MAY14-B69.5,2026-05-14 23:17:32.729207+00:00,KNYC,2026-05-14,0,69.0,71.0,0,0.1018738945404832,0.09820135444634237,0.010378290388845494,0.009643506015096167,65.08091943359378,4.679412759520498,"ECMWF:0.15,GFS:0.15,HRRR:0.40,NBM:0.30",OPEN,YES,-19.990000000000016
56515,KXHIGHNY-26MAY14-B67.5,2026-05-14 23:17:32.134004+00:00,KNYC,2026-05-14,0,67.0,69.0,0,0.2436937050717536,0.1397106683401752,0.05938662189159883,0.019519070848058435,65.08091943359378,4.679412759520498,"ECMWF:0.15,GFS:0.15,HRRR:0.40,NBM:0.30",OPEN,YES,-19.980000000000018
56514,KXHIGHNY-26MAY14-B65.5,2026-05-14 23:17:31.472666+00:00,KNYC,2026-05-14,0,65.0,67.0,1,0.4671419075636925,0.16603631283018805,0.2839377466748605,0.695495431517868,65.08091943359378,4.679412759520498,"ECMWF:0.15,GFS:0.15,HRRR:0.40,NBM:0.30",OPEN,NO,-19.990000000000016
56513,KXHIGHNY-26MAY14-T70,2026-05-14 23:17:30.902032+00:00,KNYC,2026-05-14,0,71.0,,0,0.13826664048762144,0.10295008864659505,0.019117663871733158,0.01059872075234178,65.08091943359378,4.679412759520498,"ECMWF:0.15,GFS:0.15,HRRR:0.40,NBM:0.30",OPEN,YES,-19.990000000000016
56482,KXHIGHNY-26MAY14-T70,2026-05-14 23:12:06.936161+00:00,KNYC,2026-05-14,0,71.0,,0,0.13826664048762388,0.10295008864659505,0.01911766387173383,0.01059872075234178,65.08091943359378,4.679412759520498,"ECMWF:0.15,GFS:0.15,HRRR:0.40,NBM:0.30",OPEN,YES,-19.990000000000016
56481,KXHIGHNY-26MAY14-B63.5,2026-05-14 23:12:06.322247+00:00,KNYC,2026-05-14,0,63.0,65.0,0,0.07341428931477834,0.16483210017246008,0.005389657875593977,0.027169621247263916,65.08091943359378,4.679412759520498,"ECMWF:0.15,GFS:0.15,HRRR:0.40,NBM:0.30",OPEN,YES,-19.990000000000016
56480,KXHIGHNY-26MAY14-T63,2026-05-14 23:12:05.722636+00:00,KNYC,2026-05-14,0,,63.0,0,0.05969999907268237,0.32826947556423924,0.003564089889278276,0.10776084858722067,65.08091943359378,4.679412759520498,"ECMWF:0.15,GFS:0.15,HRRR:0.40,NBM:0.30",OPEN,YES,-19.990000000000016
56479,KXHIGHNY-26MAY14-B69.5,2026-05-14 23:12:05.107581+00:00,KNYC,2026-05-14,0,69.0,71.0,0,0.10187389454048185,0.09820135444634237,0.010378290388845217,0.009643506015096167,65.08091943359378,4.679412759520498,"ECMWF:0.15,GFS:0.15,HRRR:0.40,NBM:0.30",OPEN,YES,-19.990000000000016
56478,KXHIGHNY-26MAY14-B65.5,2026-05-14 23:12:04.509526+00:00,KNYC,2026-05-14,0,65.0,67.0,1,0.46714190756369817,0.16603631283018805,0.28393774667485433,0.695495431517868,65.08091943359378,4.679412759520498,"ECMWF:0.15,GFS:0.15,HRRR:0.40,NBM:0.30",OPEN,NO,-19.990000000000016
56477,KXHIGHNY-26MAY14-B67.5,2026-05-14 23:12:03.950101+00:00,KNYC,2026-05-14,0,67.0,69.0,0,0.24369370507174662,0.1397106683401752,0.05938662189159542,0.019519070848058435,65.08091943359378,4.679412759520498,"ECMWF:0.15,GFS:0.15,HRRR:0.40,NBM:0.30",OPEN,YES,-19.990000000000016
56446,KXHIGHNY-26MAY14-B67.5,2026-05-14 23:06:31.647884+00:00,KNYC,2026-05-14,0,67.0,69.0,0,0.24369370507174762,0.1397106683401752,0.05938662189159591,0.019519070848058435,65.08091943359378,4.679412759520498,"ECMWF:0.15,GFS:0.15,HRRR:0.40,NBM:0.30",OPEN,YES,-19.990000000000016
56445,KXHIGHNY-26MAY14-B65.5,2026-05-14 23:06:31.036173+00:00,KNYC,2026-05-14,0,65.0,67.0,1,0.4671419075636993,0.16603631283018805,0.28393774667485316,0.695495431517868,65.08091943359378,4.679412759520498,"ECMWF:0.15,GFS:0.15,HRRR:0.40,NBM:0.30",SKIP,NO,
56444,KXHIGHNY-26MAY14-B63.5,2026-05-14 23:06:30.361440+00:00,KNYC,2026-05-14,0,63.0,65.0,0,0.07341428931477612,0.16483210017246008,0.0053896578755936505,0.027169621247263916,65.08091943359378,4.679412759520498,"ECMWF:0.15,GFS:0.15,HRRR:0.40,NBM:0.30",OPEN,YES,-19.990000000000016
56443,KXHIGHNY-26MAY14-T70,2026-05-14 23:06:29.722194+00:00,KNYC,2026-05-14,0,71.0,,0,0.13826664048762277,0.10295008864659505,0.019117663871733526,0.01059872075234178,65.08091943359378,4.679412759520498,"ECMWF:0.15,GFS:0.15,HRRR:0.40,NBM:0.30",OPEN,YES,-19.990000000000016
56442,KXHIGHNY-26MAY14-T63,2026-05-14 23:06:29.089059+00:00,KNYC,2026-05-14,0,,63.0,0,0.059699999072682364,0.32826947556423924,0.003564089889278275,0.10776084858722067,65.08091943359378,4.679412759520498,"ECMWF:0.15,GFS:0.15,HRRR:0.40,NBM:0.30",OPEN,YES,-19.990000000000016
56441,KXHIGHNY-26MAY14-B69.5,2026-05-14 23:06:28.394435+00:00,KNYC,2026-05-14,0,69.0,71.0,0,0.10187389454048307,0.09820135444634237,0.010378290388845466,0.009643506015096167,65.08091943359378,4.679412759520498,"ECMWF:0.15,GFS:0.15,HRRR:0.40,NBM:0.30",OPEN,YES,-19.990000000000016
56411,KXHIGHNY-26MAY14-B67.5,2026-05-14 23:01:01.864754+00:00,KNYC,2026-05-14,0,67.0,69.0,0,0.24369370507174618,0.1397106683401752,0.05938662189159521,0.019519070848058435,65.08091943359378,4.679412759520498,"ECMWF:0.15,GFS:0.15,HRRR:0.40,NBM:0.30",OPEN,YES,-19.990000000000016
56410,KXHIGHNY-26MAY14-B63.5,2026-05-14 23:01:01.254686+00:00,KNYC,2026-05-14,0,63.0,65.0,0,0.07341428931477487,0.16483210017246008,0.0053896578755934675,0.027169621247263916,65.08091943359378,4.679412759520498,"ECMWF:0.15,GFS:0.15,HRRR:0.40,NBM:0.30",OPEN,YES,-19.990000000000016
56409,KXHIGHNY-26MAY14-T70,2026-05-14 23:01:00.629699+00:00,KNYC,2026-05-14,0,71.0,,0,0.13826664048762055,0.10295008864659505,0.01911766387173291,0.01059872075234178,65.08091943359378,4.679412759520498,"ECMWF:0.15,GFS:0.15,HRRR:0.40,NBM:0.30",OPEN,YES,-19.990000000000016
56408,KXHIGHNY-26MAY14-T63,2026-05-14 23:01:00.005322+00:00,KNYC,2026-05-14,0,,63.0,0,0.059699999072682364,0.32826947556423924,0.003564089889278275,0.10776084858722067,65.08091943359378,4.679412759520498,"ECMWF:0.15,GFS:0.15,HRRR:0.40,NBM:0.30",OPEN,YES,-19.990000000000016
56407,KXHIGHNY-26MAY14-B69.5,2026-05-14 23:00:59.414887+00:00,KNYC,2026-05-14,0,69.0,71.0,0,0.10187389454048731,0.09820135444634237,0.01037829038884633,0.009643506015096167,65.08091943359378,4.679412759520498,"ECMWF:0.15,GFS:0.15,HRRR:0.40,NBM:0.30",OPEN,YES,-19.990000000000016
56406,KXHIGHNY-26MAY14-B65.5,2026-05-14 23:00:58.841375+00:00,KNYC,2026-05-14,0,65.0,67.0,1,0.4671419075637,0.16603631283018805,0.28393774667485244,0.695495431517868,65.08091943359378,4.679412759520498,"ECMWF:0.15,GFS:0.15,HRRR:0.40,NBM:0.30",OPEN,NO,-19.990000000000016
56376,KXHIGHNY-26MAY14-B65.5,2026-05-14 22:55:36.127448+00:00,KNYC,2026-05-14,0,65.0,67.0,1,0.4671419075636996,0.18836313740083654,0.2839377466748529,0.6587543967298133,65.47121972656252,4.16241067890271,"ECMWF:0.15,GFS:0.15,HRRR:0.40,NBM:0.30",SKIP,NO,
56375,KXHIGHNY-26MAY14-B63.5,2026-05-14 22:55:35.503615+00:00,KNYC,2026-05-14,0,63.0,65.0,0,0.07341428931477115,0.17857600791385986,0.005389657875592921,0.03188939060245094,65.47121972656252,4.16241067890271,"ECMWF:0.15,GFS:0.15,HRRR:0.40,NBM:0.30",OPEN,YES,-19.990000000000016
56374,KXHIGHNY-26MAY14-T70,2026-05-14 22:55:34.912188+00:00,KNYC,2026-05-14,0,71.0,,0,0.1382666404876219,0.09204545345035697,0.019117663871733286,0.008472365500881832,65.47121972656252,4.16241067890271,"ECMWF:0.15,GFS:0.15,HRRR:0.40,NBM:0.30",OPEN,YES,-19.990000000000016
56373,KXHIGHNY-26MAY14-T63,2026-05-14 22:55:34.312937+00:00,KNYC,2026-05-14,0,,63.0,0,0.059699999072682364,0.2763566722596973,0.003564089889278275,0.07637301030245375,65.47121972656252,4.16241067890271,"ECMWF:0.15,GFS:0.15,HRRR:0.40,NBM:0.30",OPEN,YES,-19.990000000000016
56372,KXHIGHNY-26MAY14-B67.5,2026-05-14 22:55:33.696701+00:00,KNYC,2026-05-14,0,67.0,69.0,0,0.2436937050717494,0.15842204038054997,0.059386621891596776,0.025097542878336605,65.47121972656252,4.16241067890271,"ECMWF:0.15,GFS:0.15,HRRR:0.40,NBM:0.30",OPEN,YES,-19.990000000000016
56371,KXHIGHNY-26MAY14-B69.5,2026-05-14 22:55:33.098630+00:00,KNYC,2026-05-14,0,69.0,71.0,0,0.10187389454048673,0.10623668859469937,0.010378290388846212,0.011286234003567127,65.47121972656252,4.16241067890271,"ECMWF:0.15,GFS:0.15,HRRR:0.40,NBM:0.30",OPEN,YES,-19.990000000000016
56340,KXHIGHNY-26MAY14-T70,2026-05-14 22:50:10.178436+00:00,KNYC,2026-05-14,0,71.0,,0,0.13826664048762044,0.09204545345035697,0.01911766387173288,0.008472365500881832,65.47121972656252,4.16241067890271,"ECMWF:0.15,GFS:0.15,HRRR:0.40,NBM:0.30",OPEN,YES,-19.990000000000016
56339,KXHIGHNY-26MAY14-T63,2026-05-14 22:50:09.561029+00:00,KNYC,2026-05-14,0,,63.0,0,0.05969999907268237,0.2763566722596973,0.003564089889278276,0.07637301030245375,65.47121972656252,4.16241067890271,"ECMWF:0.15,GFS:0.15,HRRR:0.40,NBM:0.30",OPEN,YES,-19.990000000000016
56338,KXHIGHNY-26MAY14-B63.5,2026-05-14 22:50:08.967180+00:00,KNYC,2026-05-14,0,63.0,65.0,0,0.07341428931477295,0.17857600791385986,0.005389657875593186,0.03188939060245094,65.47121972656252,4.16241067890271,"ECMWF:0.15,GFS:0.15,HRRR:0.40,NBM:0.30",OPEN,YES,-19.990000000000016
56337,KXHIGHNY-26MAY14-B67.5,2026-05-14 22:50:08.355667+00:00,KNYC,2026-05-14,0,67.0,69.0,0,0.24369370507175017,0.15842204038054997,0.05938662189159716,0.025097542878336605,65.47121972656252,4.16241067890271,"ECMWF:0.15,GFS:0.15,HRRR:0.40,NBM:0.30",OPEN,YES,-19.990000000000016
56336,KXHIGHNY-26MAY14-B65.5,2026-05-14 22:50:07.761604+00:00,KNYC,2026-05-14,0,65.0,67.0,1,0.46714190756369794,0.18836313740083654,0.28393774667485455,0.6587543967298133,65.47121972656252,4.16241067890271,"ECMWF:0.15,GFS:0.15,HRRR:0.40,NBM:0.30",SKIP,NO,
56335,KXHIGHNY-26MAY14-B69.5,2026-05-14 22:50:07.136067+00:00,KNYC,2026-05-14,0,69.0,71.0,0,0.10187389454048727,0.10623668859469937,0.010378290388846323,0.011286234003567127,65.47121972656252,4.16241067890271,"ECMWF:0.15,GFS:0.15,HRRR:0.40,NBM:0.30",OPEN,YES,-19.990000000000016
56303,KXHIGHNY-26MAY14-T63,2026-05-14 22:44:40.227118+00:00,KNYC,2026-05-14,0,,63.0,0,0.05969999907268237,0.2763566722596973,0.003564089889278276,0.07637301030245375,65.47121972656252,4.16241067890271,"ECMWF:0.15,GFS:0.15,HRRR:0.40,NBM:0.30",OPEN,YES,-19.990000000000016
56302,KXHIGHNY-26MAY14-B63.5,2026-05-14 22:44:39.625164+00:00,KNYC,2026-05-14,0,63.0,65.0,0,0.0734142893147742,0.17857600791385986,0.0053896578755933695,0.03188939060245094,65.47121972656252,4.16241067890271,"ECMWF:0.15,GFS:0.15,HRRR:0.40,NBM:0.30",OPEN,YES,-19.990000000000016
56301,KXHIGHNY-26MAY14-B67.5,2026-05-14 22:44:39.020473+00:00,KNYC,2026-05-14,0,67.0,69.0,0,0.24369370507174962,0.15842204038054997,0.05938662189159689,0.025097542878336605,65.47121972656252,4.16241067890271,"ECMWF:0.15,GFS:0.15,HRRR:0.40,NBM:0.30",OPEN,YES,-19.990000000000016
56300,KXHIGHNY-26MAY14-T70,2026-05-14 22:44:38.406732+00:00,KNYC,2026-05-14,0,71.0,,0,0.13826664048762166,0.09204545345035697,0.019117663871733217,0.008472365500881832,65.47121972656252,4.16241067890271,"ECMWF:0.15,GFS:0.15,HRRR:0.40,NBM:0.30",OPEN,YES,-19.990000000000016
56299,KXHIGHNY-26MAY14-B65.5,2026-05-14 22:44:37.770439+00:00,KNYC,2026-05-14,0,65.0,67.0,1,0.4671419075636978,0.18836313740083654,0.28393774667485483,0.6587543967298133,65.47121972656252,4.16241067890271,"ECMWF:0.15,GFS:0.15,HRRR:0.40,NBM:0.30",SKIP,NO,
56298,KXHIGHNY-26MAY14-B69.5,2026-05-14 22:44:37.139308+00:00,KNYC,2026-05-14,0,69.0,71.0,0,0.10187389454048562,0.10623668859469937,0.010378290388845987,0.011286234003567127,65.47121972656252,4.16241067890271,"ECMWF:0.15,GFS:0.15,HRRR:0.40,NBM:0.30",OPEN,YES,-19.990000000000016
56266,KXHIGHNY-26MAY14-T70,2026-05-14 22:39:16.708986+00:00,KNYC,2026-05-14,0,71.0,,0,0.13826664048762213,0.09204545345035697,0.01911766387173335,0.008472365500881832,65.47121972656252,4.16241067890271,"ECMWF:0.15,GFS:0.15,HRRR:0.40,NBM:0.30",OPEN,YES,-19.990000000000016
56265,KXHIGHNY-26MAY14-B67.5,2026-05-14 22:39:16.076104+00:00,KNYC,2026-05-14,0,67.0,69.0,0,0.24369370507175017,0.15842204038054997,0.05938662189159716,0.025097542878336605,65.47121972656252,4.16241067890271,"ECMWF:0.15,GFS:0.15,HRRR:0.40,NBM:0.30",OPEN,YES,-19.980000000000018
56264,KXHIGHNY-26MAY14-B65.5,2026-05-14 22:39:15.496795+00:00,KNYC,2026-05-14,0,65.0,67.0,1,0.46714190756369584,0.18836313740083654,0.28393774667485694,0.6587543967298133,65.47121972656252,4.16241067890271,"ECMWF:0.15,GFS:0.15,HRRR:0.40,NBM:0.30",SKIP,NO,
56263,KXHIGHNY-26MAY14-B63.5,2026-05-14 22:39:14.857835+00:00,KNYC,2026-05-14,0,63.0,65.0,0,0.07341428931477599,0.17857600791385986,0.005389657875593632,0.03188939060245094,65.47121972656252,4.16241067890271,"ECMWF:0.15,GFS:0.15,HRRR:0.40,NBM:0.30",OPEN,YES,-19.990000000000016
56262,KXHIGHNY-26MAY14-T63,2026-05-14 22:39:14.265667+00:00,KNYC,2026-05-14,0,,63.0,0,0.059699999072682364,0.2763566722596973,0.003564089889278275,0.07637301030245375,65.47121972656252,4.16241067890271,"ECMWF:0.15,GFS:0.15,HRRR:0.40,NBM:0.30",OPEN,YES,-19.990000000000016
56261,KXHIGHNY-26MAY14-B69.5,2026-05-14 22:39:13.665524+00:00,KNYC,2026-05-14,0,69.0,71.0,0,0.10187389454048472,0.10623668859469937,0.010378290388845803,0.011286234003567127,65.47121972656252,4.16241067890271,"ECMWF:0.15,GFS:0.15,HRRR:0.40,NBM:0.30",OPEN,YES,-19.990000000000016
56231,KXHIGHNY-26MAY14-T70,2026-05-14 22:33:46.621682+00:00,KNYC,2026-05-14,0,71.0,,0,0.1382666404876207,0.09204545345035697,0.01911766387173295,0.008472365500881832,65.47121972656252,4.16241067890271,"ECMWF:0.15,GFS:0.15,HRRR:0.40,NBM:0.30",OPEN,YES,-19.990000000000016
56230,KXHIGHNY-26MAY14-B65.5,2026-05-14 22:33:45.991580+00:00,KNYC,2026-05-14,0,65.0,67.0,1,0.46714190756369994,0.18836313740083654,0.28393774667485244,0.6587543967298133,65.47121972656252,4.16241067890271,"ECMWF:0.15,GFS:0.15,HRRR:0.40,NBM:0.30",SKIP,NO,
56229,KXHIGHNY-26MAY14-T63,2026-05-14 22:33:45.341585+00:00,KNYC,2026-05-14,0,,63.0,0,0.059699999072682385,0.2763566722596973,0.0035640898892782776,0.07637301030245375,65.47121972656252,4.16241067890271,"ECMWF:0.15,GFS:0.15,HRRR:0.40,NBM:0.30",OPEN,YES,-19.990000000000016
56228,KXHIGHNY-26MAY14-B63.5,2026-05-14 22:33:44.719372+00:00,KNYC,2026-05-14,0,63.0,65.0,0,0.07341428931477445,0.17857600791385986,0.005389657875593406,0.03188939060245094,65.47121972656252,4.16241067890271,"ECMWF:0.15,GFS:0.15,HRRR:0.40,NBM:0.30",OPEN,YES,-19.990000000000016
56227,KXHIGHNY-26MAY14-B67.5,2026-05-14 22:33:44.110256+00:00,KNYC,2026-05-14,0,67.0,69.0,0,0.24369370507174928,0.15842204038054997,0.05938662189159672,0.025097542878336605,65.47121972656252,4.16241067890271,"ECMWF:0.15,GFS:0.15,HRRR:0.40,NBM:0.30",OPEN,YES,-20.000000000000018
56226,KXHIGHNY-26MAY14-B69.5,2026-05-14 22:33:43.523970+00:00,KNYC,2026-05-14,0,69.0,71.0,0,0.1018738945404845,0.10623668859469937,0.010378290388845758,0.011286234003567127,65.47121972656252,4.16241067890271,"ECMWF:0.15,GFS:0.15,HRRR:0.40,NBM:0.30",OPEN,YES,-19.990000000000016
56194,KXHIGHNY-26MAY14-T70,2026-05-14 22:28:15.393755+00:00,KNYC,2026-05-14,0,71.0,,0,0.1382666404876217,0.09204545345035697,0.019117663871733224,0.008472365500881832,65.47121972656252,4.16241067890271,"ECMWF:0.15,GFS:0.15,HRRR:0.40,NBM:0.30",OPEN,YES,-19.990000000000016
56193,KXHIGHNY-26MAY14-B63.5,2026-05-14 22:28:14.795157+00:00,KNYC,2026-05-14,0,63.0,65.0,0,0.0734142893147772,0.17857600791385986,0.005389657875593809,0.03188939060245094,65.47121972656252,4.16241067890271,"ECMWF:0.15,GFS:0.15,HRRR:0.40,NBM:0.30",OPEN,YES,-19.990000000000016
56192,KXHIGHNY-26MAY14-B67.5,2026-05-14 22:28:14.191271+00:00,KNYC,2026-05-14,0,67.0,69.0,0,0.24369370507174884,0.15842204038054997,0.059386621891596506,0.025097542878336605,65.47121972656252,4.16241067890271,"ECMWF:0.15,GFS:0.15,HRRR:0.40,NBM:0.30",OPEN,YES,-20.000000000000018
56191,KXHIGHNY-26MAY14-B65.5,2026-05-14 22:28:13.572988+00:00,KNYC,2026-05-14,0,65.0,67.0,1,0.4671419075636981,0.18836313740083654,0.28393774667485444,0.6587543967298133,65.47121972656252,4.16241067890271,"ECMWF:0.15,GFS:0.15,HRRR:0.40,NBM:0.30",SKIP,NO,
56190,KXHIGHNY-26MAY14-T63,2026-05-14 22:28:12.948427+00:00,KNYC,2026-05-14,0,,63.0,0,0.059699999072682364,0.2763566722596973,0.003564089889278275,0.07637301030245375,65.47121972656252,4.16241067890271,"ECMWF:0.15,GFS:0.15,HRRR:0.40,NBM:0.30",OPEN,YES,-19.990000000000016
56189,KXHIGHNY-26MAY14-B69.5,2026-05-14 22:28:12.360516+00:00,KNYC,2026-05-14,0,69.0,71.0,0,0.10187389454048307,0.10623668859469937,0.010378290388845466,0.011286234003567127,65.47121972656252,4.16241067890271,"ECMWF:0.15,GFS:0.15,HRRR:0.40,NBM:0.30",OPEN,YES,-19.990000000000016
56158,KXHIGHNY-26MAY14-T70,2026-05-14 22:22:46.316195+00:00,KNYC,2026-05-14,0,71.0,,0,0.13826664048762066,0.09204545345035697,0.019117663871732943,0.008472365500881832,65.47121972656252,4.16241067890271,"ECMWF:0.15,GFS:0.15,HRRR:0.40,NBM:0.30",OPEN,YES,-19.990000000000016
56157,KXHIGHNY-26MAY14-B63.5,2026-05-14 22:22:45.694930+00:00,KNYC,2026-05-14,0,63.0,65.0,0,0.07341428931477303,0.17857600791385986,0.005389657875593199,0.03188939060245094,65.47121972656252,4.16241067890271,"ECMWF:0.15,GFS:0.15,HRRR:0.40,NBM:0.30",OPEN,YES,-19.990000000000016
56156,KXHIGHNY-26MAY14-T63,2026-05-14 22:22:45.067277+00:00,KNYC,2026-05-14,0,,63.0,0,0.059699999072682364,0.2763566722596973,0.003564089889278275,0.07637301030245375,65.47121972656252,4.16241067890271,"ECMWF:0.15,GFS:0.15,HRRR:0.40,NBM:0.30",OPEN,YES,-19.990000000000016
56155,KXHIGHNY-26MAY14-B65.5,2026-05-14 22:22:44.455290+00:00,KNYC,2026-05-14,0,65.0,67.0,1,0.46714190756369955,0.18836313740083654,0.2839377466748529,0.6587543967298133,65.47121972656252,4.16241067890271,"ECMWF:0.15,GFS:0.15,HRRR:0.40,NBM:0.30",SKIP,NO,
56154,KXHIGHNY-26MAY14-B67.5,2026-05-14 22:22:43.817736+00:00,KNYC,2026-05-14,0,67.0,69.0,0,0.24369370507174928,0.15842204038054997,0.05938662189159672,0.025097542878336605,65.47121972656252,4.16241067890271,"ECMWF:0.15,GFS:0.15,HRRR:0.40,NBM:0.30",OPEN,YES,-19.980000000000018
56153,KXHIGHNY-26MAY14-B69.5,2026-05-14 22:22:43.244948+00:00,KNYC,2026-05-14,0,69.0,71.0,0,0.1018738945404864,0.10623668859469937,0.010378290388846145,0.011286234003567127,65.47121972656252,4.16241067890271,"ECMWF:0.15,GFS:0.15,HRRR:0.40,NBM:0.30",OPEN,YES,-19.990000000000016
56123,KXHIGHNY-26MAY14-T70,2026-05-14 22:17:14.953703+00:00,KNYC,2026-05-14,0,71.0,,0,0.13826664048762155,0.09204545345035697,0.019117663871733186,0.008472365500881832,65.47121972656252,4.16241067890271,"ECMWF:0.15,GFS:0.15,HRRR:0.40,NBM:0.30",OPEN,YES,-19.990000000000016
56122,KXHIGHNY-26MAY14-B63.5,2026-05-14 22:17:14.349372+00:00,KNYC,2026-05-14,0,63.0,65.0,0,0.07341428931477531,0.17857600791385986,0.0053896578755935325,0.03188939060245094,65.47121972656252,4.16241067890271,"ECMWF:0.15,GFS:0.15,HRRR:0.40,NBM:0.30",OPEN,YES,-19.990000000000016
56121,KXHIGHNY-26MAY14-B65.5,2026-05-14 22:17:13.723961+00:00,KNYC,2026-05-14,0,65.0,67.0,1,0.4671419075636978,0.18836313740083654,0.28393774667485483,0.6587543967298133,65.47121972656252,4.16241067890271,"ECMWF:0.15,GFS:0.15,HRRR:0.40,NBM:0.30",SKIP,NO,
56120,KXHIGHNY-26MAY14-T63,2026-05-14 22:17:13.058247+00:00,KNYC,2026-05-14,0,,63.0,0,0.059699999072682364,0.2763566722596973,0.003564089889278275,0.07637301030245375,65.47121972656252,4.16241067890271,"ECMWF:0.15,GFS:0.15,HRRR:0.40,NBM:0.30",OPEN,YES,-19.990000000000016
56119,KXHIGHNY-26MAY14-B67.5,2026-05-14 22:17:12.438859+00:00,KNYC,2026-05-14,0,67.0,69.0,0,0.24369370507175028,0.15842204038054997,0.059386621891597206,0.025097542878336605,65.47121972656252,4.16241067890271,"ECMWF:0.15,GFS:0.15,HRRR:0.40,NBM:0.30",OPEN,YES,-19.980000000000018
56118,KXHIGHNY-26MAY14-B69.5,2026-05-14 22:17:11.839296+00:00,KNYC,2026-05-14,0,69.0,71.0,0,0.10187389454048398,0.10623668859469937,0.010378290388845652,0.011286234003567127,65.47121972656252,4.16241067890271,"ECMWF:0.15,GFS:0.15,HRRR:0.40,NBM:0.30",OPEN,YES,-19.990000000000016
56087,KXHIGHNY-26MAY14-T70,2026-05-14 22:11:51.626063+00:00,KNYC,2026-05-14,0,71.0,,0,0.13826664048762166,0.09204545345035697,0.019117663871733217,0.008472365500881832,65.47121972656252,4.16241067890271,"ECMWF:0.15,GFS:0.15,HRRR:0.40,NBM:0.30",OPEN,YES,-19.990000000000016
56086,KXHIGHNY-26MAY14-B63.5,2026-05-14 22:11:51.022006+00:00,KNYC,2026-05-14,0,63.0,65.0,0,0.07341428931477181,0.17857600791385986,0.005389657875593019,0.03188939060245094,65.47121972656252,4.16241067890271,"ECMWF:0.15,GFS:0.15,HRRR:0.40,NBM:0.30",OPEN,YES,-19.990000000000016
56085,KXHIGHNY-26MAY14-B67.5,2026-05-14 22:11:50.400766+00:00,KNYC,2026-05-14,0,67.0,69.0,0,0.2436937050717525,0.15842204038054997,0.05938662189159829,0.025097542878336605,65.47121972656252,4.16241067890271,"ECMWF:0.15,GFS:0.15,HRRR:0.40,NBM:0.30",OPEN,YES,-19.980000000000018
56084,KXHIGHNY-26MAY14-B65.5,2026-05-14 22:11:49.838062+00:00,KNYC,2026-05-14,0,65.0,67.0,1,0.467141907563699,0.18836313740083654,0.2839377466748535,0.6587543967298133,65.47121972656252,4.16241067890271,"ECMWF:0.15,GFS:0.15,HRRR:0.40,NBM:0.30",SKIP,NO,
56083,KXHIGHNY-26MAY14-T63,2026-05-14 22:11:49.222148+00:00,KNYC,2026-05-14,0,,63.0,0,0.059699999072682385,0.2763566722596973,0.0035640898892782776,0.07637301030245375,65.47121972656252,4.16241067890271,"ECMWF:0.15,GFS:0.15,HRRR:0.40,NBM:0.30",OPEN,YES,-19.990000000000016
56082,KXHIGHNY-26MAY14-B69.5,2026-05-14 22:11:48.640792+00:00,KNYC,2026-05-14,0,69.0,71.0,0,0.10187389454048387,0.10623668859469937,0.01037829038884563,0.011286234003567127,65.47121972656252,4.16241067890271,"ECMWF:0.15,GFS:0.15,HRRR:0.40,NBM:0.30",OPEN,YES,-19.990000000000016
56050,KXHIGHNY-26MAY14-T70,2026-05-14 22:06:19.067199+00:00,KNYC,2026-05-14,0,71.0,,0,0.13826664048761955,0.09204545345035697,0.019117663871732634,0.008472365500881832,65.47121972656252,4.16241067890271,"ECMWF:0.15,GFS:0.15,HRRR:0.40,NBM:0.30",OPEN,YES,-19.990000000000016
56049,KXHIGHNY-26MAY14-B63.5,2026-05-14 22:06:18.464934+00:00,KNYC,2026-05-14,0,63.0,65.0,0,0.07341428931477323,0.17857600791385986,0.005389657875593226,0.03188939060245094,65.47121972656252,4.16241067890271,"ECMWF:0.15,GFS:0.15,HRRR:0.40,NBM:0.30",OPEN,YES,-19.990000000000016
56048,KXHIGHNY-26MAY14-B65.5,2026-05-14 22:06:17.794383+00:00,KNYC,2026-05-14,0,65.0,67.0,1,0.46714190756369856,0.18836313740083654,0.283937746674854,0.6587543967298133,65.47121972656252,4.16241067890271,"ECMWF:0.15,GFS:0.15,HRRR:0.40,NBM:0.30",SKIP,NO,
56047,KXHIGHNY-26MAY14-B67.5,2026-05-14 22:06:17.173059+00:00,KNYC,2026-05-14,0,67.0,69.0,0,0.24369370507174962,0.15842204038054997,0.05938662189159689,0.025097542878336605,65.47121972656252,4.16241067890271,"ECMWF:0.15,GFS:0.15,HRRR:0.40,NBM:0.30",OPEN,YES,-20.000000000000018
56046,KXHIGHNY-26MAY14-T63,2026-05-14 22:06:16.562994+00:00,KNYC,2026-05-14,0,,63.0,0,0.05969999907268237,0.2763566722596973,0.003564089889278276,0.07637301030245375,65.47121972656252,4.16241067890271,"ECMWF:0.15,GFS:0.15,HRRR:0.40,NBM:0.30",OPEN,YES,-19.990000000000016
56045,KXHIGHNY-26MAY14-B69.5,2026-05-14 22:06:15.959186+00:00,KNYC,2026-05-14,0,69.0,71.0,0,0.10187389454048795,0.10623668859469937,0.01037829038884646,0.011286234003567127,65.47121972656252,4.16241067890271,"ECMWF:0.15,GFS:0.15,HRRR:0.40,NBM:0.30",OPEN,YES,-19.990000000000016
56016,KXHIGHNY-26MAY14-T70,2026-05-14 22:00:56.822740+00:00,KNYC,2026-05-14,0,71.0,,0,0.08287203853357647,0.09204545345035697,0.006867774770710583,0.008472365500881832,65.47121972656252,4.16241067890271,"ECMWF:0.15,GFS:0.15,HRRR:0.40,NBM:0.30",OPEN,YES,-19.990000000000016
56015,KXHIGHNY-26MAY14-B63.5,2026-05-14 22:00:56.210954+00:00,KNYC,2026-05-14,0,63.0,65.0,0,0.10217760870110768,0.17857600791385986,0.010440263719876676,0.03188939060245094,65.47121972656252,4.16241067890271,"ECMWF:0.15,GFS:0.15,HRRR:0.40,NBM:0.30",OPEN,YES,-19.990000000000016
56014,KXHIGHNY-26MAY14-B69.5,2026-05-14 22:00:55.587077+00:00,KNYC,2026-05-14,0,69.0,71.0,0,0.09035369111357568,0.10623668859469937,0.008163789497847445,0.011286234003567127,65.47121972656252,4.16241067890271,"ECMWF:0.15,GFS:0.15,HRRR:0.40,NBM:0.30",OPEN,YES,-19.990000000000016
56013,KXHIGHNY-26MAY14-B65.5,2026-05-14 22:00:54.977647+00:00,KNYC,2026-05-14,0,65.0,67.0,1,0.664282958051533,0.18836313740083654,0.11270593225462873,0.6587543967298133,65.47121972656252,4.16241067890271,"ECMWF:0.15,GFS:0.15,HRRR:0.40,NBM:0.30",SKIP,NO,
56012,KXHIGHNY-26MAY14-B67.5,2026-05-14 22:00:54.415732+00:00,KNYC,2026-05-14,0,67.0,69.0,0,0.14017645460401823,0.15842204038054997,0.019649438425352383,0.025097542878336605,65.47121972656252,4.16241067890271,"ECMWF:0.15,GFS:0.15,HRRR:0.40,NBM:0.30",OPEN,YES,-20.000000000000018
56011,KXHIGHNY-26MAY14-T63,2026-05-14 22:00:53.823378+00:00,KNYC,2026-05-14,0,,63.0,0,0.05969999907268237,0.2763566722596973,0.003564089889278276,0.07637301030245375,65.47121972656252,4.16241067890271,"ECMWF:0.15,GFS:0.15,HRRR:0.40,NBM:0.30",OPEN,YES,-19.990000000000016
55980,KXHIGHNY-26MAY14-T70,2026-05-14 21:55:32.183974+00:00,KNYC,2026-05-14,0,71.0,,0,0.08209005552569022,0.06295949032876469,0.006738777216210904,0.0039638974224578145,66.41000146484377,2.9992246916755976,"ECMWF:0.15,GFS:0.15,HRRR:0.40,NBM:0.30",OPEN,YES,-13.20000000000001
55979,KXHIGHNY-26MAY14-B63.5,2026-05-14 21:55:31.568153+00:00,KNYC,2026-05-14,0,63.0,65.0,0,0.09987748873681028,0.19135663639331885,0.009975512756371664,0.03661736229176484,66.41000146484377,2.9992246916755976,"ECMWF:0.15,GFS:0.15,HRRR:0.40,NBM:0.30",OPEN,YES,-19.990000000000016
55978,KXHIGHNY-26MAY14-B67.5,2026-05-14 21:55:30.946628+00:00,KNYC,2026-05-14,0,67.0,69.0,0,0.13804360260006815,0.22810857956498576,0.01905603621880554,0.05203352407115544,66.41000146484377,2.9992246916755976,"ECMWF:0.15,GFS:0.15,HRRR:0.40,NBM:0.30",OPEN,YES,-19.980000000000018
55977,KXHIGHNY-26MAY14-B65.5,2026-05-14 21:55:30.353053+00:00,KNYC,2026-05-14,0,65.0,67.0,1,0.6704562652092169,0.258841569757355,0.10859907313985802,0.5493158187197418,66.41000146484377,2.9992246916755976,"ECMWF:0.15,GFS:0.15,HRRR:0.40,NBM:0.30",SKIP,NO,
55976,KXHIGHNY-26MAY14-T63,2026-05-14 21:55:29.795184+00:00,KNYC,2026-05-14,0,,63.0,0,0.059699999072682385,0.1277772975867285,0.0035640898892782776,0.016327037778567376,66.41000146484377,2.9992246916755976,"ECMWF:0.15,GFS:0.15,HRRR:0.40,NBM:0.30",OPEN,YES,-19.990000000000016
55975,KXHIGHNY-26MAY14-B69.5,2026-05-14 21:55:29.168011+00:00,KNYC,2026-05-14,0,69.0,71.0,0,0.08939533893202553,0.1309564263688472,0.00799152662277172,0.017149585607299296,66.41000146484377,2.9992246916755976,"ECMWF:0.15,GFS:0.15,HRRR:0.40,NBM:0.30",OPEN,YES,-19.990000000000016
55943,KXHIGHNY-26MAY14-T70,2026-05-14 21:50:08.258612+00:00,KNYC,2026-05-14,0,71.0,,0,0.08211147687456938,0.06295949032876469,0.006742294634522941,0.0039638974224578145,66.41000146484377,2.9992246916755976,"ECMWF:0.15,GFS:0.15,HRRR:0.40,NBM:0.30",OPEN,YES,-13.20000000000001
55942,KXHIGHNY-26MAY14-T63,2026-05-14 21:50:07.661362+00:00,KNYC,2026-05-14,0,,63.0,0,0.059699999072682364,0.1277772975867285,0.003564089889278275,0.016327037778567376,66.41000146484377,2.9992246916755976,"ECMWF:0.15,GFS:0.15,HRRR:0.40,NBM:0.30",OPEN,YES,-19.990000000000016
55941,KXHIGHNY-26MAY14-B69.5,2026-05-14 21:50:07.034579+00:00,KNYC,2026-05-14,0,69.0,71.0,0,0.08942159167181934,0.1309564263688472,0.00799622105712159,0.017149585607299296,66.41000146484377,2.9992246916755976,"ECMWF:0.15,GFS:0.15,HRRR:0.40,NBM:0.30",OPEN,YES,-19.990000000000016
55940,KXHIGHNY-26MAY14-B63.5,2026-05-14 21:50:06.411555+00:00,KNYC,2026-05-14,0,63.0,65.0,0,0.09994108103006406,0.19135663639331885,0.00998821967745783,0.03661736229176484,66.41000146484377,2.9992246916755976,"ECMWF:0.15,GFS:0.15,HRRR:0.40,NBM:0.30",OPEN,YES,-19.990000000000016
55939,KXHIGHNY-26MAY14-B67.5,2026-05-14 21:50:05.729810+00:00,KNYC,2026-05-14,0,67.0,69.0,0,0.13810202914696618,0.22810857956498576,0.019072170454509495,0.05203352407115544,66.41000146484377,2.9992246916755976,"ECMWF:0.15,GFS:0.15,HRRR:0.40,NBM:0.30",OPEN,YES,-20.000000000000018
55938,KXHIGHNY-26MAY14-B65.5,2026-05-14 21:50:05.120771+00:00,KNYC,2026-05-14,0,65.0,67.0,1,0.670286572280392,0.258841569757355,0.10871094441861316,0.5493158187197418,66.41000146484377,2.9992246916755976,"ECMWF:0.15,GFS:0.15,HRRR:0.40,NBM:0.30",SKIP,NO,
55906,KXHIGHNY-26MAY14-B63.5,2026-05-14 21:44:32.655104+00:00,KNYC,2026-05-14,0,63.0,65.0,0,0.10000703843038006,0.19135663639331885,0.010001407735615513,0.03661736229176484,66.41000146484377,2.9992246916755976,"ECMWF:0.15,GFS:0.15,HRRR:0.40,NBM:0.30",OPEN,YES,-19.990000000000016
55905,KXHIGHNY-26MAY14-B67.5,2026-05-14 21:44:32.050419+00:00,KNYC,2026-05-14,0,67.0,69.0,0,0.13816266282046258,0.22810857956498576,0.01908892139764083,0.05203352407115544,66.41000146484377,2.9992246916755976,"ECMWF:0.15,GFS:0.15,HRRR:0.40,NBM:0.30",OPEN,YES,-20.000000000000018
55904,KXHIGHNY-26MAY14-B65.5,2026-05-14 21:44:31.440860+00:00,KNYC,2026-05-14,0,65.0,67.0,1,0.6701105061771571,0.258841569757355,0.10882707813469153,0.5493158187197418,66.41000146484377,2.9992246916755976,"ECMWF:0.15,GFS:0.15,HRRR:0.40,NBM:0.30",SKIP,NO,
55903,KXHIGHNY-26MAY14-T70,2026-05-14 21:44:30.877171+00:00,KNYC,2026-05-14,0,71.0,,0,0.08213370743828957,0.06295949032876469,0.006745945897558544,0.0039638974224578145,66.41000146484377,2.9992246916755976,"ECMWF:0.15,GFS:0.15,HRRR:0.40,NBM:0.30",OPEN,YES,-13.20000000000001
55902,KXHIGHNY-26MAY14-B69.5,2026-05-14 21:44:30.271043+00:00,KNYC,2026-05-14,0,69.0,71.0,0,0.08944883613752183,0.1309564263688472,0.008001094286357232,0.017149585607299296,66.41000146484377,2.9992246916755976,"ECMWF:0.15,GFS:0.15,HRRR:0.40,NBM:0.30",OPEN,YES,-19.990000000000016
55901,KXHIGHNY-26MAY14-T63,2026-05-14 21:44:29.673730+00:00,KNYC,2026-05-14,0,,63.0,0,0.059699999072682364,0.1277772975867285,0.003564089889278275,0.016327037778567376,66.41000146484377,2.9992246916755976,"ECMWF:0.15,GFS:0.15,HRRR:0.40,NBM:0.30",OPEN,YES,-19.990000000000016
55870,KXHIGHNY-26MAY14-B63.5,2026-05-14 21:39:06.290772+00:00,KNYC,2026-05-14,0,63.0,65.0,0,0.1000715492615174,0.19135663639331885,0.010014314971600304,0.03661736229176484,66.41000146484377,2.9992246916755976,"ECMWF:0.15,GFS:0.15,HRRR:0.40,NBM:0.30",OPEN,YES,-19.990000000000016
55869,KXHIGHNY-26MAY14-B69.5,2026-05-14 21:39:05.688415+00:00,KNYC,2026-05-14,0,69.0,71.0,0,0.08947549812482697,0.1309564263688472,0.008005864764685915,0.017149585607299296,66.41000146484377,2.9992246916755976,"ECMWF:0.15,GFS:0.15,HRRR:0.40,NBM:0.30",OPEN,YES,-19.990000000000016
55868,KXHIGHNY-26MAY14-B67.5,2026-05-14 21:39:05.072115+00:00,KNYC,2026-05-14,0,67.0,69.0,0,0.13822200016444292,0.22810857956498576,0.019105321329459257,0.05203352407115544,66.41000146484377,2.9992246916755976,"ECMWF:0.15,GFS:0.15,HRRR:0.40,NBM:0.30",OPEN,YES,-20.000000000000018
55867,KXHIGHNY-26MAY14-B65.5,2026-05-14 21:39:04.470179+00:00,KNYC,2026-05-14,0,65.0,67.0,1,0.6699382407337116,0.258841569757355,0.10894076492995734,0.5493158187197418,66.41000146484377,2.9992246916755976,"ECMWF:0.15,GFS:0.15,HRRR:0.40,NBM:0.30",SKIP,NO,
55866,KXHIGHNY-26MAY14-T70,2026-05-14 21:39:03.897659+00:00,KNYC,2026-05-14,0,71.0,,0,0.08215546271931223,0.06295949032876469,0.006749520054624303,0.0039638974224578145,66.41000146484377,2.9992246916755976,"ECMWF:0.15,GFS:0.15,HRRR:0.40,NBM:0.30",OPEN,YES,-13.20000000000001
55865,KXHIGHNY-26MAY14-T63,2026-05-14 21:39:03.269168+00:00,KNYC,2026-05-14,0,,63.0,0,0.059699999072682385,0.1277772975867285,0.0035640898892782776,0.016327037778567376,66.41000146484377,2.9992246916755976,"ECMWF:0.15,GFS:0.15,HRRR:0.40,NBM:0.30",OPEN,YES,-19.990000000000016
55837,KXHIGHNY-26MAY14-B63.5,2026-05-14 21:33:43.339131+00:00,KNYC,2026-05-14,0,63.0,65.0,0,0.1001358467827683,0.19135663639331885,0.010027187810902047,0.03661736229176484,66.41000146484377,2.9992246916755976,"ECMWF:0.15,GFS:0.15,HRRR:0.40,NBM:0.30",OPEN,YES,-19.990000000000016
55836,KXHIGHNY-26MAY14-B69.5,2026-05-14 21:33:42.726518+00:00,KNYC,2026-05-14,0,69.0,71.0,0,0.08950208668924692,0.1309564263688472,0.00801062352172947,0.017149585607299296,66.41000146484377,2.9992246916755976,"ECMWF:0.15,GFS:0.15,HRRR:0.40,NBM:0.30",OPEN,YES,-19.990000000000016
55835,KXHIGHNY-26MAY14-B65.5,2026-05-14 21:33:42.122259+00:00,KNYC,2026-05-14,0,65.0,67.0,1,0.669766485339264,0.258841569757355,0.10905417420518256,0.5493158187197418,66.41000146484377,2.9992246916755976,"ECMWF:0.15,GFS:0.15,HRRR:0.40,NBM:0.30",SKIP,NO,
55834,KXHIGHNY-26MAY14-B67.5,2026-05-14 21:33:41.568140+00:00,KNYC,2026-05-14,0,67.0,69.0,0,0.13828117410279023,0.22810857956498576,0.019121683111246183,0.05203352407115544,66.41000146484377,2.9992246916755976,"ECMWF:0.15,GFS:0.15,HRRR:0.40,NBM:0.30",OPEN,YES,-19.980000000000018
55833,KXHIGHNY-26MAY14-T63,2026-05-14 21:33:40.966498+00:00,KNYC,2026-05-14,0,,63.0,0,0.059699999072682364,0.1277772975867285,0.003564089889278275,0.016327037778567376,66.41000146484377,2.9992246916755976,"ECMWF:0.15,GFS:0.15,HRRR:0.40,NBM:0.30",OPEN,YES,-19.990000000000016
55832,KXHIGHNY-26MAY14-T70,2026-05-14 21:33:40.366178+00:00,KNYC,2026-05-14,0,71.0,,0,0.08217715808974163,0.06295949032876469,0.006753085311706388,0.0039638974224578145,66.41000146484377,2.9992246916755976,"ECMWF:0.15,GFS:0.15,HRRR:0.40,NBM:0.30",OPEN,YES,-13.20000000000001
55800,KXHIGHNY-26MAY14-B63.5,2026-05-14 21:28:10.891084+00:00,KNYC,2026-05-14,0,63.0,65.0,0,0.10020174681611108,0.19135663639331885,0.010040390065000026,0.03661736229176484,66.41000146484377,2.9992246916755976,"ECMWF:0.15,GFS:0.15,HRRR:0.40,NBM:0.30",OPEN,YES,-19.990000000000016
55799,KXHIGHNY-26MAY14-B65.5,2026-05-14 21:28:10.289371+00:00,KNYC,2026-05-14,0,65.0,67.0,1,0.6695903877916292,0.258841569757355,0.109170511839686,0.5493158187197418,66.41000146484377,2.9992246916755976,"ECMWF:0.15,GFS:0.15,HRRR:0.40,NBM:0.30",SKIP,NO,
55798,KXHIGHNY-26MAY14-B67.5,2026-05-14 21:28:09.731945+00:00,KNYC,2026-05-14,0,67.0,69.0,0,0.1383418566821368,0.22810857956498576,0.01913846931026088,0.05203352407115544,66.41000146484377,2.9992246916755976,"ECMWF:0.15,GFS:0.15,HRRR:0.40,NBM:0.30",OPEN,YES,-19.980000000000018
55797,KXHIGHNY-26MAY14-B69.5,2026-05-14 21:28:09.106111+00:00,KNYC,2026-05-14,0,69.0,71.0,0,0.08952935312976514,0.1309564263688472,0.008015505071834187,0.017149585607299296,66.41000146484377,2.9992246916755976,"ECMWF:0.15,GFS:0.15,HRRR:0.40,NBM:0.30",OPEN,YES,-19.990000000000016
55796,KXHIGHNY-26MAY14-T63,2026-05-14 21:28:08.497481+00:00,KNYC,2026-05-14,0,,63.0,0,0.05969999907268237,0.1277772975867285,0.003564089889278276,0.016327037778567376,66.41000146484377,2.9992246916755976,"ECMWF:0.15,GFS:0.15,HRRR:0.40,NBM:0.30",OPEN,YES,-19.990000000000016
55795,KXHIGHNY-26MAY14-T70,2026-05-14 21:28:07.891889+00:00,KNYC,2026-05-14,0,71.0,,0,0.08219940658416885,0.06295949032876469,0.006756742442789502,0.0039638974224578145,66.41000146484377,2.9992246916755976,"ECMWF:0.15,GFS:0.15,HRRR:0.40,NBM:0.30",OPEN,YES,-13.20000000000001
55765,KXHIGHNY-26MAY14-B63.5,2026-05-14 21:22:37.651309+00:00,KNYC,2026-05-14,0,63.0,65.0,0,0.10026824076503718,0.19135663639331885,0.010053720106115464,0.03661736229176484,66.41000146484377,2.9992246916755976,"ECMWF:0.15,GFS:0.15,HRRR:0.40,NBM:0.30",OPEN,YES,-19.990000000000016
55764,KXHIGHNY-26MAY14-B67.5,2026-05-14 21:22:37.020239+00:00,KNYC,2026-05-14,0,67.0,69.0,0,0.13840312070568,0.22810857956498576,0.01915542382107103,0.05203352407115544,66.41000146484377,2.9992246916755976,"ECMWF:0.15,GFS:0.15,HRRR:0.40,NBM:0.30",OPEN,YES,-19.980000000000018
55763,KXHIGHNY-26MAY14-B65.5,2026-05-14 21:22:36.383659+00:00,KNYC,2026-05-14,0,65.0,67.0,1,0.6694126404453914,0.258841569757355,0.10928800229728806,0.5493158187197418,66.41000146484377,2.9992246916755976,"ECMWF:0.15,GFS:0.15,HRRR:0.40,NBM:0.30",SKIP,NO,
55762,KXHIGHNY-26MAY14-B69.5,2026-05-14 21:22:35.792594+00:00,KNYC,2026-05-14,0,69.0,71.0,0,0.08955688083000087,0.1309564263688472,0.008020434903998976,0.017149585607299296,66.41000146484377,2.9992246916755976,"ECMWF:0.15,GFS:0.15,HRRR:0.40,NBM:0.30",OPEN,YES,-19.990000000000016
55761,KXHIGHNY-26MAY14-T63,2026-05-14 21:22:35.188095+00:00,KNYC,2026-05-14,0,,63.0,0,0.059699999072682364,0.1277772975867285,0.003564089889278275,0.016327037778567376,66.41000146484377,2.9992246916755976,"ECMWF:0.15,GFS:0.15,HRRR:0.40,NBM:0.30",OPEN,YES,-19.990000000000016
55760,KXHIGHNY-26MAY14-T70,2026-05-14 21:22:34.597722+00:00,KNYC,2026-05-14,0,71.0,,0,0.08222186825770159,0.06295949032876469,0.006760435619786836,0.0039638974224578145,66.41000146484377,2.9992246916755976,"ECMWF:0.15,GFS:0.15,HRRR:0.40,NBM:0.30",OPEN,YES,-13.20000000000001
55727,KXHIGHNY-26MAY14-B63.5,2026-05-14 21:17:12.939008+00:00,KNYC,2026-05-14,0,63.0,65.0,0,0.10033281463933036,0.19135663639331885,0.010066673693450224,0.03661736229176484,66.41000146484377,2.9992246916755976,"ECMWF:0.15,GFS:0.15,HRRR:0.40,NBM:0.30",OPEN,YES,-19.990000000000016
55726,KXHIGHNY-26MAY14-B65.5,2026-05-14 21:17:12.331472+00:00,KNYC,2026-05-14,0,65.0,67.0,1,0.6692399656708256,0.258841569757355,0.10940220030943666,0.5493158187197418,66.41000146484377,2.9992246916755976,"ECMWF:0.15,GFS:0.15,HRRR:0.40,NBM:0.30",SKIP,NO,
55725,KXHIGHNY-26MAY14-B67.5,2026-05-14 21:17:11.746108+00:00,KNYC,2026-05-14,0,67.0,69.0,0,0.1384626487404131,0.22810857956498576,0.019171905096211025,0.05203352407115544,66.41000146484377,2.9992246916755976,"ECMWF:0.15,GFS:0.15,HRRR:0.40,NBM:0.30",OPEN,YES,-19.960000000000015
55724,KXHIGHNY-26MAY14-B69.5,2026-05-14 21:17:11.103603+00:00,KNYC,2026-05-14,0,69.0,71.0,0,0.08958362850018349,0.1309564263688472,0.008025226495258888,0.017149585607299296,66.41000146484377,2.9992246916755976,"ECMWF:0.15,GFS:0.15,HRRR:0.40,NBM:0.30",OPEN,YES,-19.990000000000016
55723,KXHIGHNY-26MAY14-T63,2026-05-14 21:17:10.481710+00:00,KNYC,2026-05-14,0,,63.0,0,0.059699999072682364,0.1277772975867285,0.003564089889278275,0.016327037778567376,66.41000146484377,2.9992246916755976,"ECMWF:0.15,GFS:0.15,HRRR:0.40,NBM:0.30",OPEN,YES,-19.990000000000016
55722,KXHIGHNY-26MAY14-T70,2026-05-14 21:17:09.870192+00:00,KNYC,2026-05-14,0,71.0,,0,0.08224369345305857,0.06295949032876469,0.006764025112800669,0.0039638974224578145,66.41000146484377,2.9992246916755976,"ECMWF:0.15,GFS:0.15,HRRR:0.40,NBM:0.30",OPEN,YES,-13.20000000000001
55691,KXHIGHNY-26MAY14-B63.5,2026-05-14 21:11:49.478670+00:00,KNYC,2026-05-14,0,63.0,65.0,0,0.10039753713022512,0.19135663639331885,0.010079665461814932,0.03661736229176484,66.41000146484377,2.9992246916755976,"ECMWF:0.15,GFS:0.15,HRRR:0.40,NBM:0.30",OPEN,YES,-19.990000000000016
55690,KXHIGHNY-26MAY14-T70,2026-05-14 21:11:48.888133+00:00,KNYC,2026-05-14,0,71.0,,0,0.08226558081266061,0.06295949032876469,0.006767625786444393,0.0039638974224578145,66.41000146484377,2.9992246916755976,"ECMWF:0.15,GFS:0.15,HRRR:0.40,NBM:0.30",OPEN,YES,-13.20000000000001
55689,KXHIGHNY-26MAY14-B67.5,2026-05-14 21:11:48.292802+00:00,KNYC,2026-05-14,0,67.0,69.0,0,0.13852234632759614,0.22810857956498576,0.019188440432102487,0.05203352407115544,66.41000146484377,2.9992246916755976,"ECMWF:0.15,GFS:0.15,HRRR:0.40,NBM:0.30",OPEN,YES,-19.91999999999999
55688,KXHIGHNY-26MAY14-B65.5,2026-05-14 21:11:47.682867+00:00,KNYC,2026-05-14,0,65.0,67.0,1,0.6690668343781364,0.258841569757355,0.10951676010850779,0.5493158187197418,66.41000146484377,2.9992246916755976,"ECMWF:0.15,GFS:0.15,HRRR:0.40,NBM:0.30",SKIP,NO,
55687,KXHIGHNY-26MAY14-T63,2026-05-14 21:11:47.135808+00:00,KNYC,2026-05-14,0,,63.0,0,0.05969999907268237,0.1277772975867285,0.003564089889278276,0.016327037778567376,66.41000146484377,2.9992246916755976,"ECMWF:0.15,GFS:0.15,HRRR:0.40,NBM:0.30",OPEN,YES,-19.990000000000016
55686,KXHIGHNY-26MAY14-B69.5,2026-05-14 21:11:46.537640+00:00,KNYC,2026-05-14,0,69.0,71.0,0,0.08961045235519279,0.1309564263688472,0.008030033171302277,0.017149585607299296,66.41000146484377,2.9992246916755976,"ECMWF:0.15,GFS:0.15,HRRR:0.40,NBM:0.30",OPEN,YES,-19.990000000000016
55654,KXHIGHNY-26MAY14-B63.5,2026-05-14 21:06:24.499856+00:00,KNYC,2026-05-14,0,63.0,65.0,0,0.10046260170557611,0.19135663639331885,0.010092734341453224,0.03661736229176484,66.41000146484377,2.9992246916755976,"ECMWF:0.15,GFS:0.15,HRRR:0.40,NBM:0.30",OPEN,YES,-19.990000000000016
55653,KXHIGHNY-26MAY14-T70,2026-05-14 21:06:23.904363+00:00,KNYC,2026-05-14,0,71.0,,0,0.08228759584462893,0.06295949032876469,0.006771248429888992,0.0039638974224578145,66.41000146484377,2.9992246916755976,"ECMWF:0.15,GFS:0.15,HRRR:0.40,NBM:0.30",OPEN,YES,-13.20000000000001
55652,KXHIGHNY-26MAY14-T63,2026-05-14 21:06:23.297826+00:00,KNYC,2026-05-14,0,,63.0,0,0.059699999072682385,0.1277772975867285,0.0035640898892782776,0.016327037778567376,66.41000146484377,2.9992246916755976,"ECMWF:0.15,GFS:0.15,HRRR:0.40,NBM:0.30",OPEN,YES,-19.990000000000016
55651,KXHIGHNY-26MAY14-B65.5,2026-05-14 21:06:22.694060+00:00,KNYC,2026-05-14,0,65.0,67.0,1,0.6688927286356222,0.258841569757355,0.10963202515036372,0.5493158187197418,66.41000146484377,2.9992246916755976,"ECMWF:0.15,GFS:0.15,HRRR:0.40,NBM:0.30",SKIP,NO,
55650,KXHIGHNY-26MAY14-B67.5,2026-05-14 21:06:22.144765+00:00,KNYC,2026-05-14,0,67.0,69.0,0,0.1385823921400717,0.22810857956498576,0.019205079411264606,0.05203352407115544,66.41000146484377,2.9992246916755976,"ECMWF:0.15,GFS:0.15,HRRR:0.40,NBM:0.30",OPEN,YES,-19.91999999999999
55649,KXHIGHNY-26MAY14-B69.5,2026-05-14 21:06:21.536999+00:00,KNYC,2026-05-14,0,69.0,71.0,0,0.08963743267791209,0.1309564263688472,0.008034869337087223,0.017149585607299296,66.41000146484377,2.9992246916755976,"ECMWF:0.15,GFS:0.15,HRRR:0.40,NBM:0.30",OPEN,YES,-19.990000000000016
55621,KXHIGHNY-26MAY14-B67.5,2026-05-14 21:01:02.323914+00:00,KNYC,2026-05-14,0,67.0,69.0,0,0.14370740250734998,0.22810857956498576,0.0206518175354095,0.05203352407115544,66.41000146484377,2.9992246916755976,"ECMWF:0.15,GFS:0.15,HRRR:0.40,NBM:0.30",OPEN,YES,-19.91999999999999
55620,KXHIGHNY-26MAY14-B63.5,2026-05-14 21:01:01.714190+00:00,KNYC,2026-05-14,0,63.0,65.0,0,0.10590444853063614,0.19135663639331885,0.01121575221857816,0.03661736229176484,66.41000146484377,2.9992246916755976,"ECMWF:0.15,GFS:0.15,HRRR:0.40,NBM:0.30",OPEN,YES,-19.990000000000016
55619,KXHIGHNY-26MAY14-T63,2026-05-14 21:01:01.093235+00:00,KNYC,2026-05-14,0,,63.0,0,0.059699999072682364,0.1277772975867285,0.003564089889278275,0.016327037778567376,66.41000146484377,2.9992246916755976,"ECMWF:0.15,GFS:0.15,HRRR:0.40,NBM:0.30",OPEN,YES,-19.990000000000016
55618,KXHIGHNY-26MAY14-B65.5,2026-05-14 21:01:00.465518+00:00,KNYC,2026-05-14,0,65.0,67.0,1,0.6541440361017399,0.258841569757355,0.1196163477639946,0.5493158187197418,66.41000146484377,2.9992246916755976,"ECMWF:0.15,GFS:0.15,HRRR:0.40,NBM:0.30",SKIP,NO,
55617,KXHIGHNY-26MAY14-B69.5,2026-05-14 21:00:59.853842+00:00,KNYC,2026-05-14,0,69.0,71.0,0,0.09194024827733123,0.1309564263688472,0.008453009253297308,0.017149585607299296,66.41000146484377,2.9992246916755976,"ECMWF:0.15,GFS:0.15,HRRR:0.40,NBM:0.30",OPEN,YES,-19.990000000000016
55616,KXHIGHNY-26MAY14-T70,2026-05-14 21:00:59.195993+00:00,KNYC,2026-05-14,0,71.0,,0,0.08416661558675381,0.06295949032876469,0.007084019179328389,0.0039638974224578145,66.41000146484377,2.9992246916755976,"ECMWF:0.15,GFS:0.15,HRRR:0.40,NBM:0.30",OPEN,YES,-13.20000000000001
55583,KXHIGHNY-26MAY14-B69.5,2026-05-14 20:55:36.943834+00:00,KNYC,2026-05-14,0,69.0,71.0,0,0.09087066910046412,0.17907166794578244,0.008257478502766046,0.03206666226088457,67.40345117187503,2.068732326048378,"ECMWF:0.15,GFS:0.15,HRRR:0.40,NBM:0.30",OPEN,YES,-19.990000000000016
55582,KXHIGHNY-26MAY14-T70,2026-05-14 20:55:36.341169+00:00,KNYC,2026-05-14,0,71.0,,0,0.08329387510783443,0.04105892082743745,0.0069378696304795194,0.001685834979513777,67.40345117187503,2.068732326048378,"ECMWF:0.15,GFS:0.15,HRRR:0.40,NBM:0.30",OPEN,YES,-7.660000000000006
50772,KXHIGHNY-26MAY14-T63,2026-05-14 03:59:10.098749+00:00,KNYC,2026-05-14,1,,63.0,0,0.45928871201968735,0.43274075853804483,0.2109461209887033,0.1872645641000824,63.65550000000001,3.8695248433446094,"ECMWF:0.35,GFS:0.30,NBM:0.35",OPEN,YES,-19.859999999999996
50771,KXHIGHNY-26MAY14-B63.5,2026-05-14 03:59:09.544418+00:00,KNYC,2026-05-14,1,63.0,65.0,0,0.18141526408560996,0.2031358641961013,0.0329114980432516,0.04126417932269691,63.65550000000001,3.8695248433446094,"ECMWF:0.35,GFS:0.30,NBM:0.35",OPEN,NO,10.02
50770,KXHIGHNY-26MAY14-B69.5,2026-05-14 03:59:08.978235+00:00,KNYC,2026-05-14,1,69.0,71.0,0,0.12981424619233523,0.054766594711453065,0.01685173851448422,0.002999379896288559,63.65550000000001,3.8695248433446094,"ECMWF:0.35,GFS:0.30,NBM:0.35",SKIP,NO,
50769,KXHIGHNY-26MAY14-T70,2026-05-14 03:59:08.359723+00:00,KNYC,2026-05-14,1,71.0,,0,0.11828044372568518,0.02884562662973056,0.013990263367944978,0.0008320701756618208,63.65550000000001,3.8695248433446094,"ECMWF:0.35,GFS:0.30,NBM:0.35",SKIP,YES,
50768,KXHIGHNY-26MAY14-B65.5,2026-05-14 03:59:07.750462+00:00,KNYC,2026-05-14,1,65.0,67.0,1,0.18141582369217973,0.17041676678430184,0.6700800537015527,0.6882083408326114,63.65550000000001,3.8695248433446094,"ECMWF:0.35,GFS:0.30,NBM:0.35",OPEN,NO,-19.299999999999997
50767,KXHIGHNY-26MAY14-B67.5,2026-05-14 03:59:07.156367+00:00,KNYC,2026-05-14,1,67.0,69.0,0,0.14656935969819962,0.1100943891403684,0.021482577202340224,0.012120774520190867,63.65550000000001,3.8695248433446094,"ECMWF:0.35,GFS:0.30,NBM:0.35",SKIP,NO,
50754,KXHIGHNY-26MAY14-B63.5,2026-05-14 03:53:57.654939+00:00,KNYC,2026-05-14,1,63.0,65.0,0,0.18141526408560996,0.2031358641961013,0.0329114980432516,0.04126417932269691,63.65550000000001,3.8695248433446094,"ECMWF:0.35,GFS:0.30,NBM:0.35",OPEN,NO,10.02
50753,KXHIGHNY-26MAY14-T63,2026-05-14 03:53:57.081007+00:00,KNYC,2026-05-14,1,,63.0,0,0.46128034825556297,0.43274075853804483,0.21277955968677345,0.1872645641000824,63.65550000000001,3.8695248433446094,"ECMWF:0.35,GFS:0.30,NBM:0.35",OPEN,YES,-19.879999999999995
50752,KXHIGHNY-26MAY14-T70,2026-05-14 03:53:56.533524+00:00,KNYC,2026-05-14,1,71.0,,0,0.1179708379983752,0.02884562662973056,0.013917118618038885,0.0008320701756618208,63.65550000000001,3.8695248433446094,"ECMWF:0.35,GFS:0.30,NBM:0.35",SKIP,NO,
50751,KXHIGHNY-26MAY14-B69.5,2026-05-14 03:53:55.937948+00:00,KNYC,2026-05-14,1,69.0,71.0,0,0.1291280439315901,0.054766594711453065,0.016674051729598665,0.002999379896288559,63.65550000000001,3.8695248433446094,"ECMWF:0.35,GFS:0.30,NBM:0.35",SKIP,YES,
50750,KXHIGHNY-26MAY14-B67.5,2026-05-14 03:53:55.345687+00:00,KNYC,2026-05-14,1,67.0,69.0,0,0.14557351794363982,0.1100943891403684,0.021191649126487223,0.012120774520190867,63.65550000000001,3.8695248433446094,"ECMWF:0.35,GFS:0.30,NBM:0.35",SKIP,NO,
50749,KXHIGHNY-26MAY14-B65.5,2026-05-14 03:53:54.786499+00:00,KNYC,2026-05-14,1,65.0,67.0,1,0.18141583719891896,0.17041676678430184,0.6700800315887467,0.6882083408326114,63.65550000000001,3.8695248433446094,"ECMWF:0.35,GFS:0.30,NBM:0.35",OPEN,NO,-19.299999999999997
50734,KXHIGHNY-26MAY14-T70,2026-05-14 03:48:36.880374+00:00,KNYC,2026-05-14,1,71.0,,0,0.1176575779491446,0.02884562662973056,0.013843305648859036,0.0008320701756618208,63.65550000000001,3.8695248433446094,"ECMWF:0.35,GFS:0.30,NBM:0.35",SKIP,NO,
50733,KXHIGHNY-26MAY14-B65.5,2026-05-14 03:48:36.283888+00:00,KNYC,2026-05-14,1,65.0,67.0,1,0.18141585102664604,0.17041676678430184,0.6700800089504302,0.6882083408326114,63.65550000000001,3.8695248433446094,"ECMWF:0.35,GFS:0.30,NBM:0.35",OPEN,NO,-19.299999999999997
50732,KXHIGHNY-26MAY14-B63.5,2026-05-14 03:48:35.696838+00:00,KNYC,2026-05-14,1,63.0,65.0,0,0.18141526408560987,0.2031358641961013,0.03291149804325157,0.04126417932269691,63.65550000000001,3.8695248433446094,"ECMWF:0.35,GFS:0.30,NBM:0.35",OPEN,NO,10.02
50731,KXHIGHNY-26MAY14-B69.5,2026-05-14 03:48:35.122828+00:00,KNYC,2026-05-14,1,69.0,71.0,0,0.1284218306208969,0.054766594711453065,0.016492166580022335,0.002999379896288559,63.65550000000001,3.8695248433446094,"ECMWF:0.35,GFS:0.30,NBM:0.35",SKIP,YES,
50730,KXHIGHNY-26MAY14-T63,2026-05-14 03:48:34.498608+00:00,KNYC,2026-05-14,1,,63.0,0,0.4633193157166493,0.43274075853804483,0.21466478831614416,0.1872645641000824,63.65550000000001,3.8695248433446094,"ECMWF:0.35,GFS:0.30,NBM:0.35",OPEN,YES,-19.879999999999995
50729,KXHIGHNY-26MAY14-B67.5,2026-05-14 03:48:33.938506+00:00,KNYC,2026-05-14,1,67.0,69.0,0,0.14455401001475046,0.1100943891403684,0.020895861811344577,0.012120774520190867,63.65550000000001,3.8695248433446094,"ECMWF:0.35,GFS:0.30,NBM:0.35",SKIP,NO,
50716,KXHIGHNY-26MAY14-T70,2026-05-14 03:43:25.525954+00:00,KNYC,2026-05-14,1,71.0,,0,0.11735593603627041,0.02884562662973056,0.013772415722949191,0.0008320701756618208,63.65550000000001,3.8695248433446094,"ECMWF:0.35,GFS:0.30,NBM:0.35",SKIP,NO,
50715,KXHIGHNY-26MAY14-B63.5,2026-05-14 03:43:24.895651+00:00,KNYC,2026-05-14,1,63.0,65.0,0,0.18141526408560987,0.2031358641961013,0.03291149804325157,0.04126417932269691,63.65550000000001,3.8695248433446094,"ECMWF:0.35,GFS:0.30,NBM:0.35",OPEN,NO,10.02
50714,KXHIGHNY-26MAY14-T63,2026-05-14 03:43:24.298287+00:00,KNYC,2026-05-14,1,,63.0,0,0.46530584512907147,0.43274075853804483,0.21650952951127944,0.1872645641000824,63.65550000000001,3.8695248433446094,"ECMWF:0.35,GFS:0.30,NBM:0.35",OPEN,YES,-19.859999999999996
50713,KXHIGHNY-26MAY14-B69.5,2026-05-14 03:43:23.724308+00:00,KNYC,2026-05-14,1,69.0,71.0,0,0.12773021793146827,0.054766594711453065,0.016315008572820377,0.002999379896288559,63.65550000000001,3.8695248433446094,"ECMWF:0.35,GFS:0.30,NBM:0.35",SKIP,YES,
50712,KXHIGHNY-26MAY14-B67.5,2026-05-14 03:43:23.103613+00:00,KNYC,2026-05-14,1,67.0,69.0,0,0.19078984040261943,0.1100943891403684,0.03640076320085699,0.012120774520190867,63.65550000000001,3.8695248433446094,"ECMWF:0.35,GFS:0.30,NBM:0.35",SKIP,YES,
50711,KXHIGHNY-26MAY14-B65.5,2026-05-14 03:43:22.502434+00:00,KNYC,2026-05-14,1,65.0,67.0,1,0.18141586449875213,0.17041676678430184,0.6700799868943254,0.6882083408326114,63.65550000000001,3.8695248433446094,"ECMWF:0.35,GFS:0.30,NBM:0.35",OPEN,NO,-19.740000000000002
50698,KXHIGHNY-26MAY14-B65.5,2026-05-14 03:38:13.944924+00:00,KNYC,2026-05-14,1,65.0,67.0,1,0.1814158779710603,0.17041676678430184,0.67007996483789,0.6882083408326114,63.65550000000001,3.8695248433446094,"ECMWF:0.35,GFS:0.30,NBM:0.35",OPEN,NO,-19.740000000000002
50697,KXHIGHNY-26MAY14-T63,2026-05-14 03:38:13.356827+00:00,KNYC,2026-05-14,1,,63.0,0,0.4672924043376705,0.43274075853804483,0.21836219115168093,0.1872645641000824,63.65550000000001,3.8695248433446094,"ECMWF:0.35,GFS:0.30,NBM:0.35",OPEN,YES,-19.859999999999996
50696,KXHIGHNY-26MAY14-T70,2026-05-14 03:38:12.795790+00:00,KNYC,2026-05-14,1,71.0,,0,0.11705776416554751,0.02884562662973056,0.01370252015143694,0.0008320701756618208,63.65550000000001,3.8695248433446094,"ECMWF:0.35,GFS:0.30,NBM:0.35",SKIP,NO,
50695,KXHIGHNY-26MAY14-B63.5,2026-05-14 03:38:12.102179+00:00,KNYC,2026-05-14,1,63.0,65.0,0,0.18141526408561004,0.2031358641961013,0.03291149804325163,0.04126417932269691,63.65550000000001,3.8695248433446094,"ECMWF:0.35,GFS:0.30,NBM:0.35",OPEN,NO,10.02
50694,KXHIGHNY-26MAY14-B67.5,2026-05-14 03:38:11.535775+00:00,KNYC,2026-05-14,1,67.0,69.0,0,0.18979653722195183,0.1100943891403684,0.03602272554144375,0.012120774520190867,63.65550000000001,3.8695248433446094,"ECMWF:0.35,GFS:0.30,NBM:0.35",SKIP,YES,
50693,KXHIGHNY-26MAY14-B69.5,2026-05-14 03:38:10.958610+00:00,KNYC,2026-05-14,1,69.0,71.0,0,0.12703512030195147,0.054766594711453065,0.016137921790131283,0.002999379896288559,63.65550000000001,3.8695248433446094,"ECMWF:0.35,GFS:0.30,NBM:0.35",SKIP,YES,
50681,KXHIGHNY-26MAY14-B63.5,2026-05-14 03:33:02.665672+00:00,KNYC,2026-05-14,1,63.0,65.0,0,0.18141526408560998,0.2031358641961013,0.032911498043251615,0.04126417932269691,63.65550000000001,3.8695248433446094,"ECMWF:0.35,GFS:0.30,NBM:0.35",OPEN,NO,9.120000000000003
50680,KXHIGHNY-26MAY14-T63,2026-05-14 03:33:02.042219+00:00,KNYC,2026-05-14,1,,63.0,0,0.4692825156369036,0.43274075853804483,0.22022607948250067,0.1872645641000824,63.65550000000001,3.8695248433446094,"ECMWF:0.35,GFS:0.30,NBM:0.35",OPEN,YES,-19.859999999999996
50679,KXHIGHNY-26MAY14-B65.5,2026-05-14 03:33:01.474948+00:00,KNYC,2026-05-14,1,65.0,67.0,1,0.1814158914674579,0.17041676678430184,0.6700799427420165,0.6882083408326114,63.65550000000001,3.8695248433446094,"ECMWF:0.35,GFS:0.30,NBM:0.35",OPEN,NO,-19.299999999999997
50678,KXHIGHNY-26MAY14-T70,2026-05-14 03:33:00.852020+00:00,KNYC,2026-05-14,1,71.0,,0,0.11676250290848293,0.02884562662973056,0.013633482085453485,0.0008320701756618208,63.65550000000001,3.8695248433446094,"ECMWF:0.35,GFS:0.30,NBM:0.35",SKIP,NO,
50677,KXHIGHNY-26MAY14-B69.5,2026-05-14 03:33:00.247068+00:00,KNYC,2026-05-14,1,69.0,71.0,0,0.12633533603152597,0.054766594711453065,0.015960617130198584,0.002999379896288559,63.65550000000001,3.8695248433446094,"ECMWF:0.35,GFS:0.30,NBM:0.35",SKIP,YES,
50676,KXHIGHNY-26MAY14-B67.5,2026-05-14 03:32:59.660848+00:00,KNYC,2026-05-14,1,67.0,69.0,0,0.18880145795381115,0.1100943891403684,0.03564599052548472,0.012120774520190867,63.65550000000001,3.8695248433446094,"ECMWF:0.35,GFS:0.30,NBM:0.35",SKIP,YES,
50663,KXHIGHNY-26MAY14-B63.5,2026-05-14 03:27:51.261995+00:00,KNYC,2026-05-14,1,63.0,65.0,0,0.18141526408560987,0.2031358641961013,0.03291149804325157,0.04126417932269691,63.65550000000001,3.8695248433446094,"ECMWF:0.35,GFS:0.30,NBM:0.35",OPEN,NO,9.400000000000002
50662,KXHIGHNY-26MAY14-T70,2026-05-14 03:27:50.686430+00:00,KNYC,2026-05-14,1,71.0,,0,0.11647141830952161,0.02884562662973056,0.013565591283031565,0.0008320701756618208,63.65550000000001,3.8695248433446094,"ECMWF:0.35,GFS:0.30,NBM:0.35",SKIP,NO,
50661,KXHIGHNY-26MAY14-B69.5,2026-05-14 03:27:50.094519+00:00,KNYC,2026-05-14,1,69.0,71.0,0,0.12563401411042935,0.054766594711453065,0.01578390550149956,0.002999379896288559,63.65550000000001,3.8695248433446094,"ECMWF:0.35,GFS:0.30,NBM:0.35",SKIP,YES,
50660,KXHIGHNY-26MAY14-B67.5,2026-05-14 03:27:49.513459+00:00,KNYC,2026-05-14,1,67.0,69.0,0,0.18780901778258768,0.1100943891403684,0.035272227160460336,0.012120774520190867,63.65550000000001,3.8695248433446094,"ECMWF:0.35,GFS:0.30,NBM:0.35",SKIP,YES,
50659,KXHIGHNY-26MAY14-B65.5,2026-05-14 03:27:48.880760+00:00,KNYC,2026-05-14,1,65.0,67.0,1,0.1814159049280611,0.17041676678430184,0.6700799207047452,0.6882083408326114,63.65550000000001,3.8695248433446094,"ECMWF:0.35,GFS:0.30,NBM:0.35",OPEN,NO,-19.47
50658,KXHIGHNY-26MAY14-T63,2026-05-14 03:27:48.299041+00:00,KNYC,2026-05-14,1,,63.0,0,0.47126734886758204,0.43274075853804483,0.22209291410867926,0.1872645641000824,63.65550000000001,3.8695248433446094,"ECMWF:0.35,GFS:0.30,NBM:0.35",OPEN,YES,-19.859999999999996
50645,KXHIGHNY-26MAY14-B69.5,2026-05-14 03:22:39.715001+00:00,KNYC,2026-05-14,1,69.0,71.0,0,0.12492825949945956,0.054766594711453065,0.015607070021564307,0.002999379896288559,63.65550000000001,3.8695248433446094,"ECMWF:0.35,GFS:0.30,NBM:0.35",SKIP,YES,
50644,KXHIGHNY-26MAY14-T63,2026-05-14 03:22:39.138449+00:00,KNYC,2026-05-14,1,,63.0,0,0.4732552243949498,0.43274075853804483,0.2239705074171143,0.1872645641000824,63.65550000000001,3.8695248433446094,"ECMWF:0.35,GFS:0.30,NBM:0.35",OPEN,YES,-19.990000000000006
50643,KXHIGHNY-26MAY14-B65.5,2026-05-14 03:22:38.592232+00:00,KNYC,2026-05-14,1,65.0,67.0,1,0.18141591840929616,0.17041676678430184,0.6700798986336961,0.6882083408326114,63.65550000000001,3.8695248433446094,"ECMWF:0.35,GFS:0.30,NBM:0.35",OPEN,NO,-19.299999999999997
50642,KXHIGHNY-26MAY14-T70,2026-05-14 03:22:38.006239+00:00,KNYC,2026-05-14,1,71.0,,0,0.11618324526756245,0.02884562662973056,0.013498546480902571,0.0008320701756618208,63.65550000000001,3.8695248433446094,"ECMWF:0.35,GFS:0.30,NBM:0.35",SKIP,NO,
50641,KXHIGHNY-26MAY14-B67.5,2026-05-14 03:22:37.412823+00:00,KNYC,2026-05-14,1,67.0,69.0,0,0.1868150564269136,0.1100943891403684,0.03489986530779091,0.012120774520190867,63.65550000000001,3.8695248433446094,"ECMWF:0.35,GFS:0.30,NBM:0.35",SKIP,YES,
50640,KXHIGHNY-26MAY14-B63.5,2026-05-14 03:22:36.760975+00:00,KNYC,2026-05-14,1,63.0,65.0,0,0.18141526408560998,0.2031358641961013,0.032911498043251615,0.04126417932269691,63.65550000000001,3.8695248433446094,"ECMWF:0.35,GFS:0.30,NBM:0.35",OPEN,NO,9.120000000000003
50627,KXHIGHNY-26MAY14-T63,2026-05-14 03:17:28.090848+00:00,KNYC,2026-05-14,1,,63.0,0,0.47524124233611675,0.43274075853804483,0.22585423841717564,0.1872645641000824,63.65550000000001,3.8695248433446094,"ECMWF:0.35,GFS:0.30,NBM:0.35",OPEN,YES,-19.990000000000006
50626,KXHIGHNY-26MAY14-B69.5,2026-05-14 03:17:27.530847+00:00,KNYC,2026-05-14,1,69.0,71.0,0,0.12421984744653107,0.054766594711453065,0.015430570499639452,0.002999379896288559,63.65550000000001,3.8695248433446094,"ECMWF:0.35,GFS:0.30,NBM:0.35",OPEN,YES,-3.1200000000000028
50625,KXHIGHNY-26MAY14-T70,2026-05-14 03:17:26.956519+00:00,KNYC,2026-05-14,1,71.0,,0,0.11589865845121432,0.02884562662973056,0.013432499030791231,0.0008320701756618208,63.65550000000001,3.8695248433446094,"ECMWF:0.35,GFS:0.30,NBM:0.35",SKIP,NO,
50624,KXHIGHNY-26MAY14-B67.5,2026-05-14 03:17:26.380956+00:00,KNYC,2026-05-14,1,67.0,69.0,0,0.18582202388638586,0.1100943891403684,0.034529824561232554,0.012120774520190867,63.65550000000001,3.8695248433446094,"ECMWF:0.35,GFS:0.30,NBM:0.35",SKIP,YES,
50623,KXHIGHNY-26MAY14-B63.5,2026-05-14 03:17:25.803106+00:00,KNYC,2026-05-14,1,63.0,65.0,0,0.18141526408560996,0.2031358641961013,0.0329114980432516,0.04126417932269691,63.65550000000001,3.8695248433446094,"ECMWF:0.35,GFS:0.30,NBM:0.35",OPEN,NO,9.400000000000002
50622,KXHIGHNY-26MAY14-B65.5,2026-05-14 03:17:25.229560+00:00,KNYC,2026-05-14,1,65.0,67.0,1,0.1814159318779336,0.17041676678430184,0.6700798765832718,0.6882083408326114,63.65550000000001,3.8695248433446094,"ECMWF:0.35,GFS:0.30,NBM:0.35",OPEN,NO,-19.47
50608,KXHIGHNY-26MAY14-T63,2026-05-14 03:12:12.924156+00:00,KNYC,2026-05-14,1,,63.0,0,0.47724783233637935,0.43274075853804483,0.22776549346977285,0.1872645641000824,63.65550000000001,3.8695248433446094,"ECMWF:0.35,GFS:0.30,NBM:0.35",OPEN,YES,-19.990000000000006
50607,KXHIGHNY-26MAY14-T70,2026-05-14 03:12:12.384695+00:00,KNYC,2026-05-14,1,71.0,,0,0.11561445191971391,0.02884562662973056,0.013366701492695839,0.0008320701756618208,63.65550000000001,3.8695248433446094,"ECMWF:0.35,GFS:0.30,NBM:0.35",SKIP,NO,
50606,KXHIGHNY-26MAY14-B69.5,2026-05-14 03:12:11.795269+00:00,KNYC,2026-05-14,1,69.0,71.0,0,0.12350076918384083,0.054766594711453065,0.015252439989000327,0.002999379896288559,63.65550000000001,3.8695248433446094,"ECMWF:0.35,GFS:0.30,NBM:0.35",OPEN,YES,-3.1200000000000028
50605,KXHIGHNY-26MAY14-B67.5,2026-05-14 03:12:11.212268+00:00,KNYC,2026-05-14,1,67.0,69.0,0,0.1848187050721622,0.1100943891403684,0.03415795374455087,0.012120774520190867,63.65550000000001,3.8695248433446094,"ECMWF:0.35,GFS:0.30,NBM:0.35",SKIP,YES,
50604,KXHIGHNY-26MAY14-B65.5,2026-05-14 03:12:10.614929+00:00,KNYC,2026-05-14,1,65.0,67.0,1,0.18141594548608533,0.17041676678430184,0.6700798543044396,0.6882083408326114,63.65550000000001,3.8695248433446094,"ECMWF:0.35,GFS:0.30,NBM:0.35",OPEN,NO,-19.47
50603,KXHIGHNY-26MAY14-B63.5,2026-05-14 03:12:10.014937+00:00,KNYC,2026-05-14,1,63.0,65.0,0,0.18141526408560998,0.2031358641961013,0.032911498043251615,0.04126417932269691,63.65550000000001,3.8695248433446094,"ECMWF:0.35,GFS:0.30,NBM:0.35",OPEN,NO,10.02
50590,KXHIGHNY-26MAY14-B63.5,2026-05-14 03:06:59.158168+00:00,KNYC,2026-05-14,1,63.0,65.0,0,0.18141526408560982,0.2031358641961013,0.03291149804325155,0.04126417932269691,63.65550000000001,3.8695248433446094,"ECMWF:0.35,GFS:0.30,NBM:0.35",OPEN,NO,10.02
50589,KXHIGHNY-26MAY14-T70,2026-05-14 03:06:58.587743+00:00,KNYC,2026-05-14,1,71.0,,0,0.11533444420955023,0.02884562662973056,0.013302034021125855,0.0008320701756618208,63.65550000000001,3.8695248433446094,"ECMWF:0.35,GFS:0.30,NBM:0.35",SKIP,NO,
50588,KXHIGHNY-26MAY14-T63,2026-05-14 03:06:58.000153+00:00,KNYC,2026-05-14,1,,63.0,0,0.4792480109419691,0.43274075853804483,0.22967865599183374,0.1872645641000824,63.65550000000001,3.8695248433446094,"ECMWF:0.35,GFS:0.30,NBM:0.35",OPEN,YES,-19.990000000000006
50587,KXHIGHNY-26MAY14-B69.5,2026-05-14 03:06:57.454189+00:00,KNYC,2026-05-14,1,69.0,71.0,0,0.12278069776454074,0.054766594711453065,0.015075099743547501,0.002999379896288559,63.65550000000001,3.8695248433446094,"ECMWF:0.35,GFS:0.30,NBM:0.35",OPEN,YES,-3.1200000000000028
50586,KXHIGHNY-26MAY14-B67.5,2026-05-14 03:06:56.874139+00:00,KNYC,2026-05-14,1,67.0,69.0,0,0.1838185920313649,0.1100943891403684,0.033789274776393374,0.012120774520190867,63.65550000000001,3.8695248433446094,"ECMWF:0.35,GFS:0.30,NBM:0.35",SKIP,YES,
50585,KXHIGHNY-26MAY14-B65.5,2026-05-14 03:06:56.302304+00:00,KNYC,2026-05-14,1,65.0,67.0,1,0.1814159590507567,0.17041676678430184,0.6700798320967924,0.6882083408326114,63.65550000000001,3.8695248433446094,"ECMWF:0.35,GFS:0.30,NBM:0.35",OPEN,NO,-19.47
50572,KXHIGHNY-26MAY14-B65.5,2026-05-14 03:01:25.108855+00:00,KNYC,2026-05-14,1,65.0,67.0,1,0.18141597351341704,0.17041676678430184,0.6700798084189866,0.6882083408326114,63.65550000000001,3.8695248433446094,"ECMWF:0.35,GFS:0.30,NBM:0.35",OPEN,NO,-19.47
50571,KXHIGHNY-26MAY14-B67.5,2026-05-14 03:01:24.526714+00:00,KNYC,2026-05-14,1,67.0,69.0,0,0.1827522709383555,0.1100943891403684,0.0333983925331261,0.012120774520190867,63.65550000000001,3.8695248433446094,"ECMWF:0.35,GFS:0.30,NBM:0.35",SKIP,YES,
50570,KXHIGHNY-26MAY14-T70,2026-05-14 03:01:23.891227+00:00,KNYC,2026-05-14,1,71.0,,0,0.11503947581433942,0.02884562662973056,0.013234080995637984,0.0008320701756618208,63.65550000000001,3.8695248433446094,"ECMWF:0.35,GFS:0.30,NBM:0.35",SKIP,NO,
50569,KXHIGHNY-26MAY14-T63,2026-05-14 03:01:23.252258+00:00,KNYC,2026-05-14,1,,63.0,0,0.4813806025090449,0.43274075853804483,0.2317272844719711,0.1872645641000824,63.65550000000001,3.8695248433446094,"ECMWF:0.35,GFS:0.30,NBM:0.35",OPEN,YES,-19.990000000000006
50568,KXHIGHNY-26MAY14-B63.5,2026-05-14 03:01:22.622499+00:00,KNYC,2026-05-14,1,63.0,65.0,0,0.18141526408560987,0.2031358641961013,0.03291149804325157,0.04126417932269691,63.65550000000001,3.8695248433446094,"ECMWF:0.35,GFS:0.30,NBM:0.35",OPEN,NO,10.02
50567,KXHIGHNY-26MAY14-B69.5,2026-05-14 03:01:22.013790+00:00,KNYC,2026-05-14,1,69.0,71.0,0,0.12200938122302489,0.054766594711453065,0.01488628910642542,0.002999379896288559,63.65550000000001,3.8695248433446094,"ECMWF:0.35,GFS:0.30,NBM:0.35",OPEN,YES,-3.1200000000000028
50554,KXHIGHNY-26MAY14-T70,2026-05-14 02:56:12.802478+00:00,KNYC,2026-05-14,1,71.0,,0,0.11476753854090709,0.02884562662973056,0.013171587902738592,0.0008320701756618208,63.65550000000001,3.8695248433446094,"ECMWF:0.35,GFS:0.30,NBM:0.35",SKIP,NO,
50553,KXHIGHNY-26MAY14-B65.5,2026-05-14 02:56:12.230862+00:00,KNYC,2026-05-14,1,65.0,67.0,1,0.18141598700809347,0.17041676678430184,0.6700797863259338,0.6882083408326114,63.65550000000001,3.8695248433446094,"ECMWF:0.35,GFS:0.30,NBM:0.35",OPEN,NO,-19.47
50552,KXHIGHNY-26MAY14-T63,2026-05-14 02:56:11.666905+00:00,KNYC,2026-05-14,1,,63.0,0,0.48337046004333106,0.43274075853804483,0.23364700164250152,0.1872645641000824,63.65550000000001,3.8695248433446094,"ECMWF:0.35,GFS:0.30,NBM:0.35",OPEN,YES,-19.970000000000006
50551,KXHIGHNY-26MAY14-B67.5,2026-05-14 02:56:11.148490+00:00,KNYC,2026-05-14,1,67.0,69.0,0,0.18175731855570004,0.1100943891403684,0.03303572284855822,0.012120774520190867,63.65550000000001,3.8695248433446094,"ECMWF:0.35,GFS:0.30,NBM:0.35",SKIP,NO,
50550,KXHIGHNY-26MAY14-B63.5,2026-05-14 02:56:10.569741+00:00,KNYC,2026-05-14,1,63.0,65.0,0,0.18141526408560982,0.2031358641961013,0.03291149804325155,0.04126417932269691,63.65550000000001,3.8695248433446094,"ECMWF:0.35,GFS:0.30,NBM:0.35",OPEN,NO,10.02
50549,KXHIGHNY-26MAY14-B69.5,2026-05-14 02:56:09.986592+00:00,KNYC,2026-05-14,1,69.0,71.0,0,0.12128639985015004,0.054766594711453065,0.014710390788610474,0.002999379896288559,63.65550000000001,3.8695248433446094,"ECMWF:0.35,GFS:0.30,NBM:0.35",OPEN,YES,-3.1200000000000028
50536,KXHIGHNY-26MAY14-T70,2026-05-14 02:50:52.986158+00:00,KNYC,2026-05-14,1,71.0,,0,0.11449187599498893,0.02884562662973056,0.013108389668851923,0.0008320701756618208,63.65550000000001,3.8695248433446094,"ECMWF:0.35,GFS:0.30,NBM:0.35",SKIP,NO,
50535,KXHIGHNY-26MAY14-B69.5,2026-05-14 02:50:52.391275+00:00,KNYC,2026-05-14,1,69.0,71.0,0,0.12054159035145177,0.054766594711453065,0.014530275004457211,0.002999379896288559,63.65550000000001,3.8695248433446094,"ECMWF:0.35,GFS:0.30,NBM:0.35",OPEN,YES,-3.1200000000000028
50534,KXHIGHNY-26MAY14-T63,2026-05-14 02:50:51.806031+00:00,KNYC,2026-05-14,1,,63.0,0,0.4854114248941208,0.43274075853804483,0.23562425141774068,0.1872645641000824,63.65550000000001,3.8695248433446094,"ECMWF:0.35,GFS:0.30,NBM:0.35",OPEN,YES,-19.95
50533,KXHIGHNY-26MAY14-B67.5,2026-05-14 02:50:51.223165+00:00,KNYC,2026-05-14,1,67.0,69.0,0,0.1807368119082539,0.1100943891403684,0.03266579517875955,0.012120774520190867,63.65550000000001,3.8695248433446094,"ECMWF:0.35,GFS:0.30,NBM:0.35",SKIP,NO,
50532,KXHIGHNY-26MAY14-B65.5,2026-05-14 02:50:50.589297+00:00,KNYC,2026-05-14,1,65.0,67.0,1,0.1814160008493662,0.17041676678430184,0.6700797636654449,0.6882083408326114,63.65550000000001,3.8695248433446094,"ECMWF:0.35,GFS:0.30,NBM:0.35",OPEN,NO,-19.47
50531,KXHIGHNY-26MAY14-B63.5,2026-05-14 02:50:49.909245+00:00,KNYC,2026-05-14,1,63.0,65.0,0,0.18141526408560993,0.2031358641961013,0.032911498043251594,0.04126417932269691,63.65550000000001,3.8695248433446094,"ECMWF:0.35,GFS:0.30,NBM:0.35",OPEN,NO,9.400000000000002
50518,KXHIGHNY-26MAY14-T63,2026-05-14 02:45:41.595039+00:00,KNYC,2026-05-14,1,,63.0,0,0.4873961703370502,0.43274075853804483,0.23755502685922283,0.1872645641000824,63.65550000000001,3.8695248433446094,"ECMWF:0.35,GFS:0.30,NBM:0.35",OPEN,YES,-19.990000000000006
50517,KXHIGHNY-26MAY14-B63.5,2026-05-14 02:45:41.035588+00:00,KNYC,2026-05-14,1,63.0,65.0,0,0.18141526408560985,0.2031358641961013,0.03291149804325156,0.04126417932269691,63.65550000000001,3.8695248433446094,"ECMWF:0.35,GFS:0.30,NBM:0.35",OPEN,NO,10.02
50516,KXHIGHNY-26MAY14-T70,2026-05-14 02:45:40.469517+00:00,KNYC,2026-05-14,1,71.0,,0,0.114226935257344,0.02884562662973056,0.013047792738285456,0.0008320701756618208,63.65550000000001,3.8695248433446094,"ECMWF:0.35,GFS:0.30,NBM:0.35",SKIP,NO,
50515,KXHIGHNY-26MAY14-B69.5,2026-05-14 02:45:39.875769+00:00,KNYC,2026-05-14,1,69.0,71.0,0,0.11981416846246666,0.054766594711453065,0.014355434964352341,0.002999379896288559,63.65550000000001,3.8695248433446094,"ECMWF:0.35,GFS:0.30,NBM:0.35",OPEN,YES,-3.1200000000000028
50514,KXHIGHNY-26MAY14-B65.5,2026-05-14 02:45:39.275945+00:00,KNYC,2026-05-14,1,65.0,67.0,1,0.18141601430937404,0.17041676678430184,0.670079741629151,0.6882083408326114,63.65550000000001,3.8695248433446094,"ECMWF:0.35,GFS:0.30,NBM:0.35",OPEN,NO,-19.47
50513,KXHIGHNY-26MAY14-B67.5,2026-05-14 02:45:38.718340+00:00,KNYC,2026-05-14,1,67.0,69.0,0,0.17974441563194693,0.1100943891403684,0.03230805495087009,0.012120774520190867,63.65550000000001,3.8695248433446094,"ECMWF:0.35,GFS:0.30,NBM:0.35",SKIP,YES,
50500,KXHIGHNY-26MAY14-B65.5,2026-05-14 02:40:03.287142+00:00,KNYC,2026-05-14,1,65.0,67.0,1,0.18141602895166026,0.17041676678430184,0.6700797176572693,0.6882083408326114,63.65550000000001,3.8695248433446094,"ECMWF:0.35,GFS:0.30,NBM:0.35",OPEN,NO,-19.299999999999997
50499,KXHIGHNY-26MAY14-T70,2026-05-14 02:40:02.697222+00:00,KNYC,2026-05-14,1,71.0,,0,0.11394218441468988,0.02884562662973056,0.012982821389191197,0.0008320701756618208,63.65550000000001,3.8695248433446094,"ECMWF:0.35,GFS:0.30,NBM:0.35",SKIP,NO,
50498,KXHIGHNY-26MAY14-B63.5,2026-05-14 02:40:02.025640+00:00,KNYC,2026-05-14,1,63.0,65.0,0,0.18141526408560985,0.2031358641961013,0.03291149804325156,0.04126417932269691,63.65550000000001,3.8695248433446094,"ECMWF:0.35,GFS:0.30,NBM:0.35",OPEN,NO,10.02
50497,KXHIGHNY-26MAY14-T63,2026-05-14 02:40:01.376538+00:00,KNYC,2026-05-14,1,,63.0,0,0.48955524865079536,0.43274075853804483,0.23966434148154206,0.1872645641000824,63.65550000000001,3.8695248433446094,"ECMWF:0.35,GFS:0.30,NBM:0.35",OPEN,YES,-19.859999999999996
50496,KXHIGHNY-26MAY14-B67.5,2026-05-14 02:40:00.800848+00:00,KNYC,2026-05-14,1,67.0,69.0,0,0.17866485085125955,0.1100943891403684,0.03192112892970282,0.012120774520190867,63.65550000000001,3.8695248433446094,"ECMWF:0.35,GFS:0.30,NBM:0.35",SKIP,YES,
50495,KXHIGHNY-26MAY14-B69.5,2026-05-14 02:40:00.205865+00:00,KNYC,2026-05-14,1,69.0,71.0,0,0.1190193911297767,0.054766594711453065,0.01416561546490277,0.002999379896288559,63.65550000000001,3.8695248433446094,"ECMWF:0.35,GFS:0.30,NBM:0.35",OPEN,YES,-3.1200000000000028
50482,KXHIGHNY-26MAY14-T63,2026-05-14 02:34:51.292683+00:00,KNYC,2026-05-14,1,,63.0,0,0.49154452548491256,0.43274075853804483,0.24161602053418785,0.1872645641000824,63.65550000000001,3.8695248433446094,"ECMWF:0.35,GFS:0.30,NBM:0.35",OPEN,YES,-19.859999999999996
50481,KXHIGHNY-26MAY14-B63.5,2026-05-14 02:34:50.730920+00:00,KNYC,2026-05-14,1,63.0,65.0,0,0.18141526408560982,0.2031358641961013,0.03291149804325155,0.04126417932269691,63.65550000000001,3.8695248433446094,"ECMWF:0.35,GFS:0.30,NBM:0.35",OPEN,NO,10.02
50480,KXHIGHNY-26MAY14-T70,2026-05-14 02:34:50.106543+00:00,KNYC,2026-05-14,1,71.0,,0,0.11368298266664516,0.02884562662973056,0.012923820547984743,0.0008320701756618208,63.65550000000001,3.8695248433446094,"ECMWF:0.35,GFS:0.30,NBM:0.35",SKIP,NO,
50479,KXHIGHNY-26MAY14-B65.5,2026-05-14 02:34:49.508944+00:00,KNYC,2026-05-14,1,65.0,67.0,1,0.18141604244239862,0.17041676678430184,0.6700796955706649,0.6882083408326114,63.65550000000001,3.8695248433446094,"ECMWF:0.35,GFS:0.30,NBM:0.35",OPEN,NO,-19.299999999999997
50478,KXHIGHNY-26MAY14-B67.5,2026-05-14 02:34:48.927189+00:00,KNYC,2026-05-14,1,67.0,69.0,0,0.17726127268430053,0.1100943891403684,0.03142155879365795,0.012120774520190867,63.65550000000001,3.8695248433446094,"ECMWF:0.35,GFS:0.30,NBM:0.35",SKIP,YES,
50477,KXHIGHNY-26MAY14-B69.5,2026-05-14 02:34:48.344256+00:00,KNYC,2026-05-14,1,69.0,71.0,0,0.11869288071992483,0.054766594711453065,0.014087999933594303,0.002999379896288559,63.65550000000001,3.8695248433446094,"ECMWF:0.35,GFS:0.30,NBM:0.35",OPEN,YES,-3.1200000000000028
50464,KXHIGHNY-26MAY14-B67.5,2026-05-14 02:29:28.025218+00:00,KNYC,2026-05-14,1,67.0,69.0,0,0.17579035700108464,0.1100943891403684,0.030902249614568788,0.012120774520190867,63.65550000000001,3.8695248433446094,"ECMWF:0.35,GFS:0.30,NBM:0.35",SKIP,YES,
50463,KXHIGHNY-26MAY14-T63,2026-05-14 02:29:27.429179+00:00,KNYC,2026-05-14,1,,63.0,0,0.49360629117866006,0.43274075853804483,0.24364717069115213,0.1872645641000824,63.65550000000001,3.8695248433446094,"ECMWF:0.35,GFS:0.30,NBM:0.35",OPEN,YES,-19.859999999999996
50462,KXHIGHNY-26MAY14-B65.5,2026-05-14 02:29:26.847818+00:00,KNYC,2026-05-14,1,65.0,67.0,1,0.1814160564247369,0.17041676678430184,0.6700796726792295,0.6882083408326114,63.65550000000001,3.8695248433446094,"ECMWF:0.35,GFS:0.30,NBM:0.35",OPEN,NO,-19.299999999999997
50461,KXHIGHNY-26MAY14-T70,2026-05-14 02:29:26.265080+00:00,KNYC,2026-05-14,1,71.0,,0,0.11341749036079467,0.02884562662973056,0.012863527119740951,0.0008320701756618208,63.65550000000001,3.8695248433446094,"ECMWF:0.35,GFS:0.30,NBM:0.35",SKIP,NO,
50460,KXHIGHNY-26MAY14-B69.5,2026-05-14 02:29:25.652960+00:00,KNYC,2026-05-14,1,69.0,71.0,0,0.1183675090329052,0.054766594711453065,0.014010867194654894,0.002999379896288559,63.65550000000001,3.8695248433446094,"ECMWF:0.35,GFS:0.30,NBM:0.35",OPEN,YES,-3.1200000000000028
50459,KXHIGHNY-26MAY14-B63.5,2026-05-14 02:29:25.022763+00:00,KNYC,2026-05-14,1,63.0,65.0,0,0.18141526408560998,0.2031358641961013,0.032911498043251615,0.04126417932269691,63.65550000000001,3.8695248433446094,"ECMWF:0.35,GFS:0.30,NBM:0.35",OPEN,NO,10.02
50446,KXHIGHNY-26MAY14-B65.5,2026-05-14 02:24:03.038642+00:00,KNYC,2026-05-14,1,65.0,67.0,1,0.18141607048250744,0.17041676678430184,0.6700796496642992,0.6882083408326114,63.65550000000001,3.8695248433446094,"ECMWF:0.35,GFS:0.30,NBM:0.35",OPEN,NO,-19.299999999999997
50445,KXHIGHNY-26MAY14-T63,2026-05-14 02:24:02.467893+00:00,KNYC,2026-05-14,1,,63.0,0,0.49567917972359843,0.43274075853804483,0.2456978492114594,0.1872645641000824,63.65550000000001,3.8695248433446094,"ECMWF:0.35,GFS:0.30,NBM:0.35",OPEN,YES,-19.859999999999996
50444,KXHIGHNY-26MAY14-T70,2026-05-14 02:24:01.890579+00:00,KNYC,2026-05-14,1,71.0,,0,0.11315376464910412,0.02884562662973056,0.012803774454264845,0.0008320701756618208,63.65550000000001,3.8695248433446094,"ECMWF:0.35,GFS:0.30,NBM:0.35",SKIP,NO,
50443,KXHIGHNY-26MAY14-B63.5,2026-05-14 02:24:01.278330+00:00,KNYC,2026-05-14,1,63.0,65.0,0,0.18141526408560993,0.2031358641961013,0.032911498043251594,0.04126417932269691,63.65550000000001,3.8695248433446094,"ECMWF:0.35,GFS:0.30,NBM:0.35",OPEN,NO,10.02
50442,KXHIGHNY-26MAY14-B69.5,2026-05-14 02:24:00.672084+00:00,KNYC,2026-05-14,1,69.0,71.0,0,0.11804430237933264,0.054766594711453065,0.013934457324223317,0.002999379896288559,63.65550000000001,3.8695248433446094,"ECMWF:0.35,GFS:0.30,NBM:0.35",OPEN,YES,-3.1200000000000028
50441,KXHIGHNY-26MAY14-B67.5,2026-05-14 02:24:00.046889+00:00,KNYC,2026-05-14,1,67.0,69.0,0,0.17430438676363894,0.1100943891403684,0.030382019245048228,0.012120774520190867,63.65550000000001,3.8695248433446094,"ECMWF:0.35,GFS:0.30,NBM:0.35",SKIP,YES,
50428,KXHIGHNY-26MAY14-B63.5,2026-05-14 02:18:41.785064+00:00,KNYC,2026-05-14,1,63.0,65.0,0,0.18141526408560987,0.2031358641961013,0.03291149804325157,0.04126417932269691,63.65550000000001,3.8695248433446094,"ECMWF:0.35,GFS:0.30,NBM:0.35",OPEN,NO,10.02
50427,KXHIGHNY-26MAY14-T63,2026-05-14 02:18:41.209717+00:00,KNYC,2026-05-14,1,,63.0,0,0.4977277467063881,0.43274075853804483,0.2477329098414184,0.1872645641000824,63.65550000000001,3.8695248433446094,"ECMWF:0.35,GFS:0.30,NBM:0.35",OPEN,YES,-19.95
50426,KXHIGHNY-26MAY14-T70,2026-05-14 02:18:40.650415+00:00,KNYC,2026-05-14,1,71.0,,0,0.1128962468772015,0.02884562662973056,0.01274556255895803,0.0008320701756618208,63.65550000000001,3.8695248433446094,"ECMWF:0.35,GFS:0.30,NBM:0.35",SKIP,NO,
50425,KXHIGHNY-26MAY14-B65.5,2026-05-14 02:18:40.051279+00:00,KNYC,2026-05-14,1,65.0,67.0,1,0.18141608437533566,0.17041676678430184,0.6700796269194076,0.6882083408326114,63.65550000000001,3.8695248433446094,"ECMWF:0.35,GFS:0.30,NBM:0.35",OPEN,NO,-19.299999999999997
50424,KXHIGHNY-26MAY14-B69.5,2026-05-14 02:18:39.432270+00:00,KNYC,2026-05-14,1,69.0,71.0,0,0.11772870381005178,0.054766594711453065,0.0138600477007949,0.002999379896288559,63.65550000000001,3.8695248433446094,"ECMWF:0.35,GFS:0.30,NBM:0.35",OPEN,YES,-3.1200000000000028
50423,KXHIGHNY-26MAY14-B67.5,2026-05-14 02:18:38.799487+00:00,KNYC,2026-05-14,1,67.0,69.0,0,0.1728289222292047,0.1100943891403684,0.02986983635890849,0.012120774520190867,63.65550000000001,3.8695248433446094,"ECMWF:0.35,GFS:0.30,NBM:0.35",SKIP,NO,
50410,KXHIGHNY-26MAY14-T63,2026-05-14 02:13:12.683736+00:00,KNYC,2026-05-14,1,,63.0,0,0.49982634049889707,0.43274075853804483,0.2498263706565194,0.1872645641000824,63.65550000000001,3.8695248433446094,"ECMWF:0.35,GFS:0.30,NBM:0.35",OPEN,YES,-19.95
50409,KXHIGHNY-26MAY14-B65.5,2026-05-14 02:13:12.122982+00:00,KNYC,2026-05-14,1,65.0,67.0,1,0.1814160986074323,0.17041676678430184,0.6700796036190771,0.6882083408326114,63.65550000000001,3.8695248433446094,"ECMWF:0.35,GFS:0.30,NBM:0.35",OPEN,NO,-19.299999999999997
50408,KXHIGHNY-26MAY14-T70,2026-05-14 02:13:11.465084+00:00,KNYC,2026-05-14,1,71.0,,0,0.11263561137449156,0.02884562662973056,0.012686780949705493,0.0008320701756618208,63.65550000000001,3.8695248433446094,"ECMWF:0.35,GFS:0.30,NBM:0.35",SKIP,NO,
50407,KXHIGHNY-26MAY14-B63.5,2026-05-14 02:13:10.887448+00:00,KNYC,2026-05-14,1,63.0,65.0,0,0.18141526408560982,0.2031358641961013,0.03291149804325155,0.04126417932269691,63.65550000000001,3.8695248433446094,"ECMWF:0.35,GFS:0.30,NBM:0.35",OPEN,NO,10.02
50406,KXHIGHNY-26MAY14-B69.5,2026-05-14 02:13:10.316523+00:00,KNYC,2026-05-14,1,69.0,71.0,0,0.11740928433406254,0.054766594711453065,0.013784940047836744,0.002999379896288559,63.65550000000001,3.8695248433446094,"ECMWF:0.35,GFS:0.30,NBM:0.35",OPEN,YES,-3.1200000000000028
50405,KXHIGHNY-26MAY14-B67.5,2026-05-14 02:13:09.702981+00:00,KNYC,2026-05-14,1,67.0,69.0,0,0.17131036918329828,0.1100943891403684,0.029347242589717954,0.012120774520190867,63.65550000000001,3.8695248433446094,"ECMWF:0.35,GFS:0.30,NBM:0.35",SKIP,NO,
50404,KXHIGHNY-26MAY14-T63,2026-05-14 02:07:49.890827+00:00,KNYC,2026-05-14,1,,63.0,0,0.4726462845538679,0.43274075853804483,0.2233945103025759,0.1872645641000824,63.65550000000001,3.8695248433446094,"ECMWF:0.35,GFS:0.30,NBM:0.35",OPEN,YES,-19.859999999999996
50391,KXHIGHNY-26MAY14-B69.5,2026-05-14 02:07:42.305533+00:00,KNYC,2026-05-14,1,69.0,71.0,0,0.11709308811698997,0.054766594711453065,0.013710791284773177,0.002999379896288559,63.65550000000001,3.8695248433446094,"ECMWF:0.35,GFS:0.30,NBM:0.35",OPEN,YES,-3.1200000000000028
50390,KXHIGHNY-26MAY14-B65.5,2026-05-14 02:07:41.726461+00:00,KNYC,2026-05-14,1,65.0,67.0,1,0.18141611286958514,0.17041676678430184,0.6700795802695397,0.6882083408326114,63.65550000000001,3.8695248433446094,"ECMWF:0.35,GFS:0.30,NBM:0.35",OPEN,NO,-19.299999999999997
50389,KXHIGHNY-26MAY14-T70,2026-05-14 02:07:41.164910+00:00,KNYC,2026-05-14,1,71.0,,0,0.11237760594217887,0.02884562662973056,0.012628726317295636,0.0008320701756618208,63.65550000000001,3.8695248433446094,"ECMWF:0.35,GFS:0.30,NBM:0.35",SKIP,NO,
50388,KXHIGHNY-26MAY14-B67.5,2026-05-14 02:07:40.578825+00:00,KNYC,2026-05-14,1,67.0,69.0,0,0.16978153081371322,0.1100943891403684,0.02882576820544785,0.012120774520190867,63.65550000000001,3.8695248433446094,"ECMWF:0.35,GFS:0.30,NBM:0.35",SKIP,NO,
50387,KXHIGHNY-26MAY14-B63.5,2026-05-14 02:07:39.985909+00:00,KNYC,2026-05-14,1,63.0,65.0,0,0.18141526408560987,0.2031358641961013,0.03291149804325157,0.04126417932269691,63.65550000000001,3.8695248433446094,"ECMWF:0.35,GFS:0.30,NBM:0.35",OPEN,NO,10.02
50386,KXHIGHNY-26MAY14-T63,2026-05-14 02:02:12.422718+00:00,KNYC,2026-05-14,1,,63.0,0,0.36477098241596917,0.43274075853804483,0.1330578696127113,0.1872645641000824,63.65550000000001,3.8695248433446094,"ECMWF:0.35,GFS:0.30,NBM:0.35",OPEN,YES,-19.95
50373,KXHIGHNY-26MAY14-B63.5,2026-05-14 02:02:04.675065+00:00,KNYC,2026-05-14,1,63.0,65.0,0,0.18911492788697654,0.2031358641961013,0.035764455949696336,0.04126417932269691,63.65550000000001,3.8695248433446094,"ECMWF:0.35,GFS:0.30,NBM:0.35",OPEN,NO,10.02
50372,KXHIGHNY-26MAY14-T70,2026-05-14 02:02:04.020839+00:00,KNYC,2026-05-14,1,71.0,,0,0.1440052208919675,0.02884562662973056,0.02073750364414435,0.0008320701756618208,63.65550000000001,3.8695248433446094,"ECMWF:0.35,GFS:0.30,NBM:0.35",SKIP,NO,
50371,KXHIGHNY-26MAY14-B65.5,2026-05-14 02:02:03.312540+00:00,KNYC,2026-05-14,1,65.0,67.0,1,0.1728413853112561,0.17041676678430184,0.684191373853802,0.6882083408326114,63.65550000000001,3.8695248433446094,"ECMWF:0.35,GFS:0.30,NBM:0.35",OPEN,NO,-19.47
50370,KXHIGHNY-26MAY14-B69.5,2026-05-14 02:02:02.729591+00:00,KNYC,2026-05-14,1,69.0,71.0,0,0.15820572194689475,0.054766594711453065,0.025029050456738176,0.002999379896288559,63.65550000000001,3.8695248433446094,"ECMWF:0.35,GFS:0.30,NBM:0.35",OPEN,YES,-3.1200000000000028
50369,KXHIGHNY-26MAY14-B67.5,2026-05-14 02:02:02.052562+00:00,KNYC,2026-05-14,1,67.0,69.0,0,0.16936253871421938,0.1100943891403684,0.02868366951972546,0.012120774520190867,63.65550000000001,3.8695248433446094,"ECMWF:0.35,GFS:0.30,NBM:0.35",SKIP,YES,
50356,KXHIGHNY-26MAY14-B67.5,2026-05-14 01:56:53.149014+00:00,KNYC,2026-05-14,1,67.0,69.0,0,0.16928794393487362,0.1100943891403684,0.028658407961696913,0.012120774520190867,63.65550000000001,3.8695248433446094,"ECMWF:0.35,GFS:0.30,NBM:0.35",SKIP,YES,
50355,KXHIGHNY-26MAY14-T70,2026-05-14 01:56:52.563424+00:00,KNYC,2026-05-14,1,71.0,,0,0.14251316024673494,0.02884562662973056,0.02031000084351155,0.0008320701756618208,63.65550000000001,3.8695248433446094,"ECMWF:0.35,GFS:0.30,NBM:0.35",SKIP,NO,
50354,KXHIGHNY-26MAY14-B65.5,2026-05-14 01:56:51.951511+00:00,KNYC,2026-05-14,1,65.0,67.0,1,0.1728413853112561,0.17041676678430184,0.684191373853802,0.6882083408326114,63.65550000000001,3.8695248433446094,"ECMWF:0.35,GFS:0.30,NBM:0.35",OPEN,NO,-19.47
50353,KXHIGHNY-26MAY14-B69.5,2026-05-14 01:56:51.342773+00:00,KNYC,2026-05-14,1,69.0,71.0,0,0.15790733713829452,0.054766594711453065,0.02493472712210701,0.002999379896288559,63.65550000000001,3.8695248433446094,"ECMWF:0.35,GFS:0.30,NBM:0.35",OPEN,YES,-3.1200000000000028
50352,KXHIGHNY-26MAY14-B63.5,2026-05-14 01:56:50.730690+00:00,KNYC,2026-05-14,1,63.0,65.0,0,0.18849326361923158,0.2031358641961013,0.03552971042982913,0.04126417932269691,63.65550000000001,3.8695248433446094,"ECMWF:0.35,GFS:0.30,NBM:0.35",OPEN,NO,10.02
50351,KXHIGHNY-26MAY14-T63,2026-05-14 01:56:50.118140+00:00,KNYC,2026-05-14,1,,63.0,0,0.36725768691689276,0.43274075853804483,0.1348782085995464,0.1872645641000824,63.65550000000001,3.8695248433446094,"ECMWF:0.35,GFS:0.30,NBM:0.35",OPEN,YES,-19.95
50338,KXHIGHNY-26MAY14-B63.5,2026-05-14 01:51:27.575634+00:00,KNYC,2026-05-14,1,63.0,65.0,0,0.18784458133962167,0.2031358641961013,0.03528558673865775,0.04126417932269691,63.65550000000001,3.8695248433446094,"ECMWF:0.35,GFS:0.30,NBM:0.35",OPEN,NO,10.02
50337,KXHIGHNY-26MAY14-T70,2026-05-14 01:51:26.946999+00:00,KNYC,2026-05-14,1,71.0,,0,0.1412707619322115,0.02884562662973056,0.019957428176907578,0.0008320701756618208,63.65550000000001,3.8695248433446094,"ECMWF:0.35,GFS:0.30,NBM:0.35",SKIP,NO,
50336,KXHIGHNY-26MAY14-B65.5,2026-05-14 01:51:26.307666+00:00,KNYC,2026-05-14,1,65.0,67.0,1,0.1728413853112561,0.17041676678430184,0.684191373853802,0.6882083408326114,63.65550000000001,3.8695248433446094,"ECMWF:0.35,GFS:0.30,NBM:0.35",OPEN,NO,-19.88
50335,KXHIGHNY-26MAY14-B69.5,2026-05-14 01:51:25.707581+00:00,KNYC,2026-05-14,1,69.0,71.0,0,0.15728147584908975,0.054766594711453065,0.024737462645267803,0.002999379896288559,63.65550000000001,3.8695248433446094,"ECMWF:0.35,GFS:0.30,NBM:0.35",OPEN,YES,-3.1200000000000028
50334,KXHIGHNY-26MAY14-B67.5,2026-05-14 01:51:25.141138+00:00,KNYC,2026-05-14,1,67.0,69.0,0,0.1692101072084865,0.1100943891403684,0.028632060381507497,0.012120774520190867,63.65550000000001,3.8695248433446094,"ECMWF:0.35,GFS:0.30,NBM:0.35",SKIP,YES,
50333,KXHIGHNY-26MAY14-T63,2026-05-14 01:51:24.528486+00:00,KNYC,2026-05-14,1,,63.0,0,0.369852465526618,0.43274075853804483,0.13679084625611815,0.1872645641000824,63.65550000000001,3.8695248433446094,"ECMWF:0.35,GFS:0.30,NBM:0.35",OPEN,YES,-19.95
50320,KXHIGHNY-26MAY14-B65.5,2026-05-14 01:46:13.189411+00:00,KNYC,2026-05-14,1,65.0,67.0,1,0.17284138531125623,0.17041676678430184,0.6841913738538017,0.6882083408326114,63.65550000000001,3.8695248433446094,"ECMWF:0.35,GFS:0.30,NBM:0.35",OPEN,NO,-19.83
50319,KXHIGHNY-26MAY14-B63.5,2026-05-14 01:46:12.564714+00:00,KNYC,2026-05-14,1,63.0,65.0,0,0.18721759899946933,0.2031358641961013,0.0350504293751261,0.04126417932269691,63.65550000000001,3.8695248433446094,"ECMWF:0.35,GFS:0.30,NBM:0.35",OPEN,NO,10.309999999999999
50318,KXHIGHNY-26MAY14-T70,2026-05-14 01:46:11.936734+00:00,KNYC,2026-05-14,1,71.0,,0,0.14069142454048295,0.02884562662973056,0.019794076939230406,0.0008320701756618208,63.65550000000001,3.8695248433446094,"ECMWF:0.35,GFS:0.30,NBM:0.35",SKIP,NO,
50317,KXHIGHNY-26MAY14-B69.5,2026-05-14 01:46:11.331352+00:00,KNYC,2026-05-14,1,69.0,71.0,0,0.15605505129051214,0.054766594711453065,0.024353179033284374,0.002999379896288559,63.65550000000001,3.8695248433446094,"ECMWF:0.35,GFS:0.30,NBM:0.35",OPEN,YES,-3.1200000000000028
50316,KXHIGHNY-26MAY14-B67.5,2026-05-14 01:46:10.729715+00:00,KNYC,2026-05-14,1,67.0,69.0,0,0.16913487430264967,0.1100943891403684,0.028606605705373104,0.012120774520190867,63.65550000000001,3.8695248433446094,"ECMWF:0.35,GFS:0.30,NBM:0.35",SKIP,YES,
50315,KXHIGHNY-26MAY14-T63,2026-05-14 01:46:10.056909+00:00,KNYC,2026-05-14,1,,63.0,0,0.37236044272291313,0.43274075853804483,0.13865229930480388,0.1872645641000824,63.65550000000001,3.8695248433446094,"ECMWF:0.35,GFS:0.30,NBM:0.35",OPEN,YES,-19.959999999999997
50302,KXHIGHNY-26MAY14-B67.5,2026-05-14 01:40:59.366229+00:00,KNYC,2026-05-14,1,67.0,69.0,0,0.16905987308271214,0.1100943891403684,0.028581240686742736,0.012120774520190867,63.65550000000001,3.8695248433446094,"ECMWF:0.35,GFS:0.30,NBM:0.35",SKIP,YES,
50301,KXHIGHNY-26MAY14-B63.5,2026-05-14 01:40:58.753251+00:00,KNYC,2026-05-14,1,63.0,65.0,0,0.18659254750281795,0.2031358641961013,0.03481677878359137,0.04126417932269691,63.65550000000001,3.8695248433446094,"ECMWF:0.35,GFS:0.30,NBM:0.35",OPEN,NO,10.309999999999999
50300,KXHIGHNY-26MAY14-T70,2026-05-14 01:40:58.142153+00:00,KNYC,2026-05-14,1,71.0,,0,0.1401205797604475,0.02884562662973056,0.019633776872403932,0.0008320701756618208,63.65550000000001,3.8695248433446094,"ECMWF:0.35,GFS:0.30,NBM:0.35",SKIP,NO,
50299,KXHIGHNY-26MAY14-T63,2026-05-14 01:40:57.522273+00:00,KNYC,2026-05-14,1,,63.0,0,0.3748606963978911,0.43274075853804483,0.1405205417039119,0.1872645641000824,63.65550000000001,3.8695248433446094,"ECMWF:0.35,GFS:0.30,NBM:0.35",OPEN,YES,-20.0
50298,KXHIGHNY-26MAY14-B69.5,2026-05-14 01:40:56.959085+00:00,KNYC,2026-05-14,1,69.0,71.0,0,0.15482569511215866,0.054766594711453065,0.023970995866963107,0.002999379896288559,63.65550000000001,3.8695248433446094,"ECMWF:0.35,GFS:0.30,NBM:0.35",OPEN,YES,-3.1200000000000028
50297,KXHIGHNY-26MAY14-B65.5,2026-05-14 01:40:56.362562+00:00,KNYC,2026-05-14,1,65.0,67.0,1,0.17284138531125612,0.17041676678430184,0.6841913738538018,0.6882083408326114,63.65550000000001,3.8695248433446094,"ECMWF:0.35,GFS:0.30,NBM:0.35",OPEN,NO,-19.599999999999998
50284,KXHIGHNY-26MAY14-B63.5,2026-05-14 01:35:36.593986+00:00,KNYC,2026-05-14,1,63.0,65.0,0,0.18594913522382206,0.2031358641961013,0.03457708089048726,0.04126417932269691,63.65550000000001,3.8695248433446094,"ECMWF:0.35,GFS:0.30,NBM:0.35",OPEN,NO,10.61
50283,KXHIGHNY-26MAY14-T70,2026-05-14 01:35:36.027618+00:00,KNYC,2026-05-14,1,71.0,,0,0.1395398806765961,0.02884562662973056,0.019471378299238676,0.0008320701756618208,63.65550000000001,3.8695248433446094,"ECMWF:0.35,GFS:0.30,NBM:0.35",SKIP,YES,
50282,KXHIGHNY-26MAY14-T63,2026-05-14 01:35:35.429152+00:00,KNYC,2026-05-14,1,,63.0,0,0.37743439460308514,0.43274075853804483,0.1424567222293974,0.1872645641000824,63.65550000000001,3.8695248433446094,"ECMWF:0.35,GFS:0.30,NBM:0.35",OPEN,YES,-19.97
50281,KXHIGHNY-26MAY14-B65.5,2026-05-14 01:35:34.825835+00:00,KNYC,2026-05-14,1,65.0,67.0,1,0.17284138531125603,0.17041676678430184,0.684191373853802,0.6882083408326114,63.65550000000001,3.8695248433446094,"ECMWF:0.35,GFS:0.30,NBM:0.35",OPEN,NO,-19.599999999999998
50280,KXHIGHNY-26MAY14-B69.5,2026-05-14 01:35:34.231355+00:00,KNYC,2026-05-14,1,69.0,71.0,0,0.15355331263794159,0.054766594711453065,0.02357861982208543,0.002999379896288559,63.65550000000001,3.8695248433446094,"ECMWF:0.35,GFS:0.30,NBM:0.35",OPEN,YES,-3.1200000000000028
50279,KXHIGHNY-26MAY14-B67.5,2026-05-14 01:35:33.620794+00:00,KNYC,2026-05-14,1,67.0,69.0,0,0.16898266871458237,0.1100943891403684,0.028555142325902293,0.012120774520190867,63.65550000000001,3.8695248433446094,"ECMWF:0.35,GFS:0.30,NBM:0.35",SKIP,YES,
50266,KXHIGHNY-26MAY14-B65.5,2026-05-14 01:30:13.077043+00:00,KNYC,2026-05-14,1,65.0,67.0,1,0.17284138531125603,0.17041676678430184,0.684191373853802,0.6882083408326114,63.65550000000001,3.8695248433446094,"ECMWF:0.35,GFS:0.30,NBM:0.35",OPEN,NO,-19.599999999999998
50265,KXHIGHNY-26MAY14-B63.5,2026-05-14 01:30:12.483572+00:00,KNYC,2026-05-14,1,63.0,65.0,0,0.1853044390606491,0.2031358641961013,0.03433773513558182,0.04126417932269691,63.65550000000001,3.8695248433446094,"ECMWF:0.35,GFS:0.30,NBM:0.35",OPEN,NO,10.309999999999999
50264,KXHIGHNY-26MAY14-T70,2026-05-14 01:30:11.891846+00:00,KNYC,2026-05-14,1,71.0,,0,0.1389649748707358,0.02884562662973056,0.019311264240824234,0.0008320701756618208,63.65550000000001,3.8695248433446094,"ECMWF:0.35,GFS:0.30,NBM:0.35",SKIP,NO,
50263,KXHIGHNY-26MAY14-T63,2026-05-14 01:30:11.270571+00:00,KNYC,2026-05-14,1,,63.0,0,0.3800132284429414,0.43274075853804483,0.14441005379162716,0.1872645641000824,63.65550000000001,3.8695248433446094,"ECMWF:0.35,GFS:0.30,NBM:0.35",OPEN,YES,-20.0
50262,KXHIGHNY-26MAY14-B69.5,2026-05-14 01:30:10.676275+00:00,KNYC,2026-05-14,1,69.0,71.0,0,0.15227143919116215,0.054766594711453065,0.023186591193347792,0.002999379896288559,63.65550000000001,3.8695248433446094,"ECMWF:0.35,GFS:0.30,NBM:0.35",OPEN,YES,-3.1200000000000028
50261,KXHIGHNY-26MAY14-B67.5,2026-05-14 01:30:10.037114+00:00,KNYC,2026-05-14,1,67.0,69.0,0,0.16890531029053885,0.1100943891403684,0.028529003844343207,0.012120774520190867,63.65550000000001,3.8695248433446094,"ECMWF:0.35,GFS:0.30,NBM:0.35",SKIP,YES,
50249,KXHIGHNY-26MAY14-B67.5,2026-05-14 01:24:56.142781+00:00,KNYC,2026-05-14,1,67.0,69.0,0,0.16882940178513786,0.1100943891403684,0.02850336690712751,0.012120774520190867,63.65550000000001,3.8695248433446094,"ECMWF:0.35,GFS:0.30,NBM:0.35",SKIP,YES,
50248,KXHIGHNY-26MAY14-B63.5,2026-05-14 01:24:55.529666+00:00,KNYC,2026-05-14,1,63.0,65.0,0,0.1846718263518306,0.2031358641961013,0.034103683448120675,0.04126417932269691,63.65550000000001,3.8695248433446094,"ECMWF:0.35,GFS:0.30,NBM:0.35",OPEN,NO,10.309999999999999
50247,KXHIGHNY-26MAY14-T70,2026-05-14 01:24:54.951994+00:00,KNYC,2026-05-14,1,71.0,,0,0.13840752862756206,0.02884562662973056,0.019156643980789412,0.0008320701756618208,63.65550000000001,3.8695248433446094,"ECMWF:0.35,GFS:0.30,NBM:0.35",SKIP,NO,
50246,KXHIGHNY-26MAY14-T63,2026-05-14 01:24:54.329975+00:00,KNYC,2026-05-14,1,,63.0,0,0.3825437275434711,0.43274075853804483,0.14633970348285344,0.1872645641000824,63.65550000000001,3.8695248433446094,"ECMWF:0.35,GFS:0.30,NBM:0.35",OPEN,YES,-20.0
50245,KXHIGHNY-26MAY14-B69.5,2026-05-14 01:24:53.760650+00:00,KNYC,2026-05-14,1,69.0,71.0,0,0.15100690754802565,0.054766594711453065,0.022803086127217966,0.002999379896288559,63.65550000000001,3.8695248433446094,"ECMWF:0.35,GFS:0.30,NBM:0.35",OPEN,YES,-3.1200000000000028
50244,KXHIGHNY-26MAY14-B65.5,2026-05-14 01:24:53.162378+00:00,KNYC,2026-05-14,1,65.0,67.0,1,0.17284138531125606,0.17041676678430184,0.684191373853802,0.6882083408326114,63.65550000000001,3.8695248433446094,"ECMWF:0.35,GFS:0.30,NBM:0.35",OPEN,NO,-19.599999999999998
50230,KXHIGHNY-26MAY14-T70,2026-05-14 01:19:40.886259+00:00,KNYC,2026-05-14,1,71.0,,0,0.1378613564093038,0.02884562662973056,0.01900575359101309,0.0008320701756618208,63.65550000000001,3.8695248433446094,"ECMWF:0.35,GFS:0.30,NBM:0.35",SKIP,NO,
50229,KXHIGHNY-26MAY14-B67.5,2026-05-14 01:19:40.273055+00:00,KNYC,2026-05-14,1,67.0,69.0,0,0.1687541490289819,0.1100943891403684,0.02847796281449583,0.012120774520190867,63.65550000000001,3.8695248433446094,"ECMWF:0.35,GFS:0.30,NBM:0.35",SKIP,YES,
50228,KXHIGHNY-26MAY14-T63,2026-05-14 01:19:39.638323+00:00,KNYC,2026-05-14,1,,63.0,0,0.3850523664734452,0.43274075853804483,0.14826532492680036,0.1872645641000824,63.65550000000001,3.8695248433446094,"ECMWF:0.35,GFS:0.30,NBM:0.35",OPEN,YES,-19.97
50227,KXHIGHNY-26MAY14-B69.5,2026-05-14 01:19:39.090602+00:00,KNYC,2026-05-14,1,69.0,71.0,0,0.14974684136288233,0.054766594711453065,0.022424116498160247,0.002999379896288559,63.65550000000001,3.8695248433446094,"ECMWF:0.35,GFS:0.30,NBM:0.35",OPEN,YES,-3.1200000000000028
50226,KXHIGHNY-26MAY14-B63.5,2026-05-14 01:19:38.499604+00:00,KNYC,2026-05-14,1,63.0,65.0,0,0.18404467858141405,0.2031358641961013,0.033872443714136,0.04126417932269691,63.65550000000001,3.8695248433446094,"ECMWF:0.35,GFS:0.30,NBM:0.35",OPEN,NO,10.309999999999999
50225,KXHIGHNY-26MAY14-B65.5,2026-05-14 01:19:37.901308+00:00,KNYC,2026-05-14,1,65.0,67.0,1,0.17284138531125603,0.17041676678430184,0.684191373853802,0.6882083408326114,63.65550000000001,3.8695248433446094,"ECMWF:0.35,GFS:0.30,NBM:0.35",OPEN,NO,-19.599999999999998
50212,KXHIGHNY-26MAY14-B69.5,2026-05-14 01:14:28.998088+00:00,KNYC,2026-05-14,1,69.0,71.0,0,0.14849138199166767,0.054766594711453065,0.022049690525795366,0.002999379896288559,63.65550000000001,3.8695248433446094,"ECMWF:0.35,GFS:0.30,NBM:0.35",OPEN,YES,-3.1200000000000028
50211,KXHIGHNY-26MAY14-B63.5,2026-05-14 01:14:28.389298+00:00,KNYC,2026-05-14,1,63.0,65.0,0,0.18342294605335682,0.2031358641961013,0.033643977138892646,0.04126417932269691,63.65550000000001,3.8695248433446094,"ECMWF:0.35,GFS:0.30,NBM:0.35",OPEN,NO,10.309999999999999
50210,KXHIGHNY-26MAY14-T70,2026-05-14 01:14:27.799780+00:00,KNYC,2026-05-14,1,71.0,,0,0.1373261737312373,0.02884562662973056,0.018858477991661966,0.0008320701756618208,63.65550000000001,3.8695248433446094,"ECMWF:0.35,GFS:0.30,NBM:0.35",SKIP,NO,
50209,KXHIGHNY-26MAY14-B65.5,2026-05-14 01:14:27.141575+00:00,KNYC,2026-05-14,1,65.0,67.0,1,0.17284138531125603,0.17041676678430184,0.684191373853802,0.6882083408326114,63.65550000000001,3.8695248433446094,"ECMWF:0.35,GFS:0.30,NBM:0.35",OPEN,NO,-19.599999999999998
50208,KXHIGHNY-26MAY14-T63,2026-05-14 01:14:26.542762+00:00,KNYC,2026-05-14,1,,63.0,0,0.3875393440208251,0.43274075853804483,0.15018674316409145,0.1872645641000824,63.65550000000001,3.8695248433446094,"ECMWF:0.35,GFS:0.30,NBM:0.35",OPEN,YES,-20.0
50207,KXHIGHNY-26MAY14-B67.5,2026-05-14 01:14:25.977430+00:00,KNYC,2026-05-14,1,67.0,69.0,0,0.16867954605894042,0.1100943891403684,0.028452789258650205,0.012120774520190867,63.65550000000001,3.8695248433446094,"ECMWF:0.35,GFS:0.30,NBM:0.35",SKIP,YES,
50194,KXHIGHNY-26MAY14-B65.5,2026-05-14 01:09:13.026063+00:00,KNYC,2026-05-14,1,65.0,67.0,1,0.17284138531125606,0.17041676678430184,0.684191373853802,0.6882083408326114,63.65550000000001,3.8695248433446094,"ECMWF:0.35,GFS:0.30,NBM:0.35",OPEN,NO,-19.599999999999998
50193,KXHIGHNY-26MAY14-T63,2026-05-14 01:09:12.415382+00:00,KNYC,2026-05-14,1,,63.0,0,0.3900580960092682,0.43274075853804483,0.1521453182623755,0.1872645641000824,63.65550000000001,3.8695248433446094,"ECMWF:0.35,GFS:0.30,NBM:0.35",OPEN,YES,-20.0
50192,KXHIGHNY-26MAY14-B63.5,2026-05-14 01:09:11.824550+00:00,KNYC,2026-05-14,1,63.0,65.0,0,0.18279327006654578,0.2031358641961013,0.03341337958162114,0.04126417932269691,63.65550000000001,3.8695248433446094,"ECMWF:0.35,GFS:0.30,NBM:0.35",OPEN,NO,10.309999999999999
50191,KXHIGHNY-26MAY14-T70,2026-05-14 01:09:11.232736+00:00,KNYC,2026-05-14,1,71.0,,0,0.13679044592819314,0.02884562662973056,0.01871162609723393,0.0008320701756618208,63.65550000000001,3.8695248433446094,"ECMWF:0.35,GFS:0.30,NBM:0.35",SKIP,YES,
50190,KXHIGHNY-26MAY14-B67.5,2026-05-14 01:09:10.626848+00:00,KNYC,2026-05-14,1,67.0,69.0,0,0.16860398993687797,0.1100943891403684,0.02842730542263485,0.012120774520190867,63.65550000000001,3.8695248433446094,"ECMWF:0.35,GFS:0.30,NBM:0.35",SKIP,YES,
50189,KXHIGHNY-26MAY14-B69.5,2026-05-14 01:09:10.024887+00:00,KNYC,2026-05-14,1,69.0,71.0,0,0.14721358991514222,0.054766594711453065,0.02167184105570366,0.002999379896288559,63.65550000000001,3.8695248433446094,"ECMWF:0.35,GFS:0.30,NBM:0.35",OPEN,YES,-3.1200000000000028
50176,KXHIGHNY-26MAY14-T63,2026-05-14 01:03:59.541928+00:00,KNYC,2026-05-14,1,,63.0,0,0.39255713571129836,0.43274075853804483,0.1541011047978587,0.1872645641000824,63.65550000000001,3.8695248433446094,"ECMWF:0.35,GFS:0.30,NBM:0.35",OPEN,YES,-19.88
50175,KXHIGHNY-26MAY14-T70,2026-05-14 01:03:58.970349+00:00,KNYC,2026-05-14,1,71.0,,0,0.13626509656686828,0.02884562662973056,0.018568176542377936,0.0008320701756618208,63.65550000000001,3.8695248433446094,"ECMWF:0.35,GFS:0.30,NBM:0.35",SKIP,NO,
