signal_id,ticker,ts,station,valid_date,lead_day,lower_f,upper_f,yes_won,original_p_yes,shadow_p_yes,original_brier,shadow_brier,shadow_mean_f,shadow_sigma_f,weights,shadow_action,shadow_side,shadow_pnl
63631,KXHIGHCHI-26MAY15-B77.5,2026-05-15 23:55:19.850958+00:00,KMDW,2026-05-15,0,77.0,79.0,0,0.16691407125514515,0.14720812182741116,0.027860307182967673,0.02167023113195393,72.85905513240603,3.6284839874793415,"TRUE_ECMWF_AIFS_ENS:0.26,TRUE_ECMWF_IFS_ENS:0.26,TRUE_GFS_ENS:0.16,TRUE_WEATHERNEXT2:0.32",OPEN,YES,-19.990000000000016
63630,KXHIGHCHI-26MAY15-T78,2026-05-15 23:55:19.254118+00:00,KMDW,2026-05-15,0,79.0,,0,0.09325814510562913,0.025380710659898477,0.008697081628542578,0.0006441804736014841,72.85905513240603,3.6284839874793415,"TRUE_ECMWF_AIFS_ENS:0.26,TRUE_ECMWF_IFS_ENS:0.26,TRUE_GFS_ENS:0.16,TRUE_WEATHERNEXT2:0.32",OPEN,YES,-3.700000000000003
63629,KXHIGHCHI-26MAY15-B75.5,2026-05-15 23:55:18.638063+00:00,KMDW,2026-05-15,0,75.0,77.0,1,0.6112939996693194,0.17258883248730963,0.15109235469307505,0.6846092401247134,72.85905513240603,3.6284839874793415,"TRUE_ECMWF_AIFS_ENS:0.26,TRUE_ECMWF_IFS_ENS:0.26,TRUE_GFS_ENS:0.16,TRUE_WEATHERNEXT2:0.32",OPEN,NO,-19.990000000000016
63628,KXHIGHCHI-26MAY15-B71.5,2026-05-15 23:55:18.071361+00:00,KMDW,2026-05-15,0,71.0,73.0,0,0.016179408166878358,0.12690355329949238,0.0002617732486304501,0.016104511840037104,72.85905513240603,3.6284839874793415,"TRUE_ECMWF_AIFS_ENS:0.26,TRUE_ECMWF_IFS_ENS:0.26,TRUE_GFS_ENS:0.16,TRUE_WEATHERNEXT2:0.32",OPEN,YES,-19.990000000000016
63627,KXHIGHCHI-26MAY15-T71,2026-05-15 23:55:17.423219+00:00,KMDW,2026-05-15,0,,71.0,0,0.01617940816687831,0.38071065989847713,0.0002617732486304485,0.14494060656033392,72.85905513240603,3.6284839874793415,"TRUE_ECMWF_AIFS_ENS:0.26,TRUE_ECMWF_IFS_ENS:0.26,TRUE_GFS_ENS:0.16,TRUE_WEATHERNEXT2:0.32",OPEN,YES,-19.990000000000016
63626,KXHIGHCHI-26MAY15-B73.5,2026-05-15 23:55:16.785463+00:00,KMDW,2026-05-15,0,73.0,75.0,0,0.016179408166878163,0.14720812182741116,0.0002617732486304438,0.02167023113195393,72.85905513240603,3.6284839874793415,"TRUE_ECMWF_AIFS_ENS:0.26,TRUE_ECMWF_IFS_ENS:0.26,TRUE_GFS_ENS:0.16,TRUE_WEATHERNEXT2:0.32",OPEN,YES,-19.990000000000016
63594,KXHIGHCHI-26MAY15-B71.5,2026-05-15 23:49:47.253640+00:00,KMDW,2026-05-15,0,71.0,73.0,0,0.016179408166878358,0.12690355329949238,0.0002617732486304501,0.016104511840037104,72.85905513240603,3.6284839874793415,"TRUE_ECMWF_AIFS_ENS:0.26,TRUE_ECMWF_IFS_ENS:0.26,TRUE_GFS_ENS:0.16,TRUE_WEATHERNEXT2:0.32",OPEN,YES,-19.990000000000016
63593,KXHIGHCHI-26MAY15-B77.5,2026-05-15 23:49:46.634335+00:00,KMDW,2026-05-15,0,77.0,79.0,0,0.16641799252983114,0.14720812182741116,0.02769494823765893,0.02167023113195393,72.85905513240603,3.6284839874793415,"TRUE_ECMWF_AIFS_ENS:0.26,TRUE_ECMWF_IFS_ENS:0.26,TRUE_GFS_ENS:0.16,TRUE_WEATHERNEXT2:0.32",OPEN,YES,-19.990000000000016
63592,KXHIGHCHI-26MAY15-T71,2026-05-15 23:49:46.030802+00:00,KMDW,2026-05-15,0,,71.0,0,0.016179408166878226,0.38071065989847713,0.00026177324863044585,0.14494060656033392,72.85905513240603,3.6284839874793415,"TRUE_ECMWF_AIFS_ENS:0.26,TRUE_ECMWF_IFS_ENS:0.26,TRUE_GFS_ENS:0.16,TRUE_WEATHERNEXT2:0.32",OPEN,YES,-19.990000000000016
63591,KXHIGHCHI-26MAY15-T78,2026-05-15 23:49:45.421109+00:00,KMDW,2026-05-15,0,79.0,,0,0.09326277485134117,0.025380710659898477,0.008697945172971955,0.0006441804736014841,72.85905513240603,3.6284839874793415,"TRUE_ECMWF_AIFS_ENS:0.26,TRUE_ECMWF_IFS_ENS:0.26,TRUE_GFS_ENS:0.16,TRUE_WEATHERNEXT2:0.32",OPEN,YES,-3.700000000000003
63590,KXHIGHCHI-26MAY15-B73.5,2026-05-15 23:49:44.803180+00:00,KMDW,2026-05-15,0,73.0,75.0,0,0.016179408166878267,0.14720812182741116,0.00026177324863044715,0.02167023113195393,72.85905513240603,3.6284839874793415,"TRUE_ECMWF_AIFS_ENS:0.26,TRUE_ECMWF_IFS_ENS:0.26,TRUE_GFS_ENS:0.16,TRUE_WEATHERNEXT2:0.32",OPEN,YES,-19.990000000000016
63574,KXHIGHCHI-26MAY15-B75.5,2026-05-15 23:49:34.981871+00:00,KMDW,2026-05-15,0,75.0,77.0,1,0.6117854486489215,0.17258883248730963,0.15071053788071917,0.6846092401247134,72.85905513240603,3.6284839874793415,"TRUE_ECMWF_AIFS_ENS:0.26,TRUE_ECMWF_IFS_ENS:0.26,TRUE_GFS_ENS:0.16,TRUE_WEATHERNEXT2:0.32",OPEN,NO,-19.990000000000016
63555,KXHIGHCHI-26MAY15-B71.5,2026-05-15 23:44:10.841054+00:00,KMDW,2026-05-15,0,71.0,73.0,0,0.016179408166878247,0.12690355329949238,0.0002617732486304465,0.016104511840037104,72.85905513240603,3.6284839874793415,"TRUE_ECMWF_AIFS_ENS:0.26,TRUE_ECMWF_IFS_ENS:0.26,TRUE_GFS_ENS:0.16,TRUE_WEATHERNEXT2:0.32",OPEN,YES,-19.990000000000016
63554,KXHIGHCHI-26MAY15-B77.5,2026-05-15 23:44:10.178544+00:00,KMDW,2026-05-15,0,77.0,79.0,0,0.16591650296521185,0.14720812182741116,0.027528285956205153,0.02167023113195393,72.85905513240603,3.6284839874793415,"TRUE_ECMWF_AIFS_ENS:0.26,TRUE_ECMWF_IFS_ENS:0.26,TRUE_GFS_ENS:0.16,TRUE_WEATHERNEXT2:0.32",OPEN,YES,-19.990000000000016
63553,KXHIGHCHI-26MAY15-T78,2026-05-15 23:44:09.577498+00:00,KMDW,2026-05-15,0,79.0,,0,0.09326758180913988,0.025380710659898477,0.0086988418165246,0.0006441804736014841,72.85905513240603,3.6284839874793415,"TRUE_ECMWF_AIFS_ENS:0.26,TRUE_ECMWF_IFS_ENS:0.26,TRUE_GFS_ENS:0.16,TRUE_WEATHERNEXT2:0.32",OPEN,YES,-3.700000000000003
63552,KXHIGHCHI-26MAY15-B75.5,2026-05-15 23:44:08.930861+00:00,KMDW,2026-05-15,0,75.0,77.0,1,0.6122821312557419,0.17258883248730963,0.15032514574358974,0.6846092401247134,72.85905513240603,3.6284839874793415,"TRUE_ECMWF_AIFS_ENS:0.26,TRUE_ECMWF_IFS_ENS:0.26,TRUE_GFS_ENS:0.16,TRUE_WEATHERNEXT2:0.32",OPEN,NO,-19.990000000000016
63551,KXHIGHCHI-26MAY15-T71,2026-05-15 23:44:08.336482+00:00,KMDW,2026-05-15,0,,71.0,0,0.01617940816687824,0.38071065989847713,0.0002617732486304463,0.14494060656033392,72.85905513240603,3.6284839874793415,"TRUE_ECMWF_AIFS_ENS:0.26,TRUE_ECMWF_IFS_ENS:0.26,TRUE_GFS_ENS:0.16,TRUE_WEATHERNEXT2:0.32",OPEN,YES,-19.990000000000016
63550,KXHIGHCHI-26MAY15-B73.5,2026-05-15 23:44:07.670074+00:00,KMDW,2026-05-15,0,73.0,75.0,0,0.016179408166878226,0.14720812182741116,0.00026177324863044585,0.02167023113195393,72.85905513240603,3.6284839874793415,"TRUE_ECMWF_AIFS_ENS:0.26,TRUE_ECMWF_IFS_ENS:0.26,TRUE_GFS_ENS:0.16,TRUE_WEATHERNEXT2:0.32",OPEN,YES,-19.990000000000016
63526,KXHIGHCHI-26MAY15-B75.5,2026-05-15 23:38:32.571259+00:00,KMDW,2026-05-15,0,75.0,77.0,1,0.612792357108019,0.17258883248730963,0.14992975871396386,0.6846092401247134,72.85905513240603,3.6284839874793415,"TRUE_ECMWF_AIFS_ENS:0.26,TRUE_ECMWF_IFS_ENS:0.26,TRUE_GFS_ENS:0.16,TRUE_WEATHERNEXT2:0.32",OPEN,NO,-19.990000000000016
63525,KXHIGHCHI-26MAY15-B71.5,2026-05-15 23:38:31.951687+00:00,KMDW,2026-05-15,0,71.0,73.0,0,0.01617940816687829,0.12690355329949238,0.00026177324863044797,0.016104511840037104,72.85905513240603,3.6284839874793415,"TRUE_ECMWF_AIFS_ENS:0.26,TRUE_ECMWF_IFS_ENS:0.26,TRUE_GFS_ENS:0.16,TRUE_WEATHERNEXT2:0.32",OPEN,YES,-19.990000000000016
63524,KXHIGHCHI-26MAY15-B73.5,2026-05-15 23:38:31.332044+00:00,KMDW,2026-05-15,0,73.0,75.0,0,0.016179408166878257,0.14720812182741116,0.0002617732486304468,0.02167023113195393,72.85905513240603,3.6284839874793415,"TRUE_ECMWF_AIFS_ENS:0.26,TRUE_ECMWF_IFS_ENS:0.26,TRUE_GFS_ENS:0.16,TRUE_WEATHERNEXT2:0.32",OPEN,YES,-19.990000000000016
63523,KXHIGHCHI-26MAY15-T78,2026-05-15 23:38:30.655707+00:00,KMDW,2026-05-15,0,79.0,,0,0.09327265305875013,0.025380710659898477,0.00869978780861797,0.0006441804736014841,72.85905513240603,3.6284839874793415,"TRUE_ECMWF_AIFS_ENS:0.26,TRUE_ECMWF_IFS_ENS:0.26,TRUE_GFS_ENS:0.16,TRUE_WEATHERNEXT2:0.32",OPEN,YES,-3.700000000000003
63522,KXHIGHCHI-26MAY15-T71,2026-05-15 23:38:29.983650+00:00,KMDW,2026-05-15,0,,71.0,0,0.016179408166878344,0.38071065989847713,0.00026177324863044965,0.14494060656033392,72.85905513240603,3.6284839874793415,"TRUE_ECMWF_AIFS_ENS:0.26,TRUE_ECMWF_IFS_ENS:0.26,TRUE_GFS_ENS:0.16,TRUE_WEATHERNEXT2:0.32",OPEN,YES,-19.990000000000016
63521,KXHIGHCHI-26MAY15-B77.5,2026-05-15 23:38:29.331552+00:00,KMDW,2026-05-15,0,77.0,79.0,0,0.16540120586332455,0.14720812182741116,0.027357558901041867,0.02167023113195393,72.85905513240603,3.6284839874793415,"TRUE_ECMWF_AIFS_ENS:0.26,TRUE_ECMWF_IFS_ENS:0.26,TRUE_GFS_ENS:0.16,TRUE_WEATHERNEXT2:0.32",OPEN,YES,-19.990000000000016
63490,KXHIGHCHI-26MAY15-B73.5,2026-05-15 23:33:06.406251+00:00,KMDW,2026-05-15,0,73.0,75.0,0,0.016179408166878254,0.14720812182741116,0.0002617732486304467,0.02167023113195393,72.85905513240603,3.6284839874793415,"TRUE_ECMWF_AIFS_ENS:0.26,TRUE_ECMWF_IFS_ENS:0.26,TRUE_GFS_ENS:0.16,TRUE_WEATHERNEXT2:0.32",OPEN,YES,-19.990000000000016
63489,KXHIGHCHI-26MAY15-T78,2026-05-15 23:33:05.763414+00:00,KMDW,2026-05-15,0,79.0,,0,0.09327760712880878,0.025380710659898477,0.008700711991676399,0.0006441804736014841,72.85905513240603,3.6284839874793415,"TRUE_ECMWF_AIFS_ENS:0.26,TRUE_ECMWF_IFS_ENS:0.26,TRUE_GFS_ENS:0.16,TRUE_WEATHERNEXT2:0.32",OPEN,YES,-3.700000000000003
63488,KXHIGHCHI-26MAY15-B77.5,2026-05-15 23:33:05.123549+00:00,KMDW,2026-05-15,0,77.0,79.0,0,0.16491037885816368,0.14720812182741116,0.027195433055143076,0.02167023113195393,72.85905513240603,3.6284839874793415,"TRUE_ECMWF_AIFS_ENS:0.26,TRUE_ECMWF_IFS_ENS:0.26,TRUE_GFS_ENS:0.16,TRUE_WEATHERNEXT2:0.32",OPEN,YES,-19.990000000000016
63487,KXHIGHCHI-26MAY15-B75.5,2026-05-15 23:33:04.493732+00:00,KMDW,2026-05-15,0,75.0,77.0,1,0.6132782300431212,0.17258883248730963,0.14955372735858108,0.6846092401247134,72.85905513240603,3.6284839874793415,"TRUE_ECMWF_AIFS_ENS:0.26,TRUE_ECMWF_IFS_ENS:0.26,TRUE_GFS_ENS:0.16,TRUE_WEATHERNEXT2:0.32",OPEN,NO,-19.990000000000016
63486,KXHIGHCHI-26MAY15-T71,2026-05-15 23:33:03.887033+00:00,KMDW,2026-05-15,0,,71.0,0,0.016179408166878257,0.38071065989847713,0.0002617732486304468,0.14494060656033392,72.85905513240603,3.6284839874793415,"TRUE_ECMWF_AIFS_ENS:0.26,TRUE_ECMWF_IFS_ENS:0.26,TRUE_GFS_ENS:0.16,TRUE_WEATHERNEXT2:0.32",OPEN,YES,-19.990000000000016
63462,KXHIGHCHI-26MAY15-B71.5,2026-05-15 23:32:48.762536+00:00,KMDW,2026-05-15,0,71.0,73.0,0,0.016179408166878267,0.12690355329949238,0.00026177324863044715,0.016104511840037104,72.85905513240603,3.6284839874793415,"TRUE_ECMWF_AIFS_ENS:0.26,TRUE_ECMWF_IFS_ENS:0.26,TRUE_GFS_ENS:0.16,TRUE_WEATHERNEXT2:0.32",OPEN,YES,-19.990000000000016
63451,KXHIGHCHI-26MAY15-T71,2026-05-15 23:27:34.580644+00:00,KMDW,2026-05-15,0,,71.0,0,0.016179408166878163,0.38071065989847713,0.0002617732486304438,0.14494060656033392,72.85905513240603,3.6284839874793415,"TRUE_ECMWF_AIFS_ENS:0.26,TRUE_ECMWF_IFS_ENS:0.26,TRUE_GFS_ENS:0.16,TRUE_WEATHERNEXT2:0.32",OPEN,YES,-19.990000000000016
63450,KXHIGHCHI-26MAY15-B71.5,2026-05-15 23:27:33.944263+00:00,KMDW,2026-05-15,0,71.0,73.0,0,0.016179408166878358,0.12690355329949238,0.0002617732486304501,0.016104511840037104,72.85905513240603,3.6284839874793415,"TRUE_ECMWF_AIFS_ENS:0.26,TRUE_ECMWF_IFS_ENS:0.26,TRUE_GFS_ENS:0.16,TRUE_WEATHERNEXT2:0.32",OPEN,YES,-19.990000000000016
63449,KXHIGHCHI-26MAY15-B73.5,2026-05-15 23:27:33.298238+00:00,KMDW,2026-05-15,0,73.0,75.0,0,0.01617940816687824,0.14720812182741116,0.0002617732486304463,0.02167023113195393,72.85905513240603,3.6284839874793415,"TRUE_ECMWF_AIFS_ENS:0.26,TRUE_ECMWF_IFS_ENS:0.26,TRUE_GFS_ENS:0.16,TRUE_WEATHERNEXT2:0.32",OPEN,YES,-19.990000000000016
63448,KXHIGHCHI-26MAY15-T78,2026-05-15 23:27:31.923096+00:00,KMDW,2026-05-15,0,79.0,,0,0.09328283347794727,0.025380710659898477,0.008701687021674441,0.0006441804736014841,72.85905513240603,3.6284839874793415,"TRUE_ECMWF_AIFS_ENS:0.26,TRUE_ECMWF_IFS_ENS:0.26,TRUE_GFS_ENS:0.16,TRUE_WEATHERNEXT2:0.32",OPEN,YES,-3.700000000000003
63447,KXHIGHCHI-26MAY15-B75.5,2026-05-15 23:27:31.274212+00:00,KMDW,2026-05-15,0,75.0,77.0,1,0.6137783900748394,0.17258883248730963,0.14916713197318293,0.6846092401247134,72.85905513240603,3.6284839874793415,"TRUE_ECMWF_AIFS_ENS:0.26,TRUE_ECMWF_IFS_ENS:0.26,TRUE_GFS_ENS:0.16,TRUE_WEATHERNEXT2:0.32",SKIP,NO,
63446,KXHIGHCHI-26MAY15-B77.5,2026-05-15 23:27:30.713962+00:00,KMDW,2026-05-15,0,77.0,79.0,0,0.1644049924773071,0.14720812182741116,0.027029001551463407,0.02167023113195393,72.85905513240603,3.6284839874793415,"TRUE_ECMWF_AIFS_ENS:0.26,TRUE_ECMWF_IFS_ENS:0.26,TRUE_GFS_ENS:0.16,TRUE_WEATHERNEXT2:0.32",OPEN,YES,-19.990000000000016
63412,KXHIGHCHI-26MAY15-T71,2026-05-15 23:21:59.702419+00:00,KMDW,2026-05-15,0,,71.0,0,0.016179408166878264,0.38071065989847713,0.00026177324863044704,0.14494060656033392,72.85905513240603,3.6284839874793415,"TRUE_ECMWF_AIFS_ENS:0.26,TRUE_ECMWF_IFS_ENS:0.26,TRUE_GFS_ENS:0.16,TRUE_WEATHERNEXT2:0.32",OPEN,YES,-19.990000000000016
63411,KXHIGHCHI-26MAY15-B71.5,2026-05-15 23:21:59.038611+00:00,KMDW,2026-05-15,0,71.0,73.0,0,0.016179408166878285,0.12690355329949238,0.00026177324863044775,0.016104511840037104,72.85905513240603,3.6284839874793415,"TRUE_ECMWF_AIFS_ENS:0.26,TRUE_ECMWF_IFS_ENS:0.26,TRUE_GFS_ENS:0.16,TRUE_WEATHERNEXT2:0.32",OPEN,YES,-19.990000000000016
63410,KXHIGHCHI-26MAY15-B73.5,2026-05-15 23:21:58.390678+00:00,KMDW,2026-05-15,0,73.0,75.0,0,0.016179408166878264,0.14720812182741116,0.00026177324863044704,0.02167023113195393,72.85905513240603,3.6284839874793415,"TRUE_ECMWF_AIFS_ENS:0.26,TRUE_ECMWF_IFS_ENS:0.26,TRUE_GFS_ENS:0.16,TRUE_WEATHERNEXT2:0.32",OPEN,YES,-19.990000000000016
63409,KXHIGHCHI-26MAY15-T78,2026-05-15 23:21:57.789246+00:00,KMDW,2026-05-15,0,79.0,,0,0.09328809523051416,0.025380710659898477,0.00870266871173748,0.0006441804736014841,72.85905513240603,3.6284839874793415,"TRUE_ECMWF_AIFS_ENS:0.26,TRUE_ECMWF_IFS_ENS:0.26,TRUE_GFS_ENS:0.16,TRUE_WEATHERNEXT2:0.32",SKIP,YES,
63408,KXHIGHCHI-26MAY15-B75.5,2026-05-15 23:21:57.164440+00:00,KMDW,2026-05-15,0,75.0,77.0,1,0.6142700185414544,0.17258883248730963,0.14878761859600997,0.6846092401247134,72.85905513240603,3.6284839874793415,"TRUE_ECMWF_AIFS_ENS:0.26,TRUE_ECMWF_IFS_ENS:0.26,TRUE_GFS_ENS:0.16,TRUE_WEATHERNEXT2:0.32",SKIP,NO,
63407,KXHIGHCHI-26MAY15-B77.5,2026-05-15 23:21:56.589378+00:00,KMDW,2026-05-15,0,77.0,79.0,0,0.16390810225812524,0.14720812182741116,0.026865865985860042,0.02167023113195393,72.85905513240603,3.6284839874793415,"TRUE_ECMWF_AIFS_ENS:0.26,TRUE_ECMWF_IFS_ENS:0.26,TRUE_GFS_ENS:0.16,TRUE_WEATHERNEXT2:0.32",OPEN,YES,-19.990000000000016
63382,KXHIGHCHI-26MAY15-T71,2026-05-15 23:16:23.915428+00:00,KMDW,2026-05-15,0,,71.0,0,0.01617940816687829,0.38071065989847713,0.00026177324863044797,0.14494060656033392,72.85905513240603,3.6284839874793415,"TRUE_ECMWF_AIFS_ENS:0.26,TRUE_ECMWF_IFS_ENS:0.26,TRUE_GFS_ENS:0.16,TRUE_WEATHERNEXT2:0.32",OPEN,YES,-19.990000000000016
63381,KXHIGHCHI-26MAY15-B71.5,2026-05-15 23:16:23.291525+00:00,KMDW,2026-05-15,0,71.0,73.0,0,0.016179408166878302,0.12690355329949238,0.0002617732486304483,0.016104511840037104,72.85905513240603,3.6284839874793415,"TRUE_ECMWF_AIFS_ENS:0.26,TRUE_ECMWF_IFS_ENS:0.26,TRUE_GFS_ENS:0.16,TRUE_WEATHERNEXT2:0.32",OPEN,YES,-19.990000000000016
63380,KXHIGHCHI-26MAY15-B73.5,2026-05-15 23:16:22.664226+00:00,KMDW,2026-05-15,0,73.0,75.0,0,0.016179408166878267,0.14720812182741116,0.00026177324863044715,0.02167023113195393,72.85905513240603,3.6284839874793415,"TRUE_ECMWF_AIFS_ENS:0.26,TRUE_ECMWF_IFS_ENS:0.26,TRUE_GFS_ENS:0.16,TRUE_WEATHERNEXT2:0.32",OPEN,YES,-19.990000000000016
63379,KXHIGHCHI-26MAY15-T78,2026-05-15 23:16:22.011739+00:00,KMDW,2026-05-15,0,79.0,,0,0.09329371118919205,0.025380710659898477,0.008703716547452379,0.0006441804736014841,72.85905513240603,3.6284839874793415,"TRUE_ECMWF_AIFS_ENS:0.26,TRUE_ECMWF_IFS_ENS:0.26,TRUE_GFS_ENS:0.16,TRUE_WEATHERNEXT2:0.32",SKIP,YES,
63378,KXHIGHCHI-26MAY15-B75.5,2026-05-15 23:16:21.347946+00:00,KMDW,2026-05-15,0,75.0,77.0,1,0.6147825211282549,0.17258883248730963,0.14839250602830337,0.6846092401247134,72.85905513240603,3.6284839874793415,"TRUE_ECMWF_AIFS_ENS:0.26,TRUE_ECMWF_IFS_ENS:0.26,TRUE_GFS_ENS:0.16,TRUE_WEATHERNEXT2:0.32",SKIP,NO,
63377,KXHIGHCHI-26MAY15-B77.5,2026-05-15 23:16:20.803409+00:00,KMDW,2026-05-15,0,77.0,79.0,0,0.16338998371264674,0.14720812182741116,0.026696286777618965,0.02167023113195393,72.85905513240603,3.6284839874793415,"TRUE_ECMWF_AIFS_ENS:0.26,TRUE_ECMWF_IFS_ENS:0.26,TRUE_GFS_ENS:0.16,TRUE_WEATHERNEXT2:0.32",OPEN,YES,-19.990000000000016
63346,KXHIGHCHI-26MAY15-T71,2026-05-15 23:10:58.227208+00:00,KMDW,2026-05-15,0,,71.0,0,0.01617940816687829,0.38071065989847713,0.00026177324863044797,0.14494060656033392,72.85905513240603,3.6284839874793415,"TRUE_ECMWF_AIFS_ENS:0.26,TRUE_ECMWF_IFS_ENS:0.26,TRUE_GFS_ENS:0.16,TRUE_WEATHERNEXT2:0.32",OPEN,YES,-19.990000000000016
63345,KXHIGHCHI-26MAY15-B75.5,2026-05-15 23:10:57.605936+00:00,KMDW,2026-05-15,0,75.0,77.0,1,0.6152710711443251,0.17258883248730963,0.14801634869843494,0.6846092401247134,72.85905513240603,3.6284839874793415,"TRUE_ECMWF_AIFS_ENS:0.26,TRUE_ECMWF_IFS_ENS:0.26,TRUE_GFS_ENS:0.16,TRUE_WEATHERNEXT2:0.32",SKIP,NO,
63344,KXHIGHCHI-26MAY15-B71.5,2026-05-15 23:10:56.998520+00:00,KMDW,2026-05-15,0,71.0,73.0,0,0.01617940816687824,0.12690355329949238,0.0002617732486304463,0.016104511840037104,72.85905513240603,3.6284839874793415,"TRUE_ECMWF_AIFS_ENS:0.26,TRUE_ECMWF_IFS_ENS:0.26,TRUE_GFS_ENS:0.16,TRUE_WEATHERNEXT2:0.32",OPEN,YES,-19.990000000000016
63342,KXHIGHCHI-26MAY15-B73.5,2026-05-15 23:10:55.702634+00:00,KMDW,2026-05-15,0,73.0,75.0,0,0.016179408166878254,0.14720812182741116,0.0002617732486304467,0.02167023113195393,72.85905513240603,3.6284839874793415,"TRUE_ECMWF_AIFS_ENS:0.26,TRUE_ECMWF_IFS_ENS:0.26,TRUE_GFS_ENS:0.16,TRUE_WEATHERNEXT2:0.32",OPEN,YES,-19.990000000000016
63341,KXHIGHCHI-26MAY15-T78,2026-05-15 23:10:55.071046+00:00,KMDW,2026-05-15,0,79.0,,0,0.09329918836044318,0.025380710659898477,0.008704738548717457,0.0006441804736014841,72.85905513240603,3.6284839874793415,"TRUE_ECMWF_AIFS_ENS:0.26,TRUE_ECMWF_IFS_ENS:0.26,TRUE_GFS_ENS:0.16,TRUE_WEATHERNEXT2:0.32",SKIP,YES,
63340,KXHIGHCHI-26MAY15-B77.5,2026-05-15 23:10:54.454527+00:00,KMDW,2026-05-15,0,77.0,79.0,0,0.1628959565253254,0.14720812182741116,0.026535092652300703,0.02167023113195393,72.85905513240603,3.6284839874793415,"TRUE_ECMWF_AIFS_ENS:0.26,TRUE_ECMWF_IFS_ENS:0.26,TRUE_GFS_ENS:0.16,TRUE_WEATHERNEXT2:0.32",OPEN,YES,-19.990000000000016
63306,KXHIGHCHI-26MAY15-B77.5,2026-05-15 23:05:32.257137+00:00,KMDW,2026-05-15,0,77.0,79.0,0,0.1624001895823959,0.14720812182741116,0.026373821576398133,0.02167023113195393,72.85905513240603,3.6284839874793415,"TRUE_ECMWF_AIFS_ENS:0.26,TRUE_ECMWF_IFS_ENS:0.26,TRUE_GFS_ENS:0.16,TRUE_WEATHERNEXT2:0.32",OPEN,YES,-19.990000000000016
63305,KXHIGHCHI-26MAY15-T71,2026-05-15 23:05:31.541881+00:00,KMDW,2026-05-15,0,,71.0,0,0.016179408166878236,0.38071065989847713,0.0002617732486304462,0.14494060656033392,72.85905513240603,3.6284839874793415,"TRUE_ECMWF_AIFS_ENS:0.26,TRUE_ECMWF_IFS_ENS:0.26,TRUE_GFS_ENS:0.16,TRUE_WEATHERNEXT2:0.32",OPEN,YES,-19.990000000000016
63304,KXHIGHCHI-26MAY15-B71.5,2026-05-15 23:05:30.927978+00:00,KMDW,2026-05-15,0,71.0,73.0,0,0.01617940816687828,0.12690355329949238,0.00026177324863044764,0.016104511840037104,72.85905513240603,3.6284839874793415,"TRUE_ECMWF_AIFS_ENS:0.26,TRUE_ECMWF_IFS_ENS:0.26,TRUE_GFS_ENS:0.16,TRUE_WEATHERNEXT2:0.32",OPEN,YES,-19.990000000000016
63303,KXHIGHCHI-26MAY15-B73.5,2026-05-15 23:05:30.323807+00:00,KMDW,2026-05-15,0,73.0,75.0,0,0.016179408166878274,0.14720812182741116,0.0002617732486304474,0.02167023113195393,72.85905513240603,3.6284839874793415,"TRUE_ECMWF_AIFS_ENS:0.26,TRUE_ECMWF_IFS_ENS:0.26,TRUE_GFS_ENS:0.16,TRUE_WEATHERNEXT2:0.32",OPEN,YES,-19.990000000000016
63302,KXHIGHCHI-26MAY15-T78,2026-05-15 23:05:29.692335+00:00,KMDW,2026-05-15,0,79.0,,0,0.09330480419681568,0.025380710659898477,0.008705786486206114,0.0006441804736014841,72.85905513240603,3.6284839874793415,"TRUE_ECMWF_AIFS_ENS:0.26,TRUE_ECMWF_IFS_ENS:0.26,TRUE_GFS_ENS:0.16,TRUE_WEATHERNEXT2:0.32",SKIP,YES,
63301,KXHIGHCHI-26MAY15-B75.5,2026-05-15 23:05:29.069329+00:00,KMDW,2026-05-15,0,75.0,77.0,1,0.6157612222508821,0.17258883248730963,0.147639438326136,0.6846092401247134,72.85905513240603,3.6284839874793415,"TRUE_ECMWF_AIFS_ENS:0.26,TRUE_ECMWF_IFS_ENS:0.26,TRUE_GFS_ENS:0.16,TRUE_WEATHERNEXT2:0.32",SKIP,NO,
63269,KXHIGHCHI-26MAY15-B77.5,2026-05-15 23:00:05.799313+00:00,KMDW,2026-05-15,0,77.0,79.0,0,0.20417634595643422,0.14720812182741116,0.04168798024812151,0.02167023113195393,72.85905513240603,3.6284839874793415,"TRUE_ECMWF_AIFS_ENS:0.26,TRUE_ECMWF_IFS_ENS:0.26,TRUE_GFS_ENS:0.16,TRUE_WEATHERNEXT2:0.32",OPEN,YES,-19.990000000000016
63268,KXHIGHCHI-26MAY15-B75.5,2026-05-15 23:00:05.036408+00:00,KMDW,2026-05-15,0,75.0,77.0,1,0.5906422916074112,0.17258883248730963,0.16757373342043175,0.6846092401247134,72.85905513240603,3.6284839874793415,"TRUE_ECMWF_AIFS_ENS:0.26,TRUE_ECMWF_IFS_ENS:0.26,TRUE_GFS_ENS:0.16,TRUE_WEATHERNEXT2:0.32",SKIP,NO,
63267,KXHIGHCHI-26MAY15-T78,2026-05-15 22:59:59.443550+00:00,KMDW,2026-05-15,0,79.0,,0,0.09318632012904729,0.025380710659898477,0.008683690259193284,0.0006441804736014841,72.85905513240603,3.6284839874793415,"TRUE_ECMWF_AIFS_ENS:0.26,TRUE_ECMWF_IFS_ENS:0.26,TRUE_GFS_ENS:0.16,TRUE_WEATHERNEXT2:0.32",SKIP,YES,
63266,KXHIGHCHI-26MAY15-T71,2026-05-15 22:59:58.800690+00:00,KMDW,2026-05-15,0,,71.0,0,0.016179408166878274,0.38071065989847713,0.0002617732486304474,0.14494060656033392,72.85905513240603,3.6284839874793415,"TRUE_ECMWF_AIFS_ENS:0.26,TRUE_ECMWF_IFS_ENS:0.26,TRUE_GFS_ENS:0.16,TRUE_WEATHERNEXT2:0.32",OPEN,YES,-19.990000000000016
63265,KXHIGHCHI-26MAY15-B71.5,2026-05-15 22:59:58.188006+00:00,KMDW,2026-05-15,0,71.0,73.0,0,0.016179408166878267,0.12690355329949238,0.00026177324863044715,0.016104511840037104,72.85905513240603,3.6284839874793415,"TRUE_ECMWF_AIFS_ENS:0.26,TRUE_ECMWF_IFS_ENS:0.26,TRUE_GFS_ENS:0.16,TRUE_WEATHERNEXT2:0.32",OPEN,YES,-19.990000000000016
63264,KXHIGHCHI-26MAY15-B73.5,2026-05-15 22:59:57.587345+00:00,KMDW,2026-05-15,0,73.0,75.0,0,0.01617940816687824,0.14720812182741116,0.0002617732486304463,0.02167023113195393,72.85905513240603,3.6284839874793415,"TRUE_ECMWF_AIFS_ENS:0.26,TRUE_ECMWF_IFS_ENS:0.26,TRUE_GFS_ENS:0.16,TRUE_WEATHERNEXT2:0.32",OPEN,YES,-19.990000000000016
63230,KXHIGHCHI-26MAY15-B77.5,2026-05-15 22:54:26.234487+00:00,KMDW,2026-05-15,0,77.0,79.0,0,0.20358361722751214,0.14720812182741116,0.04144628920343818,0.02167023113195393,72.85905513240603,3.6284839874793415,"TRUE_ECMWF_AIFS_ENS:0.26,TRUE_ECMWF_IFS_ENS:0.26,TRUE_GFS_ENS:0.16,TRUE_WEATHERNEXT2:0.32",OPEN,YES,-19.990000000000016
63229,KXHIGHCHI-26MAY15-B71.5,2026-05-15 22:54:25.632354+00:00,KMDW,2026-05-15,0,71.0,73.0,0,0.016179408166878264,0.12690355329949238,0.00026177324863044704,0.016104511840037104,72.85905513240603,3.6284839874793415,"TRUE_ECMWF_AIFS_ENS:0.26,TRUE_ECMWF_IFS_ENS:0.26,TRUE_GFS_ENS:0.16,TRUE_WEATHERNEXT2:0.32",OPEN,YES,-19.990000000000016
63228,KXHIGHCHI-26MAY15-B73.5,2026-05-15 22:54:24.976192+00:00,KMDW,2026-05-15,0,73.0,75.0,0,0.016179408166878254,0.14720812182741116,0.0002617732486304467,0.02167023113195393,72.85905513240603,3.6284839874793415,"TRUE_ECMWF_AIFS_ENS:0.26,TRUE_ECMWF_IFS_ENS:0.26,TRUE_GFS_ENS:0.16,TRUE_WEATHERNEXT2:0.32",OPEN,YES,-19.990000000000016
63227,KXHIGHCHI-26MAY15-B75.5,2026-05-15 22:54:24.356210+00:00,KMDW,2026-05-15,0,75.0,77.0,1,0.5912365525139116,0.17258883248730963,0.16708755600071215,0.6846092401247134,72.85905513240603,3.6284839874793415,"TRUE_ECMWF_AIFS_ENS:0.26,TRUE_ECMWF_IFS_ENS:0.26,TRUE_GFS_ENS:0.16,TRUE_WEATHERNEXT2:0.32",SKIP,NO,
63226,KXHIGHCHI-26MAY15-T78,2026-05-15 22:54:23.805223+00:00,KMDW,2026-05-15,0,79.0,,0,0.0931847879514689,0.025380710659898477,0.008683404705560222,0.0006441804736014841,72.85905513240603,3.6284839874793415,"TRUE_ECMWF_AIFS_ENS:0.26,TRUE_ECMWF_IFS_ENS:0.26,TRUE_GFS_ENS:0.16,TRUE_WEATHERNEXT2:0.32",SKIP,YES,
63225,KXHIGHCHI-26MAY15-T71,2026-05-15 22:54:23.196931+00:00,KMDW,2026-05-15,0,,71.0,0,0.016179408166878264,0.38071065989847713,0.00026177324863044704,0.14494060656033392,72.85905513240603,3.6284839874793415,"TRUE_ECMWF_AIFS_ENS:0.26,TRUE_ECMWF_IFS_ENS:0.26,TRUE_GFS_ENS:0.16,TRUE_WEATHERNEXT2:0.32",OPEN,YES,-19.990000000000016
63202,KXHIGHCHI-26MAY15-B73.5,2026-05-15 22:49:06.538974+00:00,KMDW,2026-05-15,0,73.0,75.0,0,0.016179408166878264,0.14720812182741116,0.00026177324863044704,0.02167023113195393,72.85905513240603,3.6284839874793415,"TRUE_ECMWF_AIFS_ENS:0.26,TRUE_ECMWF_IFS_ENS:0.26,TRUE_GFS_ENS:0.16,TRUE_WEATHERNEXT2:0.32",OPEN,YES,-19.990000000000016
63201,KXHIGHCHI-26MAY15-B71.5,2026-05-15 22:49:05.926066+00:00,KMDW,2026-05-15,0,71.0,73.0,0,0.016179408166878267,0.12690355329949238,0.00026177324863044715,0.016104511840037104,72.85905513240603,3.6284839874793415,"TRUE_ECMWF_AIFS_ENS:0.26,TRUE_ECMWF_IFS_ENS:0.26,TRUE_GFS_ENS:0.16,TRUE_WEATHERNEXT2:0.32",OPEN,YES,-19.990000000000016
63200,KXHIGHCHI-26MAY15-T78,2026-05-15 22:49:05.314104+00:00,KMDW,2026-05-15,0,79.0,,0,0.09318350675238722,0.025380710659898477,0.008683165930672195,0.0006441804736014841,72.85905513240603,3.6284839874793415,"TRUE_ECMWF_AIFS_ENS:0.26,TRUE_ECMWF_IFS_ENS:0.26,TRUE_GFS_ENS:0.16,TRUE_WEATHERNEXT2:0.32",SKIP,YES,
63199,KXHIGHCHI-26MAY15-T71,2026-05-15 22:49:04.683732+00:00,KMDW,2026-05-15,0,,71.0,0,0.016179408166878254,0.38071065989847713,0.0002617732486304467,0.14494060656033392,72.85905513240603,3.6284839874793415,"TRUE_ECMWF_AIFS_ENS:0.26,TRUE_ECMWF_IFS_ENS:0.26,TRUE_GFS_ENS:0.16,TRUE_WEATHERNEXT2:0.32",OPEN,YES,-19.990000000000016
63198,KXHIGHCHI-26MAY15-B77.5,2026-05-15 22:49:04.048218+00:00,KMDW,2026-05-15,0,77.0,79.0,0,0.20300198208625053,0.14720812182741116,0.04120980473094638,0.02167023113195393,72.85905513240603,3.6284839874793415,"TRUE_ECMWF_AIFS_ENS:0.26,TRUE_ECMWF_IFS_ENS:0.26,TRUE_GFS_ENS:0.16,TRUE_WEATHERNEXT2:0.32",OPEN,YES,-19.990000000000016
63197,KXHIGHCHI-26MAY15-B75.5,2026-05-15 22:49:03.457850+00:00,KMDW,2026-05-15,0,75.0,77.0,1,0.591819468854255,0.17258883248730963,0.16661134600642255,0.6846092401247134,72.85905513240603,3.6284839874793415,"TRUE_ECMWF_AIFS_ENS:0.26,TRUE_ECMWF_IFS_ENS:0.26,TRUE_GFS_ENS:0.16,TRUE_WEATHERNEXT2:0.32",SKIP,NO,
63165,KXHIGHCHI-26MAY15-B71.5,2026-05-15 22:43:41.228965+00:00,KMDW,2026-05-15,0,71.0,73.0,0,0.01617940816687828,0.12690355329949238,0.00026177324863044764,0.016104511840037104,72.85905513240603,3.6284839874793415,"TRUE_ECMWF_AIFS_ENS:0.26,TRUE_ECMWF_IFS_ENS:0.26,TRUE_GFS_ENS:0.16,TRUE_WEATHERNEXT2:0.32",OPEN,YES,-19.990000000000016
63164,KXHIGHCHI-26MAY15-T71,2026-05-15 22:43:40.596283+00:00,KMDW,2026-05-15,0,,71.0,0,0.016179408166878267,0.38071065989847713,0.00026177324863044715,0.14494060656033392,72.85905513240603,3.6284839874793415,"TRUE_ECMWF_AIFS_ENS:0.26,TRUE_ECMWF_IFS_ENS:0.26,TRUE_GFS_ENS:0.16,TRUE_WEATHERNEXT2:0.32",OPEN,YES,-19.990000000000016
63163,KXHIGHCHI-26MAY15-B73.5,2026-05-15 22:43:39.957702+00:00,KMDW,2026-05-15,0,73.0,75.0,0,0.016179408166878344,0.14720812182741116,0.00026177324863044965,0.02167023113195393,72.85905513240603,3.6284839874793415,"TRUE_ECMWF_AIFS_ENS:0.26,TRUE_ECMWF_IFS_ENS:0.26,TRUE_GFS_ENS:0.16,TRUE_WEATHERNEXT2:0.32",OPEN,YES,-19.990000000000016
63162,KXHIGHCHI-26MAY15-T78,2026-05-15 22:43:39.326011+00:00,KMDW,2026-05-15,0,79.0,,0,0.09318244141669332,0.025380710659898477,0.008682967388375483,0.0006441804736014841,72.85905513240603,3.6284839874793415,"TRUE_ECMWF_AIFS_ENS:0.26,TRUE_ECMWF_IFS_ENS:0.26,TRUE_GFS_ENS:0.16,TRUE_WEATHERNEXT2:0.32",OPEN,YES,-3.700000000000003
63161,KXHIGHCHI-26MAY15-B75.5,2026-05-15 22:43:38.714733+00:00,KMDW,2026-05-15,0,75.0,77.0,1,0.5924038152138776,0.17258883248730963,0.1661346498522028,0.6846092401247134,72.85905513240603,3.6284839874793415,"TRUE_ECMWF_AIFS_ENS:0.26,TRUE_ECMWF_IFS_ENS:0.26,TRUE_GFS_ENS:0.16,TRUE_WEATHERNEXT2:0.32",SKIP,NO,
63160,KXHIGHCHI-26MAY15-B77.5,2026-05-15 22:43:38.153271+00:00,KMDW,2026-05-15,0,77.0,79.0,0,0.2024187010623218,0.14720812182741116,0.040973330539757595,0.02167023113195393,72.85905513240603,3.6284839874793415,"TRUE_ECMWF_AIFS_ENS:0.26,TRUE_ECMWF_IFS_ENS:0.26,TRUE_GFS_ENS:0.16,TRUE_WEATHERNEXT2:0.32",OPEN,YES,-19.950000000000017
63125,KXHIGHCHI-26MAY15-B75.5,2026-05-15 22:38:06.042693+00:00,KMDW,2026-05-15,0,75.0,77.0,1,0.593004429044218,0.17258883248730963,0.16564539477762297,0.6846092401247134,72.85905513240603,3.6284839874793415,"TRUE_ECMWF_AIFS_ENS:0.26,TRUE_ECMWF_IFS_ENS:0.26,TRUE_GFS_ENS:0.16,TRUE_WEATHERNEXT2:0.32",SKIP,NO,
63124,KXHIGHCHI-26MAY15-B77.5,2026-05-15 22:38:05.395614+00:00,KMDW,2026-05-15,0,77.0,79.0,0,0.2018189551570489,0.14720812182741116,0.04073089066068291,0.02167023113195393,72.85905513240603,3.6284839874793415,"TRUE_ECMWF_AIFS_ENS:0.26,TRUE_ECMWF_IFS_ENS:0.26,TRUE_GFS_ENS:0.16,TRUE_WEATHERNEXT2:0.32",OPEN,YES,-19.609999999999985
63123,KXHIGHCHI-26MAY15-T71,2026-05-15 22:38:04.797682+00:00,KMDW,2026-05-15,0,,71.0,0,0.016179408166878226,0.38071065989847713,0.00026177324863044585,0.14494060656033392,72.85905513240603,3.6284839874793415,"TRUE_ECMWF_AIFS_ENS:0.26,TRUE_ECMWF_IFS_ENS:0.26,TRUE_GFS_ENS:0.16,TRUE_WEATHERNEXT2:0.32",OPEN,YES,-19.990000000000016
63122,KXHIGHCHI-26MAY15-B71.5,2026-05-15 22:38:04.195729+00:00,KMDW,2026-05-15,0,71.0,73.0,0,0.016179408166878344,0.12690355329949238,0.00026177324863044965,0.016104511840037104,72.85905513240603,3.6284839874793415,"TRUE_ECMWF_AIFS_ENS:0.26,TRUE_ECMWF_IFS_ENS:0.26,TRUE_GFS_ENS:0.16,TRUE_WEATHERNEXT2:0.32",OPEN,YES,-19.990000000000016
63121,KXHIGHCHI-26MAY15-B73.5,2026-05-15 22:38:03.553129+00:00,KMDW,2026-05-15,0,73.0,75.0,0,0.016179408166878274,0.14720812182741116,0.0002617732486304474,0.02167023113195393,72.85905513240603,3.6284839874793415,"TRUE_ECMWF_AIFS_ENS:0.26,TRUE_ECMWF_IFS_ENS:0.26,TRUE_GFS_ENS:0.16,TRUE_WEATHERNEXT2:0.32",OPEN,YES,-19.990000000000016
63120,KXHIGHCHI-26MAY15-T78,2026-05-15 22:38:02.902658+00:00,KMDW,2026-05-15,0,79.0,,0,0.09318157349162581,0.025380710659898477,0.008682805638375262,0.0006441804736014841,72.85905513240603,3.6284839874793415,"TRUE_ECMWF_AIFS_ENS:0.26,TRUE_ECMWF_IFS_ENS:0.26,TRUE_GFS_ENS:0.16,TRUE_WEATHERNEXT2:0.32",OPEN,YES,-3.700000000000003
63089,KXHIGHCHI-26MAY15-B73.5,2026-05-15 22:32:42.609034+00:00,KMDW,2026-05-15,0,73.0,75.0,0,0.01617940816687828,0.14720812182741116,0.00026177324863044764,0.02167023113195393,72.85905513240603,3.6284839874793415,"TRUE_ECMWF_AIFS_ENS:0.26,TRUE_ECMWF_IFS_ENS:0.26,TRUE_GFS_ENS:0.16,TRUE_WEATHERNEXT2:0.32",OPEN,YES,-19.990000000000016
63088,KXHIGHCHI-26MAY15-B75.5,2026-05-15 22:32:41.968432+00:00,KMDW,2026-05-15,0,75.0,77.0,1,0.593590391826675,0.17258883248730963,0.1651687696155956,0.6846092401247134,72.85905513240603,3.6284839874793415,"TRUE_ECMWF_AIFS_ENS:0.26,TRUE_ECMWF_IFS_ENS:0.26,TRUE_GFS_ENS:0.16,TRUE_WEATHERNEXT2:0.32",SKIP,NO,
63087,KXHIGHCHI-26MAY15-T71,2026-05-15 22:32:41.395963+00:00,KMDW,2026-05-15,0,,71.0,0,0.016179408166878264,0.38071065989847713,0.00026177324863044704,0.14494060656033392,72.85905513240603,3.6284839874793415,"TRUE_ECMWF_AIFS_ENS:0.26,TRUE_ECMWF_IFS_ENS:0.26,TRUE_GFS_ENS:0.16,TRUE_WEATHERNEXT2:0.32",OPEN,YES,-19.990000000000016
63086,KXHIGHCHI-26MAY15-T78,2026-05-15 22:32:40.765335+00:00,KMDW,2026-05-15,0,79.0,,0,0.09318094716441762,0.025380710659898477,0.008682688914457988,0.0006441804736014841,72.85905513240603,3.6284839874793415,"TRUE_ECMWF_AIFS_ENS:0.26,TRUE_ECMWF_IFS_ENS:0.26,TRUE_GFS_ENS:0.16,TRUE_WEATHERNEXT2:0.32",OPEN,YES,-3.700000000000003
63085,KXHIGHCHI-26MAY15-B71.5,2026-05-15 22:32:40.163341+00:00,KMDW,2026-05-15,0,71.0,73.0,0,0.01617940816687818,0.12690355329949238,0.0002617732486304444,0.016104511840037104,72.85905513240603,3.6284839874793415,"TRUE_ECMWF_AIFS_ENS:0.26,TRUE_ECMWF_IFS_ENS:0.26,TRUE_GFS_ENS:0.16,TRUE_WEATHERNEXT2:0.32",OPEN,YES,-19.990000000000016
63084,KXHIGHCHI-26MAY15-B77.5,2026-05-15 22:32:39.497394+00:00,KMDW,2026-05-15,0,77.0,79.0,0,0.20123361870180018,0.14720812182741116,0.040494969295821505,0.02167023113195393,72.85905513240603,3.6284839874793415,"TRUE_ECMWF_AIFS_ENS:0.26,TRUE_ECMWF_IFS_ENS:0.26,TRUE_GFS_ENS:0.16,TRUE_WEATHERNEXT2:0.32",OPEN,YES,-8.54
63055,KXHIGHCHI-26MAY15-B73.5,2026-05-15 22:27:20.205348+00:00,KMDW,2026-05-15,0,73.0,75.0,0,0.01617940816687821,0.14720812182741116,0.00026177324863044525,0.02167023113195393,72.85905513240603,3.6284839874793415,"TRUE_ECMWF_AIFS_ENS:0.26,TRUE_ECMWF_IFS_ENS:0.26,TRUE_GFS_ENS:0.16,TRUE_WEATHERNEXT2:0.32",OPEN,YES,-19.990000000000016
63050,KXHIGHCHI-26MAY15-T71,2026-05-15 22:27:17.086133+00:00,KMDW,2026-05-15,0,,71.0,0,0.016179408166878267,0.38071065989847713,0.00026177324863044715,0.14494060656033392,72.85905513240603,3.6284839874793415,"TRUE_ECMWF_AIFS_ENS:0.26,TRUE_ECMWF_IFS_ENS:0.26,TRUE_GFS_ENS:0.16,TRUE_WEATHERNEXT2:0.32",OPEN,YES,-19.990000000000016
63049,KXHIGHCHI-26MAY15-B75.5,2026-05-15 22:27:16.428979+00:00,KMDW,2026-05-15,0,75.0,77.0,1,0.5941789265508286,0.17258883248730963,0.16469074365543776,0.6846092401247134,72.85905513240603,3.6284839874793415,"TRUE_ECMWF_AIFS_ENS:0.26,TRUE_ECMWF_IFS_ENS:0.26,TRUE_GFS_ENS:0.16,TRUE_WEATHERNEXT2:0.32",SKIP,NO,
63048,KXHIGHCHI-26MAY15-B77.5,2026-05-15 22:27:15.877343+00:00,KMDW,2026-05-15,0,77.0,79.0,0,0.20064549530281203,0.14720812182741116,0.040258614785310766,0.02167023113195393,72.85905513240603,3.6284839874793415,"TRUE_ECMWF_AIFS_ENS:0.26,TRUE_ECMWF_IFS_ENS:0.26,TRUE_GFS_ENS:0.16,TRUE_WEATHERNEXT2:0.32",OPEN,YES,-5.609999999999999
63047,KXHIGHCHI-26MAY15-B71.5,2026-05-15 22:27:15.280808+00:00,KMDW,2026-05-15,0,71.0,73.0,0,0.01617940816687836,0.12690355329949238,0.0002617732486304502,0.016104511840037104,72.85905513240603,3.6284839874793415,"TRUE_ECMWF_AIFS_ENS:0.26,TRUE_ECMWF_IFS_ENS:0.26,TRUE_GFS_ENS:0.16,TRUE_WEATHERNEXT2:0.32",OPEN,YES,-19.990000000000016
63046,KXHIGHCHI-26MAY15-T78,2026-05-15 22:27:14.632036+00:00,KMDW,2026-05-15,0,79.0,,0,0.09318053583925201,0.025380710659898477,0.008682612259290129,0.0006441804736014841,72.85905513240603,3.6284839874793415,"TRUE_ECMWF_AIFS_ENS:0.26,TRUE_ECMWF_IFS_ENS:0.26,TRUE_GFS_ENS:0.16,TRUE_WEATHERNEXT2:0.32",OPEN,YES,-3.700000000000003
63022,KXHIGHCHI-26MAY15-B75.5,2026-05-15 22:21:54.871332+00:00,KMDW,2026-05-15,0,75.0,77.0,1,0.594775954387937,0.17258883248730963,0.16420652714220735,0.6846092401247134,72.85905513240603,3.6284839874793415,"TRUE_ECMWF_AIFS_ENS:0.26,TRUE_ECMWF_IFS_ENS:0.26,TRUE_GFS_ENS:0.16,TRUE_WEATHERNEXT2:0.32",SKIP,NO,
63021,KXHIGHCHI-26MAY15-B71.5,2026-05-15 22:21:54.262771+00:00,KMDW,2026-05-15,0,71.0,73.0,0,0.016179408166878267,0.12690355329949238,0.00026177324863044715,0.016104511840037104,72.85905513240603,3.6284839874793415,"TRUE_ECMWF_AIFS_ENS:0.26,TRUE_ECMWF_IFS_ENS:0.26,TRUE_GFS_ENS:0.16,TRUE_WEATHERNEXT2:0.32",OPEN,YES,-19.990000000000016
63020,KXHIGHCHI-26MAY15-B77.5,2026-05-15 22:21:53.614760+00:00,KMDW,2026-05-15,0,77.0,79.0,0,0.20004866315952383,0.14720812182741116,0.04001946763191262,0.02167023113195393,72.85905513240603,3.6284839874793415,"TRUE_ECMWF_AIFS_ENS:0.26,TRUE_ECMWF_IFS_ENS:0.26,TRUE_GFS_ENS:0.16,TRUE_WEATHERNEXT2:0.32",OPEN,YES,-11.379999999999997
63019,KXHIGHCHI-26MAY15-T71,2026-05-15 22:21:53.001625+00:00,KMDW,2026-05-15,0,,71.0,0,0.01617940816687815,0.38071065989847713,0.00026177324863044336,0.14494060656033392,72.85905513240603,3.6284839874793415,"TRUE_ECMWF_AIFS_ENS:0.26,TRUE_ECMWF_IFS_ENS:0.26,TRUE_GFS_ENS:0.16,TRUE_WEATHERNEXT2:0.32",OPEN,YES,-19.990000000000016
63018,KXHIGHCHI-26MAY15-T78,2026-05-15 22:21:52.330433+00:00,KMDW,2026-05-15,0,79.0,,0,0.0931803401454319,0.025380710659898477,0.008682575789618388,0.0006441804736014841,72.85905513240603,3.6284839874793415,"TRUE_ECMWF_AIFS_ENS:0.26,TRUE_ECMWF_IFS_ENS:0.26,TRUE_GFS_ENS:0.16,TRUE_WEATHERNEXT2:0.32",OPEN,YES,-3.700000000000003
62991,KXHIGHCHI-26MAY15-B73.5,2026-05-15 22:21:35.147137+00:00,KMDW,2026-05-15,0,73.0,75.0,0,0.016179408166878254,0.14720812182741116,0.0002617732486304467,0.02167023113195393,72.85905513240603,3.6284839874793415,"TRUE_ECMWF_AIFS_ENS:0.26,TRUE_ECMWF_IFS_ENS:0.26,TRUE_GFS_ENS:0.16,TRUE_WEATHERNEXT2:0.32",OPEN,YES,-19.990000000000016
62986,KXHIGHCHI-26MAY15-B73.5,2026-05-15 22:16:18.811164+00:00,KMDW,2026-05-15,0,73.0,75.0,0,0.01617940816687829,0.14720812182741116,0.00026177324863044797,0.02167023113195393,72.85905513240603,3.6284839874793415,"TRUE_ECMWF_AIFS_ENS:0.26,TRUE_ECMWF_IFS_ENS:0.26,TRUE_GFS_ENS:0.16,TRUE_WEATHERNEXT2:0.32",OPEN,YES,-19.990000000000016
62985,KXHIGHCHI-26MAY15-B71.5,2026-05-15 22:16:18.212767+00:00,KMDW,2026-05-15,0,71.0,73.0,0,0.016179408166878285,0.12690355329949238,0.00026177324863044775,0.016104511840037104,72.85905513240603,3.6284839874793415,"TRUE_ECMWF_AIFS_ENS:0.26,TRUE_ECMWF_IFS_ENS:0.26,TRUE_GFS_ENS:0.16,TRUE_WEATHERNEXT2:0.32",OPEN,YES,-19.990000000000016
62984,KXHIGHCHI-26MAY15-B75.5,2026-05-15 22:16:17.608981+00:00,KMDW,2026-05-15,0,75.0,77.0,1,0.5953895345599294,0.17258883248730963,0.16370962874363057,0.6846092401247134,72.85905513240603,3.6284839874793415,"TRUE_ECMWF_AIFS_ENS:0.26,TRUE_ECMWF_IFS_ENS:0.26,TRUE_GFS_ENS:0.16,TRUE_WEATHERNEXT2:0.32",SKIP,NO,
62983,KXHIGHCHI-26MAY15-B77.5,2026-05-15 22:16:17.055425+00:00,KMDW,2026-05-15,0,77.0,79.0,0,0.19943505307390094,0.14720812182741116,0.039774340394589686,0.02167023113195393,72.85905513240603,3.6284839874793415,"TRUE_ECMWF_AIFS_ENS:0.26,TRUE_ECMWF_IFS_ENS:0.26,TRUE_GFS_ENS:0.16,TRUE_WEATHERNEXT2:0.32",OPEN,YES,-8.54
62982,KXHIGHCHI-26MAY15-T71,2026-05-15 22:16:16.460768+00:00,KMDW,2026-05-15,0,,71.0,0,0.01617940816687828,0.38071065989847713,0.00026177324863044764,0.14494060656033392,72.85905513240603,3.6284839874793415,"TRUE_ECMWF_AIFS_ENS:0.26,TRUE_ECMWF_IFS_ENS:0.26,TRUE_GFS_ENS:0.16,TRUE_WEATHERNEXT2:0.32",OPEN,YES,-19.990000000000016
62981,KXHIGHCHI-26MAY15-T78,2026-05-15 22:16:15.861941+00:00,KMDW,2026-05-15,0,79.0,,0,0.09318037005906238,0.025380710659898477,0.008682581364343809,0.0006441804736014841,72.85905513240603,3.6284839874793415,"TRUE_ECMWF_AIFS_ENS:0.26,TRUE_ECMWF_IFS_ENS:0.26,TRUE_GFS_ENS:0.16,TRUE_WEATHERNEXT2:0.32",SKIP,YES,
62950,KXHIGHCHI-26MAY15-B73.5,2026-05-15 22:10:46.202099+00:00,KMDW,2026-05-15,0,73.0,75.0,0,0.016179408166878267,0.14720812182741116,0.00026177324863044715,0.02167023113195393,72.85905513240603,3.6284839874793415,"TRUE_ECMWF_AIFS_ENS:0.26,TRUE_ECMWF_IFS_ENS:0.26,TRUE_GFS_ENS:0.16,TRUE_WEATHERNEXT2:0.32",OPEN,YES,-19.990000000000016
62949,KXHIGHCHI-26MAY15-B75.5,2026-05-15 22:10:45.588762+00:00,KMDW,2026-05-15,0,75.0,77.0,1,0.5959995530566277,0.17258883248730963,0.1632163611304446,0.6846092401247134,72.85905513240603,3.6284839874793415,"TRUE_ECMWF_AIFS_ENS:0.26,TRUE_ECMWF_IFS_ENS:0.26,TRUE_GFS_ENS:0.16,TRUE_WEATHERNEXT2:0.32",SKIP,NO,
62948,KXHIGHCHI-26MAY15-B77.5,2026-05-15 22:10:45.017829+00:00,KMDW,2026-05-15,0,77.0,79.0,0,0.1988247741804184,0.14720812182741116,0.039531290827894375,0.02167023113195393,72.85905513240603,3.6284839874793415,"TRUE_ECMWF_AIFS_ENS:0.26,TRUE_ECMWF_IFS_ENS:0.26,TRUE_GFS_ENS:0.16,TRUE_WEATHERNEXT2:0.32",OPEN,YES,-14.169999999999995
62947,KXHIGHCHI-26MAY15-T78,2026-05-15 22:10:44.424622+00:00,KMDW,2026-05-15,0,79.0,,0,0.09318063045584657,0.025380710659898477,0.008682629892149041,0.0006441804736014841,72.85905513240603,3.6284839874793415,"TRUE_ECMWF_AIFS_ENS:0.26,TRUE_ECMWF_IFS_ENS:0.26,TRUE_GFS_ENS:0.16,TRUE_WEATHERNEXT2:0.32",SKIP,YES,
62946,KXHIGHCHI-26MAY15-T71,2026-05-15 22:10:43.799668+00:00,KMDW,2026-05-15,0,,71.0,0,0.01617940816687829,0.38071065989847713,0.00026177324863044797,0.14494060656033392,72.85905513240603,3.6284839874793415,"TRUE_ECMWF_AIFS_ENS:0.26,TRUE_ECMWF_IFS_ENS:0.26,TRUE_GFS_ENS:0.16,TRUE_WEATHERNEXT2:0.32",OPEN,YES,-19.990000000000016
62945,KXHIGHCHI-26MAY15-B71.5,2026-05-15 22:10:43.186552+00:00,KMDW,2026-05-15,0,71.0,73.0,0,0.016179408166878205,0.12690355329949238,0.00026177324863044515,0.016104511840037104,72.85905513240603,3.6284839874793415,"TRUE_ECMWF_AIFS_ENS:0.26,TRUE_ECMWF_IFS_ENS:0.26,TRUE_GFS_ENS:0.16,TRUE_WEATHERNEXT2:0.32",OPEN,YES,-19.990000000000016
62914,KXHIGHCHI-26MAY15-T78,2026-05-15 22:05:22.632923+00:00,KMDW,2026-05-15,0,79.0,,0,0.09318111231243843,0.025380710659898477,0.008682719691783265,0.0006441804736014841,72.85905513240603,3.6284839874793415,"TRUE_ECMWF_AIFS_ENS:0.26,TRUE_ECMWF_IFS_ENS:0.26,TRUE_GFS_ENS:0.16,TRUE_WEATHERNEXT2:0.32",OPEN,YES,-3.700000000000003
62913,KXHIGHCHI-26MAY15-B77.5,2026-05-15 22:05:22.017540+00:00,KMDW,2026-05-15,0,77.0,79.0,0,0.19822140782483363,0.14720812182741116,0.039291726520059016,0.02167023113195393,72.85905513240603,3.6284839874793415,"TRUE_ECMWF_AIFS_ENS:0.26,TRUE_ECMWF_IFS_ENS:0.26,TRUE_GFS_ENS:0.16,TRUE_WEATHERNEXT2:0.32",OPEN,YES,-8.54
62912,KXHIGHCHI-26MAY15-B75.5,2026-05-15 22:05:21.377287+00:00,KMDW,2026-05-15,0,75.0,77.0,1,0.5966024375556206,0.17258883248730963,0.162729593386067,0.6846092401247134,72.85905513240603,3.6284839874793415,"TRUE_ECMWF_AIFS_ENS:0.26,TRUE_ECMWF_IFS_ENS:0.26,TRUE_GFS_ENS:0.16,TRUE_WEATHERNEXT2:0.32",SKIP,NO,
62911,KXHIGHCHI-26MAY15-B71.5,2026-05-15 22:05:20.757985+00:00,KMDW,2026-05-15,0,71.0,73.0,0,0.016179408166878257,0.12690355329949238,0.0002617732486304468,0.016104511840037104,72.85905513240603,3.6284839874793415,"TRUE_ECMWF_AIFS_ENS:0.26,TRUE_ECMWF_IFS_ENS:0.26,TRUE_GFS_ENS:0.16,TRUE_WEATHERNEXT2:0.32",OPEN,YES,-19.990000000000016
62910,KXHIGHCHI-26MAY15-T71,2026-05-15 22:05:20.108026+00:00,KMDW,2026-05-15,0,,71.0,0,0.016179408166878295,0.38071065989847713,0.0002617732486304481,0.14494060656033392,72.85905513240603,3.6284839874793415,"TRUE_ECMWF_AIFS_ENS:0.26,TRUE_ECMWF_IFS_ENS:0.26,TRUE_GFS_ENS:0.16,TRUE_WEATHERNEXT2:0.32",OPEN,YES,-19.990000000000016
62909,KXHIGHCHI-26MAY15-B73.5,2026-05-15 22:05:19.492249+00:00,KMDW,2026-05-15,0,73.0,75.0,0,0.016179408166878285,0.14720812182741116,0.00026177324863044775,0.02167023113195393,72.85905513240603,3.6284839874793415,"TRUE_ECMWF_AIFS_ENS:0.26,TRUE_ECMWF_IFS_ENS:0.26,TRUE_GFS_ENS:0.16,TRUE_WEATHERNEXT2:0.32",OPEN,YES,-19.990000000000016
62878,KXHIGHCHI-26MAY15-B73.5,2026-05-15 21:59:55.477712+00:00,KMDW,2026-05-15,0,73.0,75.0,0,0.016179408166878285,0.14720812182741116,0.00026177324863044775,0.02167023113195393,72.85905513240603,3.6284839874793415,"TRUE_ECMWF_AIFS_ENS:0.26,TRUE_ECMWF_IFS_ENS:0.26,TRUE_GFS_ENS:0.16,TRUE_WEATHERNEXT2:0.32",OPEN,YES,-19.990000000000016
62877,KXHIGHCHI-26MAY15-T78,2026-05-15 21:59:54.808607+00:00,KMDW,2026-05-15,0,79.0,,0,0.09722091489545011,0.025380710659898477,0.009451906293108353,0.0006441804736014841,72.85905513240603,3.6284839874793415,"TRUE_ECMWF_AIFS_ENS:0.26,TRUE_ECMWF_IFS_ENS:0.26,TRUE_GFS_ENS:0.16,TRUE_WEATHERNEXT2:0.32",OPEN,YES,-3.700000000000003
62876,KXHIGHCHI-26MAY15-B71.5,2026-05-15 21:59:54.196904+00:00,KMDW,2026-05-15,0,71.0,73.0,0,0.016179408166878264,0.12690355329949238,0.00026177324863044704,0.016104511840037104,72.85905513240603,3.6284839874793415,"TRUE_ECMWF_AIFS_ENS:0.26,TRUE_ECMWF_IFS_ENS:0.26,TRUE_GFS_ENS:0.16,TRUE_WEATHERNEXT2:0.32",OPEN,YES,-19.990000000000016
62875,KXHIGHCHI-26MAY15-T71,2026-05-15 21:59:53.597039+00:00,KMDW,2026-05-15,0,,71.0,0,0.016179408166878247,0.38071065989847713,0.0002617732486304465,0.14494060656033392,72.85905513240603,3.6284839874793415,"TRUE_ECMWF_AIFS_ENS:0.26,TRUE_ECMWF_IFS_ENS:0.26,TRUE_GFS_ENS:0.16,TRUE_WEATHERNEXT2:0.32",OPEN,YES,-19.990000000000016
62874,KXHIGHCHI-26MAY15-B77.5,2026-05-15 21:59:52.999599+00:00,KMDW,2026-05-15,0,77.0,79.0,0,0.0895890258014256,0.14720812182741116,0.008026193544048502,0.02167023113195393,72.85905513240603,3.6284839874793415,"TRUE_ECMWF_AIFS_ENS:0.26,TRUE_ECMWF_IFS_ENS:0.26,TRUE_GFS_ENS:0.16,TRUE_WEATHERNEXT2:0.32",OPEN,YES,-14.169999999999995
62873,KXHIGHCHI-26MAY15-B75.5,2026-05-15 21:59:52.372920+00:00,KMDW,2026-05-15,0,75.0,77.0,1,0.684656275333218,0.17258883248730963,0.09944166468671918,0.6846092401247134,72.85905513240603,3.6284839874793415,"TRUE_ECMWF_AIFS_ENS:0.26,TRUE_ECMWF_IFS_ENS:0.26,TRUE_GFS_ENS:0.16,TRUE_WEATHERNEXT2:0.32",SKIP,NO,
62818,KXHIGHCHI-26MAY15-B73.5,2026-05-15 21:54:16.849956+00:00,KMDW,2026-05-15,0,73.0,75.0,0,0.43782867138304565,0.14720812182741116,0.19169394548504298,0.02167023113195393,72.85905513240603,3.6284839874793415,"TRUE_ECMWF_AIFS_ENS:0.26,TRUE_ECMWF_IFS_ENS:0.26,TRUE_GFS_ENS:0.16,TRUE_WEATHERNEXT2:0.32",OPEN,YES,-19.990000000000016
62817,KXHIGHCHI-26MAY15-T78,2026-05-15 21:54:16.278298+00:00,KMDW,2026-05-15,0,79.0,,0,0.05192833708751326,0.025380710659898477,0.002696552192674405,0.0006441804736014841,72.85905513240603,3.6284839874793415,"TRUE_ECMWF_AIFS_ENS:0.26,TRUE_ECMWF_IFS_ENS:0.26,TRUE_GFS_ENS:0.16,TRUE_WEATHERNEXT2:0.32",OPEN,YES,-3.700000000000003
62816,KXHIGHCHI-26MAY15-B77.5,2026-05-15 21:54:15.620867+00:00,KMDW,2026-05-15,0,77.0,79.0,0,0.06224659299380921,0.14720812182741116,0.003874638339336938,0.02167023113195393,72.85905513240603,3.6284839874793415,"TRUE_ECMWF_AIFS_ENS:0.26,TRUE_ECMWF_IFS_ENS:0.26,TRUE_GFS_ENS:0.16,TRUE_WEATHERNEXT2:0.32",OPEN,YES,-16.949999999999992
62815,KXHIGHCHI-26MAY15-B75.5,2026-05-15 21:54:14.999680+00:00,KMDW,2026-05-15,0,75.0,77.0,1,0.4509129210598883,0.17258883248730963,0.30149662025898444,0.6846092401247134,72.85905513240603,3.6284839874793415,"TRUE_ECMWF_AIFS_ENS:0.26,TRUE_ECMWF_IFS_ENS:0.26,TRUE_GFS_ENS:0.16,TRUE_WEATHERNEXT2:0.32",SKIP,NO,
62814,KXHIGHCHI-26MAY15-T71,2026-05-15 21:54:14.440340+00:00,KMDW,2026-05-15,0,,71.0,0,0.01617940816687816,0.38071065989847713,0.0002617732486304437,0.14494060656033392,72.85905513240603,3.6284839874793415,"TRUE_ECMWF_AIFS_ENS:0.26,TRUE_ECMWF_IFS_ENS:0.26,TRUE_GFS_ENS:0.16,TRUE_WEATHERNEXT2:0.32",OPEN,YES,-19.990000000000016
62813,KXHIGHCHI-26MAY15-B71.5,2026-05-15 21:54:13.834580+00:00,KMDW,2026-05-15,0,71.0,73.0,0,0.016179408166878274,0.12690355329949238,0.0002617732486304474,0.016104511840037104,72.85905513240603,3.6284839874793415,"TRUE_ECMWF_AIFS_ENS:0.26,TRUE_ECMWF_IFS_ENS:0.26,TRUE_GFS_ENS:0.16,TRUE_WEATHERNEXT2:0.32",OPEN,YES,-19.990000000000016
62794,KXHIGHCHI-26MAY15-T78,2026-05-15 21:48:58.756895+00:00,KMDW,2026-05-15,0,79.0,,0,0.051900139524868556,0.025380710659898477,0.0026936244827008233,0.0006441804736014841,72.85905513240603,3.6284839874793415,"TRUE_ECMWF_AIFS_ENS:0.26,TRUE_ECMWF_IFS_ENS:0.26,TRUE_GFS_ENS:0.16,TRUE_WEATHERNEXT2:0.32",OPEN,YES,-3.700000000000003
62793,KXHIGHCHI-26MAY15-B77.5,2026-05-15 21:48:58.134005+00:00,KMDW,2026-05-15,0,77.0,79.0,0,0.062212035726704216,0.14720812182741116,0.003870337389260722,0.02167023113195393,72.85905513240603,3.6284839874793415,"TRUE_ECMWF_AIFS_ENS:0.26,TRUE_ECMWF_IFS_ENS:0.26,TRUE_GFS_ENS:0.16,TRUE_WEATHERNEXT2:0.32",OPEN,YES,-19.960000000000015
62792,KXHIGHCHI-26MAY15-B75.5,2026-05-15 21:48:57.507745+00:00,KMDW,2026-05-15,0,75.0,77.0,1,0.4503623270511309,0.17258883248730963,0.302101571524648,0.6846092401247134,72.85905513240603,3.6284839874793415,"TRUE_ECMWF_AIFS_ENS:0.26,TRUE_ECMWF_IFS_ENS:0.26,TRUE_GFS_ENS:0.16,TRUE_WEATHERNEXT2:0.32",SKIP,NO,
62791,KXHIGHCHI-26MAY15-T71,2026-05-15 21:48:56.886676+00:00,KMDW,2026-05-15,0,,71.0,0,0.01617940816687819,0.38071065989847713,0.0002617732486304447,0.14494060656033392,72.85905513240603,3.6284839874793415,"TRUE_ECMWF_AIFS_ENS:0.26,TRUE_ECMWF_IFS_ENS:0.26,TRUE_GFS_ENS:0.16,TRUE_WEATHERNEXT2:0.32",OPEN,YES,-19.990000000000016
62790,KXHIGHCHI-26MAY15-B71.5,2026-05-15 21:48:56.255739+00:00,KMDW,2026-05-15,0,71.0,73.0,0,0.01617940816687816,0.12690355329949238,0.0002617732486304437,0.016104511840037104,72.85905513240603,3.6284839874793415,"TRUE_ECMWF_AIFS_ENS:0.26,TRUE_ECMWF_IFS_ENS:0.26,TRUE_GFS_ENS:0.16,TRUE_WEATHERNEXT2:0.32",OPEN,YES,-19.990000000000016
62789,KXHIGHCHI-26MAY15-B73.5,2026-05-15 21:48:55.597775+00:00,KMDW,2026-05-15,0,73.0,75.0,0,0.43844202022155265,0.14720812182741116,0.19223140509595638,0.02167023113195393,72.85905513240603,3.6284839874793415,"TRUE_ECMWF_AIFS_ENS:0.26,TRUE_ECMWF_IFS_ENS:0.26,TRUE_GFS_ENS:0.16,TRUE_WEATHERNEXT2:0.32",OPEN,YES,-19.990000000000016
62760,KXHIGHCHI-26MAY15-B71.5,2026-05-15 21:43:15.756129+00:00,KMDW,2026-05-15,0,71.0,73.0,0,0.016179408166878247,0.12690355329949238,0.0002617732486304465,0.016104511840037104,72.85905513240603,3.6284839874793415,"TRUE_ECMWF_AIFS_ENS:0.26,TRUE_ECMWF_IFS_ENS:0.26,TRUE_GFS_ENS:0.16,TRUE_WEATHERNEXT2:0.32",OPEN,YES,-19.990000000000016
62759,KXHIGHCHI-26MAY15-B73.5,2026-05-15 21:43:15.137431+00:00,KMDW,2026-05-15,0,73.0,75.0,0,0.4390912582640754,0.14720812182741116,0.19280113308392896,0.02167023113195393,72.85905513240603,3.6284839874793415,"TRUE_ECMWF_AIFS_ENS:0.26,TRUE_ECMWF_IFS_ENS:0.26,TRUE_GFS_ENS:0.16,TRUE_WEATHERNEXT2:0.32",OPEN,YES,-19.990000000000016
62758,KXHIGHCHI-26MAY15-T78,2026-05-15 21:43:14.567134+00:00,KMDW,2026-05-15,0,79.0,,0,0.05187049100065894,0.025380710659898477,0.0026905478366494404,0.0006441804736014841,72.85905513240603,3.6284839874793415,"TRUE_ECMWF_AIFS_ENS:0.26,TRUE_ECMWF_IFS_ENS:0.26,TRUE_GFS_ENS:0.16,TRUE_WEATHERNEXT2:0.32",OPEN,YES,-3.700000000000003
62757,KXHIGHCHI-26MAY15-B75.5,2026-05-15 21:43:13.964984+00:00,KMDW,2026-05-15,0,75.0,77.0,1,0.4497790730127063,0.17258883248730963,0.30274306849475685,0.6846092401247134,72.85905513240603,3.6284839874793415,"TRUE_ECMWF_AIFS_ENS:0.26,TRUE_ECMWF_IFS_ENS:0.26,TRUE_GFS_ENS:0.16,TRUE_WEATHERNEXT2:0.32",SKIP,NO,
62756,KXHIGHCHI-26MAY15-B77.5,2026-05-15 21:43:13.371254+00:00,KMDW,2026-05-15,0,77.0,79.0,0,0.0621757002468158,0.14720812182741116,0.00386581770118189,0.02167023113195393,72.85905513240603,3.6284839874793415,"TRUE_ECMWF_AIFS_ENS:0.26,TRUE_ECMWF_IFS_ENS:0.26,TRUE_GFS_ENS:0.16,TRUE_WEATHERNEXT2:0.32",OPEN,YES,-19.609999999999985
62755,KXHIGHCHI-26MAY15-T71,2026-05-15 21:43:12.754859+00:00,KMDW,2026-05-15,0,,71.0,0,0.016179408166878316,0.38071065989847713,0.0002617732486304487,0.14494060656033392,72.85905513240603,3.6284839874793415,"TRUE_ECMWF_AIFS_ENS:0.26,TRUE_ECMWF_IFS_ENS:0.26,TRUE_GFS_ENS:0.16,TRUE_WEATHERNEXT2:0.32",OPEN,YES,-19.990000000000016
62724,KXHIGHCHI-26MAY15-T78,2026-05-15 21:37:51.802894+00:00,KMDW,2026-05-15,0,79.0,,0,0.05184269756403907,0.025380710659898477,0.002687665290716423,0.0006441804736014841,72.85905513240603,3.6284839874793415,"TRUE_ECMWF_AIFS_ENS:0.26,TRUE_ECMWF_IFS_ENS:0.26,TRUE_GFS_ENS:0.16,TRUE_WEATHERNEXT2:0.32",OPEN,YES,-3.700000000000003
62723,KXHIGHCHI-26MAY15-B75.5,2026-05-15 21:37:51.192720+00:00,KMDW,2026-05-15,0,75.0,77.0,1,0.44922822859263206,0.17258883248730963,0.3033495441792099,0.6846092401247134,72.85905513240603,3.6284839874793415,"TRUE_ECMWF_AIFS_ENS:0.26,TRUE_ECMWF_IFS_ENS:0.26,TRUE_GFS_ENS:0.16,TRUE_WEATHERNEXT2:0.32",SKIP,NO,
62722,KXHIGHCHI-26MAY15-B73.5,2026-05-15 21:37:50.623520+00:00,KMDW,2026-05-15,0,73.0,75.0,0,0.43970395811489,0.14720812182741116,0.19333957078190092,0.02167023113195393,72.85905513240603,3.6284839874793415,"TRUE_ECMWF_AIFS_ENS:0.26,TRUE_ECMWF_IFS_ENS:0.26,TRUE_GFS_ENS:0.16,TRUE_WEATHERNEXT2:0.32",OPEN,YES,-19.990000000000016
62721,KXHIGHCHI-26MAY15-B77.5,2026-05-15 21:37:50.038072+00:00,KMDW,2026-05-15,0,77.0,79.0,0,0.062141638252695135,0.14720812182741116,0.0038615832047288233,0.02167023113195393,72.85905513240603,3.6284839874793415,"TRUE_ECMWF_AIFS_ENS:0.26,TRUE_ECMWF_IFS_ENS:0.26,TRUE_GFS_ENS:0.16,TRUE_WEATHERNEXT2:0.32",OPEN,YES,-11.379999999999997
62720,KXHIGHCHI-26MAY15-B71.5,2026-05-15 21:37:49.442476+00:00,KMDW,2026-05-15,0,71.0,73.0,0,0.016179408166878254,0.12690355329949238,0.0002617732486304467,0.016104511840037104,72.85905513240603,3.6284839874793415,"TRUE_ECMWF_AIFS_ENS:0.26,TRUE_ECMWF_IFS_ENS:0.26,TRUE_GFS_ENS:0.16,TRUE_WEATHERNEXT2:0.32",OPEN,YES,-19.990000000000016
62719,KXHIGHCHI-26MAY15-T71,2026-05-15 21:37:48.840650+00:00,KMDW,2026-05-15,0,,71.0,0,0.01617940816687828,0.38071065989847713,0.00026177324863044764,0.14494060656033392,72.85905513240603,3.6284839874793415,"TRUE_ECMWF_AIFS_ENS:0.26,TRUE_ECMWF_IFS_ENS:0.26,TRUE_GFS_ENS:0.16,TRUE_WEATHERNEXT2:0.32",OPEN,YES,-19.990000000000016
62688,KXHIGHCHI-26MAY15-T78,2026-05-15 21:32:27.789746+00:00,KMDW,2026-05-15,0,79.0,,0,0.05181495303329524,0.025380710659898477,0.0026847893578425914,0.0006441804736014841,72.85905513240603,3.6284839874793415,"TRUE_ECMWF_AIFS_ENS:0.26,TRUE_ECMWF_IFS_ENS:0.26,TRUE_GFS_ENS:0.16,TRUE_WEATHERNEXT2:0.32",SKIP,NO,
62687,KXHIGHCHI-26MAY15-B75.5,2026-05-15 21:32:27.192522+00:00,KMDW,2026-05-15,0,75.0,77.0,1,0.448674357428809,0.17258883248730963,0.30395996415653664,0.6846092401247134,72.85905513240603,3.6284839874793415,"TRUE_ECMWF_AIFS_ENS:0.26,TRUE_ECMWF_IFS_ENS:0.26,TRUE_GFS_ENS:0.16,TRUE_WEATHERNEXT2:0.32",SKIP,NO,
62686,KXHIGHCHI-26MAY15-B77.5,2026-05-15 21:32:26.624240+00:00,KMDW,2026-05-15,0,77.0,79.0,0,0.06210763619472665,0.14720812182741116,0.00385735847369652,0.02167023113195393,72.85905513240603,3.6284839874793415,"TRUE_ECMWF_AIFS_ENS:0.26,TRUE_ECMWF_IFS_ENS:0.26,TRUE_GFS_ENS:0.16,TRUE_WEATHERNEXT2:0.32",OPEN,YES,-19.609999999999985
62685,KXHIGHCHI-26MAY15-B73.5,2026-05-15 21:32:26.022285+00:00,KMDW,2026-05-15,0,73.0,75.0,0,0.44031957586742554,0.14720812182741116,0.19388132889206952,0.02167023113195393,72.85905513240603,3.6284839874793415,"TRUE_ECMWF_AIFS_ENS:0.26,TRUE_ECMWF_IFS_ENS:0.26,TRUE_GFS_ENS:0.16,TRUE_WEATHERNEXT2:0.32",OPEN,YES,-19.990000000000016
62684,KXHIGHCHI-26MAY15-T71,2026-05-15 21:32:25.403118+00:00,KMDW,2026-05-15,0,,71.0,0,0.01617940816687828,0.38071065989847713,0.00026177324863044764,0.14494060656033392,72.85905513240603,3.6284839874793415,"TRUE_ECMWF_AIFS_ENS:0.26,TRUE_ECMWF_IFS_ENS:0.26,TRUE_GFS_ENS:0.16,TRUE_WEATHERNEXT2:0.32",OPEN,YES,-19.990000000000016
62683,KXHIGHCHI-26MAY15-B71.5,2026-05-15 21:32:24.770951+00:00,KMDW,2026-05-15,0,71.0,73.0,0,0.01617940816687822,0.12690355329949238,0.0002617732486304456,0.016104511840037104,72.85905513240603,3.6284839874793415,"TRUE_ECMWF_AIFS_ENS:0.26,TRUE_ECMWF_IFS_ENS:0.26,TRUE_GFS_ENS:0.16,TRUE_WEATHERNEXT2:0.32",OPEN,YES,-19.990000000000016
62651,KXHIGHCHI-26MAY15-B77.5,2026-05-15 21:27:03.608008+00:00,KMDW,2026-05-15,0,77.0,79.0,0,0.06207386147061179,0.14720812182741116,0.0038531642778727023,0.02167023113195393,72.85905513240603,3.6284839874793415,"TRUE_ECMWF_AIFS_ENS:0.26,TRUE_ECMWF_IFS_ENS:0.26,TRUE_GFS_ENS:0.16,TRUE_WEATHERNEXT2:0.32",SKIP,NO,
62650,KXHIGHCHI-26MAY15-B75.5,2026-05-15 21:27:03.013742+00:00,KMDW,2026-05-15,0,75.0,77.0,1,0.44812018343213744,0.17258883248730963,0.30457133193497765,0.6846092401247134,72.85905513240603,3.6284839874793415,"TRUE_ECMWF_AIFS_ENS:0.26,TRUE_ECMWF_IFS_ENS:0.26,TRUE_GFS_ENS:0.16,TRUE_WEATHERNEXT2:0.32",SKIP,NO,
62649,KXHIGHCHI-26MAY15-T78,2026-05-15 21:27:02.415799+00:00,KMDW,2026-05-15,0,79.0,,0,0.0517873939992968,0.025380710659898477,0.0026819341772384023,0.0006441804736014841,72.85905513240603,3.6284839874793415,"TRUE_ECMWF_AIFS_ENS:0.26,TRUE_ECMWF_IFS_ENS:0.26,TRUE_GFS_ENS:0.16,TRUE_WEATHERNEXT2:0.32",OPEN,YES,-3.700000000000003
62648,KXHIGHCHI-26MAY15-B73.5,2026-05-15 21:27:01.800807+00:00,KMDW,2026-05-15,0,73.0,75.0,0,0.44093508362221034,0.14720812182741116,0.19442374796892564,0.02167023113195393,72.85905513240603,3.6284839874793415,"TRUE_ECMWF_AIFS_ENS:0.26,TRUE_ECMWF_IFS_ENS:0.26,TRUE_GFS_ENS:0.16,TRUE_WEATHERNEXT2:0.32",OPEN,YES,-19.990000000000016
62647,KXHIGHCHI-26MAY15-T71,2026-05-15 21:27:01.232291+00:00,KMDW,2026-05-15,0,,71.0,0,0.016179408166878267,0.38071065989847713,0.00026177324863044715,0.14494060656033392,72.85905513240603,3.6284839874793415,"TRUE_ECMWF_AIFS_ENS:0.26,TRUE_ECMWF_IFS_ENS:0.26,TRUE_GFS_ENS:0.16,TRUE_WEATHERNEXT2:0.32",OPEN,YES,-19.990000000000016
62646,KXHIGHCHI-26MAY15-B71.5,2026-05-15 21:27:00.580875+00:00,KMDW,2026-05-15,0,71.0,73.0,0,0.016179408166878233,0.12690355329949238,0.00026177324863044607,0.016104511840037104,72.85905513240603,3.6284839874793415,"TRUE_ECMWF_AIFS_ENS:0.26,TRUE_ECMWF_IFS_ENS:0.26,TRUE_GFS_ENS:0.16,TRUE_WEATHERNEXT2:0.32",OPEN,YES,-19.990000000000016
62614,KXHIGHCHI-26MAY15-B77.5,2026-05-15 21:21:38.079898+00:00,KMDW,2026-05-15,0,77.0,79.0,0,0.06204006415877008,0.14720812182741116,0.003848969560824308,0.02167023113195393,72.85905513240603,3.6284839874793415,"TRUE_ECMWF_AIFS_ENS:0.26,TRUE_ECMWF_IFS_ENS:0.26,TRUE_GFS_ENS:0.16,TRUE_WEATHERNEXT2:0.32",OPEN,YES,-8.54
62613,KXHIGHCHI-26MAY15-B75.5,2026-05-15 21:21:37.505931+00:00,KMDW,2026-05-15,0,75.0,77.0,1,0.44756158800958223,0.17258883248730963,0.30518819904249456,0.6846092401247134,72.85905513240603,3.6284839874793415,"TRUE_ECMWF_AIFS_ENS:0.26,TRUE_ECMWF_IFS_ENS:0.26,TRUE_GFS_ENS:0.16,TRUE_WEATHERNEXT2:0.32",SKIP,NO,
62612,KXHIGHCHI-26MAY15-B73.5,2026-05-15 21:21:36.935147+00:00,KMDW,2026-05-15,0,73.0,75.0,0,0.44155505382142746,0.14720812182741116,0.1949708655552437,0.02167023113195393,72.85905513240603,3.6284839874793415,"TRUE_ECMWF_AIFS_ENS:0.26,TRUE_ECMWF_IFS_ENS:0.26,TRUE_GFS_ENS:0.16,TRUE_WEATHERNEXT2:0.32",SKIP,YES,
62611,KXHIGHCHI-26MAY15-B71.5,2026-05-15 21:21:36.360967+00:00,KMDW,2026-05-15,0,71.0,73.0,0,0.01617940816687828,0.12690355329949238,0.00026177324863044764,0.016104511840037104,72.85905513240603,3.6284839874793415,"TRUE_ECMWF_AIFS_ENS:0.26,TRUE_ECMWF_IFS_ENS:0.26,TRUE_GFS_ENS:0.16,TRUE_WEATHERNEXT2:0.32",OPEN,YES,-19.990000000000016
62610,KXHIGHCHI-26MAY15-T78,2026-05-15 21:21:35.763169+00:00,KMDW,2026-05-15,0,79.0,,0,0.05175981653447651,0.025380710659898477,0.002679078607682668,0.0006441804736014841,72.85905513240603,3.6284839874793415,"TRUE_ECMWF_AIFS_ENS:0.26,TRUE_ECMWF_IFS_ENS:0.26,TRUE_GFS_ENS:0.16,TRUE_WEATHERNEXT2:0.32",OPEN,YES,-3.700000000000003
62609,KXHIGHCHI-26MAY15-T71,2026-05-15 21:21:35.123808+00:00,KMDW,2026-05-15,0,,71.0,0,0.01617940816687829,0.38071065989847713,0.00026177324863044797,0.14494060656033392,72.85905513240603,3.6284839874793415,"TRUE_ECMWF_AIFS_ENS:0.26,TRUE_ECMWF_IFS_ENS:0.26,TRUE_GFS_ENS:0.16,TRUE_WEATHERNEXT2:0.32",OPEN,YES,-19.990000000000016
62581,KXHIGHCHI-26MAY15-T78,2026-05-15 21:16:14.426018+00:00,KMDW,2026-05-15,0,79.0,,0,0.05173230248842934,0.025380710659898477,0.0026762311207543525,0.0006441804736014841,72.85905513240603,3.6284839874793415,"TRUE_ECMWF_AIFS_ENS:0.26,TRUE_ECMWF_IFS_ENS:0.26,TRUE_GFS_ENS:0.16,TRUE_WEATHERNEXT2:0.32",OPEN,YES,-3.700000000000003
62580,KXHIGHCHI-26MAY15-B77.5,2026-05-15 21:16:13.810160+00:00,KMDW,2026-05-15,0,77.0,79.0,0,0.06200634456923136,0.14720812182741116,0.0038447867668382476,0.02167023113195393,72.85905513240603,3.6284839874793415,"TRUE_ECMWF_AIFS_ENS:0.26,TRUE_ECMWF_IFS_ENS:0.26,TRUE_GFS_ENS:0.16,TRUE_WEATHERNEXT2:0.32",OPEN,YES,-19.609999999999985
62579,KXHIGHCHI-26MAY15-B73.5,2026-05-15 21:16:13.176744+00:00,KMDW,2026-05-15,0,73.0,75.0,0,0.44217769163577236,0.14720812182741116,0.1955211109803402,0.02167023113195393,72.85905513240603,3.6284839874793415,"TRUE_ECMWF_AIFS_ENS:0.26,TRUE_ECMWF_IFS_ENS:0.26,TRUE_GFS_ENS:0.16,TRUE_WEATHERNEXT2:0.32",OPEN,NO,4.759999999999999
62578,KXHIGHCHI-26MAY15-B75.5,2026-05-15 21:16:12.581939+00:00,KMDW,2026-05-15,0,75.0,77.0,1,0.4470001838308233,0.17258883248730963,0.3058087966831432,0.6846092401247134,72.85905513240603,3.6284839874793415,"TRUE_ECMWF_AIFS_ENS:0.26,TRUE_ECMWF_IFS_ENS:0.26,TRUE_GFS_ENS:0.16,TRUE_WEATHERNEXT2:0.32",OPEN,NO,-19.759999999999998
62577,KXHIGHCHI-26MAY15-B71.5,2026-05-15 21:16:11.858351+00:00,KMDW,2026-05-15,0,71.0,73.0,0,0.016179408166878257,0.12690355329949238,0.0002617732486304468,0.016104511840037104,72.85905513240603,3.6284839874793415,"TRUE_ECMWF_AIFS_ENS:0.26,TRUE_ECMWF_IFS_ENS:0.26,TRUE_GFS_ENS:0.16,TRUE_WEATHERNEXT2:0.32",OPEN,YES,-19.990000000000016
62576,KXHIGHCHI-26MAY15-T71,2026-05-15 21:16:11.252548+00:00,KMDW,2026-05-15,0,,71.0,0,0.016179408166878205,0.38071065989847713,0.00026177324863044515,0.14494060656033392,72.85905513240603,3.6284839874793415,"TRUE_ECMWF_AIFS_ENS:0.26,TRUE_ECMWF_IFS_ENS:0.26,TRUE_GFS_ENS:0.16,TRUE_WEATHERNEXT2:0.32",OPEN,YES,-19.990000000000016
62546,KXHIGHCHI-26MAY15-B75.5,2026-05-15 21:10:43.882764+00:00,KMDW,2026-05-15,0,75.0,77.0,1,0.4464253233573838,0.17258883248730963,0.3064449226199771,0.6846092401247134,72.85905513240603,3.6284839874793415,"TRUE_ECMWF_AIFS_ENS:0.26,TRUE_ECMWF_IFS_ENS:0.26,TRUE_GFS_ENS:0.16,TRUE_WEATHERNEXT2:0.32",OPEN,NO,-19.93
62545,KXHIGHCHI-26MAY15-B73.5,2026-05-15 21:10:43.294155+00:00,KMDW,2026-05-15,0,73.0,75.0,0,0.44281479163753396,0.14720812182741116,0.19608493969299262,0.02167023113195393,72.85905513240603,3.6284839874793415,"TRUE_ECMWF_AIFS_ENS:0.26,TRUE_ECMWF_IFS_ENS:0.26,TRUE_GFS_ENS:0.16,TRUE_WEATHERNEXT2:0.32",OPEN,NO,7.700000000000001
62544,KXHIGHCHI-26MAY15-B77.5,2026-05-15 21:10:42.724072+00:00,KMDW,2026-05-15,0,77.0,79.0,0,0.06197207106369732,0.14720812182741116,0.003840537591923951,0.02167023113195393,72.85905513240603,3.6284839874793415,"TRUE_ECMWF_AIFS_ENS:0.26,TRUE_ECMWF_IFS_ENS:0.26,TRUE_GFS_ENS:0.16,TRUE_WEATHERNEXT2:0.32",OPEN,YES,-19.960000000000015
62543,KXHIGHCHI-26MAY15-T71,2026-05-15 21:10:42.091843+00:00,KMDW,2026-05-15,0,,71.0,0,0.01617940816687822,0.38071065989847713,0.0002617732486304456,0.14494060656033392,72.85905513240603,3.6284839874793415,"TRUE_ECMWF_AIFS_ENS:0.26,TRUE_ECMWF_IFS_ENS:0.26,TRUE_GFS_ENS:0.16,TRUE_WEATHERNEXT2:0.32",OPEN,YES,-19.990000000000016
62542,KXHIGHCHI-26MAY15-B71.5,2026-05-15 21:10:41.490428+00:00,KMDW,2026-05-15,0,71.0,73.0,0,0.016179408166878257,0.12690355329949238,0.0002617732486304468,0.016104511840037104,72.85905513240603,3.6284839874793415,"TRUE_ECMWF_AIFS_ENS:0.26,TRUE_ECMWF_IFS_ENS:0.26,TRUE_GFS_ENS:0.16,TRUE_WEATHERNEXT2:0.32",OPEN,YES,-19.990000000000016
62541,KXHIGHCHI-26MAY15-T78,2026-05-15 21:10:40.886297+00:00,KMDW,2026-05-15,0,79.0,,0,0.051704336465641314,0.025380710659898477,0.002673338409352246,0.0006441804736014841,72.85905513240603,3.6284839874793415,"TRUE_ECMWF_AIFS_ENS:0.26,TRUE_ECMWF_IFS_ENS:0.26,TRUE_GFS_ENS:0.16,TRUE_WEATHERNEXT2:0.32",OPEN,YES,-3.700000000000003
62508,KXHIGHCHI-26MAY15-B73.5,2026-05-15 21:05:18.400742+00:00,KMDW,2026-05-15,0,73.0,75.0,0,0.4434400701494159,0.14720812182741116,0.1966390958141189,0.02167023113195393,72.85905513240603,3.6284839874793415,"TRUE_ECMWF_AIFS_ENS:0.26,TRUE_ECMWF_IFS_ENS:0.26,TRUE_GFS_ENS:0.16,TRUE_WEATHERNEXT2:0.32",OPEN,NO,15.139999999999999
62507,KXHIGHCHI-26MAY15-B75.5,2026-05-15 21:05:17.845276+00:00,KMDW,2026-05-15,0,75.0,77.0,1,0.44586072124831844,0.17258883248730963,0.30707034025543384,0.6846092401247134,72.85905513240603,3.6284839874793415,"TRUE_ECMWF_AIFS_ENS:0.26,TRUE_ECMWF_IFS_ENS:0.26,TRUE_GFS_ENS:0.16,TRUE_WEATHERNEXT2:0.32",OPEN,NO,-19.89
62506,KXHIGHCHI-26MAY15-B77.5,2026-05-15 21:05:17.293821+00:00,KMDW,2026-05-15,0,77.0,79.0,0,0.061938658326104616,0.14720812182741116,0.003836397395237929,0.02167023113195393,72.85905513240603,3.6284839874793415,"TRUE_ECMWF_AIFS_ENS:0.26,TRUE_ECMWF_IFS_ENS:0.26,TRUE_GFS_ENS:0.16,TRUE_WEATHERNEXT2:0.32",OPEN,YES,-19.950000000000017
62505,KXHIGHCHI-26MAY15-T71,2026-05-15 21:05:16.671180+00:00,KMDW,2026-05-15,0,,71.0,0,0.01617940816687829,0.38071065989847713,0.00026177324863044797,0.14494060656033392,72.85905513240603,3.6284839874793415,"TRUE_ECMWF_AIFS_ENS:0.26,TRUE_ECMWF_IFS_ENS:0.26,TRUE_GFS_ENS:0.16,TRUE_WEATHERNEXT2:0.32",OPEN,YES,-19.990000000000016
62504,KXHIGHCHI-26MAY15-T78,2026-05-15 21:05:16.035671+00:00,KMDW,2026-05-15,0,79.0,,0,0.05167707280041734,0.025380710659898477,0.002670519853219634,0.0006441804736014841,72.85905513240603,3.6284839874793415,"TRUE_ECMWF_AIFS_ENS:0.26,TRUE_ECMWF_IFS_ENS:0.26,TRUE_GFS_ENS:0.16,TRUE_WEATHERNEXT2:0.32",OPEN,YES,-3.700000000000003
62503,KXHIGHCHI-26MAY15-B71.5,2026-05-15 21:05:15.431735+00:00,KMDW,2026-05-15,0,71.0,73.0,0,0.01617940816687816,0.12690355329949238,0.0002617732486304437,0.016104511840037104,72.85905513240603,3.6284839874793415,"TRUE_ECMWF_AIFS_ENS:0.26,TRUE_ECMWF_IFS_ENS:0.26,TRUE_GFS_ENS:0.16,TRUE_WEATHERNEXT2:0.32",OPEN,YES,-19.990000000000016
62471,KXHIGHCHI-26MAY15-T78,2026-05-15 20:59:52.640777+00:00,KMDW,2026-05-15,0,79.0,,0,0.03742205084937202,0.025380710659898477,0.0014004098897729854,0.0006441804736014841,72.85905513240603,3.6284839874793415,"TRUE_ECMWF_AIFS_ENS:0.26,TRUE_ECMWF_IFS_ENS:0.26,TRUE_GFS_ENS:0.16,TRUE_WEATHERNEXT2:0.32",OPEN,YES,-3.700000000000003
62470,KXHIGHCHI-26MAY15-B75.5,2026-05-15 20:59:52.040316+00:00,KMDW,2026-05-15,0,75.0,77.0,1,0.2965998384113912,0.17258883248730963,0.4947717873228809,0.6846092401247134,72.85905513240603,3.6284839874793415,"TRUE_ECMWF_AIFS_ENS:0.26,TRUE_ECMWF_IFS_ENS:0.26,TRUE_GFS_ENS:0.16,TRUE_WEATHERNEXT2:0.32",OPEN,NO,-19.299999999999997
62469,KXHIGHCHI-26MAY15-B73.5,2026-05-15 20:59:51.451257+00:00,KMDW,2026-05-15,0,73.0,75.0,0,0.36414164796914006,0.14720812182741116,0.13259913978568114,0.02167023113195393,72.85905513240603,3.6284839874793415,"TRUE_ECMWF_AIFS_ENS:0.26,TRUE_ECMWF_IFS_ENS:0.26,TRUE_GFS_ENS:0.16,TRUE_WEATHERNEXT2:0.32",SKIP,NO,
62468,KXHIGHCHI-26MAY15-B77.5,2026-05-15 20:59:50.886271+00:00,KMDW,2026-05-15,0,77.0,79.0,0,0.04446854548853988,0.14720812182741116,0.0019774515378663407,0.02167023113195393,72.85905513240603,3.6284839874793415,"TRUE_ECMWF_AIFS_ENS:0.26,TRUE_ECMWF_IFS_ENS:0.26,TRUE_GFS_ENS:0.16,TRUE_WEATHERNEXT2:0.32",OPEN,YES,-19.950000000000017
62467,KXHIGHCHI-26MAY15-B71.5,2026-05-15 20:59:50.233637+00:00,KMDW,2026-05-15,0,71.0,73.0,0,0.23583577994578644,0.12690355329949238,0.055618515102637406,0.016104511840037104,72.85905513240603,3.6284839874793415,"TRUE_ECMWF_AIFS_ENS:0.26,TRUE_ECMWF_IFS_ENS:0.26,TRUE_GFS_ENS:0.16,TRUE_WEATHERNEXT2:0.32",OPEN,YES,-19.990000000000016
62466,KXHIGHCHI-26MAY15-T71,2026-05-15 20:59:49.642017+00:00,KMDW,2026-05-15,0,,71.0,0,0.016179408166878313,0.38071065989847713,0.0002617732486304486,0.14494060656033392,72.85905513240603,3.6284839874793415,"TRUE_ECMWF_AIFS_ENS:0.26,TRUE_ECMWF_IFS_ENS:0.26,TRUE_GFS_ENS:0.16,TRUE_WEATHERNEXT2:0.32",OPEN,YES,-19.990000000000016
62435,KXHIGHCHI-26MAY15-T78,2026-05-15 20:54:24.115627+00:00,KMDW,2026-05-15,0,79.0,,0,0.03737892016748724,0.025380710659898477,0.0013971836728873845,0.0006441804736014841,72.85905513240603,3.6284839874793415,"TRUE_ECMWF_AIFS_ENS:0.26,TRUE_ECMWF_IFS_ENS:0.26,TRUE_GFS_ENS:0.16,TRUE_WEATHERNEXT2:0.32",OPEN,YES,-3.700000000000003
62434,KXHIGHCHI-26MAY15-T71,2026-05-15 20:54:23.513452+00:00,KMDW,2026-05-15,0,,71.0,0,0.016179408166878226,0.38071065989847713,0.00026177324863044585,0.14494060656033392,72.85905513240603,3.6284839874793415,"TRUE_ECMWF_AIFS_ENS:0.26,TRUE_ECMWF_IFS_ENS:0.26,TRUE_GFS_ENS:0.16,TRUE_WEATHERNEXT2:0.32",OPEN,YES,-19.990000000000016
57814,KXHIGHCHI-26MAY15-B77.5,2026-05-15 04:57:16.565084+00:00,KMDW,2026-05-15,1,77.0,79.0,0,0.10797722352708901,0.046875,0.011659080800618945,0.002197265625,73.24567144393924,2.363880147672438,TRUE_WEATHERNEXT2:1.00,SKIP,NO,
57813,KXHIGHCHI-26MAY15-T71,2026-05-15 04:57:15.980265+00:00,KMDW,2026-05-15,1,,71.0,0,0.2763792762429602,0.15625,0.07638550433658252,0.0244140625,73.24567144393924,2.363880147672438,TRUE_WEATHERNEXT2:1.00,SKIP,NO,
57812,KXHIGHCHI-26MAY15-B73.5,2026-05-15 04:57:15.387333+00:00,KMDW,2026-05-15,1,73.0,75.0,0,0.1588543257518152,0.3125,0.025234696810063822,0.09765625,73.24567144393924,2.363880147672438,TRUE_WEATHERNEXT2:1.00,SKIP,NO,
57811,KXHIGHCHI-26MAY15-B71.5,2026-05-15 04:57:14.788108+00:00,KMDW,2026-05-15,1,71.0,73.0,0,0.15885089775190772,0.296875,0.02523360771658704,0.088134765625,73.24567144393924,2.363880147672438,TRUE_WEATHERNEXT2:1.00,OPEN,YES,-7.94
57810,KXHIGHCHI-26MAY15-T78,2026-05-15 04:57:14.200520+00:00,KMDW,2026-05-15,1,79.0,,0,0.19762503199836656,0.0,0.039055653272355405,0.0,73.24567144393924,2.363880147672438,TRUE_WEATHERNEXT2:1.00,SKIP,NO,
57809,KXHIGHCHI-26MAY15-B75.5,2026-05-15 04:57:13.633170+00:00,KMDW,2026-05-15,1,75.0,77.0,1,0.1359272658384277,0.1875,0.7466216899214552,0.66015625,73.24567144393924,2.363880147672438,TRUE_WEATHERNEXT2:1.00,OPEN,YES,44.57
57796,KXHIGHCHI-26MAY15-T71,2026-05-15 04:51:56.483851+00:00,KMDW,2026-05-15,1,,71.0,0,0.2776552200854163,0.15625,0.07709242124068097,0.0244140625,73.24567144393924,2.363880147672438,TRUE_WEATHERNEXT2:1.00,SKIP,NO,
57795,KXHIGHCHI-26MAY15-B73.5,2026-05-15 04:51:55.882573+00:00,KMDW,2026-05-15,1,73.0,75.0,0,0.15885432575181518,0.3125,0.025234696810063812,0.09765625,73.24567144393924,2.363880147672438,TRUE_WEATHERNEXT2:1.00,SKIP,NO,
57794,KXHIGHCHI-26MAY15-B71.5,2026-05-15 04:51:55.252907+00:00,KMDW,2026-05-15,1,71.0,73.0,0,0.15885092770504736,0.296875,0.02523361723275418,0.088134765625,73.24567144393924,2.363880147672438,TRUE_WEATHERNEXT2:1.00,OPEN,YES,-7.94
57793,KXHIGHCHI-26MAY15-T78,2026-05-15 04:51:54.653612+00:00,KMDW,2026-05-15,1,79.0,,0,0.19696153185499754,0.0,0.03879384503066721,0.0,73.24567144393924,2.363880147672438,TRUE_WEATHERNEXT2:1.00,SKIP,NO,
57792,KXHIGHCHI-26MAY15-B77.5,2026-05-15 04:51:54.056741+00:00,KMDW,2026-05-15,1,77.0,79.0,0,0.10773595576792311,0.046875,0.011607036165227885,0.002197265625,73.24567144393924,2.363880147672438,TRUE_WEATHERNEXT2:1.00,SKIP,NO,
57791,KXHIGHCHI-26MAY15-B75.5,2026-05-15 04:51:53.467959+00:00,KMDW,2026-05-15,1,75.0,77.0,1,0.13555605994536687,0.1875,0.7472633254971781,0.66015625,73.24567144393924,2.363880147672438,TRUE_WEATHERNEXT2:1.00,OPEN,YES,44.57
57778,KXHIGHCHI-26MAY15-B77.5,2026-05-15 04:46:44.549308+00:00,KMDW,2026-05-15,1,77.0,79.0,0,0.10750088973969137,0.046875,0.011556441294825281,0.002197265625,73.24567144393924,2.363880147672438,TRUE_WEATHERNEXT2:1.00,SKIP,NO,
57777,KXHIGHCHI-26MAY15-B75.5,2026-05-15 04:46:43.972979+00:00,KMDW,2026-05-15,1,75.0,77.0,1,0.13519439581237352,0.1875,0.7478887330343256,0.66015625,73.24567144393924,2.363880147672438,TRUE_WEATHERNEXT2:1.00,OPEN,YES,44.57
57776,KXHIGHCHI-26MAY15-B71.5,2026-05-15 04:46:43.382675+00:00,KMDW,2026-05-15,1,71.0,73.0,0,0.15885095688824855,0.296875,0.025233626504312198,0.088134765625,73.24567144393924,2.363880147672438,TRUE_WEATHERNEXT2:1.00,OPEN,YES,-7.94
57775,KXHIGHCHI-26MAY15-T71,2026-05-15 04:46:42.785268+00:00,KMDW,2026-05-15,1,,71.0,0,0.2788983660918688,0.15625,0.07778429860871407,0.0244140625,73.24567144393924,2.363880147672438,TRUE_WEATHERNEXT2:1.00,SKIP,NO,
57774,KXHIGHCHI-26MAY15-B73.5,2026-05-15 04:46:42.195996+00:00,KMDW,2026-05-15,1,73.0,75.0,0,0.15885432575181518,0.3125,0.025234696810063812,0.09765625,73.24567144393924,2.363880147672438,TRUE_WEATHERNEXT2:1.00,SKIP,NO,
57773,KXHIGHCHI-26MAY15-T78,2026-05-15 04:46:41.603491+00:00,KMDW,2026-05-15,1,79.0,,0,0.19631508682656895,0.0,0.03853961331572331,0.0,73.24567144393924,2.363880147672438,TRUE_WEATHERNEXT2:1.00,SKIP,NO,
57760,KXHIGHCHI-26MAY15-B71.5,2026-05-15 04:41:33.083313+00:00,KMDW,2026-05-15,1,71.0,73.0,0,0.15885098602359443,0.296875,0.025233635760668192,0.088134765625,73.24567144393924,2.363880147672438,TRUE_WEATHERNEXT2:1.00,OPEN,YES,-7.94
57759,KXHIGHCHI-26MAY15-T71,2026-05-15 04:41:32.472807+00:00,KMDW,2026-05-15,1,,71.0,0,0.2801394735581726,0.15625,0.07847812464545008,0.0244140625,73.24567144393924,2.363880147672438,TRUE_WEATHERNEXT2:1.00,SKIP,NO,
57758,KXHIGHCHI-26MAY15-B77.5,2026-05-15 04:41:31.910467+00:00,KMDW,2026-05-15,1,77.0,79.0,0,0.10726620917827806,0.046875,0.011506039631478105,0.002197265625,73.24567144393924,2.363880147672438,TRUE_WEATHERNEXT2:1.00,SKIP,NO,
57757,KXHIGHCHI-26MAY15-B73.5,2026-05-15 04:41:31.343709+00:00,KMDW,2026-05-15,1,73.0,75.0,0,0.1588543257518152,0.3125,0.025234696810063822,0.09765625,73.24567144393924,2.363880147672438,TRUE_WEATHERNEXT2:1.00,OPEN,NO,8.009999999999998
57756,KXHIGHCHI-26MAY15-B75.5,2026-05-15 04:41:30.752618+00:00,KMDW,2026-05-15,1,75.0,77.0,1,0.13483332474475757,0.1875,0.7485133759722102,0.66015625,73.24567144393924,2.363880147672438,TRUE_WEATHERNEXT2:1.00,OPEN,YES,65.57
57755,KXHIGHCHI-26MAY15-T78,2026-05-15 04:41:30.160111+00:00,KMDW,2026-05-15,1,79.0,,0,0.1956697018539485,0.0,0.038286632223613094,0.0,73.24567144393924,2.363880147672438,TRUE_WEATHERNEXT2:1.00,SKIP,NO,
57742,KXHIGHCHI-26MAY15-B71.5,2026-05-15 04:36:16.710615+00:00,KMDW,2026-05-15,1,71.0,73.0,0,0.1588510156464763,0.296875,0.02523364517191706,0.088134765625,73.24567144393924,2.363880147672438,TRUE_WEATHERNEXT2:1.00,OPEN,YES,-7.94
57741,KXHIGHCHI-26MAY15-T71,2026-05-15 04:36:16.108661+00:00,KMDW,2026-05-15,1,,71.0,0,0.28140134908094755,0.15625,0.0791867192645773,0.0244140625,73.24567144393924,2.363880147672438,TRUE_WEATHERNEXT2:1.00,SKIP,NO,
57740,KXHIGHCHI-26MAY15-B77.5,2026-05-15 04:36:15.543898+00:00,KMDW,2026-05-15,1,77.0,79.0,0,0.10702760159258677,0.046875,0.011454907502661482,0.002197265625,73.24567144393924,2.363880147672438,TRUE_WEATHERNEXT2:1.00,SKIP,NO,
57739,KXHIGHCHI-26MAY15-B75.5,2026-05-15 04:36:14.950634+00:00,KMDW,2026-05-15,1,75.0,77.0,1,0.13446621169888734,0.1875,0.7491487386908754,0.66015625,73.24567144393924,2.363880147672438,TRUE_WEATHERNEXT2:1.00,OPEN,YES,65.57
57738,KXHIGHCHI-26MAY15-B73.5,2026-05-15 04:36:14.363504+00:00,KMDW,2026-05-15,1,73.0,75.0,0,0.15885432575181532,0.3125,0.025234696810063857,0.09765625,73.24567144393924,2.363880147672438,TRUE_WEATHERNEXT2:1.00,OPEN,NO,10.309999999999999
57737,KXHIGHCHI-26MAY15-T78,2026-05-15 04:36:13.779967+00:00,KMDW,2026-05-15,1,79.0,,0,0.19501351733985306,0.0,0.03803027194526117,0.0,73.24567144393924,2.363880147672438,TRUE_WEATHERNEXT2:1.00,SKIP,NO,
57724,KXHIGHCHI-26MAY15-T71,2026-05-15 04:30:56.528196+00:00,KMDW,2026-05-15,1,,71.0,0,0.28267689336071894,0.15625,0.07990622604006727,0.0244140625,73.24567144393924,2.363880147672438,TRUE_WEATHERNEXT2:1.00,SKIP,NO,
57723,KXHIGHCHI-26MAY15-B71.5,2026-05-15 04:30:55.975060+00:00,KMDW,2026-05-15,1,71.0,73.0,0,0.1588510455902361,0.296875,0.02523365468511127,0.088134765625,73.24567144393924,2.363880147672438,TRUE_WEATHERNEXT2:1.00,OPEN,YES,-7.94
57722,KXHIGHCHI-26MAY15-B77.5,2026-05-15 04:30:55.381045+00:00,KMDW,2026-05-15,1,77.0,79.0,0,0.10678640938658418,0.046875,0.011403337229679154,0.002197265625,73.24567144393924,2.363880147672438,TRUE_WEATHERNEXT2:1.00,SKIP,NO,
57721,KXHIGHCHI-26MAY15-B75.5,2026-05-15 04:30:54.792243+00:00,KMDW,2026-05-15,1,75.0,77.0,1,0.1340951220492052,0.1875,0.7497912576589807,0.66015625,73.24567144393924,2.363880147672438,TRUE_WEATHERNEXT2:1.00,OPEN,YES,65.57
57720,KXHIGHCHI-26MAY15-B73.5,2026-05-15 04:30:54.220677+00:00,KMDW,2026-05-15,1,73.0,75.0,0,0.1588543257518153,0.3125,0.025234696810063847,0.09765625,73.24567144393924,2.363880147672438,TRUE_WEATHERNEXT2:1.00,OPEN,NO,8.009999999999998
57719,KXHIGHCHI-26MAY15-T78,2026-05-15 04:30:53.622540+00:00,KMDW,2026-05-15,1,79.0,,0,0.1943502249720066,0.0,0.03777200994666958,0.0,73.24567144393924,2.363880147672438,TRUE_WEATHERNEXT2:1.00,SKIP,NO,
57706,KXHIGHCHI-26MAY15-B73.5,2026-05-15 04:25:44.670819+00:00,KMDW,2026-05-15,1,73.0,75.0,0,0.1588543257518153,0.3125,0.025234696810063847,0.09765625,73.24567144393924,2.363880147672438,TRUE_WEATHERNEXT2:1.00,OPEN,NO,8.009999999999998
57705,KXHIGHCHI-26MAY15-B77.5,2026-05-15 04:25:44.104425+00:00,KMDW,2026-05-15,1,77.0,79.0,0,0.10655146542200328,0.046875,0.01135321478357636,0.002197265625,73.24567144393924,2.363880147672438,TRUE_WEATHERNEXT2:1.00,SKIP,NO,
57704,KXHIGHCHI-26MAY15-B75.5,2026-05-15 04:25:43.494255+00:00,KMDW,2026-05-15,1,75.0,77.0,1,0.13373364571895302,0.1875,0.7504173965593763,0.66015625,73.24567144393924,2.363880147672438,TRUE_WEATHERNEXT2:1.00,OPEN,YES,65.57
57703,KXHIGHCHI-26MAY15-T78,2026-05-15 04:25:42.901956+00:00,KMDW,2026-05-15,1,79.0,,0,0.19370411562560264,0.0,0.03752128441029683,0.0,73.24567144393924,2.363880147672438,TRUE_WEATHERNEXT2:1.00,SKIP,NO,
57702,KXHIGHCHI-26MAY15-B71.5,2026-05-15 04:25:42.292391+00:00,KMDW,2026-05-15,1,71.0,73.0,0,0.15885107475828328,0.296875,0.025233663951861704,0.088134765625,73.24567144393924,2.363880147672438,TRUE_WEATHERNEXT2:1.00,OPEN,YES,-7.94
57701,KXHIGHCHI-26MAY15-T71,2026-05-15 04:25:41.693314+00:00,KMDW,2026-05-15,1,,71.0,0,0.28391939383390885,0.15625,0.08061022219501424,0.0244140625,73.24567144393924,2.363880147672438,TRUE_WEATHERNEXT2:1.00,SKIP,NO,
57688,KXHIGHCHI-26MAY15-T78,2026-05-15 04:20:32.115368+00:00,KMDW,2026-05-15,1,79.0,,0,0.19305610378605542,0.0,0.037270659209052204,0.0,73.24567144393924,2.363880147672438,TRUE_WEATHERNEXT2:1.00,SKIP,NO,
57687,KXHIGHCHI-26MAY15-B73.5,2026-05-15 04:20:31.528306+00:00,KMDW,2026-05-15,1,73.0,75.0,0,0.1588543257518153,0.3125,0.025234696810063847,0.09765625,73.24567144393924,2.363880147672438,TRUE_WEATHERNEXT2:1.00,OPEN,NO,8.009999999999998
57686,KXHIGHCHI-26MAY15-B71.5,2026-05-15 04:20:30.939729+00:00,KMDW,2026-05-15,1,71.0,73.0,0,0.1588511040122168,0.296875,0.02523367324590012,0.088134765625,73.24567144393924,2.363880147672438,TRUE_WEATHERNEXT2:1.00,OPEN,YES,-7.94
57685,KXHIGHCHI-26MAY15-T71,2026-05-15 04:20:30.351383+00:00,KMDW,2026-05-15,1,,71.0,0,0.2851655528962273,0.15625,0.08131939255861101,0.0244140625,73.24567144393924,2.363880147672438,TRUE_WEATHERNEXT2:1.00,SKIP,NO,
57684,KXHIGHCHI-26MAY15-B77.5,2026-05-15 04:20:29.784382+00:00,KMDW,2026-05-15,1,77.0,79.0,0,0.10631582965612892,0.046875,0.01130305563547102,0.002197265625,73.24567144393924,2.363880147672438,TRUE_WEATHERNEXT2:1.00,SKIP,NO,
57683,KXHIGHCHI-26MAY15-B75.5,2026-05-15 04:20:29.199352+00:00,KMDW,2026-05-15,1,75.0,77.0,1,0.13337110500812263,0.1875,0.7510456416348423,0.66015625,73.24567144393924,2.363880147672438,TRUE_WEATHERNEXT2:1.00,OPEN,YES,65.57
57670,KXHIGHCHI-26MAY15-T78,2026-05-15 04:15:16.506655+00:00,KMDW,2026-05-15,1,79.0,,0,0.19240198863301328,0.0,0.03701852522993817,0.0,73.24567144393924,2.363880147672438,TRUE_WEATHERNEXT2:1.00,SKIP,NO,
57669,KXHIGHCHI-26MAY15-T71,2026-05-15 04:15:15.866145+00:00,KMDW,2026-05-15,1,,71.0,0,0.28642344893456667,0.15625,0.08203839209957232,0.0244140625,73.24567144393924,2.363880147672438,TRUE_WEATHERNEXT2:1.00,SKIP,NO,
57668,KXHIGHCHI-26MAY15-B75.5,2026-05-15 04:15:15.281952+00:00,KMDW,2026-05-15,1,75.0,77.0,1,0.13300514969978355,0.1875,0.7516800704470948,0.66015625,73.24567144393924,2.363880147672438,TRUE_WEATHERNEXT2:1.00,OPEN,YES,65.57
57667,KXHIGHCHI-26MAY15-B73.5,2026-05-15 04:15:14.704908+00:00,KMDW,2026-05-15,1,73.0,75.0,0,0.1588543257518153,0.3125,0.025234696810063847,0.09765625,73.24567144393924,2.363880147672438,TRUE_WEATHERNEXT2:1.00,OPEN,NO,8.009999999999998
57666,KXHIGHCHI-26MAY15-B71.5,2026-05-15 04:15:14.138147+00:00,KMDW,2026-05-15,1,71.0,73.0,0,0.15885113354167915,0.296875,0.025233682627476384,0.088134765625,73.24567144393924,2.363880147672438,TRUE_WEATHERNEXT2:1.00,OPEN,YES,-4.550000000000001
57665,KXHIGHCHI-26MAY15-B77.5,2026-05-15 04:15:13.547666+00:00,KMDW,2026-05-15,1,77.0,79.0,0,0.10607797454970841,0.046875,0.011252536684568585,0.002197265625,73.24567144393924,2.363880147672438,TRUE_WEATHERNEXT2:1.00,SKIP,NO,
57652,KXHIGHCHI-26MAY15-T78,2026-05-15 04:09:53.429666+00:00,KMDW,2026-05-15,1,79.0,,0,0.1917320415061874,0.0,0.03676117574013037,0.0,73.24567144393924,2.363880147672438,TRUE_WEATHERNEXT2:1.00,SKIP,NO,
57651,KXHIGHCHI-26MAY15-T71,2026-05-15 04:09:52.847828+00:00,KMDW,2026-05-15,1,,71.0,0,0.2877117906475075,0.15625,0.08277807447759519,0.0244140625,73.24567144393924,2.363880147672438,TRUE_WEATHERNEXT2:1.00,SKIP,NO,
57650,KXHIGHCHI-26MAY15-B71.5,2026-05-15 04:09:52.295838+00:00,KMDW,2026-05-15,1,71.0,73.0,0,0.15885116378586234,0.296875,0.025233692236122863,0.088134765625,73.24567144393924,2.363880147672438,TRUE_WEATHERNEXT2:1.00,OPEN,YES,-4.550000000000001
57649,KXHIGHCHI-26MAY15-B73.5,2026-05-15 04:09:51.717700+00:00,KMDW,2026-05-15,1,73.0,75.0,0,0.15885432575181532,0.3125,0.025234696810063857,0.09765625,73.24567144393924,2.363880147672438,TRUE_WEATHERNEXT2:1.00,OPEN,NO,8.009999999999998
57648,KXHIGHCHI-26MAY15-B75.5,2026-05-15 04:09:51.144656+00:00,KMDW,2026-05-15,1,75.0,77.0,1,0.13263033693749213,0.1875,0.7523301324011684,0.66015625,73.24567144393924,2.363880147672438,TRUE_WEATHERNEXT2:1.00,OPEN,YES,44.57
57647,KXHIGHCHI-26MAY15-B77.5,2026-05-15 04:09:50.561964+00:00,KMDW,2026-05-15,1,77.0,79.0,0,0.10583436248170171,0.046875,0.01120091228190823,0.002197265625,73.24567144393924,2.363880147672438,TRUE_WEATHERNEXT2:1.00,SKIP,NO,
57634,KXHIGHCHI-26MAY15-B77.5,2026-05-15 04:04:35.493652+00:00,KMDW,2026-05-15,1,77.0,79.0,0,0.10559471534380921,0.046875,0.011150243908540096,0.002197265625,73.24567144393924,2.363880147672438,TRUE_WEATHERNEXT2:1.00,SKIP,NO,
57633,KXHIGHCHI-26MAY15-B73.5,2026-05-15 04:04:34.846992+00:00,KMDW,2026-05-15,1,73.0,75.0,0,0.1588543257518153,0.3125,0.025234696810063847,0.09765625,73.24567144393924,2.363880147672438,TRUE_WEATHERNEXT2:1.00,OPEN,NO,8.009999999999998
57632,KXHIGHCHI-26MAY15-B75.5,2026-05-15 04:04:34.169671+00:00,KMDW,2026-05-15,1,75.0,77.0,1,0.1322616244740103,0.1875,0.7529698883604836,0.66015625,73.24567144393924,2.363880147672438,TRUE_WEATHERNEXT2:1.00,OPEN,YES,26.57
57631,KXHIGHCHI-26MAY15-B71.5,2026-05-15 04:04:33.600514+00:00,KMDW,2026-05-15,1,71.0,73.0,0,0.1588511935378035,0.296875,0.025233701688384704,0.088134765625,73.24567144393924,2.363880147672438,TRUE_WEATHERNEXT2:1.00,OPEN,YES,-4.550000000000001
57630,KXHIGHCHI-26MAY15-T78,2026-05-15 04:04:33.004961+00:00,KMDW,2026-05-15,1,79.0,,0,0.19107299816405476,0.0,0.036508890627400876,0.0,73.24567144393924,2.363880147672438,TRUE_WEATHERNEXT2:1.00,SKIP,NO,
57629,KXHIGHCHI-26MAY15-T71,2026-05-15 04:04:32.392118+00:00,KMDW,2026-05-15,1,,71.0,0,0.2889791638390733,0.15625,0.08350895713312996,0.0244140625,73.24567144393924,2.363880147672438,TRUE_WEATHERNEXT2:1.00,SKIP,NO,
57616,KXHIGHCHI-26MAY15-B77.5,2026-05-15 03:59:23.454241+00:00,KMDW,2026-05-15,1,77.0,79.0,0,0.10535967955282094,0.046875,0.011100662075473115,0.002197265625,73.24567144393924,2.363880147672438,TRUE_WEATHERNEXT2:1.00,SKIP,NO,
57615,KXHIGHCHI-26MAY15-T78,2026-05-15 03:59:22.874768+00:00,KMDW,2026-05-15,1,79.0,,0,0.18865067412991549,0.0,0.035589076849671566,0.0,73.24567144393924,2.363880147672438,TRUE_WEATHERNEXT2:1.00,SKIP,NO,
57614,KXHIGHCHI-26MAY15-T71,2026-05-15 03:59:22.276100+00:00,KMDW,2026-05-15,1,,71.0,0,0.2914674128957395,0.15625,0.0849532527801355,0.0244140625,73.24567144393924,2.363880147672438,TRUE_WEATHERNEXT2:1.00,SKIP,NO,
57613,KXHIGHCHI-26MAY15-B71.5,2026-05-15 03:59:21.707615+00:00,KMDW,2026-05-15,1,71.0,73.0,0,0.1588512227172508,0.296875,0.02523371095876562,0.088134765625,73.24567144393924,2.363880147672438,TRUE_WEATHERNEXT2:1.00,OPEN,YES,-4.550000000000001
57612,KXHIGHCHI-26MAY15-B73.5,2026-05-15 03:59:21.129654+00:00,KMDW,2026-05-15,1,73.0,75.0,0,0.15885432575181532,0.3125,0.025234696810063857,0.09765625,73.24567144393924,2.363880147672438,TRUE_WEATHERNEXT2:1.00,OPEN,NO,10.309999999999999
57611,KXHIGHCHI-26MAY15-B75.5,2026-05-15 03:59:20.540238+00:00,KMDW,2026-05-15,1,75.0,77.0,1,0.13190000686295175,0.1875,0.7535975980845432,0.66015625,73.24567144393924,2.363880147672438,TRUE_WEATHERNEXT2:1.00,OPEN,YES,117.8
57598,KXHIGHCHI-26MAY15-T78,2026-05-15 03:54:06.703030+00:00,KMDW,2026-05-15,1,79.0,,0,0.1879938981539538,0.0,0.03534170574311915,0.0,73.24567144393924,2.363880147672438,TRUE_WEATHERNEXT2:1.00,SKIP,NO,
57597,KXHIGHCHI-26MAY15-B73.5,2026-05-15 03:54:06.111031+00:00,KMDW,2026-05-15,1,73.0,75.0,0,0.1588543257518153,0.3125,0.025234696810063847,0.09765625,73.24567144393924,2.363880147672438,TRUE_WEATHERNEXT2:1.00,OPEN,NO,10.309999999999999
57596,KXHIGHCHI-26MAY15-B77.5,2026-05-15 03:54:05.520253+00:00,KMDW,2026-05-15,1,77.0,79.0,0,0.10512085689456235,0.046875,0.011050394554247058,0.002197265625,73.24567144393924,2.363880147672438,TRUE_WEATHERNEXT2:1.00,SKIP,NO,
57595,KXHIGHCHI-26MAY15-B75.5,2026-05-15 03:54:04.939090+00:00,KMDW,2026-05-15,1,75.0,77.0,1,0.13153256291416854,0.1875,0.7542356892784325,0.66015625,73.24567144393924,2.363880147672438,TRUE_WEATHERNEXT2:1.00,OPEN,YES,117.8
57594,KXHIGHCHI-26MAY15-B71.5,2026-05-15 03:54:04.358099+00:00,KMDW,2026-05-15,1,71.0,73.0,0,0.1588512523668337,0.296875,0.02523372037851149,0.088134765625,73.24567144393924,2.363880147672438,TRUE_WEATHERNEXT2:1.00,OPEN,YES,-4.550000000000001
57593,KXHIGHCHI-26MAY15-T71,2026-05-15 03:54:03.772639+00:00,KMDW,2026-05-15,1,,71.0,0,0.29273042582916015,0.15625,0.08569110220612143,0.0244140625,73.24567144393924,2.363880147672438,TRUE_WEATHERNEXT2:1.00,SKIP,NO,
57580,KXHIGHCHI-26MAY15-B73.5,2026-05-15 03:48:54.564202+00:00,KMDW,2026-05-15,1,73.0,75.0,0,0.15885432575181532,0.3125,0.025234696810063857,0.09765625,73.24567144393924,2.363880147672438,TRUE_WEATHERNEXT2:1.00,OPEN,NO,10.309999999999999
57579,KXHIGHCHI-26MAY15-B71.5,2026-05-15 03:48:53.961334+00:00,KMDW,2026-05-15,1,71.0,73.0,0,0.1588512815893567,0.296875,0.025233729662581098,0.088134765625,73.24567144393924,2.363880147672438,TRUE_WEATHERNEXT2:1.00,OPEN,YES,-4.550000000000001
57578,KXHIGHCHI-26MAY15-B75.5,2026-05-15 03:48:53.373597+00:00,KMDW,2026-05-15,1,75.0,77.0,1,0.1311704114708699,0.1875,0.7548648539036974,0.66015625,73.24567144393924,2.363880147672438,TRUE_WEATHERNEXT2:1.00,OPEN,YES,150.13000000000002
57577,KXHIGHCHI-26MAY15-T71,2026-05-15 03:48:52.780751+00:00,KMDW,2026-05-15,1,,71.0,0,0.2939752468644713,0.15625,0.08642144576902684,0.0244140625,73.24567144393924,2.363880147672438,TRUE_WEATHERNEXT2:1.00,OPEN,NO,4.529999999999999
57576,KXHIGHCHI-26MAY15-B77.5,2026-05-15 03:48:52.205183+00:00,KMDW,2026-05-15,1,77.0,79.0,0,0.1048854741357302,0.046875,0.011000962684676928,0.002197265625,73.24567144393924,2.363880147672438,TRUE_WEATHERNEXT2:1.00,SKIP,NO,
57575,KXHIGHCHI-26MAY15-T78,2026-05-15 03:48:51.573448+00:00,KMDW,2026-05-15,1,79.0,,0,0.18734658209825045,0.0,0.035098741823896495,0.0,73.24567144393924,2.363880147672438,TRUE_WEATHERNEXT2:1.00,SKIP,NO,
57562,KXHIGHCHI-26MAY15-B75.5,2026-05-15 03:43:31.659976+00:00,KMDW,2026-05-15,1,75.0,77.0,1,0.13079613749334038,0.1875,0.755515354596496,0.66015625,73.24567144393924,2.363880147672438,TRUE_WEATHERNEXT2:1.00,OPEN,YES,150.13000000000002
57561,KXHIGHCHI-26MAY15-T78,2026-05-15 03:43:31.042616+00:00,KMDW,2026-05-15,1,79.0,,0,0.1866775980050765,0.0,0.03484852559694494,0.0,73.24567144393924,2.363880147672438,TRUE_WEATHERNEXT2:1.00,SKIP,NO,
57560,KXHIGHCHI-26MAY15-T71,2026-05-15 03:43:30.418885+00:00,KMDW,2026-05-15,1,,71.0,0,0.295261736615705,0.15625,0.08717949310932194,0.0244140625,73.24567144393924,2.363880147672438,TRUE_WEATHERNEXT2:1.00,OPEN,NO,5.44
57559,KXHIGHCHI-26MAY15-B73.5,2026-05-15 03:43:29.858717+00:00,KMDW,2026-05-15,1,73.0,75.0,0,0.15885432575181532,0.3125,0.025234696810063857,0.09765625,73.24567144393924,2.363880147672438,TRUE_WEATHERNEXT2:1.00,OPEN,NO,8.009999999999998
57558,KXHIGHCHI-26MAY15-B71.5,2026-05-15 03:43:29.266430+00:00,KMDW,2026-05-15,1,71.0,73.0,0,0.1588513117900646,0.296875,0.025233739257424313,0.088134765625,73.24567144393924,2.363880147672438,TRUE_WEATHERNEXT2:1.00,SKIP,YES,
57557,KXHIGHCHI-26MAY15-B77.5,2026-05-15 03:43:28.687106+00:00,KMDW,2026-05-15,1,77.0,79.0,0,0.10464221225449206,0.046875,0.010949992585514169,0.002197265625,73.24567144393924,2.363880147672438,TRUE_WEATHERNEXT2:1.00,SKIP,NO,
57544,KXHIGHCHI-26MAY15-T71,2026-05-15 03:38:06.708450+00:00,KMDW,2026-05-15,1,,71.0,0,0.2965566845031902,0.15625,0.0879458671235247,0.0244140625,73.24567144393924,2.363880147672438,TRUE_WEATHERNEXT2:1.00,OPEN,NO,5.44
57543,KXHIGHCHI-26MAY15-B75.5,2026-05-15 03:38:06.128568+00:00,KMDW,2026-05-15,1,75.0,77.0,1,0.1304194028197235,0.1875,0.7561704149924062,0.66015625,73.24567144393924,2.363880147672438,TRUE_WEATHERNEXT2:1.00,OPEN,YES,150.13000000000002
57542,KXHIGHCHI-26MAY15-T78,2026-05-15 03:38:05.530077+00:00,KMDW,2026-05-15,1,79.0,,0,0.18600421561910258,0.0,0.0345975682280776,0.0,73.24567144393924,2.363880147672438,TRUE_WEATHERNEXT2:1.00,SKIP,NO,
57541,KXHIGHCHI-26MAY15-B77.5,2026-05-15 03:38:04.929582+00:00,KMDW,2026-05-15,1,77.0,79.0,0,0.10439735102733265,0.046875,0.010898806901524113,0.002197265625,73.24567144393924,2.363880147672438,TRUE_WEATHERNEXT2:1.00,SKIP,NO,
57540,KXHIGHCHI-26MAY15-B73.5,2026-05-15 03:38:04.332266+00:00,KMDW,2026-05-15,1,73.0,75.0,0,0.1588543257518153,0.3125,0.025234696810063847,0.09765625,73.24567144393924,2.363880147672438,TRUE_WEATHERNEXT2:1.00,OPEN,NO,8.009999999999998
57539,KXHIGHCHI-26MAY15-B71.5,2026-05-15 03:38:03.755299+00:00,KMDW,2026-05-15,1,71.0,73.0,0,0.15885134218932945,0.296875,0.025233748915351437,0.088134765625,73.24567144393924,2.363880147672438,TRUE_WEATHERNEXT2:1.00,SKIP,YES,
57526,KXHIGHCHI-26MAY15-B77.5,2026-05-15 03:32:49.540696+00:00,KMDW,2026-05-15,1,77.0,79.0,0,0.1041583160021829,0.046875,0.01084895479241059,0.002197265625,73.24567144393924,2.363880147672438,TRUE_WEATHERNEXT2:1.00,SKIP,NO,
57525,KXHIGHCHI-26MAY15-T71,2026-05-15 03:32:48.939308+00:00,KMDW,2026-05-15,1,,71.0,0,0.29782082053829695,0.15625,0.08869724114610447,0.0244140625,73.24567144393924,2.363880147672438,TRUE_WEATHERNEXT2:1.00,OPEN,NO,5.44
57524,KXHIGHCHI-26MAY15-B71.5,2026-05-15 03:32:48.369747+00:00,KMDW,2026-05-15,1,71.0,73.0,0,0.15885137186527748,0.296875,0.02523375834348067,0.088134765625,73.24567144393924,2.363880147672438,TRUE_WEATHERNEXT2:1.00,SKIP,YES,
57523,KXHIGHCHI-26MAY15-B73.5,2026-05-15 03:32:47.790000+00:00,KMDW,2026-05-15,1,73.0,75.0,0,0.1588543257518153,0.3125,0.025234696810063847,0.09765625,73.24567144393924,2.363880147672438,TRUE_WEATHERNEXT2:1.00,OPEN,NO,8.009999999999998
57522,KXHIGHCHI-26MAY15-B75.5,2026-05-15 03:32:47.164191+00:00,KMDW,2026-05-15,1,75.0,77.0,1,0.13005163213088283,0.1875,0.7568101627581407,0.66015625,73.24567144393924,2.363880147672438,TRUE_WEATHERNEXT2:1.00,OPEN,YES,150.13000000000002
57521,KXHIGHCHI-26MAY15-T78,2026-05-15 03:32:46.583117+00:00,KMDW,2026-05-15,1,79.0,,0,0.1853468556220383,0.0,0.0343534568889767,0.0,73.24567144393924,2.363880147672438,TRUE_WEATHERNEXT2:1.00,SKIP,NO,
57508,KXHIGHCHI-26MAY15-B77.5,2026-05-15 03:27:35.518429+00:00,KMDW,2026-05-15,1,77.0,79.0,0,0.10392166325803329,0.046875,0.010799712094316065,0.002197265625,73.24567144393924,2.363880147672438,TRUE_WEATHERNEXT2:1.00,SKIP,NO,
57507,KXHIGHCHI-26MAY15-B75.5,2026-05-15 03:27:34.942775+00:00,KMDW,2026-05-15,1,75.0,77.0,1,0.1296875267338708,0.1875,0.7574438011226068,0.66015625,73.24567144393924,2.363880147672438,TRUE_WEATHERNEXT2:1.00,OPEN,YES,150.13000000000002
57506,KXHIGHCHI-26MAY15-T78,2026-05-15 03:27:34.347132+00:00,KMDW,2026-05-15,1,79.0,,0,0.18469604703404158,0.0,0.034112629790000897,0.0,73.24567144393924,2.363880147672438,TRUE_WEATHERNEXT2:1.00,SKIP,NO,
57505,KXHIGHCHI-26MAY15-B73.5,2026-05-15 03:27:33.723309+00:00,KMDW,2026-05-15,1,73.0,75.0,0,0.1588543257518153,0.3125,0.025234696810063847,0.09765625,73.24567144393924,2.363880147672438,TRUE_WEATHERNEXT2:1.00,SKIP,NO,
57504,KXHIGHCHI-26MAY15-T71,2026-05-15 03:27:33.127349+00:00,KMDW,2026-05-15,1,,71.0,0,0.29907235788726505,0.15625,0.08944427525224835,0.0244140625,73.24567144393924,2.363880147672438,TRUE_WEATHERNEXT2:1.00,OPEN,NO,5.44
57503,KXHIGHCHI-26MAY15-B71.5,2026-05-15 03:27:32.541862+00:00,KMDW,2026-05-15,1,71.0,73.0,0,0.1588514012454678,0.296875,0.025233767677648605,0.088134765625,73.24567144393924,2.363880147672438,TRUE_WEATHERNEXT2:1.00,SKIP,YES,
57490,KXHIGHCHI-26MAY15-T78,2026-05-15 03:22:21.569199+00:00,KMDW,2026-05-15,1,79.0,,0,0.1840451566992153,0.0,0.03387261970443872,0.0,73.24567144393924,2.363880147672438,TRUE_WEATHERNEXT2:1.00,SKIP,NO,
57489,KXHIGHCHI-26MAY15-B77.5,2026-05-15 03:22:20.976495+00:00,KMDW,2026-05-15,1,77.0,79.0,0,0.10368498078838248,0.046875,0.010750575241087244,0.002197265625,73.24567144393924,2.363880147672438,TRUE_WEATHERNEXT2:1.00,SKIP,NO,
57488,KXHIGHCHI-26MAY15-B71.5,2026-05-15 03:22:20.383006+00:00,KMDW,2026-05-15,1,71.0,73.0,0,0.15885143062934867,0.296875,0.025233777012990774,0.088134765625,73.24567144393924,2.363880147672438,TRUE_WEATHERNEXT2:1.00,SKIP,YES,
57487,KXHIGHCHI-26MAY15-B75.5,2026-05-15 03:22:19.701938+00:00,KMDW,2026-05-15,1,75.0,77.0,1,0.1293233756022721,0.1875,0.7580777842726221,0.66015625,73.24567144393924,2.363880147672438,TRUE_WEATHERNEXT2:1.00,OPEN,YES,150.13000000000002
57486,KXHIGHCHI-26MAY15-B73.5,2026-05-15 03:22:19.103718+00:00,KMDW,2026-05-15,1,73.0,75.0,0,0.15885432575181518,0.3125,0.025234696810063812,0.09765625,73.24567144393924,2.363880147672438,TRUE_WEATHERNEXT2:1.00,SKIP,NO,
57485,KXHIGHCHI-26MAY15-T71,2026-05-15 03:22:18.534540+00:00,KMDW,2026-05-15,1,,71.0,0,0.30032405243946003,0.15625,0.09019453647365953,0.0244140625,73.24567144393924,2.363880147672438,TRUE_WEATHERNEXT2:1.00,OPEN,NO,5.44
57472,KXHIGHCHI-26MAY15-B77.5,2026-05-15 03:17:06.282828+00:00,KMDW,2026-05-15,1,77.0,79.0,0,0.10344725752825064,0.046875,0.010701335090116209,0.002197265625,73.24567144393924,2.363880147672438,TRUE_WEATHERNEXT2:1.00,SKIP,NO,
57471,KXHIGHCHI-26MAY15-B73.5,2026-05-15 03:17:05.668136+00:00,KMDW,2026-05-15,1,73.0,75.0,0,0.15885432575181518,0.3125,0.025234696810063812,0.09765625,73.24567144393924,2.363880147672438,TRUE_WEATHERNEXT2:1.00,SKIP,NO,
57470,KXHIGHCHI-26MAY15-B71.5,2026-05-15 03:17:05.067921+00:00,KMDW,2026-05-15,1,71.0,73.0,0,0.1588514601424424,0.296875,0.025233786389385962,0.088134765625,73.24567144393924,2.363880147672438,TRUE_WEATHERNEXT2:1.00,SKIP,YES,
57469,KXHIGHCHI-26MAY15-B75.5,2026-05-15 03:17:04.485008+00:00,KMDW,2026-05-15,1,75.0,77.0,1,0.12895762314788858,0.1875,0.7587148222721757,0.66015625,73.24567144393924,2.363880147672438,TRUE_WEATHERNEXT2:1.00,OPEN,YES,150.13000000000002
57468,KXHIGHCHI-26MAY15-T78,2026-05-15 03:17:03.900862+00:00,KMDW,2026-05-15,1,79.0,,0,0.1833914041310112,0.0,0.03363240710914388,0.0,73.24567144393924,2.363880147672438,TRUE_WEATHERNEXT2:1.00,SKIP,NO,
57467,KXHIGHCHI-26MAY15-T71,2026-05-15 03:17:03.296210+00:00,KMDW,2026-05-15,1,,71.0,0,0.3015812512090858,0.15625,0.09095125108083771,0.0244140625,73.24567144393924,2.363880147672438,TRUE_WEATHERNEXT2:1.00,OPEN,NO,5.1899999999999995
57454,KXHIGHCHI-26MAY15-B71.5,2026-05-15 03:11:41.039362+00:00,KMDW,2026-05-15,1,71.0,73.0,0,0.15885149055484712,0.296875,0.025233796051496685,0.088134765625,73.24567144393924,2.363880147672438,TRUE_WEATHERNEXT2:1.00,SKIP,YES,
57453,KXHIGHCHI-26MAY15-B77.5,2026-05-15 03:11:40.434072+00:00,KMDW,2026-05-15,1,77.0,79.0,0,0.10320229046169578,0.046875,0.010650712756540224,0.002197265625,73.24567144393924,2.363880147672438,TRUE_WEATHERNEXT2:1.00,SKIP,NO,
57452,KXHIGHCHI-26MAY15-T78,2026-05-15 03:11:39.826037+00:00,KMDW,2026-05-15,1,79.0,,0,0.18271773068064381,0.0,0.033385769105084284,0.0,73.24567144393924,2.363880147672438,TRUE_WEATHERNEXT2:1.00,SKIP,NO,
57451,KXHIGHCHI-26MAY15-B73.5,2026-05-15 03:11:39.214492+00:00,KMDW,2026-05-15,1,73.0,75.0,0,0.15885432575181532,0.3125,0.025234696810063857,0.09765625,73.24567144393924,2.363880147672438,TRUE_WEATHERNEXT2:1.00,SKIP,YES,
57450,KXHIGHCHI-26MAY15-T71,2026-05-15 03:11:38.612133+00:00,KMDW,2026-05-15,1,,71.0,0,0.3028767588279055,0.15625,0.09173433103809722,0.0244140625,73.24567144393924,2.363880147672438,TRUE_WEATHERNEXT2:1.00,OPEN,NO,6.3999999999999995
57449,KXHIGHCHI-26MAY15-B75.5,2026-05-15 03:11:38.042167+00:00,KMDW,2026-05-15,1,75.0,77.0,1,0.12858072563358633,0.1875,0.7593715517372869,0.66015625,73.24567144393924,2.363880147672438,TRUE_WEATHERNEXT2:1.00,OPEN,YES,150.13000000000002
57436,KXHIGHCHI-26MAY15-B77.5,2026-05-15 03:06:13.073713+00:00,KMDW,2026-05-15,1,77.0,79.0,0,0.1029552668232135,0.046875,0.010599786966639086,0.002197265625,73.24567144393924,2.363880147672438,TRUE_WEATHERNEXT2:1.00,SKIP,NO,
57435,KXHIGHCHI-26MAY15-B75.5,2026-05-15 03:06:12.500620+00:00,KMDW,2026-05-15,1,75.0,77.0,1,0.1282006639517149,0.1875,0.7600340823342306,0.66015625,73.24567144393924,2.363880147672438,TRUE_WEATHERNEXT2:1.00,OPEN,YES,150.13000000000002
57434,KXHIGHCHI-26MAY15-T71,2026-05-15 03:06:11.917135+00:00,KMDW,2026-05-15,1,,71.0,0,0.30418314262138124,0.15625,0.09252738425501957,0.0244140625,73.24567144393924,2.363880147672438,TRUE_WEATHERNEXT2:1.00,OPEN,NO,6.3999999999999995
57433,KXHIGHCHI-26MAY15-B73.5,2026-05-15 03:06:11.371313+00:00,KMDW,2026-05-15,1,73.0,75.0,0,0.15885432575181518,0.3125,0.025234696810063812,0.09765625,73.24567144393924,2.363880147672438,TRUE_WEATHERNEXT2:1.00,SKIP,YES,
57432,KXHIGHCHI-26MAY15-B71.5,2026-05-15 03:06:10.770828+00:00,KMDW,2026-05-15,1,71.0,73.0,0,0.15885152122257326,0.296875,0.025233805794725644,0.088134765625,73.24567144393924,2.363880147672438,TRUE_WEATHERNEXT2:1.00,SKIP,YES,
57431,KXHIGHCHI-26MAY15-T78,2026-05-15 03:06:10.183802+00:00,KMDW,2026-05-15,1,79.0,,0,0.1820384015397957,0.0,0.03313797963516389,0.0,73.24567144393924,2.363880147672438,TRUE_WEATHERNEXT2:1.00,SKIP,NO,
57418,KXHIGHCHI-26MAY15-B77.5,2026-05-15 03:00:52.425797+00:00,KMDW,2026-05-15,1,77.0,79.0,0,0.10271347894125854,0.046875,0.010550058756216361,0.002197265625,73.24567144393924,2.363880147672438,TRUE_WEATHERNEXT2:1.00,SKIP,NO,
57417,KXHIGHCHI-26MAY15-T78,2026-05-15 03:00:51.827354+00:00,KMDW,2026-05-15,1,79.0,,0,0.1813734710289951,0.0,0.03289633599310572,0.0,73.24567144393924,2.363880147672438,TRUE_WEATHERNEXT2:1.00,SKIP,NO,
57416,KXHIGHCHI-26MAY15-B73.5,2026-05-15 03:00:51.215803+00:00,KMDW,2026-05-15,1,73.0,75.0,0,0.1588543257518153,0.3125,0.025234696810063847,0.09765625,73.24567144393924,2.363880147672438,TRUE_WEATHERNEXT2:1.00,SKIP,NO,
57415,KXHIGHCHI-26MAY15-T71,2026-05-15 03:00:50.617523+00:00,KMDW,2026-05-15,1,,71.0,0,0.3054618371316934,0.15625,0.09330693394386919,0.0244140625,73.24567144393924,2.363880147672438,TRUE_WEATHERNEXT2:1.00,OPEN,NO,5.68
57414,KXHIGHCHI-26MAY15-B71.5,2026-05-15 03:00:50.035890+00:00,KMDW,2026-05-15,1,71.0,73.0,0,0.15885155124028558,0.296875,0.025233815331445072,0.088134765625,73.24567144393924,2.363880147672438,TRUE_WEATHERNEXT2:1.00,SKIP,YES,
57413,KXHIGHCHI-26MAY15-B75.5,2026-05-15 03:00:49.441332+00:00,KMDW,2026-05-15,1,75.0,77.0,1,0.1278286578164459,0.1875,0.7606828501262621,0.66015625,73.24567144393924,2.363880147672438,TRUE_WEATHERNEXT2:1.00,OPEN,YES,150.13000000000002
57400,KXHIGHCHI-26MAY15-B75.5,2026-05-15 02:55:29.152930+00:00,KMDW,2026-05-15,1,75.0,77.0,1,0.1274537704149749,0.1875,0.7613369227630432,0.66015625,73.24567144393924,2.363880147672438,TRUE_WEATHERNEXT2:1.00,OPEN,YES,150.13000000000002
57399,KXHIGHCHI-26MAY15-B71.5,2026-05-15 02:55:28.564556+00:00,KMDW,2026-05-15,1,71.0,73.0,0,0.15885158149049136,0.296875,0.025233824942030216,0.088134765625,73.24567144393924,2.363880147672438,TRUE_WEATHERNEXT2:1.00,SKIP,YES,
57398,KXHIGHCHI-26MAY15-T71,2026-05-15 02:55:27.972220+00:00,KMDW,2026-05-15,1,,71.0,0,0.30675043540144914,0.15625,0.09409582961897862,0.0244140625,73.24567144393924,2.363880147672438,TRUE_WEATHERNEXT2:1.00,OPEN,NO,5.68
57397,KXHIGHCHI-26MAY15-B77.5,2026-05-15 02:55:27.399200+00:00,KMDW,2026-05-15,1,77.0,79.0,0,0.10246981836101661,0.046875,0.010500063674939736,0.002197265625,73.24567144393924,2.363880147672438,TRUE_WEATHERNEXT2:1.00,SKIP,NO,
57396,KXHIGHCHI-26MAY15-B73.5,2026-05-15 02:55:26.801843+00:00,KMDW,2026-05-15,1,73.0,75.0,0,0.15885432575181532,0.3125,0.025234696810063857,0.09765625,73.24567144393924,2.363880147672438,TRUE_WEATHERNEXT2:1.00,SKIP,NO,
57395,KXHIGHCHI-26MAY15-T78,2026-05-15 02:55:26.189344+00:00,KMDW,2026-05-15,1,79.0,,0,0.18070339049074652,0.0,0.032653715334851216,0.0,73.24567144393924,2.363880147672438,TRUE_WEATHERNEXT2:1.00,SKIP,NO,
57382,KXHIGHCHI-26MAY15-T71,2026-05-15 02:50:16.735436+00:00,KMDW,2026-05-15,1,,71.0,0,0.30799624859753794,0.15625,0.09486168915015639,0.0244140625,73.24567144393924,2.363880147672438,TRUE_WEATHERNEXT2:1.00,OPEN,NO,5.1899999999999995
57381,KXHIGHCHI-26MAY15-B75.5,2026-05-15 02:50:16.111810+00:00,KMDW,2026-05-15,1,75.0,77.0,1,0.12709133032580064,0.1875,0.7619695455923804,0.66015625,73.24567144393924,2.363880147672438,TRUE_WEATHERNEXT2:1.00,OPEN,YES,150.13000000000002
57380,KXHIGHCHI-26MAY15-B71.5,2026-05-15 02:50:15.509541+00:00,KMDW,2026-05-15,1,71.0,73.0,0,0.1588516107363057,0.296875,0.025233834233518788,0.088134765625,73.24567144393924,2.363880147672438,TRUE_WEATHERNEXT2:1.00,SKIP,YES,
57379,KXHIGHCHI-26MAY15-B77.5,2026-05-15 02:50:14.919903+00:00,KMDW,2026-05-15,1,77.0,79.0,0,0.10223424799486232,0.046875,0.01045184146307501,0.002197265625,73.24567144393924,2.363880147672438,TRUE_WEATHERNEXT2:1.00,SKIP,NO,
57378,KXHIGHCHI-26MAY15-T78,2026-05-15 02:50:14.316099+00:00,KMDW,2026-05-15,1,79.0,,0,0.18005555850417193,0.0,0.03242000414824928,0.0,73.24567144393924,2.363880147672438,TRUE_WEATHERNEXT2:1.00,SKIP,NO,
57377,KXHIGHCHI-26MAY15-B73.5,2026-05-15 02:50:13.718036+00:00,KMDW,2026-05-15,1,73.0,75.0,0,0.15885432575181532,0.3125,0.025234696810063857,0.09765625,73.24567144393924,2.363880147672438,TRUE_WEATHERNEXT2:1.00,SKIP,NO,
57364,KXHIGHCHI-26MAY15-B77.5,2026-05-15 02:45:01.852681+00:00,KMDW,2026-05-15,1,77.0,79.0,0,0.10199708199008989,0.046875,0.010403404734493119,0.002197265625,73.24567144393924,2.363880147672438,TRUE_WEATHERNEXT2:1.00,SKIP,NO,
57363,KXHIGHCHI-26MAY15-B75.5,2026-05-15 02:45:01.249967+00:00,KMDW,2026-05-15,1,75.0,77.0,1,0.12672643524446245,0.1875,0.762606718900844,0.66015625,73.24567144393924,2.363880147672438,TRUE_WEATHERNEXT2:1.00,OPEN,YES,89.65
57362,KXHIGHCHI-26MAY15-B71.5,2026-05-15 02:45:00.650831+00:00,KMDW,2026-05-15,1,71.0,73.0,0,0.15885164018021677,0.296875,0.02523384358794506,0.088134765625,73.24567144393924,2.363880147672438,TRUE_WEATHERNEXT2:1.00,SKIP,YES,
57361,KXHIGHCHI-26MAY15-T71,2026-05-15 02:45:00.052995+00:00,KMDW,2026-05-15,1,,71.0,0,0.3092505003238165,0.15625,0.09563587195053083,0.0244140625,73.24567144393924,2.363880147672438,TRUE_WEATHERNEXT2:1.00,OPEN,NO,5.1899999999999995
57360,KXHIGHCHI-26MAY15-B73.5,2026-05-15 02:44:59.479063+00:00,KMDW,2026-05-15,1,73.0,75.0,0,0.15885432575181518,0.3125,0.025234696810063812,0.09765625,73.24567144393924,2.363880147672438,TRUE_WEATHERNEXT2:1.00,SKIP,NO,
57359,KXHIGHCHI-26MAY15-T78,2026-05-15 02:44:58.901226+00:00,KMDW,2026-05-15,1,79.0,,0,0.1794033384200931,0.0,0.03218555783627445,0.0,73.24567144393924,2.363880147672438,TRUE_WEATHERNEXT2:1.00,SKIP,NO,
57346,KXHIGHCHI-26MAY15-B71.5,2026-05-15 02:39:42.543278+00:00,KMDW,2026-05-15,1,71.0,73.0,0,0.15885167005440237,0.296875,0.025233853079072714,0.088134765625,73.24567144393924,2.363880147672438,TRUE_WEATHERNEXT2:1.00,SKIP,NO,
57345,KXHIGHCHI-26MAY15-T71,2026-05-15 02:39:41.938021+00:00,KMDW,2026-05-15,1,,71.0,0,0.31052308088372926,0.15625,0.09642458376152306,0.0244140625,73.24567144393924,2.363880147672438,TRUE_WEATHERNEXT2:1.00,OPEN,NO,4.529999999999999
57344,KXHIGHCHI-26MAY15-B75.5,2026-05-15 02:39:41.357905+00:00,KMDW,2026-05-15,1,75.0,77.0,1,0.1263562078194646,0.1875,0.7632534756155864,0.66015625,73.24567144393924,2.363880147672438,TRUE_WEATHERNEXT2:1.00,OPEN,YES,44.57
57343,KXHIGHCHI-26MAY15-B77.5,2026-05-15 02:39:40.777326+00:00,KMDW,2026-05-15,1,77.0,79.0,0,0.10175645019280227,0.046875,0.01035437515584025,0.002197265625,73.24567144393924,2.363880147672438,TRUE_WEATHERNEXT2:1.00,SKIP,YES,
57342,KXHIGHCHI-26MAY15-B73.5,2026-05-15 02:39:40.175662+00:00,KMDW,2026-05-15,1,73.0,75.0,0,0.15885432575181532,0.3125,0.025234696810063857,0.09765625,73.24567144393924,2.363880147672438,TRUE_WEATHERNEXT2:1.00,SKIP,NO,
57341,KXHIGHCHI-26MAY15-T78,2026-05-15 02:39:39.577965+00:00,KMDW,2026-05-15,1,79.0,,0,0.17874158720827998,0.0,0.031948554997735155,0.0,73.24567144393924,2.363880147672438,TRUE_WEATHERNEXT2:1.00,SKIP,NO,
57328,KXHIGHCHI-26MAY15-B71.5,2026-05-15 02:34:30.515919+00:00,KMDW,2026-05-15,1,71.0,73.0,0,0.15885169924864953,0.296875,0.0252338623541834,0.088134765625,73.24567144393924,2.363880147672438,TRUE_WEATHERNEXT2:1.00,SKIP,YES,
57327,KXHIGHCHI-26MAY15-B75.5,2026-05-15 02:34:29.893143+00:00,KMDW,2026-05-15,1,75.0,77.0,1,0.1259944067957956,0.1875,0.7638857769522331,0.66015625,73.24567144393924,2.363880147672438,TRUE_WEATHERNEXT2:1.00,OPEN,YES,44.57
57326,KXHIGHCHI-26MAY15-T71,2026-05-15 02:34:29.330239+00:00,KMDW,2026-05-15,1,,71.0,0,0.3117666974236992,0.15625,0.09719847362248042,0.0244140625,73.24567144393924,2.363880147672438,TRUE_WEATHERNEXT2:1.00,OPEN,NO,4.529999999999999
57325,KXHIGHCHI-26MAY15-B77.5,2026-05-15 02:34:28.761778+00:00,KMDW,2026-05-15,1,77.0,79.0,0,0.10152129519155813,0.046875,0.010306573377371484,0.002197265625,73.24567144393924,2.363880147672438,TRUE_WEATHERNEXT2:1.00,SKIP,NO,
57324,KXHIGHCHI-26MAY15-B73.5,2026-05-15 02:34:28.174545+00:00,KMDW,2026-05-15,1,73.0,75.0,0,0.15885432575181532,0.3125,0.025234696810063857,0.09765625,73.24567144393924,2.363880147672438,TRUE_WEATHERNEXT2:1.00,SKIP,NO,
57323,KXHIGHCHI-26MAY15-T78,2026-05-15 02:34:27.582663+00:00,KMDW,2026-05-15,1,79.0,,0,0.17809489749897606,0.0,0.03171779251517079,0.0,73.24567144393924,2.363880147672438,TRUE_WEATHERNEXT2:1.00,SKIP,NO,
57310,KXHIGHCHI-26MAY15-B71.5,2026-05-15 02:29:13.015002+00:00,KMDW,2026-05-15,1,71.0,73.0,0,0.15885172897599487,0.296875,0.025233871798662925,0.088134765625,73.24567144393924,2.363880147672438,TRUE_WEATHERNEXT2:1.00,SKIP,YES,
57309,KXHIGHCHI-26MAY15-T78,2026-05-15 02:29:12.433036+00:00,KMDW,2026-05-15,1,79.0,,0,0.1774363989864754,0.0,0.03148367568528769,0.0,73.24567144393924,2.363880147672438,TRUE_WEATHERNEXT2:1.00,SKIP,NO,
57308,KXHIGHCHI-26MAY15-T71,2026-05-15 02:29:11.815930+00:00,KMDW,2026-05-15,1,,71.0,0,0.31303302288073,0.15625,0.09798967341384762,0.0244140625,73.24567144393924,2.363880147672438,TRUE_WEATHERNEXT2:1.00,OPEN,NO,4.529999999999999
57307,KXHIGHCHI-26MAY15-B73.5,2026-05-15 02:29:11.243031+00:00,KMDW,2026-05-15,1,73.0,75.0,0,0.1588543257518153,0.3125,0.025234696810063847,0.09765625,73.24567144393924,2.363880147672438,TRUE_WEATHERNEXT2:1.00,SKIP,NO,
57306,KXHIGHCHI-26MAY15-B77.5,2026-05-15 02:29:10.613449+00:00,KMDW,2026-05-15,1,77.0,79.0,0,0.10128184616940956,0.046875,0.010258012363483943,0.002197265625,73.24567144393924,2.363880147672438,TRUE_WEATHERNEXT2:1.00,SKIP,NO,
57305,KXHIGHCHI-26MAY15-B75.5,2026-05-15 02:29:10.018069+00:00,KMDW,2026-05-15,1,75.0,77.0,1,0.12562599914606873,0.1875,0.7645298933693105,0.66015625,73.24567144393924,2.363880147672438,TRUE_WEATHERNEXT2:1.00,OPEN,YES,65.57
57292,KXHIGHCHI-26MAY15-B77.5,2026-05-15 02:23:46.556918+00:00,KMDW,2026-05-15,1,77.0,79.0,0,0.10103593367123315,0.046875,0.010208259892817824,0.002197265625,73.24567144393924,2.363880147672438,TRUE_WEATHERNEXT2:1.00,SKIP,YES,
57291,KXHIGHCHI-26MAY15-B75.5,2026-05-15 02:23:45.971694+00:00,KMDW,2026-05-15,1,75.0,77.0,1,0.1252476470246918,0.1875,0.7651916790358382,0.66015625,73.24567144393924,2.363880147672438,TRUE_WEATHERNEXT2:1.00,OPEN,YES,89.65
57290,KXHIGHCHI-26MAY15-B71.5,2026-05-15 02:23:45.383139+00:00,KMDW,2026-05-15,1,71.0,73.0,0,0.1588517595057739,0.296875,0.02523388149808023,0.088134765625,73.24567144393924,2.363880147672438,TRUE_WEATHERNEXT2:1.00,SKIP,NO,
57289,KXHIGHCHI-26MAY15-T78,2026-05-15 02:23:44.788534+00:00,KMDW,2026-05-15,1,79.0,,0,0.17676012554504977,0.0,0.031244141982701756,0.0,73.24567144393924,2.363880147672438,TRUE_WEATHERNEXT2:1.00,SKIP,NO,
57288,KXHIGHCHI-26MAY15-T71,2026-05-15 02:23:44.199690+00:00,KMDW,2026-05-15,1,,71.0,0,0.3143335304119299,0.15625,0.09880556834122767,0.0244140625,73.24567144393924,2.363880147672438,TRUE_WEATHERNEXT2:1.00,OPEN,NO,4.529999999999999
57287,KXHIGHCHI-26MAY15-B73.5,2026-05-15 02:23:43.623861+00:00,KMDW,2026-05-15,1,73.0,75.0,0,0.15885432575181532,0.3125,0.025234696810063857,0.09765625,73.24567144393924,2.363880147672438,TRUE_WEATHERNEXT2:1.00,SKIP,NO,
57274,KXHIGHCHI-26MAY15-T78,2026-05-15 02:18:32.911224+00:00,KMDW,2026-05-15,1,79.0,,0,0.17610989661318527,0.0,0.031014695685106803,0.0,73.24567144393924,2.363880147672438,TRUE_WEATHERNEXT2:1.00,SKIP,YES,
57273,KXHIGHCHI-26MAY15-T71,2026-05-15 02:18:32.292649+00:00,KMDW,2026-05-15,1,,71.0,0,0.31558395305326764,0.15625,0.09959323142472704,0.0244140625,73.24567144393924,2.363880147672438,TRUE_WEATHERNEXT2:1.00,OPEN,NO,5.1899999999999995
57272,KXHIGHCHI-26MAY15-B75.5,2026-05-15 02:18:31.702588+00:00,KMDW,2026-05-15,1,75.0,77.0,1,0.12488386592568375,0.1875,0.7658282481171765,0.66015625,73.24567144393924,2.363880147672438,TRUE_WEATHERNEXT2:1.00,OPEN,YES,117.8
57271,KXHIGHCHI-26MAY15-B73.5,2026-05-15 02:18:31.088269+00:00,KMDW,2026-05-15,1,73.0,75.0,0,0.1588543257518153,0.3125,0.025234696810063847,0.09765625,73.24567144393924,2.363880147672438,TRUE_WEATHERNEXT2:1.00,SKIP,YES,
57270,KXHIGHCHI-26MAY15-B71.5,2026-05-15 02:18:30.486315+00:00,KMDW,2026-05-15,1,71.0,73.0,0,0.15885178885979617,0.296875,0.025233890823957262,0.088134765625,73.24567144393924,2.363880147672438,TRUE_WEATHERNEXT2:1.00,SKIP,NO,
57269,KXHIGHCHI-26MAY15-B77.5,2026-05-15 02:18:29.897030+00:00,KMDW,2026-05-15,1,77.0,79.0,0,0.10079949170674568,0.046875,0.01016053752833829,0.002197265625,73.24567144393924,2.363880147672438,TRUE_WEATHERNEXT2:1.00,SKIP,YES,
57256,KXHIGHCHI-26MAY15-T71,2026-05-15 02:13:13.269749+00:00,KMDW,2026-05-15,1,,71.0,0,0.31685878571949727,0.15625,0.10039949008763428,0.0244140625,73.24567144393924,2.363880147672438,TRUE_WEATHERNEXT2:1.00,OPEN,NO,4.529999999999999
57255,KXHIGHCHI-26MAY15-B73.5,2026-05-15 02:13:12.620564+00:00,KMDW,2026-05-15,1,73.0,75.0,0,0.15885432575181532,0.3125,0.025234696810063857,0.09765625,73.24567144393924,2.363880147672438,TRUE_WEATHERNEXT2:1.00,SKIP,NO,
57254,KXHIGHCHI-26MAY15-T78,2026-05-15 02:13:12.035308+00:00,KMDW,2026-05-15,1,79.0,,0,0.1754469742895925,0.0,0.03078164078737293,0.0,73.24567144393924,2.363880147672438,TRUE_WEATHERNEXT2:1.00,SKIP,YES,
57253,KXHIGHCHI-26MAY15-B75.5,2026-05-15 02:13:11.421043+00:00,KMDW,2026-05-15,1,75.0,77.0,1,0.12451298330324796,0.1875,0.766477516404579,0.66015625,73.24567144393924,2.363880147672438,TRUE_WEATHERNEXT2:1.00,OPEN,YES,26.57
57252,KXHIGHCHI-26MAY15-B71.5,2026-05-15 02:13:10.819973+00:00,KMDW,2026-05-15,1,71.0,73.0,0,0.1588518187868507,0.296875,0.025233900331890453,0.088134765625,73.24567144393924,2.363880147672438,TRUE_WEATHERNEXT2:1.00,SKIP,NO,
57251,KXHIGHCHI-26MAY15-B77.5,2026-05-15 02:13:10.225667+00:00,KMDW,2026-05-15,1,77.0,79.0,0,0.20911675941288993,0.046875,0.04372981906734849,0.002197265625,73.24567144393924,2.363880147672438,TRUE_WEATHERNEXT2:1.00,OPEN,YES,-1.070000000000001
57238,KXHIGHCHI-26MAY15-B73.5,2026-05-15 02:08:00.505953+00:00,KMDW,2026-05-15,1,73.0,75.0,0,0.1588543257518153,0.3125,0.025234696810063847,0.09765625,73.24567144393924,2.363880147672438,TRUE_WEATHERNEXT2:1.00,SKIP,NO,
57237,KXHIGHCHI-26MAY15-T78,2026-05-15 02:07:59.872715+00:00,KMDW,2026-05-15,1,79.0,,0,0.17479889964088918,0.0,0.03055465531566565,0.0,73.24567144393924,2.363880147672438,TRUE_WEATHERNEXT2:1.00,SKIP,YES,
57236,KXHIGHCHI-26MAY15-B71.5,2026-05-15 02:07:59.206564+00:00,KMDW,2026-05-15,1,71.0,73.0,0,0.1588518480436197,0.296875,0.025233909626873247,0.088134765625,73.24567144393924,2.363880147672438,TRUE_WEATHERNEXT2:1.00,SKIP,NO,
57235,KXHIGHCHI-26MAY15-T71,2026-05-15 02:07:58.583006+00:00,KMDW,2026-05-15,1,,71.0,0,0.31810506556695317,0.15625,0.10119083273935557,0.0244140625,73.24567144393924,2.363880147672438,TRUE_WEATHERNEXT2:1.00,OPEN,NO,4.529999999999999
57234,KXHIGHCHI-26MAY15-B75.5,2026-05-15 02:07:58.003299+00:00,KMDW,2026-05-15,1,75.0,77.0,1,0.12415040745281863,0.1875,0.7671125087650638,0.66015625,73.24567144393924,2.363880147672438,TRUE_WEATHERNEXT2:1.00,OPEN,YES,117.8
57233,KXHIGHCHI-26MAY15-B77.5,2026-05-15 02:07:57.394639+00:00,KMDW,2026-05-15,1,77.0,79.0,0,0.2088811008077976,0.046875,0.0436313142746773,0.002197265625,73.24567144393924,2.363880147672438,TRUE_WEATHERNEXT2:1.00,OPEN,YES,-1.070000000000001
57220,KXHIGHCHI-26MAY15-B77.5,2026-05-15 02:02:46.480876+00:00,KMDW,2026-05-15,1,77.0,79.0,0,0.10569660529136522,0.046875,0.011171772370118654,0.002197265625,73.24567144393924,2.363880147672438,TRUE_WEATHERNEXT2:1.00,OPEN,YES,-1.070000000000001
57219,KXHIGHCHI-26MAY15-B73.5,2026-05-15 02:02:45.885388+00:00,KMDW,2026-05-15,1,73.0,75.0,0,0.11671345017933606,0.3125,0.01362202945276436,0.09765625,73.24567144393924,2.363880147672438,TRUE_WEATHERNEXT2:1.00,SKIP,NO,
63619,KXHIGHMIA-26MAY15-B89.5,2026-05-15 23:55:12.373711+00:00,KMIA,2026-05-15,0,89.0,91.0,0,0.0328926071816604,0.050761421319796954,0.0010819236072070173,0.0025767218944059366,85.71851437331456,2.4356554351377815,"TRUE_ECMWF_AIFS_ENS:0.26,TRUE_ECMWF_IFS_ENS:0.26,TRUE_GFS_ENS:0.16,TRUE_WEATHERNEXT2:0.32",OPEN,YES,-10.120000000000008
63618,KXHIGHMIA-26MAY15-B91.5,2026-05-15 23:55:11.783895+00:00,KMIA,2026-05-15,0,91.0,93.0,0,0.03289260718166041,0.0,0.0010819236072070182,0.0,85.71851437331456,2.4356554351377815,"TRUE_ECMWF_AIFS_ENS:0.26,TRUE_ECMWF_IFS_ENS:0.26,TRUE_GFS_ENS:0.16,TRUE_WEATHERNEXT2:0.32",SKIP,YES,
63617,KXHIGHMIA-26MAY15-B85.5,2026-05-15 23:55:11.152266+00:00,KMIA,2026-05-15,0,85.0,87.0,0,0.03289260718166041,0.2639593908629442,0.0010819236072070182,0.06967456002473654,85.71851437331456,2.4356554351377815,"TRUE_ECMWF_AIFS_ENS:0.26,TRUE_ECMWF_IFS_ENS:0.26,TRUE_GFS_ENS:0.16,TRUE_WEATHERNEXT2:0.32",OPEN,YES,-19.990000000000016
63616,KXHIGHMIA-26MAY15-T85,2026-05-15 23:55:10.536041+00:00,KMIA,2026-05-15,0,,85.0,0,0.03289260718166041,0.34517766497461927,0.0010819236072070182,0.1191476203973305,85.71851437331456,2.4356554351377815,"TRUE_ECMWF_AIFS_ENS:0.26,TRUE_ECMWF_IFS_ENS:0.26,TRUE_GFS_ENS:0.16,TRUE_WEATHERNEXT2:0.32",OPEN,YES,-19.990000000000016
63615,KXHIGHMIA-26MAY15-T92,2026-05-15 23:55:09.945013+00:00,KMIA,2026-05-15,0,93.0,,1,0.84,0.0,0.02560000000000001,1.0,85.71851437331456,2.4356554351377815,"TRUE_ECMWF_AIFS_ENS:0.26,TRUE_ECMWF_IFS_ENS:0.26,TRUE_GFS_ENS:0.16,TRUE_WEATHERNEXT2:0.32",OPEN,NO,-19.990000000000016
63614,KXHIGHMIA-26MAY15-B87.5,2026-05-15 23:55:09.393773+00:00,KMIA,2026-05-15,0,87.0,89.0,0,0.0328926071816604,0.3401015228426396,0.0010819236072070173,0.11566904583988251,85.71851437331456,2.4356554351377815,"TRUE_ECMWF_AIFS_ENS:0.26,TRUE_ECMWF_IFS_ENS:0.26,TRUE_GFS_ENS:0.16,TRUE_WEATHERNEXT2:0.32",OPEN,YES,-19.990000000000016
63583,KXHIGHMIA-26MAY15-T85,2026-05-15 23:49:40.460344+00:00,KMIA,2026-05-15,0,,85.0,0,0.03289260718166041,0.34517766497461927,0.0010819236072070182,0.1191476203973305,85.71851437331456,2.4356554351377815,"TRUE_ECMWF_AIFS_ENS:0.26,TRUE_ECMWF_IFS_ENS:0.26,TRUE_GFS_ENS:0.16,TRUE_WEATHERNEXT2:0.32",OPEN,YES,-19.990000000000016
63582,KXHIGHMIA-26MAY15-T92,2026-05-15 23:49:39.861364+00:00,KMIA,2026-05-15,0,93.0,,1,0.84,0.0,0.02560000000000001,1.0,85.71851437331456,2.4356554351377815,"TRUE_ECMWF_AIFS_ENS:0.26,TRUE_ECMWF_IFS_ENS:0.26,TRUE_GFS_ENS:0.16,TRUE_WEATHERNEXT2:0.32",OPEN,NO,-19.990000000000016
63581,KXHIGHMIA-26MAY15-B87.5,2026-05-15 23:49:39.278227+00:00,KMIA,2026-05-15,0,87.0,89.0,0,0.0328926071816604,0.3401015228426396,0.0010819236072070173,0.11566904583988251,85.71851437331456,2.4356554351377815,"TRUE_ECMWF_AIFS_ENS:0.26,TRUE_ECMWF_IFS_ENS:0.26,TRUE_GFS_ENS:0.16,TRUE_WEATHERNEXT2:0.32",OPEN,YES,-19.990000000000016
63580,KXHIGHMIA-26MAY15-B89.5,2026-05-15 23:49:38.685700+00:00,KMIA,2026-05-15,0,89.0,91.0,0,0.03289260718166042,0.050761421319796954,0.0010819236072070186,0.0025767218944059366,85.71851437331456,2.4356554351377815,"TRUE_ECMWF_AIFS_ENS:0.26,TRUE_ECMWF_IFS_ENS:0.26,TRUE_GFS_ENS:0.16,TRUE_WEATHERNEXT2:0.32",OPEN,YES,-10.120000000000008
63579,KXHIGHMIA-26MAY15-B91.5,2026-05-15 23:49:38.087643+00:00,KMIA,2026-05-15,0,91.0,93.0,0,0.03289260718166039,0.0,0.001081923607207017,0.0,85.71851437331456,2.4356554351377815,"TRUE_ECMWF_AIFS_ENS:0.26,TRUE_ECMWF_IFS_ENS:0.26,TRUE_GFS_ENS:0.16,TRUE_WEATHERNEXT2:0.32",SKIP,YES,
63578,KXHIGHMIA-26MAY15-B85.5,2026-05-15 23:49:37.442618+00:00,KMIA,2026-05-15,0,85.0,87.0,0,0.03289260718166041,0.2639593908629442,0.0010819236072070182,0.06967456002473654,85.71851437331456,2.4356554351377815,"TRUE_ECMWF_AIFS_ENS:0.26,TRUE_ECMWF_IFS_ENS:0.26,TRUE_GFS_ENS:0.16,TRUE_WEATHERNEXT2:0.32",OPEN,YES,-19.990000000000016
63543,KXHIGHMIA-26MAY15-B91.5,2026-05-15 23:44:03.051226+00:00,KMIA,2026-05-15,0,91.0,93.0,0,0.03289260718166041,0.0,0.0010819236072070182,0.0,85.71851437331456,2.4356554351377815,"TRUE_ECMWF_AIFS_ENS:0.26,TRUE_ECMWF_IFS_ENS:0.26,TRUE_GFS_ENS:0.16,TRUE_WEATHERNEXT2:0.32",SKIP,YES,
63542,KXHIGHMIA-26MAY15-B87.5,2026-05-15 23:44:02.424440+00:00,KMIA,2026-05-15,0,87.0,89.0,0,0.03289260718166041,0.3401015228426396,0.0010819236072070182,0.11566904583988251,85.71851437331456,2.4356554351377815,"TRUE_ECMWF_AIFS_ENS:0.26,TRUE_ECMWF_IFS_ENS:0.26,TRUE_GFS_ENS:0.16,TRUE_WEATHERNEXT2:0.32",OPEN,YES,-19.990000000000016
63541,KXHIGHMIA-26MAY15-B89.5,2026-05-15 23:44:01.784699+00:00,KMIA,2026-05-15,0,89.0,91.0,0,0.0328926071816604,0.050761421319796954,0.0010819236072070173,0.0025767218944059366,85.71851437331456,2.4356554351377815,"TRUE_ECMWF_AIFS_ENS:0.26,TRUE_ECMWF_IFS_ENS:0.26,TRUE_GFS_ENS:0.16,TRUE_WEATHERNEXT2:0.32",OPEN,YES,-10.120000000000008
63540,KXHIGHMIA-26MAY15-B85.5,2026-05-15 23:44:01.153070+00:00,KMIA,2026-05-15,0,85.0,87.0,0,0.0328926071816604,0.2639593908629442,0.0010819236072070173,0.06967456002473654,85.71851437331456,2.4356554351377815,"TRUE_ECMWF_AIFS_ENS:0.26,TRUE_ECMWF_IFS_ENS:0.26,TRUE_GFS_ENS:0.16,TRUE_WEATHERNEXT2:0.32",OPEN,YES,-19.990000000000016
63539,KXHIGHMIA-26MAY15-T85,2026-05-15 23:44:00.526912+00:00,KMIA,2026-05-15,0,,85.0,0,0.03289260718166039,0.34517766497461927,0.001081923607207017,0.1191476203973305,85.71851437331456,2.4356554351377815,"TRUE_ECMWF_AIFS_ENS:0.26,TRUE_ECMWF_IFS_ENS:0.26,TRUE_GFS_ENS:0.16,TRUE_WEATHERNEXT2:0.32",OPEN,YES,-19.990000000000016
63538,KXHIGHMIA-26MAY15-T92,2026-05-15 23:43:59.916572+00:00,KMIA,2026-05-15,0,93.0,,1,0.84,0.0,0.02560000000000001,1.0,85.71851437331456,2.4356554351377815,"TRUE_ECMWF_AIFS_ENS:0.26,TRUE_ECMWF_IFS_ENS:0.26,TRUE_GFS_ENS:0.16,TRUE_WEATHERNEXT2:0.32",OPEN,NO,-19.990000000000016
63514,KXHIGHMIA-26MAY15-B87.5,2026-05-15 23:38:24.932330+00:00,KMIA,2026-05-15,0,87.0,89.0,0,0.0328926071816604,0.3401015228426396,0.0010819236072070173,0.11566904583988251,85.71851437331456,2.4356554351377815,"TRUE_ECMWF_AIFS_ENS:0.26,TRUE_ECMWF_IFS_ENS:0.26,TRUE_GFS_ENS:0.16,TRUE_WEATHERNEXT2:0.32",OPEN,YES,-19.990000000000016
63513,KXHIGHMIA-26MAY15-B85.5,2026-05-15 23:38:24.327073+00:00,KMIA,2026-05-15,0,85.0,87.0,0,0.0328926071816604,0.2639593908629442,0.0010819236072070173,0.06967456002473654,85.71851437331456,2.4356554351377815,"TRUE_ECMWF_AIFS_ENS:0.26,TRUE_ECMWF_IFS_ENS:0.26,TRUE_GFS_ENS:0.16,TRUE_WEATHERNEXT2:0.32",OPEN,YES,-19.990000000000016
63512,KXHIGHMIA-26MAY15-T85,2026-05-15 23:38:23.699553+00:00,KMIA,2026-05-15,0,,85.0,0,0.0328926071816604,0.34517766497461927,0.0010819236072070173,0.1191476203973305,85.71851437331456,2.4356554351377815,"TRUE_ECMWF_AIFS_ENS:0.26,TRUE_ECMWF_IFS_ENS:0.26,TRUE_GFS_ENS:0.16,TRUE_WEATHERNEXT2:0.32",OPEN,YES,-19.990000000000016
63511,KXHIGHMIA-26MAY15-B89.5,2026-05-15 23:38:23.079268+00:00,KMIA,2026-05-15,0,89.0,91.0,0,0.03289260718166041,0.050761421319796954,0.0010819236072070182,0.0025767218944059366,85.71851437331456,2.4356554351377815,"TRUE_ECMWF_AIFS_ENS:0.26,TRUE_ECMWF_IFS_ENS:0.26,TRUE_GFS_ENS:0.16,TRUE_WEATHERNEXT2:0.32",OPEN,YES,-10.120000000000008
63510,KXHIGHMIA-26MAY15-B91.5,2026-05-15 23:38:22.463115+00:00,KMIA,2026-05-15,0,91.0,93.0,0,0.0328926071816604,0.0,0.0010819236072070173,0.0,85.71851437331456,2.4356554351377815,"TRUE_ECMWF_AIFS_ENS:0.26,TRUE_ECMWF_IFS_ENS:0.26,TRUE_GFS_ENS:0.16,TRUE_WEATHERNEXT2:0.32",SKIP,YES,
63509,KXHIGHMIA-26MAY15-T92,2026-05-15 23:38:21.642817+00:00,KMIA,2026-05-15,0,93.0,,1,0.84,0.0,0.02560000000000001,1.0,85.71851437331456,2.4356554351377815,"TRUE_ECMWF_AIFS_ENS:0.26,TRUE_ECMWF_IFS_ENS:0.26,TRUE_GFS_ENS:0.16,TRUE_WEATHERNEXT2:0.32",OPEN,NO,-19.990000000000016
63479,KXHIGHMIA-26MAY15-B87.5,2026-05-15 23:32:59.166963+00:00,KMIA,2026-05-15,0,87.0,89.0,0,0.03289260718166041,0.3401015228426396,0.0010819236072070182,0.11566904583988251,85.71851437331456,2.4356554351377815,"TRUE_ECMWF_AIFS_ENS:0.26,TRUE_ECMWF_IFS_ENS:0.26,TRUE_GFS_ENS:0.16,TRUE_WEATHERNEXT2:0.32",OPEN,YES,-19.990000000000016
63478,KXHIGHMIA-26MAY15-B85.5,2026-05-15 23:32:58.566343+00:00,KMIA,2026-05-15,0,85.0,87.0,0,0.0328926071816604,0.2639593908629442,0.0010819236072070173,0.06967456002473654,85.71851437331456,2.4356554351377815,"TRUE_ECMWF_AIFS_ENS:0.26,TRUE_ECMWF_IFS_ENS:0.26,TRUE_GFS_ENS:0.16,TRUE_WEATHERNEXT2:0.32",OPEN,YES,-19.990000000000016
63477,KXHIGHMIA-26MAY15-T92,2026-05-15 23:32:57.974681+00:00,KMIA,2026-05-15,0,93.0,,1,0.84,0.0,0.02560000000000001,1.0,85.71851437331456,2.4356554351377815,"TRUE_ECMWF_AIFS_ENS:0.26,TRUE_ECMWF_IFS_ENS:0.26,TRUE_GFS_ENS:0.16,TRUE_WEATHERNEXT2:0.32",OPEN,NO,-19.990000000000016
63476,KXHIGHMIA-26MAY15-B89.5,2026-05-15 23:32:57.407547+00:00,KMIA,2026-05-15,0,89.0,91.0,0,0.0328926071816604,0.050761421319796954,0.0010819236072070173,0.0025767218944059366,85.71851437331456,2.4356554351377815,"TRUE_ECMWF_AIFS_ENS:0.26,TRUE_ECMWF_IFS_ENS:0.26,TRUE_GFS_ENS:0.16,TRUE_WEATHERNEXT2:0.32",OPEN,YES,-10.120000000000008
63475,KXHIGHMIA-26MAY15-B91.5,2026-05-15 23:32:56.781579+00:00,KMIA,2026-05-15,0,91.0,93.0,0,0.0328926071816604,0.0,0.0010819236072070173,0.0,85.71851437331456,2.4356554351377815,"TRUE_ECMWF_AIFS_ENS:0.26,TRUE_ECMWF_IFS_ENS:0.26,TRUE_GFS_ENS:0.16,TRUE_WEATHERNEXT2:0.32",SKIP,YES,
63474,KXHIGHMIA-26MAY15-T85,2026-05-15 23:32:56.194199+00:00,KMIA,2026-05-15,0,,85.0,0,0.03289260718166041,0.34517766497461927,0.0010819236072070182,0.1191476203973305,85.71851437331456,2.4356554351377815,"TRUE_ECMWF_AIFS_ENS:0.26,TRUE_ECMWF_IFS_ENS:0.26,TRUE_GFS_ENS:0.16,TRUE_WEATHERNEXT2:0.32",OPEN,YES,-19.990000000000016
63439,KXHIGHMIA-26MAY15-B87.5,2026-05-15 23:27:24.886187+00:00,KMIA,2026-05-15,0,87.0,89.0,0,0.0328926071816604,0.3401015228426396,0.0010819236072070173,0.11566904583988251,85.71851437331456,2.4356554351377815,"TRUE_ECMWF_AIFS_ENS:0.26,TRUE_ECMWF_IFS_ENS:0.26,TRUE_GFS_ENS:0.16,TRUE_WEATHERNEXT2:0.32",OPEN,YES,-19.990000000000016
63438,KXHIGHMIA-26MAY15-B85.5,2026-05-15 23:27:24.189516+00:00,KMIA,2026-05-15,0,85.0,87.0,0,0.0328926071816604,0.2639593908629442,0.0010819236072070173,0.06967456002473654,85.71851437331456,2.4356554351377815,"TRUE_ECMWF_AIFS_ENS:0.26,TRUE_ECMWF_IFS_ENS:0.26,TRUE_GFS_ENS:0.16,TRUE_WEATHERNEXT2:0.32",OPEN,YES,-19.990000000000016
63437,KXHIGHMIA-26MAY15-T92,2026-05-15 23:27:23.548988+00:00,KMIA,2026-05-15,0,93.0,,1,0.84,0.0,0.02560000000000001,1.0,85.71851437331456,2.4356554351377815,"TRUE_ECMWF_AIFS_ENS:0.26,TRUE_ECMWF_IFS_ENS:0.26,TRUE_GFS_ENS:0.16,TRUE_WEATHERNEXT2:0.32",OPEN,NO,-19.990000000000016
63436,KXHIGHMIA-26MAY15-T85,2026-05-15 23:27:22.978491+00:00,KMIA,2026-05-15,0,,85.0,0,0.0328926071816604,0.34517766497461927,0.0010819236072070173,0.1191476203973305,85.71851437331456,2.4356554351377815,"TRUE_ECMWF_AIFS_ENS:0.26,TRUE_ECMWF_IFS_ENS:0.26,TRUE_GFS_ENS:0.16,TRUE_WEATHERNEXT2:0.32",OPEN,YES,-19.990000000000016
63435,KXHIGHMIA-26MAY15-B89.5,2026-05-15 23:27:22.371212+00:00,KMIA,2026-05-15,0,89.0,91.0,0,0.03289260718166041,0.050761421319796954,0.0010819236072070182,0.0025767218944059366,85.71851437331456,2.4356554351377815,"TRUE_ECMWF_AIFS_ENS:0.26,TRUE_ECMWF_IFS_ENS:0.26,TRUE_GFS_ENS:0.16,TRUE_WEATHERNEXT2:0.32",OPEN,YES,-10.120000000000008
63434,KXHIGHMIA-26MAY15-B91.5,2026-05-15 23:27:21.466031+00:00,KMIA,2026-05-15,0,91.0,93.0,0,0.0328926071816604,0.0,0.0010819236072070173,0.0,85.71851437331456,2.4356554351377815,"TRUE_ECMWF_AIFS_ENS:0.26,TRUE_ECMWF_IFS_ENS:0.26,TRUE_GFS_ENS:0.16,TRUE_WEATHERNEXT2:0.32",SKIP,YES,
63400,KXHIGHMIA-26MAY15-T92,2026-05-15 23:21:52.090415+00:00,KMIA,2026-05-15,0,93.0,,1,0.84,0.0,0.02560000000000001,1.0,85.71851437331456,2.4356554351377815,"TRUE_ECMWF_AIFS_ENS:0.26,TRUE_ECMWF_IFS_ENS:0.26,TRUE_GFS_ENS:0.16,TRUE_WEATHERNEXT2:0.32",OPEN,NO,-19.990000000000016
63399,KXHIGHMIA-26MAY15-T85,2026-05-15 23:21:51.547154+00:00,KMIA,2026-05-15,0,,85.0,0,0.03289260718166039,0.34517766497461927,0.001081923607207017,0.1191476203973305,85.71851437331456,2.4356554351377815,"TRUE_ECMWF_AIFS_ENS:0.26,TRUE_ECMWF_IFS_ENS:0.26,TRUE_GFS_ENS:0.16,TRUE_WEATHERNEXT2:0.32",OPEN,YES,-19.990000000000016
63398,KXHIGHMIA-26MAY15-B89.5,2026-05-15 23:21:50.934354+00:00,KMIA,2026-05-15,0,89.0,91.0,0,0.0328926071816604,0.050761421319796954,0.0010819236072070173,0.0025767218944059366,85.71851437331456,2.4356554351377815,"TRUE_ECMWF_AIFS_ENS:0.26,TRUE_ECMWF_IFS_ENS:0.26,TRUE_GFS_ENS:0.16,TRUE_WEATHERNEXT2:0.32",OPEN,YES,-10.120000000000008
63397,KXHIGHMIA-26MAY15-B91.5,2026-05-15 23:21:50.304508+00:00,KMIA,2026-05-15,0,91.0,93.0,0,0.0328926071816604,0.0,0.0010819236072070173,0.0,85.71851437331456,2.4356554351377815,"TRUE_ECMWF_AIFS_ENS:0.26,TRUE_ECMWF_IFS_ENS:0.26,TRUE_GFS_ENS:0.16,TRUE_WEATHERNEXT2:0.32",SKIP,YES,
63396,KXHIGHMIA-26MAY15-B87.5,2026-05-15 23:21:49.690739+00:00,KMIA,2026-05-15,0,87.0,89.0,0,0.03289260718166039,0.3401015228426396,0.001081923607207017,0.11566904583988251,85.71851437331456,2.4356554351377815,"TRUE_ECMWF_AIFS_ENS:0.26,TRUE_ECMWF_IFS_ENS:0.26,TRUE_GFS_ENS:0.16,TRUE_WEATHERNEXT2:0.32",OPEN,YES,-19.990000000000016
63395,KXHIGHMIA-26MAY15-B85.5,2026-05-15 23:21:49.072728+00:00,KMIA,2026-05-15,0,85.0,87.0,0,0.0328926071816604,0.2639593908629442,0.0010819236072070173,0.06967456002473654,85.71851437331456,2.4356554351377815,"TRUE_ECMWF_AIFS_ENS:0.26,TRUE_ECMWF_IFS_ENS:0.26,TRUE_GFS_ENS:0.16,TRUE_WEATHERNEXT2:0.32",OPEN,YES,-19.990000000000016
63370,KXHIGHMIA-26MAY15-B85.5,2026-05-15 23:16:16.365355+00:00,KMIA,2026-05-15,0,85.0,87.0,0,0.0328926071816604,0.2639593908629442,0.0010819236072070173,0.06967456002473654,85.71851437331456,2.4356554351377815,"TRUE_ECMWF_AIFS_ENS:0.26,TRUE_ECMWF_IFS_ENS:0.26,TRUE_GFS_ENS:0.16,TRUE_WEATHERNEXT2:0.32",OPEN,YES,-19.990000000000016
63369,KXHIGHMIA-26MAY15-B87.5,2026-05-15 23:16:15.752995+00:00,KMIA,2026-05-15,0,87.0,89.0,0,0.03289260718166039,0.3401015228426396,0.001081923607207017,0.11566904583988251,85.71851437331456,2.4356554351377815,"TRUE_ECMWF_AIFS_ENS:0.26,TRUE_ECMWF_IFS_ENS:0.26,TRUE_GFS_ENS:0.16,TRUE_WEATHERNEXT2:0.32",OPEN,YES,-19.990000000000016
63368,KXHIGHMIA-26MAY15-T92,2026-05-15 23:16:15.113844+00:00,KMIA,2026-05-15,0,93.0,,1,0.84,0.0,0.02560000000000001,1.0,85.71851437331456,2.4356554351377815,"TRUE_ECMWF_AIFS_ENS:0.26,TRUE_ECMWF_IFS_ENS:0.26,TRUE_GFS_ENS:0.16,TRUE_WEATHERNEXT2:0.32",OPEN,NO,-19.990000000000016
63367,KXHIGHMIA-26MAY15-T85,2026-05-15 23:16:14.539068+00:00,KMIA,2026-05-15,0,,85.0,0,0.03289260718166041,0.34517766497461927,0.0010819236072070182,0.1191476203973305,85.71851437331456,2.4356554351377815,"TRUE_ECMWF_AIFS_ENS:0.26,TRUE_ECMWF_IFS_ENS:0.26,TRUE_GFS_ENS:0.16,TRUE_WEATHERNEXT2:0.32",OPEN,YES,-19.990000000000016
63366,KXHIGHMIA-26MAY15-B89.5,2026-05-15 23:16:13.914920+00:00,KMIA,2026-05-15,0,89.0,91.0,0,0.0328926071816604,0.050761421319796954,0.0010819236072070173,0.0025767218944059366,85.71851437331456,2.4356554351377815,"TRUE_ECMWF_AIFS_ENS:0.26,TRUE_ECMWF_IFS_ENS:0.26,TRUE_GFS_ENS:0.16,TRUE_WEATHERNEXT2:0.32",OPEN,YES,-10.120000000000008
63365,KXHIGHMIA-26MAY15-B91.5,2026-05-15 23:16:13.281230+00:00,KMIA,2026-05-15,0,91.0,93.0,0,0.0328926071816604,0.0,0.0010819236072070173,0.0,85.71851437331456,2.4356554351377815,"TRUE_ECMWF_AIFS_ENS:0.26,TRUE_ECMWF_IFS_ENS:0.26,TRUE_GFS_ENS:0.16,TRUE_WEATHERNEXT2:0.32",SKIP,YES,
63333,KXHIGHMIA-26MAY15-B85.5,2026-05-15 23:10:50.068367+00:00,KMIA,2026-05-15,0,85.0,87.0,0,0.03289260718166041,0.2639593908629442,0.0010819236072070182,0.06967456002473654,85.71851437331456,2.4356554351377815,"TRUE_ECMWF_AIFS_ENS:0.26,TRUE_ECMWF_IFS_ENS:0.26,TRUE_GFS_ENS:0.16,TRUE_WEATHERNEXT2:0.32",OPEN,YES,-19.990000000000016
63332,KXHIGHMIA-26MAY15-B87.5,2026-05-15 23:10:49.398967+00:00,KMIA,2026-05-15,0,87.0,89.0,0,0.0328926071816604,0.3401015228426396,0.0010819236072070173,0.11566904583988251,85.71851437331456,2.4356554351377815,"TRUE_ECMWF_AIFS_ENS:0.26,TRUE_ECMWF_IFS_ENS:0.26,TRUE_GFS_ENS:0.16,TRUE_WEATHERNEXT2:0.32",OPEN,YES,-19.990000000000016
63331,KXHIGHMIA-26MAY15-T92,2026-05-15 23:10:48.788324+00:00,KMIA,2026-05-15,0,93.0,,1,0.84,0.0,0.02560000000000001,1.0,85.71851437331456,2.4356554351377815,"TRUE_ECMWF_AIFS_ENS:0.26,TRUE_ECMWF_IFS_ENS:0.26,TRUE_GFS_ENS:0.16,TRUE_WEATHERNEXT2:0.32",OPEN,NO,-19.990000000000016
63330,KXHIGHMIA-26MAY15-T85,2026-05-15 23:10:48.202667+00:00,KMIA,2026-05-15,0,,85.0,0,0.03289260718166041,0.34517766497461927,0.0010819236072070182,0.1191476203973305,85.71851437331456,2.4356554351377815,"TRUE_ECMWF_AIFS_ENS:0.26,TRUE_ECMWF_IFS_ENS:0.26,TRUE_GFS_ENS:0.16,TRUE_WEATHERNEXT2:0.32",OPEN,YES,-19.990000000000016
63329,KXHIGHMIA-26MAY15-B89.5,2026-05-15 23:10:47.526148+00:00,KMIA,2026-05-15,0,89.0,91.0,0,0.0328926071816604,0.050761421319796954,0.0010819236072070173,0.0025767218944059366,85.71851437331456,2.4356554351377815,"TRUE_ECMWF_AIFS_ENS:0.26,TRUE_ECMWF_IFS_ENS:0.26,TRUE_GFS_ENS:0.16,TRUE_WEATHERNEXT2:0.32",OPEN,YES,-10.120000000000008
63328,KXHIGHMIA-26MAY15-B91.5,2026-05-15 23:10:46.889901+00:00,KMIA,2026-05-15,0,91.0,93.0,0,0.0328926071816604,0.0,0.0010819236072070173,0.0,85.71851437331456,2.4356554351377815,"TRUE_ECMWF_AIFS_ENS:0.26,TRUE_ECMWF_IFS_ENS:0.26,TRUE_GFS_ENS:0.16,TRUE_WEATHERNEXT2:0.32",SKIP,YES,
63294,KXHIGHMIA-26MAY15-T85,2026-05-15 23:05:24.636935+00:00,KMIA,2026-05-15,0,,85.0,0,0.03289260718166041,0.34517766497461927,0.0010819236072070182,0.1191476203973305,85.71851437331456,2.4356554351377815,"TRUE_ECMWF_AIFS_ENS:0.26,TRUE_ECMWF_IFS_ENS:0.26,TRUE_GFS_ENS:0.16,TRUE_WEATHERNEXT2:0.32",OPEN,YES,-19.990000000000016
63293,KXHIGHMIA-26MAY15-B85.5,2026-05-15 23:05:24.001797+00:00,KMIA,2026-05-15,0,85.0,87.0,0,0.0328926071816604,0.2639593908629442,0.0010819236072070173,0.06967456002473654,85.71851437331456,2.4356554351377815,"TRUE_ECMWF_AIFS_ENS:0.26,TRUE_ECMWF_IFS_ENS:0.26,TRUE_GFS_ENS:0.16,TRUE_WEATHERNEXT2:0.32",OPEN,YES,-19.990000000000016
63292,KXHIGHMIA-26MAY15-B87.5,2026-05-15 23:05:23.330754+00:00,KMIA,2026-05-15,0,87.0,89.0,0,0.0328926071816604,0.3401015228426396,0.0010819236072070173,0.11566904583988251,85.71851437331456,2.4356554351377815,"TRUE_ECMWF_AIFS_ENS:0.26,TRUE_ECMWF_IFS_ENS:0.26,TRUE_GFS_ENS:0.16,TRUE_WEATHERNEXT2:0.32",OPEN,YES,-19.990000000000016
63291,KXHIGHMIA-26MAY15-B89.5,2026-05-15 23:05:22.695466+00:00,KMIA,2026-05-15,0,89.0,91.0,0,0.03289260718166041,0.050761421319796954,0.0010819236072070182,0.0025767218944059366,85.71851437331456,2.4356554351377815,"TRUE_ECMWF_AIFS_ENS:0.26,TRUE_ECMWF_IFS_ENS:0.26,TRUE_GFS_ENS:0.16,TRUE_WEATHERNEXT2:0.32",OPEN,YES,-10.120000000000008
63290,KXHIGHMIA-26MAY15-T92,2026-05-15 23:05:22.098355+00:00,KMIA,2026-05-15,0,93.0,,1,0.84,0.0,0.02560000000000001,1.0,85.71851437331456,2.4356554351377815,"TRUE_ECMWF_AIFS_ENS:0.26,TRUE_ECMWF_IFS_ENS:0.26,TRUE_GFS_ENS:0.16,TRUE_WEATHERNEXT2:0.32",OPEN,NO,-19.990000000000016
63289,KXHIGHMIA-26MAY15-B91.5,2026-05-15 23:05:21.490189+00:00,KMIA,2026-05-15,0,91.0,93.0,0,0.0328926071816604,0.0,0.0010819236072070173,0.0,85.71851437331456,2.4356554351377815,"TRUE_ECMWF_AIFS_ENS:0.26,TRUE_ECMWF_IFS_ENS:0.26,TRUE_GFS_ENS:0.16,TRUE_WEATHERNEXT2:0.32",SKIP,YES,
63257,KXHIGHMIA-26MAY15-T85,2026-05-15 22:59:53.087954+00:00,KMIA,2026-05-15,0,,85.0,0,0.0328926071816604,0.34517766497461927,0.0010819236072070173,0.1191476203973305,85.71851437331456,2.4356554351377815,"TRUE_ECMWF_AIFS_ENS:0.26,TRUE_ECMWF_IFS_ENS:0.26,TRUE_GFS_ENS:0.16,TRUE_WEATHERNEXT2:0.32",OPEN,YES,-19.990000000000016
63256,KXHIGHMIA-26MAY15-B85.5,2026-05-15 22:59:52.466311+00:00,KMIA,2026-05-15,0,85.0,87.0,0,0.0328926071816604,0.2639593908629442,0.0010819236072070173,0.06967456002473654,85.71851437331456,2.4356554351377815,"TRUE_ECMWF_AIFS_ENS:0.26,TRUE_ECMWF_IFS_ENS:0.26,TRUE_GFS_ENS:0.16,TRUE_WEATHERNEXT2:0.32",OPEN,YES,-19.990000000000016
63255,KXHIGHMIA-26MAY15-B87.5,2026-05-15 22:59:51.831326+00:00,KMIA,2026-05-15,0,87.0,89.0,0,0.0328926071816604,0.3401015228426396,0.0010819236072070173,0.11566904583988251,85.71851437331456,2.4356554351377815,"TRUE_ECMWF_AIFS_ENS:0.26,TRUE_ECMWF_IFS_ENS:0.26,TRUE_GFS_ENS:0.16,TRUE_WEATHERNEXT2:0.32",OPEN,YES,-19.990000000000016
63254,KXHIGHMIA-26MAY15-B89.5,2026-05-15 22:59:51.206329+00:00,KMIA,2026-05-15,0,89.0,91.0,0,0.0328926071816604,0.050761421319796954,0.0010819236072070173,0.0025767218944059366,85.71851437331456,2.4356554351377815,"TRUE_ECMWF_AIFS_ENS:0.26,TRUE_ECMWF_IFS_ENS:0.26,TRUE_GFS_ENS:0.16,TRUE_WEATHERNEXT2:0.32",OPEN,YES,-10.120000000000008
63253,KXHIGHMIA-26MAY15-B91.5,2026-05-15 22:59:50.606890+00:00,KMIA,2026-05-15,0,91.0,93.0,0,0.0328926071816604,0.0,0.0010819236072070173,0.0,85.71851437331456,2.4356554351377815,"TRUE_ECMWF_AIFS_ENS:0.26,TRUE_ECMWF_IFS_ENS:0.26,TRUE_GFS_ENS:0.16,TRUE_WEATHERNEXT2:0.32",SKIP,YES,
63252,KXHIGHMIA-26MAY15-T92,2026-05-15 22:59:49.995490+00:00,KMIA,2026-05-15,0,93.0,,1,0.84,0.0,0.02560000000000001,1.0,85.71851437331456,2.4356554351377815,"TRUE_ECMWF_AIFS_ENS:0.26,TRUE_ECMWF_IFS_ENS:0.26,TRUE_GFS_ENS:0.16,TRUE_WEATHERNEXT2:0.32",OPEN,NO,-19.990000000000016
63218,KXHIGHMIA-26MAY15-B87.5,2026-05-15 22:54:18.791949+00:00,KMIA,2026-05-15,0,87.0,89.0,0,0.0328926071816604,0.3401015228426396,0.0010819236072070173,0.11566904583988251,85.71851437331456,2.4356554351377815,"TRUE_ECMWF_AIFS_ENS:0.26,TRUE_ECMWF_IFS_ENS:0.26,TRUE_GFS_ENS:0.16,TRUE_WEATHERNEXT2:0.32",OPEN,YES,-19.990000000000016
63217,KXHIGHMIA-26MAY15-B85.5,2026-05-15 22:54:18.151185+00:00,KMIA,2026-05-15,0,85.0,87.0,0,0.0328926071816604,0.2639593908629442,0.0010819236072070173,0.06967456002473654,85.71851437331456,2.4356554351377815,"TRUE_ECMWF_AIFS_ENS:0.26,TRUE_ECMWF_IFS_ENS:0.26,TRUE_GFS_ENS:0.16,TRUE_WEATHERNEXT2:0.32",OPEN,YES,-19.990000000000016
63216,KXHIGHMIA-26MAY15-T85,2026-05-15 22:54:17.459461+00:00,KMIA,2026-05-15,0,,85.0,0,0.0328926071816604,0.34517766497461927,0.0010819236072070173,0.1191476203973305,85.71851437331456,2.4356554351377815,"TRUE_ECMWF_AIFS_ENS:0.26,TRUE_ECMWF_IFS_ENS:0.26,TRUE_GFS_ENS:0.16,TRUE_WEATHERNEXT2:0.32",OPEN,YES,-19.990000000000016
63215,KXHIGHMIA-26MAY15-B89.5,2026-05-15 22:54:16.849702+00:00,KMIA,2026-05-15,0,89.0,91.0,0,0.0328926071816604,0.050761421319796954,0.0010819236072070173,0.0025767218944059366,85.71851437331456,2.4356554351377815,"TRUE_ECMWF_AIFS_ENS:0.26,TRUE_ECMWF_IFS_ENS:0.26,TRUE_GFS_ENS:0.16,TRUE_WEATHERNEXT2:0.32",OPEN,YES,-10.120000000000008
63214,KXHIGHMIA-26MAY15-T92,2026-05-15 22:54:16.254166+00:00,KMIA,2026-05-15,0,93.0,,1,0.84,0.0,0.02560000000000001,1.0,85.71851437331456,2.4356554351377815,"TRUE_ECMWF_AIFS_ENS:0.26,TRUE_ECMWF_IFS_ENS:0.26,TRUE_GFS_ENS:0.16,TRUE_WEATHERNEXT2:0.32",OPEN,NO,-19.990000000000016
63213,KXHIGHMIA-26MAY15-B91.5,2026-05-15 22:54:15.699053+00:00,KMIA,2026-05-15,0,91.0,93.0,0,0.0328926071816604,0.0,0.0010819236072070173,0.0,85.71851437331456,2.4356554351377815,"TRUE_ECMWF_AIFS_ENS:0.26,TRUE_ECMWF_IFS_ENS:0.26,TRUE_GFS_ENS:0.16,TRUE_WEATHERNEXT2:0.32",SKIP,YES,
63190,KXHIGHMIA-26MAY15-T85,2026-05-15 22:48:58.952876+00:00,KMIA,2026-05-15,0,,85.0,0,0.03289260718166041,0.34517766497461927,0.0010819236072070182,0.1191476203973305,85.71851437331456,2.4356554351377815,"TRUE_ECMWF_AIFS_ENS:0.26,TRUE_ECMWF_IFS_ENS:0.26,TRUE_GFS_ENS:0.16,TRUE_WEATHERNEXT2:0.32",OPEN,YES,-19.990000000000016
63189,KXHIGHMIA-26MAY15-B87.5,2026-05-15 22:48:58.351952+00:00,KMIA,2026-05-15,0,87.0,89.0,0,0.0328926071816604,0.3401015228426396,0.0010819236072070173,0.11566904583988251,85.71851437331456,2.4356554351377815,"TRUE_ECMWF_AIFS_ENS:0.26,TRUE_ECMWF_IFS_ENS:0.26,TRUE_GFS_ENS:0.16,TRUE_WEATHERNEXT2:0.32",OPEN,YES,-19.990000000000016
63188,KXHIGHMIA-26MAY15-B89.5,2026-05-15 22:48:57.728538+00:00,KMIA,2026-05-15,0,89.0,91.0,0,0.03289260718166041,0.050761421319796954,0.0010819236072070182,0.0025767218944059366,85.71851437331456,2.4356554351377815,"TRUE_ECMWF_AIFS_ENS:0.26,TRUE_ECMWF_IFS_ENS:0.26,TRUE_GFS_ENS:0.16,TRUE_WEATHERNEXT2:0.32",OPEN,YES,-10.120000000000008
63187,KXHIGHMIA-26MAY15-B85.5,2026-05-15 22:48:57.019164+00:00,KMIA,2026-05-15,0,85.0,87.0,0,0.03289260718166039,0.2639593908629442,0.001081923607207017,0.06967456002473654,85.71851437331456,2.4356554351377815,"TRUE_ECMWF_AIFS_ENS:0.26,TRUE_ECMWF_IFS_ENS:0.26,TRUE_GFS_ENS:0.16,TRUE_WEATHERNEXT2:0.32",OPEN,YES,-19.990000000000016
63186,KXHIGHMIA-26MAY15-T92,2026-05-15 22:48:56.402885+00:00,KMIA,2026-05-15,0,93.0,,1,0.84,0.0,0.02560000000000001,1.0,85.71851437331456,2.4356554351377815,"TRUE_ECMWF_AIFS_ENS:0.26,TRUE_ECMWF_IFS_ENS:0.26,TRUE_GFS_ENS:0.16,TRUE_WEATHERNEXT2:0.32",OPEN,NO,-19.990000000000016
63185,KXHIGHMIA-26MAY15-B91.5,2026-05-15 22:48:55.821681+00:00,KMIA,2026-05-15,0,91.0,93.0,0,0.03289260718166041,0.0,0.0010819236072070182,0.0,85.71851437331456,2.4356554351377815,"TRUE_ECMWF_AIFS_ENS:0.26,TRUE_ECMWF_IFS_ENS:0.26,TRUE_GFS_ENS:0.16,TRUE_WEATHERNEXT2:0.32",SKIP,YES,
63153,KXHIGHMIA-26MAY15-T92,2026-05-15 22:43:33.760058+00:00,KMIA,2026-05-15,0,93.0,,1,0.84,0.0,0.02560000000000001,1.0,85.71851437331456,2.4356554351377815,"TRUE_ECMWF_AIFS_ENS:0.26,TRUE_ECMWF_IFS_ENS:0.26,TRUE_GFS_ENS:0.16,TRUE_WEATHERNEXT2:0.32",OPEN,NO,-19.990000000000016
63152,KXHIGHMIA-26MAY15-T85,2026-05-15 22:43:33.188245+00:00,KMIA,2026-05-15,0,,85.0,0,0.0328926071816604,0.34517766497461927,0.0010819236072070173,0.1191476203973305,85.71851437331456,2.4356554351377815,"TRUE_ECMWF_AIFS_ENS:0.26,TRUE_ECMWF_IFS_ENS:0.26,TRUE_GFS_ENS:0.16,TRUE_WEATHERNEXT2:0.32",OPEN,YES,-19.990000000000016
63151,KXHIGHMIA-26MAY15-B89.5,2026-05-15 22:43:32.554220+00:00,KMIA,2026-05-15,0,89.0,91.0,0,0.0328926071816604,0.050761421319796954,0.0010819236072070173,0.0025767218944059366,85.71851437331456,2.4356554351377815,"TRUE_ECMWF_AIFS_ENS:0.26,TRUE_ECMWF_IFS_ENS:0.26,TRUE_GFS_ENS:0.16,TRUE_WEATHERNEXT2:0.32",OPEN,YES,-10.120000000000008
63150,KXHIGHMIA-26MAY15-B85.5,2026-05-15 22:43:31.925231+00:00,KMIA,2026-05-15,0,85.0,87.0,0,0.03289260718166039,0.2639593908629442,0.001081923607207017,0.06967456002473654,85.71851437331456,2.4356554351377815,"TRUE_ECMWF_AIFS_ENS:0.26,TRUE_ECMWF_IFS_ENS:0.26,TRUE_GFS_ENS:0.16,TRUE_WEATHERNEXT2:0.32",OPEN,YES,-19.990000000000016
63149,KXHIGHMIA-26MAY15-B91.5,2026-05-15 22:43:31.315508+00:00,KMIA,2026-05-15,0,91.0,93.0,0,0.03289260718166039,0.0,0.001081923607207017,0.0,85.71851437331456,2.4356554351377815,"TRUE_ECMWF_AIFS_ENS:0.26,TRUE_ECMWF_IFS_ENS:0.26,TRUE_GFS_ENS:0.16,TRUE_WEATHERNEXT2:0.32",SKIP,YES,
63131,KXHIGHMIA-26MAY15-B87.5,2026-05-15 22:43:19.858431+00:00,KMIA,2026-05-15,0,87.0,89.0,0,0.03289260718166041,0.3401015228426396,0.0010819236072070182,0.11566904583988251,85.71851437331456,2.4356554351377815,"TRUE_ECMWF_AIFS_ENS:0.26,TRUE_ECMWF_IFS_ENS:0.26,TRUE_GFS_ENS:0.16,TRUE_WEATHERNEXT2:0.32",OPEN,YES,-19.990000000000016
63113,KXHIGHMIA-26MAY15-T85,2026-05-15 22:37:58.462898+00:00,KMIA,2026-05-15,0,,85.0,0,0.0328926071816604,0.34517766497461927,0.0010819236072070173,0.1191476203973305,85.71851437331456,2.4356554351377815,"TRUE_ECMWF_AIFS_ENS:0.26,TRUE_ECMWF_IFS_ENS:0.26,TRUE_GFS_ENS:0.16,TRUE_WEATHERNEXT2:0.32",OPEN,YES,-19.990000000000016
63112,KXHIGHMIA-26MAY15-B89.5,2026-05-15 22:37:57.869580+00:00,KMIA,2026-05-15,0,89.0,91.0,0,0.03289260718166041,0.050761421319796954,0.0010819236072070182,0.0025767218944059366,85.71851437331456,2.4356554351377815,"TRUE_ECMWF_AIFS_ENS:0.26,TRUE_ECMWF_IFS_ENS:0.26,TRUE_GFS_ENS:0.16,TRUE_WEATHERNEXT2:0.32",OPEN,YES,-10.120000000000008
63111,KXHIGHMIA-26MAY15-B85.5,2026-05-15 22:37:57.273187+00:00,KMIA,2026-05-15,0,85.0,87.0,0,0.0328926071816604,0.2639593908629442,0.0010819236072070173,0.06967456002473654,85.71851437331456,2.4356554351377815,"TRUE_ECMWF_AIFS_ENS:0.26,TRUE_ECMWF_IFS_ENS:0.26,TRUE_GFS_ENS:0.16,TRUE_WEATHERNEXT2:0.32",OPEN,YES,-19.990000000000016
63110,KXHIGHMIA-26MAY15-B91.5,2026-05-15 22:37:56.672889+00:00,KMIA,2026-05-15,0,91.0,93.0,0,0.03289260718166041,0.0,0.0010819236072070182,0.0,85.71851437331456,2.4356554351377815,"TRUE_ECMWF_AIFS_ENS:0.26,TRUE_ECMWF_IFS_ENS:0.26,TRUE_GFS_ENS:0.16,TRUE_WEATHERNEXT2:0.32",SKIP,YES,
63109,KXHIGHMIA-26MAY15-T92,2026-05-15 22:37:56.048116+00:00,KMIA,2026-05-15,0,93.0,,1,0.84,0.0,0.02560000000000001,1.0,85.71851437331456,2.4356554351377815,"TRUE_ECMWF_AIFS_ENS:0.26,TRUE_ECMWF_IFS_ENS:0.26,TRUE_GFS_ENS:0.16,TRUE_WEATHERNEXT2:0.32",OPEN,NO,-19.990000000000016
63095,KXHIGHMIA-26MAY15-B87.5,2026-05-15 22:37:47.294125+00:00,KMIA,2026-05-15,0,87.0,89.0,0,0.0328926071816604,0.3401015228426396,0.0010819236072070173,0.11566904583988251,85.71851437331456,2.4356554351377815,"TRUE_ECMWF_AIFS_ENS:0.26,TRUE_ECMWF_IFS_ENS:0.26,TRUE_GFS_ENS:0.16,TRUE_WEATHERNEXT2:0.32",OPEN,YES,-19.990000000000016
63077,KXHIGHMIA-26MAY15-B85.5,2026-05-15 22:32:35.108414+00:00,KMIA,2026-05-15,0,85.0,87.0,0,0.03289260718166039,0.2639593908629442,0.001081923607207017,0.06967456002473654,85.71851437331456,2.4356554351377815,"TRUE_ECMWF_AIFS_ENS:0.26,TRUE_ECMWF_IFS_ENS:0.26,TRUE_GFS_ENS:0.16,TRUE_WEATHERNEXT2:0.32",OPEN,YES,-19.990000000000016
63076,KXHIGHMIA-26MAY15-T92,2026-05-15 22:32:34.483344+00:00,KMIA,2026-05-15,0,93.0,,1,0.84,0.0,0.02560000000000001,1.0,85.71851437331456,2.4356554351377815,"TRUE_ECMWF_AIFS_ENS:0.26,TRUE_ECMWF_IFS_ENS:0.26,TRUE_GFS_ENS:0.16,TRUE_WEATHERNEXT2:0.32",OPEN,NO,-19.990000000000016
63075,KXHIGHMIA-26MAY15-B91.5,2026-05-15 22:32:33.900187+00:00,KMIA,2026-05-15,0,91.0,93.0,0,0.0328926071816604,0.0,0.0010819236072070173,0.0,85.71851437331456,2.4356554351377815,"TRUE_ECMWF_AIFS_ENS:0.26,TRUE_ECMWF_IFS_ENS:0.26,TRUE_GFS_ENS:0.16,TRUE_WEATHERNEXT2:0.32",SKIP,YES,
63074,KXHIGHMIA-26MAY15-T85,2026-05-15 22:32:33.297381+00:00,KMIA,2026-05-15,0,,85.0,0,0.0328926071816604,0.34517766497461927,0.0010819236072070173,0.1191476203973305,85.71851437331456,2.4356554351377815,"TRUE_ECMWF_AIFS_ENS:0.26,TRUE_ECMWF_IFS_ENS:0.26,TRUE_GFS_ENS:0.16,TRUE_WEATHERNEXT2:0.32",OPEN,YES,-19.990000000000016
63073,KXHIGHMIA-26MAY15-B89.5,2026-05-15 22:32:32.674719+00:00,KMIA,2026-05-15,0,89.0,91.0,0,0.0328926071816604,0.050761421319796954,0.0010819236072070173,0.0025767218944059366,85.71851437331456,2.4356554351377815,"TRUE_ECMWF_AIFS_ENS:0.26,TRUE_ECMWF_IFS_ENS:0.26,TRUE_GFS_ENS:0.16,TRUE_WEATHERNEXT2:0.32",OPEN,YES,-10.120000000000008
63060,KXHIGHMIA-26MAY15-B87.5,2026-05-15 22:32:24.446539+00:00,KMIA,2026-05-15,0,87.0,89.0,0,0.03289260718166041,0.3401015228426396,0.0010819236072070182,0.11566904583988251,85.71851437331456,2.4356554351377815,"TRUE_ECMWF_AIFS_ENS:0.26,TRUE_ECMWF_IFS_ENS:0.26,TRUE_GFS_ENS:0.16,TRUE_WEATHERNEXT2:0.32",OPEN,YES,-19.990000000000016
63039,KXHIGHMIA-26MAY15-B91.5,2026-05-15 22:27:10.072882+00:00,KMIA,2026-05-15,0,91.0,93.0,0,0.03289260718166041,0.0,0.0010819236072070182,0.0,85.71851437331456,2.4356554351377815,"TRUE_ECMWF_AIFS_ENS:0.26,TRUE_ECMWF_IFS_ENS:0.26,TRUE_GFS_ENS:0.16,TRUE_WEATHERNEXT2:0.32",SKIP,YES,
63038,KXHIGHMIA-26MAY15-B89.5,2026-05-15 22:27:09.451988+00:00,KMIA,2026-05-15,0,89.0,91.0,0,0.0328926071816604,0.050761421319796954,0.0010819236072070173,0.0025767218944059366,85.71851437331456,2.4356554351377815,"TRUE_ECMWF_AIFS_ENS:0.26,TRUE_ECMWF_IFS_ENS:0.26,TRUE_GFS_ENS:0.16,TRUE_WEATHERNEXT2:0.32",OPEN,YES,-10.120000000000008
63037,KXHIGHMIA-26MAY15-B85.5,2026-05-15 22:27:08.849431+00:00,KMIA,2026-05-15,0,85.0,87.0,0,0.0328926071816604,0.2639593908629442,0.0010819236072070173,0.06967456002473654,85.71851437331456,2.4356554351377815,"TRUE_ECMWF_AIFS_ENS:0.26,TRUE_ECMWF_IFS_ENS:0.26,TRUE_GFS_ENS:0.16,TRUE_WEATHERNEXT2:0.32",OPEN,YES,-19.990000000000016
63036,KXHIGHMIA-26MAY15-T85,2026-05-15 22:27:08.249240+00:00,KMIA,2026-05-15,0,,85.0,0,0.0328926071816604,0.34517766497461927,0.0010819236072070173,0.1191476203973305,85.71851437331456,2.4356554351377815,"TRUE_ECMWF_AIFS_ENS:0.26,TRUE_ECMWF_IFS_ENS:0.26,TRUE_GFS_ENS:0.16,TRUE_WEATHERNEXT2:0.32",OPEN,YES,-19.990000000000016
63035,KXHIGHMIA-26MAY15-T92,2026-05-15 22:27:07.613472+00:00,KMIA,2026-05-15,0,93.0,,1,0.84,0.0,0.02560000000000001,1.0,85.71851437331456,2.4356554351377815,"TRUE_ECMWF_AIFS_ENS:0.26,TRUE_ECMWF_IFS_ENS:0.26,TRUE_GFS_ENS:0.16,TRUE_WEATHERNEXT2:0.32",OPEN,NO,-19.990000000000016
63034,KXHIGHMIA-26MAY15-B87.5,2026-05-15 22:27:07.055659+00:00,KMIA,2026-05-15,0,87.0,89.0,0,0.03289260718166041,0.3401015228426396,0.0010819236072070182,0.11566904583988251,85.71851437331456,2.4356554351377815,"TRUE_ECMWF_AIFS_ENS:0.26,TRUE_ECMWF_IFS_ENS:0.26,TRUE_GFS_ENS:0.16,TRUE_WEATHERNEXT2:0.32",OPEN,YES,-19.990000000000016
63011,KXHIGHMIA-26MAY15-T92,2026-05-15 22:21:47.821200+00:00,KMIA,2026-05-15,0,93.0,,1,0.84,0.0,0.02560000000000001,1.0,85.71851437331456,2.4356554351377815,"TRUE_ECMWF_AIFS_ENS:0.26,TRUE_ECMWF_IFS_ENS:0.26,TRUE_GFS_ENS:0.16,TRUE_WEATHERNEXT2:0.32",OPEN,NO,-19.990000000000016
63010,KXHIGHMIA-26MAY15-B91.5,2026-05-15 22:21:47.252012+00:00,KMIA,2026-05-15,0,91.0,93.0,0,0.0328926071816604,0.0,0.0010819236072070173,0.0,85.71851437331456,2.4356554351377815,"TRUE_ECMWF_AIFS_ENS:0.26,TRUE_ECMWF_IFS_ENS:0.26,TRUE_GFS_ENS:0.16,TRUE_WEATHERNEXT2:0.32",SKIP,YES,
63009,KXHIGHMIA-26MAY15-B89.5,2026-05-15 22:21:46.628998+00:00,KMIA,2026-05-15,0,89.0,91.0,0,0.03289260718166041,0.050761421319796954,0.0010819236072070182,0.0025767218944059366,85.71851437331456,2.4356554351377815,"TRUE_ECMWF_AIFS_ENS:0.26,TRUE_ECMWF_IFS_ENS:0.26,TRUE_GFS_ENS:0.16,TRUE_WEATHERNEXT2:0.32",OPEN,YES,-10.120000000000008
63008,KXHIGHMIA-26MAY15-B85.5,2026-05-15 22:21:45.994801+00:00,KMIA,2026-05-15,0,85.0,87.0,0,0.03289260718166041,0.2639593908629442,0.0010819236072070182,0.06967456002473654,85.71851437331456,2.4356554351377815,"TRUE_ECMWF_AIFS_ENS:0.26,TRUE_ECMWF_IFS_ENS:0.26,TRUE_GFS_ENS:0.16,TRUE_WEATHERNEXT2:0.32",OPEN,YES,-19.990000000000016
63007,KXHIGHMIA-26MAY15-T85,2026-05-15 22:21:45.373582+00:00,KMIA,2026-05-15,0,,85.0,0,0.0328926071816604,0.34517766497461927,0.0010819236072070173,0.1191476203973305,85.71851437331456,2.4356554351377815,"TRUE_ECMWF_AIFS_ENS:0.26,TRUE_ECMWF_IFS_ENS:0.26,TRUE_GFS_ENS:0.16,TRUE_WEATHERNEXT2:0.32",OPEN,YES,-19.990000000000016
63006,KXHIGHMIA-26MAY15-B87.5,2026-05-15 22:21:44.729829+00:00,KMIA,2026-05-15,0,87.0,89.0,0,0.03289260718166041,0.3401015228426396,0.0010819236072070182,0.11566904583988251,85.71851437331456,2.4356554351377815,"TRUE_ECMWF_AIFS_ENS:0.26,TRUE_ECMWF_IFS_ENS:0.26,TRUE_GFS_ENS:0.16,TRUE_WEATHERNEXT2:0.32",OPEN,YES,-19.990000000000016
62974,KXHIGHMIA-26MAY15-B87.5,2026-05-15 22:16:11.419539+00:00,KMIA,2026-05-15,0,87.0,89.0,0,0.03289260718166039,0.3401015228426396,0.001081923607207017,0.11566904583988251,85.71851437331456,2.4356554351377815,"TRUE_ECMWF_AIFS_ENS:0.26,TRUE_ECMWF_IFS_ENS:0.26,TRUE_GFS_ENS:0.16,TRUE_WEATHERNEXT2:0.32",OPEN,YES,-19.990000000000016
62973,KXHIGHMIA-26MAY15-T85,2026-05-15 22:16:10.827278+00:00,KMIA,2026-05-15,0,,85.0,0,0.0328926071816604,0.34517766497461927,0.0010819236072070173,0.1191476203973305,85.71851437331456,2.4356554351377815,"TRUE_ECMWF_AIFS_ENS:0.26,TRUE_ECMWF_IFS_ENS:0.26,TRUE_GFS_ENS:0.16,TRUE_WEATHERNEXT2:0.32",OPEN,YES,-19.990000000000016
62972,KXHIGHMIA-26MAY15-T92,2026-05-15 22:16:10.215913+00:00,KMIA,2026-05-15,0,93.0,,1,0.84,0.0,0.02560000000000001,1.0,85.71851437331456,2.4356554351377815,"TRUE_ECMWF_AIFS_ENS:0.26,TRUE_ECMWF_IFS_ENS:0.26,TRUE_GFS_ENS:0.16,TRUE_WEATHERNEXT2:0.32",OPEN,NO,-19.990000000000016
62971,KXHIGHMIA-26MAY15-B91.5,2026-05-15 22:16:09.647670+00:00,KMIA,2026-05-15,0,91.0,93.0,0,0.03289260718166041,0.0,0.0010819236072070182,0.0,85.71851437331456,2.4356554351377815,"TRUE_ECMWF_AIFS_ENS:0.26,TRUE_ECMWF_IFS_ENS:0.26,TRUE_GFS_ENS:0.16,TRUE_WEATHERNEXT2:0.32",SKIP,YES,
62970,KXHIGHMIA-26MAY15-B89.5,2026-05-15 22:16:09.060987+00:00,KMIA,2026-05-15,0,89.0,91.0,0,0.0328926071816604,0.050761421319796954,0.0010819236072070173,0.0025767218944059366,85.71851437331456,2.4356554351377815,"TRUE_ECMWF_AIFS_ENS:0.26,TRUE_ECMWF_IFS_ENS:0.26,TRUE_GFS_ENS:0.16,TRUE_WEATHERNEXT2:0.32",OPEN,YES,-10.120000000000008
62969,KXHIGHMIA-26MAY15-B85.5,2026-05-15 22:16:08.470858+00:00,KMIA,2026-05-15,0,85.0,87.0,0,0.0328926071816604,0.2639593908629442,0.0010819236072070173,0.06967456002473654,85.71851437331456,2.4356554351377815,"TRUE_ECMWF_AIFS_ENS:0.26,TRUE_ECMWF_IFS_ENS:0.26,TRUE_GFS_ENS:0.16,TRUE_WEATHERNEXT2:0.32",OPEN,YES,-19.990000000000016
62938,KXHIGHMIA-26MAY15-B87.5,2026-05-15 22:10:38.818770+00:00,KMIA,2026-05-15,0,87.0,89.0,0,0.0328926071816604,0.3401015228426396,0.0010819236072070173,0.11566904583988251,85.71851437331456,2.4356554351377815,"TRUE_ECMWF_AIFS_ENS:0.26,TRUE_ECMWF_IFS_ENS:0.26,TRUE_GFS_ENS:0.16,TRUE_WEATHERNEXT2:0.32",OPEN,YES,-19.990000000000016
62937,KXHIGHMIA-26MAY15-B91.5,2026-05-15 22:10:38.228210+00:00,KMIA,2026-05-15,0,91.0,93.0,0,0.03289260718166041,0.0,0.0010819236072070182,0.0,85.71851437331456,2.4356554351377815,"TRUE_ECMWF_AIFS_ENS:0.26,TRUE_ECMWF_IFS_ENS:0.26,TRUE_GFS_ENS:0.16,TRUE_WEATHERNEXT2:0.32",SKIP,YES,
62936,KXHIGHMIA-26MAY15-B85.5,2026-05-15 22:10:37.631498+00:00,KMIA,2026-05-15,0,85.0,87.0,0,0.0328926071816604,0.2639593908629442,0.0010819236072070173,0.06967456002473654,85.71851437331456,2.4356554351377815,"TRUE_ECMWF_AIFS_ENS:0.26,TRUE_ECMWF_IFS_ENS:0.26,TRUE_GFS_ENS:0.16,TRUE_WEATHERNEXT2:0.32",OPEN,YES,-19.990000000000016
62935,KXHIGHMIA-26MAY15-T92,2026-05-15 22:10:37.025775+00:00,KMIA,2026-05-15,0,93.0,,1,0.84,0.0,0.02560000000000001,1.0,85.71851437331456,2.4356554351377815,"TRUE_ECMWF_AIFS_ENS:0.26,TRUE_ECMWF_IFS_ENS:0.26,TRUE_GFS_ENS:0.16,TRUE_WEATHERNEXT2:0.32",OPEN,NO,-19.990000000000016
62934,KXHIGHMIA-26MAY15-T85,2026-05-15 22:10:36.440371+00:00,KMIA,2026-05-15,0,,85.0,0,0.0328926071816604,0.34517766497461927,0.0010819236072070173,0.1191476203973305,85.71851437331456,2.4356554351377815,"TRUE_ECMWF_AIFS_ENS:0.26,TRUE_ECMWF_IFS_ENS:0.26,TRUE_GFS_ENS:0.16,TRUE_WEATHERNEXT2:0.32",OPEN,YES,-19.990000000000016
62933,KXHIGHMIA-26MAY15-B89.5,2026-05-15 22:10:35.820486+00:00,KMIA,2026-05-15,0,89.0,91.0,0,0.03289260718166041,0.050761421319796954,0.0010819236072070182,0.0025767218944059366,85.71851437331456,2.4356554351377815,"TRUE_ECMWF_AIFS_ENS:0.26,TRUE_ECMWF_IFS_ENS:0.26,TRUE_GFS_ENS:0.16,TRUE_WEATHERNEXT2:0.32",OPEN,YES,-10.120000000000008
62902,KXHIGHMIA-26MAY15-B91.5,2026-05-15 22:05:14.999764+00:00,KMIA,2026-05-15,0,91.0,93.0,0,0.0328926071816604,0.0,0.0010819236072070173,0.0,85.71851437331456,2.4356554351377815,"TRUE_ECMWF_AIFS_ENS:0.26,TRUE_ECMWF_IFS_ENS:0.26,TRUE_GFS_ENS:0.16,TRUE_WEATHERNEXT2:0.32",SKIP,YES,
62901,KXHIGHMIA-26MAY15-T92,2026-05-15 22:05:14.399298+00:00,KMIA,2026-05-15,0,93.0,,1,0.84,0.0,0.02560000000000001,1.0,85.71851437331456,2.4356554351377815,"TRUE_ECMWF_AIFS_ENS:0.26,TRUE_ECMWF_IFS_ENS:0.26,TRUE_GFS_ENS:0.16,TRUE_WEATHERNEXT2:0.32",OPEN,NO,-19.990000000000016
62900,KXHIGHMIA-26MAY15-B87.5,2026-05-15 22:05:13.815238+00:00,KMIA,2026-05-15,0,87.0,89.0,0,0.0328926071816604,0.3401015228426396,0.0010819236072070173,0.11566904583988251,85.71851437331456,2.4356554351377815,"TRUE_ECMWF_AIFS_ENS:0.26,TRUE_ECMWF_IFS_ENS:0.26,TRUE_GFS_ENS:0.16,TRUE_WEATHERNEXT2:0.32",OPEN,YES,-19.990000000000016
62899,KXHIGHMIA-26MAY15-B89.5,2026-05-15 22:05:13.192194+00:00,KMIA,2026-05-15,0,89.0,91.0,0,0.03289260718166041,0.050761421319796954,0.0010819236072070182,0.0025767218944059366,85.71851437331456,2.4356554351377815,"TRUE_ECMWF_AIFS_ENS:0.26,TRUE_ECMWF_IFS_ENS:0.26,TRUE_GFS_ENS:0.16,TRUE_WEATHERNEXT2:0.32",OPEN,YES,-10.120000000000008
62898,KXHIGHMIA-26MAY15-T85,2026-05-15 22:05:12.572119+00:00,KMIA,2026-05-15,0,,85.0,0,0.03289260718166041,0.34517766497461927,0.0010819236072070182,0.1191476203973305,85.71851437331456,2.4356554351377815,"TRUE_ECMWF_AIFS_ENS:0.26,TRUE_ECMWF_IFS_ENS:0.26,TRUE_GFS_ENS:0.16,TRUE_WEATHERNEXT2:0.32",OPEN,YES,-19.990000000000016
62897,KXHIGHMIA-26MAY15-B85.5,2026-05-15 22:05:11.891597+00:00,KMIA,2026-05-15,0,85.0,87.0,0,0.03289260718166041,0.2639593908629442,0.0010819236072070182,0.06967456002473654,85.71851437331456,2.4356554351377815,"TRUE_ECMWF_AIFS_ENS:0.26,TRUE_ECMWF_IFS_ENS:0.26,TRUE_GFS_ENS:0.16,TRUE_WEATHERNEXT2:0.32",OPEN,YES,-19.990000000000016
62866,KXHIGHMIA-26MAY15-T92,2026-05-15 21:59:48.032677+00:00,KMIA,2026-05-15,0,93.0,,1,0.84,0.0,0.02560000000000001,1.0,85.71851437331456,2.4356554351377815,"TRUE_ECMWF_AIFS_ENS:0.26,TRUE_ECMWF_IFS_ENS:0.26,TRUE_GFS_ENS:0.16,TRUE_WEATHERNEXT2:0.32",OPEN,NO,-19.990000000000016
62865,KXHIGHMIA-26MAY15-B91.5,2026-05-15 21:59:47.463650+00:00,KMIA,2026-05-15,0,91.0,93.0,0,0.0328926071816604,0.0,0.0010819236072070173,0.0,85.71851437331456,2.4356554351377815,"TRUE_ECMWF_AIFS_ENS:0.26,TRUE_ECMWF_IFS_ENS:0.26,TRUE_GFS_ENS:0.16,TRUE_WEATHERNEXT2:0.32",SKIP,YES,
62864,KXHIGHMIA-26MAY15-B87.5,2026-05-15 21:59:46.839796+00:00,KMIA,2026-05-15,0,87.0,89.0,0,0.0328926071816604,0.3401015228426396,0.0010819236072070173,0.11566904583988251,85.71851437331456,2.4356554351377815,"TRUE_ECMWF_AIFS_ENS:0.26,TRUE_ECMWF_IFS_ENS:0.26,TRUE_GFS_ENS:0.16,TRUE_WEATHERNEXT2:0.32",OPEN,YES,-19.990000000000016
62863,KXHIGHMIA-26MAY15-B89.5,2026-05-15 21:59:46.218227+00:00,KMIA,2026-05-15,0,89.0,91.0,0,0.03289260718166039,0.050761421319796954,0.001081923607207017,0.0025767218944059366,85.71851437331456,2.4356554351377815,"TRUE_ECMWF_AIFS_ENS:0.26,TRUE_ECMWF_IFS_ENS:0.26,TRUE_GFS_ENS:0.16,TRUE_WEATHERNEXT2:0.32",OPEN,YES,-10.120000000000008
62862,KXHIGHMIA-26MAY15-T85,2026-05-15 21:59:45.596815+00:00,KMIA,2026-05-15,0,,85.0,0,0.03289260718166041,0.34517766497461927,0.0010819236072070182,0.1191476203973305,85.71851437331456,2.4356554351377815,"TRUE_ECMWF_AIFS_ENS:0.26,TRUE_ECMWF_IFS_ENS:0.26,TRUE_GFS_ENS:0.16,TRUE_WEATHERNEXT2:0.32",OPEN,YES,-19.990000000000016
62861,KXHIGHMIA-26MAY15-B85.5,2026-05-15 21:59:44.974544+00:00,KMIA,2026-05-15,0,85.0,87.0,0,0.0328926071816604,0.2639593908629442,0.0010819236072070173,0.06967456002473654,85.71851437331456,2.4356554351377815,"TRUE_ECMWF_AIFS_ENS:0.26,TRUE_ECMWF_IFS_ENS:0.26,TRUE_GFS_ENS:0.16,TRUE_WEATHERNEXT2:0.32",OPEN,YES,-19.990000000000016
62842,KXHIGHMIA-26MAY15-B91.5,2026-05-15 21:54:31.751176+00:00,KMIA,2026-05-15,0,91.0,93.0,0,0.0328926071816604,0.0,0.0010819236072070173,0.0,85.71851437331456,2.4356554351377815,"TRUE_ECMWF_AIFS_ENS:0.26,TRUE_ECMWF_IFS_ENS:0.26,TRUE_GFS_ENS:0.16,TRUE_WEATHERNEXT2:0.32",SKIP,YES,
62841,KXHIGHMIA-26MAY15-B89.5,2026-05-15 21:54:31.102187+00:00,KMIA,2026-05-15,0,89.0,91.0,0,0.03289260718166041,0.050761421319796954,0.0010819236072070182,0.0025767218944059366,85.71851437331456,2.4356554351377815,"TRUE_ECMWF_AIFS_ENS:0.26,TRUE_ECMWF_IFS_ENS:0.26,TRUE_GFS_ENS:0.16,TRUE_WEATHERNEXT2:0.32",OPEN,YES,-10.120000000000008
62840,KXHIGHMIA-26MAY15-T85,2026-05-15 21:54:30.494607+00:00,KMIA,2026-05-15,0,,85.0,0,0.0328926071816604,0.34517766497461927,0.0010819236072070173,0.1191476203973305,85.71851437331456,2.4356554351377815,"TRUE_ECMWF_AIFS_ENS:0.26,TRUE_ECMWF_IFS_ENS:0.26,TRUE_GFS_ENS:0.16,TRUE_WEATHERNEXT2:0.32",OPEN,YES,-19.990000000000016
62839,KXHIGHMIA-26MAY15-B87.5,2026-05-15 21:54:29.890456+00:00,KMIA,2026-05-15,0,87.0,89.0,0,0.03289260718166041,0.3401015228426396,0.0010819236072070182,0.11566904583988251,85.71851437331456,2.4356554351377815,"TRUE_ECMWF_AIFS_ENS:0.26,TRUE_ECMWF_IFS_ENS:0.26,TRUE_GFS_ENS:0.16,TRUE_WEATHERNEXT2:0.32",OPEN,YES,-19.990000000000016
62838,KXHIGHMIA-26MAY15-B85.5,2026-05-15 21:54:29.274517+00:00,KMIA,2026-05-15,0,85.0,87.0,0,0.0328926071816604,0.2639593908629442,0.0010819236072070173,0.06967456002473654,85.71851437331456,2.4356554351377815,"TRUE_ECMWF_AIFS_ENS:0.26,TRUE_ECMWF_IFS_ENS:0.26,TRUE_GFS_ENS:0.16,TRUE_WEATHERNEXT2:0.32",OPEN,YES,-19.990000000000016
62837,KXHIGHMIA-26MAY15-T92,2026-05-15 21:54:28.676465+00:00,KMIA,2026-05-15,0,93.0,,1,0.84,0.0,0.02560000000000001,1.0,85.71851437331456,2.4356554351377815,"TRUE_ECMWF_AIFS_ENS:0.26,TRUE_ECMWF_IFS_ENS:0.26,TRUE_GFS_ENS:0.16,TRUE_WEATHERNEXT2:0.32",OPEN,NO,-19.990000000000016
62806,KXHIGHMIA-26MAY15-B91.5,2026-05-15 21:49:06.330637+00:00,KMIA,2026-05-15,0,91.0,93.0,0,0.03289260718166041,0.0,0.0010819236072070182,0.0,85.71851437331456,2.4356554351377815,"TRUE_ECMWF_AIFS_ENS:0.26,TRUE_ECMWF_IFS_ENS:0.26,TRUE_GFS_ENS:0.16,TRUE_WEATHERNEXT2:0.32",SKIP,YES,
62805,KXHIGHMIA-26MAY15-T85,2026-05-15 21:49:05.724516+00:00,KMIA,2026-05-15,0,,85.0,0,0.03289260718166039,0.34517766497461927,0.001081923607207017,0.1191476203973305,85.71851437331456,2.4356554351377815,"TRUE_ECMWF_AIFS_ENS:0.26,TRUE_ECMWF_IFS_ENS:0.26,TRUE_GFS_ENS:0.16,TRUE_WEATHERNEXT2:0.32",OPEN,YES,-19.990000000000016
62804,KXHIGHMIA-26MAY15-T92,2026-05-15 21:49:05.107747+00:00,KMIA,2026-05-15,0,93.0,,1,0.84,0.0,0.02560000000000001,1.0,85.71851437331456,2.4356554351377815,"TRUE_ECMWF_AIFS_ENS:0.26,TRUE_ECMWF_IFS_ENS:0.26,TRUE_GFS_ENS:0.16,TRUE_WEATHERNEXT2:0.32",OPEN,NO,-19.990000000000016
62803,KXHIGHMIA-26MAY15-B87.5,2026-05-15 21:49:04.526747+00:00,KMIA,2026-05-15,0,87.0,89.0,0,0.0328926071816604,0.3401015228426396,0.0010819236072070173,0.11566904583988251,85.71851437331456,2.4356554351377815,"TRUE_ECMWF_AIFS_ENS:0.26,TRUE_ECMWF_IFS_ENS:0.26,TRUE_GFS_ENS:0.16,TRUE_WEATHERNEXT2:0.32",OPEN,YES,-19.990000000000016
62802,KXHIGHMIA-26MAY15-B89.5,2026-05-15 21:49:03.880827+00:00,KMIA,2026-05-15,0,89.0,91.0,0,0.03289260718166039,0.050761421319796954,0.001081923607207017,0.0025767218944059366,85.71851437331456,2.4356554351377815,"TRUE_ECMWF_AIFS_ENS:0.26,TRUE_ECMWF_IFS_ENS:0.26,TRUE_GFS_ENS:0.16,TRUE_WEATHERNEXT2:0.32",OPEN,YES,-10.120000000000008
62801,KXHIGHMIA-26MAY15-B85.5,2026-05-15 21:49:03.271498+00:00,KMIA,2026-05-15,0,85.0,87.0,0,0.03289260718166039,0.2639593908629442,0.001081923607207017,0.06967456002473654,85.71851437331456,2.4356554351377815,"TRUE_ECMWF_AIFS_ENS:0.26,TRUE_ECMWF_IFS_ENS:0.26,TRUE_GFS_ENS:0.16,TRUE_WEATHERNEXT2:0.32",OPEN,YES,-19.990000000000016
62770,KXHIGHMIA-26MAY15-B91.5,2026-05-15 21:43:21.913599+00:00,KMIA,2026-05-15,0,91.0,93.0,0,0.0328926071816604,0.0,0.0010819236072070173,0.0,85.71851437331456,2.4356554351377815,"TRUE_ECMWF_AIFS_ENS:0.26,TRUE_ECMWF_IFS_ENS:0.26,TRUE_GFS_ENS:0.16,TRUE_WEATHERNEXT2:0.32",SKIP,YES,
62769,KXHIGHMIA-26MAY15-B87.5,2026-05-15 21:43:21.288724+00:00,KMIA,2026-05-15,0,87.0,89.0,0,0.03289260718166041,0.3401015228426396,0.0010819236072070182,0.11566904583988251,85.71851437331456,2.4356554351377815,"TRUE_ECMWF_AIFS_ENS:0.26,TRUE_ECMWF_IFS_ENS:0.26,TRUE_GFS_ENS:0.16,TRUE_WEATHERNEXT2:0.32",OPEN,YES,-19.990000000000016
62768,KXHIGHMIA-26MAY15-B89.5,2026-05-15 21:43:20.667605+00:00,KMIA,2026-05-15,0,89.0,91.0,0,0.0328926071816604,0.050761421319796954,0.0010819236072070173,0.0025767218944059366,85.71851437331456,2.4356554351377815,"TRUE_ECMWF_AIFS_ENS:0.26,TRUE_ECMWF_IFS_ENS:0.26,TRUE_GFS_ENS:0.16,TRUE_WEATHERNEXT2:0.32",OPEN,YES,-10.120000000000008
62767,KXHIGHMIA-26MAY15-T85,2026-05-15 21:43:20.063573+00:00,KMIA,2026-05-15,0,,85.0,0,0.0328926071816604,0.34517766497461927,0.0010819236072070173,0.1191476203973305,85.71851437331456,2.4356554351377815,"TRUE_ECMWF_AIFS_ENS:0.26,TRUE_ECMWF_IFS_ENS:0.26,TRUE_GFS_ENS:0.16,TRUE_WEATHERNEXT2:0.32",OPEN,YES,-19.990000000000016
62736,KXHIGHMIA-26MAY15-T92,2026-05-15 21:43:00.671667+00:00,KMIA,2026-05-15,0,93.0,,1,0.84,0.0,0.02560000000000001,1.0,85.71851437331456,2.4356554351377815,"TRUE_ECMWF_AIFS_ENS:0.26,TRUE_ECMWF_IFS_ENS:0.26,TRUE_GFS_ENS:0.16,TRUE_WEATHERNEXT2:0.32",OPEN,NO,-19.990000000000016
62735,KXHIGHMIA-26MAY15-B85.5,2026-05-15 21:43:00.055124+00:00,KMIA,2026-05-15,0,85.0,87.0,0,0.0328926071816604,0.2639593908629442,0.0010819236072070173,0.06967456002473654,85.71851437331456,2.4356554351377815,"TRUE_ECMWF_AIFS_ENS:0.26,TRUE_ECMWF_IFS_ENS:0.26,TRUE_GFS_ENS:0.16,TRUE_WEATHERNEXT2:0.32",OPEN,YES,-19.990000000000016
62734,KXHIGHMIA-26MAY15-B91.5,2026-05-15 21:37:58.001882+00:00,KMIA,2026-05-15,0,91.0,93.0,0,0.0328926071816604,0.0,0.0010819236072070173,0.0,85.71851437331456,2.4356554351377815,"TRUE_ECMWF_AIFS_ENS:0.26,TRUE_ECMWF_IFS_ENS:0.26,TRUE_GFS_ENS:0.16,TRUE_WEATHERNEXT2:0.32",SKIP,YES,
62733,KXHIGHMIA-26MAY15-B87.5,2026-05-15 21:37:57.395745+00:00,KMIA,2026-05-15,0,87.0,89.0,0,0.03289260718166041,0.3401015228426396,0.0010819236072070182,0.11566904583988251,85.71851437331456,2.4356554351377815,"TRUE_ECMWF_AIFS_ENS:0.26,TRUE_ECMWF_IFS_ENS:0.26,TRUE_GFS_ENS:0.16,TRUE_WEATHERNEXT2:0.32",OPEN,YES,-19.990000000000016
62732,KXHIGHMIA-26MAY15-B89.5,2026-05-15 21:37:56.771172+00:00,KMIA,2026-05-15,0,89.0,91.0,0,0.0328926071816604,0.050761421319796954,0.0010819236072070173,0.0025767218944059366,85.71851437331456,2.4356554351377815,"TRUE_ECMWF_AIFS_ENS:0.26,TRUE_ECMWF_IFS_ENS:0.26,TRUE_GFS_ENS:0.16,TRUE_WEATHERNEXT2:0.32",OPEN,YES,-10.120000000000008
62731,KXHIGHMIA-26MAY15-T85,2026-05-15 21:37:56.164771+00:00,KMIA,2026-05-15,0,,85.0,0,0.0328926071816604,0.34517766497461927,0.0010819236072070173,0.1191476203973305,85.71851437331456,2.4356554351377815,"TRUE_ECMWF_AIFS_ENS:0.26,TRUE_ECMWF_IFS_ENS:0.26,TRUE_GFS_ENS:0.16,TRUE_WEATHERNEXT2:0.32",OPEN,YES,-19.990000000000016
62700,KXHIGHMIA-26MAY15-T92,2026-05-15 21:37:36.817598+00:00,KMIA,2026-05-15,0,93.0,,1,0.84,0.0,0.02560000000000001,1.0,85.71851437331456,2.4356554351377815,"TRUE_ECMWF_AIFS_ENS:0.26,TRUE_ECMWF_IFS_ENS:0.26,TRUE_GFS_ENS:0.16,TRUE_WEATHERNEXT2:0.32",OPEN,NO,-19.990000000000016
62699,KXHIGHMIA-26MAY15-B85.5,2026-05-15 21:37:36.249932+00:00,KMIA,2026-05-15,0,85.0,87.0,0,0.0328926071816604,0.2639593908629442,0.0010819236072070173,0.06967456002473654,85.71851437331456,2.4356554351377815,"TRUE_ECMWF_AIFS_ENS:0.26,TRUE_ECMWF_IFS_ENS:0.26,TRUE_GFS_ENS:0.16,TRUE_WEATHERNEXT2:0.32",OPEN,YES,-19.990000000000016
62698,KXHIGHMIA-26MAY15-T85,2026-05-15 21:32:33.775650+00:00,KMIA,2026-05-15,0,,85.0,0,0.0328926071816604,0.34517766497461927,0.0010819236072070173,0.1191476203973305,85.71851437331456,2.4356554351377815,"TRUE_ECMWF_AIFS_ENS:0.26,TRUE_ECMWF_IFS_ENS:0.26,TRUE_GFS_ENS:0.16,TRUE_WEATHERNEXT2:0.32",OPEN,YES,-19.990000000000016
62697,KXHIGHMIA-26MAY15-B91.5,2026-05-15 21:32:33.189422+00:00,KMIA,2026-05-15,0,91.0,93.0,0,0.0328926071816604,0.0,0.0010819236072070173,0.0,85.71851437331456,2.4356554351377815,"TRUE_ECMWF_AIFS_ENS:0.26,TRUE_ECMWF_IFS_ENS:0.26,TRUE_GFS_ENS:0.16,TRUE_WEATHERNEXT2:0.32",SKIP,YES,
62696,KXHIGHMIA-26MAY15-B87.5,2026-05-15 21:32:32.579234+00:00,KMIA,2026-05-15,0,87.0,89.0,0,0.0328926071816604,0.3401015228426396,0.0010819236072070173,0.11566904583988251,85.71851437331456,2.4356554351377815,"TRUE_ECMWF_AIFS_ENS:0.26,TRUE_ECMWF_IFS_ENS:0.26,TRUE_GFS_ENS:0.16,TRUE_WEATHERNEXT2:0.32",OPEN,YES,-19.990000000000016
62694,KXHIGHMIA-26MAY15-T92,2026-05-15 21:32:31.400997+00:00,KMIA,2026-05-15,0,93.0,,1,0.84,0.0,0.02560000000000001,1.0,85.71851437331456,2.4356554351377815,"TRUE_ECMWF_AIFS_ENS:0.26,TRUE_ECMWF_IFS_ENS:0.26,TRUE_GFS_ENS:0.16,TRUE_WEATHERNEXT2:0.32",OPEN,NO,-19.990000000000016
62664,KXHIGHMIA-26MAY15-B89.5,2026-05-15 21:32:12.437591+00:00,KMIA,2026-05-15,0,89.0,91.0,0,0.0328926071816604,0.050761421319796954,0.0010819236072070173,0.0025767218944059366,85.71851437331456,2.4356554351377815,"TRUE_ECMWF_AIFS_ENS:0.26,TRUE_ECMWF_IFS_ENS:0.26,TRUE_GFS_ENS:0.16,TRUE_WEATHERNEXT2:0.32",OPEN,YES,-10.120000000000008
62663,KXHIGHMIA-26MAY15-B85.5,2026-05-15 21:32:11.831153+00:00,KMIA,2026-05-15,0,85.0,87.0,0,0.0328926071816604,0.2639593908629442,0.0010819236072070173,0.06967456002473654,85.71851437331456,2.4356554351377815,"TRUE_ECMWF_AIFS_ENS:0.26,TRUE_ECMWF_IFS_ENS:0.26,TRUE_GFS_ENS:0.16,TRUE_WEATHERNEXT2:0.32",OPEN,YES,-19.990000000000016
62662,KXHIGHMIA-26MAY15-T85,2026-05-15 21:27:10.337814+00:00,KMIA,2026-05-15,0,,85.0,0,0.03289260718166041,0.34517766497461927,0.0010819236072070182,0.1191476203973305,85.71851437331456,2.4356554351377815,"TRUE_ECMWF_AIFS_ENS:0.26,TRUE_ECMWF_IFS_ENS:0.26,TRUE_GFS_ENS:0.16,TRUE_WEATHERNEXT2:0.32",OPEN,YES,-19.990000000000016
62661,KXHIGHMIA-26MAY15-B91.5,2026-05-15 21:27:09.713496+00:00,KMIA,2026-05-15,0,91.0,93.0,0,0.03289260718166041,0.0,0.0010819236072070182,0.0,85.71851437331456,2.4356554351377815,"TRUE_ECMWF_AIFS_ENS:0.26,TRUE_ECMWF_IFS_ENS:0.26,TRUE_GFS_ENS:0.16,TRUE_WEATHERNEXT2:0.32",SKIP,YES,
62660,KXHIGHMIA-26MAY15-B87.5,2026-05-15 21:27:09.112756+00:00,KMIA,2026-05-15,0,87.0,89.0,0,0.03289260718166041,0.3401015228426396,0.0010819236072070182,0.11566904583988251,85.71851437331456,2.4356554351377815,"TRUE_ECMWF_AIFS_ENS:0.26,TRUE_ECMWF_IFS_ENS:0.26,TRUE_GFS_ENS:0.16,TRUE_WEATHERNEXT2:0.32",OPEN,YES,-19.990000000000016
62658,KXHIGHMIA-26MAY15-B89.5,2026-05-15 21:27:07.900130+00:00,KMIA,2026-05-15,0,89.0,91.0,0,0.03289260718166041,0.050761421319796954,0.0010819236072070182,0.0025767218944059366,85.71851437331456,2.4356554351377815,"TRUE_ECMWF_AIFS_ENS:0.26,TRUE_ECMWF_IFS_ENS:0.26,TRUE_GFS_ENS:0.16,TRUE_WEATHERNEXT2:0.32",OPEN,YES,-10.120000000000008
62657,KXHIGHMIA-26MAY15-B85.5,2026-05-15 21:27:07.300788+00:00,KMIA,2026-05-15,0,85.0,87.0,0,0.0328926071816604,0.2639593908629442,0.0010819236072070173,0.06967456002473654,85.71851437331456,2.4356554351377815,"TRUE_ECMWF_AIFS_ENS:0.26,TRUE_ECMWF_IFS_ENS:0.26,TRUE_GFS_ENS:0.16,TRUE_WEATHERNEXT2:0.32",OPEN,YES,-19.990000000000016
62627,KXHIGHMIA-26MAY15-T92,2026-05-15 21:26:48.279971+00:00,KMIA,2026-05-15,0,93.0,,1,0.84,0.0,0.02560000000000001,1.0,85.71851437331456,2.4356554351377815,"TRUE_ECMWF_AIFS_ENS:0.26,TRUE_ECMWF_IFS_ENS:0.26,TRUE_GFS_ENS:0.16,TRUE_WEATHERNEXT2:0.32",OPEN,NO,-19.990000000000016
62626,KXHIGHMIA-26MAY15-T85,2026-05-15 21:21:45.590825+00:00,KMIA,2026-05-15,0,,85.0,0,0.0328926071816604,0.34517766497461927,0.0010819236072070173,0.1191476203973305,85.71851437331456,2.4356554351377815,"TRUE_ECMWF_AIFS_ENS:0.26,TRUE_ECMWF_IFS_ENS:0.26,TRUE_GFS_ENS:0.16,TRUE_WEATHERNEXT2:0.32",OPEN,YES,-19.990000000000016
62625,KXHIGHMIA-26MAY15-B85.5,2026-05-15 21:21:44.982191+00:00,KMIA,2026-05-15,0,85.0,87.0,0,0.0328926071816604,0.2639593908629442,0.0010819236072070173,0.06967456002473654,85.71851437331456,2.4356554351377815,"TRUE_ECMWF_AIFS_ENS:0.26,TRUE_ECMWF_IFS_ENS:0.26,TRUE_GFS_ENS:0.16,TRUE_WEATHERNEXT2:0.32",OPEN,YES,-19.990000000000016
62624,KXHIGHMIA-26MAY15-B91.5,2026-05-15 21:21:44.369388+00:00,KMIA,2026-05-15,0,91.0,93.0,0,0.0328926071816604,0.0,0.0010819236072070173,0.0,85.71851437331456,2.4356554351377815,"TRUE_ECMWF_AIFS_ENS:0.26,TRUE_ECMWF_IFS_ENS:0.26,TRUE_GFS_ENS:0.16,TRUE_WEATHERNEXT2:0.32",SKIP,YES,
62623,KXHIGHMIA-26MAY15-B87.5,2026-05-15 21:21:43.776390+00:00,KMIA,2026-05-15,0,87.0,89.0,0,0.0328926071816604,0.3401015228426396,0.0010819236072070173,0.11566904583988251,85.71851437331456,2.4356554351377815,"TRUE_ECMWF_AIFS_ENS:0.26,TRUE_ECMWF_IFS_ENS:0.26,TRUE_GFS_ENS:0.16,TRUE_WEATHERNEXT2:0.32",OPEN,YES,-19.990000000000016
62621,KXHIGHMIA-26MAY15-T92,2026-05-15 21:21:42.517002+00:00,KMIA,2026-05-15,0,93.0,,1,0.84,0.0,0.02560000000000001,1.0,85.71851437331456,2.4356554351377815,"TRUE_ECMWF_AIFS_ENS:0.26,TRUE_ECMWF_IFS_ENS:0.26,TRUE_GFS_ENS:0.16,TRUE_WEATHERNEXT2:0.32",OPEN,NO,-19.990000000000016
62620,KXHIGHMIA-26MAY15-B89.5,2026-05-15 21:21:41.967470+00:00,KMIA,2026-05-15,0,89.0,91.0,0,0.03289260718166041,0.050761421319796954,0.0010819236072070182,0.0025767218944059366,85.71851437331456,2.4356554351377815,"TRUE_ECMWF_AIFS_ENS:0.26,TRUE_ECMWF_IFS_ENS:0.26,TRUE_GFS_ENS:0.16,TRUE_WEATHERNEXT2:0.32",OPEN,YES,-10.120000000000008
62590,KXHIGHMIA-26MAY15-T85,2026-05-15 21:16:20.026093+00:00,KMIA,2026-05-15,0,,85.0,0,0.0328926071816604,0.34517766497461927,0.0010819236072070173,0.1191476203973305,85.71851437331456,2.4356554351377815,"TRUE_ECMWF_AIFS_ENS:0.26,TRUE_ECMWF_IFS_ENS:0.26,TRUE_GFS_ENS:0.16,TRUE_WEATHERNEXT2:0.32",OPEN,YES,-19.990000000000016
62589,KXHIGHMIA-26MAY15-B85.5,2026-05-15 21:16:19.415866+00:00,KMIA,2026-05-15,0,85.0,87.0,0,0.0328926071816604,0.2639593908629442,0.0010819236072070173,0.06967456002473654,85.71851437331456,2.4356554351377815,"TRUE_ECMWF_AIFS_ENS:0.26,TRUE_ECMWF_IFS_ENS:0.26,TRUE_GFS_ENS:0.16,TRUE_WEATHERNEXT2:0.32",OPEN,YES,-19.990000000000016
62588,KXHIGHMIA-26MAY15-T92,2026-05-15 21:16:18.808619+00:00,KMIA,2026-05-15,0,93.0,,1,0.84,0.0,0.02560000000000001,1.0,85.71851437331456,2.4356554351377815,"TRUE_ECMWF_AIFS_ENS:0.26,TRUE_ECMWF_IFS_ENS:0.26,TRUE_GFS_ENS:0.16,TRUE_WEATHERNEXT2:0.32",OPEN,NO,-19.990000000000016
62587,KXHIGHMIA-26MAY15-B89.5,2026-05-15 21:16:18.160514+00:00,KMIA,2026-05-15,0,89.0,91.0,0,0.0328926071816604,0.050761421319796954,0.0010819236072070173,0.0025767218944059366,85.71851437331456,2.4356554351377815,"TRUE_ECMWF_AIFS_ENS:0.26,TRUE_ECMWF_IFS_ENS:0.26,TRUE_GFS_ENS:0.16,TRUE_WEATHERNEXT2:0.32",OPEN,YES,-10.120000000000008
62557,KXHIGHMIA-26MAY15-B91.5,2026-05-15 21:15:59.274143+00:00,KMIA,2026-05-15,0,91.0,93.0,0,0.0328926071816604,0.0,0.0010819236072070173,0.0,85.71851437331456,2.4356554351377815,"TRUE_ECMWF_AIFS_ENS:0.26,TRUE_ECMWF_IFS_ENS:0.26,TRUE_GFS_ENS:0.16,TRUE_WEATHERNEXT2:0.32",SKIP,YES,
62556,KXHIGHMIA-26MAY15-B87.5,2026-05-15 21:15:58.677205+00:00,KMIA,2026-05-15,0,87.0,89.0,0,0.03289260718166039,0.3401015228426396,0.001081923607207017,0.11566904583988251,85.71851437331456,2.4356554351377815,"TRUE_ECMWF_AIFS_ENS:0.26,TRUE_ECMWF_IFS_ENS:0.26,TRUE_GFS_ENS:0.16,TRUE_WEATHERNEXT2:0.32",OPEN,YES,-19.990000000000016
62554,KXHIGHMIA-26MAY15-B91.5,2026-05-15 21:10:48.757527+00:00,KMIA,2026-05-15,0,91.0,93.0,0,0.0328926071816604,0.0,0.0010819236072070173,0.0,85.71851437331456,2.4356554351377815,"TRUE_ECMWF_AIFS_ENS:0.26,TRUE_ECMWF_IFS_ENS:0.26,TRUE_GFS_ENS:0.16,TRUE_WEATHERNEXT2:0.32",SKIP,YES,
62553,KXHIGHMIA-26MAY15-T85,2026-05-15 21:10:48.121053+00:00,KMIA,2026-05-15,0,,85.0,0,0.0328926071816604,0.34517766497461927,0.0010819236072070173,0.1191476203973305,85.71851437331456,2.4356554351377815,"TRUE_ECMWF_AIFS_ENS:0.26,TRUE_ECMWF_IFS_ENS:0.26,TRUE_GFS_ENS:0.16,TRUE_WEATHERNEXT2:0.32",OPEN,YES,-19.990000000000016
62552,KXHIGHMIA-26MAY15-B89.5,2026-05-15 21:10:47.492993+00:00,KMIA,2026-05-15,0,89.0,91.0,0,0.0328926071816604,0.050761421319796954,0.0010819236072070173,0.0025767218944059366,85.71851437331456,2.4356554351377815,"TRUE_ECMWF_AIFS_ENS:0.26,TRUE_ECMWF_IFS_ENS:0.26,TRUE_GFS_ENS:0.16,TRUE_WEATHERNEXT2:0.32",OPEN,YES,-10.120000000000008
62522,KXHIGHMIA-26MAY15-B87.5,2026-05-15 21:10:28.912945+00:00,KMIA,2026-05-15,0,87.0,89.0,0,0.0328926071816604,0.3401015228426396,0.0010819236072070173,0.11566904583988251,85.71851437331456,2.4356554351377815,"TRUE_ECMWF_AIFS_ENS:0.26,TRUE_ECMWF_IFS_ENS:0.26,TRUE_GFS_ENS:0.16,TRUE_WEATHERNEXT2:0.32",OPEN,YES,-19.990000000000016
62521,KXHIGHMIA-26MAY15-T92,2026-05-15 21:10:28.277535+00:00,KMIA,2026-05-15,0,93.0,,1,0.84,0.0,0.02560000000000001,1.0,85.71851437331456,2.4356554351377815,"TRUE_ECMWF_AIFS_ENS:0.26,TRUE_ECMWF_IFS_ENS:0.26,TRUE_GFS_ENS:0.16,TRUE_WEATHERNEXT2:0.32",OPEN,NO,-19.990000000000016
62519,KXHIGHMIA-26MAY15-B85.5,2026-05-15 21:10:27.089334+00:00,KMIA,2026-05-15,0,85.0,87.0,0,0.03289260718166039,0.2639593908629442,0.001081923607207017,0.06967456002473654,85.71851437331456,2.4356554351377815,"TRUE_ECMWF_AIFS_ENS:0.26,TRUE_ECMWF_IFS_ENS:0.26,TRUE_GFS_ENS:0.16,TRUE_WEATHERNEXT2:0.32",OPEN,YES,-19.990000000000016
62518,KXHIGHMIA-26MAY15-B87.5,2026-05-15 21:05:24.551494+00:00,KMIA,2026-05-15,0,87.0,89.0,0,0.0328926071816604,0.3401015228426396,0.0010819236072070173,0.11566904583988251,85.71851437331456,2.4356554351377815,"TRUE_ECMWF_AIFS_ENS:0.26,TRUE_ECMWF_IFS_ENS:0.26,TRUE_GFS_ENS:0.16,TRUE_WEATHERNEXT2:0.32",OPEN,YES,-19.990000000000016
62517,KXHIGHMIA-26MAY15-T92,2026-05-15 21:05:23.948144+00:00,KMIA,2026-05-15,0,93.0,,1,0.84,0.0,0.02560000000000001,1.0,85.71851437331456,2.4356554351377815,"TRUE_ECMWF_AIFS_ENS:0.26,TRUE_ECMWF_IFS_ENS:0.26,TRUE_GFS_ENS:0.16,TRUE_WEATHERNEXT2:0.32",OPEN,NO,-19.990000000000016
62516,KXHIGHMIA-26MAY15-B89.5,2026-05-15 21:05:23.382727+00:00,KMIA,2026-05-15,0,89.0,91.0,0,0.0328926071816604,0.050761421319796954,0.0010819236072070173,0.0025767218944059366,85.71851437331456,2.4356554351377815,"TRUE_ECMWF_AIFS_ENS:0.26,TRUE_ECMWF_IFS_ENS:0.26,TRUE_GFS_ENS:0.16,TRUE_WEATHERNEXT2:0.32",OPEN,YES,-10.120000000000008
62515,KXHIGHMIA-26MAY15-B91.5,2026-05-15 21:05:22.761806+00:00,KMIA,2026-05-15,0,91.0,93.0,0,0.03289260718166041,0.0,0.0010819236072070182,0.0,85.71851437331456,2.4356554351377815,"TRUE_ECMWF_AIFS_ENS:0.26,TRUE_ECMWF_IFS_ENS:0.26,TRUE_GFS_ENS:0.16,TRUE_WEATHERNEXT2:0.32",SKIP,YES,
62514,KXHIGHMIA-26MAY15-T85,2026-05-15 21:05:22.142612+00:00,KMIA,2026-05-15,0,,85.0,0,0.0328926071816604,0.34517766497461927,0.0010819236072070173,0.1191476203973305,85.71851437331456,2.4356554351377815,"TRUE_ECMWF_AIFS_ENS:0.26,TRUE_ECMWF_IFS_ENS:0.26,TRUE_GFS_ENS:0.16,TRUE_WEATHERNEXT2:0.32",OPEN,YES,-19.990000000000016
62483,KXHIGHMIA-26MAY15-B85.5,2026-05-15 21:05:01.175372+00:00,KMIA,2026-05-15,0,85.0,87.0,0,0.0328926071816604,0.2639593908629442,0.0010819236072070173,0.06967456002473654,85.71851437331456,2.4356554351377815,"TRUE_ECMWF_AIFS_ENS:0.26,TRUE_ECMWF_IFS_ENS:0.26,TRUE_GFS_ENS:0.16,TRUE_WEATHERNEXT2:0.32",OPEN,YES,-19.990000000000016
62482,KXHIGHMIA-26MAY15-T92,2026-05-15 20:59:59.513338+00:00,KMIA,2026-05-15,0,93.0,,1,0.84,0.0,0.02560000000000001,1.0,85.71851437331456,2.4356554351377815,"TRUE_ECMWF_AIFS_ENS:0.26,TRUE_ECMWF_IFS_ENS:0.26,TRUE_GFS_ENS:0.16,TRUE_WEATHERNEXT2:0.32",OPEN,NO,-19.990000000000016
62481,KXHIGHMIA-26MAY15-B87.5,2026-05-15 20:59:58.941634+00:00,KMIA,2026-05-15,0,87.0,89.0,0,0.03289260718166039,0.3401015228426396,0.001081923607207017,0.11566904583988251,85.71851437331456,2.4356554351377815,"TRUE_ECMWF_AIFS_ENS:0.26,TRUE_ECMWF_IFS_ENS:0.26,TRUE_GFS_ENS:0.16,TRUE_WEATHERNEXT2:0.32",OPEN,YES,-19.990000000000016
62480,KXHIGHMIA-26MAY15-B91.5,2026-05-15 20:59:58.339752+00:00,KMIA,2026-05-15,0,91.0,93.0,0,0.0328926071816604,0.0,0.0010819236072070173,0.0,85.71851437331456,2.4356554351377815,"TRUE_ECMWF_AIFS_ENS:0.26,TRUE_ECMWF_IFS_ENS:0.26,TRUE_GFS_ENS:0.16,TRUE_WEATHERNEXT2:0.32",SKIP,YES,
62479,KXHIGHMIA-26MAY15-T85,2026-05-15 20:59:57.720497+00:00,KMIA,2026-05-15,0,,85.0,0,0.0328926071816604,0.34517766497461927,0.0010819236072070173,0.1191476203973305,85.71851437331456,2.4356554351377815,"TRUE_ECMWF_AIFS_ENS:0.26,TRUE_ECMWF_IFS_ENS:0.26,TRUE_GFS_ENS:0.16,TRUE_WEATHERNEXT2:0.32",OPEN,YES,-19.990000000000016
62478,KXHIGHMIA-26MAY15-B89.5,2026-05-15 20:59:57.080114+00:00,KMIA,2026-05-15,0,89.0,91.0,0,0.03289260718166039,0.050761421319796954,0.001081923607207017,0.0025767218944059366,85.71851437331456,2.4356554351377815,"TRUE_ECMWF_AIFS_ENS:0.26,TRUE_ECMWF_IFS_ENS:0.26,TRUE_GFS_ENS:0.16,TRUE_WEATHERNEXT2:0.32",OPEN,YES,-10.120000000000008
62447,KXHIGHMIA-26MAY15-B85.5,2026-05-15 20:59:37.480916+00:00,KMIA,2026-05-15,0,85.0,87.0,0,0.0328926071816604,0.2639593908629442,0.0010819236072070173,0.06967456002473654,85.71851437331456,2.4356554351377815,"TRUE_ECMWF_AIFS_ENS:0.26,TRUE_ECMWF_IFS_ENS:0.26,TRUE_GFS_ENS:0.16,TRUE_WEATHERNEXT2:0.32",OPEN,YES,-19.990000000000016
62446,KXHIGHMIA-26MAY15-T92,2026-05-15 20:54:30.763869+00:00,KMIA,2026-05-15,0,93.0,,1,0.84,0.0,0.02560000000000001,1.0,85.71851437331456,2.4356554351377815,"TRUE_ECMWF_AIFS_ENS:0.26,TRUE_ECMWF_IFS_ENS:0.26,TRUE_GFS_ENS:0.16,TRUE_WEATHERNEXT2:0.32",OPEN,NO,-19.990000000000016
62445,KXHIGHMIA-26MAY15-B87.5,2026-05-15 20:54:30.158023+00:00,KMIA,2026-05-15,0,87.0,89.0,0,0.0328926071816604,0.3401015228426396,0.0010819236072070173,0.11566904583988251,85.71851437331456,2.4356554351377815,"TRUE_ECMWF_AIFS_ENS:0.26,TRUE_ECMWF_IFS_ENS:0.26,TRUE_GFS_ENS:0.16,TRUE_WEATHERNEXT2:0.32",OPEN,YES,-19.990000000000016
57622,KXHIGHMIA-26MAY15-B87.5,2026-05-15 03:59:26.989718+00:00,KMIA,2026-05-15,1,87.0,89.0,0,0.22431399997504237,0.046875,0.05031677058480331,0.002197265625,84.43485439300541,1.8310777011764114,TRUE_WEATHERNEXT2:1.00,SKIP,YES,
57621,KXHIGHMIA-26MAY15-B85.5,2026-05-15 03:59:26.414076+00:00,KMIA,2026-05-15,1,85.0,87.0,0,0.2016691613406296,0.265625,0.04067045063583289,0.070556640625,84.43485439300541,1.8310777011764114,TRUE_WEATHERNEXT2:1.00,OPEN,YES,-19.990000000000016
57620,KXHIGHMIA-26MAY15-T92,2026-05-15 03:59:25.825330+00:00,KMIA,2026-05-15,1,93.0,,1,0.16614354401214831,0.0,0.69531658919262,1.0,84.43485439300541,1.8310777011764114,TRUE_WEATHERNEXT2:1.00,OPEN,NO,-19.740000000000002
57619,KXHIGHMIA-26MAY15-B91.5,2026-05-15 03:59:25.244960+00:00,KMIA,2026-05-15,1,91.0,93.0,0,0.18924730888820204,0.0,0.03581454392142656,0.0,84.43485439300541,1.8310777011764114,TRUE_WEATHERNEXT2:1.00,OPEN,NO,14.029999999999998
57618,KXHIGHMIA-26MAY15-B89.5,2026-05-15 03:59:24.666485+00:00,KMIA,2026-05-15,1,89.0,91.0,0,0.2243681274313562,0.03125,0.05034105660705329,0.0009765625,84.43485439300541,1.8310777011764114,TRUE_WEATHERNEXT2:1.00,OPEN,NO,6.15
57617,KXHIGHMIA-26MAY15-T85,2026-05-15 03:59:24.092202+00:00,KMIA,2026-05-15,1,,85.0,0,0.1524231279784428,0.65625,0.02323280994273275,0.4306640625,84.43485439300541,1.8310777011764114,TRUE_WEATHERNEXT2:1.00,OPEN,YES,-19.990000000000016
57604,KXHIGHMIA-26MAY15-B87.5,2026-05-15 03:54:10.337784+00:00,KMIA,2026-05-15,1,87.0,89.0,0,0.22436577038309347,0.046875,0.05033999891959902,0.002197265625,84.43485439300541,1.8310777011764114,TRUE_WEATHERNEXT2:1.00,SKIP,YES,
57603,KXHIGHMIA-26MAY15-B85.5,2026-05-15 03:54:09.740175+00:00,KMIA,2026-05-15,1,85.0,87.0,0,0.1676348587760117,0.265625,0.028101445876853384,0.070556640625,84.43485439300541,1.8310777011764114,TRUE_WEATHERNEXT2:1.00,OPEN,YES,-19.990000000000016
57602,KXHIGHMIA-26MAY15-T92,2026-05-15 03:54:09.156552+00:00,KMIA,2026-05-15,1,93.0,,1,0.16562606893194748,0.0,0.6961798568459552,1.0,84.43485439300541,1.8310777011764114,TRUE_WEATHERNEXT2:1.00,OPEN,NO,-19.740000000000002
57601,KXHIGHMIA-26MAY15-B91.5,2026-05-15 03:54:08.549202+00:00,KMIA,2026-05-15,1,91.0,93.0,0,0.18852276797390716,0.0,0.03554083404454363,0.0,84.43485439300541,1.8310777011764114,TRUE_WEATHERNEXT2:1.00,OPEN,NO,14.029999999999998
57600,KXHIGHMIA-26MAY15-T85,2026-05-15 03:54:07.978662+00:00,KMIA,2026-05-15,1,,85.0,0,0.15259768322039235,0.65625,0.023286052924231214,0.4306640625,84.43485439300541,1.8310777011764114,TRUE_WEATHERNEXT2:1.00,OPEN,YES,-19.990000000000016
57599,KXHIGHMIA-26MAY15-B89.5,2026-05-15 03:54:07.373813+00:00,KMIA,2026-05-15,1,89.0,91.0,0,0.22431635702330505,0.03125,0.050317828028206855,0.0009765625,84.43485439300541,1.8310777011764114,TRUE_WEATHERNEXT2:1.00,OPEN,NO,6.15
57586,KXHIGHMIA-26MAY15-B87.5,2026-05-15 03:48:58.253050+00:00,KMIA,2026-05-15,1,87.0,89.0,0,0.22441679511232895,0.046875,0.05036289792848903,0.002197265625,84.43485439300541,1.8310777011764114,TRUE_WEATHERNEXT2:1.00,SKIP,YES,
57585,KXHIGHMIA-26MAY15-B85.5,2026-05-15 03:48:57.647193+00:00,KMIA,2026-05-15,1,85.0,87.0,0,0.16868625557909064,0.265625,0.02845505282129429,0.070556640625,84.43485439300541,1.8310777011764114,TRUE_WEATHERNEXT2:1.00,OPEN,YES,-19.990000000000016
57584,KXHIGHMIA-26MAY15-T85,2026-05-15 03:48:57.039526+00:00,KMIA,2026-05-15,1,,85.0,0,0.15277041294462856,0.65625,0.023338799071272336,0.4306640625,84.43485439300541,1.8310777011764114,TRUE_WEATHERNEXT2:1.00,OPEN,YES,-19.990000000000016
57583,KXHIGHMIA-26MAY15-T92,2026-05-15 03:48:56.410242+00:00,KMIA,2026-05-15,1,93.0,,1,0.1651160473414804,0.0,0.6970312144067133,1.0,84.43485439300541,1.8310777011764114,TRUE_WEATHERNEXT2:1.00,OPEN,NO,-19.740000000000002
57582,KXHIGHMIA-26MAY15-B91.5,2026-05-15 03:48:55.801607+00:00,KMIA,2026-05-15,1,91.0,93.0,0,0.1878086630370592,0.0,0.035272093911767645,0.0,84.43485439300541,1.8310777011764114,TRUE_WEATHERNEXT2:1.00,OPEN,NO,14.029999999999998
57581,KXHIGHMIA-26MAY15-B89.5,2026-05-15 03:48:55.198209+00:00,KMIA,2026-05-15,1,89.0,91.0,0,0.22426533229406945,0.03125,0.050294939268969385,0.0009765625,84.43485439300541,1.8310777011764114,TRUE_WEATHERNEXT2:1.00,OPEN,NO,6.15
57568,KXHIGHMIA-26MAY15-B85.5,2026-05-15 03:43:35.288866+00:00,KMIA,2026-05-15,1,85.0,87.0,0,0.1697721251625316,0.265625,0.028822574482202292,0.070556640625,84.43485439300541,1.8310777011764114,TRUE_WEATHERNEXT2:1.00,OPEN,YES,-19.990000000000016
57567,KXHIGHMIA-26MAY15-T92,2026-05-15 03:43:34.689207+00:00,KMIA,2026-05-15,1,93.0,,1,0.164588953461772,0.0,0.6979116166780974,1.0,84.43485439300541,1.8310777011764114,TRUE_WEATHERNEXT2:1.00,OPEN,NO,-19.56
57566,KXHIGHMIA-26MAY15-B87.5,2026-05-15 03:43:34.107013+00:00,KMIA,2026-05-15,1,87.0,89.0,0,0.2244695278259953,0.046875,0.05038656892242528,0.002197265625,84.43485439300541,1.8310777011764114,TRUE_WEATHERNEXT2:1.00,SKIP,YES,
57565,KXHIGHMIA-26MAY15-B91.5,2026-05-15 03:43:33.510849+00:00,KMIA,2026-05-15,1,91.0,93.0,0,0.18707065439445,0.0,0.034995429735567754,0.0,84.43485439300541,1.8310777011764114,TRUE_WEATHERNEXT2:1.00,OPEN,NO,14.029999999999998
57564,KXHIGHMIA-26MAY15-B89.5,2026-05-15 03:43:32.899476+00:00,KMIA,2026-05-15,1,89.0,91.0,0,0.22421259958040307,0.03125,0.050271289810602166,0.0009765625,84.43485439300541,1.8310777011764114,TRUE_WEATHERNEXT2:1.00,OPEN,NO,6.15
57563,KXHIGHMIA-26MAY15-T85,2026-05-15 03:43:32.314789+00:00,KMIA,2026-05-15,1,,85.0,0,0.15294964588350518,0.65625,0.023393594175889633,0.4306640625,84.43485439300541,1.8310777011764114,TRUE_WEATHERNEXT2:1.00,OPEN,YES,-19.990000000000016
57550,KXHIGHMIA-26MAY15-B89.5,2026-05-15 03:38:10.341801+00:00,KMIA,2026-05-15,1,89.0,91.0,0,0.22415952017102728,0.03125,0.050247490483305186,0.0009765625,84.43485439300541,1.8310777011764114,TRUE_WEATHERNEXT2:1.00,OPEN,NO,6.15
57549,KXHIGHMIA-26MAY15-B85.5,2026-05-15 03:38:09.767230+00:00,KMIA,2026-05-15,1,85.0,87.0,0,0.1708643904338566,0.265625,0.029194639918333386,0.070556640625,84.43485439300541,1.8310777011764114,TRUE_WEATHERNEXT2:1.00,OPEN,YES,-19.990000000000016
57548,KXHIGHMIA-26MAY15-T92,2026-05-15 03:38:09.172586+00:00,KMIA,2026-05-15,1,93.0,,1,0.164058394158537,0.0,0.698798368376804,1.0,84.43485439300541,1.8310777011764114,TRUE_WEATHERNEXT2:1.00,OPEN,NO,-19.56
57547,KXHIGHMIA-26MAY15-B91.5,2026-05-15 03:38:08.549469+00:00,KMIA,2026-05-15,1,91.0,93.0,0,0.18632779365127303,0.0,0.03471804668695138,0.0,84.43485439300541,1.8310777011764114,TRUE_WEATHERNEXT2:1.00,OPEN,NO,14.029999999999998
57546,KXHIGHMIA-26MAY15-T85,2026-05-15 03:38:07.937214+00:00,KMIA,2026-05-15,1,,85.0,0,0.15313080065859208,0.65625,0.023449042110341465,0.4306640625,84.43485439300541,1.8310777011764114,TRUE_WEATHERNEXT2:1.00,OPEN,YES,-19.990000000000016
57545,KXHIGHMIA-26MAY15-B87.5,2026-05-15 03:38:07.333482+00:00,KMIA,2026-05-15,1,87.0,89.0,0,0.22452260723537126,0.046875,0.05041040115976879,0.002197265625,84.43485439300541,1.8310777011764114,TRUE_WEATHERNEXT2:1.00,SKIP,YES,
57532,KXHIGHMIA-26MAY15-B85.5,2026-05-15 03:32:53.255232+00:00,KMIA,2026-05-15,1,85.0,87.0,0,0.1719299440372949,0.265625,0.029559905656667353,0.070556640625,84.43485439300541,1.8310777011764114,TRUE_WEATHERNEXT2:1.00,OPEN,YES,-19.990000000000016
57531,KXHIGHMIA-26MAY15-B87.5,2026-05-15 03:32:52.654814+00:00,KMIA,2026-05-15,1,87.0,89.0,0,0.2245744236789229,0.046875,0.050433671770720376,0.002197265625,84.43485439300541,1.8310777011764114,TRUE_WEATHERNEXT2:1.00,SKIP,YES,
57530,KXHIGHMIA-26MAY15-B91.5,2026-05-15 03:32:52.044031+00:00,KMIA,2026-05-15,1,91.0,93.0,0,0.18560260845765028,0.0,0.034448328266283836,0.0,84.43485439300541,1.8310777011764114,TRUE_WEATHERNEXT2:1.00,OPEN,NO,12.569999999999997
57529,KXHIGHMIA-26MAY15-B89.5,2026-05-15 03:32:51.428318+00:00,KMIA,2026-05-15,1,89.0,91.0,0,0.22410770372747557,0.03125,0.050224262870001965,0.0009765625,84.43485439300541,1.8310777011764114,TRUE_WEATHERNEXT2:1.00,OPEN,NO,6.15
57528,KXHIGHMIA-26MAY15-T92,2026-05-15 03:32:50.777073+00:00,KMIA,2026-05-15,1,93.0,,1,0.16354045892696273,0.0,0.6996645638521162,1.0,84.43485439300541,1.8310777011764114,TRUE_WEATHERNEXT2:1.00,OPEN,NO,-19.56
57527,KXHIGHMIA-26MAY15-T85,2026-05-15 03:32:50.177722+00:00,KMIA,2026-05-15,1,,85.0,0,0.15330836748035082,0.65625,0.02350345553949029,0.4306640625,84.43485439300541,1.8310777011764114,TRUE_WEATHERNEXT2:1.00,OPEN,YES,-19.990000000000016
57514,KXHIGHMIA-26MAY15-B85.5,2026-05-15 03:27:39.299067+00:00,KMIA,2026-05-15,1,85.0,87.0,0,0.17298417213235318,0.265625,0.029923523808315592,0.070556640625,84.43485439300541,1.8310777011764114,TRUE_WEATHERNEXT2:1.00,OPEN,YES,-19.990000000000016
57513,KXHIGHMIA-26MAY15-B91.5,2026-05-15 03:27:38.700892+00:00,KMIA,2026-05-15,1,91.0,93.0,0,0.18488465063544476,0.0,0.03418233404059046,0.0,84.43485439300541,1.8310777011764114,TRUE_WEATHERNEXT2:1.00,OPEN,NO,12.260000000000002
57512,KXHIGHMIA-26MAY15-B87.5,2026-05-15 03:27:37.967225+00:00,KMIA,2026-05-15,1,87.0,89.0,0,0.2246257237072384,0.046875,0.05045671575100061,0.002197265625,84.43485439300541,1.8310777011764114,TRUE_WEATHERNEXT2:1.00,SKIP,NO,
57511,KXHIGHMIA-26MAY15-B89.5,2026-05-15 03:27:37.367877+00:00,KMIA,2026-05-15,1,89.0,91.0,0,0.22405640369916005,0.03125,0.05020127203860098,0.0009765625,84.43485439300541,1.8310777011764114,TRUE_WEATHERNEXT2:1.00,OPEN,NO,6.15
57510,KXHIGHMIA-26MAY15-T85,2026-05-15 03:27:36.772622+00:00,KMIA,2026-05-15,1,,85.0,0,0.15348487057101223,0.65625,0.023557605494200377,0.4306640625,84.43485439300541,1.8310777011764114,TRUE_WEATHERNEXT2:1.00,OPEN,YES,-19.990000000000016
57509,KXHIGHMIA-26MAY15-T92,2026-05-15 03:27:36.167154+00:00,KMIA,2026-05-15,1,93.0,,1,0.16302768556344854,0.0,0.7005226551332776,1.0,84.43485439300541,1.8310777011764114,TRUE_WEATHERNEXT2:1.00,OPEN,NO,-19.56
57496,KXHIGHMIA-26MAY15-B85.5,2026-05-15 03:22:25.267429+00:00,KMIA,2026-05-15,1,85.0,87.0,0,0.1740854653868722,0.265625,0.030305749258963878,0.070556640625,84.43485439300541,1.8310777011764114,TRUE_WEATHERNEXT2:1.00,OPEN,YES,-19.990000000000016
57495,KXHIGHMIA-26MAY15-T92,2026-05-15 03:22:24.679233+00:00,KMIA,2026-05-15,1,93.0,,1,0.16251484779144645,0.0,0.7013813801697841,1.0,84.43485439300541,1.8310777011764114,TRUE_WEATHERNEXT2:1.00,OPEN,NO,-19.56
57494,KXHIGHMIA-26MAY15-B87.5,2026-05-15 03:22:23.993029+00:00,KMIA,2026-05-15,1,87.0,89.0,0,0.2246293920829949,0.046875,0.05045836378757585,0.002197265625,84.43485439300541,1.8310777011764114,TRUE_WEATHERNEXT2:1.00,SKIP,YES,
57493,KXHIGHMIA-26MAY15-B89.5,2026-05-15 03:22:23.394047+00:00,KMIA,2026-05-15,1,89.0,91.0,0,0.2240050972271455,0.03125,0.05017828358374291,0.0009765625,84.43485439300541,1.8310777011764114,TRUE_WEATHERNEXT2:1.00,OPEN,NO,6.15
57492,KXHIGHMIA-26MAY15-T85,2026-05-15 03:22:22.801144+00:00,KMIA,2026-05-15,1,,85.0,0,0.15366210118827672,0.65625,0.023612041341596196,0.4306640625,84.43485439300541,1.8310777011764114,TRUE_WEATHERNEXT2:1.00,OPEN,YES,-19.990000000000016
57491,KXHIGHMIA-26MAY15-B91.5,2026-05-15 03:22:22.199760+00:00,KMIA,2026-05-15,1,91.0,93.0,0,0.1841666026319214,0.0,0.033917337524984034,0.0,84.43485439300541,1.8310777011764114,TRUE_WEATHERNEXT2:1.00,OPEN,NO,12.260000000000002
57478,KXHIGHMIA-26MAY15-B85.5,2026-05-15 03:17:09.927203+00:00,KMIA,2026-05-15,1,85.0,87.0,0,0.17519457308748643,0.265625,0.030693138439306624,0.070556640625,84.43485439300541,1.8310777011764114,TRUE_WEATHERNEXT2:1.00,OPEN,YES,-19.990000000000016
57477,KXHIGHMIA-26MAY15-B89.5,2026-05-15 03:17:09.346023+00:00,KMIA,2026-05-15,1,89.0,91.0,0,0.22395356513940318,0.03125,0.050155199338648905,0.0009765625,84.43485439300541,1.8310777011764114,TRUE_WEATHERNEXT2:1.00,OPEN,NO,6.15
57476,KXHIGHMIA-26MAY15-B91.5,2026-05-15 03:17:08.776161+00:00,KMIA,2026-05-15,1,91.0,93.0,0,0.1834453970750408,0.0,0.033652213708019386,0.0,84.43485439300541,1.8310777011764114,TRUE_WEATHERNEXT2:1.00,OPEN,NO,14.029999999999998
57475,KXHIGHMIA-26MAY15-B87.5,2026-05-15 03:17:08.160579+00:00,KMIA,2026-05-15,1,87.0,89.0,0,0.22462939208299493,0.046875,0.050458363787575865,0.002197265625,84.43485439300541,1.8310777011764114,TRUE_WEATHERNEXT2:1.00,SKIP,YES,
57474,KXHIGHMIA-26MAY15-T92,2026-05-15 03:17:07.559175+00:00,KMIA,2026-05-15,1,93.0,,1,0.16199975486015042,0.0,0.702244410854448,1.0,84.43485439300541,1.8310777011764114,TRUE_WEATHERNEXT2:1.00,OPEN,NO,-19.56
57473,KXHIGHMIA-26MAY15-T85,2026-05-15 03:17:06.943379+00:00,KMIA,2026-05-15,1,,85.0,0,0.15384082406358146,0.65625,0.023666999148561824,0.4306640625,84.43485439300541,1.8310777011764114,TRUE_WEATHERNEXT2:1.00,OPEN,YES,-19.990000000000016
57460,KXHIGHMIA-26MAY15-B85.5,2026-05-15 03:11:44.766531+00:00,KMIA,2026-05-15,1,85.0,87.0,0,0.1763367265863482,0.265625,0.031094641143188516,0.070556640625,84.43485439300541,1.8310777011764114,TRUE_WEATHERNEXT2:1.00,OPEN,YES,-19.990000000000016
57459,KXHIGHMIA-26MAY15-B87.5,2026-05-15 03:11:44.180847+00:00,KMIA,2026-05-15,1,87.0,89.0,0,0.22462939208299493,0.046875,0.050458363787575865,0.002197265625,84.43485439300541,1.8310777011764114,TRUE_WEATHERNEXT2:1.00,SKIP,YES,
57458,KXHIGHMIA-26MAY15-T92,2026-05-15 03:11:43.599784+00:00,KMIA,2026-05-15,1,93.0,,1,0.16146896622670784,0.0,0.703134294600906,1.0,84.43485439300541,1.8310777011764114,TRUE_WEATHERNEXT2:1.00,OPEN,NO,-19.56
57457,KXHIGHMIA-26MAY15-B91.5,2026-05-15 03:11:43.005378+00:00,KMIA,2026-05-15,1,91.0,93.0,0,0.1827022152359797,0.0,0.03338009945213426,0.0,84.43485439300541,1.8310777011764114,TRUE_WEATHERNEXT2:1.00,OPEN,NO,15.139999999999999
57456,KXHIGHMIA-26MAY15-B89.5,2026-05-15 03:11:42.417881+00:00,KMIA,2026-05-15,1,89.0,91.0,0,0.22390046278685788,0.03125,0.05013141723616913,0.0009765625,84.43485439300541,1.8310777011764114,TRUE_WEATHERNEXT2:1.00,OPEN,NO,6.15
57455,KXHIGHMIA-26MAY15-T85,2026-05-15 03:11:41.747876+00:00,KMIA,2026-05-15,1,,85.0,0,0.15402574338976868,0.65625,0.023723929626770873,0.4306640625,84.43485439300541,1.8310777011764114,TRUE_WEATHERNEXT2:1.00,OPEN,YES,-19.990000000000016
57442,KXHIGHMIA-26MAY15-B85.5,2026-05-15 03:06:16.688262+00:00,KMIA,2026-05-15,1,85.0,87.0,0,0.17748769427592404,0.265625,0.03150188161938388,0.070556640625,84.43485439300541,1.8310777011764114,TRUE_WEATHERNEXT2:1.00,OPEN,YES,-19.990000000000016
57441,KXHIGHMIA-26MAY15-B89.5,2026-05-15 03:06:16.083932+00:00,KMIA,2026-05-15,1,89.0,91.0,0,0.223846914624151,0.03125,0.05010744118675194,0.0009765625,84.43485439300541,1.8310777011764114,TRUE_WEATHERNEXT2:1.00,OPEN,NO,6.15
57440,KXHIGHMIA-26MAY15-B87.5,2026-05-15 03:06:15.493111+00:00,KMIA,2026-05-15,1,87.0,89.0,0,0.22462939208299493,0.046875,0.050458363787575865,0.002197265625,84.43485439300541,1.8310777011764114,TRUE_WEATHERNEXT2:1.00,SKIP,YES,
57439,KXHIGHMIA-26MAY15-T92,2026-05-15 03:06:14.904348+00:00,KMIA,2026-05-15,1,93.0,,1,0.16093372146363819,0.0,0.7040322197768596,1.0,84.43485439300541,1.8310777011764114,TRUE_WEATHERNEXT2:1.00,OPEN,NO,-19.56
57438,KXHIGHMIA-26MAY15-B91.5,2026-05-15 03:06:14.315526+00:00,KMIA,2026-05-15,1,91.0,93.0,0,0.1819527941626877,0.0,0.0331068193036094,0.0,84.43485439300541,1.8310777011764114,TRUE_WEATHERNEXT2:1.00,OPEN,NO,15.139999999999999
57437,KXHIGHMIA-26MAY15-T85,2026-05-15 03:06:13.697298+00:00,KMIA,2026-05-15,1,,85.0,0,0.15421298969926125,0.65625,0.023781646191984456,0.4306640625,84.43485439300541,1.8310777011764114,TRUE_WEATHERNEXT2:1.00,OPEN,YES,-19.990000000000016
57424,KXHIGHMIA-26MAY15-B85.5,2026-05-15 03:00:56.038843+00:00,KMIA,2026-05-15,1,85.0,87.0,0,0.17861351045808005,0.265625,0.03190278611815867,0.070556640625,84.43485439300541,1.8310777011764114,TRUE_WEATHERNEXT2:1.00,OPEN,YES,-19.990000000000016
57423,KXHIGHMIA-26MAY15-B89.5,2026-05-15 03:00:55.421328+00:00,KMIA,2026-05-15,1,89.0,91.0,0,0.2237945014343729,0.03125,0.05008397887225954,0.0009765625,84.43485439300541,1.8310777011764114,TRUE_WEATHERNEXT2:1.00,OPEN,NO,5.68
57422,KXHIGHMIA-26MAY15-B87.5,2026-05-15 03:00:54.833255+00:00,KMIA,2026-05-15,1,87.0,89.0,0,0.22462939208299498,0.046875,0.05045836378757589,0.002197265625,84.43485439300541,1.8310777011764114,TRUE_WEATHERNEXT2:1.00,SKIP,YES,
57421,KXHIGHMIA-26MAY15-T85,2026-05-15 03:00:54.238675+00:00,KMIA,2026-05-15,1,,85.0,0,0.15439702358013924,0.65625,0.02383844089040607,0.4306640625,84.43485439300541,1.8310777011764114,TRUE_WEATHERNEXT2:1.00,OPEN,YES,-19.990000000000016
57420,KXHIGHMIA-26MAY15-B91.5,2026-05-15 03:00:53.643524+00:00,KMIA,2026-05-15,1,91.0,93.0,0,0.1812192573436334,0.0,0.03284041923217802,0.0,84.43485439300541,1.8310777011764114,TRUE_WEATHERNEXT2:1.00,OPEN,NO,15.139999999999999
57419,KXHIGHMIA-26MAY15-T92,2026-05-15 03:00:53.049800+00:00,KMIA,2026-05-15,1,93.0,,1,0.16040982140943666,0.0,0.7049116679857339,1.0,84.43485439300541,1.8310777011764114,TRUE_WEATHERNEXT2:1.00,OPEN,NO,-19.34
57406,KXHIGHMIA-26MAY15-B85.5,2026-05-15 02:55:32.799288+00:00,KMIA,2026-05-15,1,85.0,87.0,0,0.17974728626468126,0.265625,0.03230908691951727,0.070556640625,84.43485439300541,1.8310777011764114,TRUE_WEATHERNEXT2:1.00,OPEN,YES,-19.990000000000016
57405,KXHIGHMIA-26MAY15-B89.5,2026-05-15 02:55:32.212328+00:00,KMIA,2026-05-15,1,89.0,91.0,0,0.22374168229335384,0.03125,0.05006034039546008,0.0009765625,84.43485439300541,1.8310777011764114,TRUE_WEATHERNEXT2:1.00,OPEN,NO,5.68
57404,KXHIGHMIA-26MAY15-B91.5,2026-05-15 02:55:31.637454+00:00,KMIA,2026-05-15,1,91.0,93.0,0,0.1804800391267619,0.0,0.0325730445231975,0.0,84.43485439300541,1.8310777011764114,TRUE_WEATHERNEXT2:1.00,OPEN,NO,15.139999999999999
57403,KXHIGHMIA-26MAY15-B87.5,2026-05-15 02:55:31.030501+00:00,KMIA,2026-05-15,1,87.0,89.0,0,0.22462939208299493,0.046875,0.050458363787575865,0.002197265625,84.43485439300541,1.8310777011764114,TRUE_WEATHERNEXT2:1.00,SKIP,YES,
57402,KXHIGHMIA-26MAY15-T92,2026-05-15 02:55:30.393112+00:00,KMIA,2026-05-15,1,93.0,,1,0.15988186363850282,0.0,0.7057984830435151,1.0,84.43485439300541,1.8310777011764114,TRUE_WEATHERNEXT2:1.00,OPEN,NO,-19.34
57401,KXHIGHMIA-26MAY15-T85,2026-05-15 02:55:29.774895+00:00,KMIA,2026-05-15,1,,85.0,0,0.1545832429023625,0.65625,0.023895978986210806,0.4306640625,84.43485439300541,1.8310777011764114,TRUE_WEATHERNEXT2:1.00,OPEN,YES,-19.990000000000016
57388,KXHIGHMIA-26MAY15-B85.5,2026-05-15 02:50:20.368841+00:00,KMIA,2026-05-15,1,85.0,87.0,0,0.18084268918120155,0.265625,0.032704078230288675,0.070556640625,84.43485439300541,1.8310777011764114,TRUE_WEATHERNEXT2:1.00,OPEN,YES,-19.990000000000016
57387,KXHIGHMIA-26MAY15-B89.5,2026-05-15 02:50:19.790480+00:00,KMIA,2026-05-15,1,89.0,91.0,0,0.2236906168958346,0.03125,0.050037492087239045,0.0009765625,84.43485439300541,1.8310777011764114,TRUE_WEATHERNEXT2:1.00,OPEN,NO,5.68
57386,KXHIGHMIA-26MAY15-B87.5,2026-05-15 02:50:19.190524+00:00,KMIA,2026-05-15,1,87.0,89.0,0,0.22462939208299493,0.046875,0.050458363787575865,0.002197265625,84.43485439300541,1.8310777011764114,TRUE_WEATHERNEXT2:1.00,SKIP,YES,
57385,KXHIGHMIA-26MAY15-B91.5,2026-05-15 02:50:18.600283+00:00,KMIA,2026-05-15,1,91.0,93.0,0,0.17976536502624416,0.0,0.032315586463018804,0.0,84.43485439300541,1.8310777011764114,TRUE_WEATHERNEXT2:1.00,OPEN,NO,15.139999999999999
57384,KXHIGHMIA-26MAY15-T85,2026-05-15 02:50:18.007980+00:00,KMIA,2026-05-15,1,,85.0,0,0.15476400757729158,0.65625,0.02395189804138397,0.4306640625,84.43485439300541,1.8310777011764114,TRUE_WEATHERNEXT2:1.00,OPEN,YES,-19.990000000000016
57383,KXHIGHMIA-26MAY15-T92,2026-05-15 02:50:17.395179+00:00,KMIA,2026-05-15,1,93.0,,1,0.1593714355450903,0.0,0.7066563833775221,1.0,84.43485439300541,1.8310777011764114,TRUE_WEATHERNEXT2:1.00,OPEN,NO,-19.56
57370,KXHIGHMIA-26MAY15-B85.5,2026-05-15 02:45:05.572909+00:00,KMIA,2026-05-15,1,85.0,87.0,0,0.18194478555373406,0.265625,0.03310390499019427,0.070556640625,84.43485439300541,1.8310777011764114,TRUE_WEATHERNEXT2:1.00,OPEN,YES,-19.990000000000016
57369,KXHIGHMIA-26MAY15-B87.5,2026-05-15 02:45:04.956030+00:00,KMIA,2026-05-15,1,87.0,89.0,0,0.22462939208299487,0.046875,0.05045836378757584,0.002197265625,84.43485439300541,1.8310777011764114,TRUE_WEATHERNEXT2:1.00,SKIP,YES,
57368,KXHIGHMIA-26MAY15-B91.5,2026-05-15 02:45:04.350435+00:00,KMIA,2026-05-15,1,91.0,93.0,0,0.17887724695211046,0.0,0.03199706947716631,0.0,84.43485439300541,1.8310777011764114,TRUE_WEATHERNEXT2:1.00,OPEN,NO,15.139999999999999
57367,KXHIGHMIA-26MAY15-B89.5,2026-05-15 02:45:03.747993+00:00,KMIA,2026-05-15,1,89.0,91.0,0,0.22363920560625083,0.03125,0.05001449428419494,0.0009765625,84.43485439300541,1.8310777011764114,TRUE_WEATHERNEXT2:1.00,OPEN,NO,5.44
57366,KXHIGHMIA-26MAY15-T92,2026-05-15 02:45:03.172513+00:00,KMIA,2026-05-15,1,93.0,,1,0.1590261531813168,0.0,0.707237011033014,1.0,84.43485439300541,1.8310777011764114,TRUE_WEATHERNEXT2:1.00,OPEN,NO,-19.83
57365,KXHIGHMIA-26MAY15-T85,2026-05-15 02:45:02.528683+00:00,KMIA,2026-05-15,1,,85.0,0,0.1549467229322502,0.65625,0.02400848694744351,0.4306640625,84.43485439300541,1.8310777011764114,TRUE_WEATHERNEXT2:1.00,OPEN,YES,-19.990000000000016
57352,KXHIGHMIA-26MAY15-B85.5,2026-05-15 02:39:46.175053+00:00,KMIA,2026-05-15,1,85.0,87.0,0,0.1830622394974773,0.265625,0.03351178352983174,0.070556640625,84.43485439300541,1.8310777011764114,TRUE_WEATHERNEXT2:1.00,OPEN,YES,-19.990000000000016
57351,KXHIGHMIA-26MAY15-T92,2026-05-15 02:39:45.583878+00:00,KMIA,2026-05-15,1,93.0,,1,0.1588242661162122,0.0,0.7075766152749289,1.0,84.43485439300541,1.8310777011764114,TRUE_WEATHERNEXT2:1.00,OPEN,NO,-19.83
57350,KXHIGHMIA-26MAY15-B91.5,2026-05-15 02:39:44.966289+00:00,KMIA,2026-05-15,1,91.0,93.0,0,0.177827709453084,0.0,0.03162269424933046,0.0,84.43485439300541,1.8310777011764114,TRUE_WEATHERNEXT2:1.00,OPEN,NO,15.139999999999999
57349,KXHIGHMIA-26MAY15-B87.5,2026-05-15 02:39:44.362632+00:00,KMIA,2026-05-15,1,87.0,89.0,0,0.22462939208299484,0.046875,0.05045836378757583,0.002197265625,84.43485439300541,1.8310777011764114,TRUE_WEATHERNEXT2:1.00,SKIP,YES,
57348,KXHIGHMIA-26MAY15-B89.5,2026-05-15 02:39:43.773767+00:00,KMIA,2026-05-15,1,89.0,91.0,0,0.22358704302491744,0.03125,0.04999116580862628,0.0009765625,84.43485439300541,1.8310777011764114,TRUE_WEATHERNEXT2:1.00,OPEN,NO,5.44
57347,KXHIGHMIA-26MAY15-T85,2026-05-15 02:39:43.211242+00:00,KMIA,2026-05-15,1,,85.0,0,0.1551328561339715,0.65625,0.024066203052283495,0.4306640625,84.43485439300541,1.8310777011764114,TRUE_WEATHERNEXT2:1.00,OPEN,YES,-19.990000000000016
57334,KXHIGHMIA-26MAY15-B85.5,2026-05-15 02:34:34.236595+00:00,KMIA,2026-05-15,1,85.0,87.0,0,0.18415352952735303,0.265625,0.03391252243738169,0.070556640625,84.43485439300541,1.8310777011764114,TRUE_WEATHERNEXT2:1.00,OPEN,YES,-19.990000000000016
57333,KXHIGHMIA-26MAY15-B87.5,2026-05-15 02:34:33.648776+00:00,KMIA,2026-05-15,1,87.0,89.0,0,0.22462939208299496,0.046875,0.05045836378757588,0.002197265625,84.43485439300541,1.8310777011764114,TRUE_WEATHERNEXT2:1.00,SKIP,YES,
57332,KXHIGHMIA-26MAY15-B89.5,2026-05-15 02:34:33.081381+00:00,KMIA,2026-05-15,1,89.0,91.0,0,0.2235360676674766,0.03125,0.04996837354823868,0.0009765625,84.43485439300541,1.8310777011764114,TRUE_WEATHERNEXT2:1.00,OPEN,NO,5.44
57331,KXHIGHMIA-26MAY15-B91.5,2026-05-15 02:34:32.419352+00:00,KMIA,2026-05-15,1,91.0,93.0,0,0.1768012702354039,0.0,0.031258689156852315,0.0,84.43485439300541,1.8310777011764114,TRUE_WEATHERNEXT2:1.00,OPEN,NO,15.139999999999999
57330,KXHIGHMIA-26MAY15-T85,2026-05-15 02:34:31.827429+00:00,KMIA,2026-05-15,1,,85.0,0,0.15531548351762517,0.65625,0.024122899420313697,0.4306640625,84.43485439300541,1.8310777011764114,TRUE_WEATHERNEXT2:1.00,OPEN,YES,-19.990000000000016
57329,KXHIGHMIA-26MAY15-T92,2026-05-15 02:34:31.199964+00:00,KMIA,2026-05-15,1,93.0,,1,0.15862776327780354,0.0,0.7079072407269119,1.0,84.43485439300541,1.8310777011764114,TRUE_WEATHERNEXT2:1.00,OPEN,NO,-19.599999999999998
57316,KXHIGHMIA-26MAY15-B85.5,2026-05-15 02:29:16.687727+00:00,KMIA,2026-05-15,1,85.0,87.0,0,0.18526400186879233,0.265625,0.034322750388439884,0.070556640625,84.43485439300541,1.8310777011764114,TRUE_WEATHERNEXT2:1.00,OPEN,YES,-19.990000000000016
57315,KXHIGHMIA-26MAY15-B87.5,2026-05-15 02:29:16.097336+00:00,KMIA,2026-05-15,1,87.0,89.0,0,0.22462939208299496,0.046875,0.05045836378757588,0.002197265625,84.43485439300541,1.8310777011764114,TRUE_WEATHERNEXT2:1.00,SKIP,YES,
57314,KXHIGHMIA-26MAY15-T92,2026-05-15 02:29:15.497734+00:00,KMIA,2026-05-15,1,93.0,,1,0.15842847068557414,0.0,0.7082426389526216,1.0,84.43485439300541,1.8310777011764114,TRUE_WEATHERNEXT2:1.00,OPEN,NO,-19.34
57313,KXHIGHMIA-26MAY15-B91.5,2026-05-15 02:29:14.892426+00:00,KMIA,2026-05-15,1,91.0,93.0,0,0.175755289378524,0.0,0.03088992174452871,0.0,84.43485439300541,1.8310777011764114,TRUE_WEATHERNEXT2:1.00,OPEN,NO,15.139999999999999
57312,KXHIGHMIA-26MAY15-B89.5,2026-05-15 02:29:14.312689+00:00,KMIA,2026-05-15,1,89.0,91.0,0,0.2234841614803733,0.03125,0.049945170432585576,0.0009765625,84.43485439300541,1.8310777011764114,TRUE_WEATHERNEXT2:1.00,OPEN,NO,5.68
57311,KXHIGHMIA-26MAY15-T85,2026-05-15 02:29:13.645807+00:00,KMIA,2026-05-15,1,,85.0,0,0.15550219081239847,0.65625,0.02418093134745558,0.4306640625,84.43485439300541,1.8310777011764114,TRUE_WEATHERNEXT2:1.00,OPEN,YES,-19.990000000000016
57298,KXHIGHMIA-26MAY15-B85.5,2026-05-15 02:23:50.221824+00:00,KMIA,2026-05-15,1,85.0,87.0,0,0.18640366362938032,0.265625,0.034746325814455165,0.070556640625,84.43485439300541,1.8310777011764114,TRUE_WEATHERNEXT2:1.00,OPEN,YES,-19.990000000000016
57297,KXHIGHMIA-26MAY15-B87.5,2026-05-15 02:23:49.631067+00:00,KMIA,2026-05-15,1,87.0,89.0,0,0.22462939208299496,0.046875,0.05045836378757588,0.002197265625,84.43485439300541,1.8310777011764114,TRUE_WEATHERNEXT2:1.00,SKIP,YES,
57296,KXHIGHMIA-26MAY15-B91.5,2026-05-15 02:23:49.042439+00:00,KMIA,2026-05-15,1,91.0,93.0,0,0.17468023901893323,0.0,0.030513185903711642,0.0,84.43485439300541,1.8310777011764114,TRUE_WEATHERNEXT2:1.00,OPEN,NO,15.139999999999999
57295,KXHIGHMIA-26MAY15-T92,2026-05-15 02:23:48.441653+00:00,KMIA,2026-05-15,1,93.0,,1,0.15822463378124768,0.0,0.7085857671727147,1.0,84.43485439300541,1.8310777011764114,TRUE_WEATHERNEXT2:1.00,OPEN,NO,-19.599999999999998
57294,KXHIGHMIA-26MAY15-B89.5,2026-05-15 02:23:47.822473+00:00,KMIA,2026-05-15,1,89.0,91.0,0,0.22343085418336764,0.03125,0.04992134660110929,0.0009765625,84.43485439300541,1.8310777011764114,TRUE_WEATHERNEXT2:1.00,OPEN,NO,5.68
57293,KXHIGHMIA-26MAY15-T85,2026-05-15 02:23:47.225459+00:00,KMIA,2026-05-15,1,,85.0,0,0.15569472361273337,0.65625,0.024240846960845434,0.4306640625,84.43485439300541,1.8310777011764114,TRUE_WEATHERNEXT2:1.00,OPEN,YES,-19.990000000000016
57280,KXHIGHMIA-26MAY15-B85.5,2026-05-15 02:18:36.535387+00:00,KMIA,2026-05-15,1,85.0,87.0,0,0.18749868115642898,0.265625,0.03515575543540022,0.070556640625,84.43485439300541,1.8310777011764114,TRUE_WEATHERNEXT2:1.00,OPEN,YES,-19.990000000000016
57279,KXHIGHMIA-26MAY15-B87.5,2026-05-15 02:18:35.955073+00:00,KMIA,2026-05-15,1,87.0,89.0,0,0.22462939208299487,0.046875,0.05045836378757584,0.002197265625,84.43485439300541,1.8310777011764114,TRUE_WEATHERNEXT2:1.00,SKIP,YES,
57278,KXHIGHMIA-26MAY15-B91.5,2026-05-15 02:18:35.384090+00:00,KMIA,2026-05-15,1,91.0,93.0,0,0.1736457959403391,0.0,0.03015286244775389,0.0,84.43485439300541,1.8310777011764114,TRUE_WEATHERNEXT2:1.00,OPEN,NO,15.139999999999999
57277,KXHIGHMIA-26MAY15-T92,2026-05-15 02:18:34.786151+00:00,KMIA,2026-05-15,1,93.0,,1,0.1580294418503116,0.0,0.7089144207908977,1.0,84.43485439300541,1.8310777011764114,TRUE_WEATHERNEXT2:1.00,OPEN,NO,-19.85
57276,KXHIGHMIA-26MAY15-B89.5,2026-05-15 02:18:34.159185+00:00,KMIA,2026-05-15,1,89.0,91.0,0,0.22337959984648362,0.03125,0.049898445627575144,0.0009765625,84.43485439300541,1.8310777011764114,TRUE_WEATHERNEXT2:1.00,OPEN,NO,5.68
57275,KXHIGHMIA-26MAY15-T85,2026-05-15 02:18:33.587265+00:00,KMIA,2026-05-15,1,,85.0,0,0.15588059543209898,0.65625,0.024298760032265717,0.4306640625,84.43485439300541,1.8310777011764114,TRUE_WEATHERNEXT2:1.00,OPEN,YES,-19.990000000000016
57262,KXHIGHMIA-26MAY15-B85.5,2026-05-15 02:13:16.985244+00:00,KMIA,2026-05-15,1,85.0,87.0,0,0.18861431109794313,0.265625,0.03557535835095167,0.070556640625,84.43485439300541,1.8310777011764114,TRUE_WEATHERNEXT2:1.00,OPEN,YES,-19.990000000000016
57261,KXHIGHMIA-26MAY15-B87.5,2026-05-15 02:13:16.394075+00:00,KMIA,2026-05-15,1,87.0,89.0,0,0.2246293920829949,0.046875,0.05045836378757585,0.002197265625,84.43485439300541,1.8310777011764114,TRUE_WEATHERNEXT2:1.00,SKIP,YES,
57260,KXHIGHMIA-26MAY15-T92,2026-05-15 02:13:15.799114+00:00,KMIA,2026-05-15,1,93.0,,1,0.15783123844992303,0.0,0.7092482229307905,1.0,84.43485439300541,1.8310777011764114,TRUE_WEATHERNEXT2:1.00,OPEN,NO,-19.85
57259,KXHIGHMIA-26MAY15-B89.5,2026-05-15 02:13:15.182598+00:00,KMIA,2026-05-15,1,89.0,91.0,0,0.2233273449521898,0.03125,0.04987510300339438,0.0009765625,84.43485439300541,1.8310777011764114,TRUE_WEATHERNEXT2:1.00,OPEN,NO,5.68
57258,KXHIGHMIA-26MAY15-B91.5,2026-05-15 02:13:14.587061+00:00,KMIA,2026-05-15,1,91.0,93.0,0,0.17259036011038606,0.0,0.029787432403032738,0.0,84.43485439300541,1.8310777011764114,TRUE_WEATHERNEXT2:1.00,OPEN,NO,15.139999999999999
57257,KXHIGHMIA-26MAY15-T85,2026-05-15 02:13:13.941116+00:00,KMIA,2026-05-15,1,,85.0,0,0.15607085961522033,0.65625,0.02435811322103381,0.4306640625,84.43485439300541,1.8310777011764114,TRUE_WEATHERNEXT2:1.00,OPEN,YES,-19.990000000000016
57244,KXHIGHMIA-26MAY15-B85.5,2026-05-15 02:08:04.138629+00:00,KMIA,2026-05-15,1,85.0,87.0,0,0.18970420539270672,0.265625,0.035987685543678254,0.070556640625,84.43485439300541,1.8310777011764114,TRUE_WEATHERNEXT2:1.00,OPEN,YES,-19.990000000000016
57243,KXHIGHMIA-26MAY15-T85,2026-05-15 02:08:03.553626+00:00,KMIA,2026-05-15,1,,85.0,0,0.156257610933293,0.65625,0.024416440974580365,0.4306640625,84.43485439300541,1.8310777011764114,TRUE_WEATHERNEXT2:1.00,OPEN,YES,-19.990000000000016
57242,KXHIGHMIA-26MAY15-B87.5,2026-05-15 02:08:02.950889+00:00,KMIA,2026-05-15,1,87.0,89.0,0,0.22462939208299498,0.046875,0.05045836378757589,0.002197265625,84.43485439300541,1.8310777011764114,TRUE_WEATHERNEXT2:1.00,OPEN,YES,-1.070000000000001
57241,KXHIGHMIA-26MAY15-T92,2026-05-15 02:08:02.367217+00:00,KMIA,2026-05-15,1,93.0,,1,0.15763825093310152,0.0,0.7095733162910444,1.0,84.43485439300541,1.8310777011764114,TRUE_WEATHERNEXT2:1.00,OPEN,NO,-19.85
57240,KXHIGHMIA-26MAY15-B91.5,2026-05-15 02:08:01.736898+00:00,KMIA,2026-05-15,1,91.0,93.0,0,0.17155778653974815,0.0,0.029432074122417794,0.0,84.43485439300541,1.8310777011764114,TRUE_WEATHERNEXT2:1.00,OPEN,NO,15.489999999999998
57239,KXHIGHMIA-26MAY15-B89.5,2026-05-15 02:08:01.124044+00:00,KMIA,2026-05-15,1,89.0,91.0,0,0.2232762604268128,0.03125,0.04985228847018194,0.0009765625,84.43485439300541,1.8310777011764114,TRUE_WEATHERNEXT2:1.00,OPEN,NO,5.1899999999999995
57226,KXHIGHMIA-26MAY15-B85.5,2026-05-15 02:02:50.214648+00:00,KMIA,2026-05-15,1,85.0,87.0,0,0.19731519380016224,0.265625,0.03893328570439558,0.070556640625,84.43485439300541,1.8310777011764114,TRUE_WEATHERNEXT2:1.00,OPEN,YES,-19.990000000000016
57225,KXHIGHMIA-26MAY15-B91.5,2026-05-15 02:02:49.555968+00:00,KMIA,2026-05-15,1,91.0,93.0,0,0.17718933118799915,0.0,0.03139605908685045,0.0,84.43485439300541,1.8310777011764114,TRUE_WEATHERNEXT2:1.00,OPEN,NO,15.139999999999999
57224,KXHIGHMIA-26MAY15-T85,2026-05-15 02:02:48.944060+00:00,KMIA,2026-05-15,1,,85.0,0,0.17230078548627206,0.65625,0.02968756067918634,0.4306640625,84.43485439300541,1.8310777011764114,TRUE_WEATHERNEXT2:1.00,OPEN,YES,-19.990000000000016
57223,KXHIGHMIA-26MAY15-T92,2026-05-15 02:02:48.343751+00:00,KMIA,2026-05-15,1,93.0,,1,0.156662815490178,0.0,0.7112176067769536,1.0,84.43485439300541,1.8310777011764114,TRUE_WEATHERNEXT2:1.00,OPEN,NO,-19.83
57222,KXHIGHMIA-26MAY15-B87.5,2026-05-15 02:02:47.740852+00:00,KMIA,2026-05-15,1,87.0,89.0,0,0.17404474976168208,0.046875,0.030291574919606535,0.002197265625,84.43485439300541,1.8310777011764114,TRUE_WEATHERNEXT2:1.00,OPEN,YES,-1.070000000000001
57221,KXHIGHMIA-26MAY15-B89.5,2026-05-15 02:02:47.119891+00:00,KMIA,2026-05-15,1,89.0,91.0,0,0.17404474976168208,0.03125,0.030291574919606535,0.0009765625,84.43485439300541,1.8310777011764114,TRUE_WEATHERNEXT2:1.00,OPEN,NO,5.1899999999999995
57208,KXHIGHMIA-26MAY15-B85.5,2026-05-15 01:57:35.065943+00:00,KMIA,2026-05-15,1,85.0,87.0,0,0.19783225266632692,0.265625,0.039137600195033415,0.070556640625,84.43485439300541,1.8310777011764114,TRUE_WEATHERNEXT2:1.00,OPEN,YES,-19.990000000000016
57207,KXHIGHMIA-26MAY15-B91.5,2026-05-15 01:57:34.435884+00:00,KMIA,2026-05-15,1,91.0,93.0,0,0.17693078005827842,0.0,0.031304500932030896,0.0,84.43485439300541,1.8310777011764114,TRUE_WEATHERNEXT2:1.00,OPEN,NO,15.489999999999998
57206,KXHIGHMIA-26MAY15-T85,2026-05-15 01:57:33.807512+00:00,KMIA,2026-05-15,1,,85.0,0,0.17281786013230266,0.65625,0.029866012780708124,0.4306640625,84.43485439300541,1.8310777011764114,TRUE_WEATHERNEXT2:1.00,OPEN,YES,-19.990000000000016
57205,KXHIGHMIA-26MAY15-T92,2026-05-15 01:57:33.182720+00:00,KMIA,2026-05-15,1,93.0,,1,0.15588723310770344,0.0,0.7125263632305685,1.0,84.43485439300541,1.8310777011764114,TRUE_WEATHERNEXT2:1.00,OPEN,NO,-19.83
57204,KXHIGHMIA-26MAY15-B89.5,2026-05-15 01:57:32.562309+00:00,KMIA,2026-05-15,1,89.0,91.0,0,0.17404474976168208,0.03125,0.030291574919606535,0.0009765625,84.43485439300541,1.8310777011764114,TRUE_WEATHERNEXT2:1.00,OPEN,NO,5.1899999999999995
57203,KXHIGHMIA-26MAY15-B87.5,2026-05-15 01:57:31.949916+00:00,KMIA,2026-05-15,1,87.0,89.0,0,0.17404474976168208,0.046875,0.030291574919606535,0.002197265625,84.43485439300541,1.8310777011764114,TRUE_WEATHERNEXT2:1.00,OPEN,YES,-1.070000000000001
57190,KXHIGHMIA-26MAY15-B85.5,2026-05-15 01:52:19.334254+00:00,KMIA,2026-05-15,1,85.0,87.0,0,0.19835035115377994,0.265625,0.03934286180282781,0.070556640625,84.43485439300541,1.8310777011764114,TRUE_WEATHERNEXT2:1.00,OPEN,YES,-19.990000000000016
57189,KXHIGHMIA-26MAY15-T92,2026-05-15 01:52:18.749273+00:00,KMIA,2026-05-15,1,93.0,,1,0.15511009130519302,0.0,0.7138389578143193,1.0,84.43485439300541,1.8310777011764114,TRUE_WEATHERNEXT2:1.00,OPEN,NO,-19.56
57188,KXHIGHMIA-26MAY15-B87.5,2026-05-15 01:52:18.145004+00:00,KMIA,2026-05-15,1,87.0,89.0,0,0.17404474976168208,0.046875,0.030291574919606535,0.002197265625,84.43485439300541,1.8310777011764114,TRUE_WEATHERNEXT2:1.00,OPEN,YES,-1.070000000000001
57187,KXHIGHMIA-26MAY15-B91.5,2026-05-15 01:52:17.539692+00:00,KMIA,2026-05-15,1,91.0,93.0,0,0.17667170907428928,0.0,0.031212892787230308,0.0,84.43485439300541,1.8310777011764114,TRUE_WEATHERNEXT2:1.00,OPEN,NO,15.489999999999998
57186,KXHIGHMIA-26MAY15-T85,2026-05-15 01:52:16.942805+00:00,KMIA,2026-05-15,1,,85.0,0,0.1733359744313493,0.65625,0.030045360032065375,0.4306640625,84.43485439300541,1.8310777011764114,TRUE_WEATHERNEXT2:1.00,OPEN,YES,-19.990000000000016
57185,KXHIGHMIA-26MAY15-B89.5,2026-05-15 01:52:16.344241+00:00,KMIA,2026-05-15,1,89.0,91.0,0,0.17404474976168202,0.03125,0.030291574919606514,0.0009765625,84.43485439300541,1.8310777011764114,TRUE_WEATHERNEXT2:1.00,OPEN,NO,5.1899999999999995
57172,KXHIGHMIA-26MAY15-B85.5,2026-05-15 01:47:03.565700+00:00,KMIA,2026-05-15,1,85.0,87.0,0,0.19886780244237048,0.265625,0.0395484028482577,0.070556640625,84.43485439300541,1.8310777011764114,TRUE_WEATHERNEXT2:1.00,OPEN,YES,-19.990000000000016
57171,KXHIGHMIA-26MAY15-B89.5,2026-05-15 01:47:02.954090+00:00,KMIA,2026-05-15,1,89.0,91.0,0,0.17404474976168205,0.03125,0.030291574919606525,0.0009765625,84.43485439300541,1.8310777011764114,TRUE_WEATHERNEXT2:1.00,OPEN,NO,5.1899999999999995
57170,KXHIGHMIA-26MAY15-B87.5,2026-05-15 01:47:02.324465+00:00,KMIA,2026-05-15,1,87.0,89.0,0,0.174044749761682,0.046875,0.030291574919606504,0.002197265625,84.43485439300541,1.8310777011764114,TRUE_WEATHERNEXT2:1.00,OPEN,YES,-1.070000000000001
57169,KXHIGHMIA-26MAY15-T92,2026-05-15 01:47:01.725786+00:00,KMIA,2026-05-15,1,93.0,,1,0.15433392029357026,0.0,0.7151511183660415,1.0,84.43485439300541,1.8310777011764114,TRUE_WEATHERNEXT2:1.00,OPEN,NO,-19.56
57168,KXHIGHMIA-26MAY15-T85,2026-05-15 01:47:01.112446+00:00,KMIA,2026-05-15,1,,85.0,0,0.1738534415117819,0.65625,0.030225019125490568,0.4306640625,84.43485439300541,1.8310777011764114,TRUE_WEATHERNEXT2:1.00,OPEN,YES,-19.990000000000016
57167,KXHIGHMIA-26MAY15-B91.5,2026-05-15 01:47:00.502189+00:00,KMIA,2026-05-15,1,91.0,93.0,0,0.1764129617168889,0.0,0.031121533061724504,0.0,84.43485439300541,1.8310777011764114,TRUE_WEATHERNEXT2:1.00,OPEN,NO,15.489999999999998
57154,KXHIGHMIA-26MAY15-B85.5,2026-05-15 01:41:39.844850+00:00,KMIA,2026-05-15,1,85.0,87.0,0,0.1993987428820454,0.265625,0.03975985866294005,0.070556640625,84.43485439300541,1.8310777011764114,TRUE_WEATHERNEXT2:1.00,OPEN,YES,-19.990000000000016
57153,KXHIGHMIA-26MAY15-B91.5,2026-05-15 01:41:39.236228+00:00,KMIA,2026-05-15,1,91.0,93.0,0,0.17614746921791932,0.0,0.031027930911877836,0.0,84.43485439300541,1.8310777011764114,TRUE_WEATHERNEXT2:1.00,OPEN,NO,15.139999999999999
57152,KXHIGHMIA-26MAY15-T85,2026-05-15 01:41:38.623709+00:00,KMIA,2026-05-15,1,,85.0,0,0.17438439815496765,0.65625,0.030409918319870284,0.4306640625,84.43485439300541,1.8310777011764114,TRUE_WEATHERNEXT2:1.00,OPEN,YES,-19.990000000000016
57151,KXHIGHMIA-26MAY15-B87.5,2026-05-15 01:41:38.005754+00:00,KMIA,2026-05-15,1,87.0,89.0,0,0.17404474976168208,0.046875,0.030291574919606535,0.002197265625,84.43485439300541,1.8310777011764114,TRUE_WEATHERNEXT2:1.00,OPEN,YES,-1.070000000000001
57150,KXHIGHMIA-26MAY15-B89.5,2026-05-15 01:41:37.382345+00:00,KMIA,2026-05-15,1,89.0,91.0,0,0.17404474976168208,0.03125,0.030291574919606535,0.0009765625,84.43485439300541,1.8310777011764114,TRUE_WEATHERNEXT2:1.00,OPEN,NO,4.759999999999999
57149,KXHIGHMIA-26MAY15-T92,2026-05-15 01:41:36.765647+00:00,KMIA,2026-05-15,1,93.0,,1,0.15353751570967908,0.0,0.7164987373109417,1.0,84.43485439300541,1.8310777011764114,TRUE_WEATHERNEXT2:1.00,OPEN,NO,-19.83
57136,KXHIGHMIA-26MAY15-B85.5,2026-05-15 01:36:20.421885+00:00,KMIA,2026-05-15,1,85.0,87.0,0,0.19992267621532642,0.265625,0.039969076465098244,0.070556640625,84.43485439300541,1.8310777011764114,TRUE_WEATHERNEXT2:1.00,OPEN,YES,-19.990000000000016
57135,KXHIGHMIA-26MAY15-B89.5,2026-05-15 01:36:19.813609+00:00,KMIA,2026-05-15,1,89.0,91.0,0,0.174044749761682,0.03125,0.030291574919606504,0.0009765625,84.43485439300541,1.8310777011764114,TRUE_WEATHERNEXT2:1.00,OPEN,NO,5.44
57134,KXHIGHMIA-26MAY15-B91.5,2026-05-15 01:36:19.184110+00:00,KMIA,2026-05-15,1,91.0,93.0,0,0.17588548056617645,0.0,0.030935702273994833,0.0,84.43485439300541,1.8310777011764114,TRUE_WEATHERNEXT2:1.00,OPEN,NO,15.139999999999999
57133,KXHIGHMIA-26MAY15-T92,2026-05-15 01:36:18.551298+00:00,KMIA,2026-05-15,1,93.0,,1,0.1527516217051956,0.0,0.717829814523176,1.0,84.43485439300541,1.8310777011764114,TRUE_WEATHERNEXT2:1.00,OPEN,NO,-19.83
57132,KXHIGHMIA-26MAY15-B87.5,2026-05-15 01:36:17.904872+00:00,KMIA,2026-05-15,1,87.0,89.0,0,0.17404474976168205,0.046875,0.030291574919606525,0.002197265625,84.43485439300541,1.8310777011764114,TRUE_WEATHERNEXT2:1.00,OPEN,YES,-1.070000000000001
57131,KXHIGHMIA-26MAY15-T85,2026-05-15 01:36:17.285661+00:00,KMIA,2026-05-15,1,,85.0,0,0.17490834747791306,0.65625,0.030592930017454376,0.4306640625,84.43485439300541,1.8310777011764114,TRUE_WEATHERNEXT2:1.00,OPEN,YES,-19.990000000000016
57118,KXHIGHMIA-26MAY15-B85.5,2026-05-15 01:30:54.789028+00:00,KMIA,2026-05-15,1,85.0,87.0,0,0.20045646096486078,0.265625,0.040182792742556754,0.070556640625,84.43485439300541,1.8310777011764114,TRUE_WEATHERNEXT2:1.00,OPEN,YES,-19.990000000000016
57117,KXHIGHMIA-26MAY15-B89.5,2026-05-15 01:30:54.180137+00:00,KMIA,2026-05-15,1,89.0,91.0,0,0.17404474976168208,0.03125,0.030291574919606535,0.0009765625,84.43485439300541,1.8310777011764114,TRUE_WEATHERNEXT2:1.00,OPEN,NO,5.44
57116,KXHIGHMIA-26MAY15-B91.5,2026-05-15 01:30:53.570766+00:00,KMIA,2026-05-15,1,91.0,93.0,0,0.1756185657929253,0.0,0.030841880651164038,0.0,84.43485439300541,1.8310777011764114,TRUE_WEATHERNEXT2:1.00,OPEN,NO,15.139999999999999
57115,KXHIGHMIA-26MAY15-T92,2026-05-15 01:30:52.938979+00:00,KMIA,2026-05-15,1,93.0,,1,0.15195095068906303,0.0,0.719187190037184,1.0,84.43485439300541,1.8310777011764114,TRUE_WEATHERNEXT2:1.00,OPEN,NO,-19.34
57114,KXHIGHMIA-26MAY15-B87.5,2026-05-15 01:30:52.326351+00:00,KMIA,2026-05-15,1,87.0,89.0,0,0.17404474976168208,0.046875,0.030291574919606535,0.002197265625,84.43485439300541,1.8310777011764114,TRUE_WEATHERNEXT2:1.00,OPEN,YES,-1.070000000000001
57113,KXHIGHMIA-26MAY15-T85,2026-05-15 01:30:51.730389+00:00,KMIA,2026-05-15,1,,85.0,0,0.17544214851776235,0.65625,0.030779947476528582,0.4306640625,84.43485439300541,1.8310777011764114,TRUE_WEATHERNEXT2:1.00,OPEN,YES,-19.990000000000016
57100,KXHIGHMIA-26MAY15-B85.5,2026-05-15 01:25:39.285232+00:00,KMIA,2026-05-15,1,85.0,87.0,0,0.2009735556668022,0.265625,0.04039037007735724,0.070556640625,84.43485439300541,1.8310777011764114,TRUE_WEATHERNEXT2:1.00,OPEN,YES,-19.990000000000016
57099,KXHIGHMIA-26MAY15-T92,2026-05-15 01:25:38.692721+00:00,KMIA,2026-05-15,1,93.0,,1,0.15117531455333352,0.0,0.7205033466236322,1.0,84.43485439300541,1.8310777011764114,TRUE_WEATHERNEXT2:1.00,OPEN,NO,-19.34
57098,KXHIGHMIA-26MAY15-B91.5,2026-05-15 01:25:38.101249+00:00,KMIA,2026-05-15,1,91.0,93.0,0,0.1753599967438124,0.0,0.03075112845798989,0.0,84.43485439300541,1.8310777011764114,TRUE_WEATHERNEXT2:1.00,OPEN,NO,15.139999999999999
57097,KXHIGHMIA-26MAY15-B89.5,2026-05-15 01:25:37.502849+00:00,KMIA,2026-05-15,1,89.0,91.0,0,0.17404474976168208,0.03125,0.030291574919606535,0.0009765625,84.43485439300541,1.8310777011764114,TRUE_WEATHERNEXT2:1.00,OPEN,NO,5.44
57096,KXHIGHMIA-26MAY15-B87.5,2026-05-15 01:25:36.902187+00:00,KMIA,2026-05-15,1,87.0,89.0,0,0.17404474976168208,0.046875,0.030291574919606535,0.002197265625,84.43485439300541,1.8310777011764114,TRUE_WEATHERNEXT2:1.00,OPEN,YES,-3.820000000000003
57095,KXHIGHMIA-26MAY15-T85,2026-05-15 01:25:36.317884+00:00,KMIA,2026-05-15,1,,85.0,0,0.17595925900066334,0.65625,0.030961660828062523,0.4306640625,84.43485439300541,1.8310777011764114,TRUE_WEATHERNEXT2:1.00,OPEN,YES,-19.990000000000016
57082,KXHIGHMIA-26MAY15-B85.5,2026-05-15 01:20:16.313538+00:00,KMIA,2026-05-15,1,85.0,87.0,0,0.20150344034334583,0.265625,0.04060363647020433,0.070556640625,84.43485439300541,1.8310777011764114,TRUE_WEATHERNEXT2:1.00,OPEN,YES,-19.990000000000016
57081,KXHIGHMIA-26MAY15-B89.5,2026-05-15 01:20:15.672618+00:00,KMIA,2026-05-15,1,89.0,91.0,0,0.1740447497616821,0.03125,0.030291574919606542,0.0009765625,84.43485439300541,1.8310777011764114,TRUE_WEATHERNEXT2:1.00,OPEN,NO,5.44
57080,KXHIGHMIA-26MAY15-T92,2026-05-15 01:20:15.075850+00:00,KMIA,2026-05-15,1,93.0,,1,0.15038049360205805,0.0,0.7218533056518824,1.0,84.43485439300541,1.8310777011764114,TRUE_WEATHERNEXT2:1.00,OPEN,NO,-19.83
57079,KXHIGHMIA-26MAY15-B87.5,2026-05-15 01:20:14.468224+00:00,KMIA,2026-05-15,1,87.0,89.0,0,0.1740447497616821,0.046875,0.030291574919606542,0.002197265625,84.43485439300541,1.8310777011764114,TRUE_WEATHERNEXT2:1.00,OPEN,YES,-3.820000000000003
57078,KXHIGHMIA-26MAY15-B91.5,2026-05-15 01:20:13.883346+00:00,KMIA,2026-05-15,1,91.0,93.0,0,0.17509503217071007,0.0,0.030658270290861996,0.0,84.43485439300541,1.8310777011764114,TRUE_WEATHERNEXT2:1.00,OPEN,NO,15.139999999999999
57077,KXHIGHMIA-26MAY15-T85,2026-05-15 01:20:13.299130+00:00,KMIA,2026-05-15,1,,85.0,0,0.1764891598484975,0.65625,0.0311484235440285,0.4306640625,84.43485439300541,1.8310777011764114,TRUE_WEATHERNEXT2:1.00,OPEN,YES,-19.990000000000016
57064,KXHIGHMIA-26MAY15-B85.5,2026-05-15 01:14:57.277568+00:00,KMIA,2026-05-15,1,85.0,87.0,0,0.20202709205123445,0.265625,0.04081494592267796,0.070556640625,84.43485439300541,1.8310777011764114,TRUE_WEATHERNEXT2:1.00,OPEN,YES,-19.990000000000016
57063,KXHIGHMIA-26MAY15-B89.5,2026-05-15 01:14:56.664493+00:00,KMIA,2026-05-15,1,89.0,91.0,0,0.17404474976168205,0.03125,0.030291574919606525,0.0009765625,84.43485439300541,1.8310777011764114,TRUE_WEATHERNEXT2:1.00,OPEN,NO,5.44
57062,KXHIGHMIA-26MAY15-T92,2026-05-15 01:14:56.063764+00:00,KMIA,2026-05-15,1,93.0,,1,0.14959502203244043,0.0,0.7231886265520054,1.0,84.43485439300541,1.8310777011764114,TRUE_WEATHERNEXT2:1.00,OPEN,NO,-19.34
57061,KXHIGHMIA-26MAY15-B91.5,2026-05-15 01:14:55.403835+00:00,KMIA,2026-05-15,1,91.0,93.0,0,0.1748331843434809,0.0,0.03056664234768158,0.0,84.43485439300541,1.8310777011764114,TRUE_WEATHERNEXT2:1.00,OPEN,NO,15.139999999999999
57060,KXHIGHMIA-26MAY15-B87.5,2026-05-15 01:14:54.790195+00:00,KMIA,2026-05-15,1,87.0,89.0,0,0.174044749761682,0.046875,0.030291574919606504,0.002197265625,84.43485439300541,1.8310777011764114,TRUE_WEATHERNEXT2:1.00,OPEN,YES,-3.820000000000003
57059,KXHIGHMIA-26MAY15-T85,2026-05-15 01:14:54.165581+00:00,KMIA,2026-05-15,1,,85.0,0,0.17701282753745573,0.65625,0.03133354111280504,0.4306640625,84.43485439300541,1.8310777011764114,TRUE_WEATHERNEXT2:1.00,OPEN,YES,-19.990000000000016
57046,KXHIGHMIA-26MAY15-B85.5,2026-05-15 01:09:40.553437+00:00,KMIA,2026-05-15,1,85.0,87.0,0,0.167444556517533,0.265625,0.028037679507353308,0.070556640625,84.43485439300541,1.8310777011764114,TRUE_WEATHERNEXT2:1.00,OPEN,YES,-19.990000000000016
57045,KXHIGHMIA-26MAY15-B89.5,2026-05-15 01:09:39.959759+00:00,KMIA,2026-05-15,1,89.0,91.0,0,0.17404474976168208,0.03125,0.030291574919606535,0.0009765625,84.43485439300541,1.8310777011764114,TRUE_WEATHERNEXT2:1.00,OPEN,NO,5.44
57044,KXHIGHMIA-26MAY15-T92,2026-05-15 01:09:39.373229+00:00,KMIA,2026-05-15,1,93.0,,1,0.14881618629883817,0.0,0.7245138847068542,1.0,84.43485439300541,1.8310777011764114,TRUE_WEATHERNEXT2:1.00,OPEN,NO,-19.83
57043,KXHIGHMIA-26MAY15-B87.5,2026-05-15 01:09:38.795107+00:00,KMIA,2026-05-15,1,87.0,89.0,0,0.17404474976168208,0.046875,0.030291574919606535,0.002197265625,84.43485439300541,1.8310777011764114,TRUE_WEATHERNEXT2:1.00,OPEN,YES,-3.820000000000003
57042,KXHIGHMIA-26MAY15-B91.5,2026-05-15 01:09:38.207998+00:00,KMIA,2026-05-15,1,91.0,93.0,0,0.17457354866409988,0.0,0.03047592389317685,0.0,84.43485439300541,1.8310777011764114,TRUE_WEATHERNEXT2:1.00,OPEN,NO,15.139999999999999
57041,KXHIGHMIA-26MAY15-T85,2026-05-15 01:09:37.582175+00:00,KMIA,2026-05-15,1,,85.0,0,0.1775320711669764,0.65625,0.03151763629283637,0.4306640625,84.43485439300541,1.8310777011764114,TRUE_WEATHERNEXT2:1.00,OPEN,YES,-19.990000000000016
57028,KXHIGHMIA-26MAY15-B85.5,2026-05-15 01:04:23.077379+00:00,KMIA,2026-05-15,1,85.0,87.0,0,0.16796540113380226,0.265625,0.028212375978039102,0.070556640625,84.43485439300541,1.8310777011764114,TRUE_WEATHERNEXT2:1.00,OPEN,YES,-19.990000000000016
57027,KXHIGHMIA-26MAY15-B87.5,2026-05-15 01:04:22.474725+00:00,KMIA,2026-05-15,1,87.0,89.0,0,0.17404474976168208,0.046875,0.030291574919606535,0.002197265625,84.43485439300541,1.8310777011764114,TRUE_WEATHERNEXT2:1.00,OPEN,YES,-3.820000000000003
63634,KXHIGHNY-26MAY15-B69.5,2026-05-15 23:55:21.747630+00:00,KNYC,2026-05-15,0,69.0,71.0,0,0.13769500428307177,0.1065989847715736,0.018959914204515153,0.01136334355433018,65.5251016157896,3.0225315063569544,"TRUE_ECMWF_AIFS_ENS:0.26,TRUE_ECMWF_IFS_ENS:0.26,TRUE_GFS_ENS:0.16,TRUE_WEATHERNEXT2:0.32",OPEN,YES,-19.990000000000016
63632,KXHIGHNY-26MAY15-B71.5,2026-05-15 23:55:20.502996+00:00,KNYC,2026-05-15,0,71.0,73.0,0,0.10959947455959562,0.030456852791878174,0.012012044823739448,0.0009276198819861373,65.5251016157896,3.0225315063569544,"TRUE_ECMWF_AIFS_ENS:0.26,TRUE_ECMWF_IFS_ENS:0.26,TRUE_GFS_ENS:0.16,TRUE_WEATHERNEXT2:0.32",OPEN,YES,-4.990000000000004
63610,KXHIGHNY-26MAY15-T72,2026-05-15 23:55:06.910921+00:00,KNYC,2026-05-15,0,73.0,,0,0.09763513679231262,0.0,0.009532619936453596,0.0,65.5251016157896,3.0225315063569544,"TRUE_ECMWF_AIFS_ENS:0.26,TRUE_ECMWF_IFS_ENS:0.26,TRUE_GFS_ENS:0.16,TRUE_WEATHERNEXT2:0.32",SKIP,YES,
63603,KXHIGHNY-26MAY15-T65,2026-05-15 23:55:02.648884+00:00,KNYC,2026-05-15,0,,65.0,0,0.05458783470282002,0.4365482233502538,0.0029798316975424015,0.19057435131026307,65.5251016157896,3.0225315063569544,"TRUE_ECMWF_AIFS_ENS:0.26,TRUE_ECMWF_IFS_ENS:0.26,TRUE_GFS_ENS:0.16,TRUE_WEATHERNEXT2:0.32",OPEN,YES,-19.990000000000016
63602,KXHIGHNY-26MAY15-B65.5,2026-05-15 23:55:02.013627+00:00,KNYC,2026-05-15,0,65.0,67.0,1,0.36022207492737346,0.19289340101522842,0.40931579341023533,0.6514210621247648,65.5251016157896,3.0225315063569544,"TRUE_ECMWF_AIFS_ENS:0.26,TRUE_ECMWF_IFS_ENS:0.26,TRUE_GFS_ENS:0.16,TRUE_WEATHERNEXT2:0.32",OPEN,NO,-19.990000000000016
63599,KXHIGHNY-26MAY15-B67.5,2026-05-15 23:55:00.094608+00:00,KNYC,2026-05-15,0,67.0,69.0,0,0.2910582789980956,0.233502538071066,0.08471492177333326,0.054523435285629626,65.5251016157896,3.0225315063569544,"TRUE_ECMWF_AIFS_ENS:0.26,TRUE_ECMWF_IFS_ENS:0.26,TRUE_GFS_ENS:0.16,TRUE_WEATHERNEXT2:0.32",OPEN,YES,-19.990000000000016
63598,KXHIGHNY-26MAY15-B69.5,2026-05-15 23:49:49.744256+00:00,KNYC,2026-05-15,0,69.0,71.0,0,0.13794742344620112,0.1065989847715736,0.019029491635445518,0.01136334355433018,65.5251016157896,3.0225315063569544,"TRUE_ECMWF_AIFS_ENS:0.26,TRUE_ECMWF_IFS_ENS:0.26,TRUE_GFS_ENS:0.16,TRUE_WEATHERNEXT2:0.32",OPEN,YES,-19.990000000000016
63596,KXHIGHNY-26MAY15-B71.5,2026-05-15 23:49:48.495099+00:00,KNYC,2026-05-15,0,71.0,73.0,0,0.10971289380068927,0.030456852791878174,0.012036919066121322,0.0009276198819861373,65.5251016157896,3.0225315063569544,"TRUE_ECMWF_AIFS_ENS:0.26,TRUE_ECMWF_IFS_ENS:0.26,TRUE_GFS_ENS:0.16,TRUE_WEATHERNEXT2:0.32",OPEN,YES,-4.990000000000004
63573,KXHIGHNY-26MAY15-T65,2026-05-15 23:49:34.343814+00:00,KNYC,2026-05-15,0,,65.0,0,0.05458783470282001,0.4365482233502538,0.0029798316975424006,0.19057435131026307,65.5251016157896,3.0225315063569544,"TRUE_ECMWF_AIFS_ENS:0.26,TRUE_ECMWF_IFS_ENS:0.26,TRUE_GFS_ENS:0.16,TRUE_WEATHERNEXT2:0.32",OPEN,YES,-19.990000000000016
63572,KXHIGHNY-26MAY15-B65.5,2026-05-15 23:49:33.714808+00:00,KNYC,2026-05-15,0,65.0,67.0,1,0.35920192107493504,0.19289340101522842,0.4106221779540537,0.6514210621247648,65.5251016157896,3.0225315063569544,"TRUE_ECMWF_AIFS_ENS:0.26,TRUE_ECMWF_IFS_ENS:0.26,TRUE_GFS_ENS:0.16,TRUE_WEATHERNEXT2:0.32",SKIP,NO,
63564,KXHIGHNY-26MAY15-T72,2026-05-15 23:49:28.546781+00:00,KNYC,2026-05-15,0,73.0,,0,0.09772768306184565,0.0,0.009550700036636554,0.0,65.5251016157896,3.0225315063569544,"TRUE_ECMWF_AIFS_ENS:0.26,TRUE_ECMWF_IFS_ENS:0.26,TRUE_GFS_ENS:0.16,TRUE_WEATHERNEXT2:0.32",SKIP,YES,
63563,KXHIGHNY-26MAY15-B67.5,2026-05-15 23:49:27.908692+00:00,KNYC,2026-05-15,0,67.0,69.0,0,0.29162004817677795,0.233502538071066,0.08504225249862629,0.054523435285629626,65.5251016157896,3.0225315063569544,"TRUE_ECMWF_AIFS_ENS:0.26,TRUE_ECMWF_IFS_ENS:0.26,TRUE_GFS_ENS:0.16,TRUE_WEATHERNEXT2:0.32",OPEN,YES,-19.88
63562,KXHIGHNY-26MAY15-B69.5,2026-05-15 23:44:15.221174+00:00,KNYC,2026-05-15,0,69.0,71.0,0,0.13820355975439955,0.1065989847715736,0.019100223928787886,0.01136334355433018,65.5251016157896,3.0225315063569544,"TRUE_ECMWF_AIFS_ENS:0.26,TRUE_ECMWF_IFS_ENS:0.26,TRUE_GFS_ENS:0.16,TRUE_WEATHERNEXT2:0.32",OPEN,YES,-19.990000000000016
63560,KXHIGHNY-26MAY15-B71.5,2026-05-15 23:44:13.940892+00:00,KNYC,2026-05-15,0,71.0,73.0,0,0.10982798326272614,0.030456852791878174,0.012062185907557652,0.0009276198819861373,65.5251016157896,3.0225315063569544,"TRUE_ECMWF_AIFS_ENS:0.26,TRUE_ECMWF_IFS_ENS:0.26,TRUE_GFS_ENS:0.16,TRUE_WEATHERNEXT2:0.32",OPEN,YES,-4.990000000000004
63557,KXHIGHNY-26MAY15-T65,2026-05-15 23:44:12.079150+00:00,KNYC,2026-05-15,0,,65.0,0,0.05458783470282001,0.4365482233502538,0.0029798316975424006,0.19057435131026307,65.5251016157896,3.0225315063569544,"TRUE_ECMWF_AIFS_ENS:0.26,TRUE_ECMWF_IFS_ENS:0.26,TRUE_GFS_ENS:0.16,TRUE_WEATHERNEXT2:0.32",OPEN,YES,-19.990000000000016
63534,KXHIGHNY-26MAY15-T72,2026-05-15 23:43:57.543916+00:00,KNYC,2026-05-15,0,73.0,,0,0.09782159217524977,0.0,0.009569063895700888,0.0,65.5251016157896,3.0225315063569544,"TRUE_ECMWF_AIFS_ENS:0.26,TRUE_ECMWF_IFS_ENS:0.26,TRUE_GFS_ENS:0.16,TRUE_WEATHERNEXT2:0.32",SKIP,YES,
63533,KXHIGHNY-26MAY15-B67.5,2026-05-15 23:43:56.894444+00:00,KNYC,2026-05-15,0,67.0,69.0,0,0.29219009001394686,0.233502538071066,0.08537504870235836,0.054523435285629626,65.5251016157896,3.0225315063569544,"TRUE_ECMWF_AIFS_ENS:0.26,TRUE_ECMWF_IFS_ENS:0.26,TRUE_GFS_ENS:0.16,TRUE_WEATHERNEXT2:0.32",OPEN,YES,-19.99
63532,KXHIGHNY-26MAY15-B65.5,2026-05-15 23:43:56.302138+00:00,KNYC,2026-05-15,0,65.0,67.0,1,0.35816674435412676,0.19289340101522842,0.41194992805298086,0.6514210621247648,65.5251016157896,3.0225315063569544,"TRUE_ECMWF_AIFS_ENS:0.26,TRUE_ECMWF_IFS_ENS:0.26,TRUE_GFS_ENS:0.16,TRUE_WEATHERNEXT2:0.32",SKIP,NO,
63506,KXHIGHNY-26MAY15-B69.5,2026-05-15 23:38:19.754434+00:00,KNYC,2026-05-15,0,69.0,71.0,0,0.1384677617873243,0.1065989847715736,0.01917332105439119,0.01136334355433018,65.5251016157896,3.0225315063569544,"TRUE_ECMWF_AIFS_ENS:0.26,TRUE_ECMWF_IFS_ENS:0.26,TRUE_GFS_ENS:0.16,TRUE_WEATHERNEXT2:0.32",OPEN,YES,-19.990000000000016
63505,KXHIGHNY-26MAY15-T72,2026-05-15 23:38:19.161771+00:00,KNYC,2026-05-15,0,73.0,,0,0.09791845848384195,0.0,0.009588024511851881,0.0,65.5251016157896,3.0225315063569544,"TRUE_ECMWF_AIFS_ENS:0.26,TRUE_ECMWF_IFS_ENS:0.26,TRUE_GFS_ENS:0.16,TRUE_WEATHERNEXT2:0.32",SKIP,YES,
63504,KXHIGHNY-26MAY15-B67.5,2026-05-15 23:38:18.530920+00:00,KNYC,2026-05-15,0,67.0,69.0,0,0.2927780824516073,0.233502538071066,0.08571900556404016,0.054523435285629626,65.5251016157896,3.0225315063569544,"TRUE_ECMWF_AIFS_ENS:0.26,TRUE_ECMWF_IFS_ENS:0.26,TRUE_GFS_ENS:0.16,TRUE_WEATHERNEXT2:0.32",OPEN,YES,-19.91999999999999
63503,KXHIGHNY-26MAY15-B65.5,2026-05-15 23:38:17.916082+00:00,KNYC,2026-05-15,0,65.0,67.0,1,0.3570989699491804,0.19289340101522842,0.41332173444040476,0.6514210621247648,65.5251016157896,3.0225315063569544,"TRUE_ECMWF_AIFS_ENS:0.26,TRUE_ECMWF_IFS_ENS:0.26,TRUE_GFS_ENS:0.16,TRUE_WEATHERNEXT2:0.32",SKIP,NO,
63496,KXHIGHNY-26MAY15-B71.5,2026-05-15 23:38:13.391374+00:00,KNYC,2026-05-15,0,71.0,73.0,0,0.10994669688849512,0.030456852791878174,0.012088276156690623,0.0009276198819861373,65.5251016157896,3.0225315063569544,"TRUE_ECMWF_AIFS_ENS:0.26,TRUE_ECMWF_IFS_ENS:0.26,TRUE_GFS_ENS:0.16,TRUE_WEATHERNEXT2:0.32",OPEN,YES,-4.990000000000004
63493,KXHIGHNY-26MAY15-T65,2026-05-15 23:38:11.414643+00:00,KNYC,2026-05-15,0,,65.0,0,0.05458783470282002,0.4365482233502538,0.0029798316975424015,0.19057435131026307,65.5251016157896,3.0225315063569544,"TRUE_ECMWF_AIFS_ENS:0.26,TRUE_ECMWF_IFS_ENS:0.26,TRUE_GFS_ENS:0.16,TRUE_WEATHERNEXT2:0.32",OPEN,YES,-19.990000000000016
63470,KXHIGHNY-26MAY15-B71.5,2026-05-15 23:32:53.703819+00:00,KNYC,2026-05-15,0,71.0,73.0,0,0.11006020401734817,0.030456852791878174,0.012113248508340302,0.0009276198819861373,65.5251016157896,3.0225315063569544,"TRUE_ECMWF_AIFS_ENS:0.26,TRUE_ECMWF_IFS_ENS:0.26,TRUE_GFS_ENS:0.16,TRUE_WEATHERNEXT2:0.32",OPEN,YES,-4.990000000000004
63469,KXHIGHNY-26MAY15-T72,2026-05-15 23:32:53.072358+00:00,KNYC,2026-05-15,0,73.0,,0,0.09801107646681773,0.0,0.009606171110184391,0.0,65.5251016157896,3.0225315063569544,"TRUE_ECMWF_AIFS_ENS:0.26,TRUE_ECMWF_IFS_ENS:0.26,TRUE_GFS_ENS:0.16,TRUE_WEATHERNEXT2:0.32",SKIP,YES,
63468,KXHIGHNY-26MAY15-B67.5,2026-05-15 23:32:52.424682+00:00,KNYC,2026-05-15,0,67.0,69.0,0,0.29334028694120934,0.233502538071066,0.08604852394275103,0.054523435285629626,65.5251016157896,3.0225315063569544,"TRUE_ECMWF_AIFS_ENS:0.26,TRUE_ECMWF_IFS_ENS:0.26,TRUE_GFS_ENS:0.16,TRUE_WEATHERNEXT2:0.32",OPEN,YES,-19.929999999999993
63467,KXHIGHNY-26MAY15-B65.5,2026-05-15 23:32:51.849628+00:00,KNYC,2026-05-15,0,65.0,67.0,1,0.3560780255868158,0.19289340101522842,0.41463550913217345,0.6514210621247648,65.5251016157896,3.0225315063569544,"TRUE_ECMWF_AIFS_ENS:0.26,TRUE_ECMWF_IFS_ENS:0.26,TRUE_GFS_ENS:0.16,TRUE_WEATHERNEXT2:0.32",SKIP,NO,
63459,KXHIGHNY-26MAY15-T65,2026-05-15 23:32:46.906596+00:00,KNYC,2026-05-15,0,,65.0,0,0.05458783470282001,0.4365482233502538,0.0029798316975424006,0.19057435131026307,65.5251016157896,3.0225315063569544,"TRUE_ECMWF_AIFS_ENS:0.26,TRUE_ECMWF_IFS_ENS:0.26,TRUE_GFS_ENS:0.16,TRUE_WEATHERNEXT2:0.32",OPEN,YES,-19.990000000000016
63455,KXHIGHNY-26MAY15-B69.5,2026-05-15 23:32:44.310541+00:00,KNYC,2026-05-15,0,69.0,71.0,0,0.13872037654825806,0.1065989847715736,0.019243342869690504,0.01136334355433018,65.5251016157896,3.0225315063569544,"TRUE_ECMWF_AIFS_ENS:0.26,TRUE_ECMWF_IFS_ENS:0.26,TRUE_GFS_ENS:0.16,TRUE_WEATHERNEXT2:0.32",OPEN,YES,-19.990000000000016
63453,KXHIGHNY-26MAY15-B71.5,2026-05-15 23:27:35.798607+00:00,KNYC,2026-05-15,0,71.0,73.0,0,0.11017751913777296,0.030456852791878174,0.012139085723354327,0.0009276198819861373,65.5251016157896,3.0225315063569544,"TRUE_ECMWF_AIFS_ENS:0.26,TRUE_ECMWF_IFS_ENS:0.26,TRUE_GFS_ENS:0.16,TRUE_WEATHERNEXT2:0.32",OPEN,YES,-4.990000000000004
63430,KXHIGHNY-26MAY15-T65,2026-05-15 23:27:17.612610+00:00,KNYC,2026-05-15,0,,65.0,0,0.05458783470282001,0.4365482233502538,0.0029798316975424006,0.19057435131026307,65.5251016157896,3.0225315063569544,"TRUE_ECMWF_AIFS_ENS:0.26,TRUE_ECMWF_IFS_ENS:0.26,TRUE_GFS_ENS:0.16,TRUE_WEATHERNEXT2:0.32",OPEN,YES,-19.990000000000016
63429,KXHIGHNY-26MAY15-B67.5,2026-05-15 23:27:16.931434+00:00,KNYC,2026-05-15,0,67.0,69.0,0,0.2939213525365525,0.233502538071066,0.08638976147691638,0.054523435285629626,65.5251016157896,3.0225315063569544,"TRUE_ECMWF_AIFS_ENS:0.26,TRUE_ECMWF_IFS_ENS:0.26,TRUE_GFS_ENS:0.16,TRUE_WEATHERNEXT2:0.32",OPEN,YES,-19.99
63428,KXHIGHNY-26MAY15-B65.5,2026-05-15 23:27:16.336576+00:00,KNYC,2026-05-15,0,65.0,67.0,1,0.3550228300935375,0.19289340101522842,0.41599554970054975,0.6514210621247648,65.5251016157896,3.0225315063569544,"TRUE_ECMWF_AIFS_ENS:0.26,TRUE_ECMWF_IFS_ENS:0.26,TRUE_GFS_ENS:0.16,TRUE_WEATHERNEXT2:0.32",SKIP,NO,
63420,KXHIGHNY-26MAY15-T72,2026-05-15 23:27:10.342413+00:00,KNYC,2026-05-15,0,73.0,,0,0.0981068016422888,0.0,0.0096249445284794,0.0,65.5251016157896,3.0225315063569544,"TRUE_ECMWF_AIFS_ENS:0.26,TRUE_ECMWF_IFS_ENS:0.26,TRUE_GFS_ENS:0.16,TRUE_WEATHERNEXT2:0.32",SKIP,YES,
63419,KXHIGHNY-26MAY15-B69.5,2026-05-15 23:27:09.702977+00:00,KNYC,2026-05-15,0,69.0,71.0,0,0.13898146615029724,0.1065989847715736,0.01931584793328622,0.01136334355433018,65.5251016157896,3.0225315063569544,"TRUE_ECMWF_AIFS_ENS:0.26,TRUE_ECMWF_IFS_ENS:0.26,TRUE_GFS_ENS:0.16,TRUE_WEATHERNEXT2:0.32",OPEN,YES,-19.990000000000016
63417,KXHIGHNY-26MAY15-T65,2026-05-15 23:22:02.938448+00:00,KNYC,2026-05-15,0,,65.0,0,0.05458783470282001,0.4365482233502538,0.0029798316975424006,0.19057435131026307,65.5251016157896,3.0225315063569544,"TRUE_ECMWF_AIFS_ENS:0.26,TRUE_ECMWF_IFS_ENS:0.26,TRUE_GFS_ENS:0.16,TRUE_WEATHERNEXT2:0.32",OPEN,YES,-19.990000000000016
63416,KXHIGHNY-26MAY15-B71.5,2026-05-15 23:22:02.308423+00:00,KNYC,2026-05-15,0,71.0,73.0,0,0.11029330000752124,0.030456852791878174,0.012164612026549086,0.0009276198819861373,65.5251016157896,3.0225315063569544,"TRUE_ECMWF_AIFS_ENS:0.26,TRUE_ECMWF_IFS_ENS:0.26,TRUE_GFS_ENS:0.16,TRUE_WEATHERNEXT2:0.32",OPEN,YES,-4.990000000000004
63414,KXHIGHNY-26MAY15-B65.5,2026-05-15 23:22:01.029917+00:00,KNYC,2026-05-15,0,65.0,67.0,1,0.35398143447870806,0.19289340101522842,0.41733998699818786,0.6514210621247648,65.5251016157896,3.0225315063569544,"TRUE_ECMWF_AIFS_ENS:0.26,TRUE_ECMWF_IFS_ENS:0.26,TRUE_GFS_ENS:0.16,TRUE_WEATHERNEXT2:0.32",SKIP,NO,
63390,KXHIGHNY-26MAY15-T72,2026-05-15 23:21:45.895174+00:00,KNYC,2026-05-15,0,73.0,,0,0.09820127492102981,0.0,0.00964349039611568,0.0,65.5251016157896,3.0225315063569544,"TRUE_ECMWF_AIFS_ENS:0.26,TRUE_ECMWF_IFS_ENS:0.26,TRUE_GFS_ENS:0.16,TRUE_WEATHERNEXT2:0.32",SKIP,YES,
63389,KXHIGHNY-26MAY15-B69.5,2026-05-15 23:21:45.276253+00:00,KNYC,2026-05-15,0,69.0,71.0,0,0.13923914121465705,0.1065989847715736,0.01938753844619521,0.01136334355433018,65.5251016157896,3.0225315063569544,"TRUE_ECMWF_AIFS_ENS:0.26,TRUE_ECMWF_IFS_ENS:0.26,TRUE_GFS_ENS:0.16,TRUE_WEATHERNEXT2:0.32",OPEN,YES,-19.990000000000016
63388,KXHIGHNY-26MAY15-B67.5,2026-05-15 23:21:44.674706+00:00,KNYC,2026-05-15,0,67.0,69.0,0,0.29449481893853285,0.233502538071066,0.08672719838163925,0.054523435285629626,65.5251016157896,3.0225315063569544,"TRUE_ECMWF_AIFS_ENS:0.26,TRUE_ECMWF_IFS_ENS:0.26,TRUE_GFS_ENS:0.16,TRUE_WEATHERNEXT2:0.32",OPEN,YES,-19.99
63359,KXHIGHNY-26MAY15-B69.5,2026-05-15 23:16:09.516501+00:00,KNYC,2026-05-15,0,69.0,71.0,0,0.13950885811644173,0.1065989847715736,0.01946272149295347,0.01136334355433018,65.5251016157896,3.0225315063569544,"TRUE_ECMWF_AIFS_ENS:0.26,TRUE_ECMWF_IFS_ENS:0.26,TRUE_GFS_ENS:0.16,TRUE_WEATHERNEXT2:0.32",OPEN,YES,-19.990000000000016
63358,KXHIGHNY-26MAY15-T72,2026-05-15 23:16:08.840581+00:00,KNYC,2026-05-15,0,73.0,,0,0.0983001631860122,0.0,0.009662922082396629,0.0,65.5251016157896,3.0225315063569544,"TRUE_ECMWF_AIFS_ENS:0.26,TRUE_ECMWF_IFS_ENS:0.26,TRUE_GFS_ENS:0.16,TRUE_WEATHERNEXT2:0.32",SKIP,YES,
63357,KXHIGHNY-26MAY15-B67.5,2026-05-15 23:16:08.214334+00:00,KNYC,2026-05-15,0,67.0,69.0,0,0.29509508494255776,0.233502538071066,0.08708110915725538,0.054523435285629626,65.5251016157896,3.0225315063569544,"TRUE_ECMWF_AIFS_ENS:0.26,TRUE_ECMWF_IFS_ENS:0.26,TRUE_GFS_ENS:0.16,TRUE_WEATHERNEXT2:0.32",OPEN,YES,-19.99
63351,KXHIGHNY-26MAY15-T65,2026-05-15 23:16:03.472658+00:00,KNYC,2026-05-15,0,,65.0,0,0.05458783470282001,0.4365482233502538,0.0029798316975424006,0.19057435131026307,65.5251016157896,3.0225315063569544,"TRUE_ECMWF_AIFS_ENS:0.26,TRUE_ECMWF_IFS_ENS:0.26,TRUE_GFS_ENS:0.16,TRUE_WEATHERNEXT2:0.32",OPEN,YES,-19.990000000000016
63350,KXHIGHNY-26MAY15-B71.5,2026-05-15 23:16:02.793629+00:00,KNYC,2026-05-15,0,71.0,73.0,0,0.11041449162360373,0.030456852791878174,0.012191359960498858,0.0009276198819861373,65.5251016157896,3.0225315063569544,"TRUE_ECMWF_AIFS_ENS:0.26,TRUE_ECMWF_IFS_ENS:0.26,TRUE_GFS_ENS:0.16,TRUE_WEATHERNEXT2:0.32",OPEN,YES,-4.990000000000004
63348,KXHIGHNY-26MAY15-B65.5,2026-05-15 23:16:01.489629+00:00,KNYC,2026-05-15,0,65.0,67.0,1,0.3528913716918336,0.19289340101522842,0.41874957683087666,0.6514210621247648,65.5251016157896,3.0225315063569544,"TRUE_ECMWF_AIFS_ENS:0.26,TRUE_ECMWF_IFS_ENS:0.26,TRUE_GFS_ENS:0.16,TRUE_WEATHERNEXT2:0.32",SKIP,NO,
63323,KXHIGHNY-26MAY15-T65,2026-05-15 23:10:43.740742+00:00,KNYC,2026-05-15,0,,65.0,0,0.05458783470282001,0.4365482233502538,0.0029798316975424006,0.19057435131026307,65.5251016157896,3.0225315063569544,"TRUE_ECMWF_AIFS_ENS:0.26,TRUE_ECMWF_IFS_ENS:0.26,TRUE_GFS_ENS:0.16,TRUE_WEATHERNEXT2:0.32",OPEN,YES,-19.990000000000016
63322,KXHIGHNY-26MAY15-B71.5,2026-05-15 23:10:43.105842+00:00,KNYC,2026-05-15,0,71.0,73.0,0,0.11053049132718362,0.030456852791878174,0.012216989513028614,0.0009276198819861373,65.5251016157896,3.0225315063569544,"TRUE_ECMWF_AIFS_ENS:0.26,TRUE_ECMWF_IFS_ENS:0.26,TRUE_GFS_ENS:0.16,TRUE_WEATHERNEXT2:0.32",OPEN,YES,-4.990000000000004
63321,KXHIGHNY-26MAY15-T72,2026-05-15 23:10:42.469345+00:00,KNYC,2026-05-15,0,73.0,,0,0.09839481502576952,0.0,0.009681539623955399,0.0,65.5251016157896,3.0225315063569544,"TRUE_ECMWF_AIFS_ENS:0.26,TRUE_ECMWF_IFS_ENS:0.26,TRUE_GFS_ENS:0.16,TRUE_WEATHERNEXT2:0.32",SKIP,YES,
63320,KXHIGHNY-26MAY15-B67.5,2026-05-15 23:10:41.869842+00:00,KNYC,2026-05-15,0,67.0,69.0,0,0.29566963523560863,0.233502538071066,0.08742053320035786,0.054523435285629626,65.5251016157896,3.0225315063569544,"TRUE_ECMWF_AIFS_ENS:0.26,TRUE_ECMWF_IFS_ENS:0.26,TRUE_GFS_ENS:0.16,TRUE_WEATHERNEXT2:0.32",OPEN,YES,-19.88
63319,KXHIGHNY-26MAY15-B69.5,2026-05-15 23:10:41.286909+00:00,KNYC,2026-05-15,0,69.0,71.0,0,0.13976702020445028,0.1065989847715736,0.01953481993683121,0.01136334355433018,65.5251016157896,3.0225315063569544,"TRUE_ECMWF_AIFS_ENS:0.26,TRUE_ECMWF_IFS_ENS:0.26,TRUE_GFS_ENS:0.16,TRUE_WEATHERNEXT2:0.32",OPEN,YES,-19.990000000000016
63313,KXHIGHNY-26MAY15-B65.5,2026-05-15 23:10:37.615877+00:00,KNYC,2026-05-15,0,65.0,67.0,1,0.351848007767437,0.19289340101522842,0.42010100503504033,0.6514210621247648,65.5251016157896,3.0225315063569544,"TRUE_ECMWF_AIFS_ENS:0.26,TRUE_ECMWF_IFS_ENS:0.26,TRUE_GFS_ENS:0.16,TRUE_WEATHERNEXT2:0.32",SKIP,NO,
63309,KXHIGHNY-26MAY15-T65,2026-05-15 23:05:34.165237+00:00,KNYC,2026-05-15,0,,65.0,0,0.05458783470282001,0.4365482233502538,0.0029798316975424006,0.19057435131026307,65.5251016157896,3.0225315063569544,"TRUE_ECMWF_AIFS_ENS:0.26,TRUE_ECMWF_IFS_ENS:0.26,TRUE_GFS_ENS:0.16,TRUE_WEATHERNEXT2:0.32",OPEN,YES,-19.990000000000016
63307,KXHIGHNY-26MAY15-B71.5,2026-05-15 23:05:32.890068+00:00,KNYC,2026-05-15,0,71.0,73.0,0,0.11064733623132972,0.030456852791878174,0.01224283301508893,0.0009276198819861373,65.5251016157896,3.0225315063569544,"TRUE_ECMWF_AIFS_ENS:0.26,TRUE_ECMWF_IFS_ENS:0.26,TRUE_GFS_ENS:0.16,TRUE_WEATHERNEXT2:0.32",OPEN,YES,-4.990000000000004
63284,KXHIGHNY-26MAY15-B69.5,2026-05-15 23:05:18.206577+00:00,KNYC,2026-05-15,0,69.0,71.0,0,0.1400270633209135,0.1065989847715736,0.01960757846227912,0.01136334355433018,65.5251016157896,3.0225315063569544,"TRUE_ECMWF_AIFS_ENS:0.26,TRUE_ECMWF_IFS_ENS:0.26,TRUE_GFS_ENS:0.16,TRUE_WEATHERNEXT2:0.32",OPEN,YES,-19.990000000000016
63283,KXHIGHNY-26MAY15-T72,2026-05-15 23:05:17.593055+00:00,KNYC,2026-05-15,0,73.0,,0,0.09849015652063964,0.0,0.009700310931460095,0.0,65.5251016157896,3.0225315063569544,"TRUE_ECMWF_AIFS_ENS:0.26,TRUE_ECMWF_IFS_ENS:0.26,TRUE_GFS_ENS:0.16,TRUE_WEATHERNEXT2:0.32",SKIP,YES,
63282,KXHIGHNY-26MAY15-B67.5,2026-05-15 23:05:16.945376+00:00,KNYC,2026-05-15,0,67.0,69.0,0,0.29624837183447134,0.233502538071066,0.08776309781457518,0.054523435285629626,65.5251016157896,3.0225315063569544,"TRUE_ECMWF_AIFS_ENS:0.26,TRUE_ECMWF_IFS_ENS:0.26,TRUE_GFS_ENS:0.16,TRUE_WEATHERNEXT2:0.32",OPEN,YES,-19.99
63277,KXHIGHNY-26MAY15-B65.5,2026-05-15 23:05:13.649802+00:00,KNYC,2026-05-15,0,65.0,67.0,1,0.3507970416530949,0.19289340101522842,0.4214644811263734,0.6514210621247648,65.5251016157896,3.0225315063569544,"TRUE_ECMWF_AIFS_ENS:0.26,TRUE_ECMWF_IFS_ENS:0.26,TRUE_GFS_ENS:0.16,TRUE_WEATHERNEXT2:0.32",SKIP,NO,
63273,KXHIGHNY-26MAY15-T65,2026-05-15 23:00:09.118505+00:00,KNYC,2026-05-15,0,,65.0,0,0.05458783470282001,0.4365482233502538,0.0029798316975424006,0.19057435131026307,65.5251016157896,3.0225315063569544,"TRUE_ECMWF_AIFS_ENS:0.26,TRUE_ECMWF_IFS_ENS:0.26,TRUE_GFS_ENS:0.16,TRUE_WEATHERNEXT2:0.32",OPEN,YES,-19.990000000000016
63271,KXHIGHNY-26MAY15-B71.5,2026-05-15 23:00:07.797633+00:00,KNYC,2026-05-15,0,71.0,73.0,0,0.08667157172155127,0.030456852791878174,0.0075119613446840055,0.0009276198819861373,65.5251016157896,3.0225315063569544,"TRUE_ECMWF_AIFS_ENS:0.26,TRUE_ECMWF_IFS_ENS:0.26,TRUE_GFS_ENS:0.16,TRUE_WEATHERNEXT2:0.32",OPEN,YES,-4.990000000000004
63270,KXHIGHNY-26MAY15-T72,2026-05-15 23:00:06.442034+00:00,KNYC,2026-05-15,0,73.0,,0,0.07892674256002019,0.0,0.006229430691135703,0.0,65.5251016157896,3.0225315063569544,"TRUE_ECMWF_AIFS_ENS:0.26,TRUE_ECMWF_IFS_ENS:0.26,TRUE_GFS_ENS:0.16,TRUE_WEATHERNEXT2:0.32",SKIP,YES,
63248,KXHIGHNY-26MAY15-B65.5,2026-05-15 22:59:47.443252+00:00,KNYC,2026-05-15,0,65.0,67.0,1,0.4790381051680208,0.19289340101522842,0.27140129586692613,0.6514210621247648,65.5251016157896,3.0225315063569544,"TRUE_ECMWF_AIFS_ENS:0.26,TRUE_ECMWF_IFS_ENS:0.26,TRUE_GFS_ENS:0.16,TRUE_WEATHERNEXT2:0.32",SKIP,NO,
63247,KXHIGHNY-26MAY15-B67.5,2026-05-15 22:59:46.871090+00:00,KNYC,2026-05-15,0,67.0,69.0,0,0.2752814910869184,0.233502538071066,0.07577989933503713,0.054523435285629626,65.5251016157896,3.0225315063569544,"TRUE_ECMWF_AIFS_ENS:0.26,TRUE_ECMWF_IFS_ENS:0.26,TRUE_GFS_ENS:0.16,TRUE_WEATHERNEXT2:0.32",OPEN,YES,-19.88
63246,KXHIGHNY-26MAY15-B69.5,2026-05-15 22:59:46.264583+00:00,KNYC,2026-05-15,0,69.0,71.0,0,0.13824691386191834,0.1065989847715736,0.01911220919234467,0.01136334355433018,65.5251016157896,3.0225315063569544,"TRUE_ECMWF_AIFS_ENS:0.26,TRUE_ECMWF_IFS_ENS:0.26,TRUE_GFS_ENS:0.16,TRUE_WEATHERNEXT2:0.32",OPEN,YES,-19.990000000000016
63236,KXHIGHNY-26MAY15-B69.5,2026-05-15 22:54:29.995353+00:00,KNYC,2026-05-15,0,69.0,71.0,0,0.1383388592631446,0.1065989847715736,0.019137639982228127,0.01136334355433018,65.5251016157896,3.0225315063569544,"TRUE_ECMWF_AIFS_ENS:0.26,TRUE_ECMWF_IFS_ENS:0.26,TRUE_GFS_ENS:0.16,TRUE_WEATHERNEXT2:0.32",OPEN,YES,-16.650000000000013
63235,KXHIGHNY-26MAY15-T65,2026-05-15 22:54:29.360492+00:00,KNYC,2026-05-15,0,,65.0,0,0.05458783470282001,0.4365482233502538,0.0029798316975424006,0.19057435131026307,65.5251016157896,3.0225315063569544,"TRUE_ECMWF_AIFS_ENS:0.26,TRUE_ECMWF_IFS_ENS:0.26,TRUE_GFS_ENS:0.16,TRUE_WEATHERNEXT2:0.32",OPEN,YES,-19.990000000000016
63233,KXHIGHNY-26MAY15-B71.5,2026-05-15 22:54:28.094637+00:00,KNYC,2026-05-15,0,71.0,73.0,0,0.08671288545343914,0.030456852791878174,0.007519124503661257,0.0009276198819861373,65.5251016157896,3.0225315063569544,"TRUE_ECMWF_AIFS_ENS:0.26,TRUE_ECMWF_IFS_ENS:0.26,TRUE_GFS_ENS:0.16,TRUE_WEATHERNEXT2:0.32",OPEN,YES,-4.990000000000004
63232,KXHIGHNY-26MAY15-T72,2026-05-15 22:54:27.445263+00:00,KNYC,2026-05-15,0,73.0,,0,0.0789604531697008,0.0,0.006234753164764512,0.0,65.5251016157896,3.0225315063569544,"TRUE_ECMWF_AIFS_ENS:0.26,TRUE_ECMWF_IFS_ENS:0.26,TRUE_GFS_ENS:0.16,TRUE_WEATHERNEXT2:0.32",SKIP,YES,
63231,KXHIGHNY-26MAY15-B65.5,2026-05-15 22:54:26.792929+00:00,KNYC,2026-05-15,0,65.0,67.0,1,0.47933248734218037,0.19289340101522842,0.2710946587372808,0.6514210621247648,65.5251016157896,3.0225315063569544,"TRUE_ECMWF_AIFS_ENS:0.26,TRUE_ECMWF_IFS_ENS:0.26,TRUE_GFS_ENS:0.16,TRUE_WEATHERNEXT2:0.32",SKIP,NO,
63208,KXHIGHNY-26MAY15-B67.5,2026-05-15 22:54:12.555728+00:00,KNYC,2026-05-15,0,67.0,69.0,0,0.2748201391699641,0.233502538071066,0.07552610889339845,0.054523435285629626,65.5251016157896,3.0225315063569544,"TRUE_ECMWF_AIFS_ENS:0.26,TRUE_ECMWF_IFS_ENS:0.26,TRUE_GFS_ENS:0.16,TRUE_WEATHERNEXT2:0.32",OPEN,YES,-19.88
63178,KXHIGHNY-26MAY15-B69.5,2026-05-15 22:48:51.511218+00:00,KNYC,2026-05-15,0,69.0,71.0,0,0.13842925200852396,0.1065989847715736,0.019162657811639436,0.01136334355433018,65.5251016157896,3.0225315063569544,"TRUE_ECMWF_AIFS_ENS:0.26,TRUE_ECMWF_IFS_ENS:0.26,TRUE_GFS_ENS:0.16,TRUE_WEATHERNEXT2:0.32",OPEN,YES,-19.230000000000015
63177,KXHIGHNY-26MAY15-T65,2026-05-15 22:48:50.888271+00:00,KNYC,2026-05-15,0,,65.0,0,0.05458783470282001,0.4365482233502538,0.0029798316975424006,0.19057435131026307,65.5251016157896,3.0225315063569544,"TRUE_ECMWF_AIFS_ENS:0.26,TRUE_ECMWF_IFS_ENS:0.26,TRUE_GFS_ENS:0.16,TRUE_WEATHERNEXT2:0.32",OPEN,YES,-19.990000000000016
63176,KXHIGHNY-26MAY15-B67.5,2026-05-15 22:48:50.275210+00:00,KNYC,2026-05-15,0,67.0,69.0,0,0.2743669425512926,0.233502538071066,0.07527721916494431,0.054523435285629626,65.5251016157896,3.0225315063569544,"TRUE_ECMWF_AIFS_ENS:0.26,TRUE_ECMWF_IFS_ENS:0.26,TRUE_GFS_ENS:0.16,TRUE_WEATHERNEXT2:0.32",OPEN,YES,-19.88
63169,KXHIGHNY-26MAY15-B71.5,2026-05-15 22:48:45.753812+00:00,KNYC,2026-05-15,0,71.0,73.0,0,0.08675350153208439,0.030456852791878174,0.007526170028077368,0.0009276198819861373,65.5251016157896,3.0225315063569544,"TRUE_ECMWF_AIFS_ENS:0.26,TRUE_ECMWF_IFS_ENS:0.26,TRUE_GFS_ENS:0.16,TRUE_WEATHERNEXT2:0.32",OPEN,YES,-4.990000000000004
63168,KXHIGHNY-26MAY15-T72,2026-05-15 22:48:45.128621+00:00,KNYC,2026-05-15,0,73.0,,0,0.07899359451790156,0.0,0.006239987974858647,0.0,65.5251016157896,3.0225315063569544,"TRUE_ECMWF_AIFS_ENS:0.26,TRUE_ECMWF_IFS_ENS:0.26,TRUE_GFS_ENS:0.16,TRUE_WEATHERNEXT2:0.32",SKIP,YES,
63167,KXHIGHNY-26MAY15-B65.5,2026-05-15 22:48:44.481118+00:00,KNYC,2026-05-15,0,65.0,67.0,1,0.4796215337886265,0.19289340101522842,0.2707937480965016,0.6514210621247648,65.5251016157896,3.0225315063569544,"TRUE_ECMWF_AIFS_ENS:0.26,TRUE_ECMWF_IFS_ENS:0.26,TRUE_GFS_ENS:0.16,TRUE_WEATHERNEXT2:0.32",SKIP,NO,
63166,KXHIGHNY-26MAY15-B67.5,2026-05-15 22:43:41.869804+00:00,KNYC,2026-05-15,0,67.0,69.0,0,0.2739119862871509,0.233502538071066,0.07502777623177234,0.054523435285629626,65.5251016157896,3.0225315063569544,"TRUE_ECMWF_AIFS_ENS:0.26,TRUE_ECMWF_IFS_ENS:0.26,TRUE_GFS_ENS:0.16,TRUE_WEATHERNEXT2:0.32",OPEN,YES,-16.190000000000005
63142,KXHIGHNY-26MAY15-B69.5,2026-05-15 22:43:26.766195+00:00,KNYC,2026-05-15,0,69.0,71.0,0,0.138520067530424,0.1065989847715736,0.019187809108633228,0.01136334355433018,65.5251016157896,3.0225315063569544,"TRUE_ECMWF_AIFS_ENS:0.26,TRUE_ECMWF_IFS_ENS:0.26,TRUE_GFS_ENS:0.16,TRUE_WEATHERNEXT2:0.32",OPEN,YES,-19.230000000000015
63141,KXHIGHNY-26MAY15-B71.5,2026-05-15 22:43:26.149059+00:00,KNYC,2026-05-15,0,71.0,73.0,0,0.08679430757646489,0.030456852791878174,0.007533251827677991,0.0009276198819861373,65.5251016157896,3.0225315063569544,"TRUE_ECMWF_AIFS_ENS:0.26,TRUE_ECMWF_IFS_ENS:0.26,TRUE_GFS_ENS:0.16,TRUE_WEATHERNEXT2:0.32",OPEN,YES,-4.990000000000004
63140,KXHIGHNY-26MAY15-T65,2026-05-15 22:43:25.539177+00:00,KNYC,2026-05-15,0,,65.0,0,0.05458783470282001,0.4365482233502538,0.0029798316975424006,0.19057435131026307,65.5251016157896,3.0225315063569544,"TRUE_ECMWF_AIFS_ENS:0.26,TRUE_ECMWF_IFS_ENS:0.26,TRUE_GFS_ENS:0.16,TRUE_WEATHERNEXT2:0.32",OPEN,YES,-19.990000000000016
63133,KXHIGHNY-26MAY15-T72,2026-05-15 22:43:21.181721+00:00,KNYC,2026-05-15,0,73.0,,0,0.07902689087172521,0.0,0.006245249480851565,0.0,65.5251016157896,3.0225315063569544,"TRUE_ECMWF_AIFS_ENS:0.26,TRUE_ECMWF_IFS_ENS:0.26,TRUE_GFS_ENS:0.16,TRUE_WEATHERNEXT2:0.32",SKIP,YES,
63132,KXHIGHNY-26MAY15-B65.5,2026-05-15 22:43:20.546771+00:00,KNYC,2026-05-15,0,65.0,67.0,1,0.479911572132664,0.19289340101522842,0.27049197280151716,0.6514210621247648,65.5251016157896,3.0225315063569544,"TRUE_ECMWF_AIFS_ENS:0.26,TRUE_ECMWF_IFS_ENS:0.26,TRUE_GFS_ENS:0.16,TRUE_WEATHERNEXT2:0.32",SKIP,NO,
63129,KXHIGHNY-26MAY15-B67.5,2026-05-15 22:38:08.551324+00:00,KNYC,2026-05-15,0,67.0,69.0,0,0.27344368887002785,0.233502538071066,0.07477145098284858,0.054523435285629626,65.5251016157896,3.0225315063569544,"TRUE_ECMWF_AIFS_ENS:0.26,TRUE_ECMWF_IFS_ENS:0.26,TRUE_GFS_ENS:0.16,TRUE_WEATHERNEXT2:0.32",OPEN,YES,-19.869999999999997
63127,KXHIGHNY-26MAY15-B69.5,2026-05-15 22:38:07.273103+00:00,KNYC,2026-05-15,0,69.0,71.0,0,0.13861362061860427,0.1065989847715736,0.019213735820998355,0.01136334355433018,65.5251016157896,3.0225315063569544,"TRUE_ECMWF_AIFS_ENS:0.26,TRUE_ECMWF_IFS_ENS:0.26,TRUE_GFS_ENS:0.16,TRUE_WEATHERNEXT2:0.32",OPEN,YES,-19.230000000000015
63106,KXHIGHNY-26MAY15-T72,2026-05-15 22:37:54.235470+00:00,KNYC,2026-05-15,0,73.0,,0,0.07906119091934138,0.0,0.0062506719095845485,0.0,65.5251016157896,3.0225315063569544,"TRUE_ECMWF_AIFS_ENS:0.26,TRUE_ECMWF_IFS_ENS:0.26,TRUE_GFS_ENS:0.16,TRUE_WEATHERNEXT2:0.32",SKIP,YES,
63105,KXHIGHNY-26MAY15-B71.5,2026-05-15 22:37:53.610485+00:00,KNYC,2026-05-15,0,71.0,73.0,0,0.086836343688667,0.030456852791878174,0.0075405505852162965,0.0009276198819861373,65.5251016157896,3.0225315063569544,"TRUE_ECMWF_AIFS_ENS:0.26,TRUE_ECMWF_IFS_ENS:0.26,TRUE_GFS_ENS:0.16,TRUE_WEATHERNEXT2:0.32",OPEN,YES,-4.990000000000004
63097,KXHIGHNY-26MAY15-B65.5,2026-05-15 22:37:48.510918+00:00,KNYC,2026-05-15,0,65.0,67.0,1,0.4802099803017885,0.19289340101522842,0.2701816645778671,0.6514210621247648,65.5251016157896,3.0225315063569544,"TRUE_ECMWF_AIFS_ENS:0.26,TRUE_ECMWF_IFS_ENS:0.26,TRUE_GFS_ENS:0.16,TRUE_WEATHERNEXT2:0.32",SKIP,NO,
63096,KXHIGHNY-26MAY15-T65,2026-05-15 22:37:47.950639+00:00,KNYC,2026-05-15,0,,65.0,0,0.05458783470282001,0.4365482233502538,0.0029798316975424006,0.19057435131026307,65.5251016157896,3.0225315063569544,"TRUE_ECMWF_AIFS_ENS:0.26,TRUE_ECMWF_IFS_ENS:0.26,TRUE_GFS_ENS:0.16,TRUE_WEATHERNEXT2:0.32",OPEN,YES,-19.990000000000016
63093,KXHIGHNY-26MAY15-B67.5,2026-05-15 22:32:45.195437+00:00,KNYC,2026-05-15,0,67.0,69.0,0,0.27298615492327355,0.233502538071066,0.0745214407797935,0.054523435285629626,65.5251016157896,3.0225315063569544,"TRUE_ECMWF_AIFS_ENS:0.26,TRUE_ECMWF_IFS_ENS:0.26,TRUE_GFS_ENS:0.16,TRUE_WEATHERNEXT2:0.32",OPEN,YES,-16.190000000000005
63091,KXHIGHNY-26MAY15-B69.5,2026-05-15 22:32:43.899888+00:00,KNYC,2026-05-15,0,69.0,71.0,0,0.1387050958064978,0.1065989847715736,0.01923910360268974,0.01136334355433018,65.5251016157896,3.0225315063569544,"TRUE_ECMWF_AIFS_ENS:0.26,TRUE_ECMWF_IFS_ENS:0.26,TRUE_GFS_ENS:0.16,TRUE_WEATHERNEXT2:0.32",OPEN,YES,-19.230000000000015
63070,KXHIGHNY-26MAY15-B65.5,2026-05-15 22:32:30.822007+00:00,KNYC,2026-05-15,0,65.0,67.0,1,0.4805013983972757,0.19289340101522842,0.2698787970671861,0.6514210621247648,65.5251016157896,3.0225315063569544,"TRUE_ECMWF_AIFS_ENS:0.26,TRUE_ECMWF_IFS_ENS:0.26,TRUE_GFS_ENS:0.16,TRUE_WEATHERNEXT2:0.32",SKIP,NO,
63069,KXHIGHNY-26MAY15-T65,2026-05-15 22:32:30.220599+00:00,KNYC,2026-05-15,0,,65.0,0,0.05458783470282001,0.4365482233502538,0.0029798316975424006,0.19057435131026307,65.5251016157896,3.0225315063569544,"TRUE_ECMWF_AIFS_ENS:0.26,TRUE_ECMWF_IFS_ENS:0.26,TRUE_GFS_ENS:0.16,TRUE_WEATHERNEXT2:0.32",OPEN,YES,-19.990000000000016
63068,KXHIGHNY-26MAY15-B71.5,2026-05-15 22:32:29.587938+00:00,KNYC,2026-05-15,0,71.0,73.0,0,0.08687744614008652,0.030456852791878174,0.007547690647823634,0.0009276198819861373,65.5251016157896,3.0225315063569544,"TRUE_ECMWF_AIFS_ENS:0.26,TRUE_ECMWF_IFS_ENS:0.26,TRUE_GFS_ENS:0.16,TRUE_WEATHERNEXT2:0.32",OPEN,YES,-4.990000000000004
63067,KXHIGHNY-26MAY15-T72,2026-05-15 22:32:28.954730+00:00,KNYC,2026-05-15,0,73.0,,0,0.07909472913129545,0.0,0.006255976176352997,0.0,65.5251016157896,3.0225315063569544,"TRUE_ECMWF_AIFS_ENS:0.26,TRUE_ECMWF_IFS_ENS:0.26,TRUE_GFS_ENS:0.16,TRUE_WEATHERNEXT2:0.32",SKIP,YES,
63056,KXHIGHNY-26MAY15-B67.5,2026-05-15 22:27:20.811675+00:00,KNYC,2026-05-15,0,67.0,69.0,0,0.27252595689387143,0.233502538071066,0.07427039718092027,0.054523435285629626,65.5251016157896,3.0225315063569544,"TRUE_ECMWF_AIFS_ENS:0.26,TRUE_ECMWF_IFS_ENS:0.26,TRUE_GFS_ENS:0.16,TRUE_WEATHERNEXT2:0.32",OPEN,YES,-6.969999999999999
63052,KXHIGHNY-26MAY15-B69.5,2026-05-15 22:27:18.297584+00:00,KNYC,2026-05-15,0,69.0,71.0,0,0.1387971751356163,0.1065989847715736,0.01926465582562694,0.01136334355433018,65.5251016157896,3.0225315063569544,"TRUE_ECMWF_AIFS_ENS:0.26,TRUE_ECMWF_IFS_ENS:0.26,TRUE_GFS_ENS:0.16,TRUE_WEATHERNEXT2:0.32",OPEN,YES,-19.230000000000015
63032,KXHIGHNY-26MAY15-T65,2026-05-15 22:27:05.722306+00:00,KNYC,2026-05-15,0,,65.0,0,0.05458783470282001,0.4365482233502538,0.0029798316975424006,0.19057435131026307,65.5251016157896,3.0225315063569544,"TRUE_ECMWF_AIFS_ENS:0.26,TRUE_ECMWF_IFS_ENS:0.26,TRUE_GFS_ENS:0.16,TRUE_WEATHERNEXT2:0.32",OPEN,YES,-19.990000000000016
63031,KXHIGHNY-26MAY15-B71.5,2026-05-15 22:27:05.088339+00:00,KNYC,2026-05-15,0,71.0,73.0,0,0.08691882004965501,0.030456852791878174,0.007554881278824309,0.0009276198819861373,65.5251016157896,3.0225315063569544,"TRUE_ECMWF_AIFS_ENS:0.26,TRUE_ECMWF_IFS_ENS:0.26,TRUE_GFS_ENS:0.16,TRUE_WEATHERNEXT2:0.32",OPEN,YES,-4.990000000000004
63030,KXHIGHNY-26MAY15-T72,2026-05-15 22:27:04.441025+00:00,KNYC,2026-05-15,0,73.0,,0,0.07912848884393142,0.0,0.00626131774672418,0.0,65.5251016157896,3.0225315063569544,"TRUE_ECMWF_AIFS_ENS:0.26,TRUE_ECMWF_IFS_ENS:0.26,TRUE_GFS_ENS:0.16,TRUE_WEATHERNEXT2:0.32",SKIP,YES,
63029,KXHIGHNY-26MAY15-B65.5,2026-05-15 22:27:03.797367+00:00,KNYC,2026-05-15,0,65.0,67.0,1,0.48079438347535486,0.19289340101522842,0.2695744722307369,0.6514210621247648,65.5251016157896,3.0225315063569544,"TRUE_ECMWF_AIFS_ENS:0.26,TRUE_ECMWF_IFS_ENS:0.26,TRUE_GFS_ENS:0.16,TRUE_WEATHERNEXT2:0.32",SKIP,NO,
63002,KXHIGHNY-26MAY15-T65,2026-05-15 22:21:42.142771+00:00,KNYC,2026-05-15,0,,65.0,0,0.05458783470282001,0.4365482233502538,0.0029798316975424006,0.19057435131026307,65.5251016157896,3.0225315063569544,"TRUE_ECMWF_AIFS_ENS:0.26,TRUE_ECMWF_IFS_ENS:0.26,TRUE_GFS_ENS:0.16,TRUE_WEATHERNEXT2:0.32",OPEN,YES,-19.990000000000016
63001,KXHIGHNY-26MAY15-T72,2026-05-15 22:21:41.491431+00:00,KNYC,2026-05-15,0,73.0,,0,0.07916281168345463,0.0,0.0062667507536301,0.0,65.5251016157896,3.0225315063569544,"TRUE_ECMWF_AIFS_ENS:0.26,TRUE_ECMWF_IFS_ENS:0.26,TRUE_GFS_ENS:0.16,TRUE_WEATHERNEXT2:0.32",SKIP,YES,
63000,KXHIGHNY-26MAY15-B67.5,2026-05-15 22:21:40.834303+00:00,KNYC,2026-05-15,0,67.0,69.0,0,0.2720584464103544,0.233502538071066,0.07401579826321569,0.054523435285629626,65.5251016157896,3.0225315063569544,"TRUE_ECMWF_AIFS_ENS:0.26,TRUE_ECMWF_IFS_ENS:0.26,TRUE_GFS_ENS:0.16,TRUE_WEATHERNEXT2:0.32",OPEN,YES,-3.7699999999999996
62999,KXHIGHNY-26MAY15-B65.5,2026-05-15 22:21:40.216311+00:00,KNYC,2026-05-15,0,65.0,67.0,1,0.4810918918218181,0.19289340101522842,0.2692656247330597,0.6514210621247648,65.5251016157896,3.0225315063569544,"TRUE_ECMWF_AIFS_ENS:0.26,TRUE_ECMWF_IFS_ENS:0.26,TRUE_GFS_ENS:0.16,TRUE_WEATHERNEXT2:0.32",SKIP,NO,
62998,KXHIGHNY-26MAY15-B71.5,2026-05-15 22:21:39.604464+00:00,KNYC,2026-05-15,0,71.0,73.0,0,0.0869608840942716,0.030456852791878174,0.007562195362457341,0.0009276198819861373,65.5251016157896,3.0225315063569544,"TRUE_ECMWF_AIFS_ENS:0.26,TRUE_ECMWF_IFS_ENS:0.26,TRUE_GFS_ENS:0.16,TRUE_WEATHERNEXT2:0.32",OPEN,YES,-4.990000000000004
62988,KXHIGHNY-26MAY15-B69.5,2026-05-15 22:21:33.278498+00:00,KNYC,2026-05-15,0,69.0,71.0,0,0.13889079038853025,0.1065989847715736,0.01929065165475065,0.01136334355433018,65.5251016157896,3.0225315063569544,"TRUE_ECMWF_AIFS_ENS:0.26,TRUE_ECMWF_IFS_ENS:0.26,TRUE_GFS_ENS:0.16,TRUE_WEATHERNEXT2:0.32",OPEN,YES,-19.230000000000015
62963,KXHIGHNY-26MAY15-B65.5,2026-05-15 22:16:04.722216+00:00,KNYC,2026-05-15,0,65.0,67.0,1,0.4813979587345837,0.19289340101522842,0.2689480772046566,0.6514210621247648,65.5251016157896,3.0225315063569544,"TRUE_ECMWF_AIFS_ENS:0.26,TRUE_ECMWF_IFS_ENS:0.26,TRUE_GFS_ENS:0.16,TRUE_WEATHERNEXT2:0.32",SKIP,NO,
62962,KXHIGHNY-26MAY15-B67.5,2026-05-15 22:16:04.113553+00:00,KNYC,2026-05-15,0,67.0,69.0,0,0.271577270077982,0.233502538071066,0.07375421362300917,0.054523435285629626,65.5251016157896,3.0225315063569544,"TRUE_ECMWF_AIFS_ENS:0.26,TRUE_ECMWF_IFS_ENS:0.26,TRUE_GFS_ENS:0.16,TRUE_WEATHERNEXT2:0.32",OPEN,YES,-19.870000000000005
62961,KXHIGHNY-26MAY15-B69.5,2026-05-15 22:16:03.496964+00:00,KNYC,2026-05-15,0,69.0,71.0,0,0.13898721807401748,0.1065989847715736,0.019317446787954492,0.01136334355433018,65.5251016157896,3.0225315063569544,"TRUE_ECMWF_AIFS_ENS:0.26,TRUE_ECMWF_IFS_ENS:0.26,TRUE_GFS_ENS:0.16,TRUE_WEATHERNEXT2:0.32",OPEN,YES,-19.230000000000015
62960,KXHIGHNY-26MAY15-T72,2026-05-15 22:16:02.851686+00:00,KNYC,2026-05-15,0,73.0,,0,0.07919816566554128,0.0,0.006272349444786521,0.0,65.5251016157896,3.0225315063569544,"TRUE_ECMWF_AIFS_ENS:0.26,TRUE_ECMWF_IFS_ENS:0.26,TRUE_GFS_ENS:0.16,TRUE_WEATHERNEXT2:0.32",SKIP,YES,
62959,KXHIGHNY-26MAY15-B71.5,2026-05-15 22:16:02.233935+00:00,KNYC,2026-05-15,0,71.0,73.0,0,0.08700421184630458,0.030456852791878174,0.007569732878996646,0.0009276198819861373,65.5251016157896,3.0225315063569544,"TRUE_ECMWF_AIFS_ENS:0.26,TRUE_ECMWF_IFS_ENS:0.26,TRUE_GFS_ENS:0.16,TRUE_WEATHERNEXT2:0.32",OPEN,YES,-4.990000000000004
62951,KXHIGHNY-26MAY15-T65,2026-05-15 22:15:56.953732+00:00,KNYC,2026-05-15,0,,65.0,0,0.05458783470282002,0.4365482233502538,0.0029798316975424015,0.19057435131026307,65.5251016157896,3.0225315063569544,"TRUE_ECMWF_AIFS_ENS:0.26,TRUE_ECMWF_IFS_ENS:0.26,TRUE_GFS_ENS:0.16,TRUE_WEATHERNEXT2:0.32",OPEN,YES,-19.990000000000016
62926,KXHIGHNY-26MAY15-T72,2026-05-15 22:10:31.376853+00:00,KNYC,2026-05-15,0,73.0,,0,0.07923339423044884,0.0,0.006277930761277723,0.0,65.5251016157896,3.0225315063569544,"TRUE_ECMWF_AIFS_ENS:0.26,TRUE_ECMWF_IFS_ENS:0.26,TRUE_GFS_ENS:0.16,TRUE_WEATHERNEXT2:0.32",SKIP,YES,
62925,KXHIGHNY-26MAY15-B67.5,2026-05-15 22:10:30.729930+00:00,KNYC,2026-05-15,0,67.0,69.0,0,0.2710981793176968,0.233502538071066,0.0734942228293701,0.054523435285629626,65.5251016157896,3.0225315063569544,"TRUE_ECMWF_AIFS_ENS:0.26,TRUE_ECMWF_IFS_ENS:0.26,TRUE_GFS_ENS:0.16,TRUE_WEATHERNEXT2:0.32",OPEN,YES,-19.150000000000002
62924,KXHIGHNY-26MAY15-B65.5,2026-05-15 22:10:30.114053+00:00,KNYC,2026-05-15,0,65.0,67.0,1,0.48170256127061667,0.19289340101522842,0.2686322349934388,0.6514210621247648,65.5251016157896,3.0225315063569544,"TRUE_ECMWF_AIFS_ENS:0.26,TRUE_ECMWF_IFS_ENS:0.26,TRUE_GFS_ENS:0.16,TRUE_WEATHERNEXT2:0.32",SKIP,NO,
62923,KXHIGHNY-26MAY15-B69.5,2026-05-15 22:10:29.542561+00:00,KNYC,2026-05-15,0,69.0,71.0,0,0.1390833036852165,0.1065989847715736,0.019344165363994154,0.01136334355433018,65.5251016157896,3.0225315063569544,"TRUE_ECMWF_AIFS_ENS:0.26,TRUE_ECMWF_IFS_ENS:0.26,TRUE_GFS_ENS:0.16,TRUE_WEATHERNEXT2:0.32",OPEN,YES,-19.230000000000015
62922,KXHIGHNY-26MAY15-B71.5,2026-05-15 22:10:28.922606+00:00,KNYC,2026-05-15,0,71.0,73.0,0,0.08704738589445027,0.030456852791878174,0.00757724739105734,0.0009276198819861373,65.5251016157896,3.0225315063569544,"TRUE_ECMWF_AIFS_ENS:0.26,TRUE_ECMWF_IFS_ENS:0.26,TRUE_GFS_ENS:0.16,TRUE_WEATHERNEXT2:0.32",OPEN,YES,-4.990000000000004
62915,KXHIGHNY-26MAY15-T65,2026-05-15 22:10:24.505993+00:00,KNYC,2026-05-15,0,,65.0,0,0.05458783470282001,0.4365482233502538,0.0029798316975424006,0.19057435131026307,65.5251016157896,3.0225315063569544,"TRUE_ECMWF_AIFS_ENS:0.26,TRUE_ECMWF_IFS_ENS:0.26,TRUE_GFS_ENS:0.16,TRUE_WEATHERNEXT2:0.32",OPEN,YES,-19.990000000000016
62891,KXHIGHNY-26MAY15-B65.5,2026-05-15 22:05:06.850229+00:00,KNYC,2026-05-15,0,65.0,67.0,1,0.48200390794665027,0.19289340101522842,0.2683199513825424,0.6514210621247648,65.5251016157896,3.0225315063569544,"TRUE_ECMWF_AIFS_ENS:0.26,TRUE_ECMWF_IFS_ENS:0.26,TRUE_GFS_ENS:0.16,TRUE_WEATHERNEXT2:0.32",SKIP,NO,
62890,KXHIGHNY-26MAY15-B67.5,2026-05-15 22:05:05.343433+00:00,KNYC,2026-05-15,0,67.0,69.0,0,0.2706239984503613,0.233502538071066,0.07323734853726115,0.054523435285629626,65.5251016157896,3.0225315063569544,"TRUE_ECMWF_AIFS_ENS:0.26,TRUE_ECMWF_IFS_ENS:0.26,TRUE_GFS_ENS:0.16,TRUE_WEATHERNEXT2:0.32",OPEN,YES,-19.89
62889,KXHIGHNY-26MAY15-B69.5,2026-05-15 22:05:04.649040+00:00,KNYC,2026-05-15,0,69.0,71.0,0,0.13917847846837583,0.1065989847715736,0.019370648868772156,0.01136334355433018,65.5251016157896,3.0225315063569544,"TRUE_ECMWF_AIFS_ENS:0.26,TRUE_ECMWF_IFS_ENS:0.26,TRUE_GFS_ENS:0.16,TRUE_WEATHERNEXT2:0.32",OPEN,YES,-19.230000000000015
62888,KXHIGHNY-26MAY15-T72,2026-05-15 22:05:02.933653+00:00,KNYC,2026-05-15,0,73.0,,0,0.07926828885186321,0.0,0.006283461617502421,0.0,65.5251016157896,3.0225315063569544,"TRUE_ECMWF_AIFS_ENS:0.26,TRUE_ECMWF_IFS_ENS:0.26,TRUE_GFS_ENS:0.16,TRUE_WEATHERNEXT2:0.32",SKIP,YES,
62880,KXHIGHNY-26MAY15-B71.5,2026-05-15 22:04:57.699476+00:00,KNYC,2026-05-15,0,71.0,73.0,0,0.08709015068117842,0.030456852791878174,0.0075846943456703625,0.0009276198819861373,65.5251016157896,3.0225315063569544,"TRUE_ECMWF_AIFS_ENS:0.26,TRUE_ECMWF_IFS_ENS:0.26,TRUE_GFS_ENS:0.16,TRUE_WEATHERNEXT2:0.32",OPEN,YES,-4.990000000000004
62879,KXHIGHNY-26MAY15-T65,2026-05-15 22:04:57.035679+00:00,KNYC,2026-05-15,0,,65.0,0,0.05458783470282001,0.4365482233502538,0.0029798316975424006,0.19057435131026307,65.5251016157896,3.0225315063569544,"TRUE_ECMWF_AIFS_ENS:0.26,TRUE_ECMWF_IFS_ENS:0.26,TRUE_GFS_ENS:0.16,TRUE_WEATHERNEXT2:0.32",OPEN,YES,-19.990000000000016
62854,KXHIGHNY-26MAY15-B71.5,2026-05-15 21:59:40.636982+00:00,KNYC,2026-05-15,0,71.0,73.0,0,0.05980149333438744,0.030456852791878174,0.0035762186050227853,0.0009276198819861373,65.5251016157896,3.0225315063569544,"TRUE_ECMWF_AIFS_ENS:0.26,TRUE_ECMWF_IFS_ENS:0.26,TRUE_GFS_ENS:0.16,TRUE_WEATHERNEXT2:0.32",OPEN,YES,-4.990000000000004
62853,KXHIGHNY-26MAY15-T65,2026-05-15 21:59:40.001881+00:00,KNYC,2026-05-15,0,,65.0,0,0.2695344492218674,0.4365482233502538,0.07264881931733543,0.19057435131026307,65.5251016157896,3.0225315063569544,"TRUE_ECMWF_AIFS_ENS:0.26,TRUE_ECMWF_IFS_ENS:0.26,TRUE_GFS_ENS:0.16,TRUE_WEATHERNEXT2:0.32",OPEN,YES,-19.990000000000016
62852,KXHIGHNY-26MAY15-B69.5,2026-05-15 21:59:39.424808+00:00,KNYC,2026-05-15,0,69.0,71.0,0,0.07844645465948619,0.1065989847715736,0.006153846248642822,0.01136334355433018,65.5251016157896,3.0225315063569544,"TRUE_ECMWF_AIFS_ENS:0.26,TRUE_ECMWF_IFS_ENS:0.26,TRUE_GFS_ENS:0.16,TRUE_WEATHERNEXT2:0.32",OPEN,YES,-19.990000000000016
62851,KXHIGHNY-26MAY15-T72,2026-05-15 21:59:38.806669+00:00,KNYC,2026-05-15,0,73.0,,0,0.05700166624272762,0.0,0.0032491899544473137,0.0,65.5251016157896,3.0225315063569544,"TRUE_ECMWF_AIFS_ENS:0.26,TRUE_ECMWF_IFS_ENS:0.26,TRUE_GFS_ENS:0.16,TRUE_WEATHERNEXT2:0.32",SKIP,YES,
62850,KXHIGHNY-26MAY15-B67.5,2026-05-15 21:59:38.179591+00:00,KNYC,2026-05-15,0,67.0,69.0,0,0.16177320200373954,0.233502538071066,0.02617056888654272,0.054523435285629626,65.5251016157896,3.0225315063569544,"TRUE_ECMWF_AIFS_ENS:0.26,TRUE_ECMWF_IFS_ENS:0.26,TRUE_GFS_ENS:0.16,TRUE_WEATHERNEXT2:0.32",OPEN,YES,-19.869999999999997
62849,KXHIGHNY-26MAY15-B65.5,2026-05-15 21:59:37.547342+00:00,KNYC,2026-05-15,0,65.0,67.0,1,0.42461649788962397,0.19289340101522842,0.3310661745008011,0.6514210621247648,65.5251016157896,3.0225315063569544,"TRUE_ECMWF_AIFS_ENS:0.26,TRUE_ECMWF_IFS_ENS:0.26,TRUE_GFS_ENS:0.16,TRUE_WEATHERNEXT2:0.32",SKIP,NO,
62830,KXHIGHNY-26MAY15-T72,2026-05-15 21:54:24.281227+00:00,KNYC,2026-05-15,0,73.0,,0,0.05699378265347665,0.0,0.0032482912611517356,0.0,65.5251016157896,3.0225315063569544,"TRUE_ECMWF_AIFS_ENS:0.26,TRUE_ECMWF_IFS_ENS:0.26,TRUE_GFS_ENS:0.16,TRUE_WEATHERNEXT2:0.32",SKIP,YES,
62829,KXHIGHNY-26MAY15-B67.5,2026-05-15 21:54:23.675222+00:00,KNYC,2026-05-15,0,67.0,69.0,0,0.16128977797454674,0.233502538071066,0.026014392479078583,0.054523435285629626,65.5251016157896,3.0225315063569544,"TRUE_ECMWF_AIFS_ENS:0.26,TRUE_ECMWF_IFS_ENS:0.26,TRUE_GFS_ENS:0.16,TRUE_WEATHERNEXT2:0.32",OPEN,YES,-19.869999999999997
62828,KXHIGHNY-26MAY15-T65,2026-05-15 21:54:23.075048+00:00,KNYC,2026-05-15,0,,65.0,0,0.2701146588131357,0.4365482233502538,0.07296192890573669,0.19057435131026307,65.5251016157896,3.0225315063569544,"TRUE_ECMWF_AIFS_ENS:0.26,TRUE_ECMWF_IFS_ENS:0.26,TRUE_GFS_ENS:0.16,TRUE_WEATHERNEXT2:0.32",OPEN,YES,-19.990000000000016
62827,KXHIGHNY-26MAY15-B65.5,2026-05-15 21:54:22.477890+00:00,KNYC,2026-05-15,0,65.0,67.0,1,0.4245587600007298,0.19289340101522842,0.3311326206918977,0.6514210621247648,65.5251016157896,3.0225315063569544,"TRUE_ECMWF_AIFS_ENS:0.26,TRUE_ECMWF_IFS_ENS:0.26,TRUE_GFS_ENS:0.16,TRUE_WEATHERNEXT2:0.32",SKIP,NO,
62826,KXHIGHNY-26MAY15-B69.5,2026-05-15 21:54:21.906876+00:00,KNYC,2026-05-15,0,69.0,71.0,0,0.07842495223684653,0.1065989847715736,0.0061504731333516605,0.01136334355433018,65.5251016157896,3.0225315063569544,"TRUE_ECMWF_AIFS_ENS:0.26,TRUE_ECMWF_IFS_ENS:0.26,TRUE_GFS_ENS:0.16,TRUE_WEATHERNEXT2:0.32",OPEN,YES,-19.990000000000016
62825,KXHIGHNY-26MAY15-B71.5,2026-05-15 21:54:21.274055+00:00,KNYC,2026-05-15,0,71.0,73.0,0,0.059791831673096756,0.030456852791878174,0.003575063134823936,0.0009276198819861373,65.5251016157896,3.0225315063569544,"TRUE_ECMWF_AIFS_ENS:0.26,TRUE_ECMWF_IFS_ENS:0.26,TRUE_GFS_ENS:0.16,TRUE_WEATHERNEXT2:0.32",OPEN,YES,-4.990000000000004
62782,KXHIGHNY-26MAY15-B67.5,2026-05-15 21:48:51.053324+00:00,KNYC,2026-05-15,0,67.0,69.0,0,0.16080170084531994,0.233502538071066,0.025857186994747768,0.054523435285629626,65.5251016157896,3.0225315063569544,"TRUE_ECMWF_AIFS_ENS:0.26,TRUE_ECMWF_IFS_ENS:0.26,TRUE_GFS_ENS:0.16,TRUE_WEATHERNEXT2:0.32",OPEN,YES,-19.91999999999999
62781,KXHIGHNY-26MAY15-B65.5,2026-05-15 21:48:50.420714+00:00,KNYC,2026-05-15,0,65.0,67.0,1,0.4245004823867614,0.19289340101522842,0.3311996947730703,0.6514210621247648,65.5251016157896,3.0225315063569544,"TRUE_ECMWF_AIFS_ENS:0.26,TRUE_ECMWF_IFS_ENS:0.26,TRUE_GFS_ENS:0.16,TRUE_WEATHERNEXT2:0.32",SKIP,NO,
62780,KXHIGHNY-26MAY15-T65,2026-05-15 21:48:49.814976+00:00,KNYC,2026-05-15,0,,65.0,0,0.27070029211612767,0.4365482233502538,0.07327864815175686,0.19057435131026307,65.5251016157896,3.0225315063569544,"TRUE_ECMWF_AIFS_ENS:0.26,TRUE_ECMWF_IFS_ENS:0.26,TRUE_GFS_ENS:0.16,TRUE_WEATHERNEXT2:0.32",OPEN,YES,-19.990000000000016
62779,KXHIGHNY-26MAY15-T72,2026-05-15 21:48:49.193055+00:00,KNYC,2026-05-15,0,73.0,,0,0.05698585244902165,0.0,0.0032473873793416666,0.0,65.5251016157896,3.0225315063569544,"TRUE_ECMWF_AIFS_ENS:0.26,TRUE_ECMWF_IFS_ENS:0.26,TRUE_GFS_ENS:0.16,TRUE_WEATHERNEXT2:0.32",SKIP,YES,
62778,KXHIGHNY-26MAY15-B71.5,2026-05-15 21:48:48.557341+00:00,KNYC,2026-05-15,0,71.0,73.0,0,0.05978211288296608,0.030456852791878174,0.003573901020751699,0.0009276198819861373,65.5251016157896,3.0225315063569544,"TRUE_ECMWF_AIFS_ENS:0.26,TRUE_ECMWF_IFS_ENS:0.26,TRUE_GFS_ENS:0.16,TRUE_WEATHERNEXT2:0.32",OPEN,YES,-4.990000000000004
62777,KXHIGHNY-26MAY15-B69.5,2026-05-15 21:48:47.928055+00:00,KNYC,2026-05-15,0,69.0,71.0,0,0.0784033226716353,0.1065989847715736,0.006147081005952562,0.01136334355433018,65.5251016157896,3.0225315063569544,"TRUE_ECMWF_AIFS_ENS:0.26,TRUE_ECMWF_IFS_ENS:0.26,TRUE_GFS_ENS:0.16,TRUE_WEATHERNEXT2:0.32",OPEN,YES,-19.990000000000016
62748,KXHIGHNY-26MAY15-T72,2026-05-15 21:43:08.293556+00:00,KNYC,2026-05-15,0,73.0,,0,0.05697749709569888,0.0,0.0032464351752903744,0.0,65.5251016157896,3.0225315063569544,"TRUE_ECMWF_AIFS_ENS:0.26,TRUE_ECMWF_IFS_ENS:0.26,TRUE_GFS_ENS:0.16,TRUE_WEATHERNEXT2:0.32",SKIP,YES,
62747,KXHIGHNY-26MAY15-B71.5,2026-05-15 21:43:07.643651+00:00,KNYC,2026-05-15,0,71.0,73.0,0,0.05977187305549702,0.030456852791878174,0.003572676808562451,0.0009276198819861373,65.5251016157896,3.0225315063569544,"TRUE_ECMWF_AIFS_ENS:0.26,TRUE_ECMWF_IFS_ENS:0.26,TRUE_GFS_ENS:0.16,TRUE_WEATHERNEXT2:0.32",OPEN,YES,-4.990000000000004
62746,KXHIGHNY-26MAY15-B65.5,2026-05-15 21:43:07.001478+00:00,KNYC,2026-05-15,0,65.0,67.0,1,0.4244388638660733,0.19289340101522842,0.33127062142777647,0.6514210621247648,65.5251016157896,3.0225315063569544,"TRUE_ECMWF_AIFS_ENS:0.26,TRUE_ECMWF_IFS_ENS:0.26,TRUE_GFS_ENS:0.16,TRUE_WEATHERNEXT2:0.32",SKIP,NO,
62745,KXHIGHNY-26MAY15-B67.5,2026-05-15 21:43:06.351935+00:00,KNYC,2026-05-15,0,67.0,69.0,0,0.16028549753787266,0.233502538071066,0.025691440720963382,0.054523435285629626,65.5251016157896,3.0225315063569544,"TRUE_ECMWF_AIFS_ENS:0.26,TRUE_ECMWF_IFS_ENS:0.26,TRUE_GFS_ENS:0.16,TRUE_WEATHERNEXT2:0.32",OPEN,YES,-19.960000000000015
62744,KXHIGHNY-26MAY15-T65,2026-05-15 21:43:05.753130+00:00,KNYC,2026-05-15,0,,65.0,0,0.271319498280189,0.4365482233502538,0.07361427014701347,0.19057435131026307,65.5251016157896,3.0225315063569544,"TRUE_ECMWF_AIFS_ENS:0.26,TRUE_ECMWF_IFS_ENS:0.26,TRUE_GFS_ENS:0.16,TRUE_WEATHERNEXT2:0.32",OPEN,YES,-19.990000000000016
62743,KXHIGHNY-26MAY15-B69.5,2026-05-15 21:43:05.149032+00:00,KNYC,2026-05-15,0,69.0,71.0,0,0.07838053351650132,0.1065989847715736,0.0061435080343313865,0.01136334355433018,65.5251016157896,3.0225315063569544,"TRUE_ECMWF_AIFS_ENS:0.26,TRUE_ECMWF_IFS_ENS:0.26,TRUE_GFS_ENS:0.16,TRUE_WEATHERNEXT2:0.32",OPEN,YES,-19.990000000000016
62712,KXHIGHNY-26MAY15-B67.5,2026-05-15 21:37:44.393547+00:00,KNYC,2026-05-15,0,67.0,69.0,0,0.1597987538852757,0.233502538071066,0.025535641743286916,0.054523435285629626,65.5251016157896,3.0225315063569544,"TRUE_ECMWF_AIFS_ENS:0.26,TRUE_ECMWF_IFS_ENS:0.26,TRUE_GFS_ENS:0.16,TRUE_WEATHERNEXT2:0.32",OPEN,YES,-19.929999999999993
62711,KXHIGHNY-26MAY15-B65.5,2026-05-15 21:37:43.778845+00:00,KNYC,2026-05-15,0,65.0,67.0,1,0.4243807782378767,0.19289340101522842,0.3313374884620325,0.6514210621247648,65.5251016157896,3.0225315063569544,"TRUE_ECMWF_AIFS_ENS:0.26,TRUE_ECMWF_IFS_ENS:0.26,TRUE_GFS_ENS:0.16,TRUE_WEATHERNEXT2:0.32",SKIP,NO,
62710,KXHIGHNY-26MAY15-T72,2026-05-15 21:37:43.225746+00:00,KNYC,2026-05-15,0,73.0,,0,0.05696964841862406,0.0,0.0032455408409416344,0.0,65.5251016157896,3.0225315063569544,"TRUE_ECMWF_AIFS_ENS:0.26,TRUE_ECMWF_IFS_ENS:0.26,TRUE_GFS_ENS:0.16,TRUE_WEATHERNEXT2:0.32",SKIP,YES,
62709,KXHIGHNY-26MAY15-B71.5,2026-05-15 21:37:42.576539+00:00,KNYC,2026-05-15,0,71.0,73.0,0,0.05976225418050717,0.030456852791878174,0.003571527024735547,0.0009276198819861373,65.5251016157896,3.0225315063569544,"TRUE_ECMWF_AIFS_ENS:0.26,TRUE_ECMWF_IFS_ENS:0.26,TRUE_GFS_ENS:0.16,TRUE_WEATHERNEXT2:0.32",OPEN,YES,-4.990000000000004
62708,KXHIGHNY-26MAY15-B69.5,2026-05-15 21:37:41.964941+00:00,KNYC,2026-05-15,0,69.0,71.0,0,0.07835912631652642,0.1065989847715736,0.006140152677089343,0.01136334355433018,65.5251016157896,3.0225315063569544,"TRUE_ECMWF_AIFS_ENS:0.26,TRUE_ECMWF_IFS_ENS:0.26,TRUE_GFS_ENS:0.16,TRUE_WEATHERNEXT2:0.32",OPEN,YES,-19.990000000000016
62707,KXHIGHNY-26MAY15-T65,2026-05-15 21:37:41.333873+00:00,KNYC,2026-05-15,0,,65.0,0,0.2719032023130221,0.4365482233502538,0.07393135142807623,0.19057435131026307,65.5251016157896,3.0225315063569544,"TRUE_ECMWF_AIFS_ENS:0.26,TRUE_ECMWF_IFS_ENS:0.26,TRUE_GFS_ENS:0.16,TRUE_WEATHERNEXT2:0.32",OPEN,YES,-19.990000000000016
62676,KXHIGHNY-26MAY15-B71.5,2026-05-15 21:32:20.266322+00:00,KNYC,2026-05-15,0,71.0,73.0,0,0.059752632921725383,0.030456852791878174,0.00357037714107846,0.0009276198819861373,65.5251016157896,3.0225315063569544,"TRUE_ECMWF_AIFS_ENS:0.26,TRUE_ECMWF_IFS_ENS:0.26,TRUE_GFS_ENS:0.16,TRUE_WEATHERNEXT2:0.32",OPEN,YES,-4.990000000000004
62675,KXHIGHNY-26MAY15-T65,2026-05-15 21:32:19.636890+00:00,KNYC,2026-05-15,0,,65.0,0,0.2724890475268871,0.4365482233502538,0.07425028102211012,0.19057435131026307,65.5251016157896,3.0225315063569544,"TRUE_ECMWF_AIFS_ENS:0.26,TRUE_ECMWF_IFS_ENS:0.26,TRUE_GFS_ENS:0.16,TRUE_WEATHERNEXT2:0.32",OPEN,YES,-19.990000000000016
62674,KXHIGHNY-26MAY15-T72,2026-05-15 21:32:19.012031+00:00,KNYC,2026-05-15,0,73.0,,0,0.05696179779645549,0.0,0.003244646408204282,0.0,65.5251016157896,3.0225315063569544,"TRUE_ECMWF_AIFS_ENS:0.26,TRUE_ECMWF_IFS_ENS:0.26,TRUE_GFS_ENS:0.16,TRUE_WEATHERNEXT2:0.32",SKIP,YES,
62673,KXHIGHNY-26MAY15-B69.5,2026-05-15 21:32:18.355953+00:00,KNYC,2026-05-15,0,69.0,71.0,0,0.07833771381132382,0.1065989847715736,0.006136797405184875,0.01136334355433018,65.5251016157896,3.0225315063569544,"TRUE_ECMWF_AIFS_ENS:0.26,TRUE_ECMWF_IFS_ENS:0.26,TRUE_GFS_ENS:0.16,TRUE_WEATHERNEXT2:0.32",OPEN,YES,-19.990000000000016
62672,KXHIGHNY-26MAY15-B67.5,2026-05-15 21:32:17.704226+00:00,KNYC,2026-05-15,0,67.0,69.0,0,0.15931009175923344,0.233502538071066,0.02537970533633538,0.054523435285629626,65.5251016157896,3.0225315063569544,"TRUE_ECMWF_AIFS_ENS:0.26,TRUE_ECMWF_IFS_ENS:0.26,TRUE_GFS_ENS:0.16,TRUE_WEATHERNEXT2:0.32",OPEN,YES,-19.950000000000017
62671,KXHIGHNY-26MAY15-B65.5,2026-05-15 21:32:17.058284+00:00,KNYC,2026-05-15,0,65.0,67.0,1,0.45466050579815276,0.19289340101522842,0.2973951639363266,0.6514210621247648,65.5251016157896,3.0225315063569544,"TRUE_ECMWF_AIFS_ENS:0.26,TRUE_ECMWF_IFS_ENS:0.26,TRUE_GFS_ENS:0.16,TRUE_WEATHERNEXT2:0.32",SKIP,NO,
62639,KXHIGHNY-26MAY15-B71.5,2026-05-15 21:26:56.064802+00:00,KNYC,2026-05-15,0,71.0,73.0,0,0.05974305664273682,0.030456852791878174,0.0035692328170172597,0.0009276198819861373,65.5251016157896,3.0225315063569544,"TRUE_ECMWF_AIFS_ENS:0.26,TRUE_ECMWF_IFS_ENS:0.26,TRUE_GFS_ENS:0.16,TRUE_WEATHERNEXT2:0.32",OPEN,YES,-4.990000000000004
62638,KXHIGHNY-26MAY15-T72,2026-05-15 21:26:55.366222+00:00,KNYC,2026-05-15,0,73.0,,0,0.056953983876278806,0.0,0.0032437562793794263,0.0,65.5251016157896,3.0225315063569544,"TRUE_ECMWF_AIFS_ENS:0.26,TRUE_ECMWF_IFS_ENS:0.26,TRUE_GFS_ENS:0.16,TRUE_WEATHERNEXT2:0.32",SKIP,YES,
62637,KXHIGHNY-26MAY15-B65.5,2026-05-15 21:26:54.715890+00:00,KNYC,2026-05-15,0,65.0,67.0,1,0.45466050579815276,0.19289340101522842,0.2973951639363266,0.6514210621247648,65.5251016157896,3.0225315063569544,"TRUE_ECMWF_AIFS_ENS:0.26,TRUE_ECMWF_IFS_ENS:0.26,TRUE_GFS_ENS:0.16,TRUE_WEATHERNEXT2:0.32",SKIP,NO,
62636,KXHIGHNY-26MAY15-B67.5,2026-05-15 21:26:54.041354+00:00,KNYC,2026-05-15,0,67.0,69.0,0,0.15882191745881954,0.233502538071066,0.025224401465296087,0.054523435285629626,65.5251016157896,3.0225315063569544,"TRUE_ECMWF_AIFS_ENS:0.26,TRUE_ECMWF_IFS_ENS:0.26,TRUE_GFS_ENS:0.16,TRUE_WEATHERNEXT2:0.32",OPEN,YES,-19.960000000000015
62635,KXHIGHNY-26MAY15-B69.5,2026-05-15 21:26:53.408849+00:00,KNYC,2026-05-15,0,69.0,71.0,0,0.07831640141049256,0.1065989847715736,0.006133458729889402,0.01136334355433018,65.5251016157896,3.0225315063569544,"TRUE_ECMWF_AIFS_ENS:0.26,TRUE_ECMWF_IFS_ENS:0.26,TRUE_GFS_ENS:0.16,TRUE_WEATHERNEXT2:0.32",OPEN,YES,-19.990000000000016
62634,KXHIGHNY-26MAY15-T65,2026-05-15 21:26:52.783955+00:00,KNYC,2026-05-15,0,,65.0,0,0.2730741491307568,0.4365482233502538,0.07456949092348679,0.19057435131026307,65.5251016157896,3.0225315063569544,"TRUE_ECMWF_AIFS_ENS:0.26,TRUE_ECMWF_IFS_ENS:0.26,TRUE_GFS_ENS:0.16,TRUE_WEATHERNEXT2:0.32",OPEN,YES,-19.990000000000016
62602,KXHIGHNY-26MAY15-B65.5,2026-05-15 21:21:30.588205+00:00,KNYC,2026-05-15,0,65.0,67.0,1,0.4546605057981528,0.19289340101522842,0.2973951639363266,0.6514210621247648,65.5251016157896,3.0225315063569544,"TRUE_ECMWF_AIFS_ENS:0.26,TRUE_ECMWF_IFS_ENS:0.26,TRUE_GFS_ENS:0.16,TRUE_WEATHERNEXT2:0.32",SKIP,NO,
62601,KXHIGHNY-26MAY15-T65,2026-05-15 21:21:29.853442+00:00,KNYC,2026-05-15,0,,65.0,0,0.2736628479530345,0.4365482233502538,0.0748913543497657,0.19057435131026307,65.5251016157896,3.0225315063569544,"TRUE_ECMWF_AIFS_ENS:0.26,TRUE_ECMWF_IFS_ENS:0.26,TRUE_GFS_ENS:0.16,TRUE_WEATHERNEXT2:0.32",OPEN,YES,-19.990000000000016
62600,KXHIGHNY-26MAY15-B67.5,2026-05-15 21:21:29.231438+00:00,KNYC,2026-05-15,0,67.0,69.0,0,0.15833060881359515,0.233502538071066,0.025068581687283695,0.054523435285629626,65.5251016157896,3.0225315063569544,"TRUE_ECMWF_AIFS_ENS:0.26,TRUE_ECMWF_IFS_ENS:0.26,TRUE_GFS_ENS:0.16,TRUE_WEATHERNEXT2:0.32",OPEN,YES,-19.960000000000015
62599,KXHIGHNY-26MAY15-B69.5,2026-05-15 21:21:28.591459+00:00,KNYC,2026-05-15,0,69.0,71.0,0,0.07829503124055104,0.1065989847715736,0.006130111916958863,0.01136334355433018,65.5251016157896,3.0225315063569544,"TRUE_ECMWF_AIFS_ENS:0.26,TRUE_ECMWF_IFS_ENS:0.26,TRUE_GFS_ENS:0.16,TRUE_WEATHERNEXT2:0.32",OPEN,YES,-19.990000000000016
62598,KXHIGHNY-26MAY15-B71.5,2026-05-15 21:21:27.957313+00:00,KNYC,2026-05-15,0,71.0,73.0,0,0.05973345440641386,0.030456852791878174,0.0035680855753231233,0.0009276198819861373,65.5251016157896,3.0225315063569544,"TRUE_ECMWF_AIFS_ENS:0.26,TRUE_ECMWF_IFS_ENS:0.26,TRUE_GFS_ENS:0.16,TRUE_WEATHERNEXT2:0.32",OPEN,YES,-4.990000000000004
62597,KXHIGHNY-26MAY15-T72,2026-05-15 21:21:27.278367+00:00,KNYC,2026-05-15,0,73.0,,0,0.056946148775794174,0.0,0.003242863860394884,0.0,65.5251016157896,3.0225315063569544,"TRUE_ECMWF_AIFS_ENS:0.26,TRUE_ECMWF_IFS_ENS:0.26,TRUE_GFS_ENS:0.16,TRUE_WEATHERNEXT2:0.32",SKIP,YES,
62569,KXHIGHNY-26MAY15-B65.5,2026-05-15 21:16:06.851327+00:00,KNYC,2026-05-15,0,65.0,67.0,1,0.42414690212682143,0.19289340101522842,0.3316067903301366,0.6514210621247648,65.5251016157896,3.0225315063569544,"TRUE_ECMWF_AIFS_ENS:0.26,TRUE_ECMWF_IFS_ENS:0.26,TRUE_GFS_ENS:0.16,TRUE_WEATHERNEXT2:0.32",SKIP,NO,
62568,KXHIGHNY-26MAY15-B69.5,2026-05-15 21:16:06.290479+00:00,KNYC,2026-05-15,0,69.0,71.0,0,0.078273666265405,0.1065989847715736,0.006126766830628,0.01136334355433018,65.5251016157896,3.0225315063569544,"TRUE_ECMWF_AIFS_ENS:0.26,TRUE_ECMWF_IFS_ENS:0.26,TRUE_GFS_ENS:0.16,TRUE_WEATHERNEXT2:0.32",OPEN,YES,-19.990000000000016
62567,KXHIGHNY-26MAY15-T65,2026-05-15 21:16:05.639183+00:00,KNYC,2026-05-15,0,,65.0,0,0.27425342961440585,0.4365482233502538,0.07521494365526386,0.19057435131026307,65.5251016157896,3.0225315063569544,"TRUE_ECMWF_AIFS_ENS:0.26,TRUE_ECMWF_IFS_ENS:0.26,TRUE_GFS_ENS:0.16,TRUE_WEATHERNEXT2:0.32",OPEN,YES,-19.830000000000005
62566,KXHIGHNY-26MAY15-B67.5,2026-05-15 21:16:05.010025+00:00,KNYC,2026-05-15,0,67.0,69.0,0,0.15783759526102134,0.233502538071066,0.024912706477781987,0.054523435285629626,65.5251016157896,3.0225315063569544,"TRUE_ECMWF_AIFS_ENS:0.26,TRUE_ECMWF_IFS_ENS:0.26,TRUE_GFS_ENS:0.16,TRUE_WEATHERNEXT2:0.32",OPEN,YES,-19.980000000000018
62565,KXHIGHNY-26MAY15-B71.5,2026-05-15 21:16:04.415143+00:00,KNYC,2026-05-15,0,71.0,73.0,0,0.05972385450426342,0.030456852791878174,0.0035669387968464265,0.0009276198819861373,65.5251016157896,3.0225315063569544,"TRUE_ECMWF_AIFS_ENS:0.26,TRUE_ECMWF_IFS_ENS:0.26,TRUE_GFS_ENS:0.16,TRUE_WEATHERNEXT2:0.32",OPEN,YES,-4.990000000000004
62564,KXHIGHNY-26MAY15-T72,2026-05-15 21:16:03.755791+00:00,KNYC,2026-05-15,0,73.0,,0,0.056938315579915126,0.0,0.0032419717810780054,0.0,65.5251016157896,3.0225315063569544,"TRUE_ECMWF_AIFS_ENS:0.26,TRUE_ECMWF_IFS_ENS:0.26,TRUE_GFS_ENS:0.16,TRUE_WEATHERNEXT2:0.32",SKIP,YES,
62534,KXHIGHNY-26MAY15-B67.5,2026-05-15 21:10:36.498338+00:00,KNYC,2026-05-15,0,67.0,69.0,0,0.15733354384185635,0.233502538071066,0.024753844017837336,0.054523435285629626,65.5251016157896,3.0225315063569544,"TRUE_ECMWF_AIFS_ENS:0.26,TRUE_ECMWF_IFS_ENS:0.26,TRUE_GFS_ENS:0.16,TRUE_WEATHERNEXT2:0.32",OPEN,YES,-19.980000000000018
62533,KXHIGHNY-26MAY15-B65.5,2026-05-15 21:10:35.900962+00:00,KNYC,2026-05-15,0,65.0,67.0,1,0.42408683272634806,0.19289340101522842,0.3316759762391694,0.6514210621247648,65.5251016157896,3.0225315063569544,"TRUE_ECMWF_AIFS_ENS:0.26,TRUE_ECMWF_IFS_ENS:0.26,TRUE_GFS_ENS:0.16,TRUE_WEATHERNEXT2:0.32",OPEN,NO,-19.939999999999998
62532,KXHIGHNY-26MAY15-T65,2026-05-15 21:10:35.271806+00:00,KNYC,2026-05-15,0,,65.0,0,0.27485706862795417,0.4365482233502538,0.0755464081747519,0.19057435131026307,65.5251016157896,3.0225315063569544,"TRUE_ECMWF_AIFS_ENS:0.26,TRUE_ECMWF_IFS_ENS:0.26,TRUE_GFS_ENS:0.16,TRUE_WEATHERNEXT2:0.32",OPEN,YES,-19.939999999999998
62531,KXHIGHNY-26MAY15-B71.5,2026-05-15 21:10:34.683937+00:00,KNYC,2026-05-15,0,71.0,73.0,0,0.059714076420877775,0.030456852791878174,0.003565770922798431,0.0009276198819861373,65.5251016157896,3.0225315063569544,"TRUE_ECMWF_AIFS_ENS:0.26,TRUE_ECMWF_IFS_ENS:0.26,TRUE_GFS_ENS:0.16,TRUE_WEATHERNEXT2:0.32",OPEN,YES,-4.990000000000004
62530,KXHIGHNY-26MAY15-B69.5,2026-05-15 21:10:34.057936+00:00,KNYC,2026-05-15,0,69.0,71.0,0,0.07825190474062849,0.1065989847715736,0.006123360595536395,0.01136334355433018,65.5251016157896,3.0225315063569544,"TRUE_ECMWF_AIFS_ENS:0.26,TRUE_ECMWF_IFS_ENS:0.26,TRUE_GFS_ENS:0.16,TRUE_WEATHERNEXT2:0.32",OPEN,YES,-19.990000000000016
62529,KXHIGHNY-26MAY15-T72,2026-05-15 21:10:33.438160+00:00,KNYC,2026-05-15,0,73.0,,0,0.05693033699416727,0.0,0.0032410632702694502,0.0,65.5251016157896,3.0225315063569544,"TRUE_ECMWF_AIFS_ENS:0.26,TRUE_ECMWF_IFS_ENS:0.26,TRUE_GFS_ENS:0.16,TRUE_WEATHERNEXT2:0.32",SKIP,YES,
62496,KXHIGHNY-26MAY15-B65.5,2026-05-15 21:05:10.662728+00:00,KNYC,2026-05-15,0,65.0,67.0,1,0.4240279436594042,0.19289340101522842,0.33174380968521444,0.6514210621247648,65.5251016157896,3.0225315063569544,"TRUE_ECMWF_AIFS_ENS:0.26,TRUE_ECMWF_IFS_ENS:0.26,TRUE_GFS_ENS:0.16,TRUE_WEATHERNEXT2:0.32",SKIP,NO,
62495,KXHIGHNY-26MAY15-T65,2026-05-15 21:05:10.008212+00:00,KNYC,2026-05-15,0,,65.0,0,0.27544884643826545,0.4365482233502538,0.07587206700417114,0.19057435131026307,65.5251016157896,3.0225315063569544,"TRUE_ECMWF_AIFS_ENS:0.26,TRUE_ECMWF_IFS_ENS:0.26,TRUE_GFS_ENS:0.16,TRUE_WEATHERNEXT2:0.32",OPEN,YES,-19.95
62494,KXHIGHNY-26MAY15-B67.5,2026-05-15 21:05:09.369302+00:00,KNYC,2026-05-15,0,67.0,69.0,0,0.1568392622158877,0.233502538071066,0.02459855417242398,0.054523435285629626,65.5251016157896,3.0225315063569544,"TRUE_ECMWF_AIFS_ENS:0.26,TRUE_ECMWF_IFS_ENS:0.26,TRUE_GFS_ENS:0.16,TRUE_WEATHERNEXT2:0.32",OPEN,YES,-19.980000000000018
62493,KXHIGHNY-26MAY15-B71.5,2026-05-15 21:05:08.736521+00:00,KNYC,2026-05-15,0,71.0,73.0,0,0.05970452376738255,0.030456852791878174,0.0035646301582899476,0.0009276198819861373,65.5251016157896,3.0225315063569544,"TRUE_ECMWF_AIFS_ENS:0.26,TRUE_ECMWF_IFS_ENS:0.26,TRUE_GFS_ENS:0.16,TRUE_WEATHERNEXT2:0.32",OPEN,YES,-4.990000000000004
62492,KXHIGHNY-26MAY15-T72,2026-05-15 21:05:08.068779+00:00,KNYC,2026-05-15,0,73.0,,0,0.05692254235159421,0.0,0.0032401758277690366,0.0,65.5251016157896,3.0225315063569544,"TRUE_ECMWF_AIFS_ENS:0.26,TRUE_ECMWF_IFS_ENS:0.26,TRUE_GFS_ENS:0.16,TRUE_WEATHERNEXT2:0.32",SKIP,YES,
62491,KXHIGHNY-26MAY15-B69.5,2026-05-15 21:05:07.454111+00:00,KNYC,2026-05-15,0,69.0,71.0,0,0.07823064491929799,0.1065989847715736,0.006120033804489284,0.01136334355433018,65.5251016157896,3.0225315063569544,"TRUE_ECMWF_AIFS_ENS:0.26,TRUE_ECMWF_IFS_ENS:0.26,TRUE_GFS_ENS:0.16,TRUE_WEATHERNEXT2:0.32",OPEN,YES,-19.990000000000016
62459,KXHIGHNY-26MAY15-B65.5,2026-05-15 20:59:45.145562+00:00,KNYC,2026-05-15,0,65.0,67.0,1,0.43705236500116956,0.19289340101522842,0.3169100397507765,0.6514210621247648,65.5251016157896,3.0225315063569544,"TRUE_ECMWF_AIFS_ENS:0.26,TRUE_ECMWF_IFS_ENS:0.26,TRUE_GFS_ENS:0.16,TRUE_WEATHERNEXT2:0.32",SKIP,NO,
62458,KXHIGHNY-26MAY15-T65,2026-05-15 20:59:44.562757+00:00,KNYC,2026-05-15,0,,65.0,0,0.2901854981189809,0.4365482233502538,0.08420762331856108,0.19057435131026307,65.5251016157896,3.0225315063569544,"TRUE_ECMWF_AIFS_ENS:0.26,TRUE_ECMWF_IFS_ENS:0.26,TRUE_GFS_ENS:0.16,TRUE_WEATHERNEXT2:0.32",OPEN,YES,-19.71
62457,KXHIGHNY-26MAY15-B67.5,2026-05-15 20:59:43.988169+00:00,KNYC,2026-05-15,0,67.0,69.0,0,0.12141837846928313,0.233502538071066,0.014742422630110079,0.054523435285629626,65.5251016157896,3.0225315063569544,"TRUE_ECMWF_AIFS_ENS:0.26,TRUE_ECMWF_IFS_ENS:0.26,TRUE_GFS_ENS:0.16,TRUE_WEATHERNEXT2:0.32",OPEN,YES,-19.960000000000015
62456,KXHIGHNY-26MAY15-B71.5,2026-05-15 20:59:43.374694+00:00,KNYC,2026-05-15,0,71.0,73.0,0,0.05903246053353716,0.030456852791878174,0.0034848313966436223,0.0009276198819861373,65.5251016157896,3.0225315063569544,"TRUE_ECMWF_AIFS_ENS:0.26,TRUE_ECMWF_IFS_ENS:0.26,TRUE_GFS_ENS:0.16,TRUE_WEATHERNEXT2:0.32",OPEN,YES,-4.990000000000004
62455,KXHIGHNY-26MAY15-B69.5,2026-05-15 20:59:42.752214+00:00,KNYC,2026-05-15,0,69.0,71.0,0,0.07673494068584084,0.1065989847715736,0.005888251122059512,0.01136334355433018,65.5251016157896,3.0225315063569544,"TRUE_ECMWF_AIFS_ENS:0.26,TRUE_ECMWF_IFS_ENS:0.26,TRUE_GFS_ENS:0.16,TRUE_WEATHERNEXT2:0.32",OPEN,YES,-19.990000000000016
62454,KXHIGHNY-26MAY15-T72,2026-05-15 20:59:42.134748+00:00,KNYC,2026-05-15,0,73.0,,0,0.05637416145445739,0.0,0.003178046079693229,0.0,65.5251016157896,3.0225315063569544,"TRUE_ECMWF_AIFS_ENS:0.26,TRUE_ECMWF_IFS_ENS:0.26,TRUE_GFS_ENS:0.16,TRUE_WEATHERNEXT2:0.32",SKIP,YES,
62423,KXHIGHNY-26MAY15-B69.5,2026-05-15 20:54:16.787792+00:00,KNYC,2026-05-15,0,69.0,71.0,0,0.07671152666752734,0.1065989847715736,0.005884658323662758,0.01136334355433018,65.5251016157896,3.0225315063569544,"TRUE_ECMWF_AIFS_ENS:0.26,TRUE_ECMWF_IFS_ENS:0.26,TRUE_GFS_ENS:0.16,TRUE_WEATHERNEXT2:0.32",OPEN,YES,-16.650000000000013
62422,KXHIGHNY-26MAY15-B71.5,2026-05-15 20:54:16.143781+00:00,KNYC,2026-05-15,0,71.0,73.0,0,0.05902193993694259,0.030456852791878174,0.0034835893939200585,0.0009276198819861373,65.5251016157896,3.0225315063569544,"TRUE_ECMWF_AIFS_ENS:0.26,TRUE_ECMWF_IFS_ENS:0.26,TRUE_GFS_ENS:0.16,TRUE_WEATHERNEXT2:0.32",OPEN,YES,-4.990000000000004
57610,KXHIGHNY-26MAY15-B69.5,2026-05-15 03:59:19.927089+00:00,KNYC,2026-05-15,1,69.0,71.0,0,0.19144852825325914,0.0,0.03665253897033897,0.0,63.299509983062784,1.7428847894806003,TRUE_WEATHERNEXT2:1.00,OPEN,NO,3.4600000000000004
57609,KXHIGHNY-26MAY15-B65.5,2026-05-15 03:59:19.343089+00:00,KNYC,2026-05-15,1,65.0,67.0,1,0.22069399168399606,0.140625,0.6073178545974236,0.738525390625,63.299509983062784,1.7428847894806003,TRUE_WEATHERNEXT2:1.00,OPEN,NO,-19.32
57608,KXHIGHNY-26MAY15-T65,2026-05-15 03:59:18.766924+00:00,KNYC,2026-05-15,1,,65.0,0,0.3153720140151509,0.84375,0.09945950722397255,0.7119140625,63.299509983062784,1.7428847894806003,TRUE_WEATHERNEXT2:1.00,SKIP,YES,
57607,KXHIGHNY-26MAY15-B71.5,2026-05-15 03:59:18.197049+00:00,KNYC,2026-05-15,1,71.0,73.0,0,0.11266512824345103,0.0,0.012693431122113265,0.0,63.299509983062784,1.7428847894806003,TRUE_WEATHERNEXT2:1.00,OPEN,NO,0.5500000000000005
57606,KXHIGHNY-26MAY15-B67.5,2026-05-15 03:59:17.593805+00:00,KNYC,2026-05-15,1,67.0,69.0,0,0.22646206300069147,0.015625,0.05128506597852915,0.000244140625,63.299509983062784,1.7428847894806003,TRUE_WEATHERNEXT2:1.00,SKIP,NO,
57605,KXHIGHNY-26MAY15-T72,2026-05-15 03:59:16.994283+00:00,KNYC,2026-05-15,1,73.0,,0,0.10876454025779918,0.0,0.011829725217490417,0.0,63.299509983062784,1.7428847894806003,TRUE_WEATHERNEXT2:1.00,SKIP,YES,
57592,KXHIGHNY-26MAY15-B71.5,2026-05-15 03:54:03.164529+00:00,KNYC,2026-05-15,1,71.0,73.0,0,0.11241678908742607,0.0,0.012637534468726837,0.0,63.299509983062784,1.7428847894806003,TRUE_WEATHERNEXT2:1.00,OPEN,NO,0.5500000000000005
57591,KXHIGHNY-26MAY15-B69.5,2026-05-15 03:54:02.569951+00:00,KNYC,2026-05-15,1,69.0,71.0,0,0.18886813484965365,0.0,0.035671172361586956,0.0,63.299509983062784,1.7428847894806003,TRUE_WEATHERNEXT2:1.00,OPEN,NO,3.4600000000000004
57590,KXHIGHNY-26MAY15-B65.5,2026-05-15 03:54:01.972006+00:00,KNYC,2026-05-15,1,65.0,67.0,1,0.22199327629097626,0.140625,0.6052944621364493,0.738525390625,63.299509983062784,1.7428847894806003,TRUE_WEATHERNEXT2:1.00,OPEN,NO,-19.599999999999998
57589,KXHIGHNY-26MAY15-B67.5,2026-05-15 03:54:01.373896+00:00,KNYC,2026-05-15,1,67.0,69.0,0,0.22516274755703203,0.015625,0.05069826288743173,0.000244140625,63.299509983062784,1.7428847894806003,TRUE_WEATHERNEXT2:1.00,SKIP,NO,
57588,KXHIGHNY-26MAY15-T65,2026-05-15 03:54:00.695141+00:00,KNYC,2026-05-15,1,,65.0,0,0.31840341377410775,0.84375,0.10138073390300567,0.7119140625,63.299509983062784,1.7428847894806003,TRUE_WEATHERNEXT2:1.00,SKIP,YES,
57587,KXHIGHNY-26MAY15-T72,2026-05-15 03:54:00.083152+00:00,KNYC,2026-05-15,1,73.0,,0,0.10856190389515201,0.0,0.011785686977340221,0.0,63.299509983062784,1.7428847894806003,TRUE_WEATHERNEXT2:1.00,SKIP,YES,
57574,KXHIGHNY-26MAY15-B71.5,2026-05-15 03:48:50.835458+00:00,KNYC,2026-05-15,1,71.0,73.0,0,0.11217487426303956,0.0,0.012583202415928734,0.0,63.299509983062784,1.7428847894806003,TRUE_WEATHERNEXT2:1.00,OPEN,NO,0.5500000000000005
57573,KXHIGHNY-26MAY15-T65,2026-05-15 03:48:50.211123+00:00,KNYC,2026-05-15,1,,65.0,0,0.3213911505474535,0.84375,0.10329227165021591,0.7119140625,63.299509983062784,1.7428847894806003,TRUE_WEATHERNEXT2:1.00,SKIP,YES,
57572,KXHIGHNY-26MAY15-B67.5,2026-05-15 03:48:49.621073+00:00,KNYC,2026-05-15,1,67.0,69.0,0,0.22388214689731123,0.015625,0.050123215699349244,0.000244140625,63.299509983062784,1.7428847894806003,TRUE_WEATHERNEXT2:1.00,SKIP,NO,
57571,KXHIGHNY-26MAY15-B65.5,2026-05-15 03:48:49.027576+00:00,KNYC,2026-05-15,1,65.0,67.0,1,0.22327384655817614,0.140625,0.6033035174405317,0.738525390625,63.299509983062784,1.7428847894806003,TRUE_WEATHERNEXT2:1.00,OPEN,NO,-19.599999999999998
57570,KXHIGHNY-26MAY15-B69.5,2026-05-15 03:48:48.419983+00:00,KNYC,2026-05-15,1,69.0,71.0,0,0.18631973761825354,0.0,0.034715044626134846,0.0,63.299509983062784,1.7428847894806003,TRUE_WEATHERNEXT2:1.00,OPEN,NO,3.4600000000000004
57569,KXHIGHNY-26MAY15-T72,2026-05-15 03:48:47.795522+00:00,KNYC,2026-05-15,1,73.0,,0,0.10836450957011383,0.0,0.011742866934371292,0.0,63.299509983062784,1.7428847894806003,TRUE_WEATHERNEXT2:1.00,SKIP,YES,
57556,KXHIGHNY-26MAY15-B65.5,2026-05-15 03:43:28.036603+00:00,KNYC,2026-05-15,1,65.0,67.0,1,0.2245972821989274,0.140625,0.6012493747732899,0.738525390625,63.299509983062784,1.7428847894806003,TRUE_WEATHERNEXT2:1.00,OPEN,NO,-19.599999999999998
57555,KXHIGHNY-26MAY15-T65,2026-05-15 03:43:27.443666+00:00,KNYC,2026-05-15,1,,65.0,0,0.3244788978053022,0.84375,0.10528655512094375,0.7119140625,63.299509983062784,1.7428847894806003,TRUE_WEATHERNEXT2:1.00,SKIP,YES,
57554,KXHIGHNY-26MAY15-B69.5,2026-05-15 03:43:26.845823+00:00,KNYC,2026-05-15,1,69.0,71.0,0,0.1836807056713345,0.0,0.03373860163591941,0.0,63.299509983062784,1.7428847894806003,TRUE_WEATHERNEXT2:1.00,OPEN,NO,2.68
57553,KXHIGHNY-26MAY15-B71.5,2026-05-15 03:43:26.227788+00:00,KNYC,2026-05-15,1,71.0,73.0,0,0.11192779703445903,0.0,0.012527831748987056,0.0,63.299509983062784,1.7428847894806003,TRUE_WEATHERNEXT2:1.00,OPEN,NO,0.5500000000000005
57552,KXHIGHNY-26MAY15-B67.5,2026-05-15 03:43:25.609148+00:00,KNYC,2026-05-15,1,67.0,69.0,0,0.22255867984669006,0.015625,0.04953236597510149,0.000244140625,63.299509983062784,1.7428847894806003,TRUE_WEATHERNEXT2:1.00,SKIP,NO,
57551,KXHIGHNY-26MAY15-T72,2026-05-15 03:43:24.957227+00:00,KNYC,2026-05-15,1,73.0,,0,0.10816290289763457,0.0,0.011699213563243124,0.0,63.299509983062784,1.7428847894806003,TRUE_WEATHERNEXT2:1.00,SKIP,YES,
57538,KXHIGHNY-26MAY15-B65.5,2026-05-15 03:38:03.123664+00:00,KNYC,2026-05-15,1,65.0,67.0,1,0.22592941887982113,0.140625,0.5991852645557315,0.738525390625,63.299509983062784,1.7428847894806003,TRUE_WEATHERNEXT2:1.00,OPEN,NO,-19.599999999999998
57537,KXHIGHNY-26MAY15-B71.5,2026-05-15 03:38:02.548095+00:00,KNYC,2026-05-15,1,71.0,73.0,0,0.11168207290684677,0.0,0.012472885408770238,0.0,63.299509983062784,1.7428847894806003,TRUE_WEATHERNEXT2:1.00,SKIP,NO,
57536,KXHIGHNY-26MAY15-B67.5,2026-05-15 03:38:01.941822+00:00,KNYC,2026-05-15,1,67.0,69.0,0,0.2212265115494196,0.015625,0.048941169412325486,0.000244140625,63.299509983062784,1.7428847894806003,TRUE_WEATHERNEXT2:1.00,SKIP,NO,
57535,KXHIGHNY-26MAY15-B69.5,2026-05-15 03:38:01.337229+00:00,KNYC,2026-05-15,1,69.0,71.0,0,0.18101891608839443,0.0,0.032767847981817186,0.0,63.299509983062784,1.7428847894806003,TRUE_WEATHERNEXT2:1.00,OPEN,NO,2.68
57534,KXHIGHNY-26MAY15-T65,2026-05-15 03:38:00.693435+00:00,KNYC,2026-05-15,1,,65.0,0,0.3275869457200269,0.84375,0.10731320700617585,0.7119140625,63.299509983062784,1.7428847894806003,TRUE_WEATHERNEXT2:1.00,SKIP,YES,
57533,KXHIGHNY-26MAY15-T72,2026-05-15 03:38:00.095030+00:00,KNYC,2026-05-15,1,73.0,,0,0.10796240030983888,0.0,0.011655879880661897,0.0,63.299509983062784,1.7428847894806003,TRUE_WEATHERNEXT2:1.00,SKIP,YES,
57520,KXHIGHNY-26MAY15-B69.5,2026-05-15 03:32:45.944597+00:00,KNYC,2026-05-15,1,69.0,71.0,0,0.17841529033356213,0.0,0.03183201582480927,0.0,63.299509983062784,1.7428847894806003,TRUE_WEATHERNEXT2:1.00,OPEN,NO,2.68
57519,KXHIGHNY-26MAY15-B71.5,2026-05-15 03:32:45.338307+00:00,KNYC,2026-05-15,1,71.0,73.0,0,0.11144504276325377,0.0,0.012419997556503462,0.0,63.299509983062784,1.7428847894806003,TRUE_WEATHERNEXT2:1.00,SKIP,NO,
57518,KXHIGHNY-26MAY15-T65,2026-05-15 03:32:44.736655+00:00,KNYC,2026-05-15,1,,65.0,0,0.330621041073063,0.84375,0.10931027280023602,0.7119140625,63.299509983062784,1.7428847894806003,TRUE_WEATHERNEXT2:1.00,SKIP,YES,
57517,KXHIGHNY-26MAY15-B67.5,2026-05-15 03:32:44.163815+00:00,KNYC,2026-05-15,1,67.0,69.0,0,0.21992604072300115,0.015625,0.04836746338809516,0.000244140625,63.299509983062784,1.7428847894806003,TRUE_WEATHERNEXT2:1.00,SKIP,NO,
57516,KXHIGHNY-26MAY15-B65.5,2026-05-15 03:32:43.578427+00:00,KNYC,2026-05-15,1,65.0,67.0,1,0.22722985884213964,0.140625,0.5971736910651394,0.738525390625,63.299509983062784,1.7428847894806003,TRUE_WEATHERNEXT2:1.00,OPEN,NO,-19.599999999999998
57515,KXHIGHNY-26MAY15-T72,2026-05-15 03:32:42.999905+00:00,KNYC,2026-05-15,1,73.0,,0,0.10776899171932812,0.0,0.011614155576200613,0.0,63.299509983062784,1.7428847894806003,TRUE_WEATHERNEXT2:1.00,SKIP,YES,
57502,KXHIGHNY-26MAY15-B69.5,2026-05-15 03:27:31.918209+00:00,KNYC,2026-05-15,1,69.0,71.0,0,0.17583264009620497,0.0,0.03091711732320155,0.0,63.299509983062784,1.7428847894806003,TRUE_WEATHERNEXT2:1.00,OPEN,NO,2.68
57501,KXHIGHNY-26MAY15-B67.5,2026-05-15 03:27:31.304879+00:00,KNYC,2026-05-15,1,67.0,69.0,0,0.21863853070405778,0.015625,0.04780280710842922,0.000244140625,63.299509983062784,1.7428847894806003,TRUE_WEATHERNEXT2:1.00,SKIP,NO,
57500,KXHIGHNY-26MAY15-B65.5,2026-05-15 03:27:30.712916+00:00,KNYC,2026-05-15,1,65.0,67.0,1,0.22851733830458207,0.140625,0.5951854972966466,0.738525390625,63.299509983062784,1.7428847894806003,TRUE_WEATHERNEXT2:1.00,OPEN,NO,-19.599999999999998
57499,KXHIGHNY-26MAY15-B71.5,2026-05-15 03:27:30.112962+00:00,KNYC,2026-05-15,1,71.0,73.0,0,0.11121311332282206,0.0,0.012368356574954862,0.0,63.299509983062784,1.7428847894806003,TRUE_WEATHERNEXT2:1.00,SKIP,NO,
57498,KXHIGHNY-26MAY15-T65,2026-05-15 03:27:29.514924+00:00,KNYC,2026-05-15,1,,65.0,0,0.333624897896381,0.84375,0.11130557249637064,0.7119140625,63.299509983062784,1.7428847894806003,TRUE_WEATHERNEXT2:1.00,SKIP,YES,
57497,KXHIGHNY-26MAY15-T72,2026-05-15 03:27:28.946140+00:00,KNYC,2026-05-15,1,73.0,,0,0.10757974513029982,0.0,0.011573401562300268,0.0,63.299509983062784,1.7428847894806003,TRUE_WEATHERNEXT2:1.00,SKIP,YES,
57484,KXHIGHNY-26MAY15-B71.5,2026-05-15 03:22:17.925448+00:00,KNYC,2026-05-15,1,71.0,73.0,0,0.11098384820305177,0.0,0.012317414561958036,0.0,63.299509983062784,1.7428847894806003,TRUE_WEATHERNEXT2:1.00,SKIP,NO,
57483,KXHIGHNY-26MAY15-B69.5,2026-05-15 03:22:17.298827+00:00,KNYC,2026-05-15,1,69.0,71.0,0,0.17324477423762044,0.0,0.030013751800644077,0.0,63.299509983062784,1.7428847894806003,TRUE_WEATHERNEXT2:1.00,OPEN,NO,3.02
57482,KXHIGHNY-26MAY15-B67.5,2026-05-15 03:22:16.677728+00:00,KNYC,2026-05-15,1,67.0,69.0,0,0.21735085896342973,0.015625,0.04724139589214072,0.000244140625,63.299509983062784,1.7428847894806003,TRUE_WEATHERNEXT2:1.00,SKIP,NO,
57481,KXHIGHNY-26MAY15-T65,2026-05-15 03:22:16.081874+00:00,KNYC,2026-05-15,1,,65.0,0,0.3366291320284417,0.84375,0.11331917253022203,0.7119140625,63.299509983062784,1.7428847894806003,TRUE_WEATHERNEXT2:1.00,SKIP,YES,
57480,KXHIGHNY-26MAY15-T72,2026-05-15 03:22:15.480212+00:00,KNYC,2026-05-15,1,73.0,,0,0.10739267253693299,0.0,0.011533186114624921,0.0,63.299509983062784,1.7428847894806003,TRUE_WEATHERNEXT2:1.00,SKIP,YES,
57479,KXHIGHNY-26MAY15-B65.5,2026-05-15 03:22:14.870569+00:00,KNYC,2026-05-15,1,65.0,67.0,1,0.2298049794848711,0.140625,0.5932003696262999,0.738525390625,63.299509983062784,1.7428847894806003,TRUE_WEATHERNEXT2:1.00,OPEN,NO,-19.85
57466,KXHIGHNY-26MAY15-T72,2026-05-15 03:17:02.652760+00:00,KNYC,2026-05-15,1,73.0,,0,0.10720696400360955,0.0,0.011493333130871232,0.0,63.299509983062784,1.7428847894806003,TRUE_WEATHERNEXT2:1.00,SKIP,YES,
57465,KXHIGHNY-26MAY15-B71.5,2026-05-15 03:17:02.033278+00:00,KNYC,2026-05-15,1,71.0,73.0,0,0.11075625479469345,0.0,0.012266947976147056,0.0,63.299509983062784,1.7428847894806003,TRUE_WEATHERNEXT2:1.00,SKIP,NO,
57464,KXHIGHNY-26MAY15-B69.5,2026-05-15 03:17:01.383583+00:00,KNYC,2026-05-15,1,69.0,71.0,0,0.17064066188485486,0.0,0.029118235488501357,0.0,63.299509983062784,1.7428847894806003,TRUE_WEATHERNEXT2:1.00,OPEN,NO,3.02
57463,KXHIGHNY-26MAY15-B67.5,2026-05-15 03:17:00.672808+00:00,KNYC,2026-05-15,1,67.0,69.0,0,0.21605752479882778,0.015625,0.04668085402219608,0.000244140625,63.299509983062784,1.7428847894806003,TRUE_WEATHERNEXT2:1.00,SKIP,NO,
57462,KXHIGHNY-26MAY15-B65.5,2026-05-15 03:17:00.032956+00:00,KNYC,2026-05-15,1,65.0,67.0,1,0.23109828295474763,0.140625,0.5912098504751373,0.738525390625,63.299509983062784,1.7428847894806003,TRUE_WEATHERNEXT2:1.00,OPEN,NO,-19.85
57461,KXHIGHNY-26MAY15-T65,2026-05-15 03:16:59.434918+00:00,KNYC,2026-05-15,1,,65.0,0,0.33964657701761447,0.84375,0.11535979727978232,0.7119140625,63.299509983062784,1.7428847894806003,TRUE_WEATHERNEXT2:1.00,SKIP,YES,
57448,KXHIGHNY-26MAY15-B69.5,2026-05-15 03:11:37.417086+00:00,KNYC,2026-05-15,1,69.0,71.0,0,0.16795215565634494,0.0,0.02820792658961312,0.0,63.299509983062784,1.7428847894806003,TRUE_WEATHERNEXT2:1.00,OPEN,NO,3.02
57447,KXHIGHNY-26MAY15-T72,2026-05-15 03:11:36.813218+00:00,KNYC,2026-05-15,1,73.0,,0,0.10701786234263513,0.0,0.011452822860387204,0.0,63.299509983062784,1.7428847894806003,TRUE_WEATHERNEXT2:1.00,SKIP,YES,
57446,KXHIGHNY-26MAY15-B71.5,2026-05-15 03:11:36.223375+00:00,KNYC,2026-05-15,1,71.0,73.0,0,0.11052450296952335,0.0,0.012215665756660176,0.0,63.299509983062784,1.7428847894806003,TRUE_WEATHERNEXT2:1.00,SKIP,NO,
57445,KXHIGHNY-26MAY15-B65.5,2026-05-15 03:11:35.614257+00:00,KNYC,2026-05-15,1,65.0,67.0,1,0.23243099544154708,0.140625,0.5891621767588543,0.738525390625,63.299509983062784,1.7428847894806003,TRUE_WEATHERNEXT2:1.00,OPEN,NO,-19.85
57444,KXHIGHNY-26MAY15-B67.5,2026-05-15 03:11:35.024437+00:00,KNYC,2026-05-15,1,67.0,69.0,0,0.21472478068198572,0.015625,0.04610673143892687,0.000244140625,63.299509983062784,1.7428847894806003,TRUE_WEATHERNEXT2:1.00,SKIP,NO,
57443,KXHIGHNY-26MAY15-T65,2026-05-15 03:11:34.434461+00:00,KNYC,2026-05-15,1,,65.0,0,0.3309155134951136,0.84375,0.10950507707173472,0.7119140625,63.299509983062784,1.7428847894806003,TRUE_WEATHERNEXT2:1.00,SKIP,YES,
57430,KXHIGHNY-26MAY15-T65,2026-05-15 03:06:09.543276+00:00,KNYC,2026-05-15,1,,65.0,0,0.33405100911187735,0.84375,0.11159007668866357,0.7119140625,63.299509983062784,1.7428847894806003,TRUE_WEATHERNEXT2:1.00,SKIP,YES,
57429,KXHIGHNY-26MAY15-B65.5,2026-05-15 03:06:08.973883+00:00,KNYC,2026-05-15,1,65.0,67.0,1,0.23377489644901991,0.140625,0.5871009093117101,0.738525390625,63.299509983062784,1.7428847894806003,TRUE_WEATHERNEXT2:1.00,OPEN,NO,-19.599999999999998
57428,KXHIGHNY-26MAY15-B67.5,2026-05-15 03:06:08.408350+00:00,KNYC,2026-05-15,1,67.0,69.0,0,0.2133808477789265,0.015625,0.0455313861988534,0.000244140625,63.299509983062784,1.7428847894806003,TRUE_WEATHERNEXT2:1.00,SKIP,NO,
57427,KXHIGHNY-26MAY15-B69.5,2026-05-15 03:06:07.809646+00:00,KNYC,2026-05-15,1,69.0,71.0,0,0.16523595772276317,0.0,0.02730292172455878,0.0,63.299509983062784,1.7428847894806003,TRUE_WEATHERNEXT2:1.00,OPEN,NO,3.02
57426,KXHIGHNY-26MAY15-B71.5,2026-05-15 03:06:07.215456+00:00,KNYC,2026-05-15,1,71.0,73.0,0,0.11029362544395797,0.0,0.012164683813572094,0.0,63.299509983062784,1.7428847894806003,TRUE_WEATHERNEXT2:1.00,OPEN,NO,0.5500000000000005
57425,KXHIGHNY-26MAY15-T72,2026-05-15 03:06:06.623745+00:00,KNYC,2026-05-15,1,73.0,,0,0.10682947408060499,0.0,0.011412536532338653,0.0,63.299509983062784,1.7428847894806003,TRUE_WEATHERNEXT2:1.00,SKIP,YES,
57412,KXHIGHNY-26MAY15-T65,2026-05-15 03:00:48.788647+00:00,KNYC,2026-05-15,1,,65.0,0,0.3371200467501891,0.84375,0.11364992592084967,0.7119140625,63.299509983062784,1.7428847894806003,TRUE_WEATHERNEXT2:1.00,SKIP,YES,
57411,KXHIGHNY-26MAY15-B71.5,2026-05-15 03:00:48.237135+00:00,KNYC,2026-05-15,1,71.0,73.0,0,0.11007035086903687,0.0,0.012115482140432884,0.0,63.299509983062784,1.7428847894806003,TRUE_WEATHERNEXT2:1.00,OPEN,NO,0.5500000000000005
57410,KXHIGHNY-26MAY15-B67.5,2026-05-15 03:00:47.623757+00:00,KNYC,2026-05-15,1,67.0,69.0,0,0.21206540002616855,0.015625,0.04497173388825889,0.000244140625,63.299509983062784,1.7428847894806003,TRUE_WEATHERNEXT2:1.00,SKIP,NO,
57409,KXHIGHNY-26MAY15-B69.5,2026-05-15 03:00:47.008146+00:00,KNYC,2026-05-15,1,69.0,71.0,0,0.16257241039004539,0.0,0.026429788620029336,0.0,63.299509983062784,1.7428847894806003,TRUE_WEATHERNEXT2:1.00,OPEN,NO,3.02
57408,KXHIGHNY-26MAY15-T72,2026-05-15 03:00:46.395269+00:00,KNYC,2026-05-15,1,73.0,,0,0.10664728956947993,0.0,0.011373644372516502,0.0,63.299509983062784,1.7428847894806003,TRUE_WEATHERNEXT2:1.00,SKIP,YES,
57407,KXHIGHNY-26MAY15-B65.5,2026-05-15 03:00:45.805756+00:00,KNYC,2026-05-15,1,65.0,67.0,1,0.23509031298223018,0.140625,0.5850868292936227,0.738525390625,63.299509983062784,1.7428847894806003,TRUE_WEATHERNEXT2:1.00,OPEN,NO,-19.85
57394,KXHIGHNY-26MAY15-T65,2026-05-15 02:55:25.511177+00:00,KNYC,2026-05-15,1,,65.0,0,0.340212854734153,0.84375,0.11574478652636191,0.7119140625,63.299509983062784,1.7428847894806003,TRUE_WEATHERNEXT2:1.00,SKIP,YES,
57393,KXHIGHNY-26MAY15-B65.5,2026-05-15 02:55:24.951990+00:00,KNYC,2026-05-15,1,65.0,67.0,1,0.23641591769471876,0.140625,0.5830606507499986,0.738525390625,63.299509983062784,1.7428847894806003,TRUE_WEATHERNEXT2:1.00,OPEN,NO,-19.85
57392,KXHIGHNY-26MAY15-B69.5,2026-05-15 02:55:24.374023+00:00,KNYC,2026-05-15,1,69.0,71.0,0,0.1598833680940716,0.0,0.025562691393104395,0.0,63.299509983062784,1.7428847894806003,TRUE_WEATHERNEXT2:1.00,OPEN,NO,3.02
57391,KXHIGHNY-26MAY15-B67.5,2026-05-15 02:55:23.772962+00:00,KNYC,2026-05-15,1,67.0,69.0,0,0.2107397638523303,0.015625,0.044411248068535934,0.000244140625,63.299509983062784,1.7428847894806003,TRUE_WEATHERNEXT2:1.00,SKIP,NO,
57390,KXHIGHNY-26MAY15-B71.5,2026-05-15 02:55:23.161724+00:00,KNYC,2026-05-15,1,71.0,73.0,0,0.10984802612423143,0.0,0.012066588843389832,0.0,63.299509983062784,1.7428847894806003,TRUE_WEATHERNEXT2:1.00,OPEN,NO,0.5500000000000005
57389,KXHIGHNY-26MAY15-T72,2026-05-15 02:55:22.560214+00:00,KNYC,2026-05-15,1,73.0,,0,0.10646588008764495,0.0,0.011334983622836792,0.0,63.299509983062784,1.7428847894806003,TRUE_WEATHERNEXT2:1.00,SKIP,YES,
57376,KXHIGHNY-26MAY15-T65,2026-05-15 02:50:12.989797+00:00,KNYC,2026-05-15,1,,65.0,0,0.34320297282590295,0.84375,0.11778828055653748,0.7119140625,63.299509983062784,1.7428847894806003,TRUE_WEATHERNEXT2:1.00,SKIP,YES,
57375,KXHIGHNY-26MAY15-B65.5,2026-05-15 02:50:12.424611+00:00,KNYC,2026-05-15,1,65.0,67.0,1,0.2376975086159375,0.140625,0.5811050883703487,0.738525390625,63.299509983062784,1.7428847894806003,TRUE_WEATHERNEXT2:1.00,OPEN,NO,-19.34
57374,KXHIGHNY-26MAY15-B69.5,2026-05-15 02:50:11.838152+00:00,KNYC,2026-05-15,1,69.0,71.0,0,0.1578806694910822,0.0,0.024926305798952334,0.0,63.299509983062784,1.7428847894806003,TRUE_WEATHERNEXT2:1.00,OPEN,NO,3.02
57373,KXHIGHNY-26MAY15-B67.5,2026-05-15 02:50:11.217901+00:00,KNYC,2026-05-15,1,67.0,69.0,0,0.20885649387004776,0.015625,0.0436210350316893,0.000244140625,63.299509983062784,1.7428847894806003,TRUE_WEATHERNEXT2:1.00,SKIP,NO,
57372,KXHIGHNY-26MAY15-B71.5,2026-05-15 02:50:10.615637+00:00,KNYC,2026-05-15,1,71.0,73.0,0,0.10963561004332971,0.0,0.012019966989573059,0.0,63.299509983062784,1.7428847894806003,TRUE_WEATHERNEXT2:1.00,OPEN,NO,0.5500000000000005
57371,KXHIGHNY-26MAY15-T72,2026-05-15 02:50:09.988124+00:00,KNYC,2026-05-15,1,73.0,,0,0.10629255574084977,0.0,0.011298107405921656,0.0,63.299509983062784,1.7428847894806003,TRUE_WEATHERNEXT2:1.00,SKIP,YES,
57358,KXHIGHNY-26MAY15-B67.5,2026-05-15 02:44:58.243188+00:00,KNYC,2026-05-15,1,67.0,69.0,0,0.20606105919973602,0.015625,0.04246116011851712,0.000244140625,63.299509983062784,1.7428847894806003,TRUE_WEATHERNEXT2:1.00,SKIP,NO,
57357,KXHIGHNY-26MAY15-T65,2026-05-15 02:44:57.640484+00:00,KNYC,2026-05-15,1,,65.0,0,0.3462133445173626,0.84375,0.11986367992189799,0.7119140625,63.299509983062784,1.7428847894806003,TRUE_WEATHERNEXT2:1.00,SKIP,YES,
57356,KXHIGHNY-26MAY15-B69.5,2026-05-15 02:44:57.081823+00:00,KNYC,2026-05-15,1,69.0,71.0,0,0.15675931014942152,0.0,0.02457348131852253,0.0,63.299509983062784,1.7428847894806003,TRUE_WEATHERNEXT2:1.00,OPEN,NO,3.02
57355,KXHIGHNY-26MAY15-B65.5,2026-05-15 02:44:56.503140+00:00,KNYC,2026-05-15,1,65.0,67.0,1,0.23898778040818328,0.140625,0.5791395983680635,0.738525390625,63.299509983062784,1.7428847894806003,TRUE_WEATHERNEXT2:1.00,OPEN,NO,-19.34
57354,KXHIGHNY-26MAY15-T72,2026-05-15 02:44:55.911372+00:00,KNYC,2026-05-15,1,73.0,,0,0.10612008105533903,0.0,0.011261471603191726,0.0,63.299509983062784,1.7428847894806003,TRUE_WEATHERNEXT2:1.00,SKIP,YES,
57353,KXHIGHNY-26MAY15-B71.5,2026-05-15 02:44:55.291306+00:00,KNYC,2026-05-15,1,71.0,73.0,0,0.10942423525710747,0.0,0.011973663261602801,0.0,63.299509983062784,1.7428847894806003,TRUE_WEATHERNEXT2:1.00,OPEN,NO,0.5500000000000005
57340,KXHIGHNY-26MAY15-B65.5,2026-05-15 02:39:38.934622+00:00,KNYC,2026-05-15,1,65.0,67.0,1,0.24029690740830043,0.140625,0.5771487888933924,0.738525390625,63.299509983062784,1.7428847894806003,TRUE_WEATHERNEXT2:1.00,OPEN,NO,-19.34
57339,KXHIGHNY-26MAY15-B69.5,2026-05-15 02:39:38.336523+00:00,KNYC,2026-05-15,1,69.0,71.0,0,0.1556169993457684,0.0,0.02421665048538088,0.0,63.299509983062784,1.7428847894806003,TRUE_WEATHERNEXT2:1.00,OPEN,NO,3.4600000000000004
57338,KXHIGHNY-26MAY15-B67.5,2026-05-15 02:39:37.740569+00:00,KNYC,2026-05-15,1,67.0,69.0,0,0.20322477383260493,0.015625,0.04130030869931343,0.000244140625,63.299509983062784,1.7428847894806003,TRUE_WEATHERNEXT2:1.00,OPEN,NO,17.48
57337,KXHIGHNY-26MAY15-T65,2026-05-15 02:39:37.170553+00:00,KNYC,2026-05-15,1,,65.0,0,0.34926770785798755,0.84375,0.12198793175237253,0.7119140625,63.299509983062784,1.7428847894806003,TRUE_WEATHERNEXT2:1.00,SKIP,YES,
57336,KXHIGHNY-26MAY15-B71.5,2026-05-15 02:39:36.608935+00:00,KNYC,2026-05-15,1,71.0,73.0,0,0.10921228518583152,0.0,0.011927323235511395,0.0,63.299509983062784,1.7428847894806003,TRUE_WEATHERNEXT2:1.00,OPEN,NO,0.5500000000000005
57335,KXHIGHNY-26MAY15-T72,2026-05-15 02:39:36.024567+00:00,KNYC,2026-05-15,1,73.0,,0,0.10594713695665707,0.0,0.01122479582931265,0.0,63.299509983062784,1.7428847894806003,TRUE_WEATHERNEXT2:1.00,SKIP,YES,
57322,KXHIGHNY-26MAY15-B67.5,2026-05-15 02:34:26.944435+00:00,KNYC,2026-05-15,1,67.0,69.0,0,0.20045304251298876,0.015625,0.04018142225271408,0.000244140625,63.299509983062784,1.7428847894806003,TRUE_WEATHERNEXT2:1.00,OPEN,NO,17.48
57321,KXHIGHNY-26MAY15-B71.5,2026-05-15 02:34:26.367285+00:00,KNYC,2026-05-15,1,71.0,73.0,0,0.10900757665422027,0.0,0.011882651768025708,0.0,63.299509983062784,1.7428847894806003,TRUE_WEATHERNEXT2:1.00,OPEN,NO,0.5500000000000005
57320,KXHIGHNY-26MAY15-T65,2026-05-15 02:34:25.756322+00:00,KNYC,2026-05-15,1,,65.0,0,0.35225255368161534,0.84375,0.1240818615752193,0.7119140625,63.299509983062784,1.7428847894806003,TRUE_WEATHERNEXT2:1.00,SKIP,YES,
57319,KXHIGHNY-26MAY15-T72,2026-05-15 02:34:25.204834+00:00,KNYC,2026-05-15,1,73.0,,0,0.105780101709729,0.0,0.011189429917720612,0.0,63.299509983062784,1.7428847894806003,TRUE_WEATHERNEXT2:1.00,SKIP,YES,
57318,KXHIGHNY-26MAY15-B65.5,2026-05-15 02:34:24.616502+00:00,KNYC,2026-05-15,1,65.0,67.0,1,0.24157623858901653,0.140625,0.5752066018727844,0.738525390625,63.299509983062784,1.7428847894806003,TRUE_WEATHERNEXT2:1.00,OPEN,NO,-19.34
57317,KXHIGHNY-26MAY15-B69.5,2026-05-15 02:34:23.998378+00:00,KNYC,2026-05-15,1,69.0,71.0,0,0.15449629743958,0.0,0.02386910592253917,0.0,63.299509983062784,1.7428847894806003,TRUE_WEATHERNEXT2:1.00,OPEN,NO,3.02
57304,KXHIGHNY-26MAY15-B65.5,2026-05-15 02:29:09.389921+00:00,KNYC,2026-05-15,1,65.0,67.0,1,0.24287893084988846,0.140625,0.573232313351008,0.738525390625,63.299509983062784,1.7428847894806003,TRUE_WEATHERNEXT2:1.00,OPEN,NO,-19.83
57303,KXHIGHNY-26MAY15-B69.5,2026-05-15 02:29:08.772258+00:00,KNYC,2026-05-15,1,69.0,71.0,0,0.15335072401686117,0.0,0.02351644455649552,0.0,63.299509983062784,1.7428847894806003,TRUE_WEATHERNEXT2:1.00,OPEN,NO,2.68
57302,KXHIGHNY-26MAY15-B67.5,2026-05-15 02:29:08.154356+00:00,KNYC,2026-05-15,1,67.0,69.0,0,0.19763069831181088,0.015625,0.039057892915214006,0.000244140625,63.299509983062784,1.7428847894806003,TRUE_WEATHERNEXT2:1.00,OPEN,NO,17.48
57301,KXHIGHNY-26MAY15-T65,2026-05-15 02:29:07.565356+00:00,KNYC,2026-05-15,1,,65.0,0,0.35529190393973936,0.84375,0.12623233700512498,0.7119140625,63.299509983062784,1.7428847894806003,TRUE_WEATHERNEXT2:1.00,SKIP,YES,
57300,KXHIGHNY-26MAY15-T72,2026-05-15 02:29:06.982023+00:00,KNYC,2026-05-15,1,73.0,,0,0.1056119965581636,0.0,0.01115389381700156,0.0,63.299509983062784,1.7428847894806003,TRUE_WEATHERNEXT2:1.00,SKIP,YES,
57299,KXHIGHNY-26MAY15-B71.5,2026-05-15 02:29:06.351616+00:00,KNYC,2026-05-15,1,71.0,73.0,0,0.10880155691068642,0.0,0.011837778786189336,0.0,63.299509983062784,1.7428847894806003,TRUE_WEATHERNEXT2:1.00,OPEN,NO,0.5500000000000005
57286,KXHIGHNY-26MAY15-B65.5,2026-05-15 02:23:42.965647+00:00,KNYC,2026-05-15,1,65.0,67.0,1,0.24421678683840606,0.140625,0.5712082652968633,0.738525390625,63.299509983062784,1.7428847894806003,TRUE_WEATHERNEXT2:1.00,OPEN,NO,-19.34
57285,KXHIGHNY-26MAY15-T65,2026-05-15 02:23:42.379722+00:00,KNYC,2026-05-15,1,,65.0,0,0.35841329574206116,0.84375,0.12846009056468619,0.7119140625,63.299509983062784,1.7428847894806003,TRUE_WEATHERNEXT2:1.00,SKIP,YES,
57284,KXHIGHNY-26MAY15-B69.5,2026-05-15 02:23:41.809570+00:00,KNYC,2026-05-15,1,69.0,71.0,0,0.15216965391264675,0.0,0.023155603571894688,0.0,63.299509983062784,1.7428847894806003,TRUE_WEATHERNEXT2:1.00,OPEN,NO,2.68
57283,KXHIGHNY-26MAY15-B67.5,2026-05-15 02:23:41.205488+00:00,KNYC,2026-05-15,1,67.0,69.0,0,0.1947321702368254,0.015625,0.03792061812514395,0.000244140625,63.299509983062784,1.7428847894806003,TRUE_WEATHERNEXT2:1.00,OPEN,NO,17.48
57282,KXHIGHNY-26MAY15-T72,2026-05-15 02:23:40.616094+00:00,KNYC,2026-05-15,1,73.0,,0,0.1054414089914381,0.0,0.011117890730099724,0.0,63.299509983062784,1.7428847894806003,TRUE_WEATHERNEXT2:1.00,SKIP,YES,
57281,KXHIGHNY-26MAY15-B71.5,2026-05-15 02:23:40.013047+00:00,KNYC,2026-05-15,1,71.0,73.0,0,0.10859249486577242,0.0,0.01179232994117281,0.0,63.299509983062784,1.7428847894806003,TRUE_WEATHERNEXT2:1.00,OPEN,NO,0.5500000000000005
57268,KXHIGHNY-26MAY15-B65.5,2026-05-15 02:18:29.279486+00:00,KNYC,2026-05-15,1,65.0,67.0,1,0.2455031195806312,0.140625,0.5692655425625593,0.738525390625,63.299509983062784,1.7428847894806003,TRUE_WEATHERNEXT2:1.00,OPEN,NO,-19.34
57267,KXHIGHNY-26MAY15-B71.5,2026-05-15 02:18:28.667252+00:00,KNYC,2026-05-15,1,71.0,73.0,0,0.10839386257348231,0.0,0.01174922944359897,0.0,63.299509983062784,1.7428847894806003,TRUE_WEATHERNEXT2:1.00,OPEN,NO,0.5500000000000005
57266,KXHIGHNY-26MAY15-B69.5,2026-05-15 02:18:28.049764+00:00,KNYC,2026-05-15,1,69.0,71.0,0,0.1510297498602337,0.0,0.022809985342844764,0.0,63.299509983062784,1.7428847894806003,TRUE_WEATHERNEXT2:1.00,OPEN,NO,2.68
57265,KXHIGHNY-26MAY15-T65,2026-05-15 02:18:27.454679+00:00,KNYC,2026-05-15,1,,65.0,0,0.3614144771181589,0.84375,0.1306204242705922,0.7119140625,63.299509983062784,1.7428847894806003,TRUE_WEATHERNEXT2:1.00,SKIP,YES,
57264,KXHIGHNY-26MAY15-B67.5,2026-05-15 02:18:26.889461+00:00,KNYC,2026-05-15,1,67.0,69.0,0,0.19194526970409753,0.015625,0.03684298656177874,0.000244140625,63.299509983062784,1.7428847894806003,TRUE_WEATHERNEXT2:1.00,OPEN,NO,17.48
57263,KXHIGHNY-26MAY15-T72,2026-05-15 02:18:26.284288+00:00,KNYC,2026-05-15,1,73.0,,0,0.10527933175054631,0.0,0.011083737693841588,0.0,63.299509983062784,1.7428847894806003,TRUE_WEATHERNEXT2:1.00,SKIP,YES,
57250,KXHIGHNY-26MAY15-T72,2026-05-15 02:13:09.550153+00:00,KNYC,2026-05-15,1,73.0,,0,0.10511602602277063,0.0,0.011049378926819793,0.0,63.299509983062784,1.7428847894806003,TRUE_WEATHERNEXT2:1.00,SKIP,YES,
57249,KXHIGHNY-26MAY15-B65.5,2026-05-15 02:13:08.935264+00:00,KNYC,2026-05-15,1,65.0,67.0,1,0.2468145633638895,0.140625,0.5672883019607284,0.738525390625,63.299509983062784,1.7428847894806003,TRUE_WEATHERNEXT2:1.00,OPEN,NO,-19.34
57248,KXHIGHNY-26MAY15-B71.5,2026-05-15 02:13:08.340090+00:00,KNYC,2026-05-15,1,71.0,73.0,0,0.10819372472023618,0.0,0.011705882068838245,0.0,63.299509983062784,1.7428847894806003,TRUE_WEATHERNEXT2:1.00,OPEN,NO,0.5500000000000005
57247,KXHIGHNY-26MAY15-T65,2026-05-15 02:13:07.700080+00:00,KNYC,2026-05-15,1,,65.0,0,0.3644742458147916,0.84375,0.13284147586226114,0.7119140625,63.299509983062784,1.7428847894806003,TRUE_WEATHERNEXT2:1.00,SKIP,YES,
57246,KXHIGHNY-26MAY15-B67.5,2026-05-15 02:13:07.117429+00:00,KNYC,2026-05-15,1,67.0,69.0,0,0.18910396491706158,0.015625,0.03576030954735326,0.000244140625,63.299509983062784,1.7428847894806003,TRUE_WEATHERNEXT2:1.00,OPEN,NO,18.33
57245,KXHIGHNY-26MAY15-B69.5,2026-05-15 02:13:06.510065+00:00,KNYC,2026-05-15,1,69.0,71.0,0,0.1498632857484004,0.0,0.022459004415306714,0.0,63.299509983062784,1.7428847894806003,TRUE_WEATHERNEXT2:1.00,OPEN,NO,2.68
57232,KXHIGHNY-26MAY15-T72,2026-05-15 02:07:56.736752+00:00,KNYC,2026-05-15,1,73.0,,0,0.10495824490845655,0.0,0.011016233174263547,0.0,63.299509983062784,1.7428847894806003,TRUE_WEATHERNEXT2:1.00,SKIP,YES,
57231,KXHIGHNY-26MAY15-B65.5,2026-05-15 02:07:56.111914+00:00,KNYC,2026-05-15,1,65.0,67.0,1,0.24809663433794224,0.140625,0.5653586712939301,0.738525390625,63.299509983062784,1.7428847894806003,TRUE_WEATHERNEXT2:1.00,OPEN,NO,-19.34
57230,KXHIGHNY-26MAY15-T65,2026-05-15 02:07:55.542958+00:00,KNYC,2026-05-15,1,,65.0,0,0.3674654839321597,0.84375,0.13503088188149634,0.7119140625,63.299509983062784,1.7428847894806003,TRUE_WEATHERNEXT2:1.00,SKIP,YES,
57229,KXHIGHNY-26MAY15-B67.5,2026-05-15 02:07:54.983765+00:00,KNYC,2026-05-15,1,67.0,69.0,0,0.1863262977060088,0.015625,0.034717489216828226,0.000244140625,63.299509983062784,1.7428847894806003,TRUE_WEATHERNEXT2:1.00,OPEN,NO,18.33
57228,KXHIGHNY-26MAY15-B69.5,2026-05-15 02:07:54.373722+00:00,KNYC,2026-05-15,1,69.0,71.0,0,0.14871879219568146,0.0,0.022117279152142285,0.0,63.299509983062784,1.7428847894806003,TRUE_WEATHERNEXT2:1.00,OPEN,NO,3.02
57227,KXHIGHNY-26MAY15-B71.5,2026-05-15 02:07:53.765232+00:00,KNYC,2026-05-15,1,71.0,73.0,0,0.10800035750690111,0.0,0.011664077221618451,0.0,63.299509983062784,1.7428847894806003,TRUE_WEATHERNEXT2:1.00,OPEN,NO,0.5500000000000005
57214,KXHIGHNY-26MAY15-T72,2026-05-15 02:02:42.927735+00:00,KNYC,2026-05-15,1,73.0,,0,0.11998255931913086,0.0,0.014395814540768756,0.0,63.299509983062784,1.7428847894806003,TRUE_WEATHERNEXT2:1.00,SKIP,YES,
57213,KXHIGHNY-26MAY15-B65.5,2026-05-15 02:02:42.332054+00:00,KNYC,2026-05-15,1,65.0,67.0,1,0.1857257163050125,0.140625,0.6630426090869849,0.738525390625,63.299509983062784,1.7428847894806003,TRUE_WEATHERNEXT2:1.00,OPEN,NO,-19.34
57212,KXHIGHNY-26MAY15-T65,2026-05-15 02:02:41.732576+00:00,KNYC,2026-05-15,1,,65.0,0,0.21822898270627136,0.84375,0.04762388889301408,0.7119140625,63.299509983062784,1.7428847894806003,TRUE_WEATHERNEXT2:1.00,SKIP,YES,
57211,KXHIGHNY-26MAY15-B67.5,2026-05-15 02:02:41.110624+00:00,KNYC,2026-05-15,1,67.0,69.0,0,0.2567914378315534,0.015625,0.06594184254359656,0.000244140625,63.299509983062784,1.7428847894806003,TRUE_WEATHERNEXT2:1.00,SKIP,NO,
57210,KXHIGHNY-26MAY15-B69.5,2026-05-15 02:02:40.522550+00:00,KNYC,2026-05-15,1,69.0,71.0,0,0.21481302948688819,0.0,0.046144637637334694,0.0,63.299509983062784,1.7428847894806003,TRUE_WEATHERNEXT2:1.00,OPEN,NO,3.4600000000000004
57209,KXHIGHNY-26MAY15-B71.5,2026-05-15 02:02:39.918716+00:00,KNYC,2026-05-15,1,71.0,73.0,0,0.17425742320475762,0.0,0.030365649541962,0.0,63.299509983062784,1.7428847894806003,TRUE_WEATHERNEXT2:1.00,OPEN,NO,0.5500000000000005
57196,KXHIGHNY-26MAY15-T72,2026-05-15 01:57:27.637232+00:00,KNYC,2026-05-15,1,73.0,,0,0.11965014544909462,0.0,0.014316157305989499,0.0,63.299509983062784,1.7428847894806003,TRUE_WEATHERNEXT2:1.00,SKIP,YES,
57195,KXHIGHNY-26MAY15-B71.5,2026-05-15 01:57:27.011554+00:00,KNYC,2026-05-15,1,71.0,73.0,0,0.1715736457567893,0.0,0.02943751591827622,0.0,63.299509983062784,1.7428847894806003,TRUE_WEATHERNEXT2:1.00,OPEN,NO,0.5500000000000005
57194,KXHIGHNY-26MAY15-T65,2026-05-15 01:57:26.388072+00:00,KNYC,2026-05-15,1,,65.0,0,0.2204910974307912,0.84375,0.04861632404623466,0.7119140625,63.299509983062784,1.7428847894806003,TRUE_WEATHERNEXT2:1.00,SKIP,YES,
57193,KXHIGHNY-26MAY15-B67.5,2026-05-15 01:57:25.790146+00:00,KNYC,2026-05-15,1,67.0,69.0,0,0.25732991623254353,0.015625,0.06621868578824787,0.000244140625,63.299509983062784,1.7428847894806003,TRUE_WEATHERNEXT2:1.00,SKIP,NO,
57192,KXHIGHNY-26MAY15-B69.5,2026-05-15 01:57:25.194106+00:00,KNYC,2026-05-15,1,69.0,71.0,0,0.21352040737279407,0.0,0.04559096436464393,0.0,63.299509983062784,1.7428847894806003,TRUE_WEATHERNEXT2:1.00,OPEN,NO,3.02
57191,KXHIGHNY-26MAY15-B65.5,2026-05-15 01:57:24.607451+00:00,KNYC,2026-05-15,1,65.0,67.0,1,0.18723393661160112,0.140625,0.6605886737958748,0.738525390625,63.299509983062784,1.7428847894806003,TRUE_WEATHERNEXT2:1.00,OPEN,NO,-19.34
57178,KXHIGHNY-26MAY15-T72,2026-05-15 01:52:11.981932+00:00,KNYC,2026-05-15,1,73.0,,0,0.11932095035149608,0.0,0.014237489192784192,0.0,63.299509983062784,1.7428847894806003,TRUE_WEATHERNEXT2:1.00,SKIP,YES,
57177,KXHIGHNY-26MAY15-B65.5,2026-05-15 01:52:11.343851+00:00,KNYC,2026-05-15,1,65.0,67.0,1,0.1887451894122489,0.140625,0.6581343677017678,0.738525390625,63.299509983062784,1.7428847894806003,TRUE_WEATHERNEXT2:1.00,OPEN,NO,-19.34
57176,KXHIGHNY-26MAY15-B71.5,2026-05-15 01:52:10.650179+00:00,KNYC,2026-05-15,1,71.0,73.0,0,0.1688805850495088,0.0,0.02852065200666438,0.0,63.299509983062784,1.7428847894806003,TRUE_WEATHERNEXT2:1.00,OPEN,NO,0.5500000000000005
57175,KXHIGHNY-26MAY15-B69.5,2026-05-15 01:52:09.974587+00:00,KNYC,2026-05-15,1,69.0,71.0,0,0.21222518625584574,0.0,0.04503952968132842,0.0,63.299509983062784,1.7428847894806003,TRUE_WEATHERNEXT2:1.00,OPEN,NO,3.02
57174,KXHIGHNY-26MAY15-B67.5,2026-05-15 01:52:09.352007+00:00,KNYC,2026-05-15,1,67.0,69.0,0,0.2578694773218816,0.015625,0.0664966673342604,0.000244140625,63.299509983062784,1.7428847894806003,TRUE_WEATHERNEXT2:1.00,OPEN,NO,19.2
57173,KXHIGHNY-26MAY15-T65,2026-05-15 01:52:08.721150+00:00,KNYC,2026-05-15,1,,65.0,0,0.22275776046263274,0.84375,0.04962101984632766,0.7119140625,63.299509983062784,1.7428847894806003,TRUE_WEATHERNEXT2:1.00,SKIP,YES,
57160,KXHIGHNY-26MAY15-T72,2026-05-15 01:46:56.098586+00:00,KNYC,2026-05-15,1,73.0,,0,0.11899600491202648,0.0,0.01416004918502303,0.0,63.299509983062784,1.7428847894806003,TRUE_WEATHERNEXT2:1.00,SKIP,YES,
57159,KXHIGHNY-26MAY15-B69.5,2026-05-15 01:46:55.498869+00:00,KNYC,2026-05-15,1,69.0,71.0,0,0.21093158310469948,0.0,0.04449213275105474,0.0,63.299509983062784,1.7428847894806003,TRUE_WEATHERNEXT2:1.00,OPEN,NO,3.4600000000000004
57158,KXHIGHNY-26MAY15-B71.5,2026-05-15 01:46:54.922432+00:00,KNYC,2026-05-15,1,71.0,73.0,0,0.16618705002907613,0.0,0.027618135597366655,0.0,63.299509983062784,1.7428847894806003,TRUE_WEATHERNEXT2:1.00,OPEN,NO,0.5500000000000005
57157,KXHIGHNY-26MAY15-B65.5,2026-05-15 01:46:54.325727+00:00,KNYC,2026-05-15,1,65.0,67.0,1,0.19025455438438785,0.140625,0.6556876866952263,0.738525390625,63.299509983062784,1.7428847894806003,TRUE_WEATHERNEXT2:1.00,OPEN,NO,-19.599999999999998
57156,KXHIGHNY-26MAY15-B67.5,2026-05-15 01:46:53.741979+00:00,KNYC,2026-05-15,1,67.0,69.0,0,0.25840836440167847,0.015625,0.06677488279275065,0.000244140625,63.299509983062784,1.7428847894806003,TRUE_WEATHERNEXT2:1.00,OPEN,NO,17.48
57155,KXHIGHNY-26MAY15-T65,2026-05-15 01:46:53.128961+00:00,KNYC,2026-05-15,1,,65.0,0,0.22502159202174546,0.84375,0.05063471687600086,0.7119140625,63.299509983062784,1.7428847894806003,TRUE_WEATHERNEXT2:1.00,SKIP,YES,
57142,KXHIGHNY-26MAY15-T72,2026-05-15 01:41:32.465365+00:00,KNYC,2026-05-15,1,73.0,,0,0.11866652904556844,0.0,0.01408174511572274,0.0,63.299509983062784,1.7428847894806003,TRUE_WEATHERNEXT2:1.00,SKIP,YES,
57141,KXHIGHNY-26MAY15-T65,2026-05-15 01:41:31.859849+00:00,KNYC,2026-05-15,1,,65.0,0,0.22734443815209607,0.84375,0.05168549355869224,0.7119140625,63.299509983062784,1.7428847894806003,TRUE_WEATHERNEXT2:1.00,SKIP,YES,
57140,KXHIGHNY-26MAY15-B65.5,2026-05-15 01:41:31.266330+00:00,KNYC,2026-05-15,1,65.0,67.0,1,0.19180326615612148,0.140625,0.6531819605959129,0.738525390625,63.299509983062784,1.7428847894806003,TRUE_WEATHERNEXT2:1.00,OPEN,NO,-19.599999999999998
57139,KXHIGHNY-26MAY15-B71.5,2026-05-15 01:41:30.645647+00:00,KNYC,2026-05-15,1,71.0,73.0,0,0.1634192714124329,0.0,0.026705858268970407,0.0,63.299509983062784,1.7428847894806003,TRUE_WEATHERNEXT2:1.00,OPEN,NO,0.5500000000000005
57138,KXHIGHNY-26MAY15-B67.5,2026-05-15 01:41:30.002141+00:00,KNYC,2026-05-15,1,67.0,69.0,0,0.2589612994303308,0.015625,0.06706095460264545,0.000244140625,63.299509983062784,1.7428847894806003,TRUE_WEATHERNEXT2:1.00,OPEN,NO,17.48
57137,KXHIGHNY-26MAY15-B69.5,2026-05-15 01:41:29.391981+00:00,KNYC,2026-05-15,1,69.0,71.0,0,0.2096043446570642,0.0,0.04393398129911736,0.0,63.299509983062784,1.7428847894806003,TRUE_WEATHERNEXT2:1.00,OPEN,NO,3.4600000000000004
57124,KXHIGHNY-26MAY15-T72,2026-05-15 01:36:12.952425+00:00,KNYC,2026-05-15,1,73.0,,0,0.11834526765172686,0.0,0.014005602375558868,0.0,63.299509983062784,1.7428847894806003,TRUE_WEATHERNEXT2:1.00,SKIP,YES,
57123,KXHIGHNY-26MAY15-T65,2026-05-15 01:36:12.318784+00:00,KNYC,2026-05-15,1,,65.0,0,0.22963662843339414,0.84375,0.05273298111825672,0.7119140625,63.299509983062784,1.7428847894806003,TRUE_WEATHERNEXT2:1.00,SKIP,YES,
57122,KXHIGHNY-26MAY15-B67.5,2026-05-15 01:36:11.709569+00:00,KNYC,2026-05-15,1,67.0,69.0,0,0.2595069370781741,0.015625,0.06734385039169542,0.000244140625,63.299509983062784,1.7428847894806003,TRUE_WEATHERNEXT2:1.00,OPEN,NO,17.48
57121,KXHIGHNY-26MAY15-B69.5,2026-05-15 01:36:11.097738+00:00,KNYC,2026-05-15,1,69.0,71.0,0,0.20829484763886905,0.0,0.04338674355289967,0.0,63.299509983062784,1.7428847894806003,TRUE_WEATHERNEXT2:1.00,OPEN,NO,3.4600000000000004
57120,KXHIGHNY-26MAY15-B65.5,2026-05-15 01:36:10.498948+00:00,KNYC,2026-05-15,1,65.0,67.0,1,0.19333153874607717,0.140625,0.6507140063817715,0.738525390625,63.299509983062784,1.7428847894806003,TRUE_WEATHERNEXT2:1.00,OPEN,NO,-19.83
57119,KXHIGHNY-26MAY15-B71.5,2026-05-15 01:36:09.917155+00:00,KNYC,2026-05-15,1,71.0,73.0,0,0.1606839293053725,0.0,0.02581932513701395,0.0,63.299509983062784,1.7428847894806003,TRUE_WEATHERNEXT2:1.00,OPEN,NO,0.7400000000000007
57106,KXHIGHNY-26MAY15-T72,2026-05-15 01:30:47.460735+00:00,KNYC,2026-05-15,1,73.0,,0,0.11802186800968888,0.0,0.013929161328496423,0.0,63.299509983062784,1.7428847894806003,TRUE_WEATHERNEXT2:1.00,SKIP,YES,
57105,KXHIGHNY-26MAY15-T65,2026-05-15 01:30:46.858108+00:00,KNYC,2026-05-15,1,,65.0,0,0.2319719183213792,0.84375,0.053810970889700625,0.7119140625,63.299509983062784,1.7428847894806003,TRUE_WEATHERNEXT2:1.00,SKIP,YES,
57104,KXHIGHNY-26MAY15-B71.5,2026-05-15 01:30:46.262470+00:00,KNYC,2026-05-15,1,71.0,73.0,0,0.15789325272717908,0.0,0.024930279256768842,0.0,63.299509983062784,1.7428847894806003,TRUE_WEATHERNEXT2:1.00,OPEN,NO,0.5500000000000005
57103,KXHIGHNY-26MAY15-B67.5,2026-05-15 01:30:45.642194+00:00,KNYC,2026-05-15,1,67.0,69.0,0,0.260062834244264,0.015625,0.06763267775515955,0.000244140625,63.299509983062784,1.7428847894806003,TRUE_WEATHERNEXT2:1.00,OPEN,NO,17.48
57102,KXHIGHNY-26MAY15-B65.5,2026-05-15 01:30:45.039112+00:00,KNYC,2026-05-15,1,65.0,67.0,1,0.19488854714739853,0.140625,0.6482044515144266,0.738525390625,63.299509983062784,1.7428847894806003,TRUE_WEATHERNEXT2:1.00,OPEN,NO,-19.56
57101,KXHIGHNY-26MAY15-B69.5,2026-05-15 01:30:44.441928+00:00,KNYC,2026-05-15,1,69.0,71.0,0,0.20696072840370414,0.0,0.04283274310139179,0.0,63.299509983062784,1.7428847894806003,TRUE_WEATHERNEXT2:1.00,OPEN,NO,2.68
57088,KXHIGHNY-26MAY15-T65,2026-05-15 01:25:32.089668+00:00,KNYC,2026-05-15,1,,65.0,0,0.23423418982619146,0.84375,0.05486565568353229,0.7119140625,63.299509983062784,1.7428847894806003,TRUE_WEATHERNEXT2:1.00,SKIP,YES,
57087,KXHIGHNY-26MAY15-B67.5,2026-05-15 01:25:31.498718+00:00,KNYC,2026-05-15,1,67.0,69.0,0,0.2606013499655546,0.015625,0.06791306360386948,0.000244140625,63.299509983062784,1.7428847894806003,TRUE_WEATHERNEXT2:1.00,OPEN,NO,17.48
57086,KXHIGHNY-26MAY15-T72,2026-05-15 01:25:30.923916+00:00,KNYC,2026-05-15,1,73.0,,0,0.1177122916815903,0.0,0.013856183612931791,0.0,63.299509983062784,1.7428847894806003,TRUE_WEATHERNEXT2:1.00,SKIP,YES,
57085,KXHIGHNY-26MAY15-B71.5,2026-05-15 01:25:30.294595+00:00,KNYC,2026-05-15,1,71.0,73.0,0,0.1551861218220179,0.0,0.024082732406158183,0.0,63.299509983062784,1.7428847894806003,TRUE_WEATHERNEXT2:1.00,OPEN,NO,0.5500000000000005
57084,KXHIGHNY-26MAY15-B65.5,2026-05-15 01:25:29.700022+00:00,KNYC,2026-05-15,1,65.0,67.0,1,0.19639687198415015,0.140625,0.6457779873568584,0.738525390625,63.299509983062784,1.7428847894806003,TRUE_WEATHERNEXT2:1.00,OPEN,NO,-19.56
57083,KXHIGHNY-26MAY15-B69.5,2026-05-15 01:25:29.111766+00:00,KNYC,2026-05-15,1,69.0,71.0,0,0.20566832357410944,0.0,0.04229945932178458,0.0,63.299509983062784,1.7428847894806003,TRUE_WEATHERNEXT2:1.00,OPEN,NO,2.68
57070,KXHIGHNY-26MAY15-B65.5,2026-05-15 01:20:09.069106+00:00,KNYC,2026-05-15,1,65.0,67.0,1,0.19794250417733084,0.140625,0.6432962266053309,0.738525390625,63.299509983062784,1.7428847894806003,TRUE_WEATHERNEXT2:1.00,OPEN,NO,-19.56
57069,KXHIGHNY-26MAY15-B71.5,2026-05-15 01:20:08.478649+00:00,KNYC,2026-05-15,1,71.0,73.0,0,0.15240828780576682,0.0,0.02322828619188545,0.0,63.299509983062784,1.7428847894806003,TRUE_WEATHERNEXT2:1.00,OPEN,NO,0.5500000000000005
57068,KXHIGHNY-26MAY15-T72,2026-05-15 01:20:07.881357+00:00,KNYC,2026-05-15,1,73.0,,0,0.11739880232802329,0.0,0.013782478788054286,0.0,63.299509983062784,1.7428847894806003,TRUE_WEATHERNEXT2:1.00,SKIP,YES,
57067,KXHIGHNY-26MAY15-B67.5,2026-05-15 01:20:07.248162+00:00,KNYC,2026-05-15,1,67.0,69.0,0,0.26115318549532895,0.015625,0.0682009862943577,0.000244140625,63.299509983062784,1.7428847894806003,TRUE_WEATHERNEXT2:1.00,OPEN,NO,17.48
57066,KXHIGHNY-26MAY15-B69.5,2026-05-15 01:20:06.651036+00:00,KNYC,2026-05-15,1,69.0,71.0,0,0.20434395201794942,0.0,0.04175645072631401,0.0,63.299509983062784,1.7428847894806003,TRUE_WEATHERNEXT2:1.00,OPEN,NO,2.68
57065,KXHIGHNY-26MAY15-T65,2026-05-15 01:20:06.042640+00:00,KNYC,2026-05-15,1,,65.0,0,0.23655241702921462,0.84375,0.05595704600236347,0.7119140625,63.299509983062784,1.7428847894806003,TRUE_WEATHERNEXT2:1.00,SKIP,YES,
57052,KXHIGHNY-26MAY15-T72,2026-05-15 01:14:49.654652+00:00,KNYC,2026-05-15,1,73.0,,0,0.1170926798217417,0.0,0.013710695667836914,0.0,63.299509983062784,1.7428847894806003,TRUE_WEATHERNEXT2:1.00,SKIP,YES,
57051,KXHIGHNY-26MAY15-B67.5,2026-05-15 01:14:49.069840+00:00,KNYC,2026-05-15,1,67.0,69.0,0,0.2616985298512466,0.015625,0.0684861205263038,0.000244140625,63.299509983062784,1.7428847894806003,TRUE_WEATHERNEXT2:1.00,OPEN,NO,17.48
57050,KXHIGHNY-26MAY15-T65,2026-05-15 01:14:48.478174+00:00,KNYC,2026-05-15,1,,65.0,0,0.23884337520912813,0.84375,0.05704615788128836,0.7119140625,63.299509983062784,1.7428847894806003,TRUE_WEATHERNEXT2:1.00,SKIP,YES,
57049,KXHIGHNY-26MAY15-B65.5,2026-05-15 01:14:47.891117+00:00,KNYC,2026-05-15,1,65.0,67.0,1,0.19946995528802733,0.140625,0.6408483524865529,0.738525390625,63.299509983062784,1.7428847894806003,TRUE_WEATHERNEXT2:1.00,OPEN,NO,-19.56
57048,KXHIGHNY-26MAY15-B69.5,2026-05-15 01:14:47.293314+00:00,KNYC,2026-05-15,1,69.0,71.0,0,0.20303515888245657,0.0,0.04122327574242438,0.0,63.299509983062784,1.7428847894806003,TRUE_WEATHERNEXT2:1.00,OPEN,NO,2.68
57047,KXHIGHNY-26MAY15-B71.5,2026-05-15 01:14:46.721758+00:00,KNYC,2026-05-15,1,71.0,73.0,0,0.1496594498010136,0.0,0.022397950914742105,0.0,63.299509983062784,1.7428847894806003,TRUE_WEATHERNEXT2:1.00,OPEN,NO,0.5500000000000005
57034,KXHIGHNY-26MAY15-T72,2026-05-15 01:09:33.258837+00:00,KNYC,2026-05-15,1,73.0,,0,0.11679271214291813,0.0,0.013640537609698536,0.0,63.299509983062784,1.7428847894806003,TRUE_WEATHERNEXT2:1.00,SKIP,YES,
57033,KXHIGHNY-26MAY15-B69.5,2026-05-15 01:09:32.663989+00:00,KNYC,2026-05-15,1,69.0,71.0,0,0.20173742271829395,0.0,0.040697987725019626,0.0,63.299509983062784,1.7428847894806003,TRUE_WEATHERNEXT2:1.00,OPEN,NO,2.68
57032,KXHIGHNY-26MAY15-B65.5,2026-05-15 01:09:32.052626+00:00,KNYC,2026-05-15,1,65.0,67.0,1,0.20098450215688343,0.140625,0.6384257657934834,0.738525390625,63.299509983062784,1.7428847894806003,TRUE_WEATHERNEXT2:1.00,OPEN,NO,-19.56
57031,KXHIGHNY-26MAY15-B71.5,2026-05-15 01:09:31.369440+00:00,KNYC,2026-05-15,1,71.0,73.0,0,0.14693026594492692,0.0,0.02158850305064695,0.0,63.299509983062784,1.7428847894806003,TRUE_WEATHERNEXT2:1.00,OPEN,NO,0.5500000000000005
57030,KXHIGHNY-26MAY15-B67.5,2026-05-15 01:09:30.744973+00:00,KNYC,2026-05-15,1,67.0,69.0,0,0.26223926701849176,0.015625,0.06876943316639582,0.000244140625,63.299509983062784,1.7428847894806003,TRUE_WEATHERNEXT2:1.00,OPEN,NO,17.48
57029,KXHIGHNY-26MAY15-T65,2026-05-15 01:09:30.120885+00:00,KNYC,2026-05-15,1,,65.0,0,0.24111497887209968,0.84375,0.058136433036493074,0.7119140625,63.299509983062784,1.7428847894806003,TRUE_WEATHERNEXT2:1.00,SKIP,YES,
57016,KXHIGHNY-26MAY15-B67.5,2026-05-15 01:04:15.579702+00:00,KNYC,2026-05-15,1,67.0,69.0,0,0.26278168799700347,0.015625,0.06905421554655447,0.000244140625,63.299509983062784,1.7428847894806003,TRUE_WEATHERNEXT2:1.00,OPEN,NO,18.33
57015,KXHIGHNY-26MAY15-T65,2026-05-15 01:04:14.959704+00:00,KNYC,2026-05-15,1,,65.0,0,0.2433936561228928,0.84375,0.05924047184086899,0.7119140625,63.299509983062784,1.7428847894806003,TRUE_WEATHERNEXT2:1.00,SKIP,YES,
