station,model,run_time,valid_date,lead_day,pred_tmax,truth_tmax,error_f,abs_error_f
KMDW,HRRR,2026-04-26 06:00:00+00:00,2026-04-26,0,58.422272949218794,60.0,-1.5777270507812062,1.5777270507812062
KMDW,HRRR,2026-04-26 12:00:00+00:00,2026-04-26,0,61.995411376953165,60.0,1.9954113769531645,1.9954113769531645
KMDW,HRRR,2026-04-26 18:00:00+00:00,2026-04-26,0,58.528840332031294,60.0,-1.4711596679687062,1.4711596679687062
KMDW,HRRR,2026-04-27 00:00:00+00:00,2026-04-26,0,52.66351440429692,60.0,-7.336485595703081,7.336485595703081
KMDW,NBM,2026-04-26 12:00:00+00:00,2026-04-26,0,66.68580444335942,60.0,6.685804443359416,6.685804443359416
KMDW,HRRR,2026-04-25 06:00:00+00:00,2026-04-26,1,60.26654785156254,60.0,0.26654785156254235,0.26654785156254235
KMDW,HRRR,2026-04-25 12:00:00+00:00,2026-04-26,1,59.28590820312504,60.0,-0.7140917968749605,0.7140917968749605
KMDW,HRRR,2026-04-25 18:00:00+00:00,2026-04-26,1,58.16013916015629,60.0,-1.839860839843709,1.839860839843709
KMDW,HRRR,2026-04-26 00:00:00+00:00,2026-04-26,1,57.12951171875004,60.0,-2.870488281249962,2.870488281249962
KMDW,NBM,2026-04-25 12:00:00+00:00,2026-04-26,1,68.1715405273438,60.0,8.171540527343794,8.171540527343794
KMDW,HRRR,2026-04-24 06:00:00+00:00,2026-04-26,2,45.78074462890629,60.0,-14.219255371093709,14.219255371093709
KMDW,HRRR,2026-04-24 12:00:00+00:00,2026-04-26,2,46.876905517578166,60.0,-13.123094482421834,13.123094482421834
KMDW,HRRR,2026-04-24 18:00:00+00:00,2026-04-26,2,56.867158203125044,60.0,-3.1328417968749562,3.1328417968749562
KMDW,HRRR,2026-04-25 00:00:00+00:00,2026-04-26,2,59.11391723632816,60.0,-0.8860827636718369,0.8860827636718369
KMIA,HRRR,2026-04-26 06:00:00+00:00,2026-04-26,0,84.52545898437504,88.0,-3.4745410156249648,3.4745410156249648
KMIA,HRRR,2026-04-26 12:00:00+00:00,2026-04-26,0,84.67454345703129,88.0,-3.325456542968709,3.325456542968709
KMIA,HRRR,2026-04-26 18:00:00+00:00,2026-04-26,0,85.08328979492191,88.0,-2.9167102050780898,2.9167102050780898
KMIA,HRRR,2026-04-27 00:00:00+00:00,2026-04-26,0,75.61351440429692,88.0,-12.386485595703078,12.386485595703078
KMIA,NBM,2026-04-26 12:00:00+00:00,2026-04-26,0,85.4057934570313,88.0,-2.5942065429687062,2.5942065429687062
KMIA,HRRR,2026-04-25 06:00:00+00:00,2026-04-26,1,84.07551391601567,88.0,-3.924486083984334,3.924486083984334
KMIA,HRRR,2026-04-25 12:00:00+00:00,2026-04-26,1,84.04859741210942,88.0,-3.951402587890584,3.951402587890584
KMIA,HRRR,2026-04-25 18:00:00+00:00,2026-04-26,1,85.08603637695316,88.0,-2.9139636230468398,2.9139636230468398
KMIA,HRRR,2026-04-26 00:00:00+00:00,2026-04-26,1,84.57868774414067,88.0,-3.421312255859334,3.421312255859334
KMIA,NBM,2026-04-25 12:00:00+00:00,2026-04-26,1,86.1715405273438,88.0,-1.8284594726562062,1.8284594726562062
KMIA,HRRR,2026-04-24 06:00:00+00:00,2026-04-26,2,72.13293579101567,88.0,-15.867064208984331,15.867064208984331
KMIA,HRRR,2026-04-24 12:00:00+00:00,2026-04-26,2,70.2237866210938,88.0,-17.776213378906206,17.776213378906206
KMIA,HRRR,2026-04-24 18:00:00+00:00,2026-04-26,2,84.20465820312504,88.0,-3.7953417968749648,3.7953417968749648
KMIA,HRRR,2026-04-25 00:00:00+00:00,2026-04-26,2,85.77641723632817,88.0,-2.2235827636718284,2.2235827636718284
KNYC,HRRR,2026-04-26 04:00:00+00:00,2026-04-26,0,47.01868408203129,57.0,-9.981315917968708,9.981315917968708
KNYC,HRRR,2026-04-26 05:00:00+00:00,2026-04-26,0,48.982105712890665,57.0,-8.017894287109335,8.017894287109335
KNYC,HRRR,2026-04-26 06:00:00+00:00,2026-04-26,0,50.122486572265665,57.0,-6.8775134277343355,6.8775134277343355
KNYC,HRRR,2026-04-26 07:00:00+00:00,2026-04-26,0,51.48891113281254,57.0,-5.5110888671874605,5.5110888671874605
KNYC,HRRR,2026-04-26 08:00:00+00:00,2026-04-26,0,49.53422363281254,57.0,-7.465776367187459,7.465776367187459
KNYC,HRRR,2026-04-26 09:00:00+00:00,2026-04-26,0,51.33147705078129,57.0,-5.668522949218712,5.668522949218712
KNYC,HRRR,2026-04-26 10:00:00+00:00,2026-04-26,0,50.37473266601567,57.0,-6.625267333984333,6.625267333984333
KNYC,HRRR,2026-04-26 11:00:00+00:00,2026-04-26,0,51.66079223632816,57.0,-5.339207763671837,5.339207763671837
KNYC,HRRR,2026-04-26 12:00:00+00:00,2026-04-26,0,52.720533447265666,57.0,-4.279466552734334,4.279466552734334
KNYC,HRRR,2026-04-26 13:00:00+00:00,2026-04-26,0,53.60262573242191,57.0,-3.397374267578087,3.397374267578087
KNYC,HRRR,2026-04-26 14:00:00+00:00,2026-04-26,0,51.97197998046879,57.0,-5.028020019531212,5.028020019531212
KNYC,HRRR,2026-04-26 15:00:00+00:00,2026-04-26,0,52.644398193359415,57.0,-4.3556018066405855,4.3556018066405855
KNYC,HRRR,2026-04-26 16:00:00+00:00,2026-04-26,0,53.029633789062544,57.0,-3.9703662109374562,3.9703662109374562
KNYC,HRRR,2026-04-26 17:00:00+00:00,2026-04-26,0,53.88206298828129,57.0,-3.117937011718709,3.117937011718709
KNYC,HRRR,2026-04-26 18:00:00+00:00,2026-04-26,0,54.022083740234415,57.0,-2.9779162597655855,2.9779162597655855
KNYC,HRRR,2026-04-26 19:00:00+00:00,2026-04-26,0,55.34730957031254,57.0,-1.6526904296874605,1.6526904296874605
KNYC,HRRR,2026-04-26 20:00:00+00:00,2026-04-26,0,56.27367675781254,57.0,-0.7263232421874619,0.7263232421874619
KNYC,HRRR,2026-04-26 21:00:00+00:00,2026-04-26,0,56.65429809570317,57.0,-0.34570190429683123,0.34570190429683123
KNYC,HRRR,2026-04-26 22:00:00+00:00,2026-04-26,0,55.10703857421879,57.0,-1.892961425781209,1.892961425781209
KNYC,HRRR,2026-04-26 23:00:00+00:00,2026-04-26,0,50.729481201171915,57.0,-6.2705187988280855,6.2705187988280855
KNYC,HRRR,2026-04-27 00:00:00+00:00,2026-04-26,0,48.72601440429692,57.0,-8.273985595703081,8.273985595703081
KNYC,HRRR,2026-04-27 01:00:00+00:00,2026-04-26,0,47.11009033203129,57.0,-9.889909667968709,9.889909667968709
KNYC,HRRR,2026-04-27 02:00:00+00:00,2026-04-26,0,45.59320800781254,57.0,-11.406791992187458,11.406791992187458
KNYC,NBM,2026-04-26 06:00:00+00:00,2026-04-26,0,59.58457153320317,57.0,2.5845715332031673,2.5845715332031673
KNYC,NBM,2026-04-26 12:00:00+00:00,2026-04-26,0,59.48580444335941,57.0,2.485804443359413,2.485804443359413
KNYC,HRRR,2026-04-25 06:00:00+00:00,2026-04-26,1,51.31708496093754,57.0,-5.682915039062458,5.682915039062458
KNYC,HRRR,2026-04-25 12:00:00+00:00,2026-04-26,1,49.49840820312504,57.0,-7.501591796874962,7.501591796874962
KNYC,HRRR,2026-04-25 18:00:00+00:00,2026-04-26,1,52.05542114257817,57.0,-4.944578857421831,4.944578857421831
KNYC,HRRR,2026-04-25 19:00:00+00:00,2026-04-26,1,41.61077392578129,57.0,-15.389226074218712,15.389226074218712
KNYC,HRRR,2026-04-25 20:00:00+00:00,2026-04-26,1,40.96312988281254,57.0,-16.036870117187462,16.036870117187462
KNYC,HRRR,2026-04-25 21:00:00+00:00,2026-04-26,1,41.73134887695316,57.0,-15.268651123046837,15.268651123046837
KNYC,HRRR,2026-04-25 22:00:00+00:00,2026-04-26,1,41.41247070312504,57.0,-15.587529296874962,15.587529296874962
KNYC,HRRR,2026-04-25 23:00:00+00:00,2026-04-26,1,42.25226562500004,57.0,-14.747734374999958,14.747734374999958
KNYC,HRRR,2026-04-26 00:00:00+00:00,2026-04-26,1,49.94335449218754,57.0,-7.056645507812462,7.056645507812462
KNYC,HRRR,2026-04-26 01:00:00+00:00,2026-04-26,1,45.81831787109379,57.0,-11.18168212890621,11.18168212890621
KNYC,HRRR,2026-04-26 02:00:00+00:00,2026-04-26,1,41.81852539062504,57.0,-15.181474609374959,15.181474609374959
KNYC,HRRR,2026-04-26 03:00:00+00:00,2026-04-26,1,45.015272216796916,57.0,-11.984727783203084,11.984727783203084
KNYC,NBM,2026-04-25 06:00:00+00:00,2026-04-26,1,57.408234863281294,57.0,0.40823486328129377,0.40823486328129377
KNYC,NBM,2026-04-25 12:00:00+00:00,2026-04-26,1,58.091584472656294,57.0,1.0915844726562938,1.0915844726562938
KNYC,NBM,2026-04-25 18:00:00+00:00,2026-04-26,1,60.143995361328166,57.0,3.143995361328166,3.143995361328166
KNYC,NBM,2026-04-26 00:00:00+00:00,2026-04-26,1,59.36358154296879,57.0,2.363581542968788,2.363581542968788
KNYC,HRRR,2026-04-24 06:00:00+00:00,2026-04-26,2,41.42043579101566,57.0,-15.579564208984337,15.579564208984337
KNYC,HRRR,2026-04-24 12:00:00+00:00,2026-04-26,2,40.63628662109379,57.0,-16.363713378906212,16.363713378906212
KNYC,HRRR,2026-04-24 18:00:00+00:00,2026-04-26,2,44.82965820312504,57.0,-12.170341796874958,12.170341796874958
KNYC,HRRR,2026-04-25 00:00:00+00:00,2026-04-26,2,51.24907958984379,57.0,-5.750920410156212,5.750920410156212
KNYC,NBM,2026-04-24 06:00:00+00:00,2026-04-26,2,57.38543823242192,57.0,0.38543823242191877,0.38543823242191877
KNYC,NBM,2026-04-24 12:00:00+00:00,2026-04-26,2,56.69829833984379,57.0,-0.3017016601562119,0.3017016601562119
KNYC,NBM,2026-04-24 18:00:00+00:00,2026-04-26,2,55.92464111328129,57.0,-1.0753588867187105,1.0753588867187105
KNYC,NBM,2026-04-25 00:00:00+00:00,2026-04-26,2,57.251514892578165,57.0,0.2515148925781645,0.2515148925781645
KNYC,NBM,2026-04-23 06:00:00+00:00,2026-04-26,3,57.80379760742191,57.0,0.8037976074219131,0.8037976074219131
KNYC,NBM,2026-04-23 12:00:00+00:00,2026-04-26,3,55.25425537109379,57.0,-1.745744628906209,1.745744628906209
KNYC,NBM,2026-04-23 18:00:00+00:00,2026-04-26,3,56.31899536132816,57.0,-0.6810046386718369,0.6810046386718369
KNYC,NBM,2026-04-24 00:00:00+00:00,2026-04-26,3,54.81029785156254,57.0,-2.189702148437462,2.189702148437462
KNYC,NBM,2026-04-22 06:00:00+00:00,2026-04-26,4,58.823658447265665,57.0,1.8236584472656645,1.8236584472656645
KNYC,NBM,2026-04-22 12:00:00+00:00,2026-04-26,4,59.34424560546879,57.0,2.3442456054687923,2.3442456054687923
KNYC,NBM,2026-04-22 18:00:00+00:00,2026-04-26,4,59.62648437500004,57.0,2.6264843750000395,2.6264843750000395
KNYC,NBM,2026-04-23 00:00:00+00:00,2026-04-26,4,59.98903320312504,57.0,2.9890332031250395,2.9890332031250395
KNYC,NBM,2026-04-21 06:00:00+00:00,2026-04-26,5,58.91693237304692,57.0,1.9169323730469188,1.9169323730469188
KNYC,NBM,2026-04-21 12:00:00+00:00,2026-04-26,5,58.596406250000044,57.0,1.5964062500000438,1.5964062500000438
KNYC,NBM,2026-04-21 18:00:00+00:00,2026-04-26,5,60.09307373046879,57.0,3.093073730468788,3.093073730468788
KNYC,NBM,2026-04-22 00:00:00+00:00,2026-04-26,5,59.99194458007817,57.0,2.9919445800781688,2.9919445800781688
KNYC,NBM,2026-04-20 06:00:00+00:00,2026-04-26,6,61.94734619140629,57.0,4.9473461914062895,4.9473461914062895
KNYC,NBM,2026-04-20 12:00:00+00:00,2026-04-26,6,60.815095214843794,57.0,3.8150952148437938,3.8150952148437938
KNYC,NBM,2026-04-20 18:00:00+00:00,2026-04-26,6,58.60728271484379,57.0,1.607282714843791,1.607282714843791
KNYC,NBM,2026-04-21 00:00:00+00:00,2026-04-26,6,59.268769531250044,57.0,2.2687695312500438,2.2687695312500438
KNYC,NBM,2026-04-19 06:00:00+00:00,2026-04-26,7,64.85833862304692,57.0,7.858338623046919,7.858338623046919
KNYC,NBM,2026-04-19 12:00:00+00:00,2026-04-26,7,63.619355468750044,57.0,6.619355468750044,6.619355468750044
KNYC,NBM,2026-04-19 18:00:00+00:00,2026-04-26,7,61.75305297851567,57.0,4.753052978515669,4.753052978515669
KNYC,NBM,2026-04-20 00:00:00+00:00,2026-04-26,7,60.53450439453129,57.0,3.5345043945312895,3.5345043945312895
KMDW,HRRR,2026-04-27 06:00:00+00:00,2026-04-27,0,63.93059814453129,68.0,-4.069401855468712,4.069401855468712
KMDW,HRRR,2026-04-27 12:00:00+00:00,2026-04-27,0,64.7855541992188,68.0,-3.2144458007812062,3.2144458007812062
KMDW,HRRR,2026-04-27 18:00:00+00:00,2026-04-27,0,65.28664062500005,68.0,-2.7133593749999534,2.7133593749999534
KMDW,HRRR,2026-04-28 00:00:00+00:00,2026-04-27,0,61.02301147460942,68.0,-6.976988525390581,6.976988525390581
KMDW,NBM,2026-04-27 12:00:00+00:00,2026-04-27,0,71.75192993164066,68.0,3.7519299316406602,3.7519299316406602
KMDW,HRRR,2026-04-26 06:00:00+00:00,2026-04-27,1,65.65089233398442,68.0,-2.349107666015584,2.349107666015584
KMDW,HRRR,2026-04-26 12:00:00+00:00,2026-04-27,1,64.74309204101567,68.0,-3.2569079589843284,3.2569079589843284
KMDW,HRRR,2026-04-26 18:00:00+00:00,2026-04-27,1,65.69209106445317,68.0,-2.307908935546834,2.307908935546834
KMDW,HRRR,2026-04-27 00:00:00+00:00,2026-04-27,1,66.8142895507813,68.0,-1.1857104492187034,1.1857104492187034
KMDW,NBM,2026-04-26 12:00:00+00:00,2026-04-27,1,75.13994873046879,68.0,7.139948730468788,7.139948730468788
KMDW,HRRR,2026-04-25 06:00:00+00:00,2026-04-27,2,50.819569091796915,68.0,-17.180430908203085,17.180430908203085
KMDW,HRRR,2026-04-25 12:00:00+00:00,2026-04-27,2,51.61931884765629,68.0,-16.380681152343712,16.380681152343712
KMDW,HRRR,2026-04-25 18:00:00+00:00,2026-04-27,2,67.41628540039066,68.0,-0.5837145996093369,0.5837145996093369
KMDW,HRRR,2026-04-26 00:00:00+00:00,2026-04-27,2,62.71803710937504,68.0,-5.2819628906249605,5.2819628906249605
KMIA,HRRR,2026-04-27 06:00:00+00:00,2026-04-27,0,84.41559570312504,88.0,-3.5844042968749648,3.5844042968749648
KMIA,HRRR,2026-04-27 12:00:00+00:00,2026-04-27,0,82.44118774414066,88.0,-5.558812255859337,5.558812255859337
KMIA,HRRR,2026-04-27 18:00:00+00:00,2026-04-27,0,85.31609008789067,88.0,-2.6839099121093284,2.6839099121093284
KMIA,HRRR,2026-04-28 00:00:00+00:00,2026-04-27,0,76.43551147460941,88.0,-11.564488525390587,11.564488525390587
KMIA,NBM,2026-04-27 12:00:00+00:00,2026-04-27,0,86.87191894531254,88.0,-1.1280810546874562,1.1280810546874562
KMIA,HRRR,2026-04-26 06:00:00+00:00,2026-04-27,1,84.27414672851566,88.0,-3.7258532714843398,3.7258532714843398
KMIA,HRRR,2026-04-26 12:00:00+00:00,2026-04-27,1,83.12865722656254,88.0,-4.871342773437462,4.871342773437462
KMIA,HRRR,2026-04-26 18:00:00+00:00,2026-04-27,1,81.87379882812505,88.0,-6.126201171874953,6.126201171874953
KMIA,HRRR,2026-04-27 00:00:00+00:00,2026-04-27,1,82.5642895507813,88.0,-5.435710449218703,5.435710449218703
KMIA,NBM,2026-04-26 12:00:00+00:00,2026-04-27,1,85.93994873046879,88.0,-2.0600512695312148,2.0600512695312148
KMIA,HRRR,2026-04-25 06:00:00+00:00,2026-04-27,2,73.14625976562505,88.0,-14.853740234374953,14.853740234374953
KMIA,HRRR,2026-04-25 12:00:00+00:00,2026-04-27,2,72.04334228515629,88.0,-15.956657714843715,15.956657714843715
KMIA,HRRR,2026-04-25 18:00:00+00:00,2026-04-27,2,86.67817504882817,88.0,-1.321824951171834,1.321824951171834
KMIA,HRRR,2026-04-26 00:00:00+00:00,2026-04-27,2,82.40147216796879,88.0,-5.598527832031209,5.598527832031209
KNYC,HRRR,2026-04-27 04:00:00+00:00,2026-04-27,0,65.72647827148441,68.0,-2.2735217285155898,2.2735217285155898
KNYC,HRRR,2026-04-27 05:00:00+00:00,2026-04-27,0,65.48895385742192,68.0,-2.5110461425780812,2.5110461425780812
KNYC,HRRR,2026-04-27 06:00:00+00:00,2026-04-27,0,65.74059570312504,68.0,-2.259404296874962,2.259404296874962
KNYC,HRRR,2026-04-27 07:00:00+00:00,2026-04-27,0,65.45017211914066,68.0,-2.5498278808593398,2.5498278808593398
KNYC,HRRR,2026-04-27 08:00:00+00:00,2026-04-27,0,65.16908691406255,68.0,-2.8309130859374534,2.8309130859374534
KNYC,HRRR,2026-04-27 09:00:00+00:00,2026-04-27,0,65.69752929687505,68.0,-2.3024707031249534,2.3024707031249534
KNYC,HRRR,2026-04-27 10:00:00+00:00,2026-04-27,0,66.25371215820317,68.0,-1.7462878417968284,1.7462878417968284
KNYC,HRRR,2026-04-27 11:00:00+00:00,2026-04-27,0,65.71076782226567,68.0,-2.289232177734334,2.289232177734334
KNYC,HRRR,2026-04-27 12:00:00+00:00,2026-04-27,0,66.35368774414067,68.0,-1.6463122558593284,1.6463122558593284
KNYC,HRRR,2026-04-27 13:00:00+00:00,2026-04-27,0,66.41054199218755,68.0,-1.5894580078124534,1.5894580078124534
KNYC,HRRR,2026-04-27 14:00:00+00:00,2026-04-27,0,67.1289379882813,68.0,-0.8710620117187062,0.8710620117187062
KNYC,HRRR,2026-04-27 15:00:00+00:00,2026-04-27,0,67.64128540039067,68.0,-0.3587145996093284,0.3587145996093284
KNYC,HRRR,2026-04-27 16:00:00+00:00,2026-04-27,0,67.6518872070313,68.0,-0.34811279296870623,0.34811279296870623
KNYC,HRRR,2026-04-27 17:00:00+00:00,2026-04-27,0,67.83997314453129,68.0,-0.16002685546871476,0.16002685546871476
KNYC,HRRR,2026-04-27 18:00:00+00:00,2026-04-27,0,68.02382934570316,68.0,0.023829345703163085,0.023829345703163085
KNYC,HRRR,2026-04-27 19:00:00+00:00,2026-04-27,0,68.47657592773442,68.0,0.4765759277344159,0.4765759277344159
KNYC,HRRR,2026-04-27 20:00:00+00:00,2026-04-27,0,66.41048706054691,68.0,-1.589512939453087,1.589512939453087
KNYC,HRRR,2026-04-27 21:00:00+00:00,2026-04-27,0,62.97934692382817,68.0,-5.020653076171833,5.020653076171833
KNYC,HRRR,2026-04-27 22:00:00+00:00,2026-04-27,0,57.76616943359379,68.0,-10.233830566406212,10.233830566406212
KNYC,HRRR,2026-04-27 23:00:00+00:00,2026-04-27,0,54.98305786132816,68.0,-13.016942138671837,13.016942138671837
KNYC,HRRR,2026-04-28 00:00:00+00:00,2026-04-27,0,52.81051147460941,68.0,-15.189488525390587,15.189488525390587
KNYC,HRRR,2026-04-28 01:00:00+00:00,2026-04-27,0,51.00842407226567,68.0,-16.99157592773433,16.99157592773433
KNYC,HRRR,2026-04-28 02:00:00+00:00,2026-04-27,0,49.71088378906254,68.0,-18.289116210937458,18.289116210937458
KNYC,NBM,2026-04-27 06:00:00+00:00,2026-04-27,0,68.47794921875004,68.0,0.4779492187500409,0.4779492187500409
KNYC,NBM,2026-04-27 12:00:00+00:00,2026-04-27,0,68.87191894531254,68.0,0.8719189453125438,0.8719189453125438
KNYC,HRRR,2026-04-26 06:00:00+00:00,2026-04-27,1,61.420441894531294,68.0,-6.579558105468706,6.579558105468706
KNYC,HRRR,2026-04-26 12:00:00+00:00,2026-04-27,1,61.51080444335942,68.0,-6.489195556640581,6.489195556640581
KNYC,HRRR,2026-04-26 14:00:00+00:00,2026-04-27,1,42.70764892578129,68.0,-25.292351074218708,25.292351074218708
KNYC,HRRR,2026-04-26 15:00:00+00:00,2026-04-27,1,42.37284057617192,68.0,-25.627159423828083,25.627159423828083
KNYC,HRRR,2026-04-26 16:00:00+00:00,2026-04-27,1,42.578175048828165,68.0,-25.421824951171835,25.421824951171835
KNYC,HRRR,2026-04-26 17:00:00+00:00,2026-04-27,1,42.83371704101567,68.0,-25.166282958984333,25.166282958984333
KNYC,HRRR,2026-04-26 18:00:00+00:00,2026-04-27,1,64.79209106445316,68.0,-3.2079089355468398,3.2079089355468398
KNYC,HRRR,2026-04-26 19:00:00+00:00,2026-04-27,1,43.56485717773442,68.0,-24.435142822265583,24.435142822265583
KNYC,HRRR,2026-04-26 20:00:00+00:00,2026-04-27,1,47.540864257812544,68.0,-20.459135742187456,20.459135742187456
KNYC,HRRR,2026-04-26 21:00:00+00:00,2026-04-27,1,53.26078613281254,68.0,-14.739213867187459,14.739213867187459
KNYC,HRRR,2026-04-26 22:00:00+00:00,2026-04-27,1,55.94035156250004,68.0,-12.059648437499959,12.059648437499959
KNYC,HRRR,2026-04-26 23:00:00+00:00,2026-04-27,1,47.582062988281294,68.0,-20.417937011718706,20.417937011718706
KNYC,HRRR,2026-04-27 00:00:00+00:00,2026-04-27,1,65.61815307617192,68.0,-2.3818469238280784,2.3818469238280784
KNYC,HRRR,2026-04-27 01:00:00+00:00,2026-04-27,1,48.08787353515629,68.0,-19.91212646484371,19.91212646484371
KNYC,HRRR,2026-04-27 02:00:00+00:00,2026-04-27,1,64.88921020507817,68.0,-3.1107897949218284,3.1107897949218284
KNYC,HRRR,2026-04-27 03:00:00+00:00,2026-04-27,1,64.09984252929692,68.0,-3.9001574707030784,3.9001574707030784
KNYC,NBM,2026-04-26 06:00:00+00:00,2026-04-27,1,68.29107177734379,68.0,0.2910717773437881,0.2910717773437881
KNYC,NBM,2026-04-26 12:00:00+00:00,2026-04-27,1,68.6599926757813,68.0,0.6599926757812966,0.6599926757812966
KNYC,NBM,2026-04-26 18:00:00+00:00,2026-04-27,1,68.01465576171879,68.0,0.014655761718785243,0.014655761718785243
KNYC,NBM,2026-04-27 00:00:00+00:00,2026-04-27,1,68.29167602539067,68.0,0.2916760253906716,0.2916760253906716
KNYC,HRRR,2026-04-25 06:00:00+00:00,2026-04-27,2,41.53375976562504,68.0,-26.466240234374958,26.466240234374958
KNYC,HRRR,2026-04-25 12:00:00+00:00,2026-04-27,2,47.23181884765629,68.0,-20.768181152343708,20.768181152343708
KNYC,HRRR,2026-04-25 18:00:00+00:00,2026-04-27,2,61.25317504882817,68.0,-6.746824951171831,6.746824951171831
KNYC,HRRR,2026-04-26 00:00:00+00:00,2026-04-27,2,61.87247436523442,68.0,-6.127525634765583,6.127525634765583
KNYC,NBM,2026-04-25 06:00:00+00:00,2026-04-27,2,66.5220532226563,68.0,-1.4779467773437034,1.4779467773437034
KNYC,NBM,2026-04-25 12:00:00+00:00,2026-04-27,2,65.68374145507816,68.0,-2.316258544921837,2.316258544921837
KNYC,NBM,2026-04-25 18:00:00+00:00,2026-04-27,2,66.44696166992192,68.0,-1.5530383300780812,1.5530383300780812
KNYC,NBM,2026-04-26 00:00:00+00:00,2026-04-27,2,67.23242919921879,68.0,-0.7675708007812148,0.7675708007812148
KNYC,NBM,2026-04-24 06:00:00+00:00,2026-04-27,3,64.22492187500004,68.0,-3.7750781249999648,3.7750781249999648
KNYC,NBM,2026-04-24 12:00:00+00:00,2026-04-27,3,64.38383911132817,68.0,-3.6161608886718284,3.6161608886718284
KNYC,NBM,2026-04-24 18:00:00+00:00,2026-04-27,3,64.91909301757816,68.0,-3.080906982421837,3.080906982421837
KNYC,NBM,2026-04-25 00:00:00+00:00,2026-04-27,3,65.69873779296879,68.0,-2.3012622070312148,2.3012622070312148
KNYC,NBM,2026-04-23 06:00:00+00:00,2026-04-27,4,64.52649658203129,68.0,-3.4735034179687148,3.4735034179687148
KNYC,NBM,2026-04-23 12:00:00+00:00,2026-04-27,4,65.39474609375004,68.0,-2.6052539062499562,2.6052539062499562
KNYC,NBM,2026-04-23 18:00:00+00:00,2026-04-27,4,64.51726806640629,68.0,-3.482731933593712,3.482731933593712
KNYC,NBM,2026-04-24 00:00:00+00:00,2026-04-27,4,64.67008789062504,68.0,-3.329912109374959,3.329912109374959
KNYC,NBM,2026-04-22 06:00:00+00:00,2026-04-27,5,64.24403808593755,68.0,-3.7559619140624534,3.7559619140624534
KNYC,NBM,2026-04-22 12:00:00+00:00,2026-04-27,5,63.125135498046916,68.0,-4.874864501953084,4.874864501953084
KNYC,NBM,2026-04-22 18:00:00+00:00,2026-04-27,5,64.51353271484379,68.0,-3.486467285156209,3.486467285156209
KNYC,NBM,2026-04-23 00:00:00+00:00,2026-04-27,5,63.84699218750004,68.0,-4.153007812499958,4.153007812499958
KNYC,NBM,2026-04-21 06:00:00+00:00,2026-04-27,6,64.90135009765629,68.0,-3.098649902343709,3.098649902343709
KNYC,NBM,2026-04-21 12:00:00+00:00,2026-04-27,6,63.82886474609379,68.0,-4.171135253906208,4.171135253906208
KNYC,NBM,2026-04-21 18:00:00+00:00,2026-04-27,6,65.01807983398442,68.0,-2.981920166015584,2.981920166015584
KNYC,NBM,2026-04-22 00:00:00+00:00,2026-04-27,6,64.29809082031254,68.0,-3.701909179687462,3.701909179687462
KNYC,NBM,2026-04-20 06:00:00+00:00,2026-04-27,7,65.23494995117191,68.0,-2.765050048828087,2.765050048828087
KNYC,NBM,2026-04-20 12:00:00+00:00,2026-04-27,7,65.01401489257816,68.0,-2.9859851074218398,2.9859851074218398
KNYC,NBM,2026-04-20 18:00:00+00:00,2026-04-27,7,64.5427563476563,68.0,-3.4572436523437062,3.4572436523437062
KNYC,NBM,2026-04-21 00:00:00+00:00,2026-04-27,7,63.188142089843794,68.0,-4.811857910156206,4.811857910156206
KMDW,HRRR,2026-04-28 06:00:00+00:00,2026-04-28,0,61.11859252929692,64.0,-2.8814074707030812,2.8814074707030812
KMDW,HRRR,2026-04-28 12:00:00+00:00,2026-04-28,0,58.69791992187504,64.0,-5.302080078124959,5.302080078124959
KMDW,HRRR,2026-04-28 18:00:00+00:00,2026-04-28,0,60.16942871093754,64.0,-3.830571289062462,3.830571289062462
KMDW,HRRR,2026-04-29 00:00:00+00:00,2026-04-28,0,57.79467895507817,64.0,-6.205321044921831,6.205321044921831
KMDW,NBM,2026-04-28 12:00:00+00:00,2026-04-28,0,66.11028564453129,64.0,2.110285644531288,2.110285644531288
KMDW,HRRR,2026-04-27 06:00:00+00:00,2026-04-28,1,60.17398803710942,64.0,-3.8260119628905827,3.8260119628905827
KMDW,HRRR,2026-04-27 12:00:00+00:00,2026-04-28,1,63.25867431640629,64.0,-0.7413256835937077,0.7413256835937077
KMDW,HRRR,2026-04-27 18:00:00+00:00,2026-04-28,1,59.56737792968754,64.0,-4.432622070312462,4.432622070312462
KMDW,HRRR,2026-04-28 00:00:00+00:00,2026-04-28,1,59.54771240234379,64.0,-4.452287597656209,4.452287597656209
KMDW,NBM,2026-04-27 12:00:00+00:00,2026-04-28,1,66.11193359375004,64.0,2.111933593750038,2.111933593750038
KMDW,HRRR,2026-04-26 06:00:00+00:00,2026-04-28,2,62.08209350585942,64.0,-1.9179064941405812,1.9179064941405812
KMDW,HRRR,2026-04-26 12:00:00+00:00,2026-04-28,2,62.26935546875004,64.0,-1.7306445312499577,1.7306445312499577
KMDW,HRRR,2026-04-26 18:00:00+00:00,2026-04-28,2,59.27640502929692,64.0,-4.723594970703083,4.723594970703083
KMDW,HRRR,2026-04-27 00:00:00+00:00,2026-04-28,2,62.548737792968794,64.0,-1.4512622070312062,1.4512622070312062
KMIA,HRRR,2026-04-28 06:00:00+00:00,2026-04-28,0,84.57747924804691,86.0,-1.422520751953087,1.422520751953087
KMIA,HRRR,2026-04-28 12:00:00+00:00,2026-04-28,0,83.40463378906254,86.0,-2.5953662109374562,2.5953662109374562
KMIA,HRRR,2026-04-28 18:00:00+00:00,2026-04-28,0,84.15955932617192,86.0,-1.840440673828084,1.840440673828084
KMIA,HRRR,2026-04-29 00:00:00+00:00,2026-04-28,0,75.56967895507816,86.0,-10.43032104492184,10.43032104492184
KMIA,NBM,2026-04-28 12:00:00+00:00,2026-04-28,0,84.83027465820317,86.0,-1.169725341796834,1.169725341796834
KMIA,HRRR,2026-04-27 06:00:00+00:00,2026-04-28,1,82.66624267578129,86.0,-3.333757324218709,3.333757324218709
KMIA,HRRR,2026-04-27 12:00:00+00:00,2026-04-28,1,82.82559936523441,86.0,-3.1744006347655898,3.1744006347655898
KMIA,HRRR,2026-04-27 18:00:00+00:00,2026-04-28,1,83.94010742187504,86.0,-2.059892578124959,2.059892578124959
KMIA,HRRR,2026-04-28 00:00:00+00:00,2026-04-28,1,84.0270092773438,86.0,-1.9729907226562062,1.9729907226562062
KMIA,NBM,2026-04-27 12:00:00+00:00,2026-04-28,1,84.83192260742192,86.0,-1.168077392578084,1.168077392578084
KMIA,HRRR,2026-04-26 06:00:00+00:00,2026-04-28,2,71.03913696289067,86.0,-14.960863037109334,14.960863037109334
KMIA,HRRR,2026-04-26 12:00:00+00:00,2026-04-28,2,70.76074340820317,86.0,-15.239256591796831,15.239256591796831
KMIA,HRRR,2026-04-26 18:00:00+00:00,2026-04-28,2,82.46480834960941,86.0,-3.535191650390587,3.535191650390587
KMIA,HRRR,2026-04-27 00:00:00+00:00,2026-04-28,2,84.06650512695316,86.0,-1.9334948730468398,1.9334948730468398
KNYC,HRRR,2026-04-28 04:00:00+00:00,2026-04-28,0,65.25846069335941,65.0,0.25846069335941024,0.25846069335941024
KNYC,HRRR,2026-04-28 05:00:00+00:00,2026-04-28,0,63.95630615234379,65.0,-1.0436938476562077,1.0436938476562077
KNYC,HRRR,2026-04-28 06:00:00+00:00,2026-04-28,0,63.86187866210942,65.0,-1.1381213378905812,1.1381213378905812
KNYC,HRRR,2026-04-28 07:00:00+00:00,2026-04-28,0,64.17960327148441,65.0,-0.8203967285155898,0.8203967285155898
KNYC,HRRR,2026-04-28 08:00:00+00:00,2026-04-28,0,63.51322753906254,65.0,-1.486772460937459,1.486772460937459
KNYC,HRRR,2026-04-28 09:00:00+00:00,2026-04-28,0,65.61842773437505,65.0,0.6184277343750466,0.6184277343750466
KNYC,HRRR,2026-04-28 10:00:00+00:00,2026-04-28,0,66.29749267578129,65.0,1.2974926757812852,1.2974926757812852
KNYC,HRRR,2026-04-28 11:00:00+00:00,2026-04-28,0,66.24706542968754,65.0,1.247065429687538,1.247065429687538
KNYC,HRRR,2026-04-28 12:00:00+00:00,2026-04-28,0,67.42963378906254,65.0,2.4296337890625352,2.4296337890625352
KNYC,HRRR,2026-04-28 13:00:00+00:00,2026-04-28,0,68.58819702148442,65.0,3.5881970214844188,3.5881970214844188
KNYC,HRRR,2026-04-28 14:00:00+00:00,2026-04-28,0,68.84670532226566,65.0,3.846705322265663,3.846705322265663
KNYC,HRRR,2026-04-28 15:00:00+00:00,2026-04-28,0,69.07626464843754,65.0,4.076264648437544,4.076264648437544
KNYC,HRRR,2026-04-28 16:00:00+00:00,2026-04-28,0,68.07667358398442,65.0,3.076673583984416,3.076673583984416
KNYC,HRRR,2026-04-28 17:00:00+00:00,2026-04-28,0,66.80566528320317,65.0,1.8056652832031688,1.8056652832031688
KNYC,HRRR,2026-04-28 18:00:00+00:00,2026-04-28,0,65.48455932617192,65.0,0.48455932617191877,0.48455932617191877
KNYC,HRRR,2026-04-28 19:00:00+00:00,2026-04-28,0,63.91681030273442,65.0,-1.0831896972655812,1.0831896972655812
KNYC,HRRR,2026-04-28 20:00:00+00:00,2026-04-28,0,60.93330810546879,65.0,-4.0666918945312105,4.0666918945312105
KNYC,HRRR,2026-04-28 21:00:00+00:00,2026-04-28,0,59.998646240234415,65.0,-5.0013537597655855,5.0013537597655855
KNYC,HRRR,2026-04-28 22:00:00+00:00,2026-04-28,0,58.59371459960941,65.0,-6.406285400390587,6.406285400390587
KNYC,HRRR,2026-04-28 23:00:00+00:00,2026-04-28,0,55.36631591796879,65.0,-9.633684082031209,9.633684082031209
KNYC,HRRR,2026-04-29 00:00:00+00:00,2026-04-28,0,53.29467895507817,65.0,-11.705321044921831,11.705321044921831
KNYC,HRRR,2026-04-29 01:00:00+00:00,2026-04-28,0,54.67879150390629,65.0,-10.32120849609371,10.32120849609371
KNYC,HRRR,2026-04-29 02:00:00+00:00,2026-04-28,0,52.20983398437504,65.0,-12.790166015624962,12.790166015624962
KNYC,NBM,2026-04-28 06:00:00+00:00,2026-04-28,0,66.78753784179692,65.0,1.7875378417969188,1.7875378417969188
KNYC,NBM,2026-04-28 12:00:00+00:00,2026-04-28,0,66.83027465820317,65.0,1.830274658203166,1.830274658203166
KNYC,HRRR,2026-04-27 06:00:00+00:00,2026-04-28,1,64.78819091796879,65.0,-0.21180908203120907,0.21180908203120907
KNYC,HRRR,2026-04-27 12:00:00+00:00,2026-04-28,1,63.43544433593754,65.0,-1.5645556640624605,1.5645556640624605
KNYC,HRRR,2026-04-27 13:00:00+00:00,2026-04-28,1,48.10440795898442,65.0,-16.895592041015583,16.895592041015583
KNYC,HRRR,2026-04-27 14:00:00+00:00,2026-04-28,1,47.12041748046879,65.0,-17.879582519531212,17.879582519531212
KNYC,HRRR,2026-04-27 15:00:00+00:00,2026-04-28,1,48.42004516601567,65.0,-16.57995483398433,16.57995483398433
KNYC,HRRR,2026-04-27 16:00:00+00:00,2026-04-28,1,48.28288085937504,65.0,-16.71711914062496,16.71711914062496
KNYC,HRRR,2026-04-27 17:00:00+00:00,2026-04-28,1,48.03750122070316,65.0,-16.962498779296837,16.962498779296837
KNYC,HRRR,2026-04-27 18:00:00+00:00,2026-04-28,1,64.08973510742192,65.0,-0.9102648925780841,0.9102648925780841
KNYC,HRRR,2026-04-27 19:00:00+00:00,2026-04-28,1,50.254871826171915,65.0,-14.745128173828085,14.745128173828085
KNYC,HRRR,2026-04-27 20:00:00+00:00,2026-04-28,1,48.25360229492192,65.0,-16.74639770507808,16.74639770507808
KNYC,HRRR,2026-04-27 21:00:00+00:00,2026-04-28,1,60.22353637695316,65.0,-4.776463623046837,4.776463623046837
KNYC,HRRR,2026-04-27 22:00:00+00:00,2026-04-28,1,57.32001464843754,65.0,-7.679985351562458,7.679985351562458
KNYC,HRRR,2026-04-28 00:00:00+00:00,2026-04-28,1,63.42714965820316,65.0,-1.572850341796837,1.572850341796837
KNYC,HRRR,2026-04-28 01:00:00+00:00,2026-04-28,1,65.18111694335941,65.0,0.18111694335941309,0.18111694335941309
KNYC,HRRR,2026-04-28 02:00:00+00:00,2026-04-28,1,65.05807006835941,65.0,0.058070068359413085,0.058070068359413085
KNYC,HRRR,2026-04-28 03:00:00+00:00,2026-04-28,1,63.72614257812504,65.0,-1.2738574218749577,1.2738574218749577
KNYC,NBM,2026-04-27 06:00:00+00:00,2026-04-28,1,67.09169433593755,65.0,2.0916943359375466,2.0916943359375466
KNYC,NBM,2026-04-27 12:00:00+00:00,2026-04-28,1,67.5519116210938,65.0,2.5519116210937938,2.5519116210937938
KNYC,NBM,2026-04-27 18:00:00+00:00,2026-04-28,1,67.53812377929691,65.0,2.5381237792969102,2.5381237792969102
KNYC,NBM,2026-04-28 00:00:00+00:00,2026-04-28,1,67.37673461914066,65.0,2.376734619140663,2.376734619140663
KNYC,HRRR,2026-04-26 06:00:00+00:00,2026-04-28,2,46.40163696289066,65.0,-18.598363037109337,18.598363037109337
KNYC,HRRR,2026-04-26 12:00:00+00:00,2026-04-28,2,48.906849365234415,65.0,-16.093150634765585,16.093150634765585
KNYC,HRRR,2026-04-26 18:00:00+00:00,2026-04-28,2,61.539808349609416,65.0,-3.460191650390584,3.460191650390584
KNYC,HRRR,2026-04-27 00:00:00+00:00,2026-04-28,2,63.929005126953165,65.0,-1.0709948730468355,1.0709948730468355
KNYC,NBM,2026-04-26 06:00:00+00:00,2026-04-28,2,66.43372314453129,65.0,1.4337231445312852,1.4337231445312852
KNYC,NBM,2026-04-26 12:00:00+00:00,2026-04-28,2,66.11715209960941,65.0,1.117152099609413,1.117152099609413
KNYC,NBM,2026-04-26 18:00:00+00:00,2026-04-28,2,65.92071655273442,65.0,0.9207165527344188,0.9207165527344188
KNYC,NBM,2026-04-27 00:00:00+00:00,2026-04-28,2,66.37439697265629,65.0,1.3743969726562852,1.3743969726562852
KNYC,NBM,2026-04-25 06:00:00+00:00,2026-04-28,3,64.51034667968754,65.0,-0.48965332031245623,0.48965332031245623
KNYC,NBM,2026-04-25 12:00:00+00:00,2026-04-28,3,65.12893188476566,65.0,0.12893188476566309,0.12893188476566309
KNYC,NBM,2026-04-25 18:00:00+00:00,2026-04-28,3,64.95990722656254,65.0,-0.04009277343746476,0.04009277343746476
KNYC,NBM,2026-04-26 00:00:00+00:00,2026-04-28,3,65.52015502929692,65.0,0.5201550292969159,0.5201550292969159
KNYC,NBM,2026-04-24 06:00:00+00:00,2026-04-28,4,64.4027905273438,65.0,-0.5972094726562034,0.5972094726562034
KNYC,NBM,2026-04-24 12:00:00+00:00,2026-04-28,4,64.80521972656254,65.0,-0.19478027343745907,0.19478027343745907
KNYC,NBM,2026-04-24 18:00:00+00:00,2026-04-28,4,63.772779541015666,65.0,-1.227220458984334,1.227220458984334
KNYC,NBM,2026-04-25 00:00:00+00:00,2026-04-28,4,63.741853027343794,65.0,-1.2581469726562062,1.2581469726562062
KNYC,NBM,2026-04-23 06:00:00+00:00,2026-04-28,5,61.92998779296879,65.0,-3.070012207031212,3.070012207031212
KNYC,NBM,2026-04-23 12:00:00+00:00,2026-04-28,5,63.27965820312504,65.0,-1.720341796874962,1.720341796874962
KNYC,NBM,2026-04-23 18:00:00+00:00,2026-04-28,5,63.729768066406294,65.0,-1.2702319335937062,1.2702319335937062
KNYC,NBM,2026-04-24 00:00:00+00:00,2026-04-28,5,63.795301513671916,65.0,-1.204698486328084,1.204698486328084
KNYC,NBM,2026-04-22 06:00:00+00:00,2026-04-28,6,63.64231689453129,65.0,-1.357683105468709,1.357683105468709
KNYC,NBM,2026-04-22 12:00:00+00:00,2026-04-28,6,63.46834838867191,65.0,-1.531651611328087,1.531651611328087
KNYC,NBM,2026-04-22 18:00:00+00:00,2026-04-28,6,61.17572143554692,65.0,-3.8242785644530812,3.8242785644530812
KNYC,NBM,2026-04-23 00:00:00+00:00,2026-04-28,6,61.318983154296916,65.0,-3.681016845703084,3.681016845703084
KNYC,NBM,2026-04-21 06:00:00+00:00,2026-04-28,7,64.34901245117192,65.0,-0.6509875488280841,0.6509875488280841
KNYC,NBM,2026-04-21 12:00:00+00:00,2026-04-28,7,63.60364501953129,65.0,-1.3963549804687077,1.3963549804687077
KNYC,NBM,2026-04-21 18:00:00+00:00,2026-04-28,7,64.59279907226566,65.0,-0.4072009277343369,0.4072009277343369
KNYC,NBM,2026-04-22 00:00:00+00:00,2026-04-28,7,63.54744995117191,65.0,-1.452550048828087,1.452550048828087
KMDW,HRRR,2026-04-29 06:00:00+00:00,2026-04-29,0,58.317738037109415,57.0,1.3177380371094145,1.3177380371094145
KMDW,HRRR,2026-04-29 12:00:00+00:00,2026-04-29,0,53.969349365234415,57.0,-3.0306506347655855,3.0306506347655855
KMDW,HRRR,2026-04-29 18:00:00+00:00,2026-04-29,0,51.439747314453165,57.0,-5.5602526855468355,5.5602526855468355
KMDW,HRRR,2026-04-30 00:00:00+00:00,2026-04-29,0,42.91995971679692,57.0,-14.080040283203083,14.080040283203083
KMDW,NBM,2026-04-29 12:00:00+00:00,2026-04-29,0,58.18343017578129,57.0,1.1834301757812895,1.1834301757812895
KMDW,HRRR,2026-04-28 06:00:00+00:00,2026-04-29,1,53.84789550781254,57.0,-3.152104492187462,3.152104492187462
KMDW,HRRR,2026-04-28 12:00:00+00:00,2026-04-29,1,52.10161865234379,57.0,-4.898381347656212,4.898381347656212
KMDW,HRRR,2026-04-28 18:00:00+00:00,2026-04-29,1,53.881623535156294,57.0,-3.1183764648437062,3.1183764648437062
KMDW,HRRR,2026-04-29 00:00:00+00:00,2026-04-29,1,58.84552124023442,57.0,1.8455212402344188,1.8455212402344188
KMDW,NBM,2026-04-28 12:00:00+00:00,2026-04-29,1,57.503651123046915,57.0,0.5036511230469145,0.5036511230469145
KMDW,HRRR,2026-04-27 06:00:00+00:00,2026-04-29,2,52.22949951171879,57.0,-4.770500488281208,4.770500488281208
KMDW,HRRR,2026-04-27 12:00:00+00:00,2026-04-29,2,50.67191284179692,57.0,-6.328087158203083,6.328087158203083
KMDW,HRRR,2026-04-27 18:00:00+00:00,2026-04-29,2,50.250257568359416,57.0,-6.749742431640584,6.749742431640584
KMDW,HRRR,2026-04-28 00:00:00+00:00,2026-04-29,2,51.891285400390665,57.0,-5.1087145996093355,5.1087145996093355
KMIA,HRRR,2026-04-29 06:00:00+00:00,2026-04-29,0,84.38906372070316,84.0,0.3890637207031631,0.3890637207031631
KMIA,HRRR,2026-04-29 12:00:00+00:00,2026-04-29,0,82.99039428710941,84.0,-1.0096057128905898,1.0096057128905898
KMIA,HRRR,2026-04-29 18:00:00+00:00,2026-04-29,0,82.9279370117188,84.0,-1.0720629882812034,1.0720629882812034
KMIA,HRRR,2026-04-30 00:00:00+00:00,2026-04-29,0,78.01995971679692,84.0,-5.980040283203081,5.980040283203081
KMIA,NBM,2026-04-29 12:00:00+00:00,2026-04-29,0,86.9834301757813,84.0,2.9834301757812938,2.9834301757812938
KMIA,HRRR,2026-04-28 06:00:00+00:00,2026-04-29,1,85.68122070312504,84.0,1.6812207031250352,1.6812207031250352
KMIA,HRRR,2026-04-28 12:00:00+00:00,2026-04-29,1,84.98292968750005,84.0,0.9829296875000466,0.9829296875000466
KMIA,HRRR,2026-04-28 18:00:00+00:00,2026-04-29,1,84.7066235351563,84.0,0.7066235351562966,0.7066235351562966
KMIA,HRRR,2026-04-29 00:00:00+00:00,2026-04-29,1,85.78690917968754,84.0,1.786909179687541,1.786909179687541
KMIA,NBM,2026-04-28 12:00:00+00:00,2026-04-29,1,86.30365112304692,84.0,2.3036511230469188,2.3036511230469188
KMIA,HRRR,2026-04-27 06:00:00+00:00,2026-04-29,2,69.43700073242192,84.0,-14.562999267578078,14.562999267578078
KMIA,HRRR,2026-04-27 12:00:00+00:00,2026-04-29,2,70.11716430664066,84.0,-13.88283569335934,13.88283569335934
KMIA,HRRR,2026-04-27 18:00:00+00:00,2026-04-29,2,84.21916015625004,84.0,0.21916015625004093,0.21916015625004093
KMIA,HRRR,2026-04-28 00:00:00+00:00,2026-04-29,2,84.66619384765629,84.0,0.6661938476562881,0.6661938476562881
KNYC,HRRR,2026-04-29 04:00:00+00:00,2026-04-29,0,61.384736328125044,62.0,-0.6152636718749562,0.6152636718749562
KNYC,HRRR,2026-04-29 05:00:00+00:00,2026-04-29,0,60.09120605468754,62.0,-1.9087939453124605,1.9087939453124605
KNYC,HRRR,2026-04-29 06:00:00+00:00,2026-04-29,0,58.58794677734379,62.0,-3.412053222656212,3.412053222656212
KNYC,HRRR,2026-04-29 07:00:00+00:00,2026-04-29,0,60.56087158203129,62.0,-1.4391284179687105,1.4391284179687105
KNYC,HRRR,2026-04-29 08:00:00+00:00,2026-04-29,0,63.60260131835942,62.0,1.6026013183594188,1.6026013183594188
KNYC,HRRR,2026-04-29 09:00:00+00:00,2026-04-29,0,63.546845703125044,62.0,1.5468457031250438,1.5468457031250438
KNYC,HRRR,2026-04-29 10:00:00+00:00,2026-04-29,0,63.92598388671879,62.0,1.9259838867187895,1.9259838867187895
KNYC,HRRR,2026-04-29 11:00:00+00:00,2026-04-29,0,63.78074462890629,62.0,1.780744628906291,1.780744628906291
KNYC,HRRR,2026-04-29 12:00:00+00:00,2026-04-29,0,64.14928100585942,62.0,2.1492810058594216,2.1492810058594216
KNYC,HRRR,2026-04-29 13:00:00+00:00,2026-04-29,0,66.0540356445313,62.0,4.054035644531297,4.054035644531297
KNYC,HRRR,2026-04-29 14:00:00+00:00,2026-04-29,0,64.70282714843754,62.0,2.7028271484375352,2.7028271484375352
KNYC,HRRR,2026-04-29 15:00:00+00:00,2026-04-29,0,64.20542114257816,62.0,2.2054211425781602,2.2054211425781602
KNYC,HRRR,2026-04-29 16:00:00+00:00,2026-04-29,0,63.14452636718754,62.0,1.144526367187538,1.144526367187538
KNYC,HRRR,2026-04-29 17:00:00+00:00,2026-04-29,0,61.72553222656254,62.0,-0.27446777343745765,0.27446777343745765
KNYC,HRRR,2026-04-29 18:00:00+00:00,2026-04-29,0,60.44177978515629,62.0,-1.5582202148437077,1.5582202148437077
KNYC,HRRR,2026-04-29 19:00:00+00:00,2026-04-29,0,57.91464965820317,62.0,-4.085350341796833,4.085350341796833
KNYC,HRRR,2026-04-29 20:00:00+00:00,2026-04-29,0,56.31449096679692,62.0,-5.685509033203083,5.685509033203083
KNYC,HRRR,2026-04-29 21:00:00+00:00,2026-04-29,0,53.90238769531254,62.0,-8.097612304687459,8.097612304687459
KNYC,HRRR,2026-04-29 22:00:00+00:00,2026-04-29,0,51.35284545898442,62.0,-10.647154541015581,10.647154541015581
KNYC,HRRR,2026-04-29 23:00:00+00:00,2026-04-29,0,49.886994628906294,62.0,-12.113005371093706,12.113005371093706
KNYC,HRRR,2026-04-30 00:00:00+00:00,2026-04-29,0,49.444959716796916,62.0,-12.555040283203084,12.555040283203084
KNYC,HRRR,2026-04-30 01:00:00+00:00,2026-04-29,0,48.93415039062504,62.0,-13.065849609374958,13.065849609374958
KNYC,HRRR,2026-04-30 02:00:00+00:00,2026-04-29,0,48.85460937500004,62.0,-13.145390624999962,13.145390624999962
KNYC,NBM,2026-04-29 06:00:00+00:00,2026-04-29,0,62.598890380859416,62.0,0.5988903808594159,0.5988903808594159
KNYC,NBM,2026-04-29 12:00:00+00:00,2026-04-29,0,63.22340820312504,62.0,1.2234082031250395,1.2234082031250395
KNYC,HRRR,2026-04-28 06:00:00+00:00,2026-04-29,1,52.602100830078165,62.0,-9.397899169921835,9.397899169921835
KNYC,HRRR,2026-04-28 10:00:00+00:00,2026-04-29,1,46.47953002929692,62.0,-15.520469970703083,15.520469970703083
KNYC,HRRR,2026-04-28 11:00:00+00:00,2026-04-29,1,47.208912353515665,62.0,-14.791087646484335,14.791087646484335
KNYC,HRRR,2026-04-28 12:00:00+00:00,2026-04-29,1,55.04502075195317,62.0,-6.954979248046833,6.954979248046833
KNYC,HRRR,2026-04-28 13:00:00+00:00,2026-04-29,1,50.89032104492192,62.0,-11.109678955078081,11.109678955078081
KNYC,HRRR,2026-04-28 14:00:00+00:00,2026-04-29,1,50.346607666015665,62.0,-11.653392333984335,11.653392333984335
KNYC,HRRR,2026-04-28 15:00:00+00:00,2026-04-29,1,52.22796142578129,62.0,-9.772038574218712,9.772038574218712
KNYC,HRRR,2026-04-28 16:00:00+00:00,2026-04-29,1,50.82588623046879,62.0,-11.17411376953121,11.17411376953121
KNYC,HRRR,2026-04-28 17:00:00+00:00,2026-04-29,1,52.03806274414067,62.0,-9.961937255859333,9.961937255859333
KNYC,HRRR,2026-04-28 18:00:00+00:00,2026-04-29,1,63.10662353515629,62.0,1.106623535156288,1.106623535156288
KNYC,HRRR,2026-04-28 19:00:00+00:00,2026-04-29,1,54.06427124023442,62.0,-7.935728759765581,7.935728759765581
KNYC,HRRR,2026-04-28 20:00:00+00:00,2026-04-29,1,58.81717651367192,62.0,-3.1828234863280827,3.1828234863280827
KNYC,HRRR,2026-04-28 21:00:00+00:00,2026-04-29,1,62.15328491210941,62.0,0.15328491210941309,0.15328491210941309
KNYC,HRRR,2026-04-28 22:00:00+00:00,2026-04-29,1,62.97495239257817,62.0,0.9749523925781673,0.9749523925781673
KNYC,HRRR,2026-04-28 23:00:00+00:00,2026-04-29,1,52.27860839843754,62.0,-9.721391601562459,9.721391601562459
KNYC,HRRR,2026-04-29 00:00:00+00:00,2026-04-29,1,61.99552124023442,62.0,-0.004478759765582652,0.004478759765582652
KNYC,HRRR,2026-04-29 01:00:00+00:00,2026-04-29,1,61.16715209960942,62.0,-0.8328479003905827,0.8328479003905827
KNYC,HRRR,2026-04-29 02:00:00+00:00,2026-04-29,1,61.73443115234379,62.0,-0.2655688476562119,0.2655688476562119
KNYC,HRRR,2026-04-29 03:00:00+00:00,2026-04-29,1,60.72363403320317,62.0,-1.2763659667968312,1.2763659667968312
KNYC,NBM,2026-04-28 06:00:00+00:00,2026-04-29,1,61.74129760742191,62.0,-0.2587023925780869,0.2587023925780869
KNYC,NBM,2026-04-28 12:00:00+00:00,2026-04-29,1,61.823640136718794,62.0,-0.17635986328120623,0.17635986328120623
KNYC,NBM,2026-04-28 18:00:00+00:00,2026-04-29,1,61.76255615234379,62.0,-0.23744384765620907,0.23744384765620907
KNYC,NBM,2026-04-29 00:00:00+00:00,2026-04-29,1,62.41827514648442,62.0,0.41827514648441877,0.41827514648441877
KNYC,HRRR,2026-04-27 06:00:00+00:00,2026-04-29,2,45.474500732421916,62.0,-16.525499267578084,16.525499267578084
KNYC,HRRR,2026-04-27 12:00:00+00:00,2026-04-29,2,46.347584228515665,62.0,-15.652415771484335,15.652415771484335
KNYC,HRRR,2026-04-27 18:00:00+00:00,2026-04-29,2,51.98186767578129,62.0,-10.018132324218712,10.018132324218712
KNYC,HRRR,2026-04-28 00:00:00+00:00,2026-04-29,2,52.676972656250044,62.0,-9.323027343749956,9.323027343749956
KNYC,NBM,2026-04-27 06:00:00+00:00,2026-04-29,2,63.837269287109415,62.0,1.8372692871094145,1.8372692871094145
KNYC,NBM,2026-04-27 12:00:00+00:00,2026-04-29,2,63.73240478515629,62.0,1.732404785156291,1.732404785156291
KNYC,NBM,2026-04-27 18:00:00+00:00,2026-04-29,2,63.02439086914067,62.0,1.0243908691406673,1.0243908691406673
KNYC,NBM,2026-04-28 00:00:00+00:00,2026-04-29,2,62.796479492187544,62.0,0.7964794921875438,0.7964794921875438
KNYC,NBM,2026-04-26 06:00:00+00:00,2026-04-29,3,64.87058837890629,62.0,2.870588378906291,2.870588378906291
KNYC,NBM,2026-04-26 12:00:00+00:00,2026-04-29,3,64.3192944335938,62.0,2.3192944335937966,2.3192944335937966
KNYC,NBM,2026-04-26 18:00:00+00:00,2026-04-29,3,63.18012207031254,62.0,1.1801220703125423,1.1801220703125423
KNYC,NBM,2026-04-27 00:00:00+00:00,2026-04-29,3,63.18012207031254,62.0,1.1801220703125423,1.1801220703125423
KNYC,NBM,2026-04-25 06:00:00+00:00,2026-04-29,4,62.067536621093794,62.0,0.06753662109379377,0.06753662109379377
KNYC,NBM,2026-04-25 12:00:00+00:00,2026-04-29,4,61.26712768554692,62.0,-0.7328723144530827,0.7328723144530827
KNYC,NBM,2026-04-25 18:00:00+00:00,2026-04-29,4,61.26135986328129,62.0,-0.7386401367187077,0.7386401367187077
KNYC,NBM,2026-04-26 00:00:00+00:00,2026-04-29,4,62.70441406250004,62.0,0.7044140625000423,0.7044140625000423
KNYC,NBM,2026-04-24 06:00:00+00:00,2026-04-29,5,65.05180786132817,62.0,3.0518078613281716,3.0518078613281716
KNYC,NBM,2026-04-24 12:00:00+00:00,2026-04-29,5,64.15653198242191,62.0,2.1565319824219102,2.1565319824219102
KNYC,NBM,2026-04-24 18:00:00+00:00,2026-04-29,5,63.34535644531254,62.0,1.3453564453125395,1.3453564453125395
KNYC,NBM,2026-04-25 00:00:00+00:00,2026-04-29,5,62.891676025390666,62.0,0.8916760253906659,0.8916760253906659
KNYC,NBM,2026-04-23 06:00:00+00:00,2026-04-29,6,67.10399902343754,62.0,5.103999023437538,5.103999023437538
KNYC,NBM,2026-04-23 12:00:00+00:00,2026-04-29,6,67.38151367187504,62.0,5.381513671875041,5.381513671875041
KNYC,NBM,2026-04-23 18:00:00+00:00,2026-04-29,6,66.24008911132816,62.0,4.24008911132816,4.24008911132816
KNYC,NBM,2026-04-24 00:00:00+00:00,2026-04-29,6,65.2755444335938,62.0,3.2755444335937938,3.2755444335937938
KNYC,NBM,2026-04-22 06:00:00+00:00,2026-04-29,7,68.98183715820316,62.0,6.981837158203163,6.981837158203163
KNYC,NBM,2026-04-22 12:00:00+00:00,2026-04-29,7,68.65307128906254,62.0,6.653071289062538,6.653071289062538
KNYC,NBM,2026-04-22 18:00:00+00:00,2026-04-29,7,66.38587768554692,62.0,4.385877685546916,4.385877685546916
KNYC,NBM,2026-04-23 00:00:00+00:00,2026-04-29,7,68.05030639648442,62.0,6.050306396484416,6.050306396484416
KMDW,HRRR,2026-04-30 06:00:00+00:00,2026-04-30,0,55.31506469726567,56.0,-0.6849353027343312,0.6849353027343312
KMDW,HRRR,2026-04-30 12:00:00+00:00,2026-04-30,0,55.888111572265665,56.0,-0.1118884277343355,0.1118884277343355
KMDW,HRRR,2026-04-30 18:00:00+00:00,2026-04-30,0,49.735932617187544,56.0,-6.264067382812456,6.264067382812456
KMDW,HRRR,2026-05-01 00:00:00+00:00,2026-04-30,0,42.42815673828129,56.0,-13.571843261718712,13.571843261718712
KMDW,NBM,2026-04-30 12:00:00+00:00,2026-04-30,0,55.35813110351567,56.0,-0.6418688964843327,0.6418688964843327
KMDW,HRRR,2026-04-29 06:00:00+00:00,2026-04-30,1,53.80037963867191,56.0,-2.199620361328087,2.199620361328087
KMDW,HRRR,2026-04-29 12:00:00+00:00,2026-04-30,1,49.34569824218754,56.0,-6.654301757812462,6.654301757812462
KMDW,HRRR,2026-04-29 18:00:00+00:00,2026-04-30,1,52.131116943359416,56.0,-3.868883056640584,3.868883056640584
KMDW,HRRR,2026-04-30 00:00:00+00:00,2026-04-30,1,53.91831787109379,56.0,-2.081682128906209,2.081682128906209
KMDW,NBM,2026-04-29 12:00:00+00:00,2026-04-30,1,56.17749145507817,56.0,0.17749145507816877,0.17749145507816877
KMDW,HRRR,2026-04-28 06:00:00+00:00,2026-04-30,2,42.709461669921915,56.0,-13.290538330078085,13.290538330078085
KMDW,HRRR,2026-04-28 12:00:00+00:00,2026-04-30,2,43.73003662109379,56.0,-12.269963378906212,12.269963378906212
KMDW,HRRR,2026-04-28 18:00:00+00:00,2026-04-30,2,48.24519775390629,56.0,-7.7548022460937105,7.7548022460937105
KMDW,HRRR,2026-04-29 00:00:00+00:00,2026-04-30,2,50.93223388671879,56.0,-5.067766113281209,5.067766113281209
KMIA,HRRR,2026-04-30 06:00:00+00:00,2026-04-30,0,85.88913696289066,87.0,-1.1108630371093398,1.1108630371093398
KMIA,HRRR,2026-04-30 12:00:00+00:00,2026-04-30,0,85.67006958007816,87.0,-1.329930419921837,1.329930419921837
KMIA,HRRR,2026-04-30 18:00:00+00:00,2026-04-30,0,84.62669799804692,87.0,-2.3733020019530784,2.3733020019530784
KMIA,HRRR,2026-05-01 00:00:00+00:00,2026-04-30,0,80.56565673828129,87.0,-6.434343261718709,6.434343261718709
KMIA,NBM,2026-04-30 12:00:00+00:00,2026-04-30,0,89.19810913085942,87.0,2.1981091308594216,2.1981091308594216
KMIA,HRRR,2026-04-29 06:00:00+00:00,2026-04-30,1,85.73983276367191,87.0,-1.260167236328087,1.260167236328087
KMIA,HRRR,2026-04-29 12:00:00+00:00,2026-04-30,1,86.50689819335942,87.0,-0.49310180664058123,0.49310180664058123
KMIA,HRRR,2026-04-29 18:00:00+00:00,2026-04-30,1,85.95423095703129,87.0,-1.0457690429687148,1.0457690429687148
KMIA,HRRR,2026-04-30 00:00:00+00:00,2026-04-30,1,86.20581787109379,87.0,-0.7941821289062148,0.7941821289062148
KMIA,NBM,2026-04-29 12:00:00+00:00,2026-04-30,1,89.29748046875004,87.0,2.297480468750038,2.297480468750038
KMIA,HRRR,2026-04-28 06:00:00+00:00,2026-04-30,2,75.72030151367191,87.0,-11.279698486328087,11.279698486328087
KMIA,HRRR,2026-04-28 12:00:00+00:00,2026-04-30,2,75.71865356445316,87.0,-11.281346435546837,11.281346435546837
KMIA,HRRR,2026-04-28 18:00:00+00:00,2026-04-30,2,87.87914550781254,87.0,0.8791455078125381,0.8791455078125381
KMIA,HRRR,2026-04-29 00:00:00+00:00,2026-04-30,2,85.79904907226566,87.0,-1.2009509277343398,1.2009509277343398
KNYC,HRRR,2026-04-30 04:00:00+00:00,2026-04-30,0,56.562672119140665,60.0,-3.4373278808593355,3.4373278808593355
KNYC,HRRR,2026-04-30 05:00:00+00:00,2026-04-30,0,57.49200561523442,60.0,-2.5079943847655812,2.5079943847655812
KNYC,HRRR,2026-04-30 06:00:00+00:00,2026-04-30,0,59.23421752929691,60.0,-0.7657824707030869,0.7657824707030869
KNYC,HRRR,2026-04-30 07:00:00+00:00,2026-04-30,0,59.13264892578129,60.0,-0.8673510742187105,0.8673510742187105
KNYC,HRRR,2026-04-30 08:00:00+00:00,2026-04-30,0,59.576002197265666,60.0,-0.4239978027343341,0.4239978027343341
KNYC,HRRR,2026-04-30 09:00:00+00:00,2026-04-30,0,58.571302490234416,60.0,-1.428697509765584,1.428697509765584
KNYC,HRRR,2026-04-30 10:00:00+00:00,2026-04-30,0,59.61835449218754,60.0,-0.38164550781245765,0.38164550781245765
KNYC,HRRR,2026-04-30 11:00:00+00:00,2026-04-30,0,57.379121093750044,60.0,-2.6208789062499562,2.6208789062499562
KNYC,HRRR,2026-04-30 12:00:00+00:00,2026-04-30,0,55.65668457031254,60.0,-4.343315429687458,4.343315429687458
KNYC,HRRR,2026-04-30 13:00:00+00:00,2026-04-30,0,55.21926391601566,60.0,-4.780736083984337,4.780736083984337
KNYC,HRRR,2026-04-30 14:00:00+00:00,2026-04-30,0,56.15134399414067,60.0,-3.8486560058593327,3.8486560058593327
KNYC,HRRR,2026-04-30 15:00:00+00:00,2026-04-30,0,58.59371459960941,60.0,-1.406285400390587,1.406285400390587
KNYC,HRRR,2026-04-30 16:00:00+00:00,2026-04-30,0,59.06821411132817,60.0,-0.9317858886718327,0.9317858886718327
KNYC,HRRR,2026-04-30 17:00:00+00:00,2026-04-30,0,58.25138061523442,60.0,-1.7486193847655827,1.7486193847655827
KNYC,HRRR,2026-04-30 18:00:00+00:00,2026-04-30,0,58.78383300781254,60.0,-1.2161669921874605,1.2161669921874605
KNYC,HRRR,2026-04-30 19:00:00+00:00,2026-04-30,0,59.40066040039066,60.0,-0.5993395996093369,0.5993395996093369
KNYC,HRRR,2026-04-30 20:00:00+00:00,2026-04-30,0,58.78471191406254,60.0,-1.215288085937459,1.215288085937459
KNYC,HRRR,2026-04-30 21:00:00+00:00,2026-04-30,0,59.426038818359416,60.0,-0.5739611816405841,0.5739611816405841
KNYC,HRRR,2026-04-30 22:00:00+00:00,2026-04-30,0,56.619581298828166,60.0,-3.380418701171834,3.380418701171834
KNYC,HRRR,2026-04-30 23:00:00+00:00,2026-04-30,0,54.57079589843754,60.0,-5.429204101562462,5.429204101562462
KNYC,HRRR,2026-05-01 00:00:00+00:00,2026-04-30,0,53.00315673828129,60.0,-6.996843261718709,6.996843261718709
KNYC,HRRR,2026-05-01 01:00:00+00:00,2026-04-30,0,50.98667114257817,60.0,-9.013328857421833,9.013328857421833
KNYC,HRRR,2026-05-01 02:00:00+00:00,2026-04-30,0,50.08798950195317,60.0,-9.912010498046833,9.912010498046833
KNYC,NBM,2026-04-30 06:00:00+00:00,2026-04-30,0,65.4732983398438,60.0,5.473298339843794,5.473298339843794
KNYC,NBM,2026-04-30 12:00:00+00:00,2026-04-30,0,64.7180981445313,60.0,4.718098144531297,4.718098144531297
KNYC,HRRR,2026-04-29 06:00:00+00:00,2026-04-30,1,56.837879638671915,60.0,-3.1621203613280855,3.1621203613280855
KNYC,HRRR,2026-04-29 10:00:00+00:00,2026-04-30,1,47.92197998046879,60.0,-12.078020019531209,12.078020019531209
KNYC,HRRR,2026-04-29 11:00:00+00:00,2026-04-30,1,48.519196777343794,60.0,-11.480803222656206,11.480803222656206
KNYC,HRRR,2026-04-29 12:00:00+00:00,2026-04-30,1,56.714448242187544,60.0,-3.2855517578124562,3.2855517578124562
KNYC,HRRR,2026-04-29 13:00:00+00:00,2026-04-30,1,47.84853637695316,60.0,-12.151463623046837,12.151463623046837
KNYC,HRRR,2026-04-29 14:00:00+00:00,2026-04-30,1,48.60098999023442,60.0,-11.399010009765583,11.399010009765583
KNYC,HRRR,2026-04-29 15:00:00+00:00,2026-04-30,1,48.559461669921916,60.0,-11.440538330078084,11.440538330078084
KNYC,HRRR,2026-04-29 16:00:00+00:00,2026-04-30,1,48.30062377929691,60.0,-11.699376220703087,11.699376220703087
KNYC,HRRR,2026-04-29 17:00:00+00:00,2026-04-30,1,48.07271240234379,60.0,-11.92728759765621,11.92728759765621
KNYC,HRRR,2026-04-29 18:00:00+00:00,2026-04-30,1,56.43825195312504,60.0,-3.5617480468749605,3.5617480468749605
KNYC,HRRR,2026-04-29 19:00:00+00:00,2026-04-30,1,48.548145751953165,60.0,-11.451854248046835,11.451854248046835
KNYC,HRRR,2026-04-29 20:00:00+00:00,2026-04-30,1,48.39296386718754,60.0,-11.60703613281246,11.60703613281246
KNYC,HRRR,2026-04-29 21:00:00+00:00,2026-04-30,1,50.12973754882817,60.0,-9.870262451171833,9.870262451171833
KNYC,HRRR,2026-04-29 22:00:00+00:00,2026-04-30,1,50.17697875976567,60.0,-9.823021240234333,9.823021240234333
KNYC,HRRR,2026-04-30 00:00:00+00:00,2026-04-30,1,56.89742553710941,60.0,-3.102574462890587,3.102574462890587
KNYC,HRRR,2026-04-30 01:00:00+00:00,2026-04-30,1,57.09204833984379,60.0,-2.9079516601562077,2.9079516601562077
KNYC,HRRR,2026-04-30 02:00:00+00:00,2026-04-30,1,57.39203002929692,60.0,-2.6079699707030812,2.6079699707030812
KNYC,HRRR,2026-04-30 03:00:00+00:00,2026-04-30,1,57.31408203125004,60.0,-2.685917968749962,2.685917968749962
KNYC,NBM,2026-04-29 06:00:00+00:00,2026-04-30,1,65.39051635742192,60.0,5.390516357421916,5.390516357421916
KNYC,NBM,2026-04-29 12:00:00+00:00,2026-04-30,1,65.53745849609379,60.0,5.537458496093791,5.537458496093791
KNYC,NBM,2026-04-29 18:00:00+00:00,2026-04-30,1,65.36909301757817,60.0,5.369093017578166,5.369093017578166
KNYC,HRRR,2026-04-28 06:00:00+00:00,2026-04-30,2,45.521961669921915,60.0,-14.478038330078085,14.478038330078085
KNYC,HRRR,2026-04-28 12:00:00+00:00,2026-04-30,2,47.24099243164066,60.0,-12.759007568359337,12.759007568359337
KNYC,HRRR,2026-04-28 18:00:00+00:00,2026-04-30,2,56.15310180664066,60.0,-3.846898193359337,3.846898193359337
KNYC,HRRR,2026-04-29 00:00:00+00:00,2026-04-30,2,57.449049072265666,60.0,-2.550950927734334,2.550950927734334
KNYC,NBM,2026-04-28 06:00:00+00:00,2026-04-30,2,64.5570385742188,60.0,4.557038574218794,4.557038574218794
KNYC,NBM,2026-04-28 12:00:00+00:00,2026-04-30,2,64.0830883789063,60.0,4.083088378906297,4.083088378906297
KNYC,NBM,2026-04-28 18:00:00+00:00,2026-04-30,2,65.01906860351566,60.0,5.019068603515663,5.019068603515663
KNYC,NBM,2026-04-29 00:00:00+00:00,2026-04-30,2,66.1199536132813,60.0,6.119953613281297,6.119953613281297
KNYC,NBM,2026-04-27 06:00:00+00:00,2026-04-30,3,62.89541137695316,60.0,2.895411376953163,2.895411376953163
KNYC,NBM,2026-04-27 12:00:00+00:00,2026-04-30,3,62.76071899414067,60.0,2.7607189941406673,2.7607189941406673
KNYC,NBM,2026-04-27 18:00:00+00:00,2026-04-30,3,63.524158935546915,60.0,3.5241589355469145,3.5241589355469145
KNYC,NBM,2026-04-28 00:00:00+00:00,2026-04-30,3,64.29770629882816,60.0,4.29770629882816,4.29770629882816
KNYC,NBM,2026-04-26 06:00:00+00:00,2026-04-30,4,63.477082519531294,60.0,3.4770825195312938,3.4770825195312938
KNYC,NBM,2026-04-26 12:00:00+00:00,2026-04-30,4,62.62102783203129,60.0,2.621027832031288,2.621027832031288
KNYC,NBM,2026-04-26 18:00:00+00:00,2026-04-30,4,61.54491699218754,60.0,1.544916992187538,1.544916992187538
KNYC,NBM,2026-04-27 00:00:00+00:00,2026-04-30,4,61.728773193359416,60.0,1.728773193359416,1.728773193359416
KNYC,NBM,2026-04-25 06:00:00+00:00,2026-04-30,5,65.47598999023441,60.0,5.47598999023441,5.47598999023441
KNYC,NBM,2026-04-25 12:00:00+00:00,2026-04-30,5,64.73435791015629,60.0,4.734357910156291,4.734357910156291
KNYC,NBM,2026-04-25 18:00:00+00:00,2026-04-30,5,63.11228149414067,60.0,3.1122814941406673,3.1122814941406673
KNYC,NBM,2026-04-26 00:00:00+00:00,2026-04-30,5,62.75412719726567,60.0,2.7541271972656673,2.7541271972656673
KNYC,NBM,2026-04-24 06:00:00+00:00,2026-04-30,6,68.0605786132813,60.0,8.060578613281294,8.060578613281294
KNYC,NBM,2026-04-24 12:00:00+00:00,2026-04-30,6,67.70236938476566,60.0,7.70236938476566,7.70236938476566
KNYC,NBM,2026-04-24 18:00:00+00:00,2026-04-30,6,67.88573120117192,60.0,7.885731201171922,7.885731201171922
KNYC,NBM,2026-04-25 00:00:00+00:00,2026-04-30,6,66.47360351562504,60.0,6.473603515625044,6.473603515625044
KNYC,NBM,2026-04-23 06:00:00+00:00,2026-04-30,7,68.82714965820317,60.0,8.827149658203169,8.827149658203169
KNYC,NBM,2026-04-23 12:00:00+00:00,2026-04-30,7,68.34166381835942,60.0,8.341663818359422,8.341663818359422
KNYC,NBM,2026-04-23 18:00:00+00:00,2026-04-30,7,68.62230957031254,60.0,8.622309570312538,8.622309570312538
KNYC,NBM,2026-04-24 00:00:00+00:00,2026-04-30,7,67.86771362304691,60.0,7.86771362304691,7.86771362304691
KMDW,HRRR,2026-05-01 06:00:00+00:00,2026-05-01,0,47.412708740234415,50.0,-2.5872912597655855,2.5872912597655855
KMDW,HRRR,2026-05-01 12:00:00+00:00,2026-05-01,0,48.50832031250004,50.0,-1.4916796874999605,1.4916796874999605
KMDW,HRRR,2026-05-01 18:00:00+00:00,2026-05-01,0,44.94743164062504,50.0,-5.052568359374959,5.052568359374959
KMDW,HRRR,2026-05-02 00:00:00+00:00,2026-05-01,0,40.46720703125004,50.0,-9.532792968749959,9.532792968749959
KMDW,NBM,2026-05-01 12:00:00+00:00,2026-05-01,0,49.67517822265629,50.0,-0.32482177734370765,0.32482177734370765
KMDW,HRRR,2026-04-30 06:00:00+00:00,2026-05-01,1,46.83065307617191,50.0,-3.169346923828087,3.169346923828087
KMDW,HRRR,2026-04-30 12:00:00+00:00,2026-05-01,1,47.39502075195317,50.0,-2.6049792480468312,2.6049792480468312
KMDW,HRRR,2026-04-30 18:00:00+00:00,2026-05-01,1,46.39218872070317,50.0,-3.6078112792968327,3.6078112792968327
KMDW,HRRR,2026-05-01 00:00:00+00:00,2026-05-01,1,47.92241943359379,50.0,-2.077580566406212,2.077580566406212
KMDW,NBM,2026-04-30 12:00:00+00:00,2026-05-01,1,48.71211669921879,50.0,-1.2878833007812105,1.2878833007812105
KMDW,HRRR,2026-04-29 06:00:00+00:00,2026-05-01,2,43.235487060546916,50.0,-6.764512939453084,6.764512939453084
KMDW,HRRR,2026-04-29 12:00:00+00:00,2026-05-01,2,41.82736938476567,50.0,-8.172630615234333,8.172630615234333
KMDW,HRRR,2026-04-29 18:00:00+00:00,2026-05-01,2,43.81946533203129,50.0,-6.180534667968708,6.180534667968708
KMDW,HRRR,2026-04-30 00:00:00+00:00,2026-05-01,2,45.996021728515665,50.0,-4.0039782714843355,4.0039782714843355
KMIA,GFS,2026-05-01 18:00:00+00:00,2026-05-01,0,88.4,87.0,1.4000000000000057,1.4000000000000057
KMIA,GFS,2026-05-02 00:00:00+00:00,2026-05-01,0,81.3,87.0,-5.700000000000003,5.700000000000003
KMIA,HRRR,2026-05-01 06:00:00+00:00,2026-05-01,0,88.47520874023442,87.0,1.4752087402344216,1.4752087402344216
KMIA,HRRR,2026-05-01 12:00:00+00:00,2026-05-01,0,88.44582031250005,87.0,1.4458203125000466,1.4458203125000466
KMIA,HRRR,2026-05-01 13:00:00+00:00,2026-05-01,0,87.27352416992191,87.0,0.2735241699219131,0.2735241699219131
KMIA,HRRR,2026-05-01 14:00:00+00:00,2026-05-01,0,86.90949218750004,87.0,-0.09050781249996476,0.09050781249996476
KMIA,HRRR,2026-05-01 15:00:00+00:00,2026-05-01,0,87.07483642578129,87.0,0.07483642578128524,0.07483642578128524
KMIA,HRRR,2026-05-01 16:00:00+00:00,2026-05-01,0,87.02155273437504,87.0,0.021552734375035243,0.021552734375035243
KMIA,HRRR,2026-05-01 17:00:00+00:00,2026-05-01,0,87.34724243164067,87.0,0.3472424316406659,0.3472424316406659
KMIA,HRRR,2026-05-01 18:00:00+00:00,2026-05-01,0,87.13861206054692,87.0,0.13861206054691877,0.13861206054691877
KMIA,HRRR,2026-05-01 19:00:00+00:00,2026-05-01,0,86.22279174804692,87.0,-0.7772082519530841,0.7772082519530841
KMIA,HRRR,2026-05-01 20:00:00+00:00,2026-05-01,0,85.47489746093754,87.0,-1.525102539062459,1.525102539062459
KMIA,HRRR,2026-05-01 21:00:00+00:00,2026-05-01,0,84.03261230468755,87.0,-2.9673876953124534,2.9673876953124534
KMIA,HRRR,2026-05-01 22:00:00+00:00,2026-05-01,0,82.06430175781254,87.0,-4.935698242187456,4.935698242187456
KMIA,HRRR,2026-05-01 23:00:00+00:00,2026-05-01,0,80.99829833984379,87.0,-6.001701660156215,6.001701660156215
KMIA,HRRR,2026-05-02 00:00:00+00:00,2026-05-01,0,80.29220703125004,87.0,-6.707792968749956,6.707792968749956
KMIA,HRRR,2026-05-02 01:00:00+00:00,2026-05-01,0,79.63033569335941,87.0,-7.369664306640587,7.369664306640587
KMIA,HRRR,2026-05-02 02:00:00+00:00,2026-05-01,0,78.57707641601567,87.0,-8.422923583984328,8.422923583984328
KMIA,NBM,2026-05-01 06:00:00+00:00,2026-05-01,0,90.65764282226567,87.0,3.6576428222656716,3.6576428222656716
KMIA,NBM,2026-05-01 12:00:00+00:00,2026-05-01,0,90.71521118164067,87.0,3.7152111816406688,3.7152111816406688
KMIA,HRRR,2026-04-30 06:00:00+00:00,2026-05-01,1,88.68065307617192,87.0,1.6806530761719216,1.6806530761719216
KMIA,HRRR,2026-04-30 12:00:00+00:00,2026-05-01,1,89.40640991210941,87.0,2.4064099121094102,2.4064099121094102
KMIA,HRRR,2026-04-30 18:00:00+00:00,2026-05-01,1,85.68935058593755,87.0,-1.3106494140624534,1.3106494140624534
KMIA,HRRR,2026-05-01 00:00:00+00:00,2026-05-01,1,87.48676879882817,87.0,0.4867687988281659,0.4867687988281659
KMIA,NBM,2026-04-30 12:00:00+00:00,2026-05-01,1,90.47208374023441,87.0,3.4720837402344102,3.4720837402344102
KMIA,HRRR,2026-04-29 06:00:00+00:00,2026-05-01,2,73.66234252929692,87.0,-13.337657470703078,13.337657470703078
KMIA,HRRR,2026-04-29 12:00:00+00:00,2026-05-01,2,70.89966552734379,87.0,-16.100334472656215,16.100334472656215
KMIA,HRRR,2026-04-29 18:00:00+00:00,2026-05-01,2,87.87744262695317,87.0,0.8774426269531688,0.8774426269531688
KMIA,HRRR,2026-04-30 00:00:00+00:00,2026-05-01,2,91.07028930664066,87.0,4.07028930664066,4.07028930664066
KNYC,GFS,2026-05-01 18:00:00+00:00,2026-05-01,0,65.4,64.0,1.4000000000000057,1.4000000000000057
KNYC,GFS,2026-05-02 00:00:00+00:00,2026-05-01,0,56.0,64.0,-8.0,8.0
KNYC,HRRR,2026-05-01 04:00:00+00:00,2026-05-01,0,65.13167846679691,64.0,1.131678466796913,1.131678466796913
KNYC,HRRR,2026-05-01 05:00:00+00:00,2026-05-01,0,64.94480102539066,64.0,0.9448010253906602,0.9448010253906602
KNYC,HRRR,2026-05-01 06:00:00+00:00,2026-05-01,0,65.05015991210942,64.0,1.0501599121094216,1.0501599121094216
KNYC,HRRR,2026-05-01 07:00:00+00:00,2026-05-01,0,65.06499145507817,64.0,1.0649914550781716,1.0649914550781716
KNYC,HRRR,2026-05-01 08:00:00+00:00,2026-05-01,0,64.88827636718754,64.0,0.8882763671875438,0.8882763671875438
KNYC,HRRR,2026-05-01 09:00:00+00:00,2026-05-01,0,65.0129711914063,64.0,1.0129711914062938,1.0129711914062938
KNYC,HRRR,2026-05-01 10:00:00+00:00,2026-05-01,0,65.1986401367188,64.0,1.1986401367187938,1.1986401367187938
KNYC,HRRR,2026-05-01 11:00:00+00:00,2026-05-01,0,65.30789916992191,64.0,1.3078991699219102,1.3078991699219102
KNYC,HRRR,2026-05-01 12:00:00+00:00,2026-05-01,0,65.3520092773438,64.0,1.3520092773437966,1.3520092773437966
KNYC,HRRR,2026-05-01 13:00:00+00:00,2026-05-01,0,65.53498657226567,64.0,1.534986572265666,1.534986572265666
KNYC,HRRR,2026-05-01 14:00:00+00:00,2026-05-01,0,65.69154174804692,64.0,1.691541748046916,1.691541748046916
KNYC,HRRR,2026-05-01 15:00:00+00:00,2026-05-01,0,65.89149291992192,64.0,1.891492919921916,1.891492919921916
KNYC,HRRR,2026-05-01 16:00:00+00:00,2026-05-01,0,65.37804687500004,64.0,1.378046875000038,1.378046875000038
KNYC,HRRR,2026-05-01 17:00:00+00:00,2026-05-01,0,65.5633862304688,64.0,1.5633862304687938,1.5633862304687938
KNYC,HRRR,2026-05-01 18:00:00+00:00,2026-05-01,0,64.97611206054691,64.0,0.9761120605469102,0.9761120605469102
KNYC,HRRR,2026-05-01 19:00:00+00:00,2026-05-01,0,65.07279174804691,64.0,1.0727917480469102,1.0727917480469102
KNYC,HRRR,2026-05-01 20:00:00+00:00,2026-05-01,0,60.49989746093754,64.0,-3.5001025390624605,3.5001025390624605
KNYC,HRRR,2026-05-01 21:00:00+00:00,2026-05-01,0,59.84511230468754,64.0,-4.1548876953124605,4.1548876953124605
KNYC,HRRR,2026-05-01 22:00:00+00:00,2026-05-01,0,56.63930175781254,64.0,-7.3606982421874605,7.3606982421874605
KNYC,HRRR,2026-05-01 23:00:00+00:00,2026-05-01,0,53.660798339843794,64.0,-10.339201660156206,10.339201660156206
KNYC,HRRR,2026-05-02 00:00:00+00:00,2026-05-01,0,52.61720703125004,64.0,-11.38279296874996,11.38279296874996
KNYC,HRRR,2026-05-02 01:00:00+00:00,2026-05-01,0,52.292835693359415,64.0,-11.707164306640585,11.707164306640585
KNYC,HRRR,2026-05-02 02:00:00+00:00,2026-05-01,0,52.25207641601567,64.0,-11.747923583984331,11.747923583984331
KNYC,NBM,2026-05-01 06:00:00+00:00,2026-05-01,0,65.45764282226567,64.0,1.4576428222656688,1.4576428222656688
KNYC,NBM,2026-05-01 12:00:00+00:00,2026-05-01,0,65.51521118164067,64.0,1.515211181640666,1.515211181640666
KNYC,HRRR,2026-04-30 06:00:00+00:00,2026-05-01,1,63.55530517578129,64.0,-0.44469482421870765,0.44469482421870765
KNYC,HRRR,2026-04-30 10:00:00+00:00,2026-05-01,1,49.61464355468754,64.0,-14.38535644531246,14.38535644531246
KNYC,HRRR,2026-04-30 11:00:00+00:00,2026-05-01,1,48.46734130859379,64.0,-15.532658691406212,15.532658691406212
KNYC,HRRR,2026-04-30 12:00:00+00:00,2026-05-01,1,62.57829101562504,64.0,-1.421708984374959,1.421708984374959
KNYC,HRRR,2026-04-30 13:00:00+00:00,2026-05-01,1,48.80572021484379,64.0,-15.194279785156212,15.194279785156212
KNYC,HRRR,2026-04-30 14:00:00+00:00,2026-05-01,1,49.23358276367192,64.0,-14.766417236328081,14.766417236328081
KNYC,HRRR,2026-04-30 15:00:00+00:00,2026-05-01,1,47.828156738281294,64.0,-16.171843261718706,16.171843261718706
KNYC,HRRR,2026-04-30 16:00:00+00:00,2026-05-01,1,48.493763427734415,64.0,-15.506236572265585,15.506236572265585
KNYC,HRRR,2026-04-30 17:00:00+00:00,2026-05-01,1,48.66377685546879,64.0,-15.33622314453121,15.33622314453121
KNYC,HRRR,2026-04-30 18:00:00+00:00,2026-05-01,1,63.24098632812504,64.0,-0.7590136718749605,0.7590136718749605
KNYC,HRRR,2026-04-30 19:00:00+00:00,2026-05-01,1,48.96282470703129,64.0,-15.037175292968712,15.037175292968712
KNYC,HRRR,2026-04-30 20:00:00+00:00,2026-05-01,1,52.68680541992192,64.0,-11.313194580078083,11.313194580078083
KNYC,HRRR,2026-04-30 21:00:00+00:00,2026-05-01,1,56.53251464843754,64.0,-7.467485351562459,7.467485351562459
KNYC,HRRR,2026-04-30 22:00:00+00:00,2026-05-01,1,59.53348510742192,64.0,-4.466514892578083,4.466514892578083
KNYC,HRRR,2026-04-30 23:00:00+00:00,2026-05-01,1,59.251740722656294,64.0,-4.748259277343706,4.748259277343706
KNYC,HRRR,2026-05-01 00:00:00+00:00,2026-05-01,1,65.17606323242191,64.0,1.1760632324219102,1.1760632324219102
KNYC,HRRR,2026-05-01 01:00:00+00:00,2026-05-01,1,64.57851684570316,64.0,0.5785168457031631,0.5785168457031631
KNYC,HRRR,2026-05-01 02:00:00+00:00,2026-05-01,1,65.27246826171879,64.0,1.2724682617187852,1.2724682617187852
KNYC,HRRR,2026-05-01 03:00:00+00:00,2026-05-01,1,65.04757812500004,64.0,1.0475781250000438,1.0475781250000438
KNYC,NBM,2026-04-30 06:00:00+00:00,2026-05-01,1,66.05013549804691,64.0,2.050135498046913,2.050135498046913
KNYC,NBM,2026-04-30 12:00:00+00:00,2026-05-01,1,65.99207275390629,64.0,1.9920727539062852,1.9920727539062852
KNYC,NBM,2026-04-30 18:00:00+00:00,2026-05-01,1,66.02684448242192,64.0,2.0268444824219216,2.0268444824219216
KNYC,NBM,2026-05-01 00:00:00+00:00,2026-05-01,1,66.17774169921879,64.0,2.1777416992187852,2.1777416992187852
KNYC,HRRR,2026-04-29 06:00:00+00:00,2026-05-01,2,45.42484252929692,64.0,-18.575157470703083,18.575157470703083
KNYC,HRRR,2026-04-29 12:00:00+00:00,2026-05-01,2,46.71216552734379,64.0,-17.287834472656208,17.287834472656208
KNYC,HRRR,2026-04-29 18:00:00+00:00,2026-05-01,2,57.43196533203129,64.0,-6.5680346679687105,6.5680346679687105
KNYC,HRRR,2026-04-30 00:00:00+00:00,2026-05-01,2,62.28775756835942,64.0,-1.7122424316405827,1.7122424316405827
KNYC,NBM,2026-04-29 06:00:00+00:00,2026-05-01,2,63.40973632812504,64.0,-0.5902636718749577,0.5902636718749577
KNYC,NBM,2026-04-29 12:00:00+00:00,2026-05-01,2,63.89192626953129,64.0,-0.1080737304687105,0.1080737304687105
KNYC,NBM,2026-04-29 18:00:00+00:00,2026-05-01,2,64.55099609375004,64.0,0.5509960937500438,0.5509960937500438
KNYC,NBM,2026-04-28 06:00:00+00:00,2026-05-01,3,61.46526611328129,64.0,-2.534733886718712,2.534733886718712
KNYC,NBM,2026-04-28 12:00:00+00:00,2026-05-01,3,60.967255859375044,64.0,-3.0327441406249562,3.0327441406249562
KNYC,NBM,2026-04-28 18:00:00+00:00,2026-05-01,3,62.01568115234379,64.0,-1.984318847656212,1.984318847656212
KNYC,NBM,2026-04-29 00:00:00+00:00,2026-05-01,3,62.54126708984379,64.0,-1.4587329101562077,1.4587329101562077
KNYC,NBM,2026-04-27 06:00:00+00:00,2026-05-01,4,62.55126464843754,64.0,-1.448735351562462,1.448735351562462
KNYC,NBM,2026-04-27 12:00:00+00:00,2026-05-01,4,63.094593505859415,64.0,-0.9054064941405855,0.9054064941405855
KNYC,NBM,2026-04-27 18:00:00+00:00,2026-05-01,4,62.131092529296915,64.0,-1.8689074707030855,1.8689074707030855
KNYC,NBM,2026-04-28 00:00:00+00:00,2026-05-01,4,61.61440551757816,64.0,-2.385594482421837,2.385594482421837
KNYC,NBM,2026-04-26 06:00:00+00:00,2026-05-01,5,63.24450195312504,64.0,-0.7554980468749619,0.7554980468749619
KNYC,NBM,2026-04-26 12:00:00+00:00,2026-05-01,5,62.58438842773442,64.0,-1.4156115722655827,1.4156115722655827
KNYC,NBM,2026-04-26 18:00:00+00:00,2026-05-01,5,61.21906250000004,64.0,-2.7809374999999577,2.7809374999999577
KNYC,NBM,2026-04-27 00:00:00+00:00,2026-05-01,5,61.83308837890629,64.0,-2.1669116210937105,2.1669116210937105
KNYC,NBM,2026-04-25 06:00:00+00:00,2026-05-01,6,65.06290405273441,64.0,1.0629040527344102,1.0629040527344102
KNYC,NBM,2026-04-25 12:00:00+00:00,2026-05-01,6,65.14189575195317,64.0,1.1418957519531716,1.1418957519531716
KNYC,NBM,2026-04-25 18:00:00+00:00,2026-05-01,6,63.27010009765629,64.0,-0.7298999023437105,0.7298999023437105
KNYC,NBM,2026-04-26 00:00:00+00:00,2026-05-01,6,62.88426025390629,64.0,-1.115739746093709,1.115739746093709
KNYC,NBM,2026-04-24 06:00:00+00:00,2026-05-01,7,67.60552490234379,64.0,3.605524902343788,3.605524902343788
KNYC,NBM,2026-04-24 12:00:00+00:00,2026-05-01,7,66.12440307617192,64.0,2.124403076171916,2.124403076171916
KNYC,NBM,2026-04-24 18:00:00+00:00,2026-05-01,7,65.79898803710941,64.0,1.7989880371094102,1.7989880371094102
KNYC,NBM,2026-04-25 00:00:00+00:00,2026-05-01,7,66.63257568359379,64.0,2.6325756835937852,2.6325756835937852
KMDW,GFS,2026-05-02 18:00:00+00:00,2026-05-02,0,57.1,56.0,1.1000000000000014,1.1000000000000014
KMDW,GFS,2026-05-03 00:00:00+00:00,2026-05-02,0,51.6,56.0,-4.399999999999999,4.399999999999999
KMDW,HRRR,2026-05-02 06:00:00+00:00,2026-05-02,0,54.93620117187504,56.0,-1.063798828124959,1.063798828124959
KMDW,HRRR,2026-05-02 12:00:00+00:00,2026-05-02,0,55.64300659179692,56.0,-0.35699340820308123,0.35699340820308123
KMDW,HRRR,2026-05-02 18:00:00+00:00,2026-05-02,0,56.00149047851566,56.0,0.001490478515663085,0.001490478515663085
KMDW,HRRR,2026-05-02 19:00:00+00:00,2026-05-02,0,54.73696411132816,56.0,-1.263035888671837,1.263035888671837
KMDW,HRRR,2026-05-02 20:00:00+00:00,2026-05-02,0,53.930677490234416,56.0,-2.069322509765584,2.069322509765584
KMDW,HRRR,2026-05-02 21:00:00+00:00,2026-05-02,0,54.32981079101567,56.0,-1.6701892089843327,1.6701892089843327
KMDW,HRRR,2026-05-02 22:00:00+00:00,2026-05-02,0,53.53549926757817,56.0,-2.4645007324218327,2.4645007324218327
KMDW,HRRR,2026-05-02 23:00:00+00:00,2026-05-02,0,52.43576782226567,56.0,-3.5642321777343327,3.5642321777343327
KMDW,HRRR,2026-05-03 00:00:00+00:00,2026-05-02,0,48.785065917968794,56.0,-7.214934082031206,7.214934082031206
KMDW,HRRR,2026-05-03 01:00:00+00:00,2026-05-02,0,46.76001098632817,56.0,-9.239989013671831,9.239989013671831
KMDW,HRRR,2026-05-03 02:00:00+00:00,2026-05-02,0,44.74033935546879,56.0,-11.259660644531209,11.259660644531209
KMDW,HRRR,2026-05-03 03:00:00+00:00,2026-05-02,0,43.406708984375044,56.0,-12.593291015624956,12.593291015624956
KMDW,NBM,2026-05-02 06:00:00+00:00,2026-05-02,0,55.268098144531294,56.0,-0.7319018554687062,0.7319018554687062
KMDW,NBM,2026-05-02 12:00:00+00:00,2026-05-02,0,55.67645996093754,56.0,-0.32354003906245765,0.32354003906245765
KMDW,HRRR,2026-05-01 06:00:00+00:00,2026-05-02,1,48.88421752929692,56.0,-7.115782470703081,7.115782470703081
KMDW,HRRR,2026-05-01 12:00:00+00:00,2026-05-02,1,46.41042602539066,56.0,-9.589573974609337,9.589573974609337
KMDW,HRRR,2026-05-01 18:00:00+00:00,2026-05-02,1,53.53879516601567,56.0,-2.4612048339843327,2.4612048339843327
KMDW,HRRR,2026-05-02 00:00:00+00:00,2026-05-02,1,54.971851806640665,56.0,-1.0281481933593355,1.0281481933593355
KMDW,NBM,2026-05-01 12:00:00+00:00,2026-05-02,1,54.20583007812504,56.0,-1.7941699218749605,1.7941699218749605
KMDW,HRRR,2026-04-30 06:00:00+00:00,2026-05-02,2,35.95292480468754,56.0,-20.04707519531246,20.04707519531246
KMDW,HRRR,2026-04-30 12:00:00+00:00,2026-05-02,2,35.547474365234415,56.0,-20.452525634765585,20.452525634765585
KMDW,HRRR,2026-04-30 18:00:00+00:00,2026-05-02,2,44.656239013671915,56.0,-11.343760986328085,11.343760986328085
KMDW,HRRR,2026-05-01 00:00:00+00:00,2026-05-02,2,50.178132324218794,56.0,-5.821867675781206,5.821867675781206
KMIA,GFS,2026-05-02 06:00:00+00:00,2026-05-02,0,94.4,94.0,0.4000000000000057,0.4000000000000057
KMIA,GFS,2026-05-02 12:00:00+00:00,2026-05-02,0,94.8,94.0,0.7999999999999972,0.7999999999999972
KMIA,GFS,2026-05-02 18:00:00+00:00,2026-05-02,0,95.8,94.0,1.7999999999999972,1.7999999999999972
KMIA,GFS,2026-05-03 00:00:00+00:00,2026-05-02,0,87.7,94.0,-6.299999999999997,6.299999999999997
KMIA,HRRR,2026-05-02 04:00:00+00:00,2026-05-02,0,94.30400512695317,94.0,0.3040051269531716,0.3040051269531716
KMIA,HRRR,2026-05-02 05:00:00+00:00,2026-05-02,0,93.82230957031254,94.0,-0.17769042968745907,0.17769042968745907
KMIA,HRRR,2026-05-02 06:00:00+00:00,2026-05-02,0,93.85471923828129,94.0,-0.14528076171870907,0.14528076171870907
KMIA,HRRR,2026-05-02 07:00:00+00:00,2026-05-02,0,94.12371948242192,94.0,0.12371948242191877,0.12371948242191877
KMIA,HRRR,2026-05-02 08:00:00+00:00,2026-05-02,0,94.12273071289067,94.0,0.12273071289067161,0.12273071289067161
KMIA,HRRR,2026-05-02 09:00:00+00:00,2026-05-02,0,94.54433105468755,94.0,0.5443310546875466,0.5443310546875466
KMIA,HRRR,2026-05-02 10:00:00+00:00,2026-05-02,0,94.68775756835942,94.0,0.6877575683594159,0.6877575683594159
KMIA,HRRR,2026-05-02 11:00:00+00:00,2026-05-02,0,94.71005981445316,94.0,0.7100598144531602,0.7100598144531602
KMIA,HRRR,2026-05-02 12:00:00+00:00,2026-05-02,0,94.82014282226567,94.0,0.8201428222656659,0.8201428222656659
KMIA,HRRR,2026-05-02 13:00:00+00:00,2026-05-02,0,95.42208374023441,94.0,1.422083740234413,1.422083740234413
KMIA,HRRR,2026-05-02 14:00:00+00:00,2026-05-02,0,95.41208618164066,94.0,1.4120861816406602,1.4120861816406602
KMIA,HRRR,2026-05-02 15:00:00+00:00,2026-05-02,0,95.66669433593754,94.0,1.6666943359375352,1.6666943359375352
KMIA,HRRR,2026-05-02 16:00:00+00:00,2026-05-02,0,95.75903442382817,94.0,1.7590344238281688,1.7590344238281688
KMIA,HRRR,2026-05-02 17:00:00+00:00,2026-05-02,0,95.3000805664063,94.0,1.3000805664062938,1.3000805664062938
KMIA,HRRR,2026-05-02 18:00:00+00:00,2026-05-02,0,95.48899047851566,94.0,1.4889904785156602,1.4889904785156602
KMIA,HRRR,2026-05-02 19:00:00+00:00,2026-05-02,0,94.55114257812504,94.0,0.5511425781250381,0.5511425781250381
KMIA,HRRR,2026-05-02 20:00:00+00:00,2026-05-02,0,94.11267822265629,94.0,0.11267822265628524,0.11267822265628524
KMIA,HRRR,2026-05-02 21:00:00+00:00,2026-05-02,0,92.06537597656254,94.0,-1.9346240234374648,1.9346240234374648
KMIA,HRRR,2026-05-02 22:00:00+00:00,2026-05-02,0,90.66049926757816,94.0,-3.3395007324218398,3.3395007324218398
KMIA,HRRR,2026-05-02 23:00:00+00:00,2026-05-02,0,87.64826782226567,94.0,-6.351732177734334,6.351732177734334
KMIA,HRRR,2026-05-03 00:00:00+00:00,2026-05-02,0,85.2350659179688,94.0,-8.764934082031203,8.764934082031203
KMIA,HRRR,2026-05-03 01:00:00+00:00,2026-05-02,0,82.87251098632817,94.0,-11.127489013671834,11.127489013671834
KMIA,HRRR,2026-05-03 02:00:00+00:00,2026-05-02,0,80.85283935546879,94.0,-13.147160644531212,13.147160644531212
KMIA,NBM,2026-05-02 06:00:00+00:00,2026-05-02,0,92.70807617187504,94.0,-1.2919238281249648,1.2919238281249648
KMIA,NBM,2026-05-02 12:00:00+00:00,2026-05-02,0,93.11643798828129,94.0,-0.8835620117187091,0.8835620117187091
KMIA,GFS,2026-05-01 18:00:00+00:00,2026-05-02,1,94.7,94.0,0.7000000000000028,0.7000000000000028
KMIA,GFS,2026-05-02 00:00:00+00:00,2026-05-02,1,94.9,94.0,0.9000000000000057,0.9000000000000057
KMIA,HRRR,2026-05-01 06:00:00+00:00,2026-05-02,1,94.5020336914063,94.0,0.5020336914062966,0.5020336914062966
KMIA,HRRR,2026-05-01 12:00:00+00:00,2026-05-02,1,94.00210083007816,94.0,0.002100830078163085,0.002100830078163085
KMIA,HRRR,2026-05-01 13:00:00+00:00,2026-05-02,1,74.89786499023441,94.0,-19.10213500976559,19.10213500976559
KMIA,HRRR,2026-05-01 14:00:00+00:00,2026-05-02,1,74.88973510742191,94.0,-19.110264892578087,19.110264892578087
KMIA,HRRR,2026-05-01 15:00:00+00:00,2026-05-02,1,74.81134765625004,94.0,-19.188652343749965,19.188652343749965
KMIA,HRRR,2026-05-01 16:00:00+00:00,2026-05-02,1,75.64021118164067,94.0,-18.359788818359334,18.359788818359334
KMIA,HRRR,2026-05-01 17:00:00+00:00,2026-05-02,1,75.50854003906254,94.0,-18.491459960937462,18.491459960937462
KMIA,HRRR,2026-05-01 18:00:00+00:00,2026-05-02,1,94.63771484375005,94.0,0.6377148437500466,0.6377148437500466
KMIA,HRRR,2026-05-01 19:00:00+00:00,2026-05-02,1,81.12744262695317,94.0,-12.872557373046831,12.872557373046831
KMIA,HRRR,2026-05-01 20:00:00+00:00,2026-05-02,1,83.90434692382817,94.0,-10.095653076171828,10.095653076171828
KMIA,HRRR,2026-05-01 21:00:00+00:00,2026-05-02,1,86.51123779296879,94.0,-7.488762207031215,7.488762207031215
KMIA,HRRR,2026-05-01 22:00:00+00:00,2026-05-02,1,88.73695800781255,94.0,-5.263041992187453,5.263041992187453
KMIA,HRRR,2026-05-02 00:00:00+00:00,2026-05-02,1,94.94857299804691,94.0,0.9485729980469131,0.9485729980469131
KMIA,HRRR,2026-05-02 01:00:00+00:00,2026-05-02,1,94.49851806640629,94.0,0.4985180664062909,0.4985180664062909
KMIA,HRRR,2026-05-02 02:00:00+00:00,2026-05-02,1,94.25841186523442,94.0,0.2584118652344216,0.2584118652344216
KMIA,HRRR,2026-05-02 03:00:00+00:00,2026-05-02,1,94.26890380859379,94.0,0.2689038085937909,0.2689038085937909
KMIA,NBM,2026-05-01 06:00:00+00:00,2026-05-02,1,92.88259399414066,94.0,-1.117406005859337,1.117406005859337
KMIA,NBM,2026-05-01 12:00:00+00:00,2026-05-02,1,92.36585205078129,94.0,-1.6341479492187148,1.6341479492187148
KMIA,NBM,2026-05-01 18:00:00+00:00,2026-05-02,1,92.52993286132816,94.0,-1.470067138671837,1.470067138671837
KMIA,NBM,2026-05-02 00:00:00+00:00,2026-05-02,1,93.03497436523442,94.0,-0.9650256347655812,0.9650256347655812
KMIA,HRRR,2026-04-30 06:00:00+00:00,2026-05-02,2,74.40199707031255,94.0,-19.598002929687453,19.598002929687453
KMIA,HRRR,2026-04-30 12:00:00+00:00,2026-05-02,2,74.04461181640629,94.0,-19.955388183593712,19.955388183593712
KMIA,HRRR,2026-04-30 18:00:00+00:00,2026-05-02,2,91.32995117187504,94.0,-2.670048828124962,2.670048828124962
KMIA,HRRR,2026-05-01 00:00:00+00:00,2026-05-02,2,94.84063232421879,94.0,0.8406323242187881,0.8406323242187881
KNYC,GFS,2026-05-02 06:00:00+00:00,2026-05-02,0,62.7,61.0,1.7000000000000028,1.7000000000000028
KNYC,GFS,2026-05-02 12:00:00+00:00,2026-05-02,0,60.6,61.0,-0.3999999999999986,0.3999999999999986
KNYC,GFS,2026-05-02 18:00:00+00:00,2026-05-02,0,60.8,61.0,-0.20000000000000284,0.20000000000000284
KNYC,GFS,2026-05-03 00:00:00+00:00,2026-05-02,0,57.2,61.0,-3.799999999999997,3.799999999999997
KNYC,HRRR,2026-05-02 04:00:00+00:00,2026-05-02,0,62.804005126953165,61.0,1.8040051269531645,1.8040051269531645
KNYC,HRRR,2026-05-02 05:00:00+00:00,2026-05-02,0,62.338514404296916,61.0,1.338514404296916,1.338514404296916
KNYC,HRRR,2026-05-02 06:00:00+00:00,2026-05-02,0,64.16120117187504,61.0,3.1612011718750352,3.1612011718750352
KNYC,HRRR,2026-05-02 07:00:00+00:00,2026-05-02,0,63.636219482421915,61.0,2.6362194824219145,2.6362194824219145
KNYC,HRRR,2026-05-02 08:00:00+00:00,2026-05-02,0,64.03161743164067,61.0,3.0316174316406688,3.0316174316406688
KNYC,HRRR,2026-05-02 09:00:00+00:00,2026-05-02,0,62.594331054687544,61.0,1.5943310546875438,1.5943310546875438
KNYC,HRRR,2026-05-02 10:00:00+00:00,2026-05-02,0,60.712757568359415,61.0,-0.2872424316405855,0.2872424316405855
KNYC,HRRR,2026-05-02 11:00:00+00:00,2026-05-02,0,61.35353515625004,61.0,0.3535351562500395,0.3535351562500395
KNYC,HRRR,2026-05-02 12:00:00+00:00,2026-05-02,0,60.70550659179692,61.0,-0.29449340820308123,0.29449340820308123
KNYC,HRRR,2026-05-02 13:00:00+00:00,2026-05-02,0,59.42208374023441,61.0,-1.577916259765587,1.577916259765587
KNYC,HRRR,2026-05-02 14:00:00+00:00,2026-05-02,0,60.64046752929691,61.0,-0.3595324707030869,0.3595324707030869
KNYC,HRRR,2026-05-02 15:00:00+00:00,2026-05-02,0,60.73511474609379,61.0,-0.26488525390620765,0.26488525390620765
KNYC,HRRR,2026-05-02 16:00:00+00:00,2026-05-02,0,60.88403442382817,61.0,-0.11596557617183123,0.11596557617183123
KNYC,HRRR,2026-05-02 17:00:00+00:00,2026-05-02,0,59.97508056640629,61.0,-1.024919433593709,1.024919433593709
KNYC,HRRR,2026-05-02 18:00:00+00:00,2026-05-02,0,60.26792114257817,61.0,-0.7320788574218327,0.7320788574218327
KNYC,HRRR,2026-05-02 19:00:00+00:00,2026-05-02,0,61.410004882812544,61.0,0.41000488281254377,0.41000488281254377
KNYC,HRRR,2026-05-02 20:00:00+00:00,2026-05-02,0,60.587678222656294,61.0,-0.41232177734370623,0.41232177734370623
KNYC,HRRR,2026-05-02 21:00:00+00:00,2026-05-02,0,59.77787597656254,61.0,-1.222124023437459,1.222124023437459
KNYC,HRRR,2026-05-02 22:00:00+00:00,2026-05-02,0,59.272999267578165,61.0,-1.7270007324218355,1.7270007324218355
KNYC,HRRR,2026-05-02 23:00:00+00:00,2026-05-02,0,57.16076782226567,61.0,-3.8392321777343312,3.8392321777343312
KNYC,HRRR,2026-05-03 00:00:00+00:00,2026-05-02,0,56.99756591796879,61.0,-4.002434082031208,4.002434082031208
KNYC,HRRR,2026-05-03 01:00:00+00:00,2026-05-02,0,53.397510986328165,61.0,-7.6024890136718355,7.6024890136718355
KNYC,HRRR,2026-05-03 02:00:00+00:00,2026-05-02,0,53.065339355468794,61.0,-7.934660644531206,7.934660644531206
KNYC,NBM,2026-05-02 06:00:00+00:00,2026-05-02,0,63.18808715820317,61.0,2.1880871582031673,2.1880871582031673
KNYC,NBM,2026-05-02 12:00:00+00:00,2026-05-02,0,62.87645996093754,61.0,1.876459960937538,1.876459960937538
KNYC,GFS,2026-05-01 18:00:00+00:00,2026-05-02,1,60.8,61.0,-0.20000000000000284,0.20000000000000284
KNYC,GFS,2026-05-02 00:00:00+00:00,2026-05-02,1,62.7,61.0,1.7000000000000028,1.7000000000000028
KNYC,HRRR,2026-05-01 06:00:00+00:00,2026-05-02,1,60.97099121093754,61.0,-0.029008789062459073,0.029008789062459073
KNYC,HRRR,2026-05-01 10:00:00+00:00,2026-05-02,1,51.78740966796879,61.0,-9.212590332031212,9.212590332031212
KNYC,HRRR,2026-05-01 11:00:00+00:00,2026-05-02,1,52.89422729492192,61.0,-8.105772705078081,8.105772705078081
KNYC,HRRR,2026-05-01 12:00:00+00:00,2026-05-02,1,62.389600830078166,61.0,1.389600830078166,1.389600830078166
KNYC,HRRR,2026-05-01 13:00:00+00:00,2026-05-02,1,51.947864990234415,61.0,-9.052135009765585,9.052135009765585
KNYC,HRRR,2026-05-01 14:00:00+00:00,2026-05-02,1,53.402235107421916,61.0,-7.597764892578084,7.597764892578084
KNYC,HRRR,2026-05-01 15:00:00+00:00,2026-05-02,1,51.973847656250044,61.0,-9.026152343749956,9.026152343749956
KNYC,HRRR,2026-05-01 16:00:00+00:00,2026-05-02,1,53.02771118164067,61.0,-7.972288818359331,7.972288818359331
KNYC,HRRR,2026-05-01 17:00:00+00:00,2026-05-02,1,52.485261230468794,61.0,-8.514738769531206,8.514738769531206
KNYC,HRRR,2026-05-01 18:00:00+00:00,2026-05-02,1,60.88771484375004,61.0,-0.1122851562499605,0.1122851562499605
KNYC,HRRR,2026-05-01 19:00:00+00:00,2026-05-02,1,54.014942626953165,61.0,-6.9850573730468355,6.9850573730468355
KNYC,HRRR,2026-05-01 20:00:00+00:00,2026-05-02,1,53.56966674804691,61.0,-7.430333251953087,7.430333251953087
KNYC,HRRR,2026-05-01 21:00:00+00:00,2026-05-02,1,53.82515380859379,61.0,-7.1748461914062105,7.1748461914062105
KNYC,HRRR,2026-05-01 22:00:00+00:00,2026-05-02,1,56.224458007812544,61.0,-4.775541992187456,4.775541992187456
KNYC,HRRR,2026-05-02 00:00:00+00:00,2026-05-02,1,60.412830810546915,61.0,-0.5871691894530855,0.5871691894530855
KNYC,HRRR,2026-05-02 01:00:00+00:00,2026-05-02,1,62.886018066406294,61.0,1.8860180664062938,1.8860180664062938
KNYC,HRRR,2026-05-02 02:00:00+00:00,2026-05-02,1,62.64591186523442,61.0,1.6459118652344173,1.6459118652344173
KNYC,HRRR,2026-05-02 03:00:00+00:00,2026-05-02,1,62.237110595703165,61.0,1.2371105957031645,1.2371105957031645
KNYC,NBM,2026-05-01 06:00:00+00:00,2026-05-02,1,62.64256103515629,61.0,1.642561035156291,1.642561035156291
KNYC,NBM,2026-05-01 12:00:00+00:00,2026-05-02,1,62.84580810546879,61.0,1.845808105468791,1.845808105468791
KNYC,NBM,2026-05-01 18:00:00+00:00,2026-05-02,1,63.00994384765629,61.0,2.009943847656288,2.009943847656288
KNYC,NBM,2026-05-02 00:00:00+00:00,2026-05-02,1,62.794996337890666,61.0,1.794996337890666,1.794996337890666
KNYC,HRRR,2026-04-30 06:00:00+00:00,2026-05-02,2,50.55199707031254,61.0,-10.448002929687462,10.448002929687462
KNYC,HRRR,2026-04-30 12:00:00+00:00,2026-05-02,2,50.64461181640629,61.0,-10.35538818359371,10.35538818359371
KNYC,HRRR,2026-04-30 18:00:00+00:00,2026-05-02,2,57.24245117187504,61.0,-3.7575488281249605,3.7575488281249605
KNYC,HRRR,2026-05-01 00:00:00+00:00,2026-05-02,2,61.41626708984379,61.0,0.41626708984379235,0.41626708984379235
KNYC,NBM,2026-04-30 06:00:00+00:00,2026-05-02,2,62.43140380859379,61.0,1.4314038085937923,1.4314038085937923
KNYC,NBM,2026-04-30 12:00:00+00:00,2026-05-02,2,63.12365234375004,61.0,2.123652343750038,2.123652343750038
KNYC,NBM,2026-04-30 18:00:00+00:00,2026-05-02,2,63.15617187500004,61.0,2.156171875000041,2.156171875000041
KNYC,NBM,2026-05-01 00:00:00+00:00,2026-05-02,2,62.94457519531254,61.0,1.944575195312538,1.944575195312538
KNYC,NBM,2026-04-29 06:00:00+00:00,2026-05-02,3,61.609956054687544,61.0,0.6099560546875438,0.6099560546875438
KNYC,NBM,2026-04-29 12:00:00+00:00,2026-05-02,3,62.351148681640666,61.0,1.351148681640666,1.351148681640666
KNYC,NBM,2026-04-29 18:00:00+00:00,2026-05-02,3,62.04567382812504,61.0,1.0456738281250395,1.0456738281250395
KNYC,NBM,2026-04-28 06:00:00+00:00,2026-05-02,4,59.994416503906294,61.0,-1.0055834960937062,1.0055834960937062
KNYC,NBM,2026-04-28 12:00:00+00:00,2026-05-02,4,60.40151489257816,61.0,-0.5984851074218369,0.5984851074218369
KNYC,NBM,2026-04-28 18:00:00+00:00,2026-05-02,4,60.48632934570317,61.0,-0.5136706542968312,0.5136706542968312
KNYC,NBM,2026-04-29 00:00:00+00:00,2026-05-02,4,60.95824707031254,61.0,-0.041752929687461915,0.041752929687461915
KNYC,NBM,2026-04-27 06:00:00+00:00,2026-05-02,5,60.76263549804692,61.0,-0.23736450195308123,0.23736450195308123
KNYC,NBM,2026-04-27 12:00:00+00:00,2026-05-02,5,60.54917114257817,61.0,-0.45082885742183265,0.45082885742183265
KNYC,NBM,2026-04-27 18:00:00+00:00,2026-05-02,5,60.13674438476566,61.0,-0.8632556152343369,0.8632556152343369
KNYC,NBM,2026-04-28 00:00:00+00:00,2026-05-02,5,60.555982666015666,61.0,-0.4440173339843341,0.4440173339843341
KNYC,NBM,2026-04-26 06:00:00+00:00,2026-05-02,6,60.88419921875004,61.0,-0.11580078124995907,0.11580078124995907
KNYC,NBM,2026-04-26 12:00:00+00:00,2026-05-02,6,61.04536865234379,61.0,0.045368652343789506,0.045368652343789506
KNYC,NBM,2026-04-26 18:00:00+00:00,2026-05-02,6,60.32955444335941,61.0,-0.6704455566405869,0.6704455566405869
KNYC,NBM,2026-04-27 00:00:00+00:00,2026-05-02,6,60.20722167968754,61.0,-0.7927783203124577,0.7927783203124577
KNYC,NBM,2026-04-25 06:00:00+00:00,2026-05-02,7,63.03312500000004,61.0,2.033125000000041,2.033125000000041
KNYC,NBM,2026-04-25 12:00:00+00:00,2026-05-02,7,61.744923095703165,61.0,0.7449230957031645,0.7449230957031645
KNYC,NBM,2026-04-25 18:00:00+00:00,2026-05-02,7,60.410798339843794,61.0,-0.5892016601562062,0.5892016601562062
KNYC,NBM,2026-04-26 00:00:00+00:00,2026-05-02,7,61.13084228515629,61.0,0.13084228515629093,0.13084228515629093
KMDW,GFS,2026-05-03 06:00:00+00:00,2026-05-03,0,69.2,67.0,2.200000000000003,2.200000000000003
KMDW,GFS,2026-05-03 12:00:00+00:00,2026-05-03,0,68.3,67.0,1.2999999999999972,1.2999999999999972
KMDW,GFS,2026-05-03 18:00:00+00:00,2026-05-03,0,67.6,67.0,0.5999999999999943,0.5999999999999943
KMDW,GFS,2026-05-04 00:00:00+00:00,2026-05-03,0,63.2,67.0,-3.799999999999997,3.799999999999997
KMDW,HRRR,2026-05-03 05:00:00+00:00,2026-05-03,0,58.11471069335941,67.0,-8.885289306640587,8.885289306640587
KMDW,HRRR,2026-05-03 06:00:00+00:00,2026-05-03,0,67.98405883789067,67.0,0.9840588378906716,0.9840588378906716
KMDW,HRRR,2026-05-03 07:00:00+00:00,2026-05-03,0,59.51563232421879,67.0,-7.484367675781208,7.484367675781208
KMDW,HRRR,2026-05-03 08:00:00+00:00,2026-05-03,0,65.47318847656254,67.0,-1.526811523437459,1.526811523437459
KMDW,HRRR,2026-05-03 09:00:00+00:00,2026-05-03,0,68.59506347656254,67.0,1.5950634765625438,1.5950634765625438
KMDW,HRRR,2026-05-03 10:00:00+00:00,2026-05-03,0,67.55251586914066,67.0,0.5525158691406631,0.5525158691406631
KMDW,HRRR,2026-05-03 11:00:00+00:00,2026-05-03,0,68.54721801757816,67.0,1.5472180175781602,1.5472180175781602
KMDW,HRRR,2026-05-03 12:00:00+00:00,2026-05-03,0,68.09600952148442,67.0,1.0960095214844188,1.0960095214844188
KMDW,HRRR,2026-05-03 13:00:00+00:00,2026-05-03,0,68.35314453125004,67.0,1.353144531250038,1.353144531250038
KMDW,HRRR,2026-05-03 14:00:00+00:00,2026-05-03,0,67.82162597656254,67.0,0.8216259765625438,0.8216259765625438
KMDW,HRRR,2026-05-03 15:00:00+00:00,2026-05-03,0,67.68226440429692,67.0,0.6822644042969159,0.6822644042969159
KMDW,HRRR,2026-05-03 16:00:00+00:00,2026-05-03,0,67.55427368164067,67.0,0.5542736816406659,0.5542736816406659
KMDW,HRRR,2026-05-03 17:00:00+00:00,2026-05-03,0,67.45199096679691,67.0,0.4519909667969131,0.4519909667969131
KMDW,HRRR,2026-05-03 18:00:00+00:00,2026-05-03,0,66.58088500976567,67.0,-0.4191149902343341,0.4191149902343341
KMDW,HRRR,2026-05-03 19:00:00+00:00,2026-05-03,0,67.09971435546879,67.0,0.09971435546879093,0.09971435546879093
KMDW,HRRR,2026-05-03 20:00:00+00:00,2026-05-03,0,66.80423706054691,67.0,-0.19576293945308976,0.19576293945308976
KMDW,HRRR,2026-05-03 21:00:00+00:00,2026-05-03,0,66.46800048828129,67.0,-0.5319995117187091,0.5319995117187091
KMDW,HRRR,2026-05-03 22:00:00+00:00,2026-05-03,0,65.22753417968754,67.0,-1.772465820312462,1.772465820312462
KMDW,HRRR,2026-05-03 23:00:00+00:00,2026-05-03,0,63.950758056640666,67.0,-3.049241943359334,3.049241943359334
KMDW,HRRR,2026-05-04 00:00:00+00:00,2026-05-03,0,59.90443847656254,67.0,-7.0955615234374605,7.0955615234374605
KMDW,HRRR,2026-05-04 01:00:00+00:00,2026-05-03,0,57.51925170898441,67.0,-9.480748291015587,9.480748291015587
KMDW,HRRR,2026-05-04 02:00:00+00:00,2026-05-03,0,56.40617187500004,67.0,-10.593828124999959,10.593828124999959
KMDW,HRRR,2026-05-04 03:00:00+00:00,2026-05-03,0,54.908460693359416,67.0,-12.091539306640584,12.091539306640584
KMDW,NBM,2026-05-03 06:00:00+00:00,2026-05-03,0,67.41216552734379,67.0,0.4121655273437881,0.4121655273437881
KMDW,NBM,2026-05-03 12:00:00+00:00,2026-05-03,0,67.15481079101566,67.0,0.15481079101566309,0.15481079101566309
KMDW,GFS,2026-05-02 18:00:00+00:00,2026-05-03,1,70.0,67.0,3.0,3.0
KMDW,GFS,2026-05-03 00:00:00+00:00,2026-05-03,1,69.0,67.0,2.0,2.0
KMDW,HRRR,2026-05-02 06:00:00+00:00,2026-05-03,1,70.27366455078129,67.0,3.273664550781291,3.273664550781291
KMDW,HRRR,2026-05-02 12:00:00+00:00,2026-05-03,1,69.94676635742192,67.0,2.9467663574219216,2.9467663574219216
KMDW,HRRR,2026-05-02 18:00:00+00:00,2026-05-03,1,69.00474365234379,67.0,2.004743652343791,2.004743652343791
KMDW,HRRR,2026-05-02 19:00:00+00:00,2026-05-03,1,41.64005249023442,67.0,-25.359947509765583,25.359947509765583
KMDW,HRRR,2026-05-02 20:00:00+00:00,2026-05-03,1,41.30090454101567,67.0,-25.69909545898433,25.69909545898433
KMDW,HRRR,2026-05-02 21:00:00+00:00,2026-05-03,1,41.45932739257817,67.0,-25.540672607421833,25.540672607421833
KMDW,HRRR,2026-05-02 22:00:00+00:00,2026-05-03,1,41.91322753906254,67.0,-25.08677246093746,25.08677246093746
KMDW,HRRR,2026-05-03 00:00:00+00:00,2026-05-03,1,69.16585815429691,67.0,2.165858154296913,2.165858154296913
KMDW,HRRR,2026-05-03 01:00:00+00:00,2026-05-03,1,47.91159790039067,67.0,-19.088402099609333,19.088402099609333
KMDW,HRRR,2026-05-03 02:00:00+00:00,2026-05-03,1,52.39687622070316,67.0,-14.603123779296837,14.603123779296837
KMDW,HRRR,2026-05-03 03:00:00+00:00,2026-05-03,1,51.800977783203166,67.0,-15.199022216796834,15.199022216796834
KMDW,HRRR,2026-05-03 04:00:00+00:00,2026-05-03,1,57.568085937500044,67.0,-9.431914062499956,9.431914062499956
KMDW,NBM,2026-05-02 06:00:00+00:00,2026-05-03,1,65.15996826171879,67.0,-1.840031738281212,1.840031738281212
KMDW,NBM,2026-05-02 12:00:00+00:00,2026-05-03,1,66.06040771484379,67.0,-0.9395922851562091,0.9395922851562091
KMDW,NBM,2026-05-02 18:00:00+00:00,2026-05-03,1,66.45355346679692,67.0,-0.5464465332030812,0.5464465332030812
KMDW,NBM,2026-05-03 00:00:00+00:00,2026-05-03,1,67.0362133789063,67.0,0.03621337890629661,0.03621337890629661
KMDW,HRRR,2026-05-01 06:00:00+00:00,2026-05-03,2,38.47763793945317,67.0,-28.522362060546833,28.522362060546833
KMDW,HRRR,2026-05-01 12:00:00+00:00,2026-05-03,2,41.53562744140629,67.0,-25.46437255859371,25.46437255859371
KMDW,HRRR,2026-05-01 18:00:00+00:00,2026-05-03,2,65.36272094726567,67.0,-1.6372790527343284,1.6372790527343284
KMDW,HRRR,2026-05-02 00:00:00+00:00,2026-05-03,2,70.46532104492192,67.0,3.4653210449219216,3.4653210449219216
KMIA,GFS,2026-05-03 06:00:00+00:00,2026-05-03,0,85.5,82.0,3.5,3.5
KMIA,GFS,2026-05-03 12:00:00+00:00,2026-05-03,0,89.0,82.0,7.0,7.0
KMIA,GFS,2026-05-03 18:00:00+00:00,2026-05-03,0,85.8,82.0,3.799999999999997,3.799999999999997
KMIA,GFS,2026-05-04 00:00:00+00:00,2026-05-03,0,73.9,82.0,-8.099999999999994,8.099999999999994
KMIA,HRRR,2026-05-03 04:00:00+00:00,2026-05-03,0,85.46808593750004,82.0,3.4680859375000352,3.4680859375000352
KMIA,HRRR,2026-05-03 05:00:00+00:00,2026-05-03,0,86.64384277343754,82.0,4.643842773437541,4.643842773437541
KMIA,HRRR,2026-05-03 06:00:00+00:00,2026-05-03,0,86.44411132812505,82.0,4.444111328125047,4.444111328125047
KMIA,HRRR,2026-05-03 07:00:00+00:00,2026-05-03,0,81.20703857421879,82.0,-0.7929614257812148,0.7929614257812148
KMIA,HRRR,2026-05-03 08:00:00+00:00,2026-05-03,0,82.7873120117188,82.0,0.7873120117187966,0.7873120117187966
KMIA,HRRR,2026-05-03 09:00:00+00:00,2026-05-03,0,83.74867065429692,82.0,1.748670654296916,1.748670654296916
KMIA,HRRR,2026-05-03 10:00:00+00:00,2026-05-03,0,89.00722167968755,82.0,7.007221679687547,7.007221679687547
KMIA,HRRR,2026-05-03 11:00:00+00:00,2026-05-03,0,78.20804565429691,82.0,-3.7919543457030898,3.7919543457030898
KMIA,HRRR,2026-05-03 12:00:00+00:00,2026-05-03,0,77.0847485351563,82.0,-4.915251464843706,4.915251464843706
KMIA,HRRR,2026-05-03 13:00:00+00:00,2026-05-03,0,82.45184448242192,82.0,0.45184448242191877,0.45184448242191877
KMIA,HRRR,2026-05-03 14:00:00+00:00,2026-05-03,0,83.12162597656254,82.0,1.121625976562541,1.121625976562541
KMIA,HRRR,2026-05-03 15:00:00+00:00,2026-05-03,0,83.21061523437504,82.0,1.210615234375041,1.210615234375041
KMIA,HRRR,2026-05-03 16:00:00+00:00,2026-05-03,0,85.70775268554692,82.0,3.7077526855469216,3.7077526855469216
KMIA,HRRR,2026-05-03 17:00:00+00:00,2026-05-03,0,84.00047729492192,82.0,2.0004772949219216,2.0004772949219216
KMIA,HRRR,2026-05-03 18:00:00+00:00,2026-05-03,0,82.9323315429688,82.0,0.9323315429687966,0.9323315429687966
KMIA,HRRR,2026-05-03 19:00:00+00:00,2026-05-03,0,81.37452514648442,82.0,-0.6254748535155841,0.6254748535155841
KMIA,HRRR,2026-05-03 20:00:00+00:00,2026-05-03,0,81.45142944335942,82.0,-0.5485705566405841,0.5485705566405841
KMIA,HRRR,2026-05-03 21:00:00+00:00,2026-05-03,0,80.59427612304691,82.0,-1.4057238769530898,1.4057238769530898
KMIA,HRRR,2026-05-03 22:00:00+00:00,2026-05-03,0,77.60253417968754,82.0,-4.397465820312462,4.397465820312462
KMIA,HRRR,2026-05-03 23:00:00+00:00,2026-05-03,0,77.22575805664067,82.0,-4.774241943359328,4.774241943359328
KMIA,HRRR,2026-05-04 00:00:00+00:00,2026-05-03,0,75.31693847656254,82.0,-6.683061523437459,6.683061523437459
KMIA,HRRR,2026-05-04 01:00:00+00:00,2026-05-03,0,74.73175170898442,82.0,-7.268248291015581,7.268248291015581
KMIA,HRRR,2026-05-04 02:00:00+00:00,2026-05-03,0,74.18117187500005,82.0,-7.818828124999953,7.818828124999953
KMIA,NBM,2026-05-03 06:00:00+00:00,2026-05-03,0,83.97218750000005,82.0,1.9721875000000466,1.9721875000000466
KMIA,NBM,2026-05-03 12:00:00+00:00,2026-05-03,0,83.71477783203129,82.0,1.714777832031288,1.714777832031288
KMIA,GFS,2026-05-02 06:00:00+00:00,2026-05-03,1,83.1,82.0,1.0999999999999943,1.0999999999999943
KMIA,GFS,2026-05-02 12:00:00+00:00,2026-05-03,1,82.9,82.0,0.9000000000000057,0.9000000000000057
KMIA,GFS,2026-05-02 18:00:00+00:00,2026-05-03,1,81.8,82.0,-0.20000000000000284,0.20000000000000284
KMIA,GFS,2026-05-03 00:00:00+00:00,2026-05-03,1,83.3,82.0,1.2999999999999972,1.2999999999999972
KMIA,HRRR,2026-05-02 06:00:00+00:00,2026-05-03,1,82.81505249023442,82.0,0.8150524902344216,0.8150524902344216
KMIA,HRRR,2026-05-02 10:00:00+00:00,2026-05-03,1,78.40607421875004,82.0,-3.5939257812499648,3.5939257812499648
KMIA,HRRR,2026-05-02 11:00:00+00:00,2026-05-03,1,78.47539794921879,82.0,-3.524602050781212,3.524602050781212
KMIA,HRRR,2026-05-02 12:00:00+00:00,2026-05-03,1,81.71757324218754,82.0,-0.2824267578124591,0.2824267578124591
KMIA,HRRR,2026-05-02 13:00:00+00:00,2026-05-03,1,78.78136718750004,82.0,-3.218632812499962,3.218632812499962
KMIA,HRRR,2026-05-02 14:00:00+00:00,2026-05-03,1,78.56801269531255,82.0,-3.4319873046874534,3.4319873046874534
KMIA,HRRR,2026-05-02 15:00:00+00:00,2026-05-03,1,78.8008129882813,82.0,-3.1991870117187062,3.1991870117187062
KMIA,HRRR,2026-05-02 16:00:00+00:00,2026-05-03,1,78.69435546875005,82.0,-3.3056445312499534,3.3056445312499534
KMIA,HRRR,2026-05-02 17:00:00+00:00,2026-05-03,1,78.37750976562504,82.0,-3.6224902343749648,3.6224902343749648
KMIA,HRRR,2026-05-02 18:00:00+00:00,2026-05-03,1,83.1839184570313,82.0,1.1839184570312966,1.1839184570312966
KMIA,HRRR,2026-05-02 19:00:00+00:00,2026-05-03,1,78.85409667968754,82.0,-3.1459033203124562,3.1459033203124562
KMIA,HRRR,2026-05-02 20:00:00+00:00,2026-05-03,1,78.88474853515629,82.0,-3.115251464843709,3.115251464843709
KMIA,HRRR,2026-05-02 21:00:00+00:00,2026-05-03,1,79.26734741210942,82.0,-2.732652587890584,2.732652587890584
KMIA,HRRR,2026-05-02 22:00:00+00:00,2026-05-03,1,79.97838256835942,82.0,-2.0216174316405784,2.0216174316405784
KMIA,HRRR,2026-05-03 00:00:00+00:00,2026-05-03,1,80.56911743164066,82.0,-1.430882568359337,1.430882568359337
KMIA,HRRR,2026-05-03 01:00:00+00:00,2026-05-03,1,79.9055981445313,82.0,-2.0944018554687034,2.0944018554687034
KMIA,HRRR,2026-05-03 02:00:00+00:00,2026-05-03,1,79.45471923828129,82.0,-2.5452807617187148,2.5452807617187148
KMIA,HRRR,2026-05-03 03:00:00+00:00,2026-05-03,1,79.36347778320317,82.0,-2.636522216796834,2.636522216796834
KMIA,NBM,2026-05-02 06:00:00+00:00,2026-05-03,1,83.88001220703129,82.0,1.8800122070312852,1.8800122070312852
KMIA,NBM,2026-05-02 12:00:00+00:00,2026-05-03,1,83.3403637695313,82.0,1.3403637695312938,1.3403637695312938
KMIA,NBM,2026-05-02 18:00:00+00:00,2026-05-03,1,83.01357543945316,82.0,1.013575439453163,1.013575439453163
KMIA,NBM,2026-05-03 00:00:00+00:00,2026-05-03,1,83.59618041992192,82.0,1.5961804199219216,1.5961804199219216
KMIA,GFS,2026-05-01 18:00:00+00:00,2026-05-03,2,83.2,82.0,1.2000000000000028,1.2000000000000028
KMIA,GFS,2026-05-02 00:00:00+00:00,2026-05-03,2,83.1,82.0,1.0999999999999943,1.0999999999999943
KMIA,HRRR,2026-05-01 06:00:00+00:00,2026-05-03,2,77.5945141601563,82.0,-4.405485839843706,4.405485839843706
KMIA,HRRR,2026-05-01 12:00:00+00:00,2026-05-03,2,77.2183422851563,82.0,-4.781657714843703,4.781657714843703
KMIA,HRRR,2026-05-01 18:00:00+00:00,2026-05-03,2,82.91272094726567,82.0,0.9127209472656688,0.9127209472656688
KMIA,HRRR,2026-05-02 00:00:00+00:00,2026-05-03,2,83.02225463867191,82.0,1.0222546386719102,1.0222546386719102
KMIA,NBM,2026-05-01 06:00:00+00:00,2026-05-03,2,82.30578125000004,82.0,0.3057812500000381,0.3057812500000381
KMIA,NBM,2026-05-01 12:00:00+00:00,2026-05-03,2,83.15117919921879,82.0,1.151179199218788,1.151179199218788
KMIA,NBM,2026-05-01 18:00:00+00:00,2026-05-03,2,83.85364501953129,82.0,1.8536450195312852,1.8536450195312852
KMIA,NBM,2026-05-02 00:00:00+00:00,2026-05-03,2,83.25521972656254,82.0,1.2552197265625438,1.2552197265625438
KNYC,GFS,2026-05-03 06:00:00+00:00,2026-05-03,0,58.7,59.0,-0.29999999999999716,0.29999999999999716
KNYC,GFS,2026-05-03 12:00:00+00:00,2026-05-03,0,59.6,59.0,0.6000000000000014,0.6000000000000014
KNYC,GFS,2026-05-03 18:00:00+00:00,2026-05-03,0,59.6,59.0,0.6000000000000014,0.6000000000000014
KNYC,GFS,2026-05-04 00:00:00+00:00,2026-05-03,0,57.8,59.0,-1.2000000000000028,1.2000000000000028
KNYC,HRRR,2026-05-03 04:00:00+00:00,2026-05-03,0,54.30558593750004,59.0,-4.694414062499959,4.694414062499959
KNYC,HRRR,2026-05-03 05:00:00+00:00,2026-05-03,0,57.214710693359415,59.0,-1.7852893066405855,1.7852893066405855
KNYC,HRRR,2026-05-03 06:00:00+00:00,2026-05-03,0,59.04744995117191,59.0,0.047449951171913085,0.047449951171913085
KNYC,HRRR,2026-05-03 07:00:00+00:00,2026-05-03,0,58.50313232421879,59.0,-0.4968676757812105,0.4968676757812105
KNYC,HRRR,2026-05-03 08:00:00+00:00,2026-05-03,0,59.194447021484415,59.0,0.1944470214844145,0.1944470214844145
KNYC,HRRR,2026-05-03 09:00:00+00:00,2026-05-03,0,59.570728759765665,59.0,0.5707287597656645,0.5707287597656645
KNYC,HRRR,2026-05-03 10:00:00+00:00,2026-05-03,0,59.730579833984415,59.0,0.7305798339844145,0.7305798339844145
KNYC,HRRR,2026-05-03 11:00:00+00:00,2026-05-03,0,59.10238159179691,59.0,0.10238159179691309,0.10238159179691309
KNYC,HRRR,2026-05-03 12:00:00+00:00,2026-05-03,0,58.78185546875004,59.0,-0.21814453124996191,0.21814453124996191
KNYC,HRRR,2026-05-03 13:00:00+00:00,2026-05-03,0,58.886280517578165,59.0,-0.1137194824218355,0.1137194824218355
KNYC,HRRR,2026-05-03 14:00:00+00:00,2026-05-03,0,59.61862915039067,59.0,0.6186291503906673,0.6186291503906673
KNYC,HRRR,2026-05-03 15:00:00+00:00,2026-05-03,0,59.66911132812504,59.0,0.6691113281250409,0.6691113281250409
KNYC,HRRR,2026-05-03 16:00:00+00:00,2026-05-03,0,59.70130126953129,59.0,0.7013012695312923,0.7013012695312923
KNYC,HRRR,2026-05-03 17:00:00+00:00,2026-05-03,0,59.40543945312504,59.0,0.4054394531250409,0.4054394531250409
KNYC,HRRR,2026-05-03 18:00:00+00:00,2026-05-03,0,59.201752929687544,59.0,0.20175292968754377,0.20175292968754377
KNYC,HRRR,2026-05-03 19:00:00+00:00,2026-05-03,0,59.112214355468794,59.0,0.11221435546879377,0.11221435546879377
KNYC,HRRR,2026-05-03 20:00:00+00:00,2026-05-03,0,59.364350585937544,59.0,0.36435058593754377,0.36435058593754377
KNYC,HRRR,2026-05-03 21:00:00+00:00,2026-05-03,0,59.44427612304692,59.0,0.44427612304691877,0.44427612304691877
KNYC,HRRR,2026-05-03 22:00:00+00:00,2026-05-03,0,59.82753417968754,59.0,0.8275341796875395,0.8275341796875395
KNYC,HRRR,2026-05-03 23:00:00+00:00,2026-05-03,0,58.55075805664067,59.0,-0.44924194335933265,0.44924194335933265
KNYC,HRRR,2026-05-04 00:00:00+00:00,2026-05-03,0,55.40443847656254,59.0,-3.5955615234374605,3.5955615234374605
KNYC,HRRR,2026-05-04 01:00:00+00:00,2026-05-03,0,52.906751708984416,59.0,-6.093248291015584,6.093248291015584
KNYC,HRRR,2026-05-04 02:00:00+00:00,2026-05-03,0,51.231171875000044,59.0,-7.768828124999956,7.768828124999956
KNYC,NBM,2026-05-03 06:00:00+00:00,2026-05-03,0,60.21216552734379,59.0,1.2121655273437923,1.2121655273437923
KNYC,NBM,2026-05-03 12:00:00+00:00,2026-05-03,0,61.394788818359416,59.0,2.394788818359416,2.394788818359416
KNYC,GFS,2026-05-02 06:00:00+00:00,2026-05-03,1,58.4,59.0,-0.6000000000000014,0.6000000000000014
KNYC,GFS,2026-05-02 12:00:00+00:00,2026-05-03,1,58.0,59.0,-1.0,1.0
KNYC,GFS,2026-05-02 18:00:00+00:00,2026-05-03,1,55.4,59.0,-3.6000000000000014,3.6000000000000014
KNYC,GFS,2026-05-03 00:00:00+00:00,2026-05-03,1,58.2,59.0,-0.7999999999999972,0.7999999999999972
KNYC,HRRR,2026-05-02 06:00:00+00:00,2026-05-03,1,58.13640869140629,59.0,-0.8635913085937119,0.8635913085937119
KNYC,HRRR,2026-05-02 10:00:00+00:00,2026-05-03,1,45.78107421875004,59.0,-13.218925781249958,13.218925781249958
KNYC,HRRR,2026-05-02 11:00:00+00:00,2026-05-03,1,47.08789794921879,59.0,-11.912102050781208,11.912102050781208
KNYC,HRRR,2026-05-02 12:00:00+00:00,2026-05-03,1,55.48167236328129,59.0,-3.518327636718709,3.518327636718709
KNYC,HRRR,2026-05-02 13:00:00+00:00,2026-05-03,1,45.59386718750004,59.0,-13.406132812499962,13.406132812499962
KNYC,HRRR,2026-05-02 14:00:00+00:00,2026-05-03,1,46.50551269531254,59.0,-12.49448730468746,12.49448730468746
KNYC,HRRR,2026-05-02 15:00:00+00:00,2026-05-03,1,46.51331298828129,59.0,-12.486687011718708,12.486687011718708
KNYC,HRRR,2026-05-02 16:00:00+00:00,2026-05-03,1,46.63185546875004,59.0,-12.36814453124996,12.36814453124996
KNYC,HRRR,2026-05-02 17:00:00+00:00,2026-05-03,1,46.68783081054691,59.0,-12.312169189453087,12.312169189453087
KNYC,HRRR,2026-05-02 18:00:00+00:00,2026-05-03,1,58.30796020507817,59.0,-0.6920397949218327,0.6920397949218327
KNYC,HRRR,2026-05-02 19:00:00+00:00,2026-05-03,1,46.56659667968754,59.0,-12.433403320312458,12.433403320312458
KNYC,HRRR,2026-05-02 20:00:00+00:00,2026-05-03,1,47.272248535156294,59.0,-11.727751464843706,11.727751464843706
KNYC,HRRR,2026-05-02 21:00:00+00:00,2026-05-03,1,47.767347412109416,59.0,-11.232652587890584,11.232652587890584
KNYC,HRRR,2026-05-02 22:00:00+00:00,2026-05-03,1,50.50338256835941,59.0,-8.496617431640587,8.496617431640587
KNYC,HRRR,2026-05-03 00:00:00+00:00,2026-05-03,1,58.47638061523442,59.0,-0.5236193847655812,0.5236193847655812
KNYC,HRRR,2026-05-03 01:00:00+00:00,2026-05-03,1,51.330598144531294,59.0,-7.669401855468706,7.669401855468706
KNYC,HRRR,2026-05-03 02:00:00+00:00,2026-05-03,1,51.10471923828129,59.0,-7.895280761718709,7.895280761718709
KNYC,HRRR,2026-05-03 03:00:00+00:00,2026-05-03,1,51.50670898437504,59.0,-7.493291015624962,7.493291015624962
KNYC,NBM,2026-05-02 06:00:00+00:00,2026-05-03,1,60.839979248046916,59.0,1.839979248046916,1.839979248046916
KNYC,NBM,2026-05-02 12:00:00+00:00,2026-05-03,1,61.020374755859415,59.0,2.0203747558594145,2.0203747558594145
KNYC,NBM,2026-05-02 18:00:00+00:00,2026-05-03,1,60.69358642578129,59.0,1.693586425781291,1.693586425781291
KNYC,NBM,2026-05-03 00:00:00+00:00,2026-05-03,1,60.556202392578165,59.0,1.5562023925781645,1.5562023925781645
KNYC,GFS,2026-05-01 18:00:00+00:00,2026-05-03,2,60.9,59.0,1.8999999999999986,1.8999999999999986
KNYC,GFS,2026-05-02 00:00:00+00:00,2026-05-03,2,58.5,59.0,-0.5,0.5
KNYC,HRRR,2026-05-01 06:00:00+00:00,2026-05-03,2,50.032014160156294,59.0,-8.967985839843706,8.967985839843706
KNYC,HRRR,2026-05-01 12:00:00+00:00,2026-05-03,2,49.54334228515629,59.0,-9.456657714843708,9.456657714843708
KNYC,HRRR,2026-05-01 18:00:00+00:00,2026-05-03,2,53.66272094726567,59.0,-5.337279052734331,5.337279052734331
KNYC,HRRR,2026-05-02 00:00:00+00:00,2026-05-03,2,58.090321044921915,59.0,-0.9096789550780855,0.9096789550780855
KNYC,NBM,2026-05-01 06:00:00+00:00,2026-05-03,2,61.425770263671915,59.0,2.4257702636719145,2.4257702636719145
KNYC,NBM,2026-05-01 12:00:00+00:00,2026-05-03,2,60.831190185546916,59.0,1.831190185546916,1.831190185546916
KNYC,NBM,2026-05-01 18:00:00+00:00,2026-05-03,2,60.81366699218754,59.0,1.8136669921875423,1.8136669921875423
KNYC,NBM,2026-05-02 00:00:00+00:00,2026-05-03,2,60.935230712890665,59.0,1.9352307128906645,1.9352307128906645
KNYC,NBM,2026-04-30 06:00:00+00:00,2026-05-03,3,61.29585693359379,59.0,2.2958569335937895,2.2958569335937895
KNYC,NBM,2026-04-30 12:00:00+00:00,2026-05-03,3,61.42505615234379,59.0,2.4250561523437923,2.4250561523437923
KNYC,NBM,2026-04-30 18:00:00+00:00,2026-05-03,3,61.382703857421916,59.0,2.382703857421916,2.382703857421916
KNYC,NBM,2026-05-01 00:00:00+00:00,2026-05-03,3,61.34441650390629,59.0,2.344416503906288,2.344416503906288
KNYC,NBM,2026-04-29 06:00:00+00:00,2026-05-03,4,62.30396240234379,59.0,3.3039624023437923,3.3039624023437923
KNYC,NBM,2026-04-29 12:00:00+00:00,2026-05-03,4,61.96267211914066,59.0,2.962672119140663,2.962672119140663
KNYC,NBM,2026-04-29 18:00:00+00:00,2026-05-03,4,61.78375976562504,59.0,2.7837597656250423,2.7837597656250423
KNYC,NBM,2026-04-28 06:00:00+00:00,2026-05-03,5,61.13446777343754,59.0,2.1344677734375423,2.1344677734375423
KNYC,NBM,2026-04-28 12:00:00+00:00,2026-05-03,5,61.38880126953129,59.0,2.3888012695312923,2.3888012695312923
KNYC,NBM,2026-04-28 18:00:00+00:00,2026-05-03,5,61.94020507812504,59.0,2.9402050781250395,2.9402050781250395
KNYC,NBM,2026-04-29 00:00:00+00:00,2026-05-03,5,62.25089843750004,59.0,3.250898437500041,3.250898437500041
KNYC,NBM,2026-04-27 06:00:00+00:00,2026-05-03,6,63.089649658203165,59.0,4.0896496582031645,4.0896496582031645
KNYC,NBM,2026-04-27 12:00:00+00:00,2026-05-03,6,63.54909790039066,59.0,4.549097900390663,4.549097900390663
KNYC,NBM,2026-04-27 18:00:00+00:00,2026-05-03,6,62.69513061523442,59.0,3.6951306152344188,3.6951306152344188
KNYC,NBM,2026-04-28 00:00:00+00:00,2026-05-03,6,62.444367675781294,59.0,3.4443676757812938,3.4443676757812938
KNYC,NBM,2026-04-26 06:00:00+00:00,2026-05-03,7,65.71329467773441,59.0,6.71329467773441,6.71329467773441
KNYC,NBM,2026-04-26 12:00:00+00:00,2026-05-03,7,64.39916503906254,59.0,5.399165039062538,5.399165039062538
KNYC,NBM,2026-04-26 18:00:00+00:00,2026-05-03,7,62.483204345703165,59.0,3.4832043457031645,3.4832043457031645
KNYC,NBM,2026-04-27 00:00:00+00:00,2026-05-03,7,62.83811767578129,59.0,3.838117675781291,3.838117675781291
KMDW,GFS,2026-05-04 06:00:00+00:00,2026-05-04,0,79.1,81.0,-1.9000000000000057,1.9000000000000057
KMDW,GFS,2026-05-04 12:00:00+00:00,2026-05-04,0,81.1,81.0,0.09999999999999432,0.09999999999999432
KMDW,GFS,2026-05-04 18:00:00+00:00,2026-05-04,0,80.0,81.0,-1.0,1.0
KMDW,GFS,2026-05-05 00:00:00+00:00,2026-05-04,0,69.5,81.0,-11.5,11.5
KMDW,HRRR,2026-05-04 05:00:00+00:00,2026-05-04,0,79.50558593750004,81.0,-1.4944140624999562,1.4944140624999562
KMDW,HRRR,2026-05-04 06:00:00+00:00,2026-05-04,0,79.94311645507817,81.0,-1.0568835449218312,1.0568835449218312
KMDW,HRRR,2026-05-04 07:00:00+00:00,2026-05-04,0,79.90015991210942,81.0,-1.099840087890584,1.099840087890584
KMDW,HRRR,2026-05-04 08:00:00+00:00,2026-05-04,0,80.45908935546879,81.0,-0.5409106445312091,0.5409106445312091
KMDW,HRRR,2026-05-04 09:00:00+00:00,2026-05-04,0,80.52259033203129,81.0,-0.47740966796871476,0.47740966796871476
KMDW,HRRR,2026-05-04 10:00:00+00:00,2026-05-04,0,81.07849853515629,81.0,0.07849853515628524,0.07849853515628524
KMDW,HRRR,2026-05-04 11:00:00+00:00,2026-05-04,0,79.97926147460942,81.0,-1.020738525390584,1.020738525390584
KMDW,HRRR,2026-05-04 12:00:00+00:00,2026-05-04,0,80.32708862304692,81.0,-0.6729113769530812,0.6729113769530812
KMDW,HRRR,2026-05-04 13:00:00+00:00,2026-05-04,0,80.09313476562504,81.0,-0.9068652343749619,0.9068652343749619
KMDW,HRRR,2026-05-04 14:00:00+00:00,2026-05-04,0,80.57378662109379,81.0,-0.4262133789062119,0.4262133789062119
KMDW,HRRR,2026-05-04 15:00:00+00:00,2026-05-04,0,80.35290649414067,81.0,-0.6470935058593312,0.6470935058593312
KMDW,HRRR,2026-05-04 16:00:00+00:00,2026-05-04,0,80.00189331054692,81.0,-0.9981066894530812,0.9981066894530812
KMDW,HRRR,2026-05-04 17:00:00+00:00,2026-05-04,0,79.62973144531254,81.0,-1.3702685546874562,1.3702685546874562
KMDW,HRRR,2026-05-04 18:00:00+00:00,2026-05-04,0,79.43823974609379,81.0,-1.5617602539062148,1.5617602539062148
KMDW,HRRR,2026-05-04 19:00:00+00:00,2026-05-04,0,78.8201489257813,81.0,-2.1798510742187034,2.1798510742187034
KMDW,HRRR,2026-05-04 20:00:00+00:00,2026-05-04,0,79.18824584960942,81.0,-1.811754150390584,1.811754150390584
KMDW,HRRR,2026-05-04 21:00:00+00:00,2026-05-04,0,78.49138305664067,81.0,-2.5086169433593284,2.5086169433593284
KMDW,HRRR,2026-05-04 22:00:00+00:00,2026-05-04,0,73.4438793945313,81.0,-7.556120605468706,7.556120605468706
KMDW,HRRR,2026-05-04 23:00:00+00:00,2026-05-04,0,70.76359985351567,81.0,-10.236400146484328,10.236400146484328
KMDW,HRRR,2026-05-05 00:00:00+00:00,2026-05-04,0,62.56763427734379,81.0,-18.432365722656208,18.432365722656208
KMDW,HRRR,2026-05-05 01:00:00+00:00,2026-05-04,0,64.5196850585938,81.0,-16.480314941406206,16.480314941406206
KMDW,HRRR,2026-05-05 02:00:00+00:00,2026-05-04,0,61.25130737304691,81.0,-19.748692626953087,19.748692626953087
KMDW,HRRR,2026-05-05 03:00:00+00:00,2026-05-04,0,60.32790649414066,81.0,-20.672093505859337,20.672093505859337
KMDW,NBM,2026-05-04 06:00:00+00:00,2026-05-04,0,79.03465698242192,81.0,-1.9653430175780784,1.9653430175780784
KMDW,NBM,2026-05-04 12:00:00+00:00,2026-05-04,0,79.45208251953129,81.0,-1.547917480468712,1.547917480468712
KMDW,GFS,2026-05-03 06:00:00+00:00,2026-05-04,1,80.6,81.0,-0.4000000000000057,0.4000000000000057
KMDW,GFS,2026-05-03 12:00:00+00:00,2026-05-04,1,83.2,81.0,2.200000000000003,2.200000000000003
KMDW,GFS,2026-05-03 18:00:00+00:00,2026-05-04,1,81.8,81.0,0.7999999999999972,0.7999999999999972
KMDW,GFS,2026-05-04 00:00:00+00:00,2026-05-04,1,81.9,81.0,0.9000000000000057,0.9000000000000057
KMDW,HRRR,2026-05-03 06:00:00+00:00,2026-05-04,1,83.10805786132816,81.0,2.108057861328163,2.108057861328163
KMDW,HRRR,2026-05-03 12:00:00+00:00,2026-05-04,1,81.77168090820317,81.0,0.7716809082031659,0.7716809082031659
KMDW,HRRR,2026-05-03 16:00:00+00:00,2026-05-04,1,53.62575195312504,81.0,-27.37424804687496,27.37424804687496
KMDW,HRRR,2026-05-03 17:00:00+00:00,2026-05-04,1,53.489246826171915,81.0,-27.510753173828085,27.510753173828085
KMDW,HRRR,2026-05-03 18:00:00+00:00,2026-05-04,1,81.87539184570316,81.0,0.8753918457031631,0.8753918457031631
KMDW,HRRR,2026-05-03 19:00:00+00:00,2026-05-04,1,52.01641967773442,81.0,-28.98358032226558,28.98358032226558
KMDW,HRRR,2026-05-03 20:00:00+00:00,2026-05-04,1,52.26509521484379,81.0,-28.73490478515621,28.73490478515621
KMDW,HRRR,2026-05-03 21:00:00+00:00,2026-05-04,1,51.13581054687504,81.0,-29.864189453124958,29.864189453124958
KMDW,HRRR,2026-05-03 22:00:00+00:00,2026-05-04,1,54.922578125000044,81.0,-26.077421874999956,26.077421874999956
KMDW,HRRR,2026-05-04 00:00:00+00:00,2026-05-04,1,79.95789306640629,81.0,-1.0421069335937148,1.0421069335937148
KMDW,HRRR,2026-05-04 01:00:00+00:00,2026-05-04,1,62.159437255859416,81.0,-18.840562744140584,18.840562744140584
KMDW,HRRR,2026-05-04 02:00:00+00:00,2026-05-04,1,74.28993652343755,81.0,-6.710063476562453,6.710063476562453
KMDW,HRRR,2026-05-04 03:00:00+00:00,2026-05-04,1,77.42483032226566,81.0,-3.575169677734337,3.575169677734337
KMDW,HRRR,2026-05-04 04:00:00+00:00,2026-05-04,1,78.56999023437504,81.0,-2.430009765624959,2.430009765624959
KMDW,NBM,2026-05-03 06:00:00+00:00,2026-05-04,1,77.62236450195317,81.0,-3.3776354980468284,3.3776354980468284
KMDW,NBM,2026-05-03 12:00:00+00:00,2026-05-04,1,78.1504223632813,81.0,-2.8495776367187062,2.8495776367187062
KMDW,NBM,2026-05-03 18:00:00+00:00,2026-05-04,1,79.03064697265629,81.0,-1.9693530273437148,1.9693530273437148
KMDW,NBM,2026-05-04 00:00:00+00:00,2026-05-04,1,79.07635009765629,81.0,-1.923649902343712,1.923649902343712
KMDW,GFS,2026-05-02 18:00:00+00:00,2026-05-04,2,75.2,81.0,-5.799999999999997,5.799999999999997
KMDW,GFS,2026-05-03 00:00:00+00:00,2026-05-04,2,73.4,81.0,-7.599999999999994,7.599999999999994
KMDW,HRRR,2026-05-02 06:00:00+00:00,2026-05-04,2,51.402174072265666,81.0,-29.597825927734334,29.597825927734334
KMDW,HRRR,2026-05-02 12:00:00+00:00,2026-05-04,2,51.25193603515629,81.0,-29.74806396484371,29.74806396484371
KMDW,HRRR,2026-05-02 18:00:00+00:00,2026-05-04,2,77.08518798828129,81.0,-3.914812011718709,3.914812011718709
KMDW,HRRR,2026-05-03 00:00:00+00:00,2026-05-04,2,80.92880981445316,81.0,-0.07119018554683976,0.07119018554683976
KMDW,NBM,2026-05-02 06:00:00+00:00,2026-05-04,2,76.27077148437505,81.0,-4.729228515624953,4.729228515624953
KMDW,NBM,2026-05-02 12:00:00+00:00,2026-05-04,2,76.81585815429692,81.0,-4.184141845703081,4.184141845703081
KMDW,NBM,2026-05-02 18:00:00+00:00,2026-05-04,2,76.53477294921879,81.0,-4.465227050781209,4.465227050781209
KMDW,NBM,2026-05-03 00:00:00+00:00,2026-05-04,2,77.17033203125004,81.0,-3.829667968749959,3.829667968749959
KMIA,GFS,2026-05-04 06:00:00+00:00,2026-05-04,0,89.2,82.0,7.200000000000003,7.200000000000003
KMIA,GFS,2026-05-04 12:00:00+00:00,2026-05-04,0,85.4,82.0,3.4000000000000057,3.4000000000000057
KMIA,GFS,2026-05-04 18:00:00+00:00,2026-05-04,0,80.9,82.0,-1.0999999999999943,1.0999999999999943
KMIA,GFS,2026-05-05 00:00:00+00:00,2026-05-04,0,75.8,82.0,-6.200000000000003,6.200000000000003
KMIA,HRRR,2026-05-04 04:00:00+00:00,2026-05-04,0,89.17295043945316,82.0,7.17295043945316,7.17295043945316
KMIA,HRRR,2026-05-04 05:00:00+00:00,2026-05-04,0,85.08334472656254,82.0,3.0833447265625438,3.0833447265625438
KMIA,HRRR,2026-05-04 06:00:00+00:00,2026-05-04,0,86.1253979492188,82.0,4.125397949218794,4.125397949218794
KMIA,HRRR,2026-05-04 07:00:00+00:00,2026-05-04,0,80.09813354492192,82.0,-1.9018664550780784,1.9018664550780784
KMIA,HRRR,2026-05-04 08:00:00+00:00,2026-05-04,0,85.21446655273442,82.0,3.2144665527344216,3.2144665527344216
KMIA,HRRR,2026-05-04 09:00:00+00:00,2026-05-04,0,84.60044067382816,82.0,2.6004406738281602,2.6004406738281602
KMIA,HRRR,2026-05-04 10:00:00+00:00,2026-05-04,0,85.27769287109379,82.0,3.277692871093791,3.277692871093791
KMIA,HRRR,2026-05-04 11:00:00+00:00,2026-05-04,0,84.6308178710938,82.0,2.6308178710937966,2.6308178710937966
KMIA,HRRR,2026-05-04 12:00:00+00:00,2026-05-04,0,80.00810058593754,82.0,-1.991899414062459,1.991899414062459
KMIA,HRRR,2026-05-04 13:00:00+00:00,2026-05-04,0,83.19913452148441,82.0,1.1991345214844102,1.1991345214844102
KMIA,HRRR,2026-05-04 14:00:00+00:00,2026-05-04,0,82.60191772460942,82.0,0.6019177246094216,0.6019177246094216
KMIA,HRRR,2026-05-04 15:00:00+00:00,2026-05-04,0,80.40783813476567,82.0,-1.5921618652343312,1.5921618652343312
KMIA,HRRR,2026-05-04 16:00:00+00:00,2026-05-04,0,80.81405761718754,82.0,-1.1859423828124562,1.1859423828124562
KMIA,HRRR,2026-05-04 17:00:00+00:00,2026-05-04,0,78.95473144531255,82.0,-3.0452685546874534,3.0452685546874534
KMIA,HRRR,2026-05-04 18:00:00+00:00,2026-05-04,0,75.98106201171879,82.0,-6.018937988281209,6.018937988281209
KMIA,HRRR,2026-05-04 19:00:00+00:00,2026-05-04,0,79.12842529296879,82.0,-2.8715747070312148,2.8715747070312148
KMIA,HRRR,2026-05-04 20:00:00+00:00,2026-05-04,0,77.62351806640629,82.0,-4.376481933593709,4.376481933593709
KMIA,HRRR,2026-05-04 21:00:00+00:00,2026-05-04,0,77.4798168945313,82.0,-4.520183105468703,4.520183105468703
KMIA,HRRR,2026-05-04 22:00:00+00:00,2026-05-04,0,76.93137939453129,82.0,-5.068620605468709,5.068620605468709
KMIA,HRRR,2026-05-04 23:00:00+00:00,2026-05-04,0,76.16359985351566,82.0,-5.836400146484337,5.836400146484337
KMIA,HRRR,2026-05-05 00:00:00+00:00,2026-05-04,0,76.51763427734379,82.0,-5.482365722656212,5.482365722656212
KMIA,HRRR,2026-05-05 01:00:00+00:00,2026-05-04,0,74.83485839843755,82.0,-7.165141601562453,7.165141601562453
KMIA,HRRR,2026-05-05 02:00:00+00:00,2026-05-04,0,74.97630737304692,82.0,-7.023692626953078,7.023692626953078
KMIA,NBM,2026-05-04 06:00:00+00:00,2026-05-04,0,82.63465698242192,82.0,0.6346569824219159,0.6346569824219159
KMIA,NBM,2026-05-04 12:00:00+00:00,2026-05-04,0,82.33209350585942,82.0,0.33209350585941877,0.33209350585941877
KMIA,GFS,2026-05-03 06:00:00+00:00,2026-05-04,1,82.7,82.0,0.7000000000000028,0.7000000000000028
KMIA,GFS,2026-05-03 12:00:00+00:00,2026-05-04,1,80.5,82.0,-1.5,1.5
KMIA,GFS,2026-05-03 18:00:00+00:00,2026-05-04,1,80.9,82.0,-1.0999999999999943,1.0999999999999943
KMIA,GFS,2026-05-04 00:00:00+00:00,2026-05-04,1,79.7,82.0,-2.299999999999997,2.299999999999997
KMIA,HRRR,2026-05-03 06:00:00+00:00,2026-05-04,1,80.41047485351567,82.0,-1.589525146484334,1.589525146484334
KMIA,HRRR,2026-05-03 12:00:00+00:00,2026-05-04,1,80.75083129882816,82.0,-1.2491687011718398,1.2491687011718398
KMIA,HRRR,2026-05-03 16:00:00+00:00,2026-05-04,1,74.0136303710938,82.0,-7.986369628906203,7.986369628906203
KMIA,HRRR,2026-05-03 17:00:00+00:00,2026-05-04,1,74.01972778320317,82.0,-7.980272216796834,7.980272216796834
KMIA,HRRR,2026-05-03 18:00:00+00:00,2026-05-04,1,76.53136718750004,82.0,-5.468632812499962,5.468632812499962
KMIA,HRRR,2026-05-03 19:00:00+00:00,2026-05-04,1,72.41594360351567,82.0,-9.584056396484328,9.584056396484328
KMIA,HRRR,2026-05-03 20:00:00+00:00,2026-05-04,1,74.65259521484379,82.0,-7.347404785156215,7.347404785156215
KMIA,HRRR,2026-05-03 21:00:00+00:00,2026-05-04,1,74.32558715820316,82.0,-7.674412841796837,7.674412841796837
KMIA,HRRR,2026-05-03 22:00:00+00:00,2026-05-04,1,74.39903076171879,82.0,-7.600969238281209,7.600969238281209
KMIA,HRRR,2026-05-03 23:00:00+00:00,2026-05-04,1,74.15716674804692,82.0,-7.842833251953081,7.842833251953081
KMIA,HRRR,2026-05-04 00:00:00+00:00,2026-05-04,1,85.38854492187504,82.0,3.388544921875038,3.388544921875038
KMIA,HRRR,2026-05-04 01:00:00+00:00,2026-05-04,1,78.80943725585942,82.0,-3.1905627441405784,3.1905627441405784
KMIA,HRRR,2026-05-04 02:00:00+00:00,2026-05-04,1,85.65243652343754,82.0,3.6524365234375438,3.6524365234375438
KMIA,HRRR,2026-05-04 03:00:00+00:00,2026-05-04,1,86.20197265625004,82.0,4.201972656250035,4.201972656250035
KMIA,NBM,2026-05-03 06:00:00+00:00,2026-05-04,1,81.22236450195317,82.0,-0.7776354980468341,0.7776354980468341
KMIA,NBM,2026-05-03 12:00:00+00:00,2026-05-04,1,81.03037841796879,82.0,-0.9696215820312091,0.9696215820312091
KMIA,NBM,2026-05-03 18:00:00+00:00,2026-05-04,1,81.19061401367192,82.0,-0.8093859863280812,0.8093859863280812
KMIA,NBM,2026-05-04 00:00:00+00:00,2026-05-04,1,81.23631713867192,82.0,-0.7636828613280784,0.7636828613280784
KMIA,GFS,2026-05-02 06:00:00+00:00,2026-05-04,2,82.0,82.0,0.0,0.0
KMIA,GFS,2026-05-02 12:00:00+00:00,2026-05-04,2,84.0,82.0,2.0,2.0
KMIA,GFS,2026-05-02 18:00:00+00:00,2026-05-04,2,82.9,82.0,0.9000000000000057,0.9000000000000057
KMIA,GFS,2026-05-03 00:00:00+00:00,2026-05-04,2,80.2,82.0,-1.7999999999999972,1.7999999999999972
KMIA,HRRR,2026-05-02 06:00:00+00:00,2026-05-04,2,68.71887939453129,82.0,-13.281120605468715,13.281120605468715
KMIA,HRRR,2026-05-02 12:00:00+00:00,2026-05-04,2,72.28943603515629,82.0,-9.710563964843715,9.710563964843715
KMIA,HRRR,2026-05-02 18:00:00+00:00,2026-05-04,2,78.42854125976567,82.0,-3.571458740234334,3.571458740234334
KMIA,HRRR,2026-05-03 00:00:00+00:00,2026-05-04,2,82.62702148437504,82.0,0.6270214843750352,0.6270214843750352
KMIA,NBM,2026-05-02 06:00:00+00:00,2026-05-04,2,81.3107495117188,82.0,-0.6892504882812034,0.6892504882812034
KMIA,NBM,2026-05-02 12:00:00+00:00,2026-05-04,2,81.13584716796879,82.0,-0.8641528320312091,0.8641528320312091
KMIA,NBM,2026-05-02 18:00:00+00:00,2026-05-04,2,81.57475097656254,82.0,-0.4252490234374591,0.4252490234374591
KMIA,NBM,2026-05-03 00:00:00+00:00,2026-05-04,2,81.49032104492191,82.0,-0.5096789550780869,0.5096789550780869
KMIA,GFS,2026-05-01 18:00:00+00:00,2026-05-04,3,83.8,82.0,1.7999999999999972,1.7999999999999972
KMIA,GFS,2026-05-02 00:00:00+00:00,2026-05-04,3,84.7,82.0,2.700000000000003,2.700000000000003
KMIA,NBM,2026-05-01 06:00:00+00:00,2026-05-04,3,80.68650634765629,82.0,-1.313493652343709,1.313493652343709
KMIA,NBM,2026-05-01 12:00:00+00:00,2026-05-04,3,81.18017700195317,82.0,-0.8198229980468312,0.8198229980468312
KMIA,NBM,2026-05-01 18:00:00+00:00,2026-05-04,3,82.26095703125004,82.0,0.26095703125004377,0.26095703125004377
KMIA,NBM,2026-05-02 00:00:00+00:00,2026-05-04,3,81.70752075195317,82.0,-0.29247924804683123,0.29247924804683123
KNYC,GFS,2026-05-04 06:00:00+00:00,2026-05-04,0,72.0,72.0,0.0,0.0
KNYC,GFS,2026-05-04 12:00:00+00:00,2026-05-04,0,73.2,72.0,1.2000000000000028,1.2000000000000028
KNYC,GFS,2026-05-04 18:00:00+00:00,2026-05-04,0,72.8,72.0,0.7999999999999972,0.7999999999999972
KNYC,GFS,2026-05-05 00:00:00+00:00,2026-05-04,0,62.8,72.0,-9.200000000000003,9.200000000000003
KNYC,HRRR,2026-05-04 04:00:00+00:00,2026-05-04,0,72.04499023437504,72.0,0.04499023437503524,0.04499023437503524
KNYC,HRRR,2026-05-04 05:00:00+00:00,2026-05-04,0,71.96808593750004,72.0,-0.03191406249996476,0.03191406249996476
KNYC,HRRR,2026-05-04 06:00:00+00:00,2026-05-04,0,72.70719116210941,72.0,0.7071911621094102,0.7071911621094102
KNYC,HRRR,2026-05-04 07:00:00+00:00,2026-05-04,0,72.81265991210941,72.0,0.8126599121094102,0.8126599121094102
KNYC,HRRR,2026-05-04 08:00:00+00:00,2026-05-04,0,72.92334716796879,72.0,0.9233471679687852,0.9233471679687852
KNYC,HRRR,2026-05-04 09:00:00+00:00,2026-05-04,0,73.15691650390629,72.0,1.156916503906288,1.156916503906288
KNYC,HRRR,2026-05-04 10:00:00+00:00,2026-05-04,0,73.3159985351563,72.0,1.3159985351562966,1.3159985351562966
KNYC,HRRR,2026-05-04 11:00:00+00:00,2026-05-04,0,73.23354614257816,72.0,1.233546142578163,1.233546142578163
KNYC,HRRR,2026-05-04 12:00:00+00:00,2026-05-04,0,73.04804199218754,72.0,1.0480419921875352,1.0480419921875352
KNYC,HRRR,2026-05-04 13:00:00+00:00,2026-05-04,0,72.78063476562504,72.0,0.7806347656250381,0.7806347656250381
KNYC,HRRR,2026-05-04 14:00:00+00:00,2026-05-04,0,73.10061157226566,72.0,1.100611572265663,1.100611572265663
KNYC,HRRR,2026-05-04 15:00:00+00:00,2026-05-04,0,73.07298095703129,72.0,1.072980957031291,1.072980957031291
KNYC,HRRR,2026-05-04 16:00:00+00:00,2026-05-04,0,72.91439331054691,72.0,0.9143933105469131,0.9143933105469131
KNYC,HRRR,2026-05-04 17:00:00+00:00,2026-05-04,0,73.10473144531254,72.0,1.104731445312538,1.104731445312538
KNYC,HRRR,2026-05-04 18:00:00+00:00,2026-05-04,0,73.25073974609379,72.0,1.2507397460937852,1.2507397460937852
KNYC,HRRR,2026-05-04 19:00:00+00:00,2026-05-04,0,73.18383300781254,72.0,1.183833007812538,1.183833007812538
KNYC,HRRR,2026-05-04 20:00:00+00:00,2026-05-04,0,73.22574584960941,72.0,1.2257458496094102,1.2257458496094102
KNYC,HRRR,2026-05-04 21:00:00+00:00,2026-05-04,0,72.30388305664067,72.0,0.3038830566406716,0.3038830566406716
KNYC,HRRR,2026-05-04 22:00:00+00:00,2026-05-04,0,66.1313793945313,72.0,-5.868620605468706,5.868620605468706
KNYC,HRRR,2026-05-04 23:00:00+00:00,2026-05-04,0,62.66359985351566,72.0,-9.336400146484337,9.336400146484337
KNYC,HRRR,2026-05-05 00:00:00+00:00,2026-05-04,0,63.24263427734379,72.0,-8.75736572265621,8.75736572265621
KNYC,HRRR,2026-05-05 01:00:00+00:00,2026-05-04,0,62.15718505859379,72.0,-9.84281494140621,9.84281494140621
KNYC,HRRR,2026-05-05 02:00:00+00:00,2026-05-04,0,60.013807373046916,72.0,-11.986192626953084,11.986192626953084
KNYC,NBM,2026-05-04 06:00:00+00:00,2026-05-04,0,73.99467895507817,72.0,1.9946789550781716,1.9946789550781716
KNYC,NBM,2026-05-04 12:00:00+00:00,2026-05-04,0,74.41210449218754,72.0,2.412104492187538,2.412104492187538
KNYC,GFS,2026-05-03 06:00:00+00:00,2026-05-04,1,74.6,72.0,2.5999999999999943,2.5999999999999943
KNYC,GFS,2026-05-03 12:00:00+00:00,2026-05-04,1,74.4,72.0,2.4000000000000057,2.4000000000000057
KNYC,GFS,2026-05-03 18:00:00+00:00,2026-05-04,1,73.7,72.0,1.7000000000000028,1.7000000000000028
KNYC,GFS,2026-05-04 00:00:00+00:00,2026-05-04,1,72.9,72.0,0.9000000000000057,0.9000000000000057
KNYC,HRRR,2026-05-03 06:00:00+00:00,2026-05-04,1,74.55805786132817,72.0,2.558057861328166,2.558057861328166
KNYC,HRRR,2026-05-03 12:00:00+00:00,2026-05-04,1,73.80730712890629,72.0,1.807307128906288,1.807307128906288
KNYC,HRRR,2026-05-03 16:00:00+00:00,2026-05-04,1,49.03863037109379,72.0,-22.961369628906212,22.961369628906212
KNYC,HRRR,2026-05-03 17:00:00+00:00,2026-05-04,1,48.03222778320317,72.0,-23.96777221679683,23.96777221679683
KNYC,HRRR,2026-05-03 18:00:00+00:00,2026-05-04,1,73.00557983398441,72.0,1.005579833984413,1.005579833984413
KNYC,HRRR,2026-05-03 19:00:00+00:00,2026-05-04,1,47.70170410156254,72.0,-24.29829589843746,24.29829589843746
KNYC,HRRR,2026-05-03 20:00:00+00:00,2026-05-04,1,47.11344116210942,72.0,-24.886558837890583,24.886558837890583
KNYC,HRRR,2026-05-03 21:00:00+00:00,2026-05-04,1,50.062775878906294,72.0,-21.937224121093706,21.937224121093706
KNYC,HRRR,2026-05-03 22:00:00+00:00,2026-05-04,1,54.360078125000044,72.0,-17.639921874999956,17.639921874999956
KNYC,HRRR,2026-05-03 23:00:00+00:00,2026-05-04,1,48.61966674804692,72.0,-23.380333251953083,23.380333251953083
KNYC,HRRR,2026-05-04 00:00:00+00:00,2026-05-04,1,72.42039306640629,72.0,0.4203930664062909,0.4203930664062909
KNYC,HRRR,2026-05-04 01:00:00+00:00,2026-05-04,1,59.45943725585941,72.0,-12.540562744140587,12.540562744140587
KNYC,HRRR,2026-05-04 02:00:00+00:00,2026-05-04,1,68.55243652343754,72.0,-3.4475634765624648,3.4475634765624648
KNYC,HRRR,2026-05-04 03:00:00+00:00,2026-05-04,1,70.33733032226567,72.0,-1.6626696777343284,1.6626696777343284
KNYC,NBM,2026-05-03 06:00:00+00:00,2026-05-04,1,74.74235351562504,72.0,2.742353515625041,2.742353515625041
KNYC,NBM,2026-05-03 12:00:00+00:00,2026-05-04,1,74.55042236328129,72.0,2.5504223632812852,2.5504223632812852
KNYC,NBM,2026-05-03 18:00:00+00:00,2026-05-04,1,74.7106030273438,72.0,2.7106030273437938,2.7106030273437938
KNYC,NBM,2026-05-04 00:00:00+00:00,2026-05-04,1,74.7563061523438,72.0,2.7563061523437966,2.7563061523437966
KNYC,GFS,2026-05-02 06:00:00+00:00,2026-05-04,2,70.8,72.0,-1.2000000000000028,1.2000000000000028
KNYC,GFS,2026-05-02 12:00:00+00:00,2026-05-04,2,70.8,72.0,-1.2000000000000028,1.2000000000000028
KNYC,GFS,2026-05-02 18:00:00+00:00,2026-05-04,2,71.5,72.0,-0.5,0.5
KNYC,GFS,2026-05-03 00:00:00+00:00,2026-05-04,2,71.9,72.0,-0.09999999999999432,0.09999999999999432
KNYC,HRRR,2026-05-02 06:00:00+00:00,2026-05-04,2,47.06191528320316,72.0,-24.938084716796837,24.938084716796837
KNYC,HRRR,2026-05-02 12:00:00+00:00,2026-05-04,2,49.773450927734416,72.0,-22.226549072265584,22.226549072265584
KNYC,HRRR,2026-05-02 18:00:00+00:00,2026-05-04,2,71.12268798828129,72.0,-0.8773120117187148,0.8773120117187148
KNYC,HRRR,2026-05-03 00:00:00+00:00,2026-05-04,2,74.72658813476566,72.0,2.726588134765663,2.726588134765663
KNYC,NBM,2026-05-02 06:00:00+00:00,2026-05-04,2,73.39076049804692,72.0,1.390760498046916,1.390760498046916
KNYC,NBM,2026-05-02 12:00:00+00:00,2026-05-04,2,73.93584716796879,72.0,1.935847167968788,1.935847167968788
KNYC,NBM,2026-05-02 18:00:00+00:00,2026-05-04,2,74.37475097656254,72.0,2.374750976562538,2.374750976562538
KNYC,NBM,2026-05-03 00:00:00+00:00,2026-05-04,2,74.29032104492191,72.0,2.2903210449219102,2.2903210449219102
KNYC,GFS,2026-05-01 18:00:00+00:00,2026-05-04,3,68.8,72.0,-3.200000000000003,3.200000000000003
KNYC,GFS,2026-05-02 00:00:00+00:00,2026-05-04,3,73.2,72.0,1.2000000000000028,1.2000000000000028
KNYC,NBM,2026-05-01 06:00:00+00:00,2026-05-04,3,72.76646240234379,72.0,0.7664624023437909,0.7664624023437909
KNYC,NBM,2026-05-01 12:00:00+00:00,2026-05-04,3,72.54014404296879,72.0,0.5401440429687909,0.5401440429687909
KNYC,NBM,2026-05-01 18:00:00+00:00,2026-05-04,3,73.62097900390629,72.0,1.6209790039062852,1.6209790039062852
KNYC,NBM,2026-05-02 00:00:00+00:00,2026-05-04,3,73.78753173828129,72.0,1.787531738281288,1.787531738281288
KNYC,NBM,2026-04-30 06:00:00+00:00,2026-05-04,4,70.98997314453129,72.0,-1.010026855468709,1.010026855468709
KNYC,NBM,2026-04-30 12:00:00+00:00,2026-05-04,4,71.34494140625004,72.0,-0.6550585937499562,0.6550585937499562
KNYC,NBM,2026-04-30 18:00:00+00:00,2026-05-04,4,71.77912109375004,72.0,-0.22087890624996476,0.22087890624996476
KNYC,NBM,2026-05-01 00:00:00+00:00,2026-05-04,4,72.36370361328129,72.0,0.3637036132812881,0.3637036132812881
KNYC,NBM,2026-04-29 06:00:00+00:00,2026-05-04,5,68.85911987304692,72.0,-3.1408801269530784,3.1408801269530784
KNYC,NBM,2026-04-29 12:00:00+00:00,2026-05-04,5,69.44732788085942,72.0,-2.5526721191405812,2.5526721191405812
KNYC,NBM,2026-04-29 18:00:00+00:00,2026-05-04,5,70.4709790039063,72.0,-1.5290209960937062,1.5290209960937062
KNYC,NBM,2026-04-28 06:00:00+00:00,2026-05-04,6,68.06854370117192,72.0,-3.9314562988280812,3.9314562988280812
KNYC,NBM,2026-04-28 12:00:00+00:00,2026-05-04,6,68.16203735351567,72.0,-3.8379626464843284,3.8379626464843284
KNYC,NBM,2026-04-28 18:00:00+00:00,2026-05-04,6,68.29711425781254,72.0,-3.702885742187462,3.702885742187462
KNYC,NBM,2026-04-29 00:00:00+00:00,2026-05-04,6,69.72022827148442,72.0,-2.279771728515584,2.279771728515584
KNYC,NBM,2026-04-27 06:00:00+00:00,2026-05-04,7,68.71624267578129,72.0,-3.283757324218712,3.283757324218712
KNYC,NBM,2026-04-27 12:00:00+00:00,2026-05-04,7,69.34949462890629,72.0,-2.6505053710937148,2.6505053710937148
KNYC,NBM,2026-04-27 18:00:00+00:00,2026-05-04,7,68.25717895507816,72.0,-3.7428210449218398,3.7428210449218398
KNYC,NBM,2026-04-28 00:00:00+00:00,2026-05-04,7,67.46764648437504,72.0,-4.532353515624962,4.532353515624962
KMDW,GFS,2026-05-05 06:00:00+00:00,2026-05-05,0,62.4,60.0,2.3999999999999986,2.3999999999999986
KMDW,GFS,2026-05-05 18:00:00+00:00,2026-05-05,0,61.7,60.0,1.7000000000000028,1.7000000000000028
KMDW,GFS,2026-05-06 00:00:00+00:00,2026-05-05,0,55.5,60.0,-4.5,4.5
KMDW,HRRR,2026-05-05 05:00:00+00:00,2026-05-05,0,62.35142333984379,60.0,2.351423339843791,2.351423339843791
KMDW,HRRR,2026-05-05 06:00:00+00:00,2026-05-05,0,63.27614257812504,60.0,3.2761425781250395,3.2761425781250395
KMDW,HRRR,2026-05-05 07:00:00+00:00,2026-05-05,0,62.95693481445316,60.0,2.956934814453163,2.956934814453163
KMDW,HRRR,2026-05-05 08:00:00+00:00,2026-05-05,0,63.18902099609379,60.0,3.189020996093788,3.189020996093788
KMDW,HRRR,2026-05-05 12:00:00+00:00,2026-05-05,0,62.27962768554691,60.0,2.279627685546913,2.279627685546913
KMDW,NBM,2026-05-05 06:00:00+00:00,2026-05-05,0,58.36997802734379,60.0,-1.630021972656209,1.630021972656209
KMDW,GFS,2026-05-04 06:00:00+00:00,2026-05-05,1,56.6,60.0,-3.3999999999999986,3.3999999999999986
KMDW,GFS,2026-05-04 12:00:00+00:00,2026-05-05,1,58.7,60.0,-1.2999999999999972,1.2999999999999972
KMDW,GFS,2026-05-04 18:00:00+00:00,2026-05-05,1,60.3,60.0,0.29999999999999716,0.29999999999999716
KMDW,GFS,2026-05-05 00:00:00+00:00,2026-05-05,1,59.3,60.0,-0.7000000000000028,0.7000000000000028
KMDW,HRRR,2026-05-04 06:00:00+00:00,2026-05-05,1,58.65342529296879,60.0,-1.346574707031209,1.346574707031209
KMDW,HRRR,2026-05-04 12:00:00+00:00,2026-05-05,1,59.83170898437504,60.0,-0.16829101562495907,0.16829101562495907
KMDW,HRRR,2026-05-04 13:00:00+00:00,2026-05-05,1,61.95717895507816,60.0,1.957178955078163,1.957178955078163
KMDW,HRRR,2026-05-04 14:00:00+00:00,2026-05-05,1,60.43886840820316,60.0,0.4388684082031631,0.4388684082031631
KMDW,HRRR,2026-05-04 15:00:00+00:00,2026-05-05,1,58.99625366210942,60.0,-1.0037463378905827,1.0037463378905827
KMDW,HRRR,2026-05-04 16:00:00+00:00,2026-05-05,1,60.25913208007817,60.0,0.25913208007816735,0.25913208007816735
KMDW,HRRR,2026-05-04 17:00:00+00:00,2026-05-05,1,59.46421630859379,60.0,-0.5357836914062091,0.5357836914062091
KMDW,HRRR,2026-05-04 18:00:00+00:00,2026-05-05,1,58.97785156250004,60.0,-1.0221484374999577,1.0221484374999577
KMDW,HRRR,2026-05-04 19:00:00+00:00,2026-05-05,1,59.692292480468794,60.0,-0.30770751953120623,0.30770751953120623
KMDW,HRRR,2026-05-04 20:00:00+00:00,2026-05-05,1,58.854584960937544,60.0,-1.1454150390624562,1.1454150390624562
KMDW,HRRR,2026-05-04 21:00:00+00:00,2026-05-05,1,59.10869873046879,60.0,-0.8913012695312119,0.8913012695312119
KMDW,HRRR,2026-05-04 22:00:00+00:00,2026-05-05,1,59.268769531250044,60.0,-0.7312304687499562,0.7312304687499562
KMDW,HRRR,2026-05-04 23:00:00+00:00,2026-05-05,1,59.20988281250004,60.0,-0.7901171874999591,0.7901171874999591
KMDW,HRRR,2026-05-05 00:00:00+00:00,2026-05-05,1,63.071137695312544,60.0,3.0711376953125438,3.0711376953125438
KMDW,HRRR,2026-05-05 01:00:00+00:00,2026-05-05,1,58.907868652343794,60.0,-1.0921313476562062,1.0921313476562062
KMDW,HRRR,2026-05-05 02:00:00+00:00,2026-05-05,1,60.550489501953166,60.0,0.5504895019531659,0.5504895019531659
KMDW,HRRR,2026-05-05 03:00:00+00:00,2026-05-05,1,61.739594726562544,60.0,1.7395947265625438,1.7395947265625438
KMDW,HRRR,2026-05-05 04:00:00+00:00,2026-05-05,1,62.32989013671879,60.0,2.329890136718788,2.329890136718788
KMDW,NBM,2026-05-04 06:00:00+00:00,2026-05-05,1,57.84884155273441,60.0,-2.151158447265587,2.151158447265587
KMDW,NBM,2026-05-04 12:00:00+00:00,2026-05-05,1,57.741120605468794,60.0,-2.2588793945312062,2.2588793945312062
KMDW,NBM,2026-05-04 18:00:00+00:00,2026-05-05,1,59.58968017578129,60.0,-0.4103198242187105,0.4103198242187105
KMDW,NBM,2026-05-05 00:00:00+00:00,2026-05-05,1,58.017976074218794,60.0,-1.9820239257812062,1.9820239257812062
KMDW,GFS,2026-05-03 06:00:00+00:00,2026-05-05,2,59.4,60.0,-0.6000000000000014,0.6000000000000014
KMDW,GFS,2026-05-03 12:00:00+00:00,2026-05-05,2,61.4,60.0,1.3999999999999986,1.3999999999999986
KMDW,GFS,2026-05-03 18:00:00+00:00,2026-05-05,2,59.0,60.0,-1.0,1.0
KMDW,GFS,2026-05-04 00:00:00+00:00,2026-05-05,2,61.7,60.0,1.7000000000000028,1.7000000000000028
KMDW,HRRR,2026-05-03 06:00:00+00:00,2026-05-05,2,54.65747802734379,60.0,-5.342521972656208,5.342521972656208
KMDW,HRRR,2026-05-03 12:00:00+00:00,2026-05-05,2,58.64903076171879,60.0,-1.350969238281209,1.350969238281209
KMDW,HRRR,2026-05-03 18:00:00+00:00,2026-05-05,2,58.42260253906254,60.0,-1.577397460937462,1.577397460937462
KMDW,HRRR,2026-05-04 00:00:00+00:00,2026-05-05,2,56.56041992187504,60.0,-3.439580078124962,3.439580078124962
KMDW,NBM,2026-05-03 06:00:00+00:00,2026-05-05,2,55.57088134765629,60.0,-4.4291186523437105,4.4291186523437105
KMDW,NBM,2026-05-03 12:00:00+00:00,2026-05-05,2,55.851307373046915,60.0,-4.1486926269530855,4.1486926269530855
KMDW,NBM,2026-05-03 18:00:00+00:00,2026-05-05,2,58.69297607421879,60.0,-1.307023925781209,1.307023925781209
KMDW,NBM,2026-05-04 00:00:00+00:00,2026-05-05,2,57.48486450195317,60.0,-2.5151354980468312,2.5151354980468312
KMDW,GFS,2026-05-02 18:00:00+00:00,2026-05-05,3,59.6,60.0,-0.3999999999999986,0.3999999999999986
KMDW,GFS,2026-05-03 00:00:00+00:00,2026-05-05,3,59.0,60.0,-1.0,1.0
KMDW,NBM,2026-05-02 06:00:00+00:00,2026-05-05,3,57.301502685546915,60.0,-2.6984973144530855,2.6984973144530855
KMDW,NBM,2026-05-02 12:00:00+00:00,2026-05-05,3,57.021131591796916,60.0,-2.978868408203084,2.978868408203084
KMDW,NBM,2026-05-02 18:00:00+00:00,2026-05-05,3,57.14873779296879,60.0,-2.851262207031212,2.851262207031212
KMDW,NBM,2026-05-03 00:00:00+00:00,2026-05-05,3,56.461213378906294,60.0,-3.5387866210937062,3.5387866210937062
KMIA,GFS,2026-05-05 06:00:00+00:00,2026-05-05,0,86.8,88.0,-1.2000000000000028,1.2000000000000028
KMIA,GFS,2026-05-05 18:00:00+00:00,2026-05-05,0,84.5,88.0,-3.5,3.5
KMIA,GFS,2026-05-06 00:00:00+00:00,2026-05-05,0,78.8,88.0,-9.200000000000003,9.200000000000003
KMIA,HRRR,2026-05-05 04:00:00+00:00,2026-05-05,0,86.74002807617191,88.0,-1.2599719238280898,1.2599719238280898
KMIA,HRRR,2026-05-05 05:00:00+00:00,2026-05-05,0,89.67266357421879,88.0,1.672663574218788,1.672663574218788
KMIA,HRRR,2026-05-05 06:00:00+00:00,2026-05-05,0,87.49226196289067,88.0,-0.5077380371093341,0.5077380371093341
KMIA,HRRR,2026-05-05 07:00:00+00:00,2026-05-05,0,86.10787475585941,88.0,-1.892125244140587,1.892125244140587
KMIA,HRRR,2026-05-05 08:00:00+00:00,2026-05-05,0,86.00268066406254,88.0,-1.997319335937462,1.997319335937462
KMIA,HRRR,2026-05-05 12:00:00+00:00,2026-05-05,0,86.45641601562504,88.0,-1.543583984374962,1.543583984374962
KMIA,NBM,2026-05-05 06:00:00+00:00,2026-05-05,0,85.1900219726563,88.0,-2.8099780273437034,2.8099780273437034
KMIA,GFS,2026-05-04 06:00:00+00:00,2026-05-05,1,81.8,88.0,-6.200000000000003,6.200000000000003
KMIA,GFS,2026-05-04 12:00:00+00:00,2026-05-05,1,84.9,88.0,-3.0999999999999943,3.0999999999999943
KMIA,GFS,2026-05-04 18:00:00+00:00,2026-05-05,1,84.7,88.0,-3.299999999999997,3.299999999999997
KMIA,GFS,2026-05-05 00:00:00+00:00,2026-05-05,1,85.3,88.0,-2.700000000000003,2.700000000000003
KMIA,HRRR,2026-05-04 06:00:00+00:00,2026-05-05,1,84.86944091796879,88.0,-3.130559082031212,3.130559082031212
KMIA,HRRR,2026-05-04 11:00:00+00:00,2026-05-05,1,74.82447631835942,88.0,-13.175523681640584,13.175523681640584
KMIA,HRRR,2026-05-04 12:00:00+00:00,2026-05-05,1,84.61856811523441,88.0,-3.3814318847655898,3.3814318847655898
KMIA,HRRR,2026-05-04 13:00:00+00:00,2026-05-05,1,74.18122680664067,88.0,-13.818773193359334,13.818773193359334
KMIA,HRRR,2026-05-04 14:00:00+00:00,2026-05-05,1,74.1289868164063,88.0,-13.871013183593703,13.871013183593703
KMIA,HRRR,2026-05-04 15:00:00+00:00,2026-05-05,1,74.40875366210942,88.0,-13.591246337890581,13.591246337890581
KMIA,HRRR,2026-05-04 16:00:00+00:00,2026-05-05,1,73.52699096679692,88.0,-14.473009033203084,14.473009033203084
KMIA,HRRR,2026-05-04 17:00:00+00:00,2026-05-05,1,74.16804321289067,88.0,-13.831956787109334,13.831956787109334
KMIA,HRRR,2026-05-04 18:00:00+00:00,2026-05-05,1,83.61820800781254,88.0,-4.381791992187459,4.381791992187459
KMIA,HRRR,2026-05-04 19:00:00+00:00,2026-05-05,1,78.50396240234379,88.0,-9.496037597656212,9.496037597656212
KMIA,HRRR,2026-05-04 20:00:00+00:00,2026-05-05,1,80.07275512695317,88.0,-7.927244873046831,7.927244873046831
KMIA,HRRR,2026-05-04 21:00:00+00:00,2026-05-05,1,80.67282836914066,88.0,-7.32717163085934,7.32717163085934
KMIA,HRRR,2026-05-04 22:00:00+00:00,2026-05-05,1,83.17386596679691,88.0,-4.82613403320309,4.82613403320309
KMIA,HRRR,2026-05-04 23:00:00+00:00,2026-05-05,1,84.29738281250005,88.0,-3.7026171874999534,3.7026171874999534
KMIA,HRRR,2026-05-05 00:00:00+00:00,2026-05-05,1,87.00062377929692,88.0,-0.9993762207030841,0.9993762207030841
KMIA,HRRR,2026-05-05 01:00:00+00:00,2026-05-05,1,84.85554321289067,88.0,-3.144456787109334,3.144456787109334
KMIA,HRRR,2026-05-05 02:00:00+00:00,2026-05-05,1,90.36298950195317,88.0,2.362989501953166,2.362989501953166
KMIA,HRRR,2026-05-05 03:00:00+00:00,2026-05-05,1,88.71888549804692,88.0,0.7188854980469159,0.7188854980469159
KMIA,NBM,2026-05-04 06:00:00+00:00,2026-05-05,1,85.20886352539067,88.0,-2.7911364746093312,2.7911364746093312
KMIA,NBM,2026-05-04 12:00:00+00:00,2026-05-05,1,85.10108764648442,88.0,-2.898912353515584,2.898912353515584
KMIA,NBM,2026-05-04 18:00:00+00:00,2026-05-05,1,84.78968017578129,88.0,-3.2103198242187148,3.2103198242187148
KMIA,NBM,2026-05-05 00:00:00+00:00,2026-05-05,1,84.65795410156254,88.0,-3.342045898437462,3.342045898437462
KMIA,GFS,2026-05-03 06:00:00+00:00,2026-05-05,2,82.2,88.0,-5.799999999999997,5.799999999999997
KMIA,GFS,2026-05-03 12:00:00+00:00,2026-05-05,2,84.7,88.0,-3.299999999999997,3.299999999999997
KMIA,GFS,2026-05-03 18:00:00+00:00,2026-05-05,2,84.2,88.0,-3.799999999999997,3.799999999999997
KMIA,GFS,2026-05-04 00:00:00+00:00,2026-05-05,2,83.6,88.0,-4.400000000000006,4.400000000000006
KMIA,HRRR,2026-05-03 06:00:00+00:00,2026-05-05,2,74.0927319335938,88.0,-13.907268066406203,13.907268066406203
KMIA,HRRR,2026-05-03 12:00:00+00:00,2026-05-05,2,74.79613159179692,88.0,-13.203868408203078,13.203868408203078
KMIA,HRRR,2026-05-03 18:00:00+00:00,2026-05-05,2,80.84267700195316,88.0,-7.157322998046837,7.157322998046837
KMIA,HRRR,2026-05-04 00:00:00+00:00,2026-05-05,2,81.37749145507817,88.0,-6.622508544921828,6.622508544921828
KMIA,NBM,2026-05-03 06:00:00+00:00,2026-05-05,2,84.3708813476563,88.0,-3.6291186523437062,3.6291186523437062
KMIA,NBM,2026-05-03 12:00:00+00:00,2026-05-05,2,83.93131835937504,88.0,-4.068681640624959,4.068681640624959
KMIA,NBM,2026-05-03 18:00:00+00:00,2026-05-05,2,83.8929760742188,88.0,-4.107023925781206,4.107023925781206
KMIA,NBM,2026-05-04 00:00:00+00:00,2026-05-05,2,84.12484252929691,88.0,-3.875157470703087,3.875157470703087
KMIA,GFS,2026-05-02 06:00:00+00:00,2026-05-05,3,82.9,88.0,-5.099999999999994,5.099999999999994
KMIA,GFS,2026-05-02 12:00:00+00:00,2026-05-05,3,82.9,88.0,-5.099999999999994,5.099999999999994
KMIA,GFS,2026-05-02 18:00:00+00:00,2026-05-05,3,83.5,88.0,-4.5,4.5
KMIA,GFS,2026-05-03 00:00:00+00:00,2026-05-05,3,81.7,88.0,-6.299999999999997,6.299999999999997
KMIA,NBM,2026-05-02 06:00:00+00:00,2026-05-05,3,83.22149169921879,88.0,-4.778508300781212,4.778508300781212
KMIA,NBM,2026-05-02 12:00:00+00:00,2026-05-05,3,83.6611645507813,88.0,-4.338835449218706,4.338835449218706
KMIA,NBM,2026-05-02 18:00:00+00:00,2026-05-05,3,84.50875976562504,88.0,-3.4912402343749562,3.4912402343749562
KMIA,NBM,2026-05-03 00:00:00+00:00,2026-05-05,3,84.5411694335938,88.0,-3.4588305664062062,3.4588305664062062
KMIA,GFS,2026-05-01 18:00:00+00:00,2026-05-05,4,85.1,88.0,-2.9000000000000057,2.9000000000000057
KMIA,GFS,2026-05-02 00:00:00+00:00,2026-05-05,4,86.5,88.0,-1.5,1.5
KMIA,NBM,2026-05-01 06:00:00+00:00,2026-05-05,4,83.59585083007816,88.0,-4.404149169921837,4.404149169921837
KMIA,NBM,2026-05-01 12:00:00+00:00,2026-05-05,4,83.84007690429692,88.0,-4.159923095703078,4.159923095703078
KMIA,NBM,2026-05-01 18:00:00+00:00,2026-05-05,4,83.5216381835938,88.0,-4.478361816406206,4.478361816406206
KMIA,NBM,2026-05-02 00:00:00+00:00,2026-05-05,4,84.02563598632817,88.0,-3.9743640136718312,3.9743640136718312
KNYC,GFS,2026-05-05 06:00:00+00:00,2026-05-05,0,84.1,81.0,3.0999999999999943,3.0999999999999943
KNYC,GFS,2026-05-05 18:00:00+00:00,2026-05-05,0,84.0,81.0,3.0,3.0
KNYC,GFS,2026-05-06 00:00:00+00:00,2026-05-05,0,74.3,81.0,-6.700000000000003,6.700000000000003
KNYC,HRRR,2026-05-05 04:00:00+00:00,2026-05-05,0,84.16631591796879,81.0,3.166315917968788,3.166315917968788
KNYC,HRRR,2026-05-05 05:00:00+00:00,2026-05-05,0,83.83892333984379,81.0,2.838923339843788,2.838923339843788
KNYC,HRRR,2026-05-05 06:00:00+00:00,2026-05-05,0,84.08864257812505,81.0,3.0886425781250466,3.0886425781250466
KNYC,HRRR,2026-05-05 07:00:00+00:00,2026-05-05,0,84.21943481445317,81.0,3.219434814453166,3.219434814453166
KNYC,HRRR,2026-05-05 08:00:00+00:00,2026-05-05,0,84.3928540039063,81.0,3.3928540039062938,3.3928540039062938
KNYC,GFS,2026-05-04 06:00:00+00:00,2026-05-05,1,80.9,81.0,-0.09999999999999432,0.09999999999999432
KNYC,GFS,2026-05-04 12:00:00+00:00,2026-05-05,1,83.3,81.0,2.299999999999997,2.299999999999997
KNYC,GFS,2026-05-04 18:00:00+00:00,2026-05-05,1,84.0,81.0,3.0,3.0
KNYC,GFS,2026-05-05 00:00:00+00:00,2026-05-05,1,83.6,81.0,2.5999999999999943,2.5999999999999943
KNYC,HRRR,2026-05-04 06:00:00+00:00,2026-05-05,1,83.36942260742191,81.0,2.3694226074219102,2.3694226074219102
KNYC,HRRR,2026-05-04 11:00:00+00:00,2026-05-05,1,57.83697631835942,81.0,-23.16302368164058,23.16302368164058
KNYC,HRRR,2026-05-04 12:00:00+00:00,2026-05-05,1,84.07216308593755,81.0,3.0721630859375466,3.0721630859375466
KNYC,HRRR,2026-05-04 13:00:00+00:00,2026-05-05,1,58.10097778320316,81.0,-22.899022216796837,22.899022216796837
KNYC,HRRR,2026-05-04 14:00:00+00:00,2026-05-05,1,58.75136840820316,81.0,-22.248631591796837,22.248631591796837
KNYC,HRRR,2026-05-04 15:00:00+00:00,2026-05-05,1,59.896253662109416,81.0,-21.103746337890584,21.103746337890584
KNYC,HRRR,2026-05-04 16:00:00+00:00,2026-05-05,1,59.35913208007817,81.0,-21.64086791992183,21.64086791992183
KNYC,HRRR,2026-05-04 17:00:00+00:00,2026-05-05,1,58.789216308593794,81.0,-22.210783691406206,22.210783691406206
KNYC,HRRR,2026-05-04 18:00:00+00:00,2026-05-05,1,83.73070800781254,81.0,2.730708007812538,2.730708007812538
KNYC,HRRR,2026-05-04 19:00:00+00:00,2026-05-05,1,67.4789624023438,81.0,-13.521037597656203,13.521037597656203
KNYC,HRRR,2026-05-04 20:00:00+00:00,2026-05-05,1,70.84775512695316,81.0,-10.15224487304684,10.15224487304684
KNYC,HRRR,2026-05-04 21:00:00+00:00,2026-05-05,1,73.81032836914066,81.0,-7.189671630859337,7.189671630859337
KNYC,HRRR,2026-05-04 22:00:00+00:00,2026-05-05,1,74.84886596679692,81.0,-6.151134033203078,6.151134033203078
KNYC,HRRR,2026-05-04 23:00:00+00:00,2026-05-05,1,78.89738281250004,81.0,-2.102617187499959,2.102617187499959
KNYC,HRRR,2026-05-05 00:00:00+00:00,2026-05-05,1,83.32113769531254,81.0,2.3211376953125438,2.3211376953125438
KNYC,HRRR,2026-05-05 01:00:00+00:00,2026-05-05,1,76.86804321289067,81.0,-4.131956787109331,4.131956787109331
KNYC,HRRR,2026-05-05 02:00:00+00:00,2026-05-05,1,76.50428588867192,81.0,-4.495714111328084,4.495714111328084
KNYC,HRRR,2026-05-05 03:00:00+00:00,2026-05-05,1,84.01102416992191,81.0,3.0110241699219102,3.0110241699219102
KNYC,NBM,2026-05-04 06:00:00+00:00,2026-05-05,1,85.92885253906255,81.0,4.928852539062547,4.928852539062547
KNYC,NBM,2026-05-04 12:00:00+00:00,2026-05-05,1,86.54112060546879,81.0,5.541120605468791,5.541120605468791
KNYC,NBM,2026-05-04 18:00:00+00:00,2026-05-05,1,85.50966918945316,81.0,4.509669189453163,4.509669189453163
KNYC,NBM,2026-05-05 00:00:00+00:00,2026-05-05,1,85.37794311523442,81.0,4.377943115234416,4.377943115234416
KNYC,GFS,2026-05-03 06:00:00+00:00,2026-05-05,2,82.3,81.0,1.2999999999999972,1.2999999999999972
KNYC,GFS,2026-05-03 12:00:00+00:00,2026-05-05,2,82.3,81.0,1.2999999999999972,1.2999999999999972
KNYC,GFS,2026-05-03 18:00:00+00:00,2026-05-05,2,82.3,81.0,1.2999999999999972,1.2999999999999972
KNYC,GFS,2026-05-04 00:00:00+00:00,2026-05-05,2,82.0,81.0,1.0,1.0
KNYC,HRRR,2026-05-03 06:00:00+00:00,2026-05-05,2,59.38494995117192,81.0,-21.61505004882808,21.61505004882808
KNYC,HRRR,2026-05-03 12:00:00+00:00,2026-05-05,2,62.421131591796915,81.0,-18.578868408203085,18.578868408203085
KNYC,HRRR,2026-05-03 18:00:00+00:00,2026-05-05,2,82.64185302734379,81.0,1.6418530273437852,1.6418530273437852
KNYC,HRRR,2026-05-04 00:00:00+00:00,2026-05-05,2,81.06806152343754,81.0,0.06806152343753524,0.06806152343753524
KNYC,NBM,2026-05-03 06:00:00+00:00,2026-05-05,2,83.6508374023438,81.0,2.6508374023437966,2.6508374023437966
KNYC,NBM,2026-05-03 12:00:00+00:00,2026-05-05,2,83.93131835937504,81.0,2.931318359375041,2.931318359375041
KNYC,NBM,2026-05-03 18:00:00+00:00,2026-05-05,2,84.61296508789067,81.0,3.6129650878906716,3.6129650878906716
KNYC,NBM,2026-05-04 00:00:00+00:00,2026-05-05,2,84.12484252929691,81.0,3.124842529296913,3.124842529296913
KNYC,GFS,2026-05-02 06:00:00+00:00,2026-05-05,3,82.5,81.0,1.5,1.5
KNYC,GFS,2026-05-02 12:00:00+00:00,2026-05-05,3,81.8,81.0,0.7999999999999972,0.7999999999999972
KNYC,GFS,2026-05-02 18:00:00+00:00,2026-05-05,3,82.7,81.0,1.7000000000000028,1.7000000000000028
KNYC,GFS,2026-05-03 00:00:00+00:00,2026-05-05,3,82.2,81.0,1.2000000000000028,1.2000000000000028
KNYC,NBM,2026-05-02 06:00:00+00:00,2026-05-05,3,83.94153564453129,81.0,2.9415356445312852,2.9415356445312852
KNYC,NBM,2026-05-02 12:00:00+00:00,2026-05-05,3,84.38115356445317,81.0,3.3811535644531716,3.3811535644531716
KNYC,NBM,2026-05-02 18:00:00+00:00,2026-05-05,3,83.78877075195317,81.0,2.788770751953166,2.788770751953166
KNYC,NBM,2026-05-03 00:00:00+00:00,2026-05-05,3,83.82118041992192,81.0,2.821180419921916,2.821180419921916
KNYC,GFS,2026-05-01 18:00:00+00:00,2026-05-05,4,80.7,81.0,-0.29999999999999716,0.29999999999999716
KNYC,GFS,2026-05-02 00:00:00+00:00,2026-05-05,4,82.7,81.0,1.7000000000000028,1.7000000000000028
KNYC,NBM,2026-05-01 06:00:00+00:00,2026-05-05,4,81.43582885742191,81.0,0.43582885742191024,0.43582885742191024
KNYC,NBM,2026-05-01 12:00:00+00:00,2026-05-05,4,82.40009887695317,81.0,1.400098876953166,1.400098876953166
KNYC,NBM,2026-05-01 18:00:00+00:00,2026-05-05,4,83.5216381835938,81.0,2.5216381835937938,2.5216381835937938
KNYC,NBM,2026-05-02 00:00:00+00:00,2026-05-05,4,83.30564697265629,81.0,2.305646972656291,2.305646972656291
KNYC,NBM,2026-04-30 06:00:00+00:00,2026-05-05,5,79.42835205078129,81.0,-1.5716479492187148,1.5716479492187148
KNYC,NBM,2026-04-30 12:00:00+00:00,2026-05-05,5,80.42343872070316,81.0,-0.5765612792968398,0.5765612792968398
KNYC,NBM,2026-04-30 18:00:00+00:00,2026-05-05,5,80.6157543945313,81.0,-0.38424560546870623,0.38424560546870623
KNYC,NBM,2026-05-01 00:00:00+00:00,2026-05-05,5,81.0870678710938,81.0,0.08706787109379377,0.08706787109379377
KNYC,NBM,2026-04-29 06:00:00+00:00,2026-05-05,6,72.93784912109379,81.0,-8.062150878906209,8.062150878906209
KNYC,NBM,2026-04-29 12:00:00+00:00,2026-05-05,6,73.95238159179692,81.0,-7.047618408203078,7.047618408203078
KNYC,NBM,2026-04-29 18:00:00+00:00,2026-05-05,6,78.9634106445313,81.0,-2.0365893554687062,2.0365893554687062
KNYC,NBM,2026-04-28 06:00:00+00:00,2026-05-05,7,70.6929028320313,81.0,-10.307097167968706,10.307097167968706
KNYC,NBM,2026-04-28 12:00:00+00:00,2026-05-05,7,70.80227172851566,81.0,-10.197728271484337,10.197728271484337
KNYC,NBM,2026-04-28 18:00:00+00:00,2026-05-05,7,72.10069091796879,81.0,-8.899309082031209,8.899309082031209
KNYC,NBM,2026-04-29 00:00:00+00:00,2026-05-05,7,73.09907348632817,81.0,-7.900926513671834,7.900926513671834
KMDW,GFS,2026-05-06 06:00:00+00:00,2026-05-06,0,59.2,58.0,1.2000000000000028,1.2000000000000028
KMDW,GFS,2026-05-06 12:00:00+00:00,2026-05-06,0,59.2,58.0,1.2000000000000028,1.2000000000000028
KMDW,GFS,2026-05-06 18:00:00+00:00,2026-05-06,0,57.9,58.0,-0.10000000000000142,0.10000000000000142
KMDW,GFS,2026-05-07 00:00:00+00:00,2026-05-06,0,53.3,58.0,-4.700000000000003,4.700000000000003
KMDW,HRRR,2026-05-06 08:00:00+00:00,2026-05-06,0,59.26580322265629,58.0,1.265803222656288,1.265803222656288
KMDW,HRRR,2026-05-06 19:00:00+00:00,2026-05-06,0,56.88094604492191,58.0,-1.119053955078087,1.119053955078087
KMDW,HRRR,2026-05-06 20:00:00+00:00,2026-05-06,0,56.66138427734379,58.0,-1.3386157226562077,1.3386157226562077
KMDW,NBM,2026-05-06 06:00:00+00:00,2026-05-06,0,57.46997802734379,58.0,-0.5300219726562077,0.5300219726562077
KMDW,NBM,2026-05-06 12:00:00+00:00,2026-05-06,0,57.64998901367191,58.0,-0.3500109863280869,0.3500109863280869
KMDW,GFS,2026-05-05 06:00:00+00:00,2026-05-06,1,56.2,58.0,-1.7999999999999972,1.7999999999999972
KMDW,GFS,2026-05-05 18:00:00+00:00,2026-05-06,1,57.6,58.0,-0.3999999999999986,0.3999999999999986
KMDW,GFS,2026-05-06 00:00:00+00:00,2026-05-06,1,57.6,58.0,-0.3999999999999986,0.3999999999999986
KMDW,HRRR,2026-05-05 06:00:00+00:00,2026-05-06,1,56.26983154296879,58.0,-1.730168457031212,1.730168457031212
KMDW,HRRR,2026-05-05 12:00:00+00:00,2026-05-06,1,57.58231323242192,58.0,-0.41768676757808265,0.41768676757808265
KMDW,NBM,2026-05-05 06:00:00+00:00,2026-05-06,1,57.64998901367191,58.0,-0.3500109863280869,0.3500109863280869
KMDW,GFS,2026-05-04 06:00:00+00:00,2026-05-06,2,56.1,58.0,-1.8999999999999986,1.8999999999999986
KMDW,GFS,2026-05-04 12:00:00+00:00,2026-05-06,2,57.0,58.0,-1.0,1.0
KMDW,GFS,2026-05-04 18:00:00+00:00,2026-05-06,2,56.7,58.0,-1.2999999999999972,1.2999999999999972
KMDW,GFS,2026-05-05 00:00:00+00:00,2026-05-06,2,57.8,58.0,-0.20000000000000284,0.20000000000000284
KMDW,HRRR,2026-05-04 06:00:00+00:00,2026-05-06,2,45.80216796875004,58.0,-12.197832031249959,12.197832031249959
KMDW,HRRR,2026-05-04 12:00:00+00:00,2026-05-06,2,46.16493652343754,58.0,-11.83506347656246,11.83506347656246
KMDW,HRRR,2026-05-05 00:00:00+00:00,2026-05-06,2,46.50353515625004,58.0,-11.496464843749962,11.496464843749962
KMDW,NBM,2026-05-04 06:00:00+00:00,2026-05-06,2,55.833894042968794,58.0,-2.1661059570312062,2.1661059570312062
KMDW,NBM,2026-05-04 12:00:00+00:00,2026-05-06,2,56.713184814453165,58.0,-1.2868151855468355,1.2868151855468355
KMDW,NBM,2026-05-04 18:00:00+00:00,2026-05-06,2,56.23083007812504,58.0,-1.769169921874962,1.769169921874962
KMDW,NBM,2026-05-05 00:00:00+00:00,2026-05-06,2,56.69643066406254,58.0,-1.3035693359374605,1.3035693359374605
KMDW,GFS,2026-05-03 06:00:00+00:00,2026-05-06,3,58.8,58.0,0.7999999999999972,0.7999999999999972
KMDW,GFS,2026-05-03 12:00:00+00:00,2026-05-06,3,57.2,58.0,-0.7999999999999972,0.7999999999999972
KMDW,GFS,2026-05-03 18:00:00+00:00,2026-05-06,3,57.8,58.0,-0.20000000000000284,0.20000000000000284
KMDW,GFS,2026-05-04 00:00:00+00:00,2026-05-06,3,54.9,58.0,-3.1000000000000014,3.1000000000000014
KMDW,NBM,2026-05-03 06:00:00+00:00,2026-05-06,3,57.189991455078165,58.0,-0.8100085449218355,0.8100085449218355
KMDW,NBM,2026-05-03 12:00:00+00:00,2026-05-06,3,56.46846435546879,58.0,-1.5315356445312105,1.5315356445312105
KMDW,NBM,2026-05-03 18:00:00+00:00,2026-05-06,3,56.30806396484379,58.0,-1.6919360351562105,1.6919360351562105
KMDW,NBM,2026-05-04 00:00:00+00:00,2026-05-06,3,56.17842529296879,58.0,-1.8215747070312105,1.8215747070312105
KMDW,GFS,2026-05-02 18:00:00+00:00,2026-05-06,4,56.0,58.0,-2.0,2.0
KMDW,GFS,2026-05-03 00:00:00+00:00,2026-05-06,4,59.9,58.0,1.8999999999999986,1.8999999999999986
KMDW,NBM,2026-05-02 06:00:00+00:00,2026-05-06,4,56.74290283203129,58.0,-1.257097167968709,1.257097167968709
KMDW,NBM,2026-05-02 12:00:00+00:00,2026-05-06,4,57.29090087890629,58.0,-0.7090991210937077,0.7090991210937077
KMDW,NBM,2026-05-02 18:00:00+00:00,2026-05-06,4,58.08323486328129,58.0,0.08323486328129093,0.08323486328129093
KMDW,NBM,2026-05-03 00:00:00+00:00,2026-05-06,4,57.95469482421879,58.0,-0.04530517578120907,0.04530517578120907
KMIA,GFS,2026-05-06 06:00:00+00:00,2026-05-06,0,87.2,88.0,-0.7999999999999972,0.7999999999999972
KMIA,GFS,2026-05-06 12:00:00+00:00,2026-05-06,0,87.8,88.0,-0.20000000000000284,0.20000000000000284
KMIA,GFS,2026-05-06 18:00:00+00:00,2026-05-06,0,87.4,88.0,-0.5999999999999943,0.5999999999999943
KMIA,GFS,2026-05-07 00:00:00+00:00,2026-05-06,0,80.1,88.0,-7.900000000000006,7.900000000000006
KMIA,HRRR,2026-05-06 08:00:00+00:00,2026-05-06,0,87.74483764648441,88.0,-0.2551623535155869,0.2551623535155869
KMIA,HRRR,2026-05-06 19:00:00+00:00,2026-05-06,0,87.48094604492192,88.0,-0.5190539550780784,0.5190539550780784
KMIA,HRRR,2026-05-06 20:00:00+00:00,2026-05-06,0,86.6988842773438,88.0,-1.3011157226562062,1.3011157226562062
KMIA,NBM,2026-05-06 06:00:00+00:00,2026-05-06,0,87.16997802734379,88.0,-0.8300219726562119,0.8300219726562119
KMIA,NBM,2026-05-06 12:00:00+00:00,2026-05-06,0,87.89002197265629,88.0,-0.10997802734371476,0.10997802734371476
KMIA,GFS,2026-05-05 06:00:00+00:00,2026-05-06,1,86.5,88.0,-1.5,1.5
KMIA,GFS,2026-05-05 18:00:00+00:00,2026-05-06,1,89.2,88.0,1.2000000000000028,1.2000000000000028
KMIA,GFS,2026-05-06 00:00:00+00:00,2026-05-06,1,86.7,88.0,-1.2999999999999972,1.2999999999999972
KMIA,HRRR,2026-05-05 06:00:00+00:00,2026-05-06,1,87.4323315429688,88.0,-0.5676684570312034,0.5676684570312034
KMIA,HRRR,2026-05-05 12:00:00+00:00,2026-05-06,1,89.12603881835942,88.0,1.1260388183594188,1.1260388183594188
KMIA,NBM,2026-05-05 06:00:00+00:00,2026-05-06,1,87.34998901367192,88.0,-0.6500109863280841,0.6500109863280841
KMIA,GFS,2026-05-04 06:00:00+00:00,2026-05-06,2,89.6,88.0,1.5999999999999943,1.5999999999999943
KMIA,GFS,2026-05-04 12:00:00+00:00,2026-05-06,2,90.3,88.0,2.299999999999997,2.299999999999997
KMIA,GFS,2026-05-04 18:00:00+00:00,2026-05-06,2,88.7,88.0,0.7000000000000028,0.7000000000000028
KMIA,GFS,2026-05-05 00:00:00+00:00,2026-05-06,2,88.3,88.0,0.29999999999999716,0.29999999999999716
KMIA,HRRR,2026-05-04 06:00:00+00:00,2026-05-06,2,76.23599975585941,88.0,-11.76400024414059,11.76400024414059
KMIA,HRRR,2026-05-04 12:00:00+00:00,2026-05-06,2,75.41493652343755,88.0,-12.585063476562453,12.585063476562453
KMIA,HRRR,2026-05-05 00:00:00+00:00,2026-05-06,2,76.73368041992191,88.0,-11.26631958007809,11.26631958007809
KMIA,NBM,2026-05-04 06:00:00+00:00,2026-05-06,2,88.23389404296879,88.0,0.23389404296878524,0.23389404296878524
KMIA,NBM,2026-05-04 12:00:00+00:00,2026-05-06,2,86.95316284179691,88.0,-1.0468371582030898,1.0468371582030898
KMIA,NBM,2026-05-04 18:00:00+00:00,2026-05-06,2,87.19085205078129,88.0,-0.8091479492187119,0.8091479492187119
KMIA,NBM,2026-05-05 00:00:00+00:00,2026-05-06,2,86.93640869140629,88.0,-1.0635913085937148,1.0635913085937148
KMIA,GFS,2026-05-03 06:00:00+00:00,2026-05-06,3,88.9,88.0,0.9000000000000057,0.9000000000000057
KMIA,GFS,2026-05-03 12:00:00+00:00,2026-05-06,3,88.9,88.0,0.9000000000000057,0.9000000000000057
KMIA,GFS,2026-05-03 18:00:00+00:00,2026-05-06,3,89.8,88.0,1.7999999999999972,1.7999999999999972
KMIA,GFS,2026-05-04 00:00:00+00:00,2026-05-06,3,88.7,88.0,0.7000000000000028,0.7000000000000028
KMIA,NBM,2026-05-03 06:00:00+00:00,2026-05-06,3,87.42996948242191,88.0,-0.5700305175780898,0.5700305175780898
KMIA,NBM,2026-05-03 12:00:00+00:00,2026-05-06,3,87.42848632812505,88.0,-0.5715136718749534,0.5715136718749534
KMIA,NBM,2026-05-03 18:00:00+00:00,2026-05-06,3,87.26803100585941,88.0,-0.7319689941405869,0.7319689941405869
KMIA,NBM,2026-05-04 00:00:00+00:00,2026-05-06,3,87.13839233398441,88.0,-0.8616076660155869,0.8616076660155869
KMIA,GFS,2026-05-02 06:00:00+00:00,2026-05-06,4,86.5,88.0,-1.5,1.5
KMIA,GFS,2026-05-02 12:00:00+00:00,2026-05-06,4,87.2,88.0,-0.7999999999999972,0.7999999999999972
KMIA,GFS,2026-05-02 18:00:00+00:00,2026-05-06,4,86.5,88.0,-1.5,1.5
KMIA,GFS,2026-05-03 00:00:00+00:00,2026-05-06,4,86.7,88.0,-1.2999999999999972,1.2999999999999972
KMIA,NBM,2026-05-02 06:00:00+00:00,2026-05-06,4,86.98293579101566,88.0,-1.017064208984337,1.017064208984337
KMIA,NBM,2026-05-02 12:00:00+00:00,2026-05-06,4,86.8109448242188,88.0,-1.1890551757812062,1.1890551757812062
KMIA,NBM,2026-05-02 18:00:00+00:00,2026-05-06,4,87.60322387695317,88.0,-0.3967761230468341,0.3967761230468341
KMIA,NBM,2026-05-03 00:00:00+00:00,2026-05-06,4,87.47468383789067,88.0,-0.5253161621093341,0.5253161621093341
KMIA,GFS,2026-05-01 18:00:00+00:00,2026-05-06,5,88.3,88.0,0.29999999999999716,0.29999999999999716
KMIA,GFS,2026-05-02 00:00:00+00:00,2026-05-06,5,88.3,88.0,0.29999999999999716,0.29999999999999716
KMIA,NBM,2026-05-01 06:00:00+00:00,2026-05-06,5,86.98980224609379,88.0,-1.010197753906212,1.010197753906212
KMIA,NBM,2026-05-01 12:00:00+00:00,2026-05-06,5,86.59616210937504,88.0,-1.4038378906249562,1.4038378906249562
KMIA,NBM,2026-05-01 18:00:00+00:00,2026-05-06,5,86.6566967773438,88.0,-1.3433032226562034,1.3433032226562034
KMIA,NBM,2026-05-02 00:00:00+00:00,2026-05-06,5,86.78628051757816,88.0,-1.213719482421837,1.213719482421837
KNYC,GFS,2026-05-06 06:00:00+00:00,2026-05-06,0,76.2,71.0,5.200000000000003,5.200000000000003
KNYC,GFS,2026-05-06 12:00:00+00:00,2026-05-06,0,76.6,71.0,5.599999999999994,5.599999999999994
KNYC,GFS,2026-05-06 18:00:00+00:00,2026-05-06,0,67.0,71.0,-4.0,4.0
KNYC,GFS,2026-05-07 00:00:00+00:00,2026-05-06,0,61.8,71.0,-9.200000000000003,9.200000000000003
KNYC,HRRR,2026-05-06 08:00:00+00:00,2026-05-06,0,76.08933227539066,71.0,5.08933227539066,5.08933227539066
KNYC,HRRR,2026-05-06 19:00:00+00:00,2026-05-06,0,63.141614990234416,71.0,-7.858385009765584,7.858385009765584
KNYC,HRRR,2026-05-06 20:00:00+00:00,2026-05-06,0,63.41138427734379,71.0,-7.588615722656208,7.588615722656208
KNYC,NBM,2026-05-06 12:00:00+00:00,2026-05-06,0,74.39002197265629,71.0,3.3900219726562852,3.3900219726562852
KNYC,GFS,2026-05-05 06:00:00+00:00,2026-05-06,1,71.5,71.0,0.5,0.5
KNYC,GFS,2026-05-05 18:00:00+00:00,2026-05-06,1,73.5,71.0,2.5,2.5
KNYC,GFS,2026-05-06 00:00:00+00:00,2026-05-06,1,72.3,71.0,1.2999999999999972,1.2999999999999972
KNYC,HRRR,2026-05-05 06:00:00+00:00,2026-05-06,1,71.04644287109379,71.0,0.046442871093788085,0.046442871093788085
KNYC,NBM,2026-05-06 00:00:00+00:00,2026-05-06,1,73.4900219726563,71.0,2.4900219726562938,2.4900219726562938
KNYC,GFS,2026-05-04 06:00:00+00:00,2026-05-06,2,67.4,71.0,-3.5999999999999943,3.5999999999999943
KNYC,GFS,2026-05-04 12:00:00+00:00,2026-05-06,2,66.1,71.0,-4.900000000000006,4.900000000000006
KNYC,GFS,2026-05-04 18:00:00+00:00,2026-05-06,2,70.1,71.0,-0.9000000000000057,0.9000000000000057
KNYC,GFS,2026-05-05 00:00:00+00:00,2026-05-06,2,71.9,71.0,0.9000000000000057,0.9000000000000057
KNYC,HRRR,2026-05-04 06:00:00+00:00,2026-05-06,2,62.73599975585942,71.0,-8.264000244140583,8.264000244140583
KNYC,HRRR,2026-05-04 12:00:00+00:00,2026-05-06,2,64.99704101562504,71.0,-6.002958984374956,6.002958984374956
KNYC,HRRR,2026-05-05 00:00:00+00:00,2026-05-06,2,64.69618041992192,71.0,-6.303819580078084,6.303819580078084
KNYC,NBM,2026-05-04 06:00:00+00:00,2026-05-06,2,73.8338940429688,71.0,2.8338940429687938,2.8338940429687938
KNYC,NBM,2026-05-04 12:00:00+00:00,2026-05-06,2,74.71318481445317,71.0,3.7131848144531716,3.7131848144531716
KNYC,NBM,2026-05-04 18:00:00+00:00,2026-05-06,2,74.23083007812504,71.0,3.230830078125038,3.230830078125038
KNYC,NBM,2026-05-05 00:00:00+00:00,2026-05-06,2,73.97644165039067,71.0,2.9764416503906688,2.9764416503906688
KNYC,GFS,2026-05-03 06:00:00+00:00,2026-05-06,3,68.3,71.0,-2.700000000000003,2.700000000000003
KNYC,GFS,2026-05-03 12:00:00+00:00,2026-05-06,3,68.1,71.0,-2.9000000000000057,2.9000000000000057
KNYC,GFS,2026-05-03 18:00:00+00:00,2026-05-06,3,67.8,71.0,-3.200000000000003,3.200000000000003
KNYC,GFS,2026-05-04 00:00:00+00:00,2026-05-06,3,67.6,71.0,-3.4000000000000057,3.4000000000000057
KNYC,NBM,2026-05-03 06:00:00+00:00,2026-05-06,3,73.02996948242192,71.0,2.0299694824219188,2.0299694824219188
KNYC,NBM,2026-05-03 12:00:00+00:00,2026-05-06,3,73.02848632812504,71.0,2.028486328125041,2.028486328125041
KNYC,NBM,2026-05-03 18:00:00+00:00,2026-05-06,3,74.3080639648438,71.0,3.3080639648437966,3.3080639648437966
KNYC,NBM,2026-05-04 00:00:00+00:00,2026-05-06,3,74.1784252929688,71.0,3.1784252929687966,3.1784252929687966
KNYC,GFS,2026-05-02 06:00:00+00:00,2026-05-06,4,75.3,71.0,4.299999999999997,4.299999999999997
KNYC,GFS,2026-05-02 12:00:00+00:00,2026-05-06,4,70.3,71.0,-0.7000000000000028,0.7000000000000028
KNYC,GFS,2026-05-02 18:00:00+00:00,2026-05-06,4,69.9,71.0,-1.0999999999999943,1.0999999999999943
KNYC,GFS,2026-05-03 00:00:00+00:00,2026-05-06,4,68.7,71.0,-2.299999999999997,2.299999999999997
KNYC,NBM,2026-05-02 06:00:00+00:00,2026-05-06,4,76.18293579101567,71.0,5.182935791015666,5.182935791015666
KNYC,NBM,2026-05-02 12:00:00+00:00,2026-05-06,4,75.29090087890629,71.0,4.290900878906285,4.290900878906285
KNYC,NBM,2026-05-02 18:00:00+00:00,2026-05-06,4,73.92321289062504,71.0,2.923212890625038,2.923212890625038
KNYC,NBM,2026-05-03 00:00:00+00:00,2026-05-06,4,73.07468383789066,71.0,2.0746838378906602,2.0746838378906602
KNYC,GFS,2026-05-01 18:00:00+00:00,2026-05-06,5,73.0,71.0,2.0,2.0
KNYC,GFS,2026-05-02 00:00:00+00:00,2026-05-06,5,70.3,71.0,-0.7000000000000028,0.7000000000000028
KNYC,NBM,2026-05-01 06:00:00+00:00,2026-05-06,5,74.74982421875004,71.0,3.7498242187500352,3.7498242187500352
KNYC,NBM,2026-05-01 12:00:00+00:00,2026-05-06,5,75.79616210937505,71.0,4.796162109375047,4.796162109375047
KNYC,NBM,2026-05-01 18:00:00+00:00,2026-05-06,5,78.01666381835942,71.0,7.016663818359419,7.016663818359419
KNYC,NBM,2026-05-02 00:00:00+00:00,2026-05-06,5,76.70626953125004,71.0,5.706269531250044,5.706269531250044
KNYC,NBM,2026-04-30 06:00:00+00:00,2026-05-06,6,74.85254638671879,71.0,3.8525463867187852,3.8525463867187852
KNYC,NBM,2026-04-30 12:00:00+00:00,2026-05-06,6,75.43932617187504,71.0,4.439326171875038,4.439326171875038
KNYC,NBM,2026-04-30 18:00:00+00:00,2026-05-06,6,72.90598876953129,71.0,1.905988769531291,1.905988769531291
KNYC,NBM,2026-05-01 00:00:00+00:00,2026-05-06,6,72.38935668945317,71.0,1.389356689453166,1.389356689453166
KNYC,NBM,2026-04-29 06:00:00+00:00,2026-05-06,7,74.57080200195317,71.0,3.5708020019531688,3.5708020019531688
KNYC,NBM,2026-04-29 12:00:00+00:00,2026-05-06,7,76.05829589843754,71.0,5.058295898437535,5.058295898437535
KNYC,NBM,2026-04-29 18:00:00+00:00,2026-05-06,7,75.81395996093754,71.0,4.813959960937538,4.813959960937538
KMDW,GFS,2026-05-07 06:00:00+00:00,2026-05-07,0,60.9,61.0,-0.10000000000000142,0.10000000000000142
KMDW,GFS,2026-05-07 12:00:00+00:00,2026-05-07,0,61.9,61.0,0.8999999999999986,0.8999999999999986
KMDW,GFS,2026-05-07 18:00:00+00:00,2026-05-07,0,61.3,61.0,0.29999999999999716,0.29999999999999716
KMDW,GFS,2026-05-08 00:00:00+00:00,2026-05-07,0,55.1,61.0,-5.899999999999999,5.899999999999999
KMDW,HRRR,2026-05-07 06:00:00+00:00,2026-05-07,0,60.74818847656254,61.0,-0.2518115234374605,0.2518115234374605
KMDW,HRRR,2026-05-07 21:00:00+00:00,2026-05-07,0,59.15566528320316,61.0,-1.844334716796837,1.844334716796837
KMDW,HRRR,2026-05-07 23:00:00+00:00,2026-05-07,0,55.35478027343754,61.0,-5.645219726562459,5.645219726562459
KMDW,NBM,2026-05-07 06:00:00+00:00,2026-05-07,0,61.249989013671915,61.0,0.2499890136719145,0.2499890136719145
KMDW,NBM,2026-05-07 12:00:00+00:00,2026-05-07,0,60.710010986328165,61.0,-0.2899890136718355,0.2899890136718355
KMDW,GFS,2026-05-06 06:00:00+00:00,2026-05-07,1,57.7,61.0,-3.299999999999997,3.299999999999997
KMDW,GFS,2026-05-06 12:00:00+00:00,2026-05-07,1,61.8,61.0,0.7999999999999972,0.7999999999999972
KMDW,GFS,2026-05-06 18:00:00+00:00,2026-05-07,1,59.6,61.0,-1.3999999999999986,1.3999999999999986
KMDW,GFS,2026-05-07 00:00:00+00:00,2026-05-07,1,58.1,61.0,-2.8999999999999986,2.8999999999999986
KMDW,HRRR,2026-05-06 19:00:00+00:00,2026-05-07,1,40.81585815429692,61.0,-20.18414184570308,20.18414184570308
KMDW,HRRR,2026-05-06 20:00:00+00:00,2026-05-07,1,41.00553710937504,61.0,-19.99446289062496,19.99446289062496
KMDW,NBM,2026-05-06 06:00:00+00:00,2026-05-07,1,60.710010986328165,61.0,-0.2899890136718355,0.2899890136718355
KMDW,NBM,2026-05-06 12:00:00+00:00,2026-05-07,1,61.069978027343794,61.0,0.06997802734379377,0.06997802734379377
KMDW,GFS,2026-05-05 06:00:00+00:00,2026-05-07,2,63.3,61.0,2.299999999999997,2.299999999999997
KMDW,GFS,2026-05-05 18:00:00+00:00,2026-05-07,2,63.5,61.0,2.5,2.5
KMDW,GFS,2026-05-06 00:00:00+00:00,2026-05-07,2,61.0,61.0,0.0,0.0
KMDW,HRRR,2026-05-05 12:00:00+00:00,2026-05-07,2,40.50126464843754,61.0,-20.49873535156246,20.49873535156246
KMDW,NBM,2026-05-05 06:00:00+00:00,2026-05-07,2,59.990021972656294,61.0,-1.0099780273437062,1.0099780273437062
KMDW,GFS,2026-05-04 06:00:00+00:00,2026-05-07,3,60.8,61.0,-0.20000000000000284,0.20000000000000284
KMDW,GFS,2026-05-04 12:00:00+00:00,2026-05-07,3,59.9,61.0,-1.1000000000000014,1.1000000000000014
KMDW,GFS,2026-05-04 18:00:00+00:00,2026-05-07,3,59.7,61.0,-1.2999999999999972,1.2999999999999972
KMDW,GFS,2026-05-05 00:00:00+00:00,2026-05-07,3,62.4,61.0,1.3999999999999986,1.3999999999999986
KMDW,NBM,2026-05-04 06:00:00+00:00,2026-05-07,3,59.70904663085942,61.0,-1.2909533691405812,1.2909533691405812
KMDW,NBM,2026-05-04 12:00:00+00:00,2026-05-07,3,60.06577270507817,61.0,-0.9342272949218327,0.9342272949218327
KMDW,NBM,2026-05-04 18:00:00+00:00,2026-05-07,3,59.47542236328129,61.0,-1.5245776367187105,1.5245776367187105
KMDW,NBM,2026-05-05 00:00:00+00:00,2026-05-07,3,60.24276245117191,61.0,-0.7572375488280869,0.7572375488280869
KMDW,GFS,2026-05-03 06:00:00+00:00,2026-05-07,4,58.3,61.0,-2.700000000000003,2.700000000000003
KMDW,GFS,2026-05-03 12:00:00+00:00,2026-05-07,4,59.7,61.0,-1.2999999999999972,1.2999999999999972
KMDW,GFS,2026-05-03 18:00:00+00:00,2026-05-07,4,61.5,61.0,0.5,0.5
KMDW,GFS,2026-05-04 00:00:00+00:00,2026-05-07,4,59.4,61.0,-1.6000000000000014,1.6000000000000014
KMDW,NBM,2026-05-03 06:00:00+00:00,2026-05-07,4,60.004139404296915,61.0,-0.9958605957030855,0.9958605957030855
KMDW,NBM,2026-05-03 12:00:00+00:00,2026-05-07,4,60.151520996093794,61.0,-0.8484790039062062,0.8484790039062062
KMDW,NBM,2026-05-03 18:00:00+00:00,2026-05-07,4,59.85346191406254,61.0,-1.1465380859374577,1.1465380859374577
KMDW,NBM,2026-05-04 00:00:00+00:00,2026-05-07,4,60.08274658203129,61.0,-0.9172534179687091,0.9172534179687091
KMDW,GFS,2026-05-02 18:00:00+00:00,2026-05-07,5,60.1,61.0,-0.8999999999999986,0.8999999999999986
KMDW,GFS,2026-05-03 00:00:00+00:00,2026-05-07,5,59.4,61.0,-1.6000000000000014,1.6000000000000014
KMDW,NBM,2026-05-02 06:00:00+00:00,2026-05-07,5,59.12841918945317,61.0,-1.8715808105468312,1.8715808105468312
KMDW,NBM,2026-05-02 12:00:00+00:00,2026-05-07,5,60.31258056640629,61.0,-0.6874194335937105,0.6874194335937105
KMDW,NBM,2026-05-02 18:00:00+00:00,2026-05-07,5,60.32741210937504,61.0,-0.6725878906249605,0.6725878906249605
KMDW,NBM,2026-05-03 00:00:00+00:00,2026-05-07,5,59.69317138671879,61.0,-1.306828613281212,1.306828613281212
KMIA,GFS,2026-05-07 06:00:00+00:00,2026-05-07,0,88.1,91.0,-2.9000000000000057,2.9000000000000057
KMIA,GFS,2026-05-07 12:00:00+00:00,2026-05-07,0,90.0,91.0,-1.0,1.0
KMIA,GFS,2026-05-07 18:00:00+00:00,2026-05-07,0,88.5,91.0,-2.5,2.5
KMIA,GFS,2026-05-08 00:00:00+00:00,2026-05-07,0,82.0,91.0,-9.0,9.0
KMIA,HRRR,2026-05-07 06:00:00+00:00,2026-05-07,0,88.47042968750004,91.0,-2.5295703124999562,2.5295703124999562
KMIA,HRRR,2026-05-07 21:00:00+00:00,2026-05-07,0,85.81816528320317,91.0,-5.181834716796828,5.181834716796828
KMIA,HRRR,2026-05-07 23:00:00+00:00,2026-05-07,0,83.02978027343754,91.0,-7.970219726562462,7.970219726562462
KMIA,NBM,2026-05-07 06:00:00+00:00,2026-05-07,0,91.66997802734379,91.0,0.6699780273437881,0.6699780273437881
KMIA,NBM,2026-05-07 12:00:00+00:00,2026-05-07,0,91.66997802734379,91.0,0.6699780273437881,0.6699780273437881
KMIA,GFS,2026-05-06 06:00:00+00:00,2026-05-07,1,92.1,91.0,1.0999999999999943,1.0999999999999943
KMIA,GFS,2026-05-06 12:00:00+00:00,2026-05-07,1,89.6,91.0,-1.4000000000000057,1.4000000000000057
KMIA,GFS,2026-05-06 18:00:00+00:00,2026-05-07,1,92.0,91.0,1.0,1.0
KMIA,GFS,2026-05-07 00:00:00+00:00,2026-05-07,1,90.3,91.0,-0.7000000000000028,0.7000000000000028
KMIA,HRRR,2026-05-06 19:00:00+00:00,2026-05-07,1,74.99328125000004,91.0,-16.006718749999962,16.006718749999962
KMIA,HRRR,2026-05-06 20:00:00+00:00,2026-05-07,1,75.24387939453129,91.0,-15.756120605468709,15.756120605468709
KMIA,NBM,2026-05-06 06:00:00+00:00,2026-05-07,1,90.7699780273438,91.0,-0.2300219726562034,0.2300219726562034
KMIA,NBM,2026-05-06 12:00:00+00:00,2026-05-07,1,91.31001098632817,91.0,0.3100109863281659,0.3100109863281659
KMIA,GFS,2026-05-05 06:00:00+00:00,2026-05-07,2,90.1,91.0,-0.9000000000000057,0.9000000000000057
KMIA,GFS,2026-05-05 18:00:00+00:00,2026-05-07,2,91.2,91.0,0.20000000000000284,0.20000000000000284
KMIA,GFS,2026-05-06 00:00:00+00:00,2026-05-07,2,90.7,91.0,-0.29999999999999716,0.29999999999999716
KMIA,HRRR,2026-05-05 12:00:00+00:00,2026-05-07,2,75.49266479492192,91.0,-15.507335205078078,15.507335205078078
KMIA,NBM,2026-05-05 06:00:00+00:00,2026-05-07,2,90.7699780273438,91.0,-0.2300219726562034,0.2300219726562034
KMIA,GFS,2026-05-04 06:00:00+00:00,2026-05-07,3,91.9,91.0,0.9000000000000057,0.9000000000000057
KMIA,GFS,2026-05-04 12:00:00+00:00,2026-05-07,3,93.0,91.0,2.0,2.0
KMIA,GFS,2026-05-04 18:00:00+00:00,2026-05-07,3,91.0,91.0,0.0,0.0
KMIA,GFS,2026-05-05 00:00:00+00:00,2026-05-07,3,91.2,91.0,0.20000000000000284,0.20000000000000284
KMIA,NBM,2026-05-04 06:00:00+00:00,2026-05-07,3,89.94907958984379,91.0,-1.050920410156209,1.050920410156209
KMIA,NBM,2026-05-04 12:00:00+00:00,2026-05-07,3,90.30575073242191,91.0,-0.6942492675780869,0.6942492675780869
KMIA,NBM,2026-05-04 18:00:00+00:00,2026-05-07,3,90.43538940429691,91.0,-0.5646105957030869,0.5646105957030869
KMIA,NBM,2026-05-05 00:00:00+00:00,2026-05-07,3,90.48279541015629,91.0,-0.5172045898437148,0.5172045898437148
KMIA,GFS,2026-05-03 06:00:00+00:00,2026-05-07,4,89.9,91.0,-1.0999999999999943,1.0999999999999943
KMIA,GFS,2026-05-03 12:00:00+00:00,2026-05-07,4,92.5,91.0,1.5,1.5
KMIA,GFS,2026-05-03 18:00:00+00:00,2026-05-07,4,91.9,91.0,0.9000000000000057,0.9000000000000057
KMIA,GFS,2026-05-04 00:00:00+00:00,2026-05-07,4,91.4,91.0,0.4000000000000057,0.4000000000000057
KMIA,NBM,2026-05-03 06:00:00+00:00,2026-05-07,4,90.2441723632813,91.0,-0.7558276367187062,0.7558276367187062
KMIA,NBM,2026-05-03 12:00:00+00:00,2026-05-07,4,89.67151000976567,91.0,-1.3284899902343312,1.3284899902343312
KMIA,NBM,2026-05-03 18:00:00+00:00,2026-05-07,4,90.09343994140629,91.0,-0.9065600585937119,0.9065600585937119
KMIA,NBM,2026-05-04 00:00:00+00:00,2026-05-07,4,90.32272460937504,91.0,-0.6772753906249562,0.6772753906249562
KMIA,GFS,2026-05-02 06:00:00+00:00,2026-05-07,5,90.1,91.0,-0.9000000000000057,0.9000000000000057
KMIA,GFS,2026-05-02 12:00:00+00:00,2026-05-07,5,87.4,91.0,-3.5999999999999943,3.5999999999999943
KMIA,GFS,2026-05-02 18:00:00+00:00,2026-05-07,5,87.3,91.0,-3.700000000000003,3.700000000000003
KMIA,GFS,2026-05-03 00:00:00+00:00,2026-05-07,5,88.8,91.0,-2.200000000000003,2.200000000000003
KMIA,NBM,2026-05-02 06:00:00+00:00,2026-05-07,5,90.08838623046879,91.0,-0.9116137695312148,0.9116137695312148
KMIA,NBM,2026-05-02 12:00:00+00:00,2026-05-07,5,89.83262451171879,91.0,-1.167375488281209,1.167375488281209
KMIA,NBM,2026-05-02 18:00:00+00:00,2026-05-07,5,90.56739013671879,91.0,-0.43260986328121476,0.43260986328121476
KMIA,NBM,2026-05-03 00:00:00+00:00,2026-05-07,5,90.65313842773442,91.0,-0.34686157226558123,0.34686157226558123
KMIA,GFS,2026-05-01 18:00:00+00:00,2026-05-07,6,97.0,91.0,6.0,6.0
KMIA,GFS,2026-05-02 00:00:00+00:00,2026-05-07,6,95.5,91.0,4.5,4.5
KMIA,NBM,2026-05-01 06:00:00+00:00,2026-05-07,6,90.89807861328129,91.0,-0.10192138671871476,0.10192138671871476
KMIA,NBM,2026-05-01 12:00:00+00:00,2026-05-07,6,90.0844311523438,91.0,-0.9155688476562034,0.9155688476562034
KMIA,NBM,2026-05-01 18:00:00+00:00,2026-05-07,6,89.75670898437504,91.0,-1.243291015624962,1.243291015624962
KMIA,NBM,2026-05-02 00:00:00+00:00,2026-05-07,6,90.02038085937504,91.0,-0.9796191406249619,0.9796191406249619
KNYC,GFS,2026-05-07 06:00:00+00:00,2026-05-07,0,63.7,64.0,-0.29999999999999716,0.29999999999999716
KNYC,GFS,2026-05-07 12:00:00+00:00,2026-05-07,0,63.6,64.0,-0.3999999999999986,0.3999999999999986
KNYC,GFS,2026-05-07 18:00:00+00:00,2026-05-07,0,64.6,64.0,0.5999999999999943,0.5999999999999943
KNYC,GFS,2026-05-08 00:00:00+00:00,2026-05-07,0,59.0,64.0,-5.0,5.0
KNYC,HRRR,2026-05-07 06:00:00+00:00,2026-05-07,0,63.63204467773441,64.0,-0.3679553222655869,0.3679553222655869
KNYC,HRRR,2026-05-07 21:00:00+00:00,2026-05-07,0,62.755665283203165,64.0,-1.2443347167968355,1.2443347167968355
KNYC,HRRR,2026-05-07 23:00:00+00:00,2026-05-07,0,59.06728027343754,64.0,-4.9327197265624605,4.9327197265624605
KNYC,NBM,2026-05-07 06:00:00+00:00,2026-05-07,0,66.11001098632816,64.0,2.110010986328163,2.110010986328163
KNYC,NBM,2026-05-07 12:00:00+00:00,2026-05-07,0,66.11001098632816,64.0,2.110010986328163,2.110010986328163
KNYC,GFS,2026-05-06 06:00:00+00:00,2026-05-07,1,63.1,64.0,-0.8999999999999986,0.8999999999999986
KNYC,GFS,2026-05-06 12:00:00+00:00,2026-05-07,1,66.4,64.0,2.4000000000000057,2.4000000000000057
KNYC,GFS,2026-05-06 18:00:00+00:00,2026-05-07,1,63.8,64.0,-0.20000000000000284,0.20000000000000284
KNYC,GFS,2026-05-07 00:00:00+00:00,2026-05-07,1,62.7,64.0,-1.2999999999999972,1.2999999999999972
KNYC,HRRR,2026-05-06 19:00:00+00:00,2026-05-07,1,56.31828125000004,64.0,-7.681718749999959,7.681718749999959
KNYC,HRRR,2026-05-06 20:00:00+00:00,2026-05-07,1,56.11887939453129,64.0,-7.881120605468709,7.881120605468709
KNYC,NBM,2026-05-06 12:00:00+00:00,2026-05-07,1,66.29002197265629,64.0,2.290021972656291,2.290021972656291
KNYC,GFS,2026-05-05 06:00:00+00:00,2026-05-07,2,68.3,64.0,4.299999999999997,4.299999999999997
KNYC,GFS,2026-05-05 18:00:00+00:00,2026-05-07,2,68.5,64.0,4.5,4.5
KNYC,GFS,2026-05-06 00:00:00+00:00,2026-05-07,2,66.7,64.0,2.700000000000003,2.700000000000003
KNYC,NBM,2026-05-06 00:00:00+00:00,2026-05-07,2,66.29002197265629,64.0,2.290021972656291,2.290021972656291
KNYC,GFS,2026-05-04 06:00:00+00:00,2026-05-07,3,60.9,64.0,-3.1000000000000014,3.1000000000000014
KNYC,GFS,2026-05-04 12:00:00+00:00,2026-05-07,3,61.5,64.0,-2.5,2.5
KNYC,GFS,2026-05-04 18:00:00+00:00,2026-05-07,3,61.8,64.0,-2.200000000000003,2.200000000000003
KNYC,GFS,2026-05-05 00:00:00+00:00,2026-05-07,3,68.8,64.0,4.799999999999997,4.799999999999997
KNYC,NBM,2026-05-04 06:00:00+00:00,2026-05-07,3,66.18905761718754,64.0,2.1890576171875438,2.1890576171875438
KNYC,NBM,2026-05-04 12:00:00+00:00,2026-05-07,3,66.54578369140629,64.0,2.5457836914062852,2.5457836914062852
KNYC,NBM,2026-05-04 18:00:00+00:00,2026-05-07,3,65.95537841796879,64.0,1.955378417968788,1.955378417968788
KNYC,NBM,2026-05-05 00:00:00+00:00,2026-05-07,3,67.44276245117192,64.0,3.442762451171916,3.442762451171916
KNYC,GFS,2026-05-03 06:00:00+00:00,2026-05-07,4,59.8,64.0,-4.200000000000003,4.200000000000003
KNYC,GFS,2026-05-03 12:00:00+00:00,2026-05-07,4,57.0,64.0,-7.0,7.0
KNYC,GFS,2026-05-03 18:00:00+00:00,2026-05-07,4,58.0,64.0,-6.0,6.0
KNYC,GFS,2026-05-04 00:00:00+00:00,2026-05-07,4,60.7,64.0,-3.299999999999997,3.299999999999997
KNYC,NBM,2026-05-03 06:00:00+00:00,2026-05-07,4,61.44417236328129,64.0,-2.5558276367187105,2.5558276367187105
KNYC,NBM,2026-05-03 12:00:00+00:00,2026-05-07,4,62.31148803710941,64.0,-1.688511962890587,1.688511962890587
KNYC,NBM,2026-05-03 18:00:00+00:00,2026-05-07,4,65.6134838867188,64.0,1.6134838867187966,1.6134838867187966
KNYC,NBM,2026-05-04 00:00:00+00:00,2026-05-07,4,65.84271362304692,64.0,1.8427136230469188,1.8427136230469188
KNYC,GFS,2026-05-02 06:00:00+00:00,2026-05-07,5,65.4,64.0,1.4000000000000057,1.4000000000000057
KNYC,GFS,2026-05-02 12:00:00+00:00,2026-05-07,5,64.2,64.0,0.20000000000000284,0.20000000000000284
KNYC,GFS,2026-05-02 18:00:00+00:00,2026-05-07,5,73.5,64.0,9.5,9.5
KNYC,GFS,2026-05-03 00:00:00+00:00,2026-05-07,5,55.5,64.0,-8.5,8.5
KNYC,NBM,2026-05-02 06:00:00+00:00,2026-05-07,5,68.48838623046879,64.0,4.488386230468791,4.488386230468791
KNYC,NBM,2026-05-02 12:00:00+00:00,2026-05-07,5,68.2326245117188,64.0,4.232624511718797,4.232624511718797
KNYC,NBM,2026-05-02 18:00:00+00:00,2026-05-07,5,64.64740112304692,64.0,0.6474011230469188,0.6474011230469188
KNYC,NBM,2026-05-03 00:00:00+00:00,2026-05-07,5,62.57312744140629,64.0,-1.4268725585937077,1.4268725585937077
KNYC,GFS,2026-05-01 18:00:00+00:00,2026-05-07,6,62.2,64.0,-1.7999999999999972,1.7999999999999972
KNYC,GFS,2026-05-02 00:00:00+00:00,2026-05-07,6,67.2,64.0,3.200000000000003,3.200000000000003
KNYC,NBM,2026-05-01 06:00:00+00:00,2026-05-07,6,67.85810058593754,64.0,3.8581005859375352,3.8581005859375352
KNYC,NBM,2026-05-01 12:00:00+00:00,2026-05-07,6,67.76444213867191,64.0,3.7644421386719102,3.7644421386719102
KNYC,NBM,2026-05-01 18:00:00+00:00,2026-05-07,6,70.3167309570313,64.0,6.316730957031297,6.316730957031297
KNYC,NBM,2026-05-02 00:00:00+00:00,2026-05-07,6,69.14036987304692,64.0,5.140369873046922,5.140369873046922
KNYC,NBM,2026-04-30 06:00:00+00:00,2026-05-07,7,69.15399291992192,64.0,5.153992919921919,5.153992919921919
KNYC,NBM,2026-04-30 12:00:00+00:00,2026-05-07,7,68.8972973632813,64.0,4.897297363281297,4.897297363281297
KNYC,NBM,2026-04-30 18:00:00+00:00,2026-05-07,7,67.26022460937504,64.0,3.2602246093750438,3.2602246093750438
KNYC,NBM,2026-05-01 00:00:00+00:00,2026-05-07,7,66.60219848632816,64.0,2.602198486328163,2.602198486328163
KMDW,GFS,2026-05-08 06:00:00+00:00,2026-05-08,0,70.3,65.0,5.299999999999997,5.299999999999997
KMDW,GFS,2026-05-08 12:00:00+00:00,2026-05-08,0,69.7,65.0,4.700000000000003,4.700000000000003
KMDW,GFS,2026-05-08 18:00:00+00:00,2026-05-08,0,65.2,65.0,0.20000000000000284,0.20000000000000284
KMDW,GFS,2026-05-09 00:00:00+00:00,2026-05-08,0,60.4,65.0,-4.600000000000001,4.600000000000001
KMDW,HRRR,2026-05-08 05:00:00+00:00,2026-05-08,0,68.79265258789067,65.0,3.7926525878906716,3.7926525878906716
KMDW,HRRR,2026-05-08 06:00:00+00:00,2026-05-08,0,70.63473022460941,65.0,5.634730224609413,5.634730224609413
KMDW,HRRR,2026-05-08 07:00:00+00:00,2026-05-08,0,70.66049316406254,65.0,5.660493164062544,5.660493164062544
KMDW,HRRR,2026-05-08 08:00:00+00:00,2026-05-08,0,70.84544799804692,65.0,5.845447998046922,5.845447998046922
KMDW,HRRR,2026-05-08 09:00:00+00:00,2026-05-08,0,70.92921875000005,65.0,5.929218750000047,5.929218750000047
KMDW,HRRR,2026-05-08 10:00:00+00:00,2026-05-08,0,69.67287719726566,65.0,4.672877197265663,4.672877197265663
KMDW,HRRR,2026-05-08 11:00:00+00:00,2026-05-08,0,68.74854248046879,65.0,3.7485424804687852,3.7485424804687852
KMDW,HRRR,2026-05-08 12:00:00+00:00,2026-05-08,0,69.16283691406254,65.0,4.162836914062538,4.162836914062538
KMDW,HRRR,2026-05-08 13:00:00+00:00,2026-05-08,0,68.95080078125004,65.0,3.950800781250038,3.950800781250038
KMDW,HRRR,2026-05-08 14:00:00+00:00,2026-05-08,0,69.62585571289067,65.0,4.625855712890669,4.625855712890669
KMDW,HRRR,2026-05-08 15:00:00+00:00,2026-05-08,0,67.92951171875004,65.0,2.9295117187500352,2.9295117187500352
KMDW,HRRR,2026-05-08 16:00:00+00:00,2026-05-08,0,65.11646240234379,65.0,0.11646240234378524,0.11646240234378524
KMDW,HRRR,2026-05-08 17:00:00+00:00,2026-05-08,0,68.5494702148438,65.0,3.5494702148437938,3.5494702148437938
KMDW,HRRR,2026-05-08 18:00:00+00:00,2026-05-08,0,68.03585937500004,65.0,3.0358593750000438,3.0358593750000438
KMDW,HRRR,2026-05-08 19:00:00+00:00,2026-05-08,0,65.03966796875004,65.0,0.039667968750038085,0.039667968750038085
KMDW,HRRR,2026-05-09 00:00:00+00:00,2026-05-08,0,53.608613281250044,65.0,-11.391386718749956,11.391386718749956
KMDW,HRRR,2026-05-09 01:00:00+00:00,2026-05-08,0,54.09124267578129,65.0,-10.908757324218712,10.908757324218712
KMDW,HRRR,2026-05-09 02:00:00+00:00,2026-05-08,0,54.290314941406294,65.0,-10.709685058593706,10.709685058593706
KMDW,HRRR,2026-05-09 03:00:00+00:00,2026-05-08,0,54.36694458007817,65.0,-10.633055419921831,10.633055419921831
KMDW,NBM,2026-05-08 06:00:00+00:00,2026-05-08,0,67.01001098632817,65.0,2.0100109863281688,2.0100109863281688
KMDW,NBM,2026-05-08 12:00:00+00:00,2026-05-08,0,67.01001098632817,65.0,2.0100109863281688,2.0100109863281688
KMDW,GFS,2026-05-07 06:00:00+00:00,2026-05-08,1,66.8,65.0,1.7999999999999972,1.7999999999999972
KMDW,GFS,2026-05-07 12:00:00+00:00,2026-05-08,1,67.6,65.0,2.5999999999999943,2.5999999999999943
KMDW,GFS,2026-05-07 18:00:00+00:00,2026-05-08,1,63.9,65.0,-1.1000000000000014,1.1000000000000014
KMDW,GFS,2026-05-08 00:00:00+00:00,2026-05-08,1,66.8,65.0,1.7999999999999972,1.7999999999999972
KMDW,HRRR,2026-05-07 06:00:00+00:00,2026-05-08,1,67.52933471679691,65.0,2.5293347167969102,2.5293347167969102
KMDW,HRRR,2026-05-07 21:00:00+00:00,2026-05-08,1,58.90506713867192,65.0,-6.094932861328083,6.094932861328083
KMDW,HRRR,2026-05-08 04:00:00+00:00,2026-05-08,1,70.28563964843754,65.0,5.285639648437538,5.285639648437538
KMDW,NBM,2026-05-07 06:00:00+00:00,2026-05-08,1,67.54998901367192,65.0,2.5499890136719188,2.5499890136719188
KMDW,NBM,2026-05-07 12:00:00+00:00,2026-05-08,1,67.73000000000005,65.0,2.7300000000000466,2.7300000000000466
KMDW,NBM,2026-05-07 18:00:00+00:00,2026-05-08,1,67.73000000000005,65.0,2.7300000000000466,2.7300000000000466
KMDW,NBM,2026-05-08 00:00:00+00:00,2026-05-08,1,67.54998901367192,65.0,2.5499890136719188,2.5499890136719188
KMDW,GFS,2026-05-06 06:00:00+00:00,2026-05-08,2,60.8,65.0,-4.200000000000003,4.200000000000003
KMDW,GFS,2026-05-06 12:00:00+00:00,2026-05-08,2,62.6,65.0,-2.3999999999999986,2.3999999999999986
KMDW,GFS,2026-05-06 18:00:00+00:00,2026-05-08,2,60.1,65.0,-4.899999999999999,4.899999999999999
KMDW,GFS,2026-05-07 00:00:00+00:00,2026-05-08,2,59.2,65.0,-5.799999999999997,5.799999999999997
KMDW,NBM,2026-05-06 06:00:00+00:00,2026-05-08,2,65.39002197265629,65.0,0.39002197265628524,0.39002197265628524
KMDW,NBM,2026-05-06 12:00:00+00:00,2026-05-08,2,65.39002197265629,65.0,0.39002197265628524,0.39002197265628524
KMDW,GFS,2026-05-05 06:00:00+00:00,2026-05-08,3,61.0,65.0,-4.0,4.0
KMDW,GFS,2026-05-05 18:00:00+00:00,2026-05-08,3,58.5,65.0,-6.5,6.5
KMDW,GFS,2026-05-06 00:00:00+00:00,2026-05-08,3,60.8,65.0,-4.200000000000003,4.200000000000003
KMDW,NBM,2026-05-05 06:00:00+00:00,2026-05-08,3,65.93000000000004,65.0,0.9300000000000352,0.9300000000000352
KMDW,GFS,2026-05-04 06:00:00+00:00,2026-05-08,4,59.4,65.0,-5.600000000000001,5.600000000000001
KMDW,GFS,2026-05-04 12:00:00+00:00,2026-05-08,4,58.3,65.0,-6.700000000000003,6.700000000000003
KMDW,GFS,2026-05-04 18:00:00+00:00,2026-05-08,4,64.1,65.0,-0.9000000000000057,0.9000000000000057
KMDW,GFS,2026-05-05 00:00:00+00:00,2026-05-08,4,60.1,65.0,-4.899999999999999,4.899999999999999
KMDW,NBM,2026-05-04 06:00:00+00:00,2026-05-08,4,65.51427734375004,65.0,0.5142773437500381,0.5142773437500381
KMDW,NBM,2026-05-04 12:00:00+00:00,2026-05-08,4,67.42139404296879,65.0,2.4213940429687852,2.4213940429687852
KMDW,NBM,2026-05-04 18:00:00+00:00,2026-05-08,4,67.42326171875004,65.0,2.423261718750041,2.423261718750041
KMDW,NBM,2026-05-05 00:00:00+00:00,2026-05-08,4,66.78869140625004,65.0,1.788691406250038,1.788691406250038
KMDW,GFS,2026-05-03 06:00:00+00:00,2026-05-08,5,62.2,65.0,-2.799999999999997,2.799999999999997
KMDW,GFS,2026-05-03 12:00:00+00:00,2026-05-08,5,58.5,65.0,-6.5,6.5
KMDW,GFS,2026-05-03 18:00:00+00:00,2026-05-08,5,64.3,65.0,-0.7000000000000028,0.7000000000000028
KMDW,GFS,2026-05-04 00:00:00+00:00,2026-05-08,5,55.1,65.0,-9.899999999999999,9.899999999999999
KMDW,NBM,2026-05-03 06:00:00+00:00,2026-05-08,5,63.18275878906254,65.0,-1.8172412109374605,1.8172412109374605
KMDW,NBM,2026-05-03 12:00:00+00:00,2026-05-08,5,64.38092773437504,65.0,-0.6190722656249648,0.6190722656249648
KMDW,NBM,2026-05-03 18:00:00+00:00,2026-05-08,5,63.60479858398442,65.0,-1.3952014160155812,1.3952014160155812
KMDW,NBM,2026-05-04 00:00:00+00:00,2026-05-08,5,63.68609741210942,65.0,-1.3139025878905812,1.3139025878905812
KMDW,GFS,2026-05-02 18:00:00+00:00,2026-05-08,6,50.0,65.0,-15.0,15.0
KMDW,GFS,2026-05-03 00:00:00+00:00,2026-05-08,6,58.3,65.0,-6.700000000000003,6.700000000000003
KMDW,NBM,2026-05-02 06:00:00+00:00,2026-05-08,6,63.92949951171879,65.0,-1.070500488281212,1.070500488281212
KMDW,NBM,2026-05-02 12:00:00+00:00,2026-05-08,6,64.37922485351567,65.0,-0.6207751464843341,0.6207751464843341
KMDW,NBM,2026-05-02 18:00:00+00:00,2026-05-08,6,62.327912597656294,65.0,-2.6720874023437062,2.6720874023437062
KMDW,NBM,2026-05-03 00:00:00+00:00,2026-05-08,6,64.04150512695317,65.0,-0.9584948730468312,0.9584948730468312
KMIA,GFS,2026-05-08 06:00:00+00:00,2026-05-08,0,92.2,93.0,-0.7999999999999972,0.7999999999999972
KMIA,GFS,2026-05-08 12:00:00+00:00,2026-05-08,0,92.3,93.0,-0.7000000000000028,0.7000000000000028
KMIA,GFS,2026-05-08 18:00:00+00:00,2026-05-08,0,90.5,93.0,-2.5,2.5
KMIA,GFS,2026-05-09 00:00:00+00:00,2026-05-08,0,82.4,93.0,-10.599999999999994,10.599999999999994
KMIA,HRRR,2026-05-08 04:00:00+00:00,2026-05-08,0,92.08355834960942,93.0,-0.9164416503905812,0.9164416503905812
KMIA,HRRR,2026-05-08 05:00:00+00:00,2026-05-08,0,91.99363525390629,93.0,-1.006364746093709,1.006364746093709
KMIA,HRRR,2026-05-08 06:00:00+00:00,2026-05-08,0,91.97303588867192,93.0,-1.026964111328084,1.026964111328084
KMIA,HRRR,2026-05-08 07:00:00+00:00,2026-05-08,0,92.31998413085941,93.0,-0.6800158691405898,0.6800158691405898
KMIA,HRRR,2026-05-08 08:00:00+00:00,2026-05-08,0,92.08608520507816,93.0,-0.9139147949218369,0.9139147949218369
KMIA,HRRR,2026-05-08 09:00:00+00:00,2026-05-08,0,91.80697753906254,93.0,-1.1930224609374562,1.1930224609374562
KMIA,HRRR,2026-05-08 10:00:00+00:00,2026-05-08,0,92.20715454101567,93.0,-0.7928454589843312,0.7928454589843312
KMIA,HRRR,2026-05-08 11:00:00+00:00,2026-05-08,0,92.0520825195313,93.0,-0.9479174804687034,0.9479174804687034
KMIA,HRRR,2026-05-08 12:00:00+00:00,2026-05-08,0,92.16474731445317,93.0,-0.8352526855468341,0.8352526855468341
KMIA,HRRR,2026-05-08 13:00:00+00:00,2026-05-08,0,92.16727416992191,93.0,-0.8327258300780898,0.8327258300780898
KMIA,HRRR,2026-05-08 14:00:00+00:00,2026-05-08,0,92.89094360351567,93.0,-0.10905639648433407,0.10905639648433407
KMIA,HRRR,2026-05-08 15:00:00+00:00,2026-05-08,0,92.21275756835942,93.0,-0.7872424316405784,0.7872424316405784
KMIA,HRRR,2026-05-08 16:00:00+00:00,2026-05-08,0,91.66179321289067,93.0,-1.3382067871093284,1.3382067871093284
KMIA,HRRR,2026-05-08 17:00:00+00:00,2026-05-08,0,90.1112377929688,93.0,-2.8887622070312062,2.8887622070312062
KMIA,HRRR,2026-05-08 18:00:00+00:00,2026-05-08,0,89.67546508789067,93.0,-3.3245349121093284,3.3245349121093284
KMIA,HRRR,2026-05-08 19:00:00+00:00,2026-05-08,0,89.36949584960942,93.0,-3.6305041503905784,3.6305041503905784
KMIA,HRRR,2026-05-09 00:00:00+00:00,2026-05-08,0,80.72111328125004,93.0,-12.278886718749959,12.278886718749959
KMIA,HRRR,2026-05-09 01:00:00+00:00,2026-05-08,0,80.41624267578129,93.0,-12.583757324218709,12.583757324218709
KMIA,HRRR,2026-05-09 02:00:00+00:00,2026-05-08,0,78.81531494140629,93.0,-14.184685058593715,14.184685058593715
KMIA,NBM,2026-05-08 06:00:00+00:00,2026-05-08,0,92.93000000000004,93.0,-0.06999999999996476,0.06999999999996476
KMIA,NBM,2026-05-08 12:00:00+00:00,2026-05-08,0,92.74998901367192,93.0,-0.2500109863280784,0.2500109863280784
KMIA,GFS,2026-05-07 06:00:00+00:00,2026-05-08,1,90.1,93.0,-2.9000000000000057,2.9000000000000057
KMIA,GFS,2026-05-07 12:00:00+00:00,2026-05-08,1,91.2,93.0,-1.7999999999999972,1.7999999999999972
KMIA,GFS,2026-05-07 18:00:00+00:00,2026-05-08,1,92.7,93.0,-0.29999999999999716,0.29999999999999716
KMIA,GFS,2026-05-08 00:00:00+00:00,2026-05-08,1,90.8,93.0,-2.200000000000003,2.200000000000003
KMIA,HRRR,2026-05-07 06:00:00+00:00,2026-05-08,1,91.14104125976567,93.0,-1.8589587402343284,1.8589587402343284
KMIA,HRRR,2026-05-07 21:00:00+00:00,2026-05-08,1,85.34256713867191,93.0,-7.65743286132809,7.65743286132809
KMIA,NBM,2026-05-07 06:00:00+00:00,2026-05-08,1,92.03000000000004,93.0,-0.9699999999999562,0.9699999999999562
KMIA,NBM,2026-05-07 12:00:00+00:00,2026-05-08,1,92.39002197265629,93.0,-0.6099780273437148,0.6099780273437148
KMIA,NBM,2026-05-07 18:00:00+00:00,2026-05-08,1,92.5699780273438,93.0,-0.43002197265620623,0.43002197265620623
KMIA,NBM,2026-05-08 00:00:00+00:00,2026-05-08,1,92.39002197265629,93.0,-0.6099780273437148,0.6099780273437148
KMIA,GFS,2026-05-06 06:00:00+00:00,2026-05-08,2,92.5,93.0,-0.5,0.5
KMIA,GFS,2026-05-06 12:00:00+00:00,2026-05-08,2,93.0,93.0,0.0,0.0
KMIA,GFS,2026-05-06 18:00:00+00:00,2026-05-08,2,92.1,93.0,-0.9000000000000057,0.9000000000000057
KMIA,GFS,2026-05-07 00:00:00+00:00,2026-05-08,2,93.2,93.0,0.20000000000000284,0.20000000000000284
KMIA,NBM,2026-05-06 06:00:00+00:00,2026-05-08,2,91.66997802734379,93.0,-1.330021972656212,1.330021972656212
KMIA,NBM,2026-05-06 12:00:00+00:00,2026-05-08,2,91.66997802734379,93.0,-1.330021972656212,1.330021972656212
KMIA,GFS,2026-05-05 06:00:00+00:00,2026-05-08,3,92.6,93.0,-0.4000000000000057,0.4000000000000057
KMIA,GFS,2026-05-05 18:00:00+00:00,2026-05-08,3,93.2,93.0,0.20000000000000284,0.20000000000000284
KMIA,GFS,2026-05-06 00:00:00+00:00,2026-05-08,3,92.5,93.0,-0.5,0.5
KMIA,NBM,2026-05-05 06:00:00+00:00,2026-05-08,3,91.4900219726563,93.0,-1.5099780273437062,1.5099780273437062
KMIA,GFS,2026-05-04 06:00:00+00:00,2026-05-08,4,94.1,93.0,1.0999999999999943,1.0999999999999943
KMIA,GFS,2026-05-04 12:00:00+00:00,2026-05-08,4,94.1,93.0,1.0999999999999943,1.0999999999999943
KMIA,GFS,2026-05-04 18:00:00+00:00,2026-05-08,4,93.5,93.0,0.5,0.5
KMIA,GFS,2026-05-05 00:00:00+00:00,2026-05-08,4,93.7,93.0,0.7000000000000028,0.7000000000000028
KMIA,NBM,2026-05-04 06:00:00+00:00,2026-05-08,4,91.43426635742192,93.0,-1.5657336425780812,1.5657336425780812
KMIA,NBM,2026-05-04 12:00:00+00:00,2026-05-08,4,91.18141601562505,93.0,-1.8185839843749534,1.8185839843749534
KMIA,NBM,2026-05-04 18:00:00+00:00,2026-05-08,4,91.18328369140629,93.0,-1.816716308593712,1.816716308593712
KMIA,NBM,2026-05-05 00:00:00+00:00,2026-05-08,4,90.54871337890629,93.0,-2.4512866210937148,2.4512866210937148
KMIA,GFS,2026-05-03 06:00:00+00:00,2026-05-08,5,93.5,93.0,0.5,0.5
KMIA,GFS,2026-05-03 12:00:00+00:00,2026-05-08,5,93.7,93.0,0.7000000000000028,0.7000000000000028
KMIA,GFS,2026-05-03 18:00:00+00:00,2026-05-08,5,93.7,93.0,0.7000000000000028,0.7000000000000028
KMIA,GFS,2026-05-04 00:00:00+00:00,2026-05-08,5,93.5,93.0,0.5,0.5
KMIA,NBM,2026-05-03 06:00:00+00:00,2026-05-08,5,90.54278076171879,93.0,-2.457219238281212,2.457219238281212
KMIA,NBM,2026-05-03 12:00:00+00:00,2026-05-08,5,90.30091674804692,93.0,-2.699083251953084,2.699083251953084
KMIA,NBM,2026-05-03 18:00:00+00:00,2026-05-08,5,90.96482055664066,93.0,-2.0351794433593398,2.0351794433593398
KMIA,NBM,2026-05-04 00:00:00+00:00,2026-05-08,5,91.04611938476566,93.0,-1.9538806152343398,1.9538806152343398
KMIA,GFS,2026-05-02 06:00:00+00:00,2026-05-08,6,93.2,93.0,0.20000000000000284,0.20000000000000284
KMIA,GFS,2026-05-02 12:00:00+00:00,2026-05-08,6,94.1,93.0,1.0999999999999943,1.0999999999999943
KMIA,GFS,2026-05-02 18:00:00+00:00,2026-05-08,6,92.6,93.0,-0.4000000000000057,0.4000000000000057
KMIA,GFS,2026-05-03 00:00:00+00:00,2026-05-08,6,93.7,93.0,0.7000000000000028,0.7000000000000028
KMIA,NBM,2026-05-02 06:00:00+00:00,2026-05-08,6,90.56953247070317,93.0,-2.430467529296834,2.430467529296834
KMIA,NBM,2026-05-02 12:00:00+00:00,2026-05-08,6,90.29921386718755,93.0,-2.7007861328124534,2.7007861328124534
KMIA,NBM,2026-05-02 18:00:00+00:00,2026-05-08,6,90.4078686523438,93.0,-2.5921313476562062,2.5921313476562062
KMIA,NBM,2026-05-03 00:00:00+00:00,2026-05-08,6,90.68148315429691,93.0,-2.318516845703087,2.318516845703087
KMIA,GFS,2026-05-01 18:00:00+00:00,2026-05-08,7,93.2,93.0,0.20000000000000284,0.20000000000000284
KMIA,GFS,2026-05-02 00:00:00+00:00,2026-05-08,7,95.8,93.0,2.799999999999997,2.799999999999997
KMIA,NBM,2026-05-01 06:00:00+00:00,2026-05-08,7,90.7319653320313,93.0,-2.2680346679687062,2.2680346679687062
KMIA,NBM,2026-05-01 12:00:00+00:00,2026-05-08,7,89.97835815429691,93.0,-3.021641845703087,3.021641845703087
KMIA,NBM,2026-05-01 18:00:00+00:00,2026-05-08,7,90.39144409179691,93.0,-2.608555908203087,2.608555908203087
KMIA,NBM,2026-05-02 00:00:00+00:00,2026-05-08,7,90.58112304687504,93.0,-2.4188769531249648,2.4188769531249648
KNYC,GFS,2026-05-08 06:00:00+00:00,2026-05-08,0,62.7,63.0,-0.29999999999999716,0.29999999999999716
KNYC,GFS,2026-05-08 12:00:00+00:00,2026-05-08,0,62.7,63.0,-0.29999999999999716,0.29999999999999716
KNYC,GFS,2026-05-08 18:00:00+00:00,2026-05-08,0,62.4,63.0,-0.6000000000000014,0.6000000000000014
KNYC,GFS,2026-05-09 00:00:00+00:00,2026-05-08,0,56.6,63.0,-6.399999999999999,6.399999999999999
KNYC,HRRR,2026-05-08 04:00:00+00:00,2026-05-08,0,62.837293701171916,63.0,-0.16270629882808407,0.16270629882808407
KNYC,HRRR,2026-05-08 05:00:00+00:00,2026-05-08,0,63.205006103515665,63.0,0.2050061035156645,0.2050061035156645
KNYC,HRRR,2026-05-08 06:00:00+00:00,2026-05-08,0,63.00928466796879,63.0,0.009284667968792348,0.009284667968792348
KNYC,HRRR,2026-05-08 07:00:00+00:00,2026-05-08,0,63.44461791992192,63.0,0.44461791992191735,0.44461791992191735
KNYC,HRRR,2026-05-08 08:00:00+00:00,2026-05-08,0,63.98294799804692,63.0,0.9829479980469173,0.9829479980469173
KNYC,HRRR,2026-05-08 09:00:00+00:00,2026-05-08,0,63.335908203125044,63.0,0.33590820312504377,0.33590820312504377
KNYC,HRRR,2026-05-08 10:00:00+00:00,2026-05-08,0,62.888215332031294,63.0,-0.11178466796870623,0.11178466796870623
KNYC,HRRR,2026-05-08 11:00:00+00:00,2026-05-08,0,63.01104248046879,63.0,0.011042480468788085,0.011042480468788085
KNYC,HRRR,2026-05-08 12:00:00+00:00,2026-05-08,0,62.50677001953129,63.0,-0.4932299804687119,0.4932299804687119
KNYC,HRRR,2026-05-08 13:00:00+00:00,2026-05-08,0,63.73311889648441,63.0,0.7331188964844131,0.7331188964844131
KNYC,HRRR,2026-05-08 14:00:00+00:00,2026-05-08,0,63.201325683593794,63.0,0.20132568359379377,0.20132568359379377
KNYC,HRRR,2026-05-08 15:00:00+00:00,2026-05-08,0,62.645966796875044,63.0,-0.35403320312495623,0.35403320312495623
KNYC,HRRR,2026-05-08 16:00:00+00:00,2026-05-08,0,62.52242553710941,63.0,-0.4775744628905869,0.4775744628905869
KNYC,HRRR,2026-05-08 17:00:00+00:00,2026-05-08,0,62.864979248046915,63.0,-0.1350207519530855,0.1350207519530855
KNYC,HRRR,2026-05-08 18:00:00+00:00,2026-05-08,0,62.431348876953166,63.0,-0.5686511230468341,0.5686511230468341
KNYC,HRRR,2026-05-08 19:00:00+00:00,2026-05-08,0,63.94449584960942,63.0,0.9444958496094173,0.9444958496094173
KNYC,HRRR,2026-05-09 00:00:00+00:00,2026-05-08,0,56.08361328125004,63.0,-6.916386718749962,6.916386718749962
KNYC,HRRR,2026-05-09 01:00:00+00:00,2026-05-08,0,55.553742675781294,63.0,-7.446257324218706,7.446257324218706
KNYC,HRRR,2026-05-09 02:00:00+00:00,2026-05-08,0,54.51531494140629,63.0,-8.484685058593712,8.484685058593712
KNYC,NBM,2026-05-08 06:00:00+00:00,2026-05-08,0,65.93000000000004,63.0,2.9300000000000352,2.9300000000000352
KNYC,NBM,2026-05-08 12:00:00+00:00,2026-05-08,0,65.93000000000004,63.0,2.9300000000000352,2.9300000000000352
KNYC,GFS,2026-05-07 06:00:00+00:00,2026-05-08,1,60.1,63.0,-2.8999999999999986,2.8999999999999986
KNYC,GFS,2026-05-07 12:00:00+00:00,2026-05-08,1,60.2,63.0,-2.799999999999997,2.799999999999997
KNYC,GFS,2026-05-07 18:00:00+00:00,2026-05-08,1,63.4,63.0,0.3999999999999986,0.3999999999999986
KNYC,GFS,2026-05-08 00:00:00+00:00,2026-05-08,1,60.9,63.0,-2.1000000000000014,2.1000000000000014
KNYC,HRRR,2026-05-07 06:00:00+00:00,2026-05-08,1,60.31604125976567,63.0,-2.6839587402343312,2.6839587402343312
KNYC,HRRR,2026-05-07 21:00:00+00:00,2026-05-08,1,58.23006713867191,63.0,-4.769932861328087,4.769932861328087
KNYC,NBM,2026-05-07 06:00:00+00:00,2026-05-08,1,65.39002197265629,63.0,2.3900219726562852,2.3900219726562852
KNYC,NBM,2026-05-07 12:00:00+00:00,2026-05-08,1,65.03000000000004,63.0,2.0300000000000438,2.0300000000000438
KNYC,NBM,2026-05-07 18:00:00+00:00,2026-05-08,1,65.5699780273438,63.0,2.5699780273437938,2.5699780273437938
KNYC,NBM,2026-05-08 00:00:00+00:00,2026-05-08,1,64.84998901367192,63.0,1.849989013671916,1.849989013671916
KNYC,GFS,2026-05-06 06:00:00+00:00,2026-05-08,2,64.9,63.0,1.9000000000000057,1.9000000000000057
KNYC,GFS,2026-05-06 12:00:00+00:00,2026-05-08,2,64.5,63.0,1.5,1.5
KNYC,GFS,2026-05-06 18:00:00+00:00,2026-05-08,2,61.5,63.0,-1.5,1.5
KNYC,GFS,2026-05-07 00:00:00+00:00,2026-05-08,2,60.7,63.0,-2.299999999999997,2.299999999999997
KNYC,NBM,2026-05-06 12:00:00+00:00,2026-05-08,2,65.5699780273438,63.0,2.5699780273437938,2.5699780273437938
KNYC,GFS,2026-05-05 06:00:00+00:00,2026-05-08,3,68.8,63.0,5.799999999999997,5.799999999999997
KNYC,GFS,2026-05-05 18:00:00+00:00,2026-05-08,3,67.2,63.0,4.200000000000003,4.200000000000003
KNYC,GFS,2026-05-06 00:00:00+00:00,2026-05-08,3,64.9,63.0,1.9000000000000057,1.9000000000000057
KNYC,NBM,2026-05-06 00:00:00+00:00,2026-05-08,3,65.93000000000004,63.0,2.9300000000000352,2.9300000000000352
KNYC,GFS,2026-05-04 06:00:00+00:00,2026-05-08,4,61.3,63.0,-1.7000000000000028,1.7000000000000028
KNYC,GFS,2026-05-04 12:00:00+00:00,2026-05-08,4,64.2,63.0,1.2000000000000028,1.2000000000000028
KNYC,GFS,2026-05-04 18:00:00+00:00,2026-05-08,4,65.4,63.0,2.4000000000000057,2.4000000000000057
KNYC,GFS,2026-05-05 00:00:00+00:00,2026-05-08,4,66.7,63.0,3.700000000000003,3.700000000000003
KNYC,NBM,2026-05-04 06:00:00+00:00,2026-05-08,4,66.23426635742192,63.0,3.234266357421916,3.234266357421916
KNYC,NBM,2026-05-04 12:00:00+00:00,2026-05-08,4,67.42139404296879,63.0,4.421394042968785,4.421394042968785
KNYC,NBM,2026-05-04 18:00:00+00:00,2026-05-08,4,66.70327270507816,63.0,3.703272705078163,3.703272705078163
KNYC,NBM,2026-05-05 00:00:00+00:00,2026-05-08,4,67.50868041992192,63.0,4.508680419921916,4.508680419921916
KNYC,GFS,2026-05-03 06:00:00+00:00,2026-05-08,5,65.3,63.0,2.299999999999997,2.299999999999997
KNYC,GFS,2026-05-03 12:00:00+00:00,2026-05-08,5,62.3,63.0,-0.7000000000000028,0.7000000000000028
KNYC,GFS,2026-05-03 18:00:00+00:00,2026-05-08,5,65.1,63.0,2.0999999999999943,2.0999999999999943
KNYC,GFS,2026-05-04 00:00:00+00:00,2026-05-08,5,62.8,63.0,-0.20000000000000284,0.20000000000000284
KNYC,NBM,2026-05-03 06:00:00+00:00,2026-05-08,5,65.34278076171879,63.0,2.3427807617187852,2.3427807617187852
KNYC,NBM,2026-05-03 12:00:00+00:00,2026-05-08,5,65.10091674804691,63.0,2.100916748046913,2.100916748046913
KNYC,NBM,2026-05-03 18:00:00+00:00,2026-05-08,5,65.0448315429688,63.0,2.0448315429687938,2.0448315429687938
KNYC,NBM,2026-05-04 00:00:00+00:00,2026-05-08,5,65.84611938476567,63.0,2.8461193847656716,2.8461193847656716
KNYC,GFS,2026-05-02 06:00:00+00:00,2026-05-08,6,63.1,63.0,0.10000000000000142,0.10000000000000142
KNYC,GFS,2026-05-02 12:00:00+00:00,2026-05-08,6,64.7,63.0,1.7000000000000028,1.7000000000000028
KNYC,GFS,2026-05-02 18:00:00+00:00,2026-05-08,6,62.9,63.0,-0.10000000000000142,0.10000000000000142
KNYC,GFS,2026-05-03 00:00:00+00:00,2026-05-08,6,57.9,63.0,-5.100000000000001,5.100000000000001
KNYC,NBM,2026-05-02 06:00:00+00:00,2026-05-08,6,65.36953247070316,63.0,2.369532470703163,2.369532470703163
KNYC,NBM,2026-05-02 12:00:00+00:00,2026-05-08,6,65.09921386718754,63.0,2.0992138671875438,2.0992138671875438
KNYC,NBM,2026-05-02 18:00:00+00:00,2026-05-08,6,64.48787963867191,63.0,1.487879638671913,1.487879638671913
KNYC,NBM,2026-05-03 00:00:00+00:00,2026-05-08,6,64.76149414062505,63.0,1.7614941406250466,1.7614941406250466
KNYC,GFS,2026-05-01 18:00:00+00:00,2026-05-08,7,60.9,63.0,-2.1000000000000014,2.1000000000000014
KNYC,GFS,2026-05-02 00:00:00+00:00,2026-05-08,7,66.6,63.0,3.5999999999999943,3.5999999999999943
KNYC,NBM,2026-05-01 06:00:00+00:00,2026-05-08,7,64.8119213867188,63.0,1.8119213867187938,1.8119213867187938
KNYC,NBM,2026-05-01 12:00:00+00:00,2026-05-08,7,64.77835815429691,63.0,1.7783581542969102,1.7783581542969102
KNYC,NBM,2026-05-01 18:00:00+00:00,2026-05-08,7,64.47145507812505,63.0,1.4714550781250466,1.4714550781250466
KNYC,NBM,2026-05-02 00:00:00+00:00,2026-05-08,7,64.66113403320317,63.0,1.6611340332031688,1.6611340332031688
KMDW,HRRR,2026-05-09 05:00:00+00:00,2026-05-09,0,72.85715454101566,76.0,-3.1428454589843398,3.1428454589843398
KMDW,HRRR,2026-05-09 06:00:00+00:00,2026-05-09,0,72.93493774414067,76.0,-3.0650622558593312,3.0650622558593312
KMDW,HRRR,2026-05-09 07:00:00+00:00,2026-05-09,0,74.72834594726567,76.0,-1.271654052734334,1.271654052734334
KMDW,HRRR,2026-05-09 08:00:00+00:00,2026-05-09,0,74.60612304687504,76.0,-1.393876953124959,1.393876953124959
KMDW,HRRR,2026-05-09 09:00:00+00:00,2026-05-09,0,75.37170532226567,76.0,-0.6282946777343312,0.6282946777343312
KMDW,HRRR,2026-05-09 18:00:00+00:00,2026-05-09,0,74.80645874023442,76.0,-1.1935412597655812,1.1935412597655812
KMDW,HRRR,2026-05-09 19:00:00+00:00,2026-05-09,0,74.18463256835942,76.0,-1.8153674316405812,1.8153674316405812
KMDW,HRRR,2026-05-09 20:00:00+00:00,2026-05-09,0,73.17779052734379,76.0,-2.822209472656212,2.822209472656212
KMDW,HRRR,2026-05-09 21:00:00+00:00,2026-05-09,0,72.25779541015629,76.0,-3.742204589843709,3.742204589843709
KMDW,HRRR,2026-05-09 22:00:00+00:00,2026-05-09,0,71.96078002929691,76.0,-4.039219970703087,4.039219970703087
KMDW,HRRR,2026-05-09 23:00:00+00:00,2026-05-09,0,68.46168945312505,76.0,-7.538310546874953,7.538310546874953
KMDW,HRRR,2026-05-10 00:00:00+00:00,2026-05-09,0,59.957996826171915,76.0,-16.042003173828085,16.042003173828085
KMDW,HRRR,2026-05-10 01:00:00+00:00,2026-05-09,0,55.481947021484416,76.0,-20.518052978515584,20.518052978515584
KMDW,HRRR,2026-05-10 02:00:00+00:00,2026-05-09,0,52.05327880859379,76.0,-23.946721191406212,23.946721191406212
KMDW,HRRR,2026-05-10 03:00:00+00:00,2026-05-09,0,50.66691406250004,76.0,-25.33308593749996,25.33308593749996
KMDW,NBM,2026-05-09 12:00:00+00:00,2026-05-09,0,74.74998901367192,76.0,-1.2500109863280784,1.2500109863280784
KMDW,GFS,2026-05-08 06:00:00+00:00,2026-05-09,1,75.9,76.0,-0.09999999999999432,0.09999999999999432
KMDW,GFS,2026-05-08 12:00:00+00:00,2026-05-09,1,73.8,76.0,-2.200000000000003,2.200000000000003
KMDW,GFS,2026-05-08 18:00:00+00:00,2026-05-09,1,75.6,76.0,-0.4000000000000057,0.4000000000000057
KMDW,GFS,2026-05-09 00:00:00+00:00,2026-05-09,1,75.1,76.0,-0.9000000000000057,0.9000000000000057
KMDW,HRRR,2026-05-08 06:00:00+00:00,2026-05-09,1,56.007862548828165,76.0,-19.992137451171835,19.992137451171835
KMDW,HRRR,2026-05-08 11:00:00+00:00,2026-05-09,1,54.704499511718794,76.0,-21.295500488281206,21.295500488281206
KMDW,HRRR,2026-05-08 12:00:00+00:00,2026-05-09,1,75.55402343750004,76.0,-0.44597656249996476,0.44597656249996476
KMDW,HRRR,2026-05-08 13:00:00+00:00,2026-05-09,1,53.92617309570316,76.0,-22.073826904296837,22.073826904296837
KMDW,HRRR,2026-05-08 14:00:00+00:00,2026-05-09,1,54.357496337890666,76.0,-21.642503662109334,21.642503662109334
KMDW,HRRR,2026-05-08 15:00:00+00:00,2026-05-09,1,55.263154296875044,76.0,-20.736845703124956,20.736845703124956
KMDW,HRRR,2026-05-08 16:00:00+00:00,2026-05-09,1,55.133131103515666,76.0,-20.866868896484334,20.866868896484334
KMDW,HRRR,2026-05-08 17:00:00+00:00,2026-05-09,1,53.45799072265629,76.0,-22.54200927734371,22.54200927734371
KMDW,HRRR,2026-05-08 18:00:00+00:00,2026-05-09,1,74.99871948242192,76.0,-1.0012805175780812,1.0012805175780812
KMDW,HRRR,2026-05-08 19:00:00+00:00,2026-05-09,1,58.389478759765666,76.0,-17.610521240234334,17.610521240234334
KMDW,HRRR,2026-05-09 00:00:00+00:00,2026-05-09,1,72.74289672851566,76.0,-3.2571032714843398,3.2571032714843398
KMDW,HRRR,2026-05-09 01:00:00+00:00,2026-05-09,1,73.64882934570316,76.0,-2.351170654296837,2.351170654296837
KMDW,HRRR,2026-05-09 02:00:00+00:00,2026-05-09,1,73.97578247070317,76.0,-2.024217529296834,2.024217529296834
KMDW,HRRR,2026-05-09 03:00:00+00:00,2026-05-09,1,72.85957153320317,76.0,-3.140428466796834,3.140428466796834
KMDW,HRRR,2026-05-09 04:00:00+00:00,2026-05-09,1,72.98629882812504,76.0,-3.0137011718749562,3.0137011718749562
KMDW,NBM,2026-05-08 06:00:00+00:00,2026-05-09,1,73.66997802734379,76.0,-2.330021972656212,2.330021972656212
KMDW,NBM,2026-05-08 12:00:00+00:00,2026-05-09,1,73.84998901367192,76.0,-2.150010986328084,2.150010986328084
KMDW,NBM,2026-05-08 18:00:00+00:00,2026-05-09,1,74.93000000000004,76.0,-1.0699999999999648,1.0699999999999648
KMDW,GFS,2026-05-07 06:00:00+00:00,2026-05-09,2,75.8,76.0,-0.20000000000000284,0.20000000000000284
KMDW,GFS,2026-05-07 12:00:00+00:00,2026-05-09,2,75.0,76.0,-1.0,1.0
KMDW,GFS,2026-05-07 18:00:00+00:00,2026-05-09,2,72.3,76.0,-3.700000000000003,3.700000000000003
KMDW,GFS,2026-05-08 00:00:00+00:00,2026-05-09,2,71.7,76.0,-4.299999999999997,4.299999999999997
KMDW,HRRR,2026-05-07 06:00:00+00:00,2026-05-09,2,51.50280883789067,76.0,-24.49719116210933,24.49719116210933
KMDW,NBM,2026-05-07 06:00:00+00:00,2026-05-09,2,74.03000000000004,76.0,-1.9699999999999562,1.9699999999999562
KMDW,NBM,2026-05-07 12:00:00+00:00,2026-05-09,2,74.03000000000004,76.0,-1.9699999999999562,1.9699999999999562
KMDW,NBM,2026-05-07 18:00:00+00:00,2026-05-09,2,73.31001098632817,76.0,-2.689989013671834,2.689989013671834
KMDW,NBM,2026-05-08 00:00:00+00:00,2026-05-09,2,73.4900219726563,76.0,-2.5099780273437062,2.5099780273437062
KMDW,GFS,2026-05-06 06:00:00+00:00,2026-05-09,3,70.9,76.0,-5.099999999999994,5.099999999999994
KMDW,GFS,2026-05-06 12:00:00+00:00,2026-05-09,3,72.0,76.0,-4.0,4.0
KMDW,GFS,2026-05-06 18:00:00+00:00,2026-05-09,3,74.5,76.0,-1.5,1.5
KMDW,GFS,2026-05-07 00:00:00+00:00,2026-05-09,3,75.8,76.0,-0.20000000000000284,0.20000000000000284
KMDW,NBM,2026-05-06 06:00:00+00:00,2026-05-09,3,75.11001098632816,76.0,-0.8899890136718369,0.8899890136718369
KMDW,NBM,2026-05-06 12:00:00+00:00,2026-05-09,3,75.46997802734379,76.0,-0.5300219726562148,0.5300219726562148
KMDW,GFS,2026-05-05 06:00:00+00:00,2026-05-09,4,71.8,76.0,-4.200000000000003,4.200000000000003
KMDW,GFS,2026-05-05 18:00:00+00:00,2026-05-09,4,75.0,76.0,-1.0,1.0
KMDW,GFS,2026-05-06 00:00:00+00:00,2026-05-09,4,70.9,76.0,-5.099999999999994,5.099999999999994
KMDW,NBM,2026-05-05 06:00:00+00:00,2026-05-09,4,74.93000000000004,76.0,-1.0699999999999648,1.0699999999999648
KMDW,GFS,2026-05-04 06:00:00+00:00,2026-05-09,5,69.6,76.0,-6.400000000000006,6.400000000000006
KMDW,GFS,2026-05-04 12:00:00+00:00,2026-05-09,5,68.4,76.0,-7.599999999999994,7.599999999999994
KMDW,GFS,2026-05-04 18:00:00+00:00,2026-05-09,5,70.4,76.0,-5.599999999999994,5.599999999999994
KMDW,GFS,2026-05-05 00:00:00+00:00,2026-05-09,5,69.1,76.0,-6.900000000000006,6.900000000000006
KMDW,NBM,2026-05-04 06:00:00+00:00,2026-05-09,5,69.09642456054692,76.0,-6.903575439453078,6.903575439453078
KMDW,NBM,2026-05-04 12:00:00+00:00,2026-05-09,5,70.47449462890629,76.0,-5.525505371093715,5.525505371093715
KMDW,NBM,2026-05-04 18:00:00+00:00,2026-05-09,5,71.28374755859379,76.0,-4.716252441406212,4.716252441406212
KMDW,NBM,2026-05-05 00:00:00+00:00,2026-05-09,5,72.36809814453129,76.0,-3.631901855468712,3.631901855468712
KMDW,GFS,2026-05-03 06:00:00+00:00,2026-05-09,6,67.5,76.0,-8.5,8.5
KMDW,GFS,2026-05-03 12:00:00+00:00,2026-05-09,6,69.6,76.0,-6.400000000000006,6.400000000000006
KMDW,GFS,2026-05-03 18:00:00+00:00,2026-05-09,6,70.4,76.0,-5.599999999999994,5.599999999999994
KMDW,GFS,2026-05-04 00:00:00+00:00,2026-05-09,6,66.9,76.0,-9.099999999999994,9.099999999999994
KMDW,NBM,2026-05-03 06:00:00+00:00,2026-05-09,6,67.41326416015629,76.0,-8.586735839843712,8.586735839843712
KMDW,NBM,2026-05-03 12:00:00+00:00,2026-05-09,6,67.15838134765629,76.0,-8.841618652343712,8.841618652343712
KMDW,NBM,2026-05-03 18:00:00+00:00,2026-05-09,6,67.93637817382816,76.0,-8.06362182617184,8.06362182617184
KMDW,NBM,2026-05-04 00:00:00+00:00,2026-05-09,6,68.31507690429692,76.0,-7.684923095703084,7.684923095703084
KMDW,GFS,2026-05-02 18:00:00+00:00,2026-05-09,7,65.1,76.0,-10.900000000000006,10.900000000000006
KMDW,GFS,2026-05-03 00:00:00+00:00,2026-05-09,7,56.0,76.0,-20.0,20.0
KMDW,NBM,2026-05-02 06:00:00+00:00,2026-05-09,7,67.96148193359379,76.0,-8.038518066406212,8.038518066406212
KMDW,NBM,2026-05-02 12:00:00+00:00,2026-05-09,7,68.15555541992191,76.0,-7.84444458007809,7.84444458007809
KMDW,NBM,2026-05-02 18:00:00+00:00,2026-05-09,7,67.56992919921879,76.0,-8.430070800781209,8.430070800781209
KMDW,NBM,2026-05-03 00:00:00+00:00,2026-05-09,7,67.14893310546879,76.0,-8.851066894531215,8.851066894531215
KMIA,HRRR,2026-05-09 04:00:00+00:00,2026-05-09,0,88.72893798828129,91.0,-2.271062011718712,2.271062011718712
KMIA,HRRR,2026-05-09 05:00:00+00:00,2026-05-09,0,88.48213012695317,91.0,-2.517869873046834,2.517869873046834
KMIA,HRRR,2026-05-09 06:00:00+00:00,2026-05-09,0,89.09961669921879,91.0,-1.9003833007812148,1.9003833007812148
KMIA,HRRR,2026-05-09 07:00:00+00:00,2026-05-09,0,89.18635375976567,91.0,-1.813646240234334,1.813646240234334
KMIA,HRRR,2026-05-09 08:00:00+00:00,2026-05-09,0,88.99557617187504,91.0,-2.0044238281249562,2.0044238281249562
KMIA,HRRR,2026-05-09 09:00:00+00:00,2026-05-09,0,89.3098950195313,91.0,-1.6901049804687034,1.6901049804687034
KMIA,HRRR,2026-05-09 18:00:00+00:00,2026-05-09,0,88.41126831054692,91.0,-2.588731689453084,2.588731689453084
KMIA,HRRR,2026-05-09 19:00:00+00:00,2026-05-09,0,88.03916137695316,91.0,-2.9608386230468398,2.9608386230468398
KMIA,HRRR,2026-05-09 20:00:00+00:00,2026-05-09,0,87.0152905273438,91.0,-3.9847094726562062,3.9847094726562062
KMIA,HRRR,2026-05-09 21:00:00+00:00,2026-05-09,0,86.6577954101563,91.0,-4.342204589843703,4.342204589843703
KMIA,HRRR,2026-05-09 22:00:00+00:00,2026-05-09,0,85.57328002929691,91.0,-5.42671997070309,5.42671997070309
KMIA,HRRR,2026-05-09 23:00:00+00:00,2026-05-09,0,83.08668945312505,91.0,-7.913310546874953,7.913310546874953
KMIA,HRRR,2026-05-10 00:00:00+00:00,2026-05-09,0,82.23299682617191,91.0,-8.767003173828087,8.767003173828087
KMIA,HRRR,2026-05-10 01:00:00+00:00,2026-05-09,0,81.69444702148442,91.0,-9.305552978515578,9.305552978515578
KMIA,HRRR,2026-05-10 02:00:00+00:00,2026-05-09,0,81.0782788085938,91.0,-9.921721191406206,9.921721191406206
KMIA,NBM,2026-05-09 12:00:00+00:00,2026-05-09,0,92.03000000000004,91.0,1.0300000000000438,1.0300000000000438
KMIA,GFS,2026-05-08 06:00:00+00:00,2026-05-09,1,89.0,91.0,-2.0,2.0
KMIA,GFS,2026-05-08 12:00:00+00:00,2026-05-09,1,89.0,91.0,-2.0,2.0
KMIA,GFS,2026-05-08 18:00:00+00:00,2026-05-09,1,89.1,91.0,-1.9000000000000057,1.9000000000000057
KMIA,GFS,2026-05-09 00:00:00+00:00,2026-05-09,1,89.0,91.0,-2.0,2.0
KMIA,HRRR,2026-05-08 06:00:00+00:00,2026-05-09,1,76.9485180664063,91.0,-14.051481933593706,14.051481933593706
KMIA,HRRR,2026-05-08 10:00:00+00:00,2026-05-09,1,77.52755249023441,91.0,-13.472447509765587,13.472447509765587
KMIA,HRRR,2026-05-08 11:00:00+00:00,2026-05-09,1,77.53749511718755,91.0,-13.462504882812453,13.462504882812453
KMIA,HRRR,2026-05-08 12:00:00+00:00,2026-05-09,1,89.06358154296879,91.0,-1.936418457031209,1.936418457031209
KMIA,HRRR,2026-05-08 13:00:00+00:00,2026-05-09,1,76.88661010742192,91.0,-14.113389892578084,14.113389892578084
KMIA,HRRR,2026-05-08 14:00:00+00:00,2026-05-09,1,76.8485424804688,91.0,-14.151457519531206,14.151457519531206
KMIA,HRRR,2026-05-08 15:00:00+00:00,2026-05-09,1,76.66128051757816,91.0,-14.338719482421837,14.338719482421837
KMIA,HRRR,2026-05-08 16:00:00+00:00,2026-05-09,1,76.80816772460942,91.0,-14.191832275390581,14.191832275390581
KMIA,HRRR,2026-05-08 17:00:00+00:00,2026-05-09,1,76.28928344726566,91.0,-14.71071655273434,14.71071655273434
KMIA,HRRR,2026-05-08 18:00:00+00:00,2026-05-09,1,88.90312622070317,91.0,-2.0968737792968284,2.0968737792968284
KMIA,HRRR,2026-05-08 19:00:00+00:00,2026-05-09,1,81.45197875976567,91.0,-9.548021240234334,9.548021240234334
KMIA,HRRR,2026-05-09 00:00:00+00:00,2026-05-09,1,89.37542846679692,91.0,-1.6245715332030812,1.6245715332030812
KMIA,HRRR,2026-05-09 01:00:00+00:00,2026-05-09,1,88.87675903320317,91.0,-2.1232409667968284,2.1232409667968284
KMIA,HRRR,2026-05-09 02:00:00+00:00,2026-05-09,1,88.45642211914067,91.0,-2.5435778808593312,2.5435778808593312
KMIA,HRRR,2026-05-09 03:00:00+00:00,2026-05-09,1,88.75596435546879,91.0,-2.244035644531209,2.244035644531209
KMIA,NBM,2026-05-08 06:00:00+00:00,2026-05-09,1,92.03000000000004,91.0,1.0300000000000438,1.0300000000000438
KMIA,NBM,2026-05-08 12:00:00+00:00,2026-05-09,1,91.66997802734379,91.0,0.6699780273437881,0.6699780273437881
KMIA,NBM,2026-05-08 18:00:00+00:00,2026-05-09,1,92.03000000000004,91.0,1.0300000000000438,1.0300000000000438
KMIA,NBM,2026-05-09 00:00:00+00:00,2026-05-09,1,91.4900219726563,91.0,0.49002197265629377,0.49002197265629377
KMIA,GFS,2026-05-07 06:00:00+00:00,2026-05-09,2,89.0,91.0,-2.0,2.0
KMIA,GFS,2026-05-07 12:00:00+00:00,2026-05-09,2,89.4,91.0,-1.5999999999999943,1.5999999999999943
KMIA,GFS,2026-05-07 18:00:00+00:00,2026-05-09,2,89.9,91.0,-1.0999999999999943,1.0999999999999943
KMIA,GFS,2026-05-08 00:00:00+00:00,2026-05-09,2,89.8,91.0,-1.2000000000000028,1.2000000000000028
KMIA,HRRR,2026-05-07 06:00:00+00:00,2026-05-09,2,77.52321289062505,91.0,-13.476787109374953,13.476787109374953
KMIA,NBM,2026-05-07 06:00:00+00:00,2026-05-09,2,91.4900219726563,91.0,0.49002197265629377,0.49002197265629377
KMIA,NBM,2026-05-07 12:00:00+00:00,2026-05-09,2,91.4900219726563,91.0,0.49002197265629377,0.49002197265629377
KMIA,NBM,2026-05-07 18:00:00+00:00,2026-05-09,2,92.03000000000004,91.0,1.0300000000000438,1.0300000000000438
KMIA,NBM,2026-05-08 00:00:00+00:00,2026-05-09,2,91.4900219726563,91.0,0.49002197265629377,0.49002197265629377
KMIA,GFS,2026-05-06 06:00:00+00:00,2026-05-09,3,89.0,91.0,-2.0,2.0
KMIA,GFS,2026-05-06 12:00:00+00:00,2026-05-09,3,89.6,91.0,-1.4000000000000057,1.4000000000000057
KMIA,GFS,2026-05-06 18:00:00+00:00,2026-05-09,3,89.2,91.0,-1.7999999999999972,1.7999999999999972
KMIA,GFS,2026-05-07 00:00:00+00:00,2026-05-09,3,89.0,91.0,-2.0,2.0
KMIA,NBM,2026-05-06 06:00:00+00:00,2026-05-09,3,91.13000000000004,91.0,0.13000000000003809,0.13000000000003809
KMIA,NBM,2026-05-06 12:00:00+00:00,2026-05-09,3,91.31001098632817,91.0,0.3100109863281659,0.3100109863281659
KMIA,GFS,2026-05-05 06:00:00+00:00,2026-05-09,4,90.7,91.0,-0.29999999999999716,0.29999999999999716
KMIA,GFS,2026-05-05 18:00:00+00:00,2026-05-09,4,89.0,91.0,-2.0,2.0
KMIA,GFS,2026-05-06 00:00:00+00:00,2026-05-09,4,89.0,91.0,-2.0,2.0
KMIA,NBM,2026-05-05 06:00:00+00:00,2026-05-09,4,91.4900219726563,91.0,0.49002197265629377,0.49002197265629377
KMIA,GFS,2026-05-04 06:00:00+00:00,2026-05-09,5,89.4,91.0,-1.5999999999999943,1.5999999999999943
KMIA,GFS,2026-05-04 12:00:00+00:00,2026-05-09,5,89.6,91.0,-1.4000000000000057,1.4000000000000057
KMIA,GFS,2026-05-04 18:00:00+00:00,2026-05-09,5,89.9,91.0,-1.0999999999999943,1.0999999999999943
KMIA,GFS,2026-05-05 00:00:00+00:00,2026-05-09,5,90.1,91.0,-0.9000000000000057,0.9000000000000057
KMIA,NBM,2026-05-04 06:00:00+00:00,2026-05-09,5,90.69642456054692,91.0,-0.3035754394530841,0.3035754394530841
KMIA,NBM,2026-05-04 12:00:00+00:00,2026-05-09,5,90.63446166992192,91.0,-0.36553833007808123,0.36553833007808123
KMIA,NBM,2026-05-04 18:00:00+00:00,2026-05-09,5,90.72378051757816,91.0,-0.2762194824218369,0.2762194824218369
KMIA,NBM,2026-05-05 00:00:00+00:00,2026-05-09,5,90.36809814453129,91.0,-0.6319018554687119,0.6319018554687119
KMIA,GFS,2026-05-03 06:00:00+00:00,2026-05-09,6,92.8,91.0,1.7999999999999972,1.7999999999999972
KMIA,GFS,2026-05-03 12:00:00+00:00,2026-05-09,6,90.5,91.0,-0.5,0.5
KMIA,GFS,2026-05-03 18:00:00+00:00,2026-05-09,6,88.4,91.0,-2.5999999999999943,2.5999999999999943
KMIA,GFS,2026-05-04 00:00:00+00:00,2026-05-09,6,90.1,91.0,-0.9000000000000057,0.9000000000000057
KMIA,NBM,2026-05-03 06:00:00+00:00,2026-05-09,6,90.45329711914067,91.0,-0.5467028808593284,0.5467028808593284
KMIA,NBM,2026-05-03 12:00:00+00:00,2026-05-09,6,90.19841430664067,91.0,-0.8015856933593284,0.8015856933593284
KMIA,NBM,2026-05-03 18:00:00+00:00,2026-05-09,6,90.25636718750005,91.0,-0.7436328124999534,0.7436328124999534
KMIA,NBM,2026-05-04 00:00:00+00:00,2026-05-09,6,89.91507690429691,91.0,-1.0849230957030898,1.0849230957030898
KMIA,GFS,2026-05-02 06:00:00+00:00,2026-05-09,7,84.7,91.0,-6.299999999999997,6.299999999999997
KMIA,GFS,2026-05-02 12:00:00+00:00,2026-05-09,7,90.3,91.0,-0.7000000000000028,0.7000000000000028
KMIA,GFS,2026-05-02 18:00:00+00:00,2026-05-09,7,93.8,91.0,2.799999999999997,2.799999999999997
KMIA,GFS,2026-05-03 00:00:00+00:00,2026-05-09,7,95.1,91.0,4.099999999999994,4.099999999999994
KMIA,NBM,2026-05-02 06:00:00+00:00,2026-05-09,7,88.84149291992192,91.0,-2.1585070800780812,2.1585070800780812
KMIA,NBM,2026-05-02 12:00:00+00:00,2026-05-09,7,88.31557739257816,91.0,-2.684422607421837,2.684422607421837
KMIA,NBM,2026-05-02 18:00:00+00:00,2026-05-09,7,89.16992919921879,91.0,-1.8300708007812148,1.8300708007812148
KMIA,NBM,2026-05-03 00:00:00+00:00,2026-05-09,7,88.7489331054688,91.0,-2.2510668945312062,2.2510668945312062
KNYC,HRRR,2026-05-09 04:00:00+00:00,2026-05-09,0,68.13654907226567,65.0,3.136549072265666,3.136549072265666
KNYC,HRRR,2026-05-09 05:00:00+00:00,2026-05-09,0,69.46963012695316,65.0,4.469630126953163,4.469630126953163
KNYC,HRRR,2026-05-09 06:00:00+00:00,2026-05-09,0,70.36199462890629,65.0,5.361994628906288,5.361994628906288
KNYC,HRRR,2026-05-09 07:00:00+00:00,2026-05-09,0,69.34526489257817,65.0,4.345264892578172,4.345264892578172
KNYC,HRRR,2026-05-09 08:00:00+00:00,2026-05-09,0,68.76705444335941,65.0,3.767054443359413,3.767054443359413
KNYC,HRRR,2026-05-09 09:00:00+00:00,2026-05-09,0,72.31393554687504,65.0,7.313935546875044,7.313935546875044
KNYC,HRRR,2026-05-09 18:00:00+00:00,2026-05-09,0,65.57376831054691,65.0,0.5737683105469102,0.5737683105469102
KNYC,HRRR,2026-05-09 19:00:00+00:00,2026-05-09,0,63.51416137695317,65.0,-1.4858386230468312,1.4858386230468312
KNYC,HRRR,2026-05-09 20:00:00+00:00,2026-05-09,0,59.961622314453166,65.0,-5.038377685546834,5.038377685546834
KNYC,HRRR,2026-05-09 21:00:00+00:00,2026-05-09,0,57.85779541015629,65.0,-7.142204589843708,7.142204589843708
KNYC,HRRR,2026-05-09 22:00:00+00:00,2026-05-09,0,55.98578002929692,65.0,-9.014219970703081,9.014219970703081
KNYC,HRRR,2026-05-09 23:00:00+00:00,2026-05-09,0,55.074189453125044,65.0,-9.925810546874956,9.925810546874956
KNYC,HRRR,2026-05-10 00:00:00+00:00,2026-05-09,0,52.98299682617191,65.0,-12.017003173828087,12.017003173828087
KNYC,HRRR,2026-05-10 01:00:00+00:00,2026-05-09,0,52.21944702148441,65.0,-12.780552978515587,12.780552978515587
KNYC,HRRR,2026-05-10 02:00:00+00:00,2026-05-09,0,51.15327880859379,65.0,-13.84672119140621,13.84672119140621
KNYC,NBM,2026-05-09 12:00:00+00:00,2026-05-09,0,67.54998901367192,65.0,2.5499890136719188,2.5499890136719188
KNYC,GFS,2026-05-08 06:00:00+00:00,2026-05-09,1,61.8,65.0,-3.200000000000003,3.200000000000003
KNYC,GFS,2026-05-08 12:00:00+00:00,2026-05-09,1,63.1,65.0,-1.8999999999999986,1.8999999999999986
KNYC,GFS,2026-05-08 18:00:00+00:00,2026-05-09,1,65.4,65.0,0.4000000000000057,0.4000000000000057
KNYC,GFS,2026-05-09 00:00:00+00:00,2026-05-09,1,68.5,65.0,3.5,3.5
KNYC,HRRR,2026-05-08 06:00:00+00:00,2026-05-09,1,52.292066650390666,65.0,-12.707933349609334,12.707933349609334
KNYC,HRRR,2026-05-08 10:00:00+00:00,2026-05-09,1,51.20255249023442,65.0,-13.797447509765583,13.797447509765583
KNYC,HRRR,2026-05-08 11:00:00+00:00,2026-05-09,1,48.74199951171879,65.0,-16.258000488281212,16.258000488281212
KNYC,HRRR,2026-05-08 12:00:00+00:00,2026-05-09,1,65.52768066406254,65.0,0.5276806640625438,0.5276806640625438
KNYC,HRRR,2026-05-08 13:00:00+00:00,2026-05-09,1,52.05761840820317,65.0,-12.942381591796831,12.942381591796831
KNYC,HRRR,2026-05-08 14:00:00+00:00,2026-05-09,1,51.876618652343794,65.0,-13.123381347656206,13.123381347656206
KNYC,HRRR,2026-05-08 15:00:00+00:00,2026-05-09,1,51.55724609375004,65.0,-13.442753906249962,13.442753906249962
KNYC,HRRR,2026-05-08 16:00:00+00:00,2026-05-09,1,51.315217285156294,65.0,-13.684782714843706,13.684782714843706
KNYC,HRRR,2026-05-08 17:00:00+00:00,2026-05-09,1,53.001783447265666,65.0,-11.998216552734334,11.998216552734334
KNYC,HRRR,2026-05-08 18:00:00+00:00,2026-05-09,1,68.21345336914067,65.0,3.213453369140666,3.213453369140666
KNYC,HRRR,2026-05-08 19:00:00+00:00,2026-05-09,1,56.701978759765666,65.0,-8.298021240234334,8.298021240234334
KNYC,HRRR,2026-05-09 00:00:00+00:00,2026-05-09,1,68.06662109375004,65.0,3.0666210937500438,3.0666210937500438
KNYC,HRRR,2026-05-09 01:00:00+00:00,2026-05-09,1,71.41151855468755,65.0,6.411518554687547,6.411518554687547
KNYC,HRRR,2026-05-09 02:00:00+00:00,2026-05-09,1,69.59410522460942,65.0,4.594105224609422,4.594105224609422
KNYC,HRRR,2026-05-09 03:00:00+00:00,2026-05-09,1,69.47435424804692,65.0,4.474354248046922,4.474354248046922
KNYC,NBM,2026-05-08 06:00:00+00:00,2026-05-09,1,64.31001098632817,65.0,-0.6899890136718341,0.6899890136718341
KNYC,NBM,2026-05-08 12:00:00+00:00,2026-05-09,1,64.4900219726563,65.0,-0.5099780273437062,0.5099780273437062
KNYC,NBM,2026-05-08 18:00:00+00:00,2026-05-09,1,65.93000000000004,65.0,0.9300000000000352,0.9300000000000352
KNYC,GFS,2026-05-07 06:00:00+00:00,2026-05-09,2,60.7,65.0,-4.299999999999997,4.299999999999997
KNYC,GFS,2026-05-07 12:00:00+00:00,2026-05-09,2,62.7,65.0,-2.299999999999997,2.299999999999997
KNYC,GFS,2026-05-07 18:00:00+00:00,2026-05-09,2,58.9,65.0,-6.100000000000001,6.100000000000001
KNYC,GFS,2026-05-08 00:00:00+00:00,2026-05-09,2,61.6,65.0,-3.3999999999999986,3.3999999999999986
KNYC,HRRR,2026-05-07 06:00:00+00:00,2026-05-09,2,51.198212890625044,65.0,-13.801787109374956,13.801787109374956
KNYC,NBM,2026-05-07 06:00:00+00:00,2026-05-09,2,63.76997802734379,65.0,-1.2300219726562105,1.2300219726562105
KNYC,NBM,2026-05-07 12:00:00+00:00,2026-05-09,2,63.59002197265629,65.0,-1.409978027343712,1.409978027343712
KNYC,NBM,2026-05-07 18:00:00+00:00,2026-05-09,2,64.31001098632817,65.0,-0.6899890136718341,0.6899890136718341
KNYC,NBM,2026-05-08 00:00:00+00:00,2026-05-09,2,62.86997802734379,65.0,-2.130021972656209,2.130021972656209
KNYC,GFS,2026-05-06 06:00:00+00:00,2026-05-09,3,62.9,65.0,-2.1000000000000014,2.1000000000000014
KNYC,GFS,2026-05-06 12:00:00+00:00,2026-05-09,3,56.6,65.0,-8.399999999999999,8.399999999999999
KNYC,GFS,2026-05-06 18:00:00+00:00,2026-05-09,3,62.2,65.0,-2.799999999999997,2.799999999999997
KNYC,GFS,2026-05-07 00:00:00+00:00,2026-05-09,3,60.7,65.0,-4.299999999999997,4.299999999999997
KNYC,NBM,2026-05-06 12:00:00+00:00,2026-05-09,3,64.13000000000004,65.0,-0.8699999999999619,0.8699999999999619
KNYC,GFS,2026-05-05 06:00:00+00:00,2026-05-09,4,63.3,65.0,-1.7000000000000028,1.7000000000000028
KNYC,GFS,2026-05-05 18:00:00+00:00,2026-05-09,4,59.7,65.0,-5.299999999999997,5.299999999999997
KNYC,GFS,2026-05-06 00:00:00+00:00,2026-05-09,4,62.9,65.0,-2.1000000000000014,2.1000000000000014
KNYC,NBM,2026-05-06 00:00:00+00:00,2026-05-09,4,67.54998901367192,65.0,2.5499890136719188,2.5499890136719188
KNYC,GFS,2026-05-04 06:00:00+00:00,2026-05-09,5,55.5,65.0,-9.5,9.5
KNYC,GFS,2026-05-04 12:00:00+00:00,2026-05-09,5,57.0,65.0,-8.0,8.0
KNYC,GFS,2026-05-04 18:00:00+00:00,2026-05-09,5,58.0,65.0,-7.0,7.0
KNYC,GFS,2026-05-05 00:00:00+00:00,2026-05-09,5,67.0,65.0,2.0,2.0
KNYC,NBM,2026-05-04 06:00:00+00:00,2026-05-09,5,69.81641357421879,65.0,4.816413574218785,4.816413574218785
KNYC,NBM,2026-05-04 12:00:00+00:00,2026-05-09,5,69.75445068359379,65.0,4.754450683593788,4.754450683593788
KNYC,NBM,2026-05-04 18:00:00+00:00,2026-05-09,5,68.40379150390629,65.0,3.403791503906291,3.403791503906291
KNYC,NBM,2026-05-05 00:00:00+00:00,2026-05-09,5,69.48814208984379,65.0,4.488142089843791,4.488142089843791
KNYC,GFS,2026-05-03 06:00:00+00:00,2026-05-09,6,60.4,65.0,-4.600000000000001,4.600000000000001
KNYC,GFS,2026-05-03 12:00:00+00:00,2026-05-09,6,60.0,65.0,-5.0,5.0
KNYC,GFS,2026-05-03 18:00:00+00:00,2026-05-09,6,66.9,65.0,1.9000000000000057,1.9000000000000057
KNYC,GFS,2026-05-04 00:00:00+00:00,2026-05-09,6,63.1,65.0,-1.8999999999999986,1.8999999999999986
KNYC,NBM,2026-05-03 06:00:00+00:00,2026-05-09,6,66.69327514648441,65.0,1.6932751464844102,1.6932751464844102
KNYC,NBM,2026-05-03 12:00:00+00:00,2026-05-09,6,67.15838134765629,65.0,2.158381347656288,2.158381347656288
KNYC,NBM,2026-05-03 18:00:00+00:00,2026-05-09,6,67.93637817382816,65.0,2.9363781738281602,2.9363781738281602
KNYC,NBM,2026-05-04 00:00:00+00:00,2026-05-09,6,68.31507690429692,65.0,3.315076904296916,3.315076904296916
KNYC,GFS,2026-05-02 06:00:00+00:00,2026-05-09,7,71.1,65.0,6.099999999999994,6.099999999999994
KNYC,GFS,2026-05-02 12:00:00+00:00,2026-05-09,7,62.0,65.0,-3.0,3.0
KNYC,GFS,2026-05-02 18:00:00+00:00,2026-05-09,7,55.3,65.0,-9.700000000000003,9.700000000000003
KNYC,GFS,2026-05-03 00:00:00+00:00,2026-05-09,7,55.2,65.0,-9.799999999999997,9.799999999999997
KNYC,NBM,2026-05-02 06:00:00+00:00,2026-05-09,7,67.24149291992191,65.0,2.2414929199219102,2.2414929199219102
KNYC,NBM,2026-05-02 12:00:00+00:00,2026-05-09,7,66.71557739257817,65.0,1.7155773925781688,1.7155773925781688
KNYC,NBM,2026-05-02 18:00:00+00:00,2026-05-09,7,66.12995117187504,65.0,1.1299511718750352,1.1299511718750352
KNYC,NBM,2026-05-03 00:00:00+00:00,2026-05-09,7,66.42888916015629,65.0,1.428889160156288,1.428889160156288
