station,model,run_time,valid_date,lead_day,pred_tmax,truth_tmax,error_f,abs_error_f
KMDW,HRRR,2026-04-13 06:00:00+00:00,2026-04-13,0,75.78742797851567,79.0,-3.212572021484334,3.212572021484334
KMDW,HRRR,2026-04-13 12:00:00+00:00,2026-04-13,0,82.54198730468754,79.0,3.541987304687538,3.541987304687538
KMDW,HRRR,2026-04-13 18:00:00+00:00,2026-04-13,0,81.05921752929692,79.0,2.059217529296916,2.059217529296916
KMDW,HRRR,2026-04-14 00:00:00+00:00,2026-04-13,0,74.88726318359379,79.0,-4.112736816406212,4.112736816406212
KMDW,NBM,2026-04-13 12:00:00+00:00,2026-04-13,0,83.53910644531254,79.0,4.539106445312541,4.539106445312541
KMDW,HRRR,2026-04-12 06:00:00+00:00,2026-04-13,1,73.84251831054692,79.0,-5.157481689453078,5.157481689453078
KMDW,HRRR,2026-04-12 12:00:00+00:00,2026-04-13,1,77.40604370117191,79.0,-1.5939562988280898,1.5939562988280898
KMDW,HRRR,2026-04-12 18:00:00+00:00,2026-04-13,1,72.95152709960942,79.0,-6.048472900390578,6.048472900390578
KMDW,HRRR,2026-04-13 00:00:00+00:00,2026-04-13,1,71.76022460937504,79.0,-7.239775390624956,7.239775390624956
KMDW,NBM,2026-04-12 12:00:00+00:00,2026-04-13,1,82.63751342773442,79.0,3.6375134277344188,3.6375134277344188
KMDW,HRRR,2026-04-11 06:00:00+00:00,2026-04-13,2,62.96231811523442,79.0,-16.037681884765583,16.037681884765583
KMDW,HRRR,2026-04-11 12:00:00+00:00,2026-04-13,2,62.63256347656254,79.0,-16.367436523437462,16.367436523437462
KMDW,HRRR,2026-04-11 18:00:00+00:00,2026-04-13,2,66.85389526367192,79.0,-12.146104736328084,12.146104736328084
KMDW,HRRR,2026-04-12 00:00:00+00:00,2026-04-13,2,76.30515869140629,79.0,-2.694841308593709,2.694841308593709
KMIA,HRRR,2026-04-13 06:00:00+00:00,2026-04-13,0,79.77464111328129,81.0,-1.225358886718709,1.225358886718709
KMIA,HRRR,2026-04-13 12:00:00+00:00,2026-04-13,0,80.56867797851567,81.0,-0.4313220214843341,0.4313220214843341
KMIA,HRRR,2026-04-13 18:00:00+00:00,2026-04-13,0,80.28561523437504,81.0,-0.7143847656249562,0.7143847656249562
KMIA,HRRR,2026-04-14 00:00:00+00:00,2026-04-13,0,73.9872631835938,81.0,-7.012736816406203,7.012736816406203
KMIA,NBM,2026-04-13 12:00:00+00:00,2026-04-13,0,81.37908447265629,81.0,0.3790844726562881,0.3790844726562881
KMIA,HRRR,2026-04-12 06:00:00+00:00,2026-04-13,1,79.94218261718754,81.0,-1.057817382812459,1.057817382812459
KMIA,HRRR,2026-04-12 12:00:00+00:00,2026-04-13,1,79.92421997070316,81.0,-1.075780029296837,1.075780029296837
KMIA,HRRR,2026-04-12 18:00:00+00:00,2026-04-13,1,80.36142089843754,81.0,-0.6385791015624562,0.6385791015624562
KMIA,HRRR,2026-04-13 00:00:00+00:00,2026-04-13,1,79.86022460937504,81.0,-1.139775390624962,1.139775390624962
KMIA,NBM,2026-04-12 12:00:00+00:00,2026-04-13,1,81.19753540039066,81.0,0.19753540039066309,0.19753540039066309
KMIA,HRRR,2026-04-11 06:00:00+00:00,2026-04-13,2,66.3994458007813,81.0,-14.600554199218706,14.600554199218706
KMIA,HRRR,2026-04-11 12:00:00+00:00,2026-04-13,2,66.30738037109379,81.0,-14.692619628906215,14.692619628906215
KMIA,HRRR,2026-04-11 18:00:00+00:00,2026-04-13,2,79.79139526367192,81.0,-1.208604736328084,1.208604736328084
KMIA,HRRR,2026-04-12 00:00:00+00:00,2026-04-13,2,78.96791503906255,81.0,-2.0320849609374534,2.0320849609374534
KNYC,HRRR,2026-04-13 06:00:00+00:00,2026-04-13,0,83.93714111328129,79.0,4.937141113281285,4.937141113281285
KNYC,HRRR,2026-04-13 12:00:00+00:00,2026-04-13,0,82.94249389648442,79.0,3.9424938964844216,3.9424938964844216
KNYC,HRRR,2026-04-13 18:00:00+00:00,2026-04-13,0,81.0574047851563,79.0,2.0574047851562938,2.0574047851562938
KNYC,HRRR,2026-04-14 00:00:00+00:00,2026-04-13,0,72.9747631835938,79.0,-6.025236816406206,6.025236816406206
KNYC,NBM,2026-04-13 06:00:00+00:00,2026-04-13,0,82.69651000976566,79.0,3.6965100097656602,3.6965100097656602
KNYC,NBM,2026-04-13 12:00:00+00:00,2026-04-13,0,82.81911743164066,79.0,3.819117431640663,3.819117431640663
KNYC,HRRR,2026-04-12 06:00:00+00:00,2026-04-13,1,80.52055786132817,79.0,1.5205578613281716,1.5205578613281716
KNYC,HRRR,2026-04-12 12:00:00+00:00,2026-04-13,1,82.47661865234379,79.0,3.476618652343788,3.476618652343788
KNYC,HRRR,2026-04-12 18:00:00+00:00,2026-04-13,1,81.37392089843755,79.0,2.3739208984375466,2.3739208984375466
KNYC,HRRR,2026-04-13 00:00:00+00:00,2026-04-13,1,82.78522460937504,79.0,3.7852246093750352,3.7852246093750352
KNYC,NBM,2026-04-12 06:00:00+00:00,2026-04-13,1,79.07915161132817,79.0,0.07915161132817161,0.07915161132817161
KNYC,NBM,2026-04-12 12:00:00+00:00,2026-04-13,1,81.19753540039066,79.0,2.197535400390663,2.197535400390663
KNYC,NBM,2026-04-12 18:00:00+00:00,2026-04-13,1,81.42484252929691,79.0,2.4248425292969102,2.4248425292969102
KNYC,NBM,2026-04-13 00:00:00+00:00,2026-04-13,1,81.92477539062504,79.0,2.9247753906250438,2.9247753906250438
KNYC,HRRR,2026-04-11 06:00:00+00:00,2026-04-13,2,45.24219482421879,79.0,-33.75780517578121,33.75780517578121
KNYC,HRRR,2026-04-11 12:00:00+00:00,2026-04-13,2,51.01133544921879,79.0,-27.98866455078121,27.98866455078121
KNYC,HRRR,2026-04-11 18:00:00+00:00,2026-04-13,2,77.99139526367192,79.0,-1.0086047363280812,1.0086047363280812
KNYC,HRRR,2026-04-12 00:00:00+00:00,2026-04-13,2,80.02326171875004,79.0,1.0232617187500352,1.0232617187500352
KNYC,NBM,2026-04-11 06:00:00+00:00,2026-04-13,2,80.28429687500004,79.0,1.284296875000038,1.284296875000038
KNYC,NBM,2026-04-11 12:00:00+00:00,2026-04-13,2,80.20980957031254,79.0,1.2098095703125438,1.2098095703125438
KNYC,NBM,2026-04-11 18:00:00+00:00,2026-04-13,2,78.83124511718754,79.0,-0.16875488281246476,0.16875488281246476
KNYC,NBM,2026-04-12 00:00:00+00:00,2026-04-13,2,79.51717651367191,79.0,0.5171765136719131,0.5171765136719131
KNYC,NBM,2026-04-10 06:00:00+00:00,2026-04-13,3,79.16715209960941,79.0,0.16715209960941024,0.16715209960941024
KNYC,NBM,2026-04-10 12:00:00+00:00,2026-04-13,3,79.07085693359379,79.0,0.07085693359378809,0.07085693359378809
KNYC,NBM,2026-04-10 18:00:00+00:00,2026-04-13,3,79.83259399414067,79.0,0.8325939941406659,0.8325939941406659
KNYC,NBM,2026-04-11 00:00:00+00:00,2026-04-13,3,80.10208862304691,79.0,1.1020886230469102,1.1020886230469102
KNYC,NBM,2026-04-09 06:00:00+00:00,2026-04-13,4,79.59545410156254,79.0,0.5954541015625381,0.5954541015625381
KNYC,NBM,2026-04-09 12:00:00+00:00,2026-04-13,4,79.84429443359379,79.0,0.8442944335937881,0.8442944335937881
KNYC,NBM,2026-04-09 18:00:00+00:00,2026-04-13,4,79.15528686523442,79.0,0.15528686523441593,0.15528686523441593
KNYC,NBM,2026-04-10 00:00:00+00:00,2026-04-13,4,79.55579345703129,79.0,0.5557934570312852,0.5557934570312852
KNYC,NBM,2026-04-08 06:00:00+00:00,2026-04-13,5,78.42035644531254,79.0,-0.5796435546874648,0.5796435546874648
KNYC,NBM,2026-04-08 12:00:00+00:00,2026-04-13,5,77.86972167968754,79.0,-1.1302783203124562,1.1302783203124562
KNYC,NBM,2026-04-08 18:00:00+00:00,2026-04-13,5,77.59835937500004,79.0,-1.4016406249999562,1.4016406249999562
KNYC,NBM,2026-04-09 00:00:00+00:00,2026-04-13,5,77.39533203125004,79.0,-1.6046679687499648,1.6046679687499648
KNYC,NBM,2026-04-07 06:00:00+00:00,2026-04-13,6,80.21129272460942,79.0,1.2112927246094216,1.2112927246094216
KNYC,NBM,2026-04-07 12:00:00+00:00,2026-04-13,6,79.83220947265629,79.0,0.8322094726562881,0.8322094726562881
KNYC,NBM,2026-04-07 18:00:00+00:00,2026-04-13,6,78.44529541015629,79.0,-0.5547045898437091,0.5547045898437091
KNYC,NBM,2026-04-08 00:00:00+00:00,2026-04-13,6,78.68018310546879,79.0,-0.31981689453121476,0.31981689453121476
KNYC,NBM,2026-04-06 06:00:00+00:00,2026-04-13,7,81.03197143554692,79.0,2.0319714355469216,2.0319714355469216
KNYC,NBM,2026-04-06 12:00:00+00:00,2026-04-13,7,80.70716064453129,79.0,1.7071606445312852,1.7071606445312852
KNYC,NBM,2026-04-06 18:00:00+00:00,2026-04-13,7,80.2586987304688,79.0,1.2586987304687938,1.2586987304687938
KNYC,NBM,2026-04-07 00:00:00+00:00,2026-04-13,7,79.99250000000004,79.0,0.9925000000000352,0.9925000000000352
KMDW,HRRR,2026-04-14 06:00:00+00:00,2026-04-14,0,82.34544189453129,82.0,0.3454418945312909,0.3454418945312909
KMDW,HRRR,2026-04-14 12:00:00+00:00,2026-04-14,0,81.48438842773442,82.0,-0.5156115722655841,0.5156115722655841
KMDW,HRRR,2026-04-14 18:00:00+00:00,2026-04-14,0,82.62174804687504,82.0,0.6217480468750409,0.6217480468750409
KMDW,HRRR,2026-04-15 00:00:00+00:00,2026-04-14,0,77.83835571289066,82.0,-4.16164428710934,4.16164428710934
KMDW,NBM,2026-04-14 12:00:00+00:00,2026-04-14,0,85.18650634765629,82.0,3.186506347656291,3.186506347656291
KMDW,HRRR,2026-04-13 06:00:00+00:00,2026-04-14,1,85.74395263671879,82.0,3.743952636718788,3.743952636718788
KMDW,HRRR,2026-04-13 12:00:00+00:00,2026-04-14,1,79.40973022460942,82.0,-2.5902697753905812,2.5902697753905812
KMDW,HRRR,2026-04-13 18:00:00+00:00,2026-04-14,1,75.73969238281254,82.0,-6.260307617187465,6.260307617187465
KMDW,HRRR,2026-04-14 00:00:00+00:00,2026-04-14,1,75.87064941406254,82.0,-6.129350585937459,6.129350585937459
KMDW,NBM,2026-04-13 12:00:00+00:00,2026-04-14,1,86.32782104492192,82.0,4.327821044921919,4.327821044921919
KMDW,HRRR,2026-04-12 06:00:00+00:00,2026-04-14,2,68.1623120117188,82.0,-13.837687988281203,13.837687988281203
KMDW,HRRR,2026-04-12 12:00:00+00:00,2026-04-14,2,69.1972241210938,82.0,-12.802775878906203,12.802775878906203
KMDW,HRRR,2026-04-12 18:00:00+00:00,2026-04-14,2,77.33474243164066,82.0,-4.665257568359337,4.665257568359337
KMDW,HRRR,2026-04-13 00:00:00+00:00,2026-04-14,2,78.3576245117188,82.0,-3.6423754882812034,3.6423754882812034
KMIA,HRRR,2026-04-14 06:00:00+00:00,2026-04-14,0,80.10467041015629,81.0,-0.8953295898437119,0.8953295898437119
KMIA,HRRR,2026-04-14 12:00:00+00:00,2026-04-14,0,80.83559082031255,81.0,-0.1644091796874534,0.1644091796874534
KMIA,HRRR,2026-04-14 18:00:00+00:00,2026-04-14,0,80.07061279296879,81.0,-0.9293872070312119,0.9293872070312119
KMIA,HRRR,2026-04-15 00:00:00+00:00,2026-04-14,0,75.02585571289066,81.0,-5.97414428710934,5.97414428710934
KMIA,NBM,2026-04-14 12:00:00+00:00,2026-04-14,0,81.5865063476563,81.0,0.5865063476562966,0.5865063476562966
KMIA,HRRR,2026-04-13 06:00:00+00:00,2026-04-14,1,78.47814453125004,81.0,-2.521855468749962,2.521855468749962
KMIA,HRRR,2026-04-13 12:00:00+00:00,2026-04-14,1,79.77541015625005,81.0,-1.2245898437499534,1.2245898437499534
KMIA,HRRR,2026-04-13 18:00:00+00:00,2026-04-14,1,81.73570068359379,81.0,0.7357006835937909,0.7357006835937909
KMIA,HRRR,2026-04-14 00:00:00+00:00,2026-04-14,1,79.81369750976566,81.0,-1.1863024902343398,1.1863024902343398
KMIA,NBM,2026-04-13 12:00:00+00:00,2026-04-14,1,81.28784301757817,81.0,0.28784301757816877,0.28784301757816877
KMIA,HRRR,2026-04-12 06:00:00+00:00,2026-04-14,2,69.39289062500004,81.0,-11.607109374999965,11.607109374999965
KMIA,HRRR,2026-04-12 12:00:00+00:00,2026-04-14,2,67.53361938476567,81.0,-13.466380615234328,13.466380615234328
KMIA,HRRR,2026-04-12 18:00:00+00:00,2026-04-14,2,80.93474243164067,81.0,-0.06525756835932839,0.06525756835932839
KMIA,HRRR,2026-04-13 00:00:00+00:00,2026-04-14,2,78.4701245117188,81.0,-2.5298754882812062,2.5298754882812062
KNYC,HRRR,2026-04-14 06:00:00+00:00,2026-04-14,0,86.08134277343754,87.0,-0.9186572265624591,0.9186572265624591
KNYC,HRRR,2026-04-14 12:00:00+00:00,2026-04-14,0,86.79809082031254,87.0,-0.20190917968746191,0.20190917968746191
KNYC,HRRR,2026-04-14 18:00:00+00:00,2026-04-14,0,86.8225903320313,87.0,-0.1774096679687034,0.1774096679687034
KNYC,HRRR,2026-04-15 00:00:00+00:00,2026-04-14,0,79.97585571289066,87.0,-7.024144287109337,7.024144287109337
KNYC,NBM,2026-04-14 06:00:00+00:00,2026-04-14,0,85.98988159179692,87.0,-1.010118408203084,1.010118408203084
KNYC,NBM,2026-04-14 12:00:00+00:00,2026-04-14,0,86.62648437500005,87.0,-0.3735156249999534,0.3735156249999534
KNYC,HRRR,2026-04-13 06:00:00+00:00,2026-04-14,1,86.21515625000004,87.0,-0.7848437499999648,0.7848437499999648
KNYC,HRRR,2026-04-13 12:00:00+00:00,2026-04-14,1,85.00286987304692,87.0,-1.9971301269530812,1.9971301269530812
KNYC,HRRR,2026-04-13 18:00:00+00:00,2026-04-14,1,86.08463867187504,87.0,-0.9153613281249591,0.9153613281249591
KNYC,HRRR,2026-04-14 00:00:00+00:00,2026-04-14,1,85.24907348632817,87.0,-1.7509265136718284,1.7509265136718284
KNYC,NBM,2026-04-13 06:00:00+00:00,2026-04-14,1,84.70178955078129,87.0,-2.2982104492187148,2.2982104492187148
KNYC,NBM,2026-04-13 12:00:00+00:00,2026-04-14,1,85.60783203125004,87.0,-1.392167968749959,1.392167968749959
KNYC,NBM,2026-04-14 00:00:00+00:00,2026-04-14,1,85.60986450195317,87.0,-1.3901354980468312,1.3901354980468312
KNYC,HRRR,2026-04-12 06:00:00+00:00,2026-04-14,2,62.53039062500004,87.0,-24.469609374999962,24.469609374999962
KNYC,HRRR,2026-04-12 12:00:00+00:00,2026-04-14,2,67.19611938476567,87.0,-19.803880615234334,19.803880615234334
KNYC,HRRR,2026-04-12 18:00:00+00:00,2026-04-14,2,83.07224243164066,87.0,-3.9277575683593398,3.9277575683593398
KNYC,HRRR,2026-04-13 00:00:00+00:00,2026-04-14,2,82.74512451171879,87.0,-4.254875488281215,4.254875488281215
KNYC,NBM,2026-04-12 06:00:00+00:00,2026-04-14,2,82.39301269531254,87.0,-4.606987304687465,4.606987304687465
KNYC,NBM,2026-04-12 12:00:00+00:00,2026-04-14,2,83.46983764648442,87.0,-3.5301623535155784,3.5301623535155784
KNYC,NBM,2026-04-12 18:00:00+00:00,2026-04-14,2,83.96515625000004,87.0,-3.0348437499999648,3.0348437499999648
KNYC,NBM,2026-04-13 00:00:00+00:00,2026-04-14,2,83.77998168945317,87.0,-3.220018310546834,3.220018310546834
KNYC,NBM,2026-04-11 06:00:00+00:00,2026-04-14,3,81.24950073242192,87.0,-5.750499267578078,5.750499267578078
KNYC,NBM,2026-04-11 12:00:00+00:00,2026-04-14,3,81.96388671875005,87.0,-5.036113281249953,5.036113281249953
KNYC,NBM,2026-04-11 18:00:00+00:00,2026-04-14,3,82.87635620117192,87.0,-4.123643798828084,4.123643798828084
KNYC,NBM,2026-04-12 00:00:00+00:00,2026-04-14,3,82.3050122070313,87.0,-4.694987792968703,4.694987792968703
KNYC,NBM,2026-04-10 06:00:00+00:00,2026-04-14,4,81.18424194335941,87.0,-5.81575805664059,5.81575805664059
KNYC,NBM,2026-04-10 12:00:00+00:00,2026-04-14,4,81.04081542968754,87.0,-5.959184570312459,5.959184570312459
KNYC,NBM,2026-04-10 18:00:00+00:00,2026-04-14,4,80.84416015625004,87.0,-6.155839843749959,6.155839843749959
KNYC,NBM,2026-04-11 00:00:00+00:00,2026-04-14,4,81.15287597656254,87.0,-5.847124023437459,5.847124023437459
KNYC,NBM,2026-04-09 06:00:00+00:00,2026-04-14,5,84.04431274414067,87.0,-2.9556872558593312,2.9556872558593312
KNYC,NBM,2026-04-09 12:00:00+00:00,2026-04-14,5,83.9090161132813,87.0,-3.0909838867187034,3.0909838867187034
KNYC,NBM,2026-04-09 18:00:00+00:00,2026-04-14,5,82.43146484375004,87.0,-4.568535156249965,4.568535156249965
KNYC,NBM,2026-04-10 00:00:00+00:00,2026-04-14,5,82.29907958984379,87.0,-4.700920410156215,4.700920410156215
KNYC,NBM,2026-04-08 06:00:00+00:00,2026-04-14,6,87.12229736328129,87.0,0.12229736328129093,0.12229736328129093
KNYC,NBM,2026-04-08 12:00:00+00:00,2026-04-14,6,87.56565063476566,87.0,0.5656506347656602,0.5656506347656602
KNYC,NBM,2026-04-08 18:00:00+00:00,2026-04-14,6,85.59453857421879,87.0,-1.405461425781212,1.405461425781212
KNYC,NBM,2026-04-09 00:00:00+00:00,2026-04-14,6,85.5442211914063,87.0,-1.4557788085937062,1.4557788085937062
KNYC,NBM,2026-04-07 06:00:00+00:00,2026-04-14,7,86.26849487304692,87.0,-0.7315051269530812,0.7315051269530812
KNYC,NBM,2026-04-07 12:00:00+00:00,2026-04-14,7,87.2763256835938,87.0,0.2763256835937966,0.2763256835937966
KNYC,NBM,2026-04-07 18:00:00+00:00,2026-04-14,7,86.78067749023441,87.0,-0.21932250976558976,0.21932250976558976
KNYC,NBM,2026-04-08 00:00:00+00:00,2026-04-14,7,87.51104858398442,87.0,0.5110485839844188,0.5110485839844188
KMDW,HRRR,2026-04-15 06:00:00+00:00,2026-04-15,0,72.93026855468754,73.0,-0.06973144531245623,0.06973144531245623
KMDW,HRRR,2026-04-15 12:00:00+00:00,2026-04-15,0,76.05346191406254,73.0,3.053461914062538,3.053461914062538
KMDW,HRRR,2026-04-15 18:00:00+00:00,2026-04-15,0,71.1631176757813,73.0,-1.8368823242187062,1.8368823242187062
KMDW,HRRR,2026-04-16 00:00:00+00:00,2026-04-15,0,69.53966796875004,73.0,-3.460332031249962,3.460332031249962
KMDW,NBM,2026-04-15 12:00:00+00:00,2026-04-15,0,76.80827758789067,73.0,3.8082775878906716,3.8082775878906716
KMDW,HRRR,2026-04-14 06:00:00+00:00,2026-04-15,1,73.82422607421879,73.0,0.8242260742187852,0.8242260742187852
KMDW,HRRR,2026-04-14 12:00:00+00:00,2026-04-15,1,78.89864624023441,73.0,5.898646240234413,5.898646240234413
KMDW,HRRR,2026-04-14 18:00:00+00:00,2026-04-15,1,71.0411694335938,73.0,-1.9588305664062062,1.9588305664062062
KMDW,HRRR,2026-04-15 00:00:00+00:00,2026-04-15,1,70.92246215820316,73.0,-2.0775378417968398,2.0775378417968398
KMDW,NBM,2026-04-14 12:00:00+00:00,2026-04-15,1,77.41054809570316,73.0,4.410548095703163,4.410548095703163
KMDW,HRRR,2026-04-13 06:00:00+00:00,2026-04-15,2,58.36547363281254,73.0,-14.634526367187462,14.634526367187462
KMDW,HRRR,2026-04-13 12:00:00+00:00,2026-04-15,2,68.91778686523442,73.0,-4.082213134765581,4.082213134765581
KMDW,HRRR,2026-04-13 18:00:00+00:00,2026-04-15,2,67.89710205078129,73.0,-5.102897949218715,5.102897949218715
KMDW,HRRR,2026-04-14 00:00:00+00:00,2026-04-15,2,74.2283032226563,73.0,1.2283032226562938,1.2283032226562938
KMIA,HRRR,2026-04-15 06:00:00+00:00,2026-04-15,0,78.62085693359379,81.0,-2.3791430664062148,2.3791430664062148
KMIA,HRRR,2026-04-15 12:00:00+00:00,2026-04-15,0,77.78172119140629,81.0,-3.218278808593709,3.218278808593709
KMIA,HRRR,2026-04-15 18:00:00+00:00,2026-04-15,0,79.59825561523442,81.0,-1.4017443847655784,1.4017443847655784
KMIA,HRRR,2026-04-16 00:00:00+00:00,2026-04-15,0,72.80216796875004,81.0,-8.197832031249959,8.197832031249959
KMIA,NBM,2026-04-15 12:00:00+00:00,2026-04-15,0,80.40827758789067,81.0,-0.5917224121093341,0.5917224121093341
KMIA,HRRR,2026-04-14 06:00:00+00:00,2026-04-15,1,78.2115063476563,81.0,-2.7884936523437034,2.7884936523437034
KMIA,HRRR,2026-04-14 12:00:00+00:00,2026-04-15,1,79.70191162109379,81.0,-1.2980883789062148,1.2980883789062148
KMIA,HRRR,2026-04-14 18:00:00+00:00,2026-04-15,1,77.54145019531254,81.0,-3.4585498046874648,3.4585498046874648
KMIA,HRRR,2026-04-15 00:00:00+00:00,2026-04-15,1,79.07239501953129,81.0,-1.9276049804687148,1.9276049804687148
KMIA,NBM,2026-04-14 12:00:00+00:00,2026-04-15,1,80.2905590820313,81.0,-0.7094409179687062,0.7094409179687062
KMIA,HRRR,2026-04-13 06:00:00+00:00,2026-04-15,2,66.96062744140629,81.0,-14.039372558593712,14.039372558593712
KMIA,HRRR,2026-04-13 12:00:00+00:00,2026-04-15,2,67.64447143554692,81.0,-13.355528564453081,13.355528564453081
KMIA,HRRR,2026-04-13 18:00:00+00:00,2026-04-15,2,78.51511352539066,81.0,-2.4848864746093398,2.4848864746093398
KMIA,HRRR,2026-04-14 00:00:00+00:00,2026-04-15,2,79.06580322265629,81.0,-1.9341967773437148,1.9341967773437148
KNYC,HRRR,2026-04-15 06:00:00+00:00,2026-04-15,0,89.59729736328129,90.0,-0.40270263671871476,0.40270263671871476
KNYC,HRRR,2026-04-15 12:00:00+00:00,2026-04-15,0,89.81493652343754,90.0,-0.18506347656246191,0.18506347656246191
KNYC,HRRR,2026-04-15 18:00:00+00:00,2026-04-15,0,89.20783203125004,90.0,-0.7921679687499648,0.7921679687499648
KNYC,HRRR,2026-04-16 00:00:00+00:00,2026-04-15,0,82.02716796875004,90.0,-7.972832031249965,7.972832031249965
KNYC,NBM,2026-04-15 06:00:00+00:00,2026-04-15,0,88.91164062500005,90.0,-1.0883593749999534,1.0883593749999534
KNYC,NBM,2026-04-15 12:00:00+00:00,2026-04-15,0,89.76824462890629,90.0,-0.23175537109371191,0.23175537109371191
KNYC,HRRR,2026-04-14 06:00:00+00:00,2026-04-15,1,87.68358886718754,90.0,-2.316411132812462,2.316411132812462
KNYC,HRRR,2026-04-14 12:00:00+00:00,2026-04-15,1,88.3336499023438,90.0,-1.6663500976562062,1.6663500976562062
KNYC,HRRR,2026-04-14 18:00:00+00:00,2026-04-15,1,88.7082836914063,90.0,-1.2917163085937062,1.2917163085937062
KNYC,HRRR,2026-04-15 00:00:00+00:00,2026-04-15,1,89.46595581054692,90.0,-0.5340441894530841,0.5340441894530841
KNYC,NBM,2026-04-14 06:00:00+00:00,2026-04-15,1,89.98846557617192,90.0,-0.01153442382808123,0.01153442382808123
KNYC,NBM,2026-04-14 12:00:00+00:00,2026-04-15,1,90.3705151367188,90.0,0.37051513671879377,0.37051513671879377
KNYC,NBM,2026-04-14 18:00:00+00:00,2026-04-15,1,89.27122314453129,90.0,-0.7287768554687091,0.7287768554687091
KNYC,NBM,2026-04-15 00:00:00+00:00,2026-04-15,1,89.53407104492192,90.0,-0.4659289550780841,0.4659289550780841
KNYC,HRRR,2026-04-13 06:00:00+00:00,2026-04-15,2,63.24812744140629,90.0,-26.75187255859371,26.75187255859371
KNYC,HRRR,2026-04-13 12:00:00+00:00,2026-04-15,2,65.39447143554692,90.0,-24.60552856445308,24.60552856445308
KNYC,HRRR,2026-04-13 18:00:00+00:00,2026-04-15,2,83.43523071289067,90.0,-6.564769287109328,6.564769287109328
KNYC,HRRR,2026-04-14 00:00:00+00:00,2026-04-15,2,85.5255444335938,90.0,-4.474455566406206,4.474455566406206
KNYC,NBM,2026-04-13 06:00:00+00:00,2026-04-15,2,88.55799072265629,90.0,-1.4420092773437148,1.4420092773437148
KNYC,NBM,2026-04-13 12:00:00+00:00,2026-04-15,2,88.76815917968754,90.0,-1.2318408203124562,1.2318408203124562
KNYC,NBM,2026-04-13 18:00:00+00:00,2026-04-15,2,88.4654858398438,90.0,-1.5345141601562062,1.5345141601562062
KNYC,NBM,2026-04-14 00:00:00+00:00,2026-04-15,2,89.18778198242191,90.0,-0.8122180175780898,0.8122180175780898
KNYC,NBM,2026-04-12 06:00:00+00:00,2026-04-15,3,86.3666577148438,90.0,-3.6333422851562034,3.6333422851562034
KNYC,NBM,2026-04-12 12:00:00+00:00,2026-04-15,3,87.69842041015629,90.0,-2.301579589843712,2.301579589843712
KNYC,NBM,2026-04-12 18:00:00+00:00,2026-04-15,3,87.64601562500005,90.0,-2.3539843749999534,2.3539843749999534
KNYC,NBM,2026-04-13 00:00:00+00:00,2026-04-15,3,88.23691528320316,90.0,-1.7630847167968398,1.7630847167968398
KNYC,NBM,2026-04-11 06:00:00+00:00,2026-04-15,4,86.13391235351567,90.0,-3.8660876464843312,3.8660876464843312
KNYC,NBM,2026-04-11 12:00:00+00:00,2026-04-15,4,86.25888183593754,90.0,-3.7411181640624562,3.7411181640624562
KNYC,NBM,2026-04-11 18:00:00+00:00,2026-04-15,4,86.32765625000005,90.0,-3.6723437499999534,3.6723437499999534
KNYC,NBM,2026-04-12 00:00:00+00:00,2026-04-15,4,86.05442626953129,90.0,-3.945573730468709,3.945573730468709
KNYC,NBM,2026-04-10 06:00:00+00:00,2026-04-15,5,84.47063720703129,90.0,-5.529362792968712,5.529362792968712
KNYC,NBM,2026-04-10 12:00:00+00:00,2026-04-15,5,85.60481079101567,90.0,-4.395189208984334,4.395189208984334
KNYC,NBM,2026-04-10 18:00:00+00:00,2026-04-15,5,86.10243652343755,90.0,-3.8975634765624534,3.8975634765624534
KNYC,NBM,2026-04-11 00:00:00+00:00,2026-04-15,5,86.27865722656254,90.0,-3.7213427734374562,3.7213427734374562
KNYC,NBM,2026-04-09 06:00:00+00:00,2026-04-15,6,87.19288452148442,90.0,-2.807115478515584,2.807115478515584
KNYC,NBM,2026-04-09 12:00:00+00:00,2026-04-15,6,87.05335815429692,90.0,-2.946641845703084,2.946641845703084
KNYC,NBM,2026-04-09 18:00:00+00:00,2026-04-15,6,85.51812866210942,90.0,-4.481871337890581,4.481871337890581
KNYC,NBM,2026-04-10 00:00:00+00:00,2026-04-15,6,85.98631103515629,90.0,-4.013688964843709,4.013688964843709
KNYC,NBM,2026-04-08 06:00:00+00:00,2026-04-15,7,88.75162475585941,90.0,-1.2483752441405898,1.2483752441405898
KNYC,NBM,2026-04-08 12:00:00+00:00,2026-04-15,7,87.75005615234379,90.0,-2.249943847656212,2.249943847656212
KNYC,NBM,2026-04-08 18:00:00+00:00,2026-04-15,7,88.04448974609379,90.0,-1.955510253906212,1.955510253906212
KNYC,NBM,2026-04-09 00:00:00+00:00,2026-04-15,7,87.81295288085941,90.0,-2.187047119140587,2.187047119140587
KMDW,HRRR,2026-04-16 06:00:00+00:00,2026-04-16,0,71.11483276367191,74.0,-2.885167236328087,2.885167236328087
KMDW,HRRR,2026-04-16 12:00:00+00:00,2026-04-16,0,71.65915039062504,74.0,-2.3408496093749562,2.3408496093749562
KMDW,HRRR,2026-04-16 18:00:00+00:00,2026-04-16,0,69.03105590820317,74.0,-4.968944091796828,4.968944091796828
KMDW,HRRR,2026-04-17 00:00:00+00:00,2026-04-16,0,57.21948974609379,74.0,-16.780510253906208,16.780510253906208
KMDW,NBM,2026-04-16 12:00:00+00:00,2026-04-16,0,74.4003491210938,74.0,0.4003491210937966,0.4003491210937966
KMDW,HRRR,2026-04-15 06:00:00+00:00,2026-04-16,1,68.18115356445317,74.0,-5.818846435546831,5.818846435546831
KMDW,HRRR,2026-04-15 12:00:00+00:00,2026-04-16,1,65.45907104492191,74.0,-8.540928955078087,8.540928955078087
KMDW,HRRR,2026-04-15 18:00:00+00:00,2026-04-16,1,66.03343627929692,74.0,-7.966563720703078,7.966563720703078
KMDW,HRRR,2026-04-16 00:00:00+00:00,2026-04-16,1,71.66678588867191,74.0,-2.3332141113280898,2.3332141113280898
KMDW,NBM,2026-04-15 12:00:00+00:00,2026-04-16,1,74.11157348632817,74.0,0.11157348632816877,0.11157348632816877
KMDW,HRRR,2026-04-14 06:00:00+00:00,2026-04-16,2,63.69812744140629,74.0,-10.301872558593708,10.301872558593708
KMDW,HRRR,2026-04-14 12:00:00+00:00,2026-04-16,2,65.65248535156255,74.0,-8.347514648437453,8.347514648437453
KMDW,HRRR,2026-04-14 18:00:00+00:00,2026-04-16,2,63.24735839843754,74.0,-10.752641601562459,10.752641601562459
KMDW,HRRR,2026-04-15 00:00:00+00:00,2026-04-16,2,65.92675903320317,74.0,-8.073240966796831,8.073240966796831
KMIA,HRRR,2026-04-16 06:00:00+00:00,2026-04-16,0,81.40100219726567,81.0,0.40100219726566877,0.40100219726566877
KMIA,HRRR,2026-04-16 12:00:00+00:00,2026-04-16,0,82.12165039062504,81.0,1.1216503906250352,1.1216503906250352
KMIA,HRRR,2026-04-16 18:00:00+00:00,2026-04-16,0,82.22288940429692,81.0,1.2228894042969216,1.2228894042969216
KMIA,HRRR,2026-04-17 00:00:00+00:00,2026-04-16,0,73.7569897460938,81.0,-7.243010253906206,7.243010253906206
KMIA,NBM,2026-04-16 12:00:00+00:00,2026-04-16,0,82.3203930664063,81.0,1.3203930664062966,1.3203930664062966
KMIA,HRRR,2026-04-15 06:00:00+00:00,2026-04-16,1,79.19703491210942,81.0,-1.802965087890584,1.802965087890584
KMIA,HRRR,2026-04-15 12:00:00+00:00,2026-04-16,1,80.30357788085942,81.0,-0.6964221191405784,0.6964221191405784
KMIA,HRRR,2026-04-15 18:00:00+00:00,2026-04-16,1,80.17937744140629,81.0,-0.8206225585937119,0.8206225585937119
KMIA,HRRR,2026-04-16 00:00:00+00:00,2026-04-16,1,82.22063720703129,81.0,1.220637207031288,1.220637207031288
KMIA,NBM,2026-04-15 12:00:00+00:00,2026-04-16,1,82.75155151367191,81.0,1.751551513671913,1.751551513671913
KMIA,HRRR,2026-04-14 06:00:00+00:00,2026-04-16,2,70.67669799804692,81.0,-10.323302001953081,10.323302001953081
KMIA,HRRR,2026-04-14 12:00:00+00:00,2026-04-16,2,69.10889404296879,81.0,-11.891105957031215,11.891105957031215
KMIA,HRRR,2026-04-14 18:00:00+00:00,2026-04-16,2,80.22502563476567,81.0,-0.7749743652343284,0.7749743652343284
KMIA,HRRR,2026-04-15 00:00:00+00:00,2026-04-16,2,80.2103588867188,81.0,-0.7896411132812062,0.7896411132812062
KNYC,HRRR,2026-04-16 06:00:00+00:00,2026-04-16,0,89.17921264648442,89.0,0.17921264648441593,0.17921264648441593
KNYC,HRRR,2026-04-16 12:00:00+00:00,2026-04-16,0,90.06410644531255,89.0,1.0641064453125466,1.0641064453125466
KNYC,HRRR,2026-04-16 18:00:00+00:00,2026-04-16,0,89.31038940429691,89.0,0.3103894042969131,0.3103894042969131
KNYC,HRRR,2026-04-17 00:00:00+00:00,2026-04-16,0,74.99448974609379,89.0,-14.005510253906209,14.005510253906209
KNYC,NBM,2026-04-16 06:00:00+00:00,2026-04-16,0,91.0995678710938,89.0,2.0995678710937966,2.0995678710937966
KNYC,NBM,2026-04-16 12:00:00+00:00,2026-04-16,0,89.52039306640629,89.0,0.5203930664062852,0.5203930664062852
KNYC,HRRR,2026-04-15 06:00:00+00:00,2026-04-16,1,89.29517333984379,89.0,0.29517333984378524,0.29517333984378524
KNYC,HRRR,2026-04-15 12:00:00+00:00,2026-04-16,1,88.17182128906254,89.0,-0.8281787109374648,0.8281787109374648
KNYC,HRRR,2026-04-15 18:00:00+00:00,2026-04-16,1,89.4949047851563,89.0,0.49490478515629377,0.49490478515629377
KNYC,HRRR,2026-04-16 00:00:00+00:00,2026-04-16,1,90.02093017578129,89.0,1.020930175781288,1.020930175781288
KNYC,NBM,2026-04-15 06:00:00+00:00,2026-04-16,1,89.20063598632817,89.0,0.20063598632816593,0.20063598632816593
KNYC,NBM,2026-04-15 12:00:00+00:00,2026-04-16,1,89.95155151367192,89.0,0.9515515136719159,0.9515515136719159
KNYC,NBM,2026-04-15 18:00:00+00:00,2026-04-16,1,90.21725585937504,89.0,1.2172558593750438,1.2172558593750438
KNYC,NBM,2026-04-16 00:00:00+00:00,2026-04-16,1,89.76428955078129,89.0,0.7642895507812852,0.7642895507812852
KNYC,HRRR,2026-04-14 06:00:00+00:00,2026-04-16,2,69.32312744140629,89.0,-19.676872558593715,19.676872558593715
KNYC,HRRR,2026-04-14 12:00:00+00:00,2026-04-16,2,68.76820800781255,89.0,-20.231791992187453,20.231791992187453
KNYC,HRRR,2026-04-14 18:00:00+00:00,2026-04-16,2,85.51252563476567,89.0,-3.487474365234334,3.487474365234334
KNYC,HRRR,2026-04-15 00:00:00+00:00,2026-04-16,2,88.40857666015629,89.0,-0.5914233398437148,0.5914233398437148
KNYC,NBM,2026-04-14 06:00:00+00:00,2026-04-16,2,89.64190185546879,89.0,0.6419018554687881,0.6419018554687881
KNYC,NBM,2026-04-14 12:00:00+00:00,2026-04-16,2,89.51616333007817,89.0,0.5161633300781716,0.5161633300781716
KNYC,NBM,2026-04-14 18:00:00+00:00,2026-04-16,2,88.82556274414067,89.0,-0.17443725585933123,0.17443725585933123
KNYC,NBM,2026-04-15 00:00:00+00:00,2026-04-16,2,90.29981811523442,89.0,1.299818115234416,1.299818115234416
KNYC,NBM,2026-04-13 06:00:00+00:00,2026-04-16,3,86.3062329101563,89.0,-2.6937670898437034,2.6937670898437034
KNYC,NBM,2026-04-13 12:00:00+00:00,2026-04-16,3,86.30930908203129,89.0,-2.690690917968709,2.690690917968709
KNYC,NBM,2026-04-13 18:00:00+00:00,2026-04-16,3,88.15270507812504,89.0,-0.8472949218749619,0.8472949218749619
KNYC,NBM,2026-04-14 00:00:00+00:00,2026-04-16,3,88.28657348632817,89.0,-0.7134265136718341,0.7134265136718341
KNYC,NBM,2026-04-12 06:00:00+00:00,2026-04-16,4,85.84112670898442,89.0,-3.1588732910155812,3.1588732910155812
KNYC,NBM,2026-04-12 12:00:00+00:00,2026-04-16,4,86.63829467773442,89.0,-2.3617053222655784,2.3617053222655784
KNYC,NBM,2026-04-12 18:00:00+00:00,2026-04-16,4,84.66657836914067,89.0,-4.333421630859334,4.333421630859334
KNYC,NBM,2026-04-13 00:00:00+00:00,2026-04-16,4,84.86724365234379,89.0,-4.132756347656212,4.132756347656212
KNYC,NBM,2026-04-11 06:00:00+00:00,2026-04-16,5,86.58869140625004,89.0,-2.4113085937499648,2.4113085937499648
KNYC,NBM,2026-04-11 12:00:00+00:00,2026-04-16,5,86.55474365234379,89.0,-2.445256347656212,2.445256347656212
KNYC,NBM,2026-04-11 18:00:00+00:00,2026-04-16,5,86.55518310546879,89.0,-2.4448168945312148,2.4448168945312148
KNYC,NBM,2026-04-12 00:00:00+00:00,2026-04-16,5,84.9992993164063,89.0,-4.000700683593706,4.000700683593706
KNYC,NBM,2026-04-10 06:00:00+00:00,2026-04-16,6,83.95032470703129,89.0,-5.049675292968715,5.049675292968715
KNYC,NBM,2026-04-10 12:00:00+00:00,2026-04-16,6,85.6481518554688,89.0,-3.3518481445312034,3.3518481445312034
KNYC,NBM,2026-04-10 18:00:00+00:00,2026-04-16,6,85.54900024414067,89.0,-3.4509997558593284,3.4509997558593284
KNYC,NBM,2026-04-11 00:00:00+00:00,2026-04-16,6,86.00290039062504,89.0,-2.9970996093749562,2.9970996093749562
KNYC,NBM,2026-04-09 06:00:00+00:00,2026-04-16,7,84.86070678710942,89.0,-4.139293212890578,4.139293212890578
KNYC,NBM,2026-04-09 12:00:00+00:00,2026-04-16,7,84.42476928710941,89.0,-4.575230712890587,4.575230712890587
KNYC,NBM,2026-04-09 18:00:00+00:00,2026-04-16,7,83.7853100585938,89.0,-5.214689941406206,5.214689941406206
KNYC,NBM,2026-04-10 00:00:00+00:00,2026-04-16,7,84.52924926757817,89.0,-4.470750732421834,4.470750732421834
KMDW,HRRR,2026-04-17 06:00:00+00:00,2026-04-17,0,81.58244140625004,82.0,-0.4175585937499591,0.4175585937499591
KMDW,HRRR,2026-04-17 12:00:00+00:00,2026-04-17,0,82.40218627929691,82.0,0.4021862792969131,0.4021862792969131
KMDW,HRRR,2026-04-17 18:00:00+00:00,2026-04-17,0,83.05274169921879,82.0,1.0527416992187852,1.0527416992187852
KMDW,HRRR,2026-04-18 00:00:00+00:00,2026-04-17,0,72.88939941406254,82.0,-9.110600585937462,9.110600585937462
KMDW,NBM,2026-04-17 12:00:00+00:00,2026-04-17,0,82.81560180664067,82.0,0.8156018066406716,0.8156018066406716
KMDW,HRRR,2026-04-16 06:00:00+00:00,2026-04-17,1,82.22893188476567,82.0,0.2289318847656716,0.2289318847656716
KMDW,HRRR,2026-04-16 12:00:00+00:00,2026-04-17,1,83.23868530273441,82.0,1.2386853027344102,1.2386853027344102
KMDW,HRRR,2026-04-16 18:00:00+00:00,2026-04-17,1,83.60919921875004,82.0,1.6091992187500352,1.6091992187500352
KMDW,HRRR,2026-04-17 00:00:00+00:00,2026-04-17,1,82.93134277343754,82.0,0.9313427734375352,0.9313427734375352
KMDW,NBM,2026-04-16 12:00:00+00:00,2026-04-17,1,83.11525390625005,82.0,1.1152539062500466,1.1152539062500466
KMDW,HRRR,2026-04-15 06:00:00+00:00,2026-04-17,2,49.52505004882816,82.0,-32.47494995117184,32.47494995117184
KMDW,HRRR,2026-04-15 12:00:00+00:00,2026-04-17,2,53.54719970703129,82.0,-28.45280029296871,28.45280029296871
KMDW,HRRR,2026-04-15 18:00:00+00:00,2026-04-17,2,73.45409667968754,82.0,-8.545903320312462,8.545903320312462
KMDW,HRRR,2026-04-16 00:00:00+00:00,2026-04-17,2,82.90288818359379,82.0,0.9028881835937881,0.9028881835937881
KMIA,HRRR,2026-04-17 06:00:00+00:00,2026-04-17,0,83.89209716796879,85.0,-1.1079028320312148,1.1079028320312148
KMIA,HRRR,2026-04-17 12:00:00+00:00,2026-04-17,0,83.5238354492188,85.0,-1.4761645507812062,1.4761645507812062
KMIA,HRRR,2026-04-17 18:00:00+00:00,2026-04-17,0,83.64441040039067,85.0,-1.3555895996093312,1.3555895996093312
KMIA,HRRR,2026-04-18 00:00:00+00:00,2026-04-17,0,77.05189941406255,85.0,-7.948100585937453,7.948100585937453
KMIA,NBM,2026-04-17 12:00:00+00:00,2026-04-17,0,84.25557983398441,85.0,-0.7444201660155869,0.7444201660155869
KMIA,HRRR,2026-04-16 06:00:00+00:00,2026-04-17,1,83.80761230468754,85.0,-1.192387695312462,1.192387695312462
KMIA,HRRR,2026-04-16 12:00:00+00:00,2026-04-17,1,83.42050903320316,85.0,-1.5794909667968398,1.5794909667968398
KMIA,HRRR,2026-04-16 18:00:00+00:00,2026-04-17,1,84.12182128906254,85.0,-0.8781787109374619,0.8781787109374619
KMIA,HRRR,2026-04-17 00:00:00+00:00,2026-04-17,1,79.89384277343754,85.0,-5.106157226562459,5.106157226562459
KMIA,NBM,2026-04-16 12:00:00+00:00,2026-04-17,1,84.55523193359379,85.0,-0.4447680664062119,0.4447680664062119
KMIA,HRRR,2026-04-15 06:00:00+00:00,2026-04-17,2,67.12377441406254,85.0,-17.876225585937462,17.876225585937462
KMIA,HRRR,2026-04-15 12:00:00+00:00,2026-04-17,2,71.6080639648438,85.0,-13.391936035156206,13.391936035156206
KMIA,HRRR,2026-04-15 18:00:00+00:00,2026-04-17,2,79.03405273437504,85.0,-5.965947265624962,5.965947265624962
KMIA,HRRR,2026-04-16 00:00:00+00:00,2026-04-17,2,80.8778881835938,85.0,-4.122111816406203,4.122111816406203
KNYC,HRRR,2026-04-17 06:00:00+00:00,2026-04-17,0,78.30565917968754,81.0,-2.694340820312462,2.694340820312462
KNYC,HRRR,2026-04-17 12:00:00+00:00,2026-04-17,0,77.11133544921879,81.0,-3.8886645507812148,3.8886645507812148
KNYC,HRRR,2026-04-17 18:00:00+00:00,2026-04-17,0,76.61392944335941,81.0,-4.38607055664059,4.38607055664059
KNYC,HRRR,2026-04-18 00:00:00+00:00,2026-04-17,0,66.81439941406254,81.0,-14.185600585937465,14.185600585937465
KNYC,NBM,2026-04-17 06:00:00+00:00,2026-04-17,0,82.68711669921879,81.0,1.687116699218791,1.687116699218791
KNYC,NBM,2026-04-17 12:00:00+00:00,2026-04-17,0,81.3755688476563,81.0,0.3755688476562966,0.3755688476562966
KNYC,HRRR,2026-04-16 06:00:00+00:00,2026-04-17,1,77.50761230468754,81.0,-3.492387695312459,3.492387695312459
KNYC,HRRR,2026-04-16 12:00:00+00:00,2026-04-17,1,77.16676147460942,81.0,-3.833238525390584,3.833238525390584
KNYC,HRRR,2026-04-16 18:00:00+00:00,2026-04-17,1,76.80932128906254,81.0,-4.190678710937462,4.190678710937462
KNYC,HRRR,2026-04-17 00:00:00+00:00,2026-04-17,1,75.72595947265629,81.0,-5.274040527343715,5.274040527343715
KNYC,NBM,2026-04-16 06:00:00+00:00,2026-04-17,1,83.18254516601567,81.0,2.1825451660156716,2.1825451660156716
KNYC,NBM,2026-04-16 12:00:00+00:00,2026-04-17,1,81.67527587890629,81.0,0.6752758789062909,0.6752758789062909
KNYC,NBM,2026-04-16 18:00:00+00:00,2026-04-17,1,80.79966552734379,81.0,-0.20033447265620907,0.20033447265620907
KNYC,NBM,2026-04-17 00:00:00+00:00,2026-04-17,1,81.39331176757817,81.0,0.39331176757816877,0.39331176757816877
KNYC,HRRR,2026-04-15 06:00:00+00:00,2026-04-17,2,71.39877441406254,81.0,-9.601225585937456,9.601225585937456
KNYC,HRRR,2026-04-15 12:00:00+00:00,2026-04-17,2,70.67147949218754,81.0,-10.328520507812456,10.328520507812456
KNYC,HRRR,2026-04-15 18:00:00+00:00,2026-04-17,2,75.40186279296879,81.0,-5.598137207031215,5.598137207031215
KNYC,HRRR,2026-04-16 00:00:00+00:00,2026-04-17,2,79.41582763671879,81.0,-1.584172363281212,1.584172363281212
KNYC,NBM,2026-04-15 06:00:00+00:00,2026-04-17,2,82.13494384765629,81.0,1.134943847656288,1.134943847656288
KNYC,NBM,2026-04-15 12:00:00+00:00,2026-04-17,2,82.5043041992188,81.0,1.5043041992187938,1.5043041992187938
KNYC,NBM,2026-04-15 18:00:00+00:00,2026-04-17,2,82.17493408203129,81.0,1.1749340820312852,1.1749340820312852
KNYC,NBM,2026-04-16 00:00:00+00:00,2026-04-17,2,81.95240600585942,81.0,0.9524060058594159,0.9524060058594159
KNYC,NBM,2026-04-14 06:00:00+00:00,2026-04-17,3,81.38051269531255,81.0,0.3805126953125466,0.3805126953125466
KNYC,NBM,2026-04-14 12:00:00+00:00,2026-04-17,3,80.7981274414063,81.0,-0.20187255859370623,0.20187255859370623
KNYC,NBM,2026-04-14 18:00:00+00:00,2026-04-17,3,82.39048583984379,81.0,1.390485839843791,1.390485839843791
KNYC,NBM,2026-04-15 00:00:00+00:00,2026-04-17,3,82.48430908203129,81.0,1.484309082031288,1.484309082031288
KNYC,NBM,2026-04-13 06:00:00+00:00,2026-04-17,4,82.49337280273441,81.0,1.493372802734413,1.493372802734413
KNYC,NBM,2026-04-13 12:00:00+00:00,2026-04-17,4,83.62073486328129,81.0,2.6207348632812852,2.6207348632812852
KNYC,NBM,2026-04-13 18:00:00+00:00,2026-04-17,4,81.51454589843755,81.0,0.5145458984375466,0.5145458984375466
KNYC,NBM,2026-04-14 00:00:00+00:00,2026-04-17,4,81.97783935546879,81.0,0.9778393554687881,0.9778393554687881
KNYC,NBM,2026-04-12 06:00:00+00:00,2026-04-17,5,82.73084228515629,81.0,1.7308422851562852,1.7308422851562852
KNYC,NBM,2026-04-12 12:00:00+00:00,2026-04-17,5,83.85254638671879,81.0,2.8525463867187852,2.8525463867187852
KNYC,NBM,2026-04-12 18:00:00+00:00,2026-04-17,5,83.05367553710941,81.0,2.053675537109413,2.053675537109413
KNYC,NBM,2026-04-13 00:00:00+00:00,2026-04-17,5,82.65531127929691,81.0,1.6553112792969102,1.6553112792969102
KNYC,NBM,2026-04-11 06:00:00+00:00,2026-04-17,6,79.60188110351567,81.0,-1.398118896484334,1.398118896484334
KNYC,NBM,2026-04-11 12:00:00+00:00,2026-04-17,6,80.9343579101563,81.0,-0.06564208984370623,0.06564208984370623
KNYC,NBM,2026-04-11 18:00:00+00:00,2026-04-17,6,83.25510986328129,81.0,2.255109863281291,2.255109863281291
KNYC,NBM,2026-04-12 00:00:00+00:00,2026-04-17,6,83.44852416992191,81.0,2.4485241699219102,2.4485241699219102
KNYC,NBM,2026-04-10 06:00:00+00:00,2026-04-17,7,81.81205566406254,81.0,0.8120556640625409,0.8120556640625409
KNYC,NBM,2026-04-10 12:00:00+00:00,2026-04-17,7,82.21783569335942,81.0,1.2178356933594188,1.2178356933594188
KNYC,NBM,2026-04-10 18:00:00+00:00,2026-04-17,7,83.0250561523438,81.0,2.0250561523437938,2.0250561523437938
KNYC,NBM,2026-04-11 00:00:00+00:00,2026-04-17,7,81.10651367187504,81.0,0.10651367187503524,0.10651367187503524
KMDW,HRRR,2026-04-18 06:00:00+00:00,2026-04-18,0,61.533601074218794,63.0,-1.4663989257812062,1.4663989257812062
KMDW,HRRR,2026-04-18 12:00:00+00:00,2026-04-18,0,46.89766967773441,63.0,-16.102330322265587,16.102330322265587
KMDW,HRRR,2026-04-18 18:00:00+00:00,2026-04-18,0,48.13000610351567,63.0,-14.869993896484331,14.869993896484331
KMDW,HRRR,2026-04-19 00:00:00+00:00,2026-04-18,0,42.32993896484379,63.0,-20.67006103515621,20.67006103515621
KMDW,NBM,2026-04-18 12:00:00+00:00,2026-04-18,0,52.904938964843794,63.0,-10.095061035156206,10.095061035156206
KMDW,HRRR,2026-04-17 06:00:00+00:00,2026-04-18,1,61.95426757812504,63.0,-1.045732421874959,1.045732421874959
KMDW,HRRR,2026-04-17 12:00:00+00:00,2026-04-18,1,62.198823242187544,63.0,-0.8011767578124562,0.8011767578124562
KMDW,HRRR,2026-04-17 18:00:00+00:00,2026-04-18,1,61.475922851562544,63.0,-1.5240771484374562,1.5240771484374562
KMDW,HRRR,2026-04-18 00:00:00+00:00,2026-04-18,1,62.27726562500004,63.0,-0.7227343749999591,0.7227343749999591
KMDW,NBM,2026-04-17 12:00:00+00:00,2026-04-18,1,54.128815917968794,63.0,-8.871184082031206,8.871184082031206
KMDW,HRRR,2026-04-16 06:00:00+00:00,2026-04-18,2,60.78729980468754,63.0,-2.2127001953124577,2.2127001953124577
KMDW,HRRR,2026-04-16 12:00:00+00:00,2026-04-18,2,62.50984619140629,63.0,-0.4901538085937105,0.4901538085937105
KMDW,HRRR,2026-04-16 18:00:00+00:00,2026-04-18,2,60.32021606445316,63.0,-2.679783935546837,2.679783935546837
KMDW,HRRR,2026-04-17 00:00:00+00:00,2026-04-18,2,63.09865844726566,63.0,0.09865844726566309,0.09865844726566309
KMIA,HRRR,2026-04-18 06:00:00+00:00,2026-04-18,0,84.48502929687504,85.0,-0.5149707031249591,0.5149707031249591
KMIA,HRRR,2026-04-18 12:00:00+00:00,2026-04-18,0,84.50980346679691,85.0,-0.49019653320308976,0.49019653320308976
KMIA,HRRR,2026-04-18 18:00:00+00:00,2026-04-18,0,83.45500610351567,85.0,-1.5449938964843284,1.5449938964843284
KMIA,HRRR,2026-04-19 00:00:00+00:00,2026-04-18,0,77.20493896484379,85.0,-7.795061035156209,7.795061035156209
KMIA,NBM,2026-04-18 12:00:00+00:00,2026-04-18,0,85.30493896484379,85.0,0.30493896484378524,0.30493896484378524
KMIA,HRRR,2026-04-17 06:00:00+00:00,2026-04-18,1,84.75512817382817,85.0,-0.24487182617183123,0.24487182617183123
KMIA,HRRR,2026-04-17 12:00:00+00:00,2026-04-18,1,85.20084350585941,85.0,0.20084350585941024,0.20084350585941024
KMIA,HRRR,2026-04-17 18:00:00+00:00,2026-04-18,1,85.47094238281254,85.0,0.4709423828125381,0.4709423828125381
KMIA,HRRR,2026-04-18 00:00:00+00:00,2026-04-18,1,84.69992187500004,85.0,-0.30007812499995623,0.30007812499995623
KMIA,NBM,2026-04-17 12:00:00+00:00,2026-04-18,1,85.80882690429692,85.0,0.8088269042969216,0.8088269042969216
KMIA,HRRR,2026-04-16 06:00:00+00:00,2026-04-18,2,71.1576245117188,85.0,-13.842375488281206,13.842375488281206
KMIA,HRRR,2026-04-16 12:00:00+00:00,2026-04-18,2,70.51442993164066,85.0,-14.485570068359337,14.485570068359337
KMIA,HRRR,2026-04-16 18:00:00+00:00,2026-04-18,2,83.37963989257817,85.0,-1.6203601074218312,1.6203601074218312
KMIA,HRRR,2026-04-17 00:00:00+00:00,2026-04-18,2,84.2012524414063,85.0,-0.7987475585937034,0.7987475585937034
KNYC,HRRR,2026-04-18 06:00:00+00:00,2026-04-18,0,66.96029785156254,66.0,0.9602978515625438,0.9602978515625438
KNYC,HRRR,2026-04-18 12:00:00+00:00,2026-04-18,0,65.4809887695313,66.0,-0.5190112304687062,0.5190112304687062
KNYC,HRRR,2026-04-18 18:00:00+00:00,2026-04-18,0,64.26156127929691,66.0,-1.738438720703087,1.738438720703087
KNYC,HRRR,2026-04-18 19:00:00+00:00,2026-04-18,0,62.91260498046879,66.0,-3.0873950195312077,3.0873950195312077
KNYC,HRRR,2026-04-19 00:00:00+00:00,2026-04-18,0,50.654938964843794,66.0,-15.345061035156206,15.345061035156206
KNYC,NBM,2026-04-18 06:00:00+00:00,2026-04-18,0,70.28948486328129,66.0,4.289484863281288,4.289484863281288
KNYC,NBM,2026-04-18 12:00:00+00:00,2026-04-18,0,68.74491699218754,66.0,2.744916992187541,2.744916992187541
KNYC,HRRR,2026-04-17 06:00:00+00:00,2026-04-18,1,66.54369628906254,66.0,0.5436962890625381,0.5436962890625381
KNYC,HRRR,2026-04-17 12:00:00+00:00,2026-04-18,1,63.72471435546879,66.0,-2.275285644531209,2.275285644531209
KNYC,HRRR,2026-04-17 18:00:00+00:00,2026-04-18,1,64.35340698242192,66.0,-1.646593017578084,1.646593017578084
KNYC,HRRR,2026-04-18 00:00:00+00:00,2026-04-18,1,67.59992187500004,66.0,1.5999218750000352,1.5999218750000352
KNYC,NBM,2026-04-17 06:00:00+00:00,2026-04-18,1,70.7133374023438,66.0,4.713337402343797,4.713337402343797
KNYC,NBM,2026-04-17 12:00:00+00:00,2026-04-18,1,69.2488598632813,66.0,3.2488598632812966,3.2488598632812966
KNYC,NBM,2026-04-17 18:00:00+00:00,2026-04-18,1,68.25492675781254,66.0,2.254926757812541,2.254926757812541
KNYC,NBM,2026-04-18 00:00:00+00:00,2026-04-18,1,68.85802124023442,66.0,2.8580212402344216,2.8580212402344216
KNYC,HRRR,2026-04-16 06:00:00+00:00,2026-04-18,2,61.48262451171879,66.0,-4.5173754882812105,4.5173754882812105
KNYC,HRRR,2026-04-16 12:00:00+00:00,2026-04-18,2,56.114429931640665,66.0,-9.885570068359335,9.885570068359335
KNYC,HRRR,2026-04-16 18:00:00+00:00,2026-04-18,2,61.69790161132816,66.0,-4.302098388671837,4.302098388671837
KNYC,HRRR,2026-04-17 00:00:00+00:00,2026-04-18,2,62.18992431640629,66.0,-3.810075683593709,3.810075683593709
KNYC,NBM,2026-04-16 06:00:00+00:00,2026-04-18,2,70.02130859375004,66.0,4.021308593750035,4.021308593750035
KNYC,NBM,2026-04-16 12:00:00+00:00,2026-04-18,2,69.14948852539067,66.0,3.149488525390666,3.149488525390666
KNYC,NBM,2026-04-17 00:00:00+00:00,2026-04-18,2,69.36729248046879,66.0,3.367292480468791,3.367292480468791
KNYC,NBM,2026-04-15 06:00:00+00:00,2026-04-18,3,69.5448315429688,66.0,3.5448315429687938,3.5448315429687938
KNYC,NBM,2026-04-15 12:00:00+00:00,2026-04-18,3,69.40843627929692,66.0,3.4084362792969216,3.4084362792969216
KNYC,NBM,2026-04-15 18:00:00+00:00,2026-04-18,3,69.92424438476567,66.0,3.9242443847656716,3.9242443847656716
KNYC,NBM,2026-04-16 00:00:00+00:00,2026-04-18,3,70.1409497070313,66.0,4.140949707031297,4.140949707031297
KNYC,NBM,2026-04-14 06:00:00+00:00,2026-04-18,4,71.97368896484379,66.0,5.973688964843788,5.973688964843788
KNYC,NBM,2026-04-14 12:00:00+00:00,2026-04-18,4,71.1598217773438,66.0,5.159821777343794,5.159821777343794
KNYC,NBM,2026-04-14 18:00:00+00:00,2026-04-18,4,72.00033081054691,66.0,6.000330810546913,6.000330810546913
KNYC,NBM,2026-04-15 00:00:00+00:00,2026-04-18,4,71.00727661132817,66.0,5.007276611328166,5.007276611328166
KNYC,NBM,2026-04-13 06:00:00+00:00,2026-04-18,5,74.4355053710938,66.0,8.435505371093797,8.435505371093797
KNYC,NBM,2026-04-13 12:00:00+00:00,2026-04-18,5,73.44810913085942,66.0,7.448109130859422,7.448109130859422
KNYC,NBM,2026-04-13 18:00:00+00:00,2026-04-18,5,73.30633056640629,66.0,7.306330566406288,7.306330566406288
KNYC,NBM,2026-04-14 00:00:00+00:00,2026-04-18,5,73.10791748046879,66.0,7.107917480468785,7.107917480468785
KNYC,NBM,2026-04-12 06:00:00+00:00,2026-04-18,6,79.13880737304692,66.0,13.138807373046916,13.138807373046916
KNYC,NBM,2026-04-12 12:00:00+00:00,2026-04-18,6,77.48877075195317,66.0,11.488770751953169,11.488770751953169
KNYC,NBM,2026-04-12 18:00:00+00:00,2026-04-18,6,79.20615356445316,66.0,13.20615356445316,13.20615356445316
KNYC,NBM,2026-04-13 00:00:00+00:00,2026-04-18,6,74.95098388671879,66.0,8.950983886718788,8.950983886718788
KNYC,NBM,2026-04-11 06:00:00+00:00,2026-04-18,7,78.07379272460942,66.0,12.073792724609419,12.073792724609419
KNYC,NBM,2026-04-11 12:00:00+00:00,2026-04-18,7,78.54406250000004,66.0,12.544062500000038,12.544062500000038
KNYC,NBM,2026-04-11 18:00:00+00:00,2026-04-18,7,79.13858764648441,66.0,13.13858764648441,13.13858764648441
KNYC,NBM,2026-04-12 00:00:00+00:00,2026-04-18,7,78.72242553710942,66.0,12.722425537109416,12.722425537109416
KMDW,HRRR,2026-04-19 06:00:00+00:00,2026-04-19,0,47.899567871093794,51.0,-3.1004321289062062,3.1004321289062062
KMDW,HRRR,2026-04-19 12:00:00+00:00,2026-04-19,0,50.20076416015629,51.0,-0.7992358398437105,0.7992358398437105
KMDW,HRRR,2026-04-19 18:00:00+00:00,2026-04-19,0,49.88287475585942,51.0,-1.1171252441405812,1.1171252441405812
KMDW,HRRR,2026-04-20 00:00:00+00:00,2026-04-19,0,42.635633544921916,51.0,-8.364366455078084,8.364366455078084
KMDW,NBM,2026-04-19 12:00:00+00:00,2026-04-19,0,50.32414062500004,51.0,-0.6758593749999591,0.6758593749999591
KMDW,HRRR,2026-04-18 06:00:00+00:00,2026-04-19,1,48.336823730468794,51.0,-2.6631762695312062,2.6631762695312062
KMDW,HRRR,2026-04-18 12:00:00+00:00,2026-04-19,1,47.65797851562504,51.0,-3.3420214843749605,3.3420214843749605
KMDW,HRRR,2026-04-18 18:00:00+00:00,2026-04-19,1,46.74391601562504,51.0,-4.2560839843749605,4.2560839843749605
KMDW,HRRR,2026-04-19 00:00:00+00:00,2026-04-19,1,47.36283081054692,51.0,-3.6371691894530827,3.6371691894530827
KMDW,NBM,2026-04-18 12:00:00+00:00,2026-04-19,1,50.48877075195317,51.0,-0.5112292480468312,0.5112292480468312
KMDW,HRRR,2026-04-17 06:00:00+00:00,2026-04-19,2,33.053742675781294,51.0,-17.946257324218706,17.946257324218706
KMDW,HRRR,2026-04-17 12:00:00+00:00,2026-04-19,2,33.18623779296879,51.0,-17.81376220703121,17.81376220703121
KMDW,HRRR,2026-04-17 18:00:00+00:00,2026-04-19,2,44.554066162109415,51.0,-6.4459338378905855,6.4459338378905855
KMDW,HRRR,2026-04-18 00:00:00+00:00,2026-04-19,2,47.92401245117192,51.0,-3.0759875488280812,3.0759875488280812
KMIA,HRRR,2026-04-19 06:00:00+00:00,2026-04-19,0,84.16038330078129,88.0,-3.839616699218709,3.839616699218709
KMIA,HRRR,2026-04-19 12:00:00+00:00,2026-04-19,0,85.30076416015629,88.0,-2.699235839843709,2.699235839843709
KMIA,HRRR,2026-04-19 18:00:00+00:00,2026-04-19,0,85.32762573242192,88.0,-2.6723742675780784,2.6723742675780784
KMIA,HRRR,2026-04-20 00:00:00+00:00,2026-04-19,0,78.52313354492192,88.0,-9.476866455078081,9.476866455078081
KMIA,NBM,2026-04-19 12:00:00+00:00,2026-04-19,0,86.32414062500004,88.0,-1.675859374999959,1.675859374999959
KMIA,HRRR,2026-04-18 06:00:00+00:00,2026-04-19,1,81.25686157226566,88.0,-6.743138427734337,6.743138427734337
KMIA,HRRR,2026-04-18 12:00:00+00:00,2026-04-19,1,83.97548339843755,88.0,-4.024516601562453,4.024516601562453
KMIA,HRRR,2026-04-18 18:00:00+00:00,2026-04-19,1,82.17350585937504,88.0,-5.826494140624959,5.826494140624959
KMIA,HRRR,2026-04-19 00:00:00+00:00,2026-04-19,1,85.70094116210942,88.0,-2.299058837890584,2.299058837890584
KMIA,NBM,2026-04-18 12:00:00+00:00,2026-04-19,1,86.48877075195317,88.0,-1.5112292480468312,1.5112292480468312
KMIA,HRRR,2026-04-17 06:00:00+00:00,2026-04-19,2,73.73765380859379,88.0,-14.262346191406209,14.262346191406209
KMIA,HRRR,2026-04-17 12:00:00+00:00,2026-04-19,2,71.97220581054691,88.0,-16.02779418945309,16.02779418945309
KMIA,HRRR,2026-04-17 18:00:00+00:00,2026-04-19,2,86.51656616210941,88.0,-1.483433837890587,1.483433837890587
KMIA,HRRR,2026-04-18 00:00:00+00:00,2026-04-19,2,85.96395385742191,88.0,-2.036046142578087,2.036046142578087
KNYC,HRRR,2026-04-19 06:00:00+00:00,2026-04-19,0,50.483167724609416,53.0,-2.516832275390584,2.516832275390584
KNYC,HRRR,2026-04-19 12:00:00+00:00,2026-04-19,0,50.50398681640629,53.0,-2.4960131835937105,2.4960131835937105
KNYC,HRRR,2026-04-19 18:00:00+00:00,2026-04-19,0,47.19512451171879,53.0,-5.804875488281212,5.804875488281212
KNYC,HRRR,2026-04-20 00:00:00+00:00,2026-04-19,0,42.86063354492192,53.0,-10.139366455078083,10.139366455078083
KNYC,NBM,2026-04-19 06:00:00+00:00,2026-04-19,0,58.41106689453129,53.0,5.411066894531288,5.411066894531288
KNYC,NBM,2026-04-19 12:00:00+00:00,2026-04-19,0,56.804151611328166,53.0,3.804151611328166,3.804151611328166
KNYC,HRRR,2026-04-18 06:00:00+00:00,2026-04-19,1,50.416920166015665,53.0,-2.5830798339843355,2.5830798339843355
KNYC,HRRR,2026-04-18 12:00:00+00:00,2026-04-19,1,51.11587036132816,53.0,-1.884129638671837,1.884129638671837
KNYC,HRRR,2026-04-18 18:00:00+00:00,2026-04-19,1,51.009962158203166,53.0,-1.990037841796834,1.990037841796834
KNYC,HRRR,2026-04-18 19:00:00+00:00,2026-04-19,1,49.60365722656254,53.0,-3.3963427734374605,3.3963427734374605
KNYC,HRRR,2026-04-19 00:00:00+00:00,2026-04-19,1,50.69262207031254,53.0,-2.307377929687462,2.307377929687462
KNYC,NBM,2026-04-18 06:00:00+00:00,2026-04-19,1,60.65315673828129,53.0,7.6531567382812895,7.6531567382812895
KNYC,NBM,2026-04-18 12:00:00+00:00,2026-04-19,1,60.56878173828129,53.0,7.568781738281288,7.568781738281288
KNYC,NBM,2026-04-18 18:00:00+00:00,2026-04-19,1,59.319141845703165,53.0,6.3191418457031645,6.3191418457031645
KNYC,NBM,2026-04-19 00:00:00+00:00,2026-04-19,1,58.08960693359379,53.0,5.089606933593792,5.089606933593792
KNYC,HRRR,2026-04-17 06:00:00+00:00,2026-04-19,2,49.18650634765629,53.0,-3.813493652343709,3.813493652343709
KNYC,HRRR,2026-04-17 12:00:00+00:00,2026-04-19,2,48.416859130859415,53.0,-4.5831408691405855,4.5831408691405855
KNYC,HRRR,2026-04-17 18:00:00+00:00,2026-04-19,2,50.16560791015629,53.0,-2.8343920898437105,2.8343920898437105
KNYC,HRRR,2026-04-18 00:00:00+00:00,2026-04-19,2,50.23575561523442,53.0,-2.7642443847655827,2.7642443847655827
KNYC,NBM,2026-04-17 06:00:00+00:00,2026-04-19,2,61.02482421875004,53.0,8.024824218750041,8.024824218750041
KNYC,NBM,2026-04-17 12:00:00+00:00,2026-04-19,2,60.12235229492192,53.0,7.122352294921917,7.122352294921917
KNYC,NBM,2026-04-17 18:00:00+00:00,2026-04-19,2,60.213428955078165,53.0,7.2134289550781645,7.2134289550781645
KNYC,NBM,2026-04-18 00:00:00+00:00,2026-04-19,2,59.71217773437504,53.0,6.7121777343750395,6.7121777343750395
KNYC,NBM,2026-04-16 06:00:00+00:00,2026-04-19,3,64.65487182617191,53.0,11.654871826171913,11.654871826171913
KNYC,NBM,2026-04-16 12:00:00+00:00,2026-04-19,3,63.40078247070316,53.0,10.400782470703163,10.400782470703163
KNYC,NBM,2026-04-16 18:00:00+00:00,2026-04-19,3,62.78395507812504,53.0,9.78395507812504,9.78395507812504
KNYC,NBM,2026-04-17 00:00:00+00:00,2026-04-19,3,61.19148681640629,53.0,8.19148681640629,8.19148681640629
KNYC,NBM,2026-04-15 06:00:00+00:00,2026-04-19,4,64.55912597656254,53.0,11.559125976562541,11.559125976562541
KNYC,NBM,2026-04-15 12:00:00+00:00,2026-04-19,4,63.72998779296879,53.0,10.729987792968792,10.729987792968792
KNYC,NBM,2026-04-15 18:00:00+00:00,2026-04-19,4,63.29641235351566,53.0,10.296412353515663,10.296412353515663
KNYC,NBM,2026-04-16 00:00:00+00:00,2026-04-19,4,63.682691650390666,53.0,10.682691650390666,10.682691650390666
KNYC,NBM,2026-04-14 06:00:00+00:00,2026-04-19,5,73.36219604492192,53.0,20.362196044921916,20.362196044921916
KNYC,NBM,2026-04-14 12:00:00+00:00,2026-04-19,5,73.1098950195313,53.0,20.109895019531294,20.109895019531294
KNYC,NBM,2026-04-14 18:00:00+00:00,2026-04-19,5,70.02833984375005,53.0,17.028339843750047,17.028339843750047
KNYC,NBM,2026-04-15 00:00:00+00:00,2026-04-19,5,68.14715087890629,53.0,15.147150878906288,15.147150878906288
KNYC,NBM,2026-04-13 06:00:00+00:00,2026-04-19,6,74.20215576171879,53.0,21.202155761718785,21.202155761718785
KNYC,NBM,2026-04-13 12:00:00+00:00,2026-04-19,6,72.35052001953129,53.0,19.350520019531288,19.350520019531288
KNYC,NBM,2026-04-13 18:00:00+00:00,2026-04-19,6,72.10211914062504,53.0,19.102119140625035,19.102119140625035
KNYC,NBM,2026-04-14 00:00:00+00:00,2026-04-19,6,73.03903320312504,53.0,20.039033203125044,20.039033203125044
KNYC,NBM,2026-04-12 06:00:00+00:00,2026-04-19,7,76.59997680664067,53.0,23.59997680664067,23.59997680664067
KNYC,NBM,2026-04-12 12:00:00+00:00,2026-04-19,7,76.6459545898438,53.0,23.645954589843797,23.645954589843797
KNYC,NBM,2026-04-12 18:00:00+00:00,2026-04-19,7,74.48296630859379,53.0,21.482966308593788,21.482966308593788
KNYC,NBM,2026-04-13 00:00:00+00:00,2026-04-19,7,75.51496704101567,53.0,22.514967041015666,22.514967041015666
KMDW,HRRR,2026-04-20 06:00:00+00:00,2026-04-20,0,55.94787719726567,57.0,-1.0521228027343312,1.0521228027343312
KMDW,HRRR,2026-04-20 12:00:00+00:00,2026-04-20,0,55.488758544921915,57.0,-1.5112414550780855,1.5112414550780855
KMDW,HRRR,2026-04-20 18:00:00+00:00,2026-04-20,0,56.02697875976567,57.0,-0.9730212402343312,0.9730212402343312
KMDW,HRRR,2026-04-21 00:00:00+00:00,2026-04-20,0,51.96840942382816,57.0,-5.031590576171837,5.031590576171837
KMDW,NBM,2026-04-20 12:00:00+00:00,2026-04-20,0,56.334486083984416,57.0,-0.6655139160155841,0.6655139160155841
KMDW,HRRR,2026-04-19 06:00:00+00:00,2026-04-20,1,52.203297119140665,57.0,-4.7967028808593355,4.7967028808593355
KMDW,HRRR,2026-04-19 12:00:00+00:00,2026-04-20,1,51.855744628906294,57.0,-5.144255371093706,5.144255371093706
KMDW,HRRR,2026-04-19 18:00:00+00:00,2026-04-20,1,55.44635131835942,57.0,-1.5536486816405812,1.5536486816405812
KMDW,HRRR,2026-04-20 00:00:00+00:00,2026-04-20,1,55.47019165039067,57.0,-1.5298083496093327,1.5298083496093327
KMDW,NBM,2026-04-19 12:00:00+00:00,2026-04-20,1,53.762421875000044,57.0,-3.2375781249999562,3.2375781249999562
KMDW,HRRR,2026-04-18 06:00:00+00:00,2026-04-20,2,34.30568969726566,57.0,-22.694310302734337,22.694310302734337
KMDW,HRRR,2026-04-18 12:00:00+00:00,2026-04-20,2,32.93827636718754,57.0,-24.06172363281246,24.06172363281246
KMDW,HRRR,2026-04-18 18:00:00+00:00,2026-04-20,2,43.84846923828129,57.0,-13.15153076171871,13.15153076171871
KMDW,HRRR,2026-04-19 00:00:00+00:00,2026-04-20,2,50.31623046875004,57.0,-6.683769531249958,6.683769531249958
KMIA,HRRR,2026-04-20 06:00:00+00:00,2026-04-20,0,84.83505371093754,86.0,-1.1649462890624562,1.1649462890624562
KMIA,HRRR,2026-04-20 12:00:00+00:00,2026-04-20,0,85.00506713867192,86.0,-0.9949328613280812,0.9949328613280812
KMIA,HRRR,2026-04-20 18:00:00+00:00,2026-04-20,0,82.27298706054691,86.0,-3.7270129394530898,3.7270129394530898
KMIA,HRRR,2026-04-21 00:00:00+00:00,2026-04-20,0,72.6122143554688,86.0,-13.387785644531206,13.387785644531206
KMIA,NBM,2026-04-20 12:00:00+00:00,2026-04-20,0,84.41449707031254,86.0,-1.5855029296874648,1.5855029296874648
KMIA,HRRR,2026-04-19 06:00:00+00:00,2026-04-20,1,83.32448852539066,86.0,-2.675511474609337,2.675511474609337
KMIA,HRRR,2026-04-19 12:00:00+00:00,2026-04-20,1,84.78556030273441,86.0,-1.2144396972655898,1.2144396972655898
KMIA,HRRR,2026-04-19 18:00:00+00:00,2026-04-20,1,84.17076538085942,86.0,-1.8292346191405784,1.8292346191405784
KMIA,HRRR,2026-04-20 00:00:00+00:00,2026-04-20,1,84.31386230468755,86.0,-1.6861376953124534,1.6861376953124534
KMIA,NBM,2026-04-19 12:00:00+00:00,2026-04-20,1,83.28241088867192,86.0,-2.7175891113280812,2.7175891113280812
KMIA,HRRR,2026-04-18 06:00:00+00:00,2026-04-20,2,71.45799072265629,86.0,-14.542009277343709,14.542009277343709
KMIA,HRRR,2026-04-18 12:00:00+00:00,2026-04-20,2,75.53622558593754,86.0,-10.463774414062456,10.463774414062456
KMIA,HRRR,2026-04-18 18:00:00+00:00,2026-04-20,2,82.48551757812504,86.0,-3.514482421874959,3.514482421874959
KMIA,HRRR,2026-04-19 00:00:00+00:00,2026-04-20,2,82.66289184570317,86.0,-3.3371081542968284,3.3371081542968284
KNYC,HRRR,2026-04-20 06:00:00+00:00,2026-04-20,0,47.22533691406254,51.0,-3.774663085937462,3.774663085937462
KNYC,HRRR,2026-04-20 12:00:00+00:00,2026-04-20,0,49.45462768554692,51.0,-1.5453723144530827,1.5453723144530827
KNYC,HRRR,2026-04-20 18:00:00+00:00,2026-04-20,0,50.43548706054692,51.0,-0.5645129394530812,0.5645129394530812
KNYC,HRRR,2026-04-21 00:00:00+00:00,2026-04-20,0,42.18090942382817,51.0,-8.819090576171831,8.819090576171831
KNYC,NBM,2026-04-20 06:00:00+00:00,2026-04-20,0,54.87028320312504,51.0,3.870283203125041,3.870283203125041
KNYC,NBM,2026-04-20 12:00:00+00:00,2026-04-20,0,54.89450805664067,51.0,3.8945080566406673,3.8945080566406673
KNYC,HRRR,2026-04-19 06:00:00+00:00,2026-04-20,1,44.26578491210942,51.0,-6.734215087890583,6.734215087890583
KNYC,HRRR,2026-04-19 12:00:00+00:00,2026-04-20,1,44.43036010742192,51.0,-6.569639892578081,6.569639892578081
KNYC,HRRR,2026-04-19 18:00:00+00:00,2026-04-20,1,47.52520874023442,51.0,-3.4747912597655812,3.4747912597655812
KNYC,HRRR,2026-04-20 00:00:00+00:00,2026-04-20,1,49.467152099609415,51.0,-1.5328479003905855,1.5328479003905855
KNYC,NBM,2026-04-19 06:00:00+00:00,2026-04-20,1,53.74187744140629,51.0,2.741877441406288,2.741877441406288
KNYC,NBM,2026-04-19 12:00:00+00:00,2026-04-20,1,53.762421875000044,51.0,2.7624218750000438,2.7624218750000438
KNYC,NBM,2026-04-19 18:00:00+00:00,2026-04-20,1,53.84690673828129,51.0,2.846906738281291,2.846906738281291
KNYC,NBM,2026-04-20 00:00:00+00:00,2026-04-20,1,54.498121337890666,51.0,3.498121337890666,3.498121337890666
KNYC,HRRR,2026-04-18 06:00:00+00:00,2026-04-20,2,38.04549072265629,51.0,-12.95450927734371,12.95450927734371
KNYC,HRRR,2026-04-18 12:00:00+00:00,2026-04-20,2,40.00556152343754,51.0,-10.994438476562458,10.994438476562458
KNYC,HRRR,2026-04-18 18:00:00+00:00,2026-04-20,2,45.42517211914067,51.0,-5.574827880859331,5.574827880859331
KNYC,HRRR,2026-04-19 00:00:00+00:00,2026-04-20,2,43.766511230468794,51.0,-7.233488769531206,7.233488769531206
KNYC,NBM,2026-04-18 06:00:00+00:00,2026-04-20,2,54.278944091796916,51.0,3.278944091796916,3.278944091796916
KNYC,NBM,2026-04-18 12:00:00+00:00,2026-04-20,2,53.21288574218754,51.0,2.212885742187538,2.212885742187538
KNYC,NBM,2026-04-18 18:00:00+00:00,2026-04-20,2,53.472767333984415,51.0,2.4727673339844145,2.4727673339844145
KNYC,NBM,2026-04-19 00:00:00+00:00,2026-04-20,2,53.799940185546916,51.0,2.799940185546916,2.799940185546916
KNYC,NBM,2026-04-17 06:00:00+00:00,2026-04-20,3,54.23505371093754,51.0,3.2350537109375423,3.2350537109375423
KNYC,NBM,2026-04-17 12:00:00+00:00,2026-04-20,3,53.31890380859379,51.0,2.318903808593788,2.318903808593788
KNYC,NBM,2026-04-17 18:00:00+00:00,2026-04-20,3,53.73523071289067,51.0,2.7352307128906688,2.7352307128906688
KNYC,NBM,2026-04-18 00:00:00+00:00,2026-04-20,3,53.889863281250044,51.0,2.8898632812500438,2.8898632812500438
KNYC,NBM,2026-04-16 06:00:00+00:00,2026-04-20,4,51.37899291992191,51.0,0.3789929199219131,0.3789929199219131
KNYC,NBM,2026-04-16 12:00:00+00:00,2026-04-20,4,51.448151855468794,51.0,0.44815185546879377,0.44815185546879377
KNYC,NBM,2026-04-16 18:00:00+00:00,2026-04-20,4,52.342823486328165,51.0,1.3428234863281645,1.3428234863281645
KNYC,NBM,2026-04-17 00:00:00+00:00,2026-04-20,4,52.47251708984379,51.0,1.472517089843791,1.472517089843791
KNYC,NBM,2026-04-15 06:00:00+00:00,2026-04-20,5,53.41355102539067,51.0,2.4135510253906673,2.4135510253906673
KNYC,NBM,2026-04-15 12:00:00+00:00,2026-04-20,5,53.42124145507817,51.0,2.4212414550781673,2.4212414550781673
KNYC,NBM,2026-04-15 18:00:00+00:00,2026-04-20,5,52.86456420898442,51.0,1.8645642089844188,1.8645642089844188
KNYC,NBM,2026-04-16 00:00:00+00:00,2026-04-20,5,52.022022705078165,51.0,1.0220227050781645,1.0220227050781645
KNYC,NBM,2026-04-14 06:00:00+00:00,2026-04-20,6,56.811512451171915,51.0,5.8115124511719145,5.8115124511719145
KNYC,NBM,2026-04-14 12:00:00+00:00,2026-04-20,6,55.62691162109379,51.0,4.6269116210937895,4.6269116210937895
KNYC,NBM,2026-04-14 18:00:00+00:00,2026-04-20,6,53.82400024414066,51.0,2.824000244140663,2.824000244140663
KNYC,NBM,2026-04-15 00:00:00+00:00,2026-04-20,6,53.65744750976567,51.0,2.6574475097656673,2.6574475097656673
KNYC,NBM,2026-04-13 06:00:00+00:00,2026-04-20,7,61.798920898437544,51.0,10.798920898437544,10.798920898437544
KNYC,NBM,2026-04-13 12:00:00+00:00,2026-04-20,7,60.21683471679692,51.0,9.216834716796917,9.216834716796917
KNYC,NBM,2026-04-13 18:00:00+00:00,2026-04-20,7,59.15539062500004,51.0,8.155390625000038,8.155390625000038
KNYC,NBM,2026-04-14 00:00:00+00:00,2026-04-20,7,58.28763549804692,51.0,7.287635498046917,7.287635498046917
KMDW,HRRR,2026-04-21 06:00:00+00:00,2026-04-21,0,78.04072387695317,76.0,2.040723876953166,2.040723876953166
KMDW,HRRR,2026-04-21 12:00:00+00:00,2026-04-21,0,77.99040649414067,76.0,1.9904064941406716,1.9904064941406716
KMDW,HRRR,2026-04-21 18:00:00+00:00,2026-04-21,0,77.86400878906254,76.0,1.864008789062538,1.864008789062538
KMDW,HRRR,2026-04-22 00:00:00+00:00,2026-04-21,0,69.07708862304692,76.0,-6.922911376953081,6.922911376953081
KMDW,NBM,2026-04-21 12:00:00+00:00,2026-04-21,0,75.38054931640629,76.0,-0.6194506835937119,0.6194506835937119
KMDW,HRRR,2026-04-20 06:00:00+00:00,2026-04-21,1,77.78314941406254,76.0,1.7831494140625352,1.7831494140625352
KMDW,HRRR,2026-04-20 12:00:00+00:00,2026-04-21,1,79.51767089843754,76.0,3.5176708984375438,3.5176708984375438
KMDW,HRRR,2026-04-20 18:00:00+00:00,2026-04-21,1,79.37803466796879,76.0,3.378034667968791,3.378034667968791
KMDW,HRRR,2026-04-21 00:00:00+00:00,2026-04-21,1,78.32158935546879,76.0,2.321589355468788,2.321589355468788
KMDW,NBM,2026-04-20 12:00:00+00:00,2026-04-21,1,77.03536499023441,76.0,1.035364990234413,1.035364990234413
KMDW,HRRR,2026-04-19 06:00:00+00:00,2026-04-21,2,40.88457763671879,76.0,-35.11542236328121,35.11542236328121
KMDW,HRRR,2026-04-19 12:00:00+00:00,2026-04-21,2,43.63423583984379,76.0,-32.36576416015621,32.36576416015621
KMDW,HRRR,2026-04-19 18:00:00+00:00,2026-04-21,2,74.46588256835942,76.0,-1.5341174316405812,1.5341174316405812
KMDW,HRRR,2026-04-20 00:00:00+00:00,2026-04-21,2,76.33932617187504,76.0,0.33932617187504377,0.33932617187504377
KMIA,HRRR,2026-04-21 06:00:00+00:00,2026-04-21,0,74.67819335937504,80.0,-5.321806640624956,5.321806640624956
KMIA,HRRR,2026-04-21 12:00:00+00:00,2026-04-21,0,75.74040649414067,80.0,-4.259593505859328,4.259593505859328
KMIA,HRRR,2026-04-21 18:00:00+00:00,2026-04-21,0,76.85485961914067,80.0,-3.1451403808593312,3.1451403808593312
KMIA,HRRR,2026-04-22 00:00:00+00:00,2026-04-21,0,70.20208862304692,80.0,-9.797911376953081,9.797911376953081
KMIA,NBM,2026-04-21 12:00:00+00:00,2026-04-21,0,78.9805493164063,80.0,-1.0194506835937034,1.0194506835937034
KMIA,HRRR,2026-04-20 06:00:00+00:00,2026-04-21,1,73.84647338867191,80.0,-6.15352661132809,6.15352661132809
KMIA,HRRR,2026-04-20 12:00:00+00:00,2026-04-21,1,78.11740844726566,80.0,-1.8825915527343398,1.8825915527343398
KMIA,HRRR,2026-04-20 18:00:00+00:00,2026-04-21,1,76.46094482421879,80.0,-3.5390551757812148,3.5390551757812148
KMIA,HRRR,2026-04-21 00:00:00+00:00,2026-04-21,1,78.06659667968754,80.0,-1.9334033203124648,1.9334033203124648
KMIA,NBM,2026-04-20 12:00:00+00:00,2026-04-21,1,78.47539794921879,80.0,-1.524602050781212,1.524602050781212
KMIA,HRRR,2026-04-19 06:00:00+00:00,2026-04-21,2,70.69422119140629,80.0,-9.305778808593715,9.305778808593715
KMIA,HRRR,2026-04-19 12:00:00+00:00,2026-04-21,2,70.95371826171879,80.0,-9.046281738281209,9.046281738281209
KMIA,HRRR,2026-04-19 18:00:00+00:00,2026-04-21,2,77.39088256835942,80.0,-2.609117431640584,2.609117431640584
KMIA,HRRR,2026-04-20 00:00:00+00:00,2026-04-21,2,74.69824340820317,80.0,-5.301756591796831,5.301756591796831
KNYC,HRRR,2026-04-21 06:00:00+00:00,2026-04-21,0,54.30322387695317,54.0,0.30322387695316877,0.30322387695316877
KNYC,HRRR,2026-04-21 12:00:00+00:00,2026-04-21,0,53.91540649414067,54.0,-0.08459350585933123,0.08459350585933123
KNYC,HRRR,2026-04-21 18:00:00+00:00,2026-04-21,0,53.679859619140665,54.0,-0.3201403808593355,0.3201403808593355
KNYC,HRRR,2026-04-22 00:00:00+00:00,2026-04-21,0,44.51143920898441,54.0,-9.488560791015587,9.488560791015587
KNYC,NBM,2026-04-21 06:00:00+00:00,2026-04-21,0,54.38391845703129,54.0,0.38391845703129235,0.38391845703129235
KNYC,NBM,2026-04-21 12:00:00+00:00,2026-04-21,0,54.500538330078165,54.0,0.5005383300781645,0.5005383300781645
KNYC,HRRR,2026-04-20 06:00:00+00:00,2026-04-21,1,53.59564941406254,54.0,-0.40435058593745765,0.40435058593745765
KNYC,HRRR,2026-04-20 12:00:00+00:00,2026-04-21,1,52.802381591796916,54.0,-1.197618408203084,1.197618408203084
KNYC,HRRR,2026-04-20 18:00:00+00:00,2026-04-21,1,53.17344482421879,54.0,-0.8265551757812091,0.8265551757812091
KNYC,HRRR,2026-04-21 00:00:00+00:00,2026-04-21,1,54.13408935546879,54.0,0.13408935546878809,0.13408935546878809
KNYC,NBM,2026-04-20 06:00:00+00:00,2026-04-21,1,54.332062988281294,54.0,0.33206298828129377,0.33206298828129377
KNYC,NBM,2026-04-20 12:00:00+00:00,2026-04-21,1,53.99538696289066,54.0,-0.004613037109336915,0.004613037109336915
KNYC,NBM,2026-04-20 18:00:00+00:00,2026-04-21,1,54.08591430664067,54.0,0.08591430664066735,0.08591430664066735
KNYC,NBM,2026-04-21 00:00:00+00:00,2026-04-21,1,54.31783569335941,54.0,0.3178356933594131,0.3178356933594131
KNYC,HRRR,2026-04-19 06:00:00+00:00,2026-04-21,2,32.21922119140629,54.0,-21.78077880859371,21.78077880859371
KNYC,HRRR,2026-04-19 12:00:00+00:00,2026-04-21,2,35.53423583984379,54.0,-18.465764160156212,18.465764160156212
KNYC,HRRR,2026-04-19 18:00:00+00:00,2026-04-21,2,50.390882568359416,54.0,-3.609117431640584,3.609117431640584
KNYC,HRRR,2026-04-20 00:00:00+00:00,2026-04-21,2,53.773243408203165,54.0,-0.2267565917968355,0.2267565917968355
KNYC,NBM,2026-04-19 06:00:00+00:00,2026-04-21,2,54.84094970703129,54.0,0.8409497070312923,0.8409497070312923
KNYC,NBM,2026-04-19 12:00:00+00:00,2026-04-21,2,53.95402343750004,54.0,-0.04597656249995907,0.04597656249995907
KNYC,NBM,2026-04-19 18:00:00+00:00,2026-04-21,2,54.441376953125044,54.0,0.44137695312504377,0.44137695312504377
KNYC,NBM,2026-04-20 00:00:00+00:00,2026-04-21,2,54.53355224609379,54.0,0.5335522460937909,0.5335522460937909
KNYC,NBM,2026-04-18 06:00:00+00:00,2026-04-21,3,54.761243896484416,54.0,0.7612438964844159,0.7612438964844159
KNYC,NBM,2026-04-18 12:00:00+00:00,2026-04-21,3,54.03625610351567,54.0,0.03625610351566877,0.03625610351566877
KNYC,NBM,2026-04-18 18:00:00+00:00,2026-04-21,3,54.29328125000004,54.0,0.29328125000004235,0.29328125000004235
KNYC,NBM,2026-04-19 00:00:00+00:00,2026-04-21,3,53.980665283203166,54.0,-0.019334716796834073,0.019334716796834073
KNYC,NBM,2026-04-17 06:00:00+00:00,2026-04-21,4,56.42979248046879,54.0,2.429792480468791,2.429792480468791
KNYC,NBM,2026-04-17 12:00:00+00:00,2026-04-21,4,56.09696166992192,54.0,2.0969616699219173,2.0969616699219173
KNYC,NBM,2026-04-17 18:00:00+00:00,2026-04-21,4,54.57107055664066,54.0,0.5710705566406631,0.5710705566406631
KNYC,NBM,2026-04-18 00:00:00+00:00,2026-04-21,4,54.01994140625004,54.0,0.019941406250040927,0.019941406250040927
KNYC,NBM,2026-04-16 06:00:00+00:00,2026-04-21,5,58.02324951171879,54.0,4.023249511718788,4.023249511718788
KNYC,NBM,2026-04-16 12:00:00+00:00,2026-04-21,5,57.43872192382817,54.0,3.4387219238281688,3.4387219238281688
KNYC,NBM,2026-04-16 18:00:00+00:00,2026-04-21,5,56.01011474609379,54.0,2.010114746093791,2.010114746093791
KNYC,NBM,2026-04-17 00:00:00+00:00,2026-04-21,5,55.97913330078129,54.0,1.9791333007812923,1.9791333007812923
KNYC,NBM,2026-04-15 06:00:00+00:00,2026-04-21,6,59.63164794921879,54.0,5.631647949218788,5.631647949218788
KNYC,NBM,2026-04-15 12:00:00+00:00,2026-04-21,6,59.53859375000004,54.0,5.5385937500000395,5.5385937500000395
KNYC,NBM,2026-04-15 18:00:00+00:00,2026-04-21,6,58.45039794921879,54.0,4.4503979492187895,4.4503979492187895
KNYC,NBM,2026-04-16 00:00:00+00:00,2026-04-21,6,58.18299072265629,54.0,4.182990722656292,4.182990722656292
KNYC,NBM,2026-04-14 06:00:00+00:00,2026-04-21,7,61.305634765625044,54.0,7.305634765625044,7.305634765625044
KNYC,NBM,2026-04-14 12:00:00+00:00,2026-04-21,7,61.811170654296916,54.0,7.811170654296916,7.811170654296916
KNYC,NBM,2026-04-14 18:00:00+00:00,2026-04-21,7,61.26135986328129,54.0,7.261359863281292,7.261359863281292
KNYC,NBM,2026-04-15 00:00:00+00:00,2026-04-21,7,61.26465576171879,54.0,7.264655761718792,7.264655761718792
KMDW,HRRR,2026-04-22 06:00:00+00:00,2026-04-22,0,68.80468261718754,68.0,0.8046826171875381,0.8046826171875381
KMDW,HRRR,2026-04-22 12:00:00+00:00,2026-04-22,0,70.38034179687504,68.0,2.3803417968750438,2.3803417968750438
KMDW,HRRR,2026-04-22 18:00:00+00:00,2026-04-22,0,70.36452148437505,68.0,2.3645214843750466,2.3645214843750466
KMDW,HRRR,2026-04-23 00:00:00+00:00,2026-04-22,0,53.56988647460942,68.0,-14.430113525390581,14.430113525390581
KMDW,NBM,2026-04-22 12:00:00+00:00,2026-04-22,0,74.74779174804692,68.0,6.747791748046922,6.747791748046922
KMDW,HRRR,2026-04-21 06:00:00+00:00,2026-04-22,1,65.19155395507816,68.0,-2.808446044921837,2.808446044921837
KMDW,HRRR,2026-04-21 12:00:00+00:00,2026-04-22,1,61.820728759765665,68.0,-6.1792712402343355,6.1792712402343355
KMDW,HRRR,2026-04-21 18:00:00+00:00,2026-04-22,1,71.8003247070313,68.0,3.8003247070312938,3.8003247070312938
KMDW,HRRR,2026-04-22 00:00:00+00:00,2026-04-22,1,67.94483764648442,68.0,-0.05516235351558407,0.05516235351558407
KMDW,NBM,2026-04-21 12:00:00+00:00,2026-04-22,1,73.0077221679688,68.0,5.007722167968794,5.007722167968794
KMDW,HRRR,2026-04-20 06:00:00+00:00,2026-04-22,2,51.49824951171879,68.0,-16.50175048828121,16.50175048828121
KMDW,HRRR,2026-04-20 12:00:00+00:00,2026-04-22,2,52.43878906250004,68.0,-15.561210937499958,15.561210937499958
KMDW,HRRR,2026-04-20 18:00:00+00:00,2026-04-22,2,63.56376464843754,68.0,-4.436235351562459,4.436235351562459
KMDW,HRRR,2026-04-21 00:00:00+00:00,2026-04-22,2,70.72284057617192,68.0,2.7228405761719188,2.7228405761719188
KMIA,HRRR,2026-04-22 06:00:00+00:00,2026-04-22,0,78.04770019531254,81.0,-2.9522998046874562,2.9522998046874562
KMIA,HRRR,2026-04-22 12:00:00+00:00,2026-04-22,0,77.55622680664067,81.0,-3.443773193359334,3.443773193359334
KMIA,HRRR,2026-04-22 18:00:00+00:00,2026-04-22,0,77.2425122070313,81.0,-3.7574877929687034,3.7574877929687034
KMIA,HRRR,2026-04-23 00:00:00+00:00,2026-04-22,0,70.66988647460941,81.0,-10.330113525390587,10.330113525390587
KMIA,NBM,2026-04-22 12:00:00+00:00,2026-04-22,0,79.0677807617188,81.0,-1.9322192382812062,1.9322192382812062
KMIA,HRRR,2026-04-21 06:00:00+00:00,2026-04-22,1,78.08214233398442,81.0,-2.9178576660155784,2.9178576660155784
KMIA,HRRR,2026-04-21 12:00:00+00:00,2026-04-22,1,78.21798828125004,81.0,-2.7820117187499562,2.7820117187499562
KMIA,HRRR,2026-04-21 18:00:00+00:00,2026-04-22,1,77.4780590820313,81.0,-3.5219409179687062,3.5219409179687062
KMIA,HRRR,2026-04-22 00:00:00+00:00,2026-04-22,1,78.14196289062504,81.0,-2.858037109374962,2.858037109374962
KMIA,NBM,2026-04-21 12:00:00+00:00,2026-04-22,1,78.76774414062504,81.0,-2.232255859374959,2.232255859374959
KMIA,HRRR,2026-04-20 06:00:00+00:00,2026-04-22,2,61.66170166015629,81.0,-19.33829833984371,19.33829833984371
KMIA,HRRR,2026-04-20 12:00:00+00:00,2026-04-22,2,65.16117675781254,81.0,-15.838823242187459,15.838823242187459
KMIA,HRRR,2026-04-20 18:00:00+00:00,2026-04-22,2,78.07626464843754,81.0,-2.9237353515624562,2.9237353515624562
KMIA,HRRR,2026-04-21 00:00:00+00:00,2026-04-22,2,78.07522094726566,81.0,-2.924779052734337,2.924779052734337
KNYC,HRRR,2026-04-22 06:00:00+00:00,2026-04-22,0,54.79887207031254,56.0,-1.201127929687459,1.201127929687459
KNYC,HRRR,2026-04-22 12:00:00+00:00,2026-04-22,0,58.672761230468794,56.0,2.6727612304687938,2.6727612304687938
KNYC,HRRR,2026-04-22 18:00:00+00:00,2026-04-22,0,53.74220703125004,56.0,-2.2577929687499605,2.2577929687499605
KNYC,HRRR,2026-04-23 00:00:00+00:00,2026-04-22,0,48.957386474609415,56.0,-7.0426135253905855,7.0426135253905855
KNYC,NBM,2026-04-22 06:00:00+00:00,2026-04-22,0,58.99224365234379,56.0,2.992243652343788,2.992243652343788
KNYC,NBM,2026-04-22 12:00:00+00:00,2026-04-22,0,58.90781372070317,56.0,2.9078137207031673,2.9078137207031673
KNYC,HRRR,2026-04-21 06:00:00+00:00,2026-04-22,1,49.666553955078165,56.0,-6.3334460449218355,6.3334460449218355
KNYC,HRRR,2026-04-21 12:00:00+00:00,2026-04-22,1,56.835682373046915,56.0,0.8356823730469145,0.8356823730469145
KNYC,HRRR,2026-04-21 18:00:00+00:00,2026-04-22,1,52.24493530273442,56.0,-3.7550646972655812,3.7550646972655812
KNYC,HRRR,2026-04-22 00:00:00+00:00,2026-04-22,1,49.52450073242191,56.0,-6.475499267578087,6.475499267578087
KNYC,NBM,2026-04-21 06:00:00+00:00,2026-04-22,1,59.92564208984379,56.0,3.925642089843791,3.925642089843791
KNYC,NBM,2026-04-21 12:00:00+00:00,2026-04-22,1,60.04775512695316,56.0,4.047755126953163,4.047755126953163
KNYC,NBM,2026-04-21 18:00:00+00:00,2026-04-22,1,58.67006958007816,56.0,2.670069580078163,2.670069580078163
KNYC,NBM,2026-04-22 00:00:00+00:00,2026-04-22,1,58.16239135742192,56.0,2.1623913574219173,2.1623913574219173
KNYC,HRRR,2026-04-20 06:00:00+00:00,2026-04-22,2,45.91170166015629,56.0,-10.08829833984371,10.08829833984371
KNYC,HRRR,2026-04-20 12:00:00+00:00,2026-04-22,2,48.51117675781254,56.0,-7.488823242187458,7.488823242187458
KNYC,HRRR,2026-04-20 18:00:00+00:00,2026-04-22,2,51.75126464843754,56.0,-4.248735351562459,4.248735351562459
KNYC,HRRR,2026-04-21 00:00:00+00:00,2026-04-22,2,51.03567016601566,56.0,-4.964329833984337,4.964329833984337
KNYC,NBM,2026-04-20 06:00:00+00:00,2026-04-22,2,62.98852050781254,56.0,6.988520507812538,6.988520507812538
KNYC,NBM,2026-04-20 12:00:00+00:00,2026-04-22,2,60.53736083984379,56.0,4.537360839843792,4.537360839843792
KNYC,NBM,2026-04-20 18:00:00+00:00,2026-04-22,2,60.19024780273442,56.0,4.190247802734419,4.190247802734419
KNYC,NBM,2026-04-21 00:00:00+00:00,2026-04-22,2,60.108674316406294,56.0,4.108674316406294,4.108674316406294
KNYC,NBM,2026-04-19 06:00:00+00:00,2026-04-22,3,65.84947021484379,56.0,9.849470214843791,9.849470214843791
KNYC,NBM,2026-04-19 12:00:00+00:00,2026-04-22,3,65.07048461914067,56.0,9.070484619140672,9.070484619140672
KNYC,NBM,2026-04-19 18:00:00+00:00,2026-04-22,3,64.50254638671879,56.0,8.502546386718791,8.502546386718791
KNYC,NBM,2026-04-20 00:00:00+00:00,2026-04-22,3,63.04466064453129,56.0,7.044660644531291,7.044660644531291
KNYC,NBM,2026-04-18 06:00:00+00:00,2026-04-22,4,68.29475219726567,56.0,12.294752197265666,12.294752197265666
KNYC,NBM,2026-04-18 12:00:00+00:00,2026-04-22,4,67.66924560546879,56.0,11.669245605468788,11.669245605468788
KNYC,NBM,2026-04-18 18:00:00+00:00,2026-04-22,4,65.68253295898441,56.0,9.68253295898441,9.68253295898441
KNYC,NBM,2026-04-19 00:00:00+00:00,2026-04-22,4,65.08427246093754,56.0,9.084272460937541,9.084272460937541
KNYC,NBM,2026-04-17 06:00:00+00:00,2026-04-22,5,69.87854125976567,56.0,13.878541259765669,13.878541259765669
KNYC,NBM,2026-04-17 12:00:00+00:00,2026-04-22,5,69.57147338867192,56.0,13.571473388671919,13.571473388671919
KNYC,NBM,2026-04-17 18:00:00+00:00,2026-04-22,5,68.7973217773438,56.0,12.797321777343797,12.797321777343797
KNYC,NBM,2026-04-18 00:00:00+00:00,2026-04-22,5,67.8920483398438,56.0,11.892048339843797,11.892048339843797
KNYC,NBM,2026-04-16 06:00:00+00:00,2026-04-22,6,71.0363354492188,56.0,15.036335449218797,15.036335449218797
KNYC,NBM,2026-04-16 12:00:00+00:00,2026-04-22,6,71.66156738281254,56.0,15.661567382812535,15.661567382812535
KNYC,NBM,2026-04-16 18:00:00+00:00,2026-04-22,6,70.55205810546879,56.0,14.552058105468788,14.552058105468788
KNYC,NBM,2026-04-17 00:00:00+00:00,2026-04-22,6,70.1282055664063,56.0,14.128205566406294,14.128205566406294
KNYC,NBM,2026-04-15 06:00:00+00:00,2026-04-22,7,73.22272460937504,56.0,17.222724609375035,17.222724609375035
KNYC,NBM,2026-04-15 12:00:00+00:00,2026-04-22,7,72.52679565429692,56.0,16.52679565429692,16.52679565429692
KNYC,NBM,2026-04-15 18:00:00+00:00,2026-04-22,7,71.57752197265629,56.0,15.577521972656285,15.577521972656285
KNYC,NBM,2026-04-16 00:00:00+00:00,2026-04-22,7,70.25465820312505,56.0,14.254658203125047,14.254658203125047
KMDW,HRRR,2026-04-23 06:00:00+00:00,2026-04-23,0,81.45714233398442,82.0,-0.5428576660155784,0.5428576660155784
KMDW,HRRR,2026-04-23 12:00:00+00:00,2026-04-23,0,82.07995727539067,82.0,0.07995727539066877,0.07995727539066877
KMDW,HRRR,2026-04-23 18:00:00+00:00,2026-04-23,0,81.77228515625004,82.0,-0.22771484374996476,0.22771484374996476
KMDW,HRRR,2026-04-24 00:00:00+00:00,2026-04-23,0,74.18693969726567,82.0,-7.813060302734328,7.813060302734328
KMDW,NBM,2026-04-23 12:00:00+00:00,2026-04-23,0,82.46579711914066,82.0,0.46579711914066024,0.46579711914066024
KMDW,HRRR,2026-04-22 06:00:00+00:00,2026-04-23,1,83.62935913085941,82.0,1.629359130859413,1.629359130859413
KMDW,HRRR,2026-04-22 12:00:00+00:00,2026-04-23,1,82.84559448242192,82.0,0.8455944824219159,0.8455944824219159
KMDW,HRRR,2026-04-22 18:00:00+00:00,2026-04-23,1,82.21278198242192,82.0,0.21278198242191593,0.21278198242191593
KMDW,HRRR,2026-04-23 00:00:00+00:00,2026-04-23,1,82.61273925781254,82.0,0.6127392578125352,0.6127392578125352
KMDW,NBM,2026-04-22 12:00:00+00:00,2026-04-23,1,81.69285400390629,82.0,-0.3071459960937091,0.3071459960937091
KMDW,HRRR,2026-04-21 06:00:00+00:00,2026-04-23,2,57.83692138671879,82.0,-24.163078613281208,24.163078613281208
KMDW,HRRR,2026-04-21 12:00:00+00:00,2026-04-23,2,57.470856933593794,82.0,-24.529143066406206,24.529143066406206
KMDW,HRRR,2026-04-21 18:00:00+00:00,2026-04-23,2,79.93938110351567,82.0,-2.0606188964843284,2.0606188964843284
KMDW,HRRR,2026-04-22 00:00:00+00:00,2026-04-23,2,83.20001342773442,82.0,1.2000134277344188,1.2000134277344188
KMIA,HRRR,2026-04-23 06:00:00+00:00,2026-04-23,0,77.80226562500005,79.0,-1.1977343749999534,1.1977343749999534
KMIA,HRRR,2026-04-23 12:00:00+00:00,2026-04-23,0,78.72011840820316,79.0,-0.2798815917968369,0.2798815917968369
KMIA,HRRR,2026-04-23 18:00:00+00:00,2026-04-23,0,76.25978515625005,79.0,-2.7402148437499534,2.7402148437499534
KMIA,HRRR,2026-04-24 00:00:00+00:00,2026-04-23,0,70.36193969726567,79.0,-8.638060302734331,8.638060302734331
KMIA,NBM,2026-04-23 12:00:00+00:00,2026-04-23,0,79.58578613281254,79.0,0.5857861328125438,0.5857861328125438
KMIA,HRRR,2026-04-22 06:00:00+00:00,2026-04-23,1,79.12589843750004,79.0,0.12589843750004093,0.12589843750004093
KMIA,HRRR,2026-04-22 12:00:00+00:00,2026-04-23,1,79.62742431640629,79.0,0.6274243164062909,0.6274243164062909
KMIA,HRRR,2026-04-22 18:00:00+00:00,2026-04-23,1,80.84086425781254,79.0,1.840864257812541,1.840864257812541
KMIA,HRRR,2026-04-23 00:00:00+00:00,2026-04-23,1,74.25329711914067,79.0,-4.746702880859331,4.746702880859331
KMIA,NBM,2026-04-22 12:00:00+00:00,2026-04-23,1,79.53283203125004,79.0,0.5328320312500381,0.5328320312500381
KMIA,HRRR,2026-04-21 06:00:00+00:00,2026-04-23,2,67.39942138671879,79.0,-11.600578613281215,11.600578613281215
KMIA,HRRR,2026-04-21 12:00:00+00:00,2026-04-23,2,68.0458569335938,79.0,-10.954143066406203,10.954143066406203
KMIA,HRRR,2026-04-21 18:00:00+00:00,2026-04-23,2,72.17688110351567,79.0,-6.823118896484331,6.823118896484331
KMIA,HRRR,2026-04-22 00:00:00+00:00,2026-04-23,2,76.33751342773442,79.0,-2.6624865722655784,2.6624865722655784
KNYC,HRRR,2026-04-23 06:00:00+00:00,2026-04-23,0,74.07537353515629,73.0,1.075373535156288,1.075373535156288
KNYC,HRRR,2026-04-23 12:00:00+00:00,2026-04-23,0,73.64245727539067,73.0,0.6424572753906688,0.6424572753906688
KNYC,HRRR,2026-04-23 18:00:00+00:00,2026-04-23,0,73.28260009765629,73.0,0.28260009765628524,0.28260009765628524
KNYC,HRRR,2026-04-24 00:00:00+00:00,2026-04-23,0,67.43693969726567,73.0,-5.563060302734328,5.563060302734328
KNYC,NBM,2026-04-23 06:00:00+00:00,2026-04-23,0,74.80942504882816,73.0,1.8094250488281602,1.8094250488281602
KNYC,NBM,2026-04-23 12:00:00+00:00,2026-04-23,0,75.26579711914067,73.0,2.2657971191406716,2.2657971191406716
KNYC,HRRR,2026-04-22 06:00:00+00:00,2026-04-23,1,73.16784790039067,73.0,0.16784790039066877,0.16784790039066877
KNYC,HRRR,2026-04-22 12:00:00+00:00,2026-04-23,1,74.74614379882817,73.0,1.7461437988281716,1.7461437988281716
KNYC,HRRR,2026-04-22 18:00:00+00:00,2026-04-23,1,74.96526611328129,73.0,1.965266113281288,1.965266113281288
KNYC,HRRR,2026-04-23 00:00:00+00:00,2026-04-23,1,75.26579711914067,73.0,2.2657971191406716,2.2657971191406716
KNYC,NBM,2026-04-22 06:00:00+00:00,2026-04-23,1,73.80027587890629,73.0,0.8002758789062909,0.8002758789062909
KNYC,NBM,2026-04-22 12:00:00+00:00,2026-04-23,1,74.49285400390629,73.0,1.492854003906288,1.492854003906288
KNYC,NBM,2026-04-22 18:00:00+00:00,2026-04-23,1,74.1553540039063,73.0,1.1553540039062966,1.1553540039062966
KNYC,NBM,2026-04-23 00:00:00+00:00,2026-04-23,1,74.01445434570317,73.0,1.0144543457031716,1.0144543457031716
KNYC,HRRR,2026-04-21 06:00:00+00:00,2026-04-23,2,42.68595092773442,73.0,-30.314049072265583,30.314049072265583
KNYC,HRRR,2026-04-21 12:00:00+00:00,2026-04-23,2,46.783356933593794,73.0,-26.216643066406206,26.216643066406206
KNYC,HRRR,2026-04-21 18:00:00+00:00,2026-04-23,2,67.33938110351566,73.0,-5.660618896484337,5.660618896484337
KNYC,HRRR,2026-04-22 00:00:00+00:00,2026-04-23,2,69.84442871093754,73.0,-3.1555712890624648,3.1555712890624648
KNYC,NBM,2026-04-21 06:00:00+00:00,2026-04-23,2,74.1327221679688,73.0,1.1327221679687938,1.1327221679687938
KNYC,NBM,2026-04-21 12:00:00+00:00,2026-04-23,2,72.81480224609379,73.0,-0.18519775390620907,0.18519775390620907
KNYC,NBM,2026-04-21 18:00:00+00:00,2026-04-23,2,72.42550170898441,73.0,-0.5744982910155869,0.5744982910155869
KNYC,NBM,2026-04-22 00:00:00+00:00,2026-04-23,2,73.38164184570317,73.0,0.3816418457031716,0.3816418457031716
KNYC,NBM,2026-04-20 06:00:00+00:00,2026-04-23,3,73.84400146484379,73.0,0.8440014648437852,0.8440014648437852
KNYC,NBM,2026-04-20 12:00:00+00:00,2026-04-23,3,73.99890869140629,73.0,0.9989086914062852,0.9989086914062852
KNYC,NBM,2026-04-20 18:00:00+00:00,2026-04-23,3,74.26862304687504,73.0,1.2686230468750352,1.2686230468750352
KNYC,NBM,2026-04-21 00:00:00+00:00,2026-04-23,3,73.45860107421879,73.0,0.4586010742187909,0.4586010742187909
KNYC,NBM,2026-04-19 06:00:00+00:00,2026-04-23,4,73.5840649414063,73.0,0.5840649414062966,0.5840649414062966
KNYC,NBM,2026-04-19 12:00:00+00:00,2026-04-23,4,73.0428784179688,73.0,0.04287841796879377,0.04287841796879377
KNYC,NBM,2026-04-19 18:00:00+00:00,2026-04-23,4,71.42547119140629,73.0,-1.574528808593712,1.574528808593712
KNYC,NBM,2026-04-20 00:00:00+00:00,2026-04-23,4,72.52360961914067,73.0,-0.4763903808593284,0.4763903808593284
KNYC,NBM,2026-04-18 06:00:00+00:00,2026-04-23,5,72.98509033203129,73.0,-0.014909667968709073,0.014909667968709073
KNYC,NBM,2026-04-18 12:00:00+00:00,2026-04-23,5,71.45700195312504,73.0,-1.5429980468749562,1.5429980468749562
KNYC,NBM,2026-04-18 18:00:00+00:00,2026-04-23,5,73.5097973632813,73.0,0.5097973632812938,0.5097973632812938
KNYC,NBM,2026-04-19 00:00:00+00:00,2026-04-23,5,73.78692749023442,73.0,0.7869274902344188,0.7869274902344188
KNYC,NBM,2026-04-17 06:00:00+00:00,2026-04-23,6,71.06143920898441,73.0,-1.9385607910155898,1.9385607910155898
KNYC,NBM,2026-04-17 12:00:00+00:00,2026-04-23,6,69.74472778320316,73.0,-3.2552722167968398,3.2552722167968398
KNYC,NBM,2026-04-17 18:00:00+00:00,2026-04-23,6,71.19959228515629,73.0,-1.8004077148437148,1.8004077148437148
KNYC,NBM,2026-04-18 00:00:00+00:00,2026-04-23,6,69.76549194335942,73.0,-3.2345080566405784,3.2345080566405784
KNYC,NBM,2026-04-16 06:00:00+00:00,2026-04-23,7,69.02100341796879,73.0,-3.9789965820312148,3.9789965820312148
KNYC,NBM,2026-04-16 12:00:00+00:00,2026-04-23,7,68.04387939453129,73.0,-4.956120605468712,4.956120605468712
KNYC,NBM,2026-04-16 18:00:00+00:00,2026-04-23,7,69.94297607421879,73.0,-3.057023925781209,3.057023925781209
KNYC,NBM,2026-04-17 00:00:00+00:00,2026-04-23,7,70.8752758789063,73.0,-2.1247241210937062,2.1247241210937062
KMDW,HRRR,2026-04-24 06:00:00+00:00,2026-04-24,0,74.16255004882817,71.0,3.162550048828166,3.162550048828166
KMDW,HRRR,2026-04-24 12:00:00+00:00,2026-04-24,0,72.11667602539066,71.0,1.1166760253906602,1.1166760253906602
KMDW,HRRR,2026-04-24 18:00:00+00:00,2026-04-24,0,71.7739575195313,71.0,0.7739575195312938,0.7739575195312938
KMDW,HRRR,2026-04-25 00:00:00+00:00,2026-04-24,0,65.27812622070317,71.0,-5.721873779296828,5.721873779296828
KMDW,NBM,2026-04-24 12:00:00+00:00,2026-04-24,0,75.53595092773442,71.0,4.535950927734419,4.535950927734419
KMDW,HRRR,2026-04-23 06:00:00+00:00,2026-04-24,1,69.80669067382817,71.0,-1.1933093261718284,1.1933093261718284
KMDW,HRRR,2026-04-23 12:00:00+00:00,2026-04-24,1,71.85761840820317,71.0,0.8576184082031659,0.8576184082031659
KMDW,HRRR,2026-04-23 18:00:00+00:00,2026-04-24,1,71.03809326171879,71.0,0.03809326171878524,0.03809326171878524
KMDW,HRRR,2026-04-24 00:00:00+00:00,2026-04-24,1,71.35570800781254,71.0,0.3557080078125381,0.3557080078125381
KMDW,NBM,2026-04-23 12:00:00+00:00,2026-04-24,1,75.68772705078129,71.0,4.687727050781291,4.687727050781291
KMDW,HRRR,2026-04-22 06:00:00+00:00,2026-04-24,2,66.58346679687504,71.0,-4.416533203124956,4.416533203124956
KMDW,HRRR,2026-04-22 12:00:00+00:00,2026-04-24,2,67.42798583984379,71.0,-3.5720141601562148,3.5720141601562148
KMDW,HRRR,2026-04-22 18:00:00+00:00,2026-04-24,2,68.52354248046879,71.0,-2.476457519531209,2.476457519531209
KMDW,HRRR,2026-04-23 00:00:00+00:00,2026-04-24,2,71.4377758789063,71.0,0.43777587890629377,0.43777587890629377
KMIA,HRRR,2026-04-24 06:00:00+00:00,2026-04-24,0,80.9233715820313,84.0,-3.0766284179687062,3.0766284179687062
KMIA,HRRR,2026-04-24 12:00:00+00:00,2026-04-24,0,77.68092163085942,84.0,-6.319078369140584,6.319078369140584
KMIA,HRRR,2026-04-24 18:00:00+00:00,2026-04-24,0,79.87395751953129,84.0,-4.126042480468712,4.126042480468712
KMIA,HRRR,2026-04-25 00:00:00+00:00,2026-04-24,0,74.61562622070316,84.0,-9.384373779296837,9.384373779296837
KMIA,NBM,2026-04-24 12:00:00+00:00,2026-04-24,0,81.29597290039067,84.0,-2.704027099609334,2.704027099609334
KMIA,HRRR,2026-04-23 06:00:00+00:00,2026-04-24,1,78.90672119140629,84.0,-5.093278808593709,5.093278808593709
KMIA,HRRR,2026-04-23 12:00:00+00:00,2026-04-24,1,80.27638671875005,84.0,-3.7236132812499534,3.7236132812499534
KMIA,HRRR,2026-04-23 18:00:00+00:00,2026-04-24,1,81.94433105468754,84.0,-2.055668945312462,2.055668945312462
KMIA,HRRR,2026-04-24 00:00:00+00:00,2026-04-24,1,82.23008544921879,84.0,-1.769914550781209,1.769914550781209
KMIA,NBM,2026-04-23 12:00:00+00:00,2026-04-24,1,81.44769409179692,84.0,-2.5523059082030812,2.5523059082030812
KMIA,HRRR,2026-04-22 06:00:00+00:00,2026-04-24,2,68.12254150390629,84.0,-15.877458496093709,15.877458496093709
KMIA,HRRR,2026-04-22 12:00:00+00:00,2026-04-24,2,69.85662353515629,84.0,-14.143376464843712,14.143376464843712
KMIA,HRRR,2026-04-22 18:00:00+00:00,2026-04-24,2,76.18255126953129,84.0,-7.817448730468712,7.817448730468712
KMIA,HRRR,2026-04-23 00:00:00+00:00,2026-04-24,2,76.47907226562504,84.0,-7.520927734374965,7.520927734374965
KNYC,HRRR,2026-04-24 06:00:00+00:00,2026-04-24,0,68.89768188476566,68.0,0.8976818847656602,0.8976818847656602
KNYC,HRRR,2026-04-24 12:00:00+00:00,2026-04-24,0,67.53526733398442,68.0,-0.4647326660155784,0.4647326660155784
KNYC,HRRR,2026-04-24 18:00:00+00:00,2026-04-24,0,66.97551391601567,68.0,-1.0244860839843284,1.0244860839843284
KNYC,HRRR,2026-04-25 00:00:00+00:00,2026-04-24,0,49.64062622070317,68.0,-18.35937377929683,18.35937377929683
KNYC,NBM,2026-04-24 06:00:00+00:00,2026-04-24,0,68.14835937500004,68.0,0.14835937500004093,0.14835937500004093
KNYC,NBM,2026-04-24 12:00:00+00:00,2026-04-24,0,67.61596191406254,68.0,-0.3840380859374619,0.3840380859374619
KNYC,HRRR,2026-04-23 06:00:00+00:00,2026-04-24,1,66.39516113281255,68.0,-1.6048388671874534,1.6048388671874534
KNYC,HRRR,2026-04-23 12:00:00+00:00,2026-04-24,1,66.14231079101566,68.0,-1.8576892089843398,1.8576892089843398
KNYC,HRRR,2026-04-23 18:00:00+00:00,2026-04-24,1,66.57143676757816,68.0,-1.428563232421837,1.428563232421837
KNYC,HRRR,2026-04-24 00:00:00+00:00,2026-04-24,1,66.22882812500004,68.0,-1.7711718749999648,1.7711718749999648
KNYC,NBM,2026-04-23 06:00:00+00:00,2026-04-24,1,67.38881958007816,68.0,-0.6111804199218369,0.6111804199218369
KNYC,NBM,2026-04-23 12:00:00+00:00,2026-04-24,1,67.76768310546879,68.0,-0.23231689453120907,0.23231689453120907
KNYC,NBM,2026-04-23 18:00:00+00:00,2026-04-24,1,67.40271728515629,68.0,-0.5972827148437148,0.5972827148437148
KNYC,NBM,2026-04-24 00:00:00+00:00,2026-04-24,1,68.12660644531255,68.0,0.1266064453125466,0.1266064453125466
KNYC,HRRR,2026-04-22 06:00:00+00:00,2026-04-24,2,57.99754150390629,68.0,-10.002458496093709,10.002458496093709
KNYC,HRRR,2026-04-22 12:00:00+00:00,2026-04-24,2,60.18162353515629,68.0,-7.818376464843709,7.818376464843709
KNYC,HRRR,2026-04-22 18:00:00+00:00,2026-04-24,2,66.74524047851567,68.0,-1.2547595214843312,1.2547595214843312
KNYC,HRRR,2026-04-23 00:00:00+00:00,2026-04-24,2,61.246857910156294,68.0,-6.753142089843706,6.753142089843706
KNYC,NBM,2026-04-22 06:00:00+00:00,2026-04-24,2,65.95823486328129,68.0,-2.041765136718709,2.041765136718709
KNYC,NBM,2026-04-22 12:00:00+00:00,2026-04-24,2,66.86735351562504,68.0,-1.132646484374959,1.132646484374959
KNYC,NBM,2026-04-22 18:00:00+00:00,2026-04-24,2,68.23949096679692,68.0,0.2394909667969216,0.2394909667969216
KNYC,NBM,2026-04-23 00:00:00+00:00,2026-04-24,2,67.8661206054688,68.0,-0.13387939453120623,0.13387939453120623
KNYC,NBM,2026-04-21 06:00:00+00:00,2026-04-24,3,63.61941040039066,68.0,-4.380589599609337,4.380589599609337
KNYC,NBM,2026-04-21 12:00:00+00:00,2026-04-24,3,63.814362792968794,68.0,-4.185637207031206,4.185637207031206
KNYC,NBM,2026-04-21 18:00:00+00:00,2026-04-24,3,64.69969604492192,68.0,-3.3003039550780784,3.3003039550780784
KNYC,NBM,2026-04-22 00:00:00+00:00,2026-04-24,3,64.90211914062505,68.0,-3.0978808593749534,3.0978808593749534
KNYC,NBM,2026-04-20 06:00:00+00:00,2026-04-24,4,68.83170898437504,68.0,0.8317089843750409,0.8317089843750409
KNYC,NBM,2026-04-20 12:00:00+00:00,2026-04-24,4,67.75482910156254,68.0,-0.24517089843746476,0.24517089843746476
KNYC,NBM,2026-04-20 18:00:00+00:00,2026-04-24,4,67.71483886718754,68.0,-0.2851611328124619,0.2851611328124619
KNYC,NBM,2026-04-21 00:00:00+00:00,2026-04-24,4,65.63864257812504,68.0,-2.3613574218749562,2.3613574218749562
KNYC,NBM,2026-04-19 06:00:00+00:00,2026-04-24,5,70.32909057617192,68.0,2.3290905761719216,2.3290905761719216
KNYC,NBM,2026-04-19 12:00:00+00:00,2026-04-24,5,69.2877514648438,68.0,1.2877514648437938,1.2877514648437938
KNYC,NBM,2026-04-19 18:00:00+00:00,2026-04-24,5,69.12235229492191,68.0,1.1223522949219102,1.1223522949219102
KNYC,NBM,2026-04-20 00:00:00+00:00,2026-04-24,5,69.40772216796879,68.0,1.4077221679687852,1.4077221679687852
KNYC,NBM,2026-04-18 06:00:00+00:00,2026-04-24,6,71.63558471679691,68.0,3.635584716796913,3.635584716796913
KNYC,NBM,2026-04-18 12:00:00+00:00,2026-04-24,6,70.86478393554691,68.0,2.8647839355469102,2.8647839355469102
KNYC,NBM,2026-04-18 18:00:00+00:00,2026-04-24,6,71.70199707031254,68.0,3.7019970703125438,3.7019970703125438
KNYC,NBM,2026-04-19 00:00:00+00:00,2026-04-24,6,71.9288647460938,68.0,3.9288647460937938,3.9288647460937938
KNYC,NBM,2026-04-17 06:00:00+00:00,2026-04-24,7,72.53629882812504,68.0,4.536298828125041,4.536298828125041
KNYC,NBM,2026-04-17 12:00:00+00:00,2026-04-24,7,71.39031494140629,68.0,3.390314941406288,3.390314941406288
KNYC,NBM,2026-04-17 18:00:00+00:00,2026-04-24,7,72.81123168945317,68.0,4.811231689453166,4.811231689453166
KNYC,NBM,2026-04-18 00:00:00+00:00,2026-04-24,7,70.12320678710941,68.0,2.1232067871094102,2.1232067871094102
KMDW,HRRR,2026-04-25 06:00:00+00:00,2026-04-25,0,52.290803222656294,56.0,-3.7091967773437062,3.7091967773437062
KMDW,HRRR,2026-04-25 12:00:00+00:00,2026-04-25,0,53.749952392578166,56.0,-2.250047607421834,2.250047607421834
KMDW,HRRR,2026-04-25 18:00:00+00:00,2026-04-25,0,56.37068603515629,56.0,0.3706860351562895,0.3706860351562895
KMDW,HRRR,2026-04-26 00:00:00+00:00,2026-04-25,0,45.71680419921879,56.0,-10.283195800781208,10.283195800781208
KMDW,NBM,2026-04-25 12:00:00+00:00,2026-04-25,0,59.25443237304692,56.0,3.2544323730469173,3.2544323730469173
KMDW,HRRR,2026-04-24 06:00:00+00:00,2026-04-25,1,58.030225830078166,56.0,2.030225830078166,2.030225830078166
KMDW,HRRR,2026-04-24 12:00:00+00:00,2026-04-25,1,59.12067382812504,56.0,3.1206738281250423,3.1206738281250423
KMDW,HRRR,2026-04-24 18:00:00+00:00,2026-04-25,1,55.33170898437504,56.0,-0.6682910156249591,0.6682910156249591
KMDW,HRRR,2026-04-25 00:00:00+00:00,2026-04-25,1,54.79134643554691,56.0,-1.208653564453087,1.208653564453087
KMDW,NBM,2026-04-24 12:00:00+00:00,2026-04-25,1,60.72017333984379,56.0,4.7201733398437895,4.7201733398437895
KMDW,HRRR,2026-04-23 06:00:00+00:00,2026-04-25,2,55.99616210937504,56.0,-0.0038378906249576517,0.0038378906249576517
KMDW,HRRR,2026-04-23 12:00:00+00:00,2026-04-25,2,55.988251953125044,56.0,-0.01174804687495623,0.01174804687495623
KMDW,HRRR,2026-04-23 18:00:00+00:00,2026-04-25,2,56.16480224609379,56.0,0.16480224609379235,0.16480224609379235
KMDW,HRRR,2026-04-24 00:00:00+00:00,2026-04-25,2,57.53045776367192,56.0,1.5304577636719188,1.5304577636719188
KMIA,HRRR,2026-04-25 06:00:00+00:00,2026-04-25,0,82.62938354492192,85.0,-2.3706164550780784,2.3706164550780784
KMIA,HRRR,2026-04-25 12:00:00+00:00,2026-04-25,0,82.85828369140629,85.0,-2.1417163085937148,2.1417163085937148
KMIA,HRRR,2026-04-25 18:00:00+00:00,2026-04-25,0,83.60002563476567,85.0,-1.3999743652343284,1.3999743652343284
KMIA,HRRR,2026-04-26 00:00:00+00:00,2026-04-25,0,76.03451049804691,85.0,-8.965489501953087,8.965489501953087
KMIA,NBM,2026-04-25 12:00:00+00:00,2026-04-25,0,84.45443237304691,85.0,-0.5455676269530869,0.5455676269530869
KMIA,HRRR,2026-04-24 06:00:00+00:00,2026-04-25,1,83.59398315429692,85.0,-1.4060168457030784,1.4060168457030784
KMIA,HRRR,2026-04-24 12:00:00+00:00,2026-04-25,1,80.73248413085942,85.0,-4.267515869140581,4.267515869140581
KMIA,HRRR,2026-04-24 18:00:00+00:00,2026-04-25,1,82.83103759765629,85.0,-2.168962402343709,2.168962402343709
KMIA,HRRR,2026-04-25 00:00:00+00:00,2026-04-25,1,83.40001953125004,85.0,-1.599980468749962,1.599980468749962
KMIA,NBM,2026-04-24 12:00:00+00:00,2026-04-25,1,83.76020629882817,85.0,-1.239793701171834,1.239793701171834
KMIA,HRRR,2026-04-23 06:00:00+00:00,2026-04-25,2,69.82262084960942,85.0,-15.177379150390578,15.177379150390578
KMIA,HRRR,2026-04-23 12:00:00+00:00,2026-04-25,2,70.14710205078129,85.0,-14.852897949218715,14.852897949218715
KMIA,HRRR,2026-04-23 18:00:00+00:00,2026-04-25,2,80.91480224609379,85.0,-4.085197753906215,4.085197753906215
KMIA,HRRR,2026-04-24 00:00:00+00:00,2026-04-25,2,82.01700561523441,85.0,-2.9829943847655898,2.9829943847655898
KNYC,HRRR,2026-04-25 06:00:00+00:00,2026-04-25,0,47.16271484375004,50.0,-2.837285156249962,2.837285156249962
KNYC,HRRR,2026-04-25 12:00:00+00:00,2026-04-25,0,51.25446289062504,50.0,1.2544628906250423,1.2544628906250423
KNYC,HRRR,2026-04-25 18:00:00+00:00,2026-04-25,0,43.733387451171915,50.0,-6.2666125488280855,6.2666125488280855
KNYC,HRRR,2026-04-25 19:00:00+00:00,2026-04-25,0,43.95701416015629,50.0,-6.042985839843709,6.042985839843709
KNYC,HRRR,2026-04-25 20:00:00+00:00,2026-04-25,0,42.64925659179691,50.0,-7.350743408203087,7.350743408203087
KNYC,HRRR,2026-04-25 21:00:00+00:00,2026-04-25,0,41.97546508789067,50.0,-8.024534912109331,8.024534912109331
KNYC,HRRR,2026-04-25 22:00:00+00:00,2026-04-25,0,41.36132934570317,50.0,-8.638670654296831,8.638670654296831
KNYC,HRRR,2026-04-25 23:00:00+00:00,2026-04-25,0,41.49497802734379,50.0,-8.505021972656209,8.505021972656209
KNYC,HRRR,2026-04-26 00:00:00+00:00,2026-04-25,0,41.22218750000004,50.0,-8.77781249999996,8.77781249999996
KNYC,HRRR,2026-04-26 01:00:00+00:00,2026-04-25,0,40.64633911132817,50.0,-9.353660888671833,9.353660888671833
KNYC,HRRR,2026-04-26 02:00:00+00:00,2026-04-25,0,40.74851196289067,50.0,-9.251488037109333,9.251488037109333
KNYC,NBM,2026-04-25 06:00:00+00:00,2026-04-25,0,50.90932739257816,50.0,0.9093273925781631,0.9093273925781631
KNYC,NBM,2026-04-25 12:00:00+00:00,2026-04-25,0,52.77442138671879,50.0,2.7744213867187923,2.7744213867187923
KNYC,HRRR,2026-04-24 06:00:00+00:00,2026-04-25,1,50.02333496093754,50.0,0.023334960937539506,0.023334960937539506
KNYC,HRRR,2026-04-24 12:00:00+00:00,2026-04-25,1,49.162061767578166,50.0,-0.8379382324218341,0.8379382324218341
KNYC,HRRR,2026-04-24 18:00:00+00:00,2026-04-25,1,47.82606933593754,50.0,-2.1739306640624605,2.1739306640624605
KNYC,HRRR,2026-04-25 00:00:00+00:00,2026-04-25,1,47.04461181640629,50.0,-2.955388183593712,2.955388183593712
KNYC,NBM,2026-04-24 06:00:00+00:00,2026-04-25,1,51.321809082031294,50.0,1.3218090820312938,1.3218090820312938
KNYC,NBM,2026-04-24 12:00:00+00:00,2026-04-25,1,52.08019531250004,50.0,2.080195312500038,2.080195312500038
KNYC,NBM,2026-04-24 18:00:00+00:00,2026-04-25,1,51.870576171875044,50.0,1.8705761718750438,1.8705761718750438
KNYC,NBM,2026-04-25 00:00:00+00:00,2026-04-25,1,52.009003906250044,50.0,2.0090039062500438,2.0090039062500438
KNYC,HRRR,2026-04-23 06:00:00+00:00,2026-04-25,2,47.77262084960942,50.0,-2.2273791503905827,2.2273791503905827
KNYC,HRRR,2026-04-23 12:00:00+00:00,2026-04-25,2,46.98649414062504,50.0,-3.013505859374959,3.013505859374959
KNYC,HRRR,2026-04-23 18:00:00+00:00,2026-04-25,2,49.55586669921879,50.0,-0.4441333007812105,0.4441333007812105
KNYC,HRRR,2026-04-24 00:00:00+00:00,2026-04-25,2,47.878693847656294,50.0,-2.1213061523437062,2.1213061523437062
KNYC,NBM,2026-04-23 06:00:00+00:00,2026-04-25,2,52.95739868164067,50.0,2.9573986816406688,2.9573986816406688
KNYC,NBM,2026-04-23 12:00:00+00:00,2026-04-25,2,52.69405639648441,50.0,2.694056396484413,2.694056396484413
KNYC,NBM,2026-04-23 18:00:00+00:00,2026-04-25,2,51.75033081054691,50.0,1.750330810546913,1.750330810546913
KNYC,NBM,2026-04-24 00:00:00+00:00,2026-04-25,2,51.43469360351567,50.0,1.4346936035156688,1.4346936035156688
KNYC,NBM,2026-04-22 06:00:00+00:00,2026-04-25,3,54.89851806640629,50.0,4.8985180664062895,4.8985180664062895
KNYC,NBM,2026-04-22 12:00:00+00:00,2026-04-25,3,53.70139282226567,50.0,3.7013928222656673,3.7013928222656673
KNYC,NBM,2026-04-22 18:00:00+00:00,2026-04-25,3,52.67543457031254,50.0,2.6754345703125395,2.6754345703125395
KNYC,NBM,2026-04-23 00:00:00+00:00,2026-04-25,3,53.60498779296879,50.0,3.6049877929687923,3.6049877929687923
KNYC,NBM,2026-04-21 06:00:00+00:00,2026-04-25,4,57.077546386718794,50.0,7.077546386718794,7.077546386718794
KNYC,NBM,2026-04-21 12:00:00+00:00,2026-04-25,4,58.201997070312544,50.0,8.201997070312544,8.201997070312544
KNYC,NBM,2026-04-21 18:00:00+00:00,2026-04-25,4,57.12066772460942,50.0,7.120667724609419,7.120667724609419
KNYC,NBM,2026-04-22 00:00:00+00:00,2026-04-25,4,56.594147949218794,50.0,6.594147949218794,6.594147949218794
KNYC,NBM,2026-04-20 06:00:00+00:00,2026-04-25,5,61.307667236328165,50.0,11.307667236328165,11.307667236328165
KNYC,NBM,2026-04-20 12:00:00+00:00,2026-04-25,5,59.37835815429692,50.0,9.378358154296919,9.378358154296919
KNYC,NBM,2026-04-20 18:00:00+00:00,2026-04-25,5,55.981110839843794,50.0,5.981110839843794,5.981110839843794
KNYC,NBM,2026-04-21 00:00:00+00:00,2026-04-25,5,56.547840576171915,50.0,6.5478405761719145,6.5478405761719145
KNYC,NBM,2026-04-19 06:00:00+00:00,2026-04-25,6,62.279188232421916,50.0,12.279188232421916,12.279188232421916
KNYC,NBM,2026-04-19 12:00:00+00:00,2026-04-25,6,61.95250976562504,50.0,11.952509765625038,11.952509765625038
KNYC,NBM,2026-04-19 18:00:00+00:00,2026-04-25,6,60.99285400390629,50.0,10.992854003906288,10.992854003906288
KNYC,NBM,2026-04-20 00:00:00+00:00,2026-04-25,6,61.12996337890629,50.0,11.12996337890629,11.12996337890629
KNYC,NBM,2026-04-18 06:00:00+00:00,2026-04-25,7,69.29895751953129,50.0,19.298957519531285,19.298957519531285
KNYC,NBM,2026-04-18 12:00:00+00:00,2026-04-25,7,67.60986450195317,50.0,17.60986450195317,17.60986450195317
KNYC,NBM,2026-04-18 18:00:00+00:00,2026-04-25,7,66.64136474609379,50.0,16.641364746093785,16.641364746093785
KNYC,NBM,2026-04-19 00:00:00+00:00,2026-04-25,7,66.61302001953129,50.0,16.61302001953129,16.61302001953129
KMDW,HRRR,2026-04-26 06:00:00+00:00,2026-04-26,0,58.422272949218794,60.0,-1.5777270507812062,1.5777270507812062
KMDW,HRRR,2026-04-26 12:00:00+00:00,2026-04-26,0,61.995411376953165,60.0,1.9954113769531645,1.9954113769531645
KMDW,HRRR,2026-04-26 18:00:00+00:00,2026-04-26,0,58.528840332031294,60.0,-1.4711596679687062,1.4711596679687062
KMDW,HRRR,2026-04-27 00:00:00+00:00,2026-04-26,0,52.66351440429692,60.0,-7.336485595703081,7.336485595703081
KMDW,NBM,2026-04-26 12:00:00+00:00,2026-04-26,0,66.68580444335942,60.0,6.685804443359416,6.685804443359416
KMDW,HRRR,2026-04-25 06:00:00+00:00,2026-04-26,1,60.26654785156254,60.0,0.26654785156254235,0.26654785156254235
KMDW,HRRR,2026-04-25 12:00:00+00:00,2026-04-26,1,59.28590820312504,60.0,-0.7140917968749605,0.7140917968749605
KMDW,HRRR,2026-04-25 18:00:00+00:00,2026-04-26,1,58.16013916015629,60.0,-1.839860839843709,1.839860839843709
KMDW,HRRR,2026-04-26 00:00:00+00:00,2026-04-26,1,57.12951171875004,60.0,-2.870488281249962,2.870488281249962
KMDW,NBM,2026-04-25 12:00:00+00:00,2026-04-26,1,68.1715405273438,60.0,8.171540527343794,8.171540527343794
KMDW,HRRR,2026-04-24 06:00:00+00:00,2026-04-26,2,45.78074462890629,60.0,-14.219255371093709,14.219255371093709
KMDW,HRRR,2026-04-24 12:00:00+00:00,2026-04-26,2,46.876905517578166,60.0,-13.123094482421834,13.123094482421834
KMDW,HRRR,2026-04-24 18:00:00+00:00,2026-04-26,2,56.867158203125044,60.0,-3.1328417968749562,3.1328417968749562
KMDW,HRRR,2026-04-25 00:00:00+00:00,2026-04-26,2,59.11391723632816,60.0,-0.8860827636718369,0.8860827636718369
KMIA,HRRR,2026-04-26 06:00:00+00:00,2026-04-26,0,84.52545898437504,88.0,-3.4745410156249648,3.4745410156249648
KMIA,HRRR,2026-04-26 12:00:00+00:00,2026-04-26,0,84.67454345703129,88.0,-3.325456542968709,3.325456542968709
KMIA,HRRR,2026-04-26 18:00:00+00:00,2026-04-26,0,85.08328979492191,88.0,-2.9167102050780898,2.9167102050780898
KMIA,HRRR,2026-04-27 00:00:00+00:00,2026-04-26,0,75.61351440429692,88.0,-12.386485595703078,12.386485595703078
KMIA,NBM,2026-04-26 12:00:00+00:00,2026-04-26,0,85.4057934570313,88.0,-2.5942065429687062,2.5942065429687062
KMIA,HRRR,2026-04-25 06:00:00+00:00,2026-04-26,1,84.07551391601567,88.0,-3.924486083984334,3.924486083984334
KMIA,HRRR,2026-04-25 12:00:00+00:00,2026-04-26,1,84.04859741210942,88.0,-3.951402587890584,3.951402587890584
KMIA,HRRR,2026-04-25 18:00:00+00:00,2026-04-26,1,85.08603637695316,88.0,-2.9139636230468398,2.9139636230468398
KMIA,HRRR,2026-04-26 00:00:00+00:00,2026-04-26,1,84.57868774414067,88.0,-3.421312255859334,3.421312255859334
KMIA,NBM,2026-04-25 12:00:00+00:00,2026-04-26,1,86.1715405273438,88.0,-1.8284594726562062,1.8284594726562062
KMIA,HRRR,2026-04-24 06:00:00+00:00,2026-04-26,2,72.13293579101567,88.0,-15.867064208984331,15.867064208984331
KMIA,HRRR,2026-04-24 12:00:00+00:00,2026-04-26,2,70.2237866210938,88.0,-17.776213378906206,17.776213378906206
KMIA,HRRR,2026-04-24 18:00:00+00:00,2026-04-26,2,84.20465820312504,88.0,-3.7953417968749648,3.7953417968749648
KMIA,HRRR,2026-04-25 00:00:00+00:00,2026-04-26,2,85.77641723632817,88.0,-2.2235827636718284,2.2235827636718284
KNYC,HRRR,2026-04-26 04:00:00+00:00,2026-04-26,0,47.01868408203129,57.0,-9.981315917968708,9.981315917968708
KNYC,HRRR,2026-04-26 05:00:00+00:00,2026-04-26,0,48.982105712890665,57.0,-8.017894287109335,8.017894287109335
KNYC,HRRR,2026-04-26 06:00:00+00:00,2026-04-26,0,50.122486572265665,57.0,-6.8775134277343355,6.8775134277343355
KNYC,HRRR,2026-04-26 07:00:00+00:00,2026-04-26,0,51.48891113281254,57.0,-5.5110888671874605,5.5110888671874605
KNYC,HRRR,2026-04-26 08:00:00+00:00,2026-04-26,0,49.53422363281254,57.0,-7.465776367187459,7.465776367187459
KNYC,HRRR,2026-04-26 09:00:00+00:00,2026-04-26,0,51.33147705078129,57.0,-5.668522949218712,5.668522949218712
KNYC,HRRR,2026-04-26 10:00:00+00:00,2026-04-26,0,50.37473266601567,57.0,-6.625267333984333,6.625267333984333
KNYC,HRRR,2026-04-26 11:00:00+00:00,2026-04-26,0,51.66079223632816,57.0,-5.339207763671837,5.339207763671837
KNYC,HRRR,2026-04-26 12:00:00+00:00,2026-04-26,0,52.720533447265666,57.0,-4.279466552734334,4.279466552734334
KNYC,HRRR,2026-04-26 13:00:00+00:00,2026-04-26,0,53.60262573242191,57.0,-3.397374267578087,3.397374267578087
KNYC,HRRR,2026-04-26 14:00:00+00:00,2026-04-26,0,51.97197998046879,57.0,-5.028020019531212,5.028020019531212
KNYC,HRRR,2026-04-26 15:00:00+00:00,2026-04-26,0,52.644398193359415,57.0,-4.3556018066405855,4.3556018066405855
KNYC,HRRR,2026-04-26 16:00:00+00:00,2026-04-26,0,53.029633789062544,57.0,-3.9703662109374562,3.9703662109374562
KNYC,HRRR,2026-04-26 17:00:00+00:00,2026-04-26,0,53.88206298828129,57.0,-3.117937011718709,3.117937011718709
KNYC,HRRR,2026-04-26 18:00:00+00:00,2026-04-26,0,54.022083740234415,57.0,-2.9779162597655855,2.9779162597655855
KNYC,HRRR,2026-04-26 19:00:00+00:00,2026-04-26,0,55.34730957031254,57.0,-1.6526904296874605,1.6526904296874605
KNYC,HRRR,2026-04-26 20:00:00+00:00,2026-04-26,0,56.27367675781254,57.0,-0.7263232421874619,0.7263232421874619
KNYC,HRRR,2026-04-26 21:00:00+00:00,2026-04-26,0,56.65429809570317,57.0,-0.34570190429683123,0.34570190429683123
KNYC,HRRR,2026-04-26 22:00:00+00:00,2026-04-26,0,55.10703857421879,57.0,-1.892961425781209,1.892961425781209
KNYC,HRRR,2026-04-26 23:00:00+00:00,2026-04-26,0,50.729481201171915,57.0,-6.2705187988280855,6.2705187988280855
KNYC,HRRR,2026-04-27 00:00:00+00:00,2026-04-26,0,48.72601440429692,57.0,-8.273985595703081,8.273985595703081
KNYC,HRRR,2026-04-27 01:00:00+00:00,2026-04-26,0,47.11009033203129,57.0,-9.889909667968709,9.889909667968709
KNYC,HRRR,2026-04-27 02:00:00+00:00,2026-04-26,0,45.59320800781254,57.0,-11.406791992187458,11.406791992187458
KNYC,NBM,2026-04-26 06:00:00+00:00,2026-04-26,0,59.58457153320317,57.0,2.5845715332031673,2.5845715332031673
KNYC,NBM,2026-04-26 12:00:00+00:00,2026-04-26,0,59.48580444335941,57.0,2.485804443359413,2.485804443359413
KNYC,HRRR,2026-04-25 06:00:00+00:00,2026-04-26,1,51.31708496093754,57.0,-5.682915039062458,5.682915039062458
KNYC,HRRR,2026-04-25 12:00:00+00:00,2026-04-26,1,49.49840820312504,57.0,-7.501591796874962,7.501591796874962
KNYC,HRRR,2026-04-25 18:00:00+00:00,2026-04-26,1,52.05542114257817,57.0,-4.944578857421831,4.944578857421831
KNYC,HRRR,2026-04-25 19:00:00+00:00,2026-04-26,1,41.61077392578129,57.0,-15.389226074218712,15.389226074218712
KNYC,HRRR,2026-04-25 20:00:00+00:00,2026-04-26,1,40.96312988281254,57.0,-16.036870117187462,16.036870117187462
KNYC,HRRR,2026-04-25 21:00:00+00:00,2026-04-26,1,41.73134887695316,57.0,-15.268651123046837,15.268651123046837
KNYC,HRRR,2026-04-25 22:00:00+00:00,2026-04-26,1,41.41247070312504,57.0,-15.587529296874962,15.587529296874962
KNYC,HRRR,2026-04-25 23:00:00+00:00,2026-04-26,1,42.25226562500004,57.0,-14.747734374999958,14.747734374999958
KNYC,HRRR,2026-04-26 00:00:00+00:00,2026-04-26,1,49.94335449218754,57.0,-7.056645507812462,7.056645507812462
KNYC,HRRR,2026-04-26 01:00:00+00:00,2026-04-26,1,45.81831787109379,57.0,-11.18168212890621,11.18168212890621
KNYC,HRRR,2026-04-26 02:00:00+00:00,2026-04-26,1,41.81852539062504,57.0,-15.181474609374959,15.181474609374959
KNYC,HRRR,2026-04-26 03:00:00+00:00,2026-04-26,1,45.015272216796916,57.0,-11.984727783203084,11.984727783203084
KNYC,NBM,2026-04-25 06:00:00+00:00,2026-04-26,1,57.408234863281294,57.0,0.40823486328129377,0.40823486328129377
KNYC,NBM,2026-04-25 12:00:00+00:00,2026-04-26,1,58.091584472656294,57.0,1.0915844726562938,1.0915844726562938
KNYC,NBM,2026-04-25 18:00:00+00:00,2026-04-26,1,60.143995361328166,57.0,3.143995361328166,3.143995361328166
KNYC,NBM,2026-04-26 00:00:00+00:00,2026-04-26,1,59.36358154296879,57.0,2.363581542968788,2.363581542968788
KNYC,HRRR,2026-04-24 06:00:00+00:00,2026-04-26,2,41.42043579101566,57.0,-15.579564208984337,15.579564208984337
KNYC,HRRR,2026-04-24 12:00:00+00:00,2026-04-26,2,40.63628662109379,57.0,-16.363713378906212,16.363713378906212
KNYC,HRRR,2026-04-24 18:00:00+00:00,2026-04-26,2,44.82965820312504,57.0,-12.170341796874958,12.170341796874958
KNYC,HRRR,2026-04-25 00:00:00+00:00,2026-04-26,2,51.24907958984379,57.0,-5.750920410156212,5.750920410156212
KNYC,NBM,2026-04-24 06:00:00+00:00,2026-04-26,2,57.38543823242192,57.0,0.38543823242191877,0.38543823242191877
KNYC,NBM,2026-04-24 12:00:00+00:00,2026-04-26,2,56.69829833984379,57.0,-0.3017016601562119,0.3017016601562119
KNYC,NBM,2026-04-24 18:00:00+00:00,2026-04-26,2,55.92464111328129,57.0,-1.0753588867187105,1.0753588867187105
KNYC,NBM,2026-04-25 00:00:00+00:00,2026-04-26,2,57.251514892578165,57.0,0.2515148925781645,0.2515148925781645
KNYC,NBM,2026-04-23 06:00:00+00:00,2026-04-26,3,57.80379760742191,57.0,0.8037976074219131,0.8037976074219131
KNYC,NBM,2026-04-23 12:00:00+00:00,2026-04-26,3,55.25425537109379,57.0,-1.745744628906209,1.745744628906209
KNYC,NBM,2026-04-23 18:00:00+00:00,2026-04-26,3,56.31899536132816,57.0,-0.6810046386718369,0.6810046386718369
KNYC,NBM,2026-04-24 00:00:00+00:00,2026-04-26,3,54.81029785156254,57.0,-2.189702148437462,2.189702148437462
KNYC,NBM,2026-04-22 06:00:00+00:00,2026-04-26,4,58.823658447265665,57.0,1.8236584472656645,1.8236584472656645
KNYC,NBM,2026-04-22 12:00:00+00:00,2026-04-26,4,59.34424560546879,57.0,2.3442456054687923,2.3442456054687923
KNYC,NBM,2026-04-22 18:00:00+00:00,2026-04-26,4,59.62648437500004,57.0,2.6264843750000395,2.6264843750000395
KNYC,NBM,2026-04-23 00:00:00+00:00,2026-04-26,4,59.98903320312504,57.0,2.9890332031250395,2.9890332031250395
KNYC,NBM,2026-04-21 06:00:00+00:00,2026-04-26,5,58.91693237304692,57.0,1.9169323730469188,1.9169323730469188
KNYC,NBM,2026-04-21 12:00:00+00:00,2026-04-26,5,58.596406250000044,57.0,1.5964062500000438,1.5964062500000438
KNYC,NBM,2026-04-21 18:00:00+00:00,2026-04-26,5,60.09307373046879,57.0,3.093073730468788,3.093073730468788
KNYC,NBM,2026-04-22 00:00:00+00:00,2026-04-26,5,59.99194458007817,57.0,2.9919445800781688,2.9919445800781688
KNYC,NBM,2026-04-20 06:00:00+00:00,2026-04-26,6,61.94734619140629,57.0,4.9473461914062895,4.9473461914062895
KNYC,NBM,2026-04-20 12:00:00+00:00,2026-04-26,6,60.815095214843794,57.0,3.8150952148437938,3.8150952148437938
KNYC,NBM,2026-04-20 18:00:00+00:00,2026-04-26,6,58.60728271484379,57.0,1.607282714843791,1.607282714843791
KNYC,NBM,2026-04-21 00:00:00+00:00,2026-04-26,6,59.268769531250044,57.0,2.2687695312500438,2.2687695312500438
KNYC,NBM,2026-04-19 06:00:00+00:00,2026-04-26,7,64.85833862304692,57.0,7.858338623046919,7.858338623046919
KNYC,NBM,2026-04-19 12:00:00+00:00,2026-04-26,7,63.619355468750044,57.0,6.619355468750044,6.619355468750044
KNYC,NBM,2026-04-19 18:00:00+00:00,2026-04-26,7,61.75305297851567,57.0,4.753052978515669,4.753052978515669
KNYC,NBM,2026-04-20 00:00:00+00:00,2026-04-26,7,60.53450439453129,57.0,3.5345043945312895,3.5345043945312895
KMDW,HRRR,2026-04-27 06:00:00+00:00,2026-04-27,0,63.93059814453129,68.0,-4.069401855468712,4.069401855468712
KMDW,HRRR,2026-04-27 12:00:00+00:00,2026-04-27,0,64.7855541992188,68.0,-3.2144458007812062,3.2144458007812062
KMDW,HRRR,2026-04-27 18:00:00+00:00,2026-04-27,0,65.28664062500005,68.0,-2.7133593749999534,2.7133593749999534
KMDW,HRRR,2026-04-28 00:00:00+00:00,2026-04-27,0,61.02301147460942,68.0,-6.976988525390581,6.976988525390581
KMDW,NBM,2026-04-27 12:00:00+00:00,2026-04-27,0,71.75192993164066,68.0,3.7519299316406602,3.7519299316406602
KMDW,HRRR,2026-04-26 06:00:00+00:00,2026-04-27,1,65.65089233398442,68.0,-2.349107666015584,2.349107666015584
KMDW,HRRR,2026-04-26 12:00:00+00:00,2026-04-27,1,64.74309204101567,68.0,-3.2569079589843284,3.2569079589843284
KMDW,HRRR,2026-04-26 18:00:00+00:00,2026-04-27,1,65.69209106445317,68.0,-2.307908935546834,2.307908935546834
KMDW,HRRR,2026-04-27 00:00:00+00:00,2026-04-27,1,66.8142895507813,68.0,-1.1857104492187034,1.1857104492187034
KMDW,NBM,2026-04-26 12:00:00+00:00,2026-04-27,1,75.13994873046879,68.0,7.139948730468788,7.139948730468788
KMDW,HRRR,2026-04-25 06:00:00+00:00,2026-04-27,2,50.819569091796915,68.0,-17.180430908203085,17.180430908203085
KMDW,HRRR,2026-04-25 12:00:00+00:00,2026-04-27,2,51.61931884765629,68.0,-16.380681152343712,16.380681152343712
KMDW,HRRR,2026-04-25 18:00:00+00:00,2026-04-27,2,67.41628540039066,68.0,-0.5837145996093369,0.5837145996093369
KMDW,HRRR,2026-04-26 00:00:00+00:00,2026-04-27,2,62.71803710937504,68.0,-5.2819628906249605,5.2819628906249605
KMIA,HRRR,2026-04-27 06:00:00+00:00,2026-04-27,0,84.41559570312504,88.0,-3.5844042968749648,3.5844042968749648
KMIA,HRRR,2026-04-27 12:00:00+00:00,2026-04-27,0,82.44118774414066,88.0,-5.558812255859337,5.558812255859337
KMIA,HRRR,2026-04-27 18:00:00+00:00,2026-04-27,0,85.31609008789067,88.0,-2.6839099121093284,2.6839099121093284
KMIA,HRRR,2026-04-28 00:00:00+00:00,2026-04-27,0,76.43551147460941,88.0,-11.564488525390587,11.564488525390587
KMIA,NBM,2026-04-27 12:00:00+00:00,2026-04-27,0,86.87191894531254,88.0,-1.1280810546874562,1.1280810546874562
KMIA,HRRR,2026-04-26 06:00:00+00:00,2026-04-27,1,84.27414672851566,88.0,-3.7258532714843398,3.7258532714843398
KMIA,HRRR,2026-04-26 12:00:00+00:00,2026-04-27,1,83.12865722656254,88.0,-4.871342773437462,4.871342773437462
KMIA,HRRR,2026-04-26 18:00:00+00:00,2026-04-27,1,81.87379882812505,88.0,-6.126201171874953,6.126201171874953
KMIA,HRRR,2026-04-27 00:00:00+00:00,2026-04-27,1,82.5642895507813,88.0,-5.435710449218703,5.435710449218703
KMIA,NBM,2026-04-26 12:00:00+00:00,2026-04-27,1,85.93994873046879,88.0,-2.0600512695312148,2.0600512695312148
KMIA,HRRR,2026-04-25 06:00:00+00:00,2026-04-27,2,73.14625976562505,88.0,-14.853740234374953,14.853740234374953
KMIA,HRRR,2026-04-25 12:00:00+00:00,2026-04-27,2,72.04334228515629,88.0,-15.956657714843715,15.956657714843715
KMIA,HRRR,2026-04-25 18:00:00+00:00,2026-04-27,2,86.67817504882817,88.0,-1.321824951171834,1.321824951171834
KMIA,HRRR,2026-04-26 00:00:00+00:00,2026-04-27,2,82.40147216796879,88.0,-5.598527832031209,5.598527832031209
KNYC,HRRR,2026-04-27 04:00:00+00:00,2026-04-27,0,65.72647827148441,68.0,-2.2735217285155898,2.2735217285155898
KNYC,HRRR,2026-04-27 05:00:00+00:00,2026-04-27,0,65.48895385742192,68.0,-2.5110461425780812,2.5110461425780812
KNYC,HRRR,2026-04-27 06:00:00+00:00,2026-04-27,0,65.74059570312504,68.0,-2.259404296874962,2.259404296874962
KNYC,HRRR,2026-04-27 07:00:00+00:00,2026-04-27,0,65.45017211914066,68.0,-2.5498278808593398,2.5498278808593398
KNYC,HRRR,2026-04-27 08:00:00+00:00,2026-04-27,0,65.16908691406255,68.0,-2.8309130859374534,2.8309130859374534
KNYC,HRRR,2026-04-27 09:00:00+00:00,2026-04-27,0,65.69752929687505,68.0,-2.3024707031249534,2.3024707031249534
KNYC,HRRR,2026-04-27 10:00:00+00:00,2026-04-27,0,66.25371215820317,68.0,-1.7462878417968284,1.7462878417968284
KNYC,HRRR,2026-04-27 11:00:00+00:00,2026-04-27,0,65.71076782226567,68.0,-2.289232177734334,2.289232177734334
KNYC,HRRR,2026-04-27 12:00:00+00:00,2026-04-27,0,66.35368774414067,68.0,-1.6463122558593284,1.6463122558593284
KNYC,HRRR,2026-04-27 13:00:00+00:00,2026-04-27,0,66.41054199218755,68.0,-1.5894580078124534,1.5894580078124534
KNYC,HRRR,2026-04-27 14:00:00+00:00,2026-04-27,0,67.1289379882813,68.0,-0.8710620117187062,0.8710620117187062
KNYC,HRRR,2026-04-27 15:00:00+00:00,2026-04-27,0,67.64128540039067,68.0,-0.3587145996093284,0.3587145996093284
KNYC,HRRR,2026-04-27 16:00:00+00:00,2026-04-27,0,67.6518872070313,68.0,-0.34811279296870623,0.34811279296870623
KNYC,HRRR,2026-04-27 17:00:00+00:00,2026-04-27,0,67.83997314453129,68.0,-0.16002685546871476,0.16002685546871476
KNYC,HRRR,2026-04-27 18:00:00+00:00,2026-04-27,0,68.02382934570316,68.0,0.023829345703163085,0.023829345703163085
KNYC,HRRR,2026-04-27 19:00:00+00:00,2026-04-27,0,68.47657592773442,68.0,0.4765759277344159,0.4765759277344159
KNYC,HRRR,2026-04-27 20:00:00+00:00,2026-04-27,0,66.41048706054691,68.0,-1.589512939453087,1.589512939453087
KNYC,HRRR,2026-04-27 21:00:00+00:00,2026-04-27,0,62.97934692382817,68.0,-5.020653076171833,5.020653076171833
KNYC,HRRR,2026-04-27 22:00:00+00:00,2026-04-27,0,57.76616943359379,68.0,-10.233830566406212,10.233830566406212
KNYC,HRRR,2026-04-27 23:00:00+00:00,2026-04-27,0,54.98305786132816,68.0,-13.016942138671837,13.016942138671837
KNYC,HRRR,2026-04-28 00:00:00+00:00,2026-04-27,0,52.81051147460941,68.0,-15.189488525390587,15.189488525390587
KNYC,HRRR,2026-04-28 01:00:00+00:00,2026-04-27,0,51.00842407226567,68.0,-16.99157592773433,16.99157592773433
KNYC,HRRR,2026-04-28 02:00:00+00:00,2026-04-27,0,49.71088378906254,68.0,-18.289116210937458,18.289116210937458
KNYC,NBM,2026-04-27 06:00:00+00:00,2026-04-27,0,68.47794921875004,68.0,0.4779492187500409,0.4779492187500409
KNYC,NBM,2026-04-27 12:00:00+00:00,2026-04-27,0,68.87191894531254,68.0,0.8719189453125438,0.8719189453125438
KNYC,HRRR,2026-04-26 06:00:00+00:00,2026-04-27,1,61.420441894531294,68.0,-6.579558105468706,6.579558105468706
KNYC,HRRR,2026-04-26 12:00:00+00:00,2026-04-27,1,61.51080444335942,68.0,-6.489195556640581,6.489195556640581
KNYC,HRRR,2026-04-26 14:00:00+00:00,2026-04-27,1,42.70764892578129,68.0,-25.292351074218708,25.292351074218708
KNYC,HRRR,2026-04-26 15:00:00+00:00,2026-04-27,1,42.37284057617192,68.0,-25.627159423828083,25.627159423828083
KNYC,HRRR,2026-04-26 16:00:00+00:00,2026-04-27,1,42.578175048828165,68.0,-25.421824951171835,25.421824951171835
KNYC,HRRR,2026-04-26 17:00:00+00:00,2026-04-27,1,42.83371704101567,68.0,-25.166282958984333,25.166282958984333
KNYC,HRRR,2026-04-26 18:00:00+00:00,2026-04-27,1,64.79209106445316,68.0,-3.2079089355468398,3.2079089355468398
KNYC,HRRR,2026-04-26 19:00:00+00:00,2026-04-27,1,43.56485717773442,68.0,-24.435142822265583,24.435142822265583
KNYC,HRRR,2026-04-26 20:00:00+00:00,2026-04-27,1,47.540864257812544,68.0,-20.459135742187456,20.459135742187456
KNYC,HRRR,2026-04-26 21:00:00+00:00,2026-04-27,1,53.26078613281254,68.0,-14.739213867187459,14.739213867187459
KNYC,HRRR,2026-04-26 22:00:00+00:00,2026-04-27,1,55.94035156250004,68.0,-12.059648437499959,12.059648437499959
KNYC,HRRR,2026-04-26 23:00:00+00:00,2026-04-27,1,47.582062988281294,68.0,-20.417937011718706,20.417937011718706
KNYC,HRRR,2026-04-27 00:00:00+00:00,2026-04-27,1,65.61815307617192,68.0,-2.3818469238280784,2.3818469238280784
KNYC,HRRR,2026-04-27 01:00:00+00:00,2026-04-27,1,48.08787353515629,68.0,-19.91212646484371,19.91212646484371
KNYC,HRRR,2026-04-27 02:00:00+00:00,2026-04-27,1,64.88921020507817,68.0,-3.1107897949218284,3.1107897949218284
KNYC,HRRR,2026-04-27 03:00:00+00:00,2026-04-27,1,64.09984252929692,68.0,-3.9001574707030784,3.9001574707030784
KNYC,NBM,2026-04-26 06:00:00+00:00,2026-04-27,1,68.29107177734379,68.0,0.2910717773437881,0.2910717773437881
KNYC,NBM,2026-04-26 12:00:00+00:00,2026-04-27,1,68.6599926757813,68.0,0.6599926757812966,0.6599926757812966
KNYC,NBM,2026-04-26 18:00:00+00:00,2026-04-27,1,68.01465576171879,68.0,0.014655761718785243,0.014655761718785243
KNYC,NBM,2026-04-27 00:00:00+00:00,2026-04-27,1,68.29167602539067,68.0,0.2916760253906716,0.2916760253906716
KNYC,HRRR,2026-04-25 06:00:00+00:00,2026-04-27,2,41.53375976562504,68.0,-26.466240234374958,26.466240234374958
KNYC,HRRR,2026-04-25 12:00:00+00:00,2026-04-27,2,47.23181884765629,68.0,-20.768181152343708,20.768181152343708
KNYC,HRRR,2026-04-25 18:00:00+00:00,2026-04-27,2,61.25317504882817,68.0,-6.746824951171831,6.746824951171831
KNYC,HRRR,2026-04-26 00:00:00+00:00,2026-04-27,2,61.87247436523442,68.0,-6.127525634765583,6.127525634765583
KNYC,NBM,2026-04-25 06:00:00+00:00,2026-04-27,2,66.5220532226563,68.0,-1.4779467773437034,1.4779467773437034
KNYC,NBM,2026-04-25 12:00:00+00:00,2026-04-27,2,65.68374145507816,68.0,-2.316258544921837,2.316258544921837
KNYC,NBM,2026-04-25 18:00:00+00:00,2026-04-27,2,66.44696166992192,68.0,-1.5530383300780812,1.5530383300780812
KNYC,NBM,2026-04-26 00:00:00+00:00,2026-04-27,2,67.23242919921879,68.0,-0.7675708007812148,0.7675708007812148
KNYC,NBM,2026-04-24 06:00:00+00:00,2026-04-27,3,64.22492187500004,68.0,-3.7750781249999648,3.7750781249999648
KNYC,NBM,2026-04-24 12:00:00+00:00,2026-04-27,3,64.38383911132817,68.0,-3.6161608886718284,3.6161608886718284
KNYC,NBM,2026-04-24 18:00:00+00:00,2026-04-27,3,64.91909301757816,68.0,-3.080906982421837,3.080906982421837
KNYC,NBM,2026-04-25 00:00:00+00:00,2026-04-27,3,65.69873779296879,68.0,-2.3012622070312148,2.3012622070312148
KNYC,NBM,2026-04-23 06:00:00+00:00,2026-04-27,4,64.52649658203129,68.0,-3.4735034179687148,3.4735034179687148
KNYC,NBM,2026-04-23 12:00:00+00:00,2026-04-27,4,65.39474609375004,68.0,-2.6052539062499562,2.6052539062499562
KNYC,NBM,2026-04-23 18:00:00+00:00,2026-04-27,4,64.51726806640629,68.0,-3.482731933593712,3.482731933593712
KNYC,NBM,2026-04-24 00:00:00+00:00,2026-04-27,4,64.67008789062504,68.0,-3.329912109374959,3.329912109374959
KNYC,NBM,2026-04-22 06:00:00+00:00,2026-04-27,5,64.24403808593755,68.0,-3.7559619140624534,3.7559619140624534
KNYC,NBM,2026-04-22 12:00:00+00:00,2026-04-27,5,63.125135498046916,68.0,-4.874864501953084,4.874864501953084
KNYC,NBM,2026-04-22 18:00:00+00:00,2026-04-27,5,64.51353271484379,68.0,-3.486467285156209,3.486467285156209
KNYC,NBM,2026-04-23 00:00:00+00:00,2026-04-27,5,63.84699218750004,68.0,-4.153007812499958,4.153007812499958
KNYC,NBM,2026-04-21 06:00:00+00:00,2026-04-27,6,64.90135009765629,68.0,-3.098649902343709,3.098649902343709
KNYC,NBM,2026-04-21 12:00:00+00:00,2026-04-27,6,63.82886474609379,68.0,-4.171135253906208,4.171135253906208
KNYC,NBM,2026-04-21 18:00:00+00:00,2026-04-27,6,65.01807983398442,68.0,-2.981920166015584,2.981920166015584
KNYC,NBM,2026-04-22 00:00:00+00:00,2026-04-27,6,64.29809082031254,68.0,-3.701909179687462,3.701909179687462
KNYC,NBM,2026-04-20 06:00:00+00:00,2026-04-27,7,65.23494995117191,68.0,-2.765050048828087,2.765050048828087
KNYC,NBM,2026-04-20 12:00:00+00:00,2026-04-27,7,65.01401489257816,68.0,-2.9859851074218398,2.9859851074218398
KNYC,NBM,2026-04-20 18:00:00+00:00,2026-04-27,7,64.5427563476563,68.0,-3.4572436523437062,3.4572436523437062
KNYC,NBM,2026-04-21 00:00:00+00:00,2026-04-27,7,63.188142089843794,68.0,-4.811857910156206,4.811857910156206
KMDW,HRRR,2026-04-28 06:00:00+00:00,2026-04-28,0,61.11859252929692,64.0,-2.8814074707030812,2.8814074707030812
KMDW,HRRR,2026-04-28 12:00:00+00:00,2026-04-28,0,58.69791992187504,64.0,-5.302080078124959,5.302080078124959
KMDW,HRRR,2026-04-28 18:00:00+00:00,2026-04-28,0,60.16942871093754,64.0,-3.830571289062462,3.830571289062462
KMDW,HRRR,2026-04-29 00:00:00+00:00,2026-04-28,0,57.79467895507817,64.0,-6.205321044921831,6.205321044921831
KMDW,NBM,2026-04-28 12:00:00+00:00,2026-04-28,0,66.11028564453129,64.0,2.110285644531288,2.110285644531288
KMDW,HRRR,2026-04-27 06:00:00+00:00,2026-04-28,1,60.17398803710942,64.0,-3.8260119628905827,3.8260119628905827
KMDW,HRRR,2026-04-27 12:00:00+00:00,2026-04-28,1,63.25867431640629,64.0,-0.7413256835937077,0.7413256835937077
KMDW,HRRR,2026-04-27 18:00:00+00:00,2026-04-28,1,59.56737792968754,64.0,-4.432622070312462,4.432622070312462
KMDW,HRRR,2026-04-28 00:00:00+00:00,2026-04-28,1,59.54771240234379,64.0,-4.452287597656209,4.452287597656209
KMDW,NBM,2026-04-27 12:00:00+00:00,2026-04-28,1,66.11193359375004,64.0,2.111933593750038,2.111933593750038
KMDW,HRRR,2026-04-26 06:00:00+00:00,2026-04-28,2,62.08209350585942,64.0,-1.9179064941405812,1.9179064941405812
KMDW,HRRR,2026-04-26 12:00:00+00:00,2026-04-28,2,62.26935546875004,64.0,-1.7306445312499577,1.7306445312499577
KMDW,HRRR,2026-04-26 18:00:00+00:00,2026-04-28,2,59.27640502929692,64.0,-4.723594970703083,4.723594970703083
KMDW,HRRR,2026-04-27 00:00:00+00:00,2026-04-28,2,62.548737792968794,64.0,-1.4512622070312062,1.4512622070312062
KMIA,HRRR,2026-04-28 06:00:00+00:00,2026-04-28,0,84.57747924804691,86.0,-1.422520751953087,1.422520751953087
KMIA,HRRR,2026-04-28 12:00:00+00:00,2026-04-28,0,83.40463378906254,86.0,-2.5953662109374562,2.5953662109374562
KMIA,HRRR,2026-04-28 18:00:00+00:00,2026-04-28,0,84.15955932617192,86.0,-1.840440673828084,1.840440673828084
KMIA,HRRR,2026-04-29 00:00:00+00:00,2026-04-28,0,75.56967895507816,86.0,-10.43032104492184,10.43032104492184
KMIA,NBM,2026-04-28 12:00:00+00:00,2026-04-28,0,84.83027465820317,86.0,-1.169725341796834,1.169725341796834
KMIA,HRRR,2026-04-27 06:00:00+00:00,2026-04-28,1,82.66624267578129,86.0,-3.333757324218709,3.333757324218709
KMIA,HRRR,2026-04-27 12:00:00+00:00,2026-04-28,1,82.82559936523441,86.0,-3.1744006347655898,3.1744006347655898
KMIA,HRRR,2026-04-27 18:00:00+00:00,2026-04-28,1,83.94010742187504,86.0,-2.059892578124959,2.059892578124959
KMIA,HRRR,2026-04-28 00:00:00+00:00,2026-04-28,1,84.0270092773438,86.0,-1.9729907226562062,1.9729907226562062
KMIA,NBM,2026-04-27 12:00:00+00:00,2026-04-28,1,84.83192260742192,86.0,-1.168077392578084,1.168077392578084
KMIA,HRRR,2026-04-26 06:00:00+00:00,2026-04-28,2,71.03913696289067,86.0,-14.960863037109334,14.960863037109334
KMIA,HRRR,2026-04-26 12:00:00+00:00,2026-04-28,2,70.76074340820317,86.0,-15.239256591796831,15.239256591796831
KMIA,HRRR,2026-04-26 18:00:00+00:00,2026-04-28,2,82.46480834960941,86.0,-3.535191650390587,3.535191650390587
KMIA,HRRR,2026-04-27 00:00:00+00:00,2026-04-28,2,84.06650512695316,86.0,-1.9334948730468398,1.9334948730468398
KNYC,HRRR,2026-04-28 04:00:00+00:00,2026-04-28,0,65.25846069335941,65.0,0.25846069335941024,0.25846069335941024
KNYC,HRRR,2026-04-28 05:00:00+00:00,2026-04-28,0,63.95630615234379,65.0,-1.0436938476562077,1.0436938476562077
KNYC,HRRR,2026-04-28 06:00:00+00:00,2026-04-28,0,63.86187866210942,65.0,-1.1381213378905812,1.1381213378905812
KNYC,HRRR,2026-04-28 07:00:00+00:00,2026-04-28,0,64.17960327148441,65.0,-0.8203967285155898,0.8203967285155898
KNYC,HRRR,2026-04-28 08:00:00+00:00,2026-04-28,0,63.51322753906254,65.0,-1.486772460937459,1.486772460937459
KNYC,HRRR,2026-04-28 09:00:00+00:00,2026-04-28,0,65.61842773437505,65.0,0.6184277343750466,0.6184277343750466
KNYC,HRRR,2026-04-28 10:00:00+00:00,2026-04-28,0,66.29749267578129,65.0,1.2974926757812852,1.2974926757812852
KNYC,HRRR,2026-04-28 11:00:00+00:00,2026-04-28,0,66.24706542968754,65.0,1.247065429687538,1.247065429687538
KNYC,HRRR,2026-04-28 12:00:00+00:00,2026-04-28,0,67.42963378906254,65.0,2.4296337890625352,2.4296337890625352
KNYC,HRRR,2026-04-28 13:00:00+00:00,2026-04-28,0,68.58819702148442,65.0,3.5881970214844188,3.5881970214844188
KNYC,HRRR,2026-04-28 14:00:00+00:00,2026-04-28,0,68.84670532226566,65.0,3.846705322265663,3.846705322265663
KNYC,HRRR,2026-04-28 15:00:00+00:00,2026-04-28,0,69.07626464843754,65.0,4.076264648437544,4.076264648437544
KNYC,HRRR,2026-04-28 16:00:00+00:00,2026-04-28,0,68.07667358398442,65.0,3.076673583984416,3.076673583984416
KNYC,HRRR,2026-04-28 17:00:00+00:00,2026-04-28,0,66.80566528320317,65.0,1.8056652832031688,1.8056652832031688
KNYC,HRRR,2026-04-28 18:00:00+00:00,2026-04-28,0,65.48455932617192,65.0,0.48455932617191877,0.48455932617191877
KNYC,HRRR,2026-04-28 19:00:00+00:00,2026-04-28,0,63.91681030273442,65.0,-1.0831896972655812,1.0831896972655812
KNYC,HRRR,2026-04-28 20:00:00+00:00,2026-04-28,0,60.93330810546879,65.0,-4.0666918945312105,4.0666918945312105
KNYC,HRRR,2026-04-28 21:00:00+00:00,2026-04-28,0,59.998646240234415,65.0,-5.0013537597655855,5.0013537597655855
KNYC,HRRR,2026-04-28 22:00:00+00:00,2026-04-28,0,58.59371459960941,65.0,-6.406285400390587,6.406285400390587
KNYC,HRRR,2026-04-28 23:00:00+00:00,2026-04-28,0,55.36631591796879,65.0,-9.633684082031209,9.633684082031209
KNYC,HRRR,2026-04-29 00:00:00+00:00,2026-04-28,0,53.29467895507817,65.0,-11.705321044921831,11.705321044921831
KNYC,HRRR,2026-04-29 01:00:00+00:00,2026-04-28,0,54.67879150390629,65.0,-10.32120849609371,10.32120849609371
KNYC,HRRR,2026-04-29 02:00:00+00:00,2026-04-28,0,52.20983398437504,65.0,-12.790166015624962,12.790166015624962
KNYC,NBM,2026-04-28 06:00:00+00:00,2026-04-28,0,66.78753784179692,65.0,1.7875378417969188,1.7875378417969188
KNYC,NBM,2026-04-28 12:00:00+00:00,2026-04-28,0,66.83027465820317,65.0,1.830274658203166,1.830274658203166
KNYC,HRRR,2026-04-27 06:00:00+00:00,2026-04-28,1,64.78819091796879,65.0,-0.21180908203120907,0.21180908203120907
KNYC,HRRR,2026-04-27 12:00:00+00:00,2026-04-28,1,63.43544433593754,65.0,-1.5645556640624605,1.5645556640624605
KNYC,HRRR,2026-04-27 13:00:00+00:00,2026-04-28,1,48.10440795898442,65.0,-16.895592041015583,16.895592041015583
KNYC,HRRR,2026-04-27 14:00:00+00:00,2026-04-28,1,47.12041748046879,65.0,-17.879582519531212,17.879582519531212
KNYC,HRRR,2026-04-27 15:00:00+00:00,2026-04-28,1,48.42004516601567,65.0,-16.57995483398433,16.57995483398433
KNYC,HRRR,2026-04-27 16:00:00+00:00,2026-04-28,1,48.28288085937504,65.0,-16.71711914062496,16.71711914062496
KNYC,HRRR,2026-04-27 17:00:00+00:00,2026-04-28,1,48.03750122070316,65.0,-16.962498779296837,16.962498779296837
KNYC,HRRR,2026-04-27 18:00:00+00:00,2026-04-28,1,64.08973510742192,65.0,-0.9102648925780841,0.9102648925780841
KNYC,HRRR,2026-04-27 19:00:00+00:00,2026-04-28,1,50.254871826171915,65.0,-14.745128173828085,14.745128173828085
KNYC,HRRR,2026-04-27 20:00:00+00:00,2026-04-28,1,48.25360229492192,65.0,-16.74639770507808,16.74639770507808
KNYC,HRRR,2026-04-27 21:00:00+00:00,2026-04-28,1,60.22353637695316,65.0,-4.776463623046837,4.776463623046837
KNYC,HRRR,2026-04-27 22:00:00+00:00,2026-04-28,1,57.32001464843754,65.0,-7.679985351562458,7.679985351562458
KNYC,HRRR,2026-04-28 00:00:00+00:00,2026-04-28,1,63.42714965820316,65.0,-1.572850341796837,1.572850341796837
KNYC,HRRR,2026-04-28 01:00:00+00:00,2026-04-28,1,65.18111694335941,65.0,0.18111694335941309,0.18111694335941309
KNYC,HRRR,2026-04-28 02:00:00+00:00,2026-04-28,1,65.05807006835941,65.0,0.058070068359413085,0.058070068359413085
KNYC,HRRR,2026-04-28 03:00:00+00:00,2026-04-28,1,63.72614257812504,65.0,-1.2738574218749577,1.2738574218749577
KNYC,NBM,2026-04-27 06:00:00+00:00,2026-04-28,1,67.09169433593755,65.0,2.0916943359375466,2.0916943359375466
KNYC,NBM,2026-04-27 12:00:00+00:00,2026-04-28,1,67.5519116210938,65.0,2.5519116210937938,2.5519116210937938
KNYC,NBM,2026-04-27 18:00:00+00:00,2026-04-28,1,67.53812377929691,65.0,2.5381237792969102,2.5381237792969102
KNYC,NBM,2026-04-28 00:00:00+00:00,2026-04-28,1,67.37673461914066,65.0,2.376734619140663,2.376734619140663
KNYC,HRRR,2026-04-26 06:00:00+00:00,2026-04-28,2,46.40163696289066,65.0,-18.598363037109337,18.598363037109337
KNYC,HRRR,2026-04-26 12:00:00+00:00,2026-04-28,2,48.906849365234415,65.0,-16.093150634765585,16.093150634765585
KNYC,HRRR,2026-04-26 18:00:00+00:00,2026-04-28,2,61.539808349609416,65.0,-3.460191650390584,3.460191650390584
KNYC,HRRR,2026-04-27 00:00:00+00:00,2026-04-28,2,63.929005126953165,65.0,-1.0709948730468355,1.0709948730468355
KNYC,NBM,2026-04-26 06:00:00+00:00,2026-04-28,2,66.43372314453129,65.0,1.4337231445312852,1.4337231445312852
KNYC,NBM,2026-04-26 12:00:00+00:00,2026-04-28,2,66.11715209960941,65.0,1.117152099609413,1.117152099609413
KNYC,NBM,2026-04-26 18:00:00+00:00,2026-04-28,2,65.92071655273442,65.0,0.9207165527344188,0.9207165527344188
KNYC,NBM,2026-04-27 00:00:00+00:00,2026-04-28,2,66.37439697265629,65.0,1.3743969726562852,1.3743969726562852
KNYC,NBM,2026-04-25 06:00:00+00:00,2026-04-28,3,64.51034667968754,65.0,-0.48965332031245623,0.48965332031245623
KNYC,NBM,2026-04-25 12:00:00+00:00,2026-04-28,3,65.12893188476566,65.0,0.12893188476566309,0.12893188476566309
KNYC,NBM,2026-04-25 18:00:00+00:00,2026-04-28,3,64.95990722656254,65.0,-0.04009277343746476,0.04009277343746476
KNYC,NBM,2026-04-26 00:00:00+00:00,2026-04-28,3,65.52015502929692,65.0,0.5201550292969159,0.5201550292969159
KNYC,NBM,2026-04-24 06:00:00+00:00,2026-04-28,4,64.4027905273438,65.0,-0.5972094726562034,0.5972094726562034
KNYC,NBM,2026-04-24 12:00:00+00:00,2026-04-28,4,64.80521972656254,65.0,-0.19478027343745907,0.19478027343745907
KNYC,NBM,2026-04-24 18:00:00+00:00,2026-04-28,4,63.772779541015666,65.0,-1.227220458984334,1.227220458984334
KNYC,NBM,2026-04-25 00:00:00+00:00,2026-04-28,4,63.741853027343794,65.0,-1.2581469726562062,1.2581469726562062
KNYC,NBM,2026-04-23 06:00:00+00:00,2026-04-28,5,61.92998779296879,65.0,-3.070012207031212,3.070012207031212
KNYC,NBM,2026-04-23 12:00:00+00:00,2026-04-28,5,63.27965820312504,65.0,-1.720341796874962,1.720341796874962
KNYC,NBM,2026-04-23 18:00:00+00:00,2026-04-28,5,63.729768066406294,65.0,-1.2702319335937062,1.2702319335937062
KNYC,NBM,2026-04-24 00:00:00+00:00,2026-04-28,5,63.795301513671916,65.0,-1.204698486328084,1.204698486328084
KNYC,NBM,2026-04-22 06:00:00+00:00,2026-04-28,6,63.64231689453129,65.0,-1.357683105468709,1.357683105468709
KNYC,NBM,2026-04-22 12:00:00+00:00,2026-04-28,6,63.46834838867191,65.0,-1.531651611328087,1.531651611328087
KNYC,NBM,2026-04-22 18:00:00+00:00,2026-04-28,6,61.17572143554692,65.0,-3.8242785644530812,3.8242785644530812
KNYC,NBM,2026-04-23 00:00:00+00:00,2026-04-28,6,61.318983154296916,65.0,-3.681016845703084,3.681016845703084
KNYC,NBM,2026-04-21 06:00:00+00:00,2026-04-28,7,64.34901245117192,65.0,-0.6509875488280841,0.6509875488280841
KNYC,NBM,2026-04-21 12:00:00+00:00,2026-04-28,7,63.60364501953129,65.0,-1.3963549804687077,1.3963549804687077
KNYC,NBM,2026-04-21 18:00:00+00:00,2026-04-28,7,64.59279907226566,65.0,-0.4072009277343369,0.4072009277343369
KNYC,NBM,2026-04-22 00:00:00+00:00,2026-04-28,7,63.54744995117191,65.0,-1.452550048828087,1.452550048828087
KMDW,HRRR,2026-04-29 06:00:00+00:00,2026-04-29,0,58.317738037109415,57.0,1.3177380371094145,1.3177380371094145
KMDW,HRRR,2026-04-29 12:00:00+00:00,2026-04-29,0,53.969349365234415,57.0,-3.0306506347655855,3.0306506347655855
KMDW,HRRR,2026-04-29 18:00:00+00:00,2026-04-29,0,51.439747314453165,57.0,-5.5602526855468355,5.5602526855468355
KMDW,HRRR,2026-04-30 00:00:00+00:00,2026-04-29,0,42.91995971679692,57.0,-14.080040283203083,14.080040283203083
KMDW,NBM,2026-04-29 12:00:00+00:00,2026-04-29,0,58.18343017578129,57.0,1.1834301757812895,1.1834301757812895
KMDW,HRRR,2026-04-28 06:00:00+00:00,2026-04-29,1,53.84789550781254,57.0,-3.152104492187462,3.152104492187462
KMDW,HRRR,2026-04-28 12:00:00+00:00,2026-04-29,1,52.10161865234379,57.0,-4.898381347656212,4.898381347656212
KMDW,HRRR,2026-04-28 18:00:00+00:00,2026-04-29,1,53.881623535156294,57.0,-3.1183764648437062,3.1183764648437062
KMDW,HRRR,2026-04-29 00:00:00+00:00,2026-04-29,1,58.84552124023442,57.0,1.8455212402344188,1.8455212402344188
KMDW,NBM,2026-04-28 12:00:00+00:00,2026-04-29,1,57.503651123046915,57.0,0.5036511230469145,0.5036511230469145
KMDW,HRRR,2026-04-27 06:00:00+00:00,2026-04-29,2,52.22949951171879,57.0,-4.770500488281208,4.770500488281208
KMDW,HRRR,2026-04-27 12:00:00+00:00,2026-04-29,2,50.67191284179692,57.0,-6.328087158203083,6.328087158203083
KMDW,HRRR,2026-04-27 18:00:00+00:00,2026-04-29,2,50.250257568359416,57.0,-6.749742431640584,6.749742431640584
KMDW,HRRR,2026-04-28 00:00:00+00:00,2026-04-29,2,51.891285400390665,57.0,-5.1087145996093355,5.1087145996093355
KMIA,HRRR,2026-04-29 06:00:00+00:00,2026-04-29,0,84.38906372070316,84.0,0.3890637207031631,0.3890637207031631
KMIA,HRRR,2026-04-29 12:00:00+00:00,2026-04-29,0,82.99039428710941,84.0,-1.0096057128905898,1.0096057128905898
KMIA,HRRR,2026-04-29 18:00:00+00:00,2026-04-29,0,82.9279370117188,84.0,-1.0720629882812034,1.0720629882812034
KMIA,HRRR,2026-04-30 00:00:00+00:00,2026-04-29,0,78.01995971679692,84.0,-5.980040283203081,5.980040283203081
KMIA,NBM,2026-04-29 12:00:00+00:00,2026-04-29,0,86.9834301757813,84.0,2.9834301757812938,2.9834301757812938
KMIA,HRRR,2026-04-28 06:00:00+00:00,2026-04-29,1,85.68122070312504,84.0,1.6812207031250352,1.6812207031250352
KMIA,HRRR,2026-04-28 12:00:00+00:00,2026-04-29,1,84.98292968750005,84.0,0.9829296875000466,0.9829296875000466
KMIA,HRRR,2026-04-28 18:00:00+00:00,2026-04-29,1,84.7066235351563,84.0,0.7066235351562966,0.7066235351562966
KMIA,HRRR,2026-04-29 00:00:00+00:00,2026-04-29,1,85.78690917968754,84.0,1.786909179687541,1.786909179687541
KMIA,NBM,2026-04-28 12:00:00+00:00,2026-04-29,1,86.30365112304692,84.0,2.3036511230469188,2.3036511230469188
KMIA,HRRR,2026-04-27 06:00:00+00:00,2026-04-29,2,69.43700073242192,84.0,-14.562999267578078,14.562999267578078
KMIA,HRRR,2026-04-27 12:00:00+00:00,2026-04-29,2,70.11716430664066,84.0,-13.88283569335934,13.88283569335934
KMIA,HRRR,2026-04-27 18:00:00+00:00,2026-04-29,2,84.21916015625004,84.0,0.21916015625004093,0.21916015625004093
KMIA,HRRR,2026-04-28 00:00:00+00:00,2026-04-29,2,84.66619384765629,84.0,0.6661938476562881,0.6661938476562881
KNYC,HRRR,2026-04-29 04:00:00+00:00,2026-04-29,0,61.384736328125044,62.0,-0.6152636718749562,0.6152636718749562
KNYC,HRRR,2026-04-29 05:00:00+00:00,2026-04-29,0,60.09120605468754,62.0,-1.9087939453124605,1.9087939453124605
KNYC,HRRR,2026-04-29 06:00:00+00:00,2026-04-29,0,58.58794677734379,62.0,-3.412053222656212,3.412053222656212
KNYC,HRRR,2026-04-29 07:00:00+00:00,2026-04-29,0,60.56087158203129,62.0,-1.4391284179687105,1.4391284179687105
KNYC,HRRR,2026-04-29 08:00:00+00:00,2026-04-29,0,63.60260131835942,62.0,1.6026013183594188,1.6026013183594188
KNYC,HRRR,2026-04-29 09:00:00+00:00,2026-04-29,0,63.546845703125044,62.0,1.5468457031250438,1.5468457031250438
KNYC,HRRR,2026-04-29 10:00:00+00:00,2026-04-29,0,63.92598388671879,62.0,1.9259838867187895,1.9259838867187895
KNYC,HRRR,2026-04-29 11:00:00+00:00,2026-04-29,0,63.78074462890629,62.0,1.780744628906291,1.780744628906291
KNYC,HRRR,2026-04-29 12:00:00+00:00,2026-04-29,0,64.14928100585942,62.0,2.1492810058594216,2.1492810058594216
KNYC,HRRR,2026-04-29 13:00:00+00:00,2026-04-29,0,66.0540356445313,62.0,4.054035644531297,4.054035644531297
KNYC,HRRR,2026-04-29 14:00:00+00:00,2026-04-29,0,64.70282714843754,62.0,2.7028271484375352,2.7028271484375352
KNYC,HRRR,2026-04-29 15:00:00+00:00,2026-04-29,0,64.20542114257816,62.0,2.2054211425781602,2.2054211425781602
KNYC,HRRR,2026-04-29 16:00:00+00:00,2026-04-29,0,63.14452636718754,62.0,1.144526367187538,1.144526367187538
KNYC,HRRR,2026-04-29 17:00:00+00:00,2026-04-29,0,61.72553222656254,62.0,-0.27446777343745765,0.27446777343745765
KNYC,HRRR,2026-04-29 18:00:00+00:00,2026-04-29,0,60.44177978515629,62.0,-1.5582202148437077,1.5582202148437077
KNYC,HRRR,2026-04-29 19:00:00+00:00,2026-04-29,0,57.91464965820317,62.0,-4.085350341796833,4.085350341796833
KNYC,HRRR,2026-04-29 20:00:00+00:00,2026-04-29,0,56.31449096679692,62.0,-5.685509033203083,5.685509033203083
KNYC,HRRR,2026-04-29 21:00:00+00:00,2026-04-29,0,53.90238769531254,62.0,-8.097612304687459,8.097612304687459
KNYC,HRRR,2026-04-29 22:00:00+00:00,2026-04-29,0,51.35284545898442,62.0,-10.647154541015581,10.647154541015581
KNYC,HRRR,2026-04-29 23:00:00+00:00,2026-04-29,0,49.886994628906294,62.0,-12.113005371093706,12.113005371093706
KNYC,HRRR,2026-04-30 00:00:00+00:00,2026-04-29,0,49.444959716796916,62.0,-12.555040283203084,12.555040283203084
KNYC,HRRR,2026-04-30 01:00:00+00:00,2026-04-29,0,48.93415039062504,62.0,-13.065849609374958,13.065849609374958
KNYC,HRRR,2026-04-30 02:00:00+00:00,2026-04-29,0,48.85460937500004,62.0,-13.145390624999962,13.145390624999962
KNYC,NBM,2026-04-29 06:00:00+00:00,2026-04-29,0,62.598890380859416,62.0,0.5988903808594159,0.5988903808594159
KNYC,NBM,2026-04-29 12:00:00+00:00,2026-04-29,0,63.22340820312504,62.0,1.2234082031250395,1.2234082031250395
KNYC,HRRR,2026-04-28 06:00:00+00:00,2026-04-29,1,52.602100830078165,62.0,-9.397899169921835,9.397899169921835
KNYC,HRRR,2026-04-28 10:00:00+00:00,2026-04-29,1,46.47953002929692,62.0,-15.520469970703083,15.520469970703083
KNYC,HRRR,2026-04-28 11:00:00+00:00,2026-04-29,1,47.208912353515665,62.0,-14.791087646484335,14.791087646484335
KNYC,HRRR,2026-04-28 12:00:00+00:00,2026-04-29,1,55.04502075195317,62.0,-6.954979248046833,6.954979248046833
KNYC,HRRR,2026-04-28 13:00:00+00:00,2026-04-29,1,50.89032104492192,62.0,-11.109678955078081,11.109678955078081
KNYC,HRRR,2026-04-28 14:00:00+00:00,2026-04-29,1,50.346607666015665,62.0,-11.653392333984335,11.653392333984335
KNYC,HRRR,2026-04-28 15:00:00+00:00,2026-04-29,1,52.22796142578129,62.0,-9.772038574218712,9.772038574218712
KNYC,HRRR,2026-04-28 16:00:00+00:00,2026-04-29,1,50.82588623046879,62.0,-11.17411376953121,11.17411376953121
KNYC,HRRR,2026-04-28 17:00:00+00:00,2026-04-29,1,52.03806274414067,62.0,-9.961937255859333,9.961937255859333
KNYC,HRRR,2026-04-28 18:00:00+00:00,2026-04-29,1,63.10662353515629,62.0,1.106623535156288,1.106623535156288
KNYC,HRRR,2026-04-28 19:00:00+00:00,2026-04-29,1,54.06427124023442,62.0,-7.935728759765581,7.935728759765581
KNYC,HRRR,2026-04-28 20:00:00+00:00,2026-04-29,1,58.81717651367192,62.0,-3.1828234863280827,3.1828234863280827
KNYC,HRRR,2026-04-28 21:00:00+00:00,2026-04-29,1,62.15328491210941,62.0,0.15328491210941309,0.15328491210941309
KNYC,HRRR,2026-04-28 22:00:00+00:00,2026-04-29,1,62.97495239257817,62.0,0.9749523925781673,0.9749523925781673
KNYC,HRRR,2026-04-28 23:00:00+00:00,2026-04-29,1,52.27860839843754,62.0,-9.721391601562459,9.721391601562459
KNYC,HRRR,2026-04-29 00:00:00+00:00,2026-04-29,1,61.99552124023442,62.0,-0.004478759765582652,0.004478759765582652
KNYC,HRRR,2026-04-29 01:00:00+00:00,2026-04-29,1,61.16715209960942,62.0,-0.8328479003905827,0.8328479003905827
KNYC,HRRR,2026-04-29 02:00:00+00:00,2026-04-29,1,61.73443115234379,62.0,-0.2655688476562119,0.2655688476562119
KNYC,HRRR,2026-04-29 03:00:00+00:00,2026-04-29,1,60.72363403320317,62.0,-1.2763659667968312,1.2763659667968312
KNYC,NBM,2026-04-28 06:00:00+00:00,2026-04-29,1,61.74129760742191,62.0,-0.2587023925780869,0.2587023925780869
KNYC,NBM,2026-04-28 12:00:00+00:00,2026-04-29,1,61.823640136718794,62.0,-0.17635986328120623,0.17635986328120623
KNYC,NBM,2026-04-28 18:00:00+00:00,2026-04-29,1,61.76255615234379,62.0,-0.23744384765620907,0.23744384765620907
KNYC,NBM,2026-04-29 00:00:00+00:00,2026-04-29,1,62.41827514648442,62.0,0.41827514648441877,0.41827514648441877
KNYC,HRRR,2026-04-27 06:00:00+00:00,2026-04-29,2,45.474500732421916,62.0,-16.525499267578084,16.525499267578084
KNYC,HRRR,2026-04-27 12:00:00+00:00,2026-04-29,2,46.347584228515665,62.0,-15.652415771484335,15.652415771484335
KNYC,HRRR,2026-04-27 18:00:00+00:00,2026-04-29,2,51.98186767578129,62.0,-10.018132324218712,10.018132324218712
KNYC,HRRR,2026-04-28 00:00:00+00:00,2026-04-29,2,52.676972656250044,62.0,-9.323027343749956,9.323027343749956
KNYC,NBM,2026-04-27 06:00:00+00:00,2026-04-29,2,63.837269287109415,62.0,1.8372692871094145,1.8372692871094145
KNYC,NBM,2026-04-27 12:00:00+00:00,2026-04-29,2,63.73240478515629,62.0,1.732404785156291,1.732404785156291
KNYC,NBM,2026-04-27 18:00:00+00:00,2026-04-29,2,63.02439086914067,62.0,1.0243908691406673,1.0243908691406673
KNYC,NBM,2026-04-28 00:00:00+00:00,2026-04-29,2,62.796479492187544,62.0,0.7964794921875438,0.7964794921875438
KNYC,NBM,2026-04-26 06:00:00+00:00,2026-04-29,3,64.87058837890629,62.0,2.870588378906291,2.870588378906291
KNYC,NBM,2026-04-26 12:00:00+00:00,2026-04-29,3,64.3192944335938,62.0,2.3192944335937966,2.3192944335937966
KNYC,NBM,2026-04-26 18:00:00+00:00,2026-04-29,3,63.18012207031254,62.0,1.1801220703125423,1.1801220703125423
KNYC,NBM,2026-04-27 00:00:00+00:00,2026-04-29,3,63.18012207031254,62.0,1.1801220703125423,1.1801220703125423
KNYC,NBM,2026-04-25 06:00:00+00:00,2026-04-29,4,62.067536621093794,62.0,0.06753662109379377,0.06753662109379377
KNYC,NBM,2026-04-25 12:00:00+00:00,2026-04-29,4,61.26712768554692,62.0,-0.7328723144530827,0.7328723144530827
KNYC,NBM,2026-04-25 18:00:00+00:00,2026-04-29,4,61.26135986328129,62.0,-0.7386401367187077,0.7386401367187077
KNYC,NBM,2026-04-26 00:00:00+00:00,2026-04-29,4,62.70441406250004,62.0,0.7044140625000423,0.7044140625000423
KNYC,NBM,2026-04-24 06:00:00+00:00,2026-04-29,5,65.05180786132817,62.0,3.0518078613281716,3.0518078613281716
KNYC,NBM,2026-04-24 12:00:00+00:00,2026-04-29,5,64.15653198242191,62.0,2.1565319824219102,2.1565319824219102
KNYC,NBM,2026-04-24 18:00:00+00:00,2026-04-29,5,63.34535644531254,62.0,1.3453564453125395,1.3453564453125395
KNYC,NBM,2026-04-25 00:00:00+00:00,2026-04-29,5,62.891676025390666,62.0,0.8916760253906659,0.8916760253906659
KNYC,NBM,2026-04-23 06:00:00+00:00,2026-04-29,6,67.10399902343754,62.0,5.103999023437538,5.103999023437538
KNYC,NBM,2026-04-23 12:00:00+00:00,2026-04-29,6,67.38151367187504,62.0,5.381513671875041,5.381513671875041
KNYC,NBM,2026-04-23 18:00:00+00:00,2026-04-29,6,66.24008911132816,62.0,4.24008911132816,4.24008911132816
KNYC,NBM,2026-04-24 00:00:00+00:00,2026-04-29,6,65.2755444335938,62.0,3.2755444335937938,3.2755444335937938
KNYC,NBM,2026-04-22 06:00:00+00:00,2026-04-29,7,68.98183715820316,62.0,6.981837158203163,6.981837158203163
KNYC,NBM,2026-04-22 12:00:00+00:00,2026-04-29,7,68.65307128906254,62.0,6.653071289062538,6.653071289062538
KNYC,NBM,2026-04-22 18:00:00+00:00,2026-04-29,7,66.38587768554692,62.0,4.385877685546916,4.385877685546916
KNYC,NBM,2026-04-23 00:00:00+00:00,2026-04-29,7,68.05030639648442,62.0,6.050306396484416,6.050306396484416
KMDW,HRRR,2026-04-30 06:00:00+00:00,2026-04-30,0,55.31506469726567,56.0,-0.6849353027343312,0.6849353027343312
KMDW,HRRR,2026-04-30 12:00:00+00:00,2026-04-30,0,55.888111572265665,56.0,-0.1118884277343355,0.1118884277343355
KMDW,HRRR,2026-04-30 18:00:00+00:00,2026-04-30,0,49.735932617187544,56.0,-6.264067382812456,6.264067382812456
KMDW,HRRR,2026-05-01 00:00:00+00:00,2026-04-30,0,42.42815673828129,56.0,-13.571843261718712,13.571843261718712
KMDW,NBM,2026-04-30 12:00:00+00:00,2026-04-30,0,55.35813110351567,56.0,-0.6418688964843327,0.6418688964843327
KMDW,HRRR,2026-04-29 06:00:00+00:00,2026-04-30,1,53.80037963867191,56.0,-2.199620361328087,2.199620361328087
KMDW,HRRR,2026-04-29 12:00:00+00:00,2026-04-30,1,49.34569824218754,56.0,-6.654301757812462,6.654301757812462
KMDW,HRRR,2026-04-29 18:00:00+00:00,2026-04-30,1,52.131116943359416,56.0,-3.868883056640584,3.868883056640584
KMDW,HRRR,2026-04-30 00:00:00+00:00,2026-04-30,1,53.91831787109379,56.0,-2.081682128906209,2.081682128906209
KMDW,NBM,2026-04-29 12:00:00+00:00,2026-04-30,1,56.17749145507817,56.0,0.17749145507816877,0.17749145507816877
KMDW,HRRR,2026-04-28 06:00:00+00:00,2026-04-30,2,42.709461669921915,56.0,-13.290538330078085,13.290538330078085
KMDW,HRRR,2026-04-28 12:00:00+00:00,2026-04-30,2,43.73003662109379,56.0,-12.269963378906212,12.269963378906212
KMDW,HRRR,2026-04-28 18:00:00+00:00,2026-04-30,2,48.24519775390629,56.0,-7.7548022460937105,7.7548022460937105
KMDW,HRRR,2026-04-29 00:00:00+00:00,2026-04-30,2,50.93223388671879,56.0,-5.067766113281209,5.067766113281209
KMIA,HRRR,2026-04-30 06:00:00+00:00,2026-04-30,0,85.88913696289066,87.0,-1.1108630371093398,1.1108630371093398
KMIA,HRRR,2026-04-30 12:00:00+00:00,2026-04-30,0,85.67006958007816,87.0,-1.329930419921837,1.329930419921837
KMIA,HRRR,2026-04-30 18:00:00+00:00,2026-04-30,0,84.62669799804692,87.0,-2.3733020019530784,2.3733020019530784
KMIA,HRRR,2026-05-01 00:00:00+00:00,2026-04-30,0,80.56565673828129,87.0,-6.434343261718709,6.434343261718709
KMIA,NBM,2026-04-30 12:00:00+00:00,2026-04-30,0,89.19810913085942,87.0,2.1981091308594216,2.1981091308594216
KMIA,HRRR,2026-04-29 06:00:00+00:00,2026-04-30,1,85.73983276367191,87.0,-1.260167236328087,1.260167236328087
KMIA,HRRR,2026-04-29 12:00:00+00:00,2026-04-30,1,86.50689819335942,87.0,-0.49310180664058123,0.49310180664058123
KMIA,HRRR,2026-04-29 18:00:00+00:00,2026-04-30,1,85.95423095703129,87.0,-1.0457690429687148,1.0457690429687148
KMIA,HRRR,2026-04-30 00:00:00+00:00,2026-04-30,1,86.20581787109379,87.0,-0.7941821289062148,0.7941821289062148
KMIA,NBM,2026-04-29 12:00:00+00:00,2026-04-30,1,89.29748046875004,87.0,2.297480468750038,2.297480468750038
KMIA,HRRR,2026-04-28 06:00:00+00:00,2026-04-30,2,75.72030151367191,87.0,-11.279698486328087,11.279698486328087
KMIA,HRRR,2026-04-28 12:00:00+00:00,2026-04-30,2,75.71865356445316,87.0,-11.281346435546837,11.281346435546837
KMIA,HRRR,2026-04-28 18:00:00+00:00,2026-04-30,2,87.87914550781254,87.0,0.8791455078125381,0.8791455078125381
KMIA,HRRR,2026-04-29 00:00:00+00:00,2026-04-30,2,85.79904907226566,87.0,-1.2009509277343398,1.2009509277343398
KNYC,HRRR,2026-04-30 04:00:00+00:00,2026-04-30,0,56.562672119140665,60.0,-3.4373278808593355,3.4373278808593355
KNYC,HRRR,2026-04-30 05:00:00+00:00,2026-04-30,0,57.49200561523442,60.0,-2.5079943847655812,2.5079943847655812
KNYC,HRRR,2026-04-30 06:00:00+00:00,2026-04-30,0,59.23421752929691,60.0,-0.7657824707030869,0.7657824707030869
KNYC,HRRR,2026-04-30 07:00:00+00:00,2026-04-30,0,59.13264892578129,60.0,-0.8673510742187105,0.8673510742187105
KNYC,HRRR,2026-04-30 08:00:00+00:00,2026-04-30,0,59.576002197265666,60.0,-0.4239978027343341,0.4239978027343341
KNYC,HRRR,2026-04-30 09:00:00+00:00,2026-04-30,0,58.571302490234416,60.0,-1.428697509765584,1.428697509765584
KNYC,HRRR,2026-04-30 10:00:00+00:00,2026-04-30,0,59.61835449218754,60.0,-0.38164550781245765,0.38164550781245765
KNYC,HRRR,2026-04-30 11:00:00+00:00,2026-04-30,0,57.379121093750044,60.0,-2.6208789062499562,2.6208789062499562
KNYC,HRRR,2026-04-30 12:00:00+00:00,2026-04-30,0,55.65668457031254,60.0,-4.343315429687458,4.343315429687458
KNYC,HRRR,2026-04-30 13:00:00+00:00,2026-04-30,0,55.21926391601566,60.0,-4.780736083984337,4.780736083984337
KNYC,HRRR,2026-04-30 14:00:00+00:00,2026-04-30,0,56.15134399414067,60.0,-3.8486560058593327,3.8486560058593327
KNYC,HRRR,2026-04-30 15:00:00+00:00,2026-04-30,0,58.59371459960941,60.0,-1.406285400390587,1.406285400390587
KNYC,HRRR,2026-04-30 16:00:00+00:00,2026-04-30,0,59.06821411132817,60.0,-0.9317858886718327,0.9317858886718327
KNYC,HRRR,2026-04-30 17:00:00+00:00,2026-04-30,0,58.25138061523442,60.0,-1.7486193847655827,1.7486193847655827
KNYC,HRRR,2026-04-30 18:00:00+00:00,2026-04-30,0,58.78383300781254,60.0,-1.2161669921874605,1.2161669921874605
KNYC,HRRR,2026-04-30 19:00:00+00:00,2026-04-30,0,59.40066040039066,60.0,-0.5993395996093369,0.5993395996093369
KNYC,HRRR,2026-04-30 20:00:00+00:00,2026-04-30,0,58.78471191406254,60.0,-1.215288085937459,1.215288085937459
KNYC,HRRR,2026-04-30 21:00:00+00:00,2026-04-30,0,59.426038818359416,60.0,-0.5739611816405841,0.5739611816405841
KNYC,HRRR,2026-04-30 22:00:00+00:00,2026-04-30,0,56.619581298828166,60.0,-3.380418701171834,3.380418701171834
KNYC,HRRR,2026-04-30 23:00:00+00:00,2026-04-30,0,54.57079589843754,60.0,-5.429204101562462,5.429204101562462
KNYC,HRRR,2026-05-01 00:00:00+00:00,2026-04-30,0,53.00315673828129,60.0,-6.996843261718709,6.996843261718709
KNYC,HRRR,2026-05-01 01:00:00+00:00,2026-04-30,0,50.98667114257817,60.0,-9.013328857421833,9.013328857421833
KNYC,HRRR,2026-05-01 02:00:00+00:00,2026-04-30,0,50.08798950195317,60.0,-9.912010498046833,9.912010498046833
KNYC,NBM,2026-04-30 06:00:00+00:00,2026-04-30,0,65.4732983398438,60.0,5.473298339843794,5.473298339843794
KNYC,NBM,2026-04-30 12:00:00+00:00,2026-04-30,0,64.7180981445313,60.0,4.718098144531297,4.718098144531297
KNYC,HRRR,2026-04-29 06:00:00+00:00,2026-04-30,1,56.837879638671915,60.0,-3.1621203613280855,3.1621203613280855
KNYC,HRRR,2026-04-29 10:00:00+00:00,2026-04-30,1,47.92197998046879,60.0,-12.078020019531209,12.078020019531209
KNYC,HRRR,2026-04-29 11:00:00+00:00,2026-04-30,1,48.519196777343794,60.0,-11.480803222656206,11.480803222656206
KNYC,HRRR,2026-04-29 12:00:00+00:00,2026-04-30,1,56.714448242187544,60.0,-3.2855517578124562,3.2855517578124562
KNYC,HRRR,2026-04-29 13:00:00+00:00,2026-04-30,1,47.84853637695316,60.0,-12.151463623046837,12.151463623046837
KNYC,HRRR,2026-04-29 14:00:00+00:00,2026-04-30,1,48.60098999023442,60.0,-11.399010009765583,11.399010009765583
KNYC,HRRR,2026-04-29 15:00:00+00:00,2026-04-30,1,48.559461669921916,60.0,-11.440538330078084,11.440538330078084
KNYC,HRRR,2026-04-29 16:00:00+00:00,2026-04-30,1,48.30062377929691,60.0,-11.699376220703087,11.699376220703087
KNYC,HRRR,2026-04-29 17:00:00+00:00,2026-04-30,1,48.07271240234379,60.0,-11.92728759765621,11.92728759765621
KNYC,HRRR,2026-04-29 18:00:00+00:00,2026-04-30,1,56.43825195312504,60.0,-3.5617480468749605,3.5617480468749605
KNYC,HRRR,2026-04-29 19:00:00+00:00,2026-04-30,1,48.548145751953165,60.0,-11.451854248046835,11.451854248046835
KNYC,HRRR,2026-04-29 20:00:00+00:00,2026-04-30,1,48.39296386718754,60.0,-11.60703613281246,11.60703613281246
KNYC,HRRR,2026-04-29 21:00:00+00:00,2026-04-30,1,50.12973754882817,60.0,-9.870262451171833,9.870262451171833
KNYC,HRRR,2026-04-29 22:00:00+00:00,2026-04-30,1,50.17697875976567,60.0,-9.823021240234333,9.823021240234333
KNYC,HRRR,2026-04-30 00:00:00+00:00,2026-04-30,1,56.89742553710941,60.0,-3.102574462890587,3.102574462890587
KNYC,HRRR,2026-04-30 01:00:00+00:00,2026-04-30,1,57.09204833984379,60.0,-2.9079516601562077,2.9079516601562077
KNYC,HRRR,2026-04-30 02:00:00+00:00,2026-04-30,1,57.39203002929692,60.0,-2.6079699707030812,2.6079699707030812
KNYC,HRRR,2026-04-30 03:00:00+00:00,2026-04-30,1,57.31408203125004,60.0,-2.685917968749962,2.685917968749962
KNYC,NBM,2026-04-29 06:00:00+00:00,2026-04-30,1,65.39051635742192,60.0,5.390516357421916,5.390516357421916
KNYC,NBM,2026-04-29 12:00:00+00:00,2026-04-30,1,65.53745849609379,60.0,5.537458496093791,5.537458496093791
KNYC,NBM,2026-04-29 18:00:00+00:00,2026-04-30,1,65.36909301757817,60.0,5.369093017578166,5.369093017578166
KNYC,HRRR,2026-04-28 06:00:00+00:00,2026-04-30,2,45.521961669921915,60.0,-14.478038330078085,14.478038330078085
KNYC,HRRR,2026-04-28 12:00:00+00:00,2026-04-30,2,47.24099243164066,60.0,-12.759007568359337,12.759007568359337
KNYC,HRRR,2026-04-28 18:00:00+00:00,2026-04-30,2,56.15310180664066,60.0,-3.846898193359337,3.846898193359337
KNYC,HRRR,2026-04-29 00:00:00+00:00,2026-04-30,2,57.449049072265666,60.0,-2.550950927734334,2.550950927734334
KNYC,NBM,2026-04-28 06:00:00+00:00,2026-04-30,2,64.5570385742188,60.0,4.557038574218794,4.557038574218794
KNYC,NBM,2026-04-28 12:00:00+00:00,2026-04-30,2,64.0830883789063,60.0,4.083088378906297,4.083088378906297
KNYC,NBM,2026-04-28 18:00:00+00:00,2026-04-30,2,65.01906860351566,60.0,5.019068603515663,5.019068603515663
KNYC,NBM,2026-04-29 00:00:00+00:00,2026-04-30,2,66.1199536132813,60.0,6.119953613281297,6.119953613281297
KNYC,NBM,2026-04-27 06:00:00+00:00,2026-04-30,3,62.89541137695316,60.0,2.895411376953163,2.895411376953163
KNYC,NBM,2026-04-27 12:00:00+00:00,2026-04-30,3,62.76071899414067,60.0,2.7607189941406673,2.7607189941406673
KNYC,NBM,2026-04-27 18:00:00+00:00,2026-04-30,3,63.524158935546915,60.0,3.5241589355469145,3.5241589355469145
KNYC,NBM,2026-04-28 00:00:00+00:00,2026-04-30,3,64.29770629882816,60.0,4.29770629882816,4.29770629882816
KNYC,NBM,2026-04-26 06:00:00+00:00,2026-04-30,4,63.477082519531294,60.0,3.4770825195312938,3.4770825195312938
KNYC,NBM,2026-04-26 12:00:00+00:00,2026-04-30,4,62.62102783203129,60.0,2.621027832031288,2.621027832031288
KNYC,NBM,2026-04-26 18:00:00+00:00,2026-04-30,4,61.54491699218754,60.0,1.544916992187538,1.544916992187538
KNYC,NBM,2026-04-27 00:00:00+00:00,2026-04-30,4,61.728773193359416,60.0,1.728773193359416,1.728773193359416
KNYC,NBM,2026-04-25 06:00:00+00:00,2026-04-30,5,65.47598999023441,60.0,5.47598999023441,5.47598999023441
KNYC,NBM,2026-04-25 12:00:00+00:00,2026-04-30,5,64.73435791015629,60.0,4.734357910156291,4.734357910156291
KNYC,NBM,2026-04-25 18:00:00+00:00,2026-04-30,5,63.11228149414067,60.0,3.1122814941406673,3.1122814941406673
KNYC,NBM,2026-04-26 00:00:00+00:00,2026-04-30,5,62.75412719726567,60.0,2.7541271972656673,2.7541271972656673
KNYC,NBM,2026-04-24 06:00:00+00:00,2026-04-30,6,68.0605786132813,60.0,8.060578613281294,8.060578613281294
KNYC,NBM,2026-04-24 12:00:00+00:00,2026-04-30,6,67.70236938476566,60.0,7.70236938476566,7.70236938476566
KNYC,NBM,2026-04-24 18:00:00+00:00,2026-04-30,6,67.88573120117192,60.0,7.885731201171922,7.885731201171922
KNYC,NBM,2026-04-25 00:00:00+00:00,2026-04-30,6,66.47360351562504,60.0,6.473603515625044,6.473603515625044
KNYC,NBM,2026-04-23 06:00:00+00:00,2026-04-30,7,68.82714965820317,60.0,8.827149658203169,8.827149658203169
KNYC,NBM,2026-04-23 12:00:00+00:00,2026-04-30,7,68.34166381835942,60.0,8.341663818359422,8.341663818359422
KNYC,NBM,2026-04-23 18:00:00+00:00,2026-04-30,7,68.62230957031254,60.0,8.622309570312538,8.622309570312538
KNYC,NBM,2026-04-24 00:00:00+00:00,2026-04-30,7,67.86771362304691,60.0,7.86771362304691,7.86771362304691
KMDW,HRRR,2026-05-01 06:00:00+00:00,2026-05-01,0,47.412708740234415,50.0,-2.5872912597655855,2.5872912597655855
KMDW,HRRR,2026-05-01 12:00:00+00:00,2026-05-01,0,48.50832031250004,50.0,-1.4916796874999605,1.4916796874999605
KMDW,HRRR,2026-05-01 18:00:00+00:00,2026-05-01,0,44.94743164062504,50.0,-5.052568359374959,5.052568359374959
KMDW,HRRR,2026-05-02 00:00:00+00:00,2026-05-01,0,40.46720703125004,50.0,-9.532792968749959,9.532792968749959
KMDW,NBM,2026-05-01 12:00:00+00:00,2026-05-01,0,49.67517822265629,50.0,-0.32482177734370765,0.32482177734370765
KMDW,HRRR,2026-04-30 06:00:00+00:00,2026-05-01,1,46.83065307617191,50.0,-3.169346923828087,3.169346923828087
KMDW,HRRR,2026-04-30 12:00:00+00:00,2026-05-01,1,47.39502075195317,50.0,-2.6049792480468312,2.6049792480468312
KMDW,HRRR,2026-04-30 18:00:00+00:00,2026-05-01,1,46.39218872070317,50.0,-3.6078112792968327,3.6078112792968327
KMDW,HRRR,2026-05-01 00:00:00+00:00,2026-05-01,1,47.92241943359379,50.0,-2.077580566406212,2.077580566406212
KMDW,NBM,2026-04-30 12:00:00+00:00,2026-05-01,1,48.71211669921879,50.0,-1.2878833007812105,1.2878833007812105
KMDW,HRRR,2026-04-29 06:00:00+00:00,2026-05-01,2,43.235487060546916,50.0,-6.764512939453084,6.764512939453084
KMDW,HRRR,2026-04-29 12:00:00+00:00,2026-05-01,2,41.82736938476567,50.0,-8.172630615234333,8.172630615234333
KMDW,HRRR,2026-04-29 18:00:00+00:00,2026-05-01,2,43.81946533203129,50.0,-6.180534667968708,6.180534667968708
KMDW,HRRR,2026-04-30 00:00:00+00:00,2026-05-01,2,45.996021728515665,50.0,-4.0039782714843355,4.0039782714843355
KMIA,GFS,2026-05-01 18:00:00+00:00,2026-05-01,0,88.4,87.0,1.4000000000000057,1.4000000000000057
KMIA,GFS,2026-05-02 00:00:00+00:00,2026-05-01,0,81.3,87.0,-5.700000000000003,5.700000000000003
KMIA,HRRR,2026-05-01 06:00:00+00:00,2026-05-01,0,88.47520874023442,87.0,1.4752087402344216,1.4752087402344216
KMIA,HRRR,2026-05-01 12:00:00+00:00,2026-05-01,0,88.44582031250005,87.0,1.4458203125000466,1.4458203125000466
KMIA,HRRR,2026-05-01 13:00:00+00:00,2026-05-01,0,87.27352416992191,87.0,0.2735241699219131,0.2735241699219131
KMIA,HRRR,2026-05-01 14:00:00+00:00,2026-05-01,0,86.90949218750004,87.0,-0.09050781249996476,0.09050781249996476
KMIA,HRRR,2026-05-01 15:00:00+00:00,2026-05-01,0,87.07483642578129,87.0,0.07483642578128524,0.07483642578128524
KMIA,HRRR,2026-05-01 16:00:00+00:00,2026-05-01,0,87.02155273437504,87.0,0.021552734375035243,0.021552734375035243
KMIA,HRRR,2026-05-01 17:00:00+00:00,2026-05-01,0,87.34724243164067,87.0,0.3472424316406659,0.3472424316406659
KMIA,HRRR,2026-05-01 18:00:00+00:00,2026-05-01,0,87.13861206054692,87.0,0.13861206054691877,0.13861206054691877
KMIA,HRRR,2026-05-01 19:00:00+00:00,2026-05-01,0,86.22279174804692,87.0,-0.7772082519530841,0.7772082519530841
KMIA,HRRR,2026-05-01 20:00:00+00:00,2026-05-01,0,85.47489746093754,87.0,-1.525102539062459,1.525102539062459
KMIA,HRRR,2026-05-01 21:00:00+00:00,2026-05-01,0,84.03261230468755,87.0,-2.9673876953124534,2.9673876953124534
KMIA,HRRR,2026-05-01 22:00:00+00:00,2026-05-01,0,82.06430175781254,87.0,-4.935698242187456,4.935698242187456
KMIA,HRRR,2026-05-01 23:00:00+00:00,2026-05-01,0,80.99829833984379,87.0,-6.001701660156215,6.001701660156215
KMIA,HRRR,2026-05-02 00:00:00+00:00,2026-05-01,0,80.29220703125004,87.0,-6.707792968749956,6.707792968749956
KMIA,HRRR,2026-05-02 01:00:00+00:00,2026-05-01,0,79.63033569335941,87.0,-7.369664306640587,7.369664306640587
KMIA,HRRR,2026-05-02 02:00:00+00:00,2026-05-01,0,78.57707641601567,87.0,-8.422923583984328,8.422923583984328
KMIA,NBM,2026-05-01 06:00:00+00:00,2026-05-01,0,90.65764282226567,87.0,3.6576428222656716,3.6576428222656716
KMIA,NBM,2026-05-01 12:00:00+00:00,2026-05-01,0,90.71521118164067,87.0,3.7152111816406688,3.7152111816406688
KMIA,HRRR,2026-04-30 06:00:00+00:00,2026-05-01,1,88.68065307617192,87.0,1.6806530761719216,1.6806530761719216
KMIA,HRRR,2026-04-30 12:00:00+00:00,2026-05-01,1,89.40640991210941,87.0,2.4064099121094102,2.4064099121094102
KMIA,HRRR,2026-04-30 18:00:00+00:00,2026-05-01,1,85.68935058593755,87.0,-1.3106494140624534,1.3106494140624534
KMIA,HRRR,2026-05-01 00:00:00+00:00,2026-05-01,1,87.48676879882817,87.0,0.4867687988281659,0.4867687988281659
KMIA,NBM,2026-04-30 12:00:00+00:00,2026-05-01,1,90.47208374023441,87.0,3.4720837402344102,3.4720837402344102
KMIA,HRRR,2026-04-29 06:00:00+00:00,2026-05-01,2,73.66234252929692,87.0,-13.337657470703078,13.337657470703078
KMIA,HRRR,2026-04-29 12:00:00+00:00,2026-05-01,2,70.89966552734379,87.0,-16.100334472656215,16.100334472656215
KMIA,HRRR,2026-04-29 18:00:00+00:00,2026-05-01,2,87.87744262695317,87.0,0.8774426269531688,0.8774426269531688
KMIA,HRRR,2026-04-30 00:00:00+00:00,2026-05-01,2,91.07028930664066,87.0,4.07028930664066,4.07028930664066
KNYC,GFS,2026-05-01 18:00:00+00:00,2026-05-01,0,65.4,64.0,1.4000000000000057,1.4000000000000057
KNYC,GFS,2026-05-02 00:00:00+00:00,2026-05-01,0,56.0,64.0,-8.0,8.0
KNYC,HRRR,2026-05-01 04:00:00+00:00,2026-05-01,0,65.13167846679691,64.0,1.131678466796913,1.131678466796913
KNYC,HRRR,2026-05-01 05:00:00+00:00,2026-05-01,0,64.94480102539066,64.0,0.9448010253906602,0.9448010253906602
KNYC,HRRR,2026-05-01 06:00:00+00:00,2026-05-01,0,65.05015991210942,64.0,1.0501599121094216,1.0501599121094216
KNYC,HRRR,2026-05-01 07:00:00+00:00,2026-05-01,0,65.06499145507817,64.0,1.0649914550781716,1.0649914550781716
KNYC,HRRR,2026-05-01 08:00:00+00:00,2026-05-01,0,64.88827636718754,64.0,0.8882763671875438,0.8882763671875438
KNYC,HRRR,2026-05-01 09:00:00+00:00,2026-05-01,0,65.0129711914063,64.0,1.0129711914062938,1.0129711914062938
KNYC,HRRR,2026-05-01 10:00:00+00:00,2026-05-01,0,65.1986401367188,64.0,1.1986401367187938,1.1986401367187938
KNYC,HRRR,2026-05-01 11:00:00+00:00,2026-05-01,0,65.30789916992191,64.0,1.3078991699219102,1.3078991699219102
KNYC,HRRR,2026-05-01 12:00:00+00:00,2026-05-01,0,65.3520092773438,64.0,1.3520092773437966,1.3520092773437966
KNYC,HRRR,2026-05-01 13:00:00+00:00,2026-05-01,0,65.53498657226567,64.0,1.534986572265666,1.534986572265666
KNYC,HRRR,2026-05-01 14:00:00+00:00,2026-05-01,0,65.69154174804692,64.0,1.691541748046916,1.691541748046916
KNYC,HRRR,2026-05-01 15:00:00+00:00,2026-05-01,0,65.89149291992192,64.0,1.891492919921916,1.891492919921916
KNYC,HRRR,2026-05-01 16:00:00+00:00,2026-05-01,0,65.37804687500004,64.0,1.378046875000038,1.378046875000038
KNYC,HRRR,2026-05-01 17:00:00+00:00,2026-05-01,0,65.5633862304688,64.0,1.5633862304687938,1.5633862304687938
KNYC,HRRR,2026-05-01 18:00:00+00:00,2026-05-01,0,64.97611206054691,64.0,0.9761120605469102,0.9761120605469102
KNYC,HRRR,2026-05-01 19:00:00+00:00,2026-05-01,0,65.07279174804691,64.0,1.0727917480469102,1.0727917480469102
KNYC,HRRR,2026-05-01 20:00:00+00:00,2026-05-01,0,60.49989746093754,64.0,-3.5001025390624605,3.5001025390624605
KNYC,HRRR,2026-05-01 21:00:00+00:00,2026-05-01,0,59.84511230468754,64.0,-4.1548876953124605,4.1548876953124605
KNYC,HRRR,2026-05-01 22:00:00+00:00,2026-05-01,0,56.63930175781254,64.0,-7.3606982421874605,7.3606982421874605
KNYC,HRRR,2026-05-01 23:00:00+00:00,2026-05-01,0,53.660798339843794,64.0,-10.339201660156206,10.339201660156206
KNYC,HRRR,2026-05-02 00:00:00+00:00,2026-05-01,0,52.61720703125004,64.0,-11.38279296874996,11.38279296874996
KNYC,HRRR,2026-05-02 01:00:00+00:00,2026-05-01,0,52.292835693359415,64.0,-11.707164306640585,11.707164306640585
KNYC,HRRR,2026-05-02 02:00:00+00:00,2026-05-01,0,52.25207641601567,64.0,-11.747923583984331,11.747923583984331
KNYC,NBM,2026-05-01 06:00:00+00:00,2026-05-01,0,65.45764282226567,64.0,1.4576428222656688,1.4576428222656688
KNYC,NBM,2026-05-01 12:00:00+00:00,2026-05-01,0,65.51521118164067,64.0,1.515211181640666,1.515211181640666
KNYC,HRRR,2026-04-30 06:00:00+00:00,2026-05-01,1,63.55530517578129,64.0,-0.44469482421870765,0.44469482421870765
KNYC,HRRR,2026-04-30 10:00:00+00:00,2026-05-01,1,49.61464355468754,64.0,-14.38535644531246,14.38535644531246
KNYC,HRRR,2026-04-30 11:00:00+00:00,2026-05-01,1,48.46734130859379,64.0,-15.532658691406212,15.532658691406212
KNYC,HRRR,2026-04-30 12:00:00+00:00,2026-05-01,1,62.57829101562504,64.0,-1.421708984374959,1.421708984374959
KNYC,HRRR,2026-04-30 13:00:00+00:00,2026-05-01,1,48.80572021484379,64.0,-15.194279785156212,15.194279785156212
KNYC,HRRR,2026-04-30 14:00:00+00:00,2026-05-01,1,49.23358276367192,64.0,-14.766417236328081,14.766417236328081
KNYC,HRRR,2026-04-30 15:00:00+00:00,2026-05-01,1,47.828156738281294,64.0,-16.171843261718706,16.171843261718706
KNYC,HRRR,2026-04-30 16:00:00+00:00,2026-05-01,1,48.493763427734415,64.0,-15.506236572265585,15.506236572265585
KNYC,HRRR,2026-04-30 17:00:00+00:00,2026-05-01,1,48.66377685546879,64.0,-15.33622314453121,15.33622314453121
KNYC,HRRR,2026-04-30 18:00:00+00:00,2026-05-01,1,63.24098632812504,64.0,-0.7590136718749605,0.7590136718749605
KNYC,HRRR,2026-04-30 19:00:00+00:00,2026-05-01,1,48.96282470703129,64.0,-15.037175292968712,15.037175292968712
KNYC,HRRR,2026-04-30 20:00:00+00:00,2026-05-01,1,52.68680541992192,64.0,-11.313194580078083,11.313194580078083
KNYC,HRRR,2026-04-30 21:00:00+00:00,2026-05-01,1,56.53251464843754,64.0,-7.467485351562459,7.467485351562459
KNYC,HRRR,2026-04-30 22:00:00+00:00,2026-05-01,1,59.53348510742192,64.0,-4.466514892578083,4.466514892578083
KNYC,HRRR,2026-04-30 23:00:00+00:00,2026-05-01,1,59.251740722656294,64.0,-4.748259277343706,4.748259277343706
KNYC,HRRR,2026-05-01 00:00:00+00:00,2026-05-01,1,65.17606323242191,64.0,1.1760632324219102,1.1760632324219102
KNYC,HRRR,2026-05-01 01:00:00+00:00,2026-05-01,1,64.57851684570316,64.0,0.5785168457031631,0.5785168457031631
KNYC,HRRR,2026-05-01 02:00:00+00:00,2026-05-01,1,65.27246826171879,64.0,1.2724682617187852,1.2724682617187852
KNYC,HRRR,2026-05-01 03:00:00+00:00,2026-05-01,1,65.04757812500004,64.0,1.0475781250000438,1.0475781250000438
KNYC,NBM,2026-04-30 06:00:00+00:00,2026-05-01,1,66.05013549804691,64.0,2.050135498046913,2.050135498046913
KNYC,NBM,2026-04-30 12:00:00+00:00,2026-05-01,1,65.99207275390629,64.0,1.9920727539062852,1.9920727539062852
KNYC,NBM,2026-04-30 18:00:00+00:00,2026-05-01,1,66.02684448242192,64.0,2.0268444824219216,2.0268444824219216
KNYC,NBM,2026-05-01 00:00:00+00:00,2026-05-01,1,66.17774169921879,64.0,2.1777416992187852,2.1777416992187852
KNYC,HRRR,2026-04-29 06:00:00+00:00,2026-05-01,2,45.42484252929692,64.0,-18.575157470703083,18.575157470703083
KNYC,HRRR,2026-04-29 12:00:00+00:00,2026-05-01,2,46.71216552734379,64.0,-17.287834472656208,17.287834472656208
KNYC,HRRR,2026-04-29 18:00:00+00:00,2026-05-01,2,57.43196533203129,64.0,-6.5680346679687105,6.5680346679687105
KNYC,HRRR,2026-04-30 00:00:00+00:00,2026-05-01,2,62.28775756835942,64.0,-1.7122424316405827,1.7122424316405827
KNYC,NBM,2026-04-29 06:00:00+00:00,2026-05-01,2,63.40973632812504,64.0,-0.5902636718749577,0.5902636718749577
KNYC,NBM,2026-04-29 12:00:00+00:00,2026-05-01,2,63.89192626953129,64.0,-0.1080737304687105,0.1080737304687105
KNYC,NBM,2026-04-29 18:00:00+00:00,2026-05-01,2,64.55099609375004,64.0,0.5509960937500438,0.5509960937500438
KNYC,NBM,2026-04-28 06:00:00+00:00,2026-05-01,3,61.46526611328129,64.0,-2.534733886718712,2.534733886718712
KNYC,NBM,2026-04-28 12:00:00+00:00,2026-05-01,3,60.967255859375044,64.0,-3.0327441406249562,3.0327441406249562
KNYC,NBM,2026-04-28 18:00:00+00:00,2026-05-01,3,62.01568115234379,64.0,-1.984318847656212,1.984318847656212
KNYC,NBM,2026-04-29 00:00:00+00:00,2026-05-01,3,62.54126708984379,64.0,-1.4587329101562077,1.4587329101562077
KNYC,NBM,2026-04-27 06:00:00+00:00,2026-05-01,4,62.55126464843754,64.0,-1.448735351562462,1.448735351562462
KNYC,NBM,2026-04-27 12:00:00+00:00,2026-05-01,4,63.094593505859415,64.0,-0.9054064941405855,0.9054064941405855
KNYC,NBM,2026-04-27 18:00:00+00:00,2026-05-01,4,62.131092529296915,64.0,-1.8689074707030855,1.8689074707030855
KNYC,NBM,2026-04-28 00:00:00+00:00,2026-05-01,4,61.61440551757816,64.0,-2.385594482421837,2.385594482421837
KNYC,NBM,2026-04-26 06:00:00+00:00,2026-05-01,5,63.24450195312504,64.0,-0.7554980468749619,0.7554980468749619
KNYC,NBM,2026-04-26 12:00:00+00:00,2026-05-01,5,62.58438842773442,64.0,-1.4156115722655827,1.4156115722655827
KNYC,NBM,2026-04-26 18:00:00+00:00,2026-05-01,5,61.21906250000004,64.0,-2.7809374999999577,2.7809374999999577
KNYC,NBM,2026-04-27 00:00:00+00:00,2026-05-01,5,61.83308837890629,64.0,-2.1669116210937105,2.1669116210937105
KNYC,NBM,2026-04-25 06:00:00+00:00,2026-05-01,6,65.06290405273441,64.0,1.0629040527344102,1.0629040527344102
KNYC,NBM,2026-04-25 12:00:00+00:00,2026-05-01,6,65.14189575195317,64.0,1.1418957519531716,1.1418957519531716
KNYC,NBM,2026-04-25 18:00:00+00:00,2026-05-01,6,63.27010009765629,64.0,-0.7298999023437105,0.7298999023437105
KNYC,NBM,2026-04-26 00:00:00+00:00,2026-05-01,6,62.88426025390629,64.0,-1.115739746093709,1.115739746093709
KNYC,NBM,2026-04-24 06:00:00+00:00,2026-05-01,7,67.60552490234379,64.0,3.605524902343788,3.605524902343788
KNYC,NBM,2026-04-24 12:00:00+00:00,2026-05-01,7,66.12440307617192,64.0,2.124403076171916,2.124403076171916
KNYC,NBM,2026-04-24 18:00:00+00:00,2026-05-01,7,65.79898803710941,64.0,1.7989880371094102,1.7989880371094102
KNYC,NBM,2026-04-25 00:00:00+00:00,2026-05-01,7,66.63257568359379,64.0,2.6325756835937852,2.6325756835937852
KMDW,GFS,2026-05-02 18:00:00+00:00,2026-05-02,0,57.1,56.0,1.1000000000000014,1.1000000000000014
KMDW,GFS,2026-05-03 00:00:00+00:00,2026-05-02,0,51.6,56.0,-4.399999999999999,4.399999999999999
KMDW,HRRR,2026-05-02 06:00:00+00:00,2026-05-02,0,54.93620117187504,56.0,-1.063798828124959,1.063798828124959
KMDW,HRRR,2026-05-02 12:00:00+00:00,2026-05-02,0,55.64300659179692,56.0,-0.35699340820308123,0.35699340820308123
KMDW,HRRR,2026-05-02 18:00:00+00:00,2026-05-02,0,56.00149047851566,56.0,0.001490478515663085,0.001490478515663085
KMDW,HRRR,2026-05-02 19:00:00+00:00,2026-05-02,0,54.73696411132816,56.0,-1.263035888671837,1.263035888671837
KMDW,HRRR,2026-05-02 20:00:00+00:00,2026-05-02,0,53.930677490234416,56.0,-2.069322509765584,2.069322509765584
KMDW,HRRR,2026-05-02 21:00:00+00:00,2026-05-02,0,54.32981079101567,56.0,-1.6701892089843327,1.6701892089843327
KMDW,HRRR,2026-05-02 22:00:00+00:00,2026-05-02,0,53.53549926757817,56.0,-2.4645007324218327,2.4645007324218327
KMDW,HRRR,2026-05-02 23:00:00+00:00,2026-05-02,0,52.43576782226567,56.0,-3.5642321777343327,3.5642321777343327
KMDW,HRRR,2026-05-03 00:00:00+00:00,2026-05-02,0,48.785065917968794,56.0,-7.214934082031206,7.214934082031206
KMDW,HRRR,2026-05-03 01:00:00+00:00,2026-05-02,0,46.76001098632817,56.0,-9.239989013671831,9.239989013671831
KMDW,HRRR,2026-05-03 02:00:00+00:00,2026-05-02,0,44.74033935546879,56.0,-11.259660644531209,11.259660644531209
KMDW,HRRR,2026-05-03 03:00:00+00:00,2026-05-02,0,43.406708984375044,56.0,-12.593291015624956,12.593291015624956
KMDW,NBM,2026-05-02 06:00:00+00:00,2026-05-02,0,55.268098144531294,56.0,-0.7319018554687062,0.7319018554687062
KMDW,NBM,2026-05-02 12:00:00+00:00,2026-05-02,0,55.67645996093754,56.0,-0.32354003906245765,0.32354003906245765
KMDW,HRRR,2026-05-01 06:00:00+00:00,2026-05-02,1,48.88421752929692,56.0,-7.115782470703081,7.115782470703081
KMDW,HRRR,2026-05-01 12:00:00+00:00,2026-05-02,1,46.41042602539066,56.0,-9.589573974609337,9.589573974609337
KMDW,HRRR,2026-05-01 18:00:00+00:00,2026-05-02,1,53.53879516601567,56.0,-2.4612048339843327,2.4612048339843327
KMDW,HRRR,2026-05-02 00:00:00+00:00,2026-05-02,1,54.971851806640665,56.0,-1.0281481933593355,1.0281481933593355
KMDW,NBM,2026-05-01 12:00:00+00:00,2026-05-02,1,54.20583007812504,56.0,-1.7941699218749605,1.7941699218749605
KMDW,HRRR,2026-04-30 06:00:00+00:00,2026-05-02,2,35.95292480468754,56.0,-20.04707519531246,20.04707519531246
KMDW,HRRR,2026-04-30 12:00:00+00:00,2026-05-02,2,35.547474365234415,56.0,-20.452525634765585,20.452525634765585
KMDW,HRRR,2026-04-30 18:00:00+00:00,2026-05-02,2,44.656239013671915,56.0,-11.343760986328085,11.343760986328085
KMDW,HRRR,2026-05-01 00:00:00+00:00,2026-05-02,2,50.178132324218794,56.0,-5.821867675781206,5.821867675781206
KMIA,GFS,2026-05-02 06:00:00+00:00,2026-05-02,0,94.4,94.0,0.4000000000000057,0.4000000000000057
KMIA,GFS,2026-05-02 12:00:00+00:00,2026-05-02,0,94.8,94.0,0.7999999999999972,0.7999999999999972
KMIA,GFS,2026-05-02 18:00:00+00:00,2026-05-02,0,95.8,94.0,1.7999999999999972,1.7999999999999972
KMIA,GFS,2026-05-03 00:00:00+00:00,2026-05-02,0,87.7,94.0,-6.299999999999997,6.299999999999997
KMIA,HRRR,2026-05-02 04:00:00+00:00,2026-05-02,0,94.30400512695317,94.0,0.3040051269531716,0.3040051269531716
KMIA,HRRR,2026-05-02 05:00:00+00:00,2026-05-02,0,93.82230957031254,94.0,-0.17769042968745907,0.17769042968745907
KMIA,HRRR,2026-05-02 06:00:00+00:00,2026-05-02,0,93.85471923828129,94.0,-0.14528076171870907,0.14528076171870907
KMIA,HRRR,2026-05-02 07:00:00+00:00,2026-05-02,0,94.12371948242192,94.0,0.12371948242191877,0.12371948242191877
KMIA,HRRR,2026-05-02 08:00:00+00:00,2026-05-02,0,94.12273071289067,94.0,0.12273071289067161,0.12273071289067161
KMIA,HRRR,2026-05-02 09:00:00+00:00,2026-05-02,0,94.54433105468755,94.0,0.5443310546875466,0.5443310546875466
KMIA,HRRR,2026-05-02 10:00:00+00:00,2026-05-02,0,94.68775756835942,94.0,0.6877575683594159,0.6877575683594159
KMIA,HRRR,2026-05-02 11:00:00+00:00,2026-05-02,0,94.71005981445316,94.0,0.7100598144531602,0.7100598144531602
KMIA,HRRR,2026-05-02 12:00:00+00:00,2026-05-02,0,94.82014282226567,94.0,0.8201428222656659,0.8201428222656659
KMIA,HRRR,2026-05-02 13:00:00+00:00,2026-05-02,0,95.42208374023441,94.0,1.422083740234413,1.422083740234413
KMIA,HRRR,2026-05-02 14:00:00+00:00,2026-05-02,0,95.41208618164066,94.0,1.4120861816406602,1.4120861816406602
KMIA,HRRR,2026-05-02 15:00:00+00:00,2026-05-02,0,95.66669433593754,94.0,1.6666943359375352,1.6666943359375352
KMIA,HRRR,2026-05-02 16:00:00+00:00,2026-05-02,0,95.75903442382817,94.0,1.7590344238281688,1.7590344238281688
KMIA,HRRR,2026-05-02 17:00:00+00:00,2026-05-02,0,95.3000805664063,94.0,1.3000805664062938,1.3000805664062938
KMIA,HRRR,2026-05-02 18:00:00+00:00,2026-05-02,0,95.48899047851566,94.0,1.4889904785156602,1.4889904785156602
KMIA,HRRR,2026-05-02 19:00:00+00:00,2026-05-02,0,94.55114257812504,94.0,0.5511425781250381,0.5511425781250381
KMIA,HRRR,2026-05-02 20:00:00+00:00,2026-05-02,0,94.11267822265629,94.0,0.11267822265628524,0.11267822265628524
KMIA,HRRR,2026-05-02 21:00:00+00:00,2026-05-02,0,92.06537597656254,94.0,-1.9346240234374648,1.9346240234374648
KMIA,HRRR,2026-05-02 22:00:00+00:00,2026-05-02,0,90.66049926757816,94.0,-3.3395007324218398,3.3395007324218398
KMIA,HRRR,2026-05-02 23:00:00+00:00,2026-05-02,0,87.64826782226567,94.0,-6.351732177734334,6.351732177734334
KMIA,HRRR,2026-05-03 00:00:00+00:00,2026-05-02,0,85.2350659179688,94.0,-8.764934082031203,8.764934082031203
KMIA,HRRR,2026-05-03 01:00:00+00:00,2026-05-02,0,82.87251098632817,94.0,-11.127489013671834,11.127489013671834
KMIA,HRRR,2026-05-03 02:00:00+00:00,2026-05-02,0,80.85283935546879,94.0,-13.147160644531212,13.147160644531212
KMIA,NBM,2026-05-02 06:00:00+00:00,2026-05-02,0,92.70807617187504,94.0,-1.2919238281249648,1.2919238281249648
KMIA,NBM,2026-05-02 12:00:00+00:00,2026-05-02,0,93.11643798828129,94.0,-0.8835620117187091,0.8835620117187091
KMIA,GFS,2026-05-01 18:00:00+00:00,2026-05-02,1,94.7,94.0,0.7000000000000028,0.7000000000000028
KMIA,GFS,2026-05-02 00:00:00+00:00,2026-05-02,1,94.9,94.0,0.9000000000000057,0.9000000000000057
KMIA,HRRR,2026-05-01 06:00:00+00:00,2026-05-02,1,94.5020336914063,94.0,0.5020336914062966,0.5020336914062966
KMIA,HRRR,2026-05-01 12:00:00+00:00,2026-05-02,1,94.00210083007816,94.0,0.002100830078163085,0.002100830078163085
KMIA,HRRR,2026-05-01 13:00:00+00:00,2026-05-02,1,74.89786499023441,94.0,-19.10213500976559,19.10213500976559
KMIA,HRRR,2026-05-01 14:00:00+00:00,2026-05-02,1,74.88973510742191,94.0,-19.110264892578087,19.110264892578087
KMIA,HRRR,2026-05-01 15:00:00+00:00,2026-05-02,1,74.81134765625004,94.0,-19.188652343749965,19.188652343749965
KMIA,HRRR,2026-05-01 16:00:00+00:00,2026-05-02,1,75.64021118164067,94.0,-18.359788818359334,18.359788818359334
KMIA,HRRR,2026-05-01 17:00:00+00:00,2026-05-02,1,75.50854003906254,94.0,-18.491459960937462,18.491459960937462
KMIA,HRRR,2026-05-01 18:00:00+00:00,2026-05-02,1,94.63771484375005,94.0,0.6377148437500466,0.6377148437500466
KMIA,HRRR,2026-05-01 19:00:00+00:00,2026-05-02,1,81.12744262695317,94.0,-12.872557373046831,12.872557373046831
KMIA,HRRR,2026-05-01 20:00:00+00:00,2026-05-02,1,83.90434692382817,94.0,-10.095653076171828,10.095653076171828
KMIA,HRRR,2026-05-01 21:00:00+00:00,2026-05-02,1,86.51123779296879,94.0,-7.488762207031215,7.488762207031215
KMIA,HRRR,2026-05-01 22:00:00+00:00,2026-05-02,1,88.73695800781255,94.0,-5.263041992187453,5.263041992187453
KMIA,HRRR,2026-05-02 00:00:00+00:00,2026-05-02,1,94.94857299804691,94.0,0.9485729980469131,0.9485729980469131
KMIA,HRRR,2026-05-02 01:00:00+00:00,2026-05-02,1,94.49851806640629,94.0,0.4985180664062909,0.4985180664062909
KMIA,HRRR,2026-05-02 02:00:00+00:00,2026-05-02,1,94.25841186523442,94.0,0.2584118652344216,0.2584118652344216
KMIA,HRRR,2026-05-02 03:00:00+00:00,2026-05-02,1,94.26890380859379,94.0,0.2689038085937909,0.2689038085937909
KMIA,NBM,2026-05-01 06:00:00+00:00,2026-05-02,1,92.88259399414066,94.0,-1.117406005859337,1.117406005859337
KMIA,NBM,2026-05-01 12:00:00+00:00,2026-05-02,1,92.36585205078129,94.0,-1.6341479492187148,1.6341479492187148
KMIA,NBM,2026-05-01 18:00:00+00:00,2026-05-02,1,92.52993286132816,94.0,-1.470067138671837,1.470067138671837
KMIA,NBM,2026-05-02 00:00:00+00:00,2026-05-02,1,93.03497436523442,94.0,-0.9650256347655812,0.9650256347655812
KMIA,HRRR,2026-04-30 06:00:00+00:00,2026-05-02,2,74.40199707031255,94.0,-19.598002929687453,19.598002929687453
KMIA,HRRR,2026-04-30 12:00:00+00:00,2026-05-02,2,74.04461181640629,94.0,-19.955388183593712,19.955388183593712
KMIA,HRRR,2026-04-30 18:00:00+00:00,2026-05-02,2,91.32995117187504,94.0,-2.670048828124962,2.670048828124962
KMIA,HRRR,2026-05-01 00:00:00+00:00,2026-05-02,2,94.84063232421879,94.0,0.8406323242187881,0.8406323242187881
KNYC,GFS,2026-05-02 06:00:00+00:00,2026-05-02,0,62.7,61.0,1.7000000000000028,1.7000000000000028
KNYC,GFS,2026-05-02 12:00:00+00:00,2026-05-02,0,60.6,61.0,-0.3999999999999986,0.3999999999999986
KNYC,GFS,2026-05-02 18:00:00+00:00,2026-05-02,0,60.8,61.0,-0.20000000000000284,0.20000000000000284
KNYC,GFS,2026-05-03 00:00:00+00:00,2026-05-02,0,57.2,61.0,-3.799999999999997,3.799999999999997
KNYC,HRRR,2026-05-02 04:00:00+00:00,2026-05-02,0,62.804005126953165,61.0,1.8040051269531645,1.8040051269531645
KNYC,HRRR,2026-05-02 05:00:00+00:00,2026-05-02,0,62.338514404296916,61.0,1.338514404296916,1.338514404296916
KNYC,HRRR,2026-05-02 06:00:00+00:00,2026-05-02,0,64.16120117187504,61.0,3.1612011718750352,3.1612011718750352
KNYC,HRRR,2026-05-02 07:00:00+00:00,2026-05-02,0,63.636219482421915,61.0,2.6362194824219145,2.6362194824219145
KNYC,HRRR,2026-05-02 08:00:00+00:00,2026-05-02,0,64.03161743164067,61.0,3.0316174316406688,3.0316174316406688
KNYC,HRRR,2026-05-02 09:00:00+00:00,2026-05-02,0,62.594331054687544,61.0,1.5943310546875438,1.5943310546875438
KNYC,HRRR,2026-05-02 10:00:00+00:00,2026-05-02,0,60.712757568359415,61.0,-0.2872424316405855,0.2872424316405855
KNYC,HRRR,2026-05-02 11:00:00+00:00,2026-05-02,0,61.35353515625004,61.0,0.3535351562500395,0.3535351562500395
KNYC,HRRR,2026-05-02 12:00:00+00:00,2026-05-02,0,60.70550659179692,61.0,-0.29449340820308123,0.29449340820308123
KNYC,HRRR,2026-05-02 13:00:00+00:00,2026-05-02,0,59.42208374023441,61.0,-1.577916259765587,1.577916259765587
KNYC,HRRR,2026-05-02 14:00:00+00:00,2026-05-02,0,60.64046752929691,61.0,-0.3595324707030869,0.3595324707030869
KNYC,HRRR,2026-05-02 15:00:00+00:00,2026-05-02,0,60.73511474609379,61.0,-0.26488525390620765,0.26488525390620765
KNYC,HRRR,2026-05-02 16:00:00+00:00,2026-05-02,0,60.88403442382817,61.0,-0.11596557617183123,0.11596557617183123
KNYC,HRRR,2026-05-02 17:00:00+00:00,2026-05-02,0,59.97508056640629,61.0,-1.024919433593709,1.024919433593709
KNYC,HRRR,2026-05-02 18:00:00+00:00,2026-05-02,0,60.26792114257817,61.0,-0.7320788574218327,0.7320788574218327
KNYC,HRRR,2026-05-02 19:00:00+00:00,2026-05-02,0,61.410004882812544,61.0,0.41000488281254377,0.41000488281254377
KNYC,HRRR,2026-05-02 20:00:00+00:00,2026-05-02,0,60.587678222656294,61.0,-0.41232177734370623,0.41232177734370623
KNYC,HRRR,2026-05-02 21:00:00+00:00,2026-05-02,0,59.77787597656254,61.0,-1.222124023437459,1.222124023437459
KNYC,HRRR,2026-05-02 22:00:00+00:00,2026-05-02,0,59.272999267578165,61.0,-1.7270007324218355,1.7270007324218355
KNYC,HRRR,2026-05-02 23:00:00+00:00,2026-05-02,0,57.16076782226567,61.0,-3.8392321777343312,3.8392321777343312
KNYC,HRRR,2026-05-03 00:00:00+00:00,2026-05-02,0,56.99756591796879,61.0,-4.002434082031208,4.002434082031208
KNYC,HRRR,2026-05-03 01:00:00+00:00,2026-05-02,0,53.397510986328165,61.0,-7.6024890136718355,7.6024890136718355
KNYC,HRRR,2026-05-03 02:00:00+00:00,2026-05-02,0,53.065339355468794,61.0,-7.934660644531206,7.934660644531206
KNYC,NBM,2026-05-02 06:00:00+00:00,2026-05-02,0,63.18808715820317,61.0,2.1880871582031673,2.1880871582031673
KNYC,NBM,2026-05-02 12:00:00+00:00,2026-05-02,0,62.87645996093754,61.0,1.876459960937538,1.876459960937538
KNYC,GFS,2026-05-01 18:00:00+00:00,2026-05-02,1,60.8,61.0,-0.20000000000000284,0.20000000000000284
KNYC,GFS,2026-05-02 00:00:00+00:00,2026-05-02,1,62.7,61.0,1.7000000000000028,1.7000000000000028
KNYC,HRRR,2026-05-01 06:00:00+00:00,2026-05-02,1,60.97099121093754,61.0,-0.029008789062459073,0.029008789062459073
KNYC,HRRR,2026-05-01 10:00:00+00:00,2026-05-02,1,51.78740966796879,61.0,-9.212590332031212,9.212590332031212
KNYC,HRRR,2026-05-01 11:00:00+00:00,2026-05-02,1,52.89422729492192,61.0,-8.105772705078081,8.105772705078081
KNYC,HRRR,2026-05-01 12:00:00+00:00,2026-05-02,1,62.389600830078166,61.0,1.389600830078166,1.389600830078166
KNYC,HRRR,2026-05-01 13:00:00+00:00,2026-05-02,1,51.947864990234415,61.0,-9.052135009765585,9.052135009765585
KNYC,HRRR,2026-05-01 14:00:00+00:00,2026-05-02,1,53.402235107421916,61.0,-7.597764892578084,7.597764892578084
KNYC,HRRR,2026-05-01 15:00:00+00:00,2026-05-02,1,51.973847656250044,61.0,-9.026152343749956,9.026152343749956
KNYC,HRRR,2026-05-01 16:00:00+00:00,2026-05-02,1,53.02771118164067,61.0,-7.972288818359331,7.972288818359331
KNYC,HRRR,2026-05-01 17:00:00+00:00,2026-05-02,1,52.485261230468794,61.0,-8.514738769531206,8.514738769531206
KNYC,HRRR,2026-05-01 18:00:00+00:00,2026-05-02,1,60.88771484375004,61.0,-0.1122851562499605,0.1122851562499605
KNYC,HRRR,2026-05-01 19:00:00+00:00,2026-05-02,1,54.014942626953165,61.0,-6.9850573730468355,6.9850573730468355
KNYC,HRRR,2026-05-01 20:00:00+00:00,2026-05-02,1,53.56966674804691,61.0,-7.430333251953087,7.430333251953087
KNYC,HRRR,2026-05-01 21:00:00+00:00,2026-05-02,1,53.82515380859379,61.0,-7.1748461914062105,7.1748461914062105
KNYC,HRRR,2026-05-01 22:00:00+00:00,2026-05-02,1,56.224458007812544,61.0,-4.775541992187456,4.775541992187456
KNYC,HRRR,2026-05-02 00:00:00+00:00,2026-05-02,1,60.412830810546915,61.0,-0.5871691894530855,0.5871691894530855
KNYC,HRRR,2026-05-02 01:00:00+00:00,2026-05-02,1,62.886018066406294,61.0,1.8860180664062938,1.8860180664062938
KNYC,HRRR,2026-05-02 02:00:00+00:00,2026-05-02,1,62.64591186523442,61.0,1.6459118652344173,1.6459118652344173
KNYC,HRRR,2026-05-02 03:00:00+00:00,2026-05-02,1,62.237110595703165,61.0,1.2371105957031645,1.2371105957031645
KNYC,NBM,2026-05-01 06:00:00+00:00,2026-05-02,1,62.64256103515629,61.0,1.642561035156291,1.642561035156291
KNYC,NBM,2026-05-01 12:00:00+00:00,2026-05-02,1,62.84580810546879,61.0,1.845808105468791,1.845808105468791
KNYC,NBM,2026-05-01 18:00:00+00:00,2026-05-02,1,63.00994384765629,61.0,2.009943847656288,2.009943847656288
KNYC,NBM,2026-05-02 00:00:00+00:00,2026-05-02,1,62.794996337890666,61.0,1.794996337890666,1.794996337890666
KNYC,HRRR,2026-04-30 06:00:00+00:00,2026-05-02,2,50.55199707031254,61.0,-10.448002929687462,10.448002929687462
KNYC,HRRR,2026-04-30 12:00:00+00:00,2026-05-02,2,50.64461181640629,61.0,-10.35538818359371,10.35538818359371
KNYC,HRRR,2026-04-30 18:00:00+00:00,2026-05-02,2,57.24245117187504,61.0,-3.7575488281249605,3.7575488281249605
KNYC,HRRR,2026-05-01 00:00:00+00:00,2026-05-02,2,61.41626708984379,61.0,0.41626708984379235,0.41626708984379235
KNYC,NBM,2026-04-30 06:00:00+00:00,2026-05-02,2,62.43140380859379,61.0,1.4314038085937923,1.4314038085937923
KNYC,NBM,2026-04-30 12:00:00+00:00,2026-05-02,2,63.12365234375004,61.0,2.123652343750038,2.123652343750038
KNYC,NBM,2026-04-30 18:00:00+00:00,2026-05-02,2,63.15617187500004,61.0,2.156171875000041,2.156171875000041
KNYC,NBM,2026-05-01 00:00:00+00:00,2026-05-02,2,62.94457519531254,61.0,1.944575195312538,1.944575195312538
KNYC,NBM,2026-04-29 06:00:00+00:00,2026-05-02,3,61.609956054687544,61.0,0.6099560546875438,0.6099560546875438
KNYC,NBM,2026-04-29 12:00:00+00:00,2026-05-02,3,62.351148681640666,61.0,1.351148681640666,1.351148681640666
KNYC,NBM,2026-04-29 18:00:00+00:00,2026-05-02,3,62.04567382812504,61.0,1.0456738281250395,1.0456738281250395
KNYC,NBM,2026-04-28 06:00:00+00:00,2026-05-02,4,59.994416503906294,61.0,-1.0055834960937062,1.0055834960937062
KNYC,NBM,2026-04-28 12:00:00+00:00,2026-05-02,4,60.40151489257816,61.0,-0.5984851074218369,0.5984851074218369
KNYC,NBM,2026-04-28 18:00:00+00:00,2026-05-02,4,60.48632934570317,61.0,-0.5136706542968312,0.5136706542968312
KNYC,NBM,2026-04-29 00:00:00+00:00,2026-05-02,4,60.95824707031254,61.0,-0.041752929687461915,0.041752929687461915
KNYC,NBM,2026-04-27 06:00:00+00:00,2026-05-02,5,60.76263549804692,61.0,-0.23736450195308123,0.23736450195308123
KNYC,NBM,2026-04-27 12:00:00+00:00,2026-05-02,5,60.54917114257817,61.0,-0.45082885742183265,0.45082885742183265
KNYC,NBM,2026-04-27 18:00:00+00:00,2026-05-02,5,60.13674438476566,61.0,-0.8632556152343369,0.8632556152343369
KNYC,NBM,2026-04-28 00:00:00+00:00,2026-05-02,5,60.555982666015666,61.0,-0.4440173339843341,0.4440173339843341
KNYC,NBM,2026-04-26 06:00:00+00:00,2026-05-02,6,60.88419921875004,61.0,-0.11580078124995907,0.11580078124995907
KNYC,NBM,2026-04-26 12:00:00+00:00,2026-05-02,6,61.04536865234379,61.0,0.045368652343789506,0.045368652343789506
KNYC,NBM,2026-04-26 18:00:00+00:00,2026-05-02,6,60.32955444335941,61.0,-0.6704455566405869,0.6704455566405869
KNYC,NBM,2026-04-27 00:00:00+00:00,2026-05-02,6,60.20722167968754,61.0,-0.7927783203124577,0.7927783203124577
KNYC,NBM,2026-04-25 06:00:00+00:00,2026-05-02,7,63.03312500000004,61.0,2.033125000000041,2.033125000000041
KNYC,NBM,2026-04-25 12:00:00+00:00,2026-05-02,7,61.744923095703165,61.0,0.7449230957031645,0.7449230957031645
KNYC,NBM,2026-04-25 18:00:00+00:00,2026-05-02,7,60.410798339843794,61.0,-0.5892016601562062,0.5892016601562062
KNYC,NBM,2026-04-26 00:00:00+00:00,2026-05-02,7,61.13084228515629,61.0,0.13084228515629093,0.13084228515629093
KMDW,GFS,2026-05-03 06:00:00+00:00,2026-05-03,0,69.2,67.0,2.200000000000003,2.200000000000003
KMDW,GFS,2026-05-03 12:00:00+00:00,2026-05-03,0,68.3,67.0,1.2999999999999972,1.2999999999999972
KMDW,GFS,2026-05-03 18:00:00+00:00,2026-05-03,0,67.6,67.0,0.5999999999999943,0.5999999999999943
KMDW,GFS,2026-05-04 00:00:00+00:00,2026-05-03,0,63.2,67.0,-3.799999999999997,3.799999999999997
KMDW,HRRR,2026-05-03 05:00:00+00:00,2026-05-03,0,58.11471069335941,67.0,-8.885289306640587,8.885289306640587
KMDW,HRRR,2026-05-03 06:00:00+00:00,2026-05-03,0,67.98405883789067,67.0,0.9840588378906716,0.9840588378906716
KMDW,HRRR,2026-05-03 07:00:00+00:00,2026-05-03,0,59.51563232421879,67.0,-7.484367675781208,7.484367675781208
KMDW,HRRR,2026-05-03 08:00:00+00:00,2026-05-03,0,65.47318847656254,67.0,-1.526811523437459,1.526811523437459
KMDW,HRRR,2026-05-03 09:00:00+00:00,2026-05-03,0,68.59506347656254,67.0,1.5950634765625438,1.5950634765625438
KMDW,HRRR,2026-05-03 10:00:00+00:00,2026-05-03,0,67.55251586914066,67.0,0.5525158691406631,0.5525158691406631
KMDW,HRRR,2026-05-03 11:00:00+00:00,2026-05-03,0,68.54721801757816,67.0,1.5472180175781602,1.5472180175781602
KMDW,HRRR,2026-05-03 12:00:00+00:00,2026-05-03,0,68.09600952148442,67.0,1.0960095214844188,1.0960095214844188
KMDW,HRRR,2026-05-03 13:00:00+00:00,2026-05-03,0,68.35314453125004,67.0,1.353144531250038,1.353144531250038
KMDW,HRRR,2026-05-03 14:00:00+00:00,2026-05-03,0,67.82162597656254,67.0,0.8216259765625438,0.8216259765625438
KMDW,HRRR,2026-05-03 15:00:00+00:00,2026-05-03,0,67.68226440429692,67.0,0.6822644042969159,0.6822644042969159
KMDW,HRRR,2026-05-03 16:00:00+00:00,2026-05-03,0,67.55427368164067,67.0,0.5542736816406659,0.5542736816406659
KMDW,HRRR,2026-05-03 17:00:00+00:00,2026-05-03,0,67.45199096679691,67.0,0.4519909667969131,0.4519909667969131
KMDW,HRRR,2026-05-03 18:00:00+00:00,2026-05-03,0,66.58088500976567,67.0,-0.4191149902343341,0.4191149902343341
KMDW,HRRR,2026-05-03 19:00:00+00:00,2026-05-03,0,67.09971435546879,67.0,0.09971435546879093,0.09971435546879093
KMDW,HRRR,2026-05-03 20:00:00+00:00,2026-05-03,0,66.80423706054691,67.0,-0.19576293945308976,0.19576293945308976
KMDW,HRRR,2026-05-03 21:00:00+00:00,2026-05-03,0,66.46800048828129,67.0,-0.5319995117187091,0.5319995117187091
KMDW,HRRR,2026-05-03 22:00:00+00:00,2026-05-03,0,65.22753417968754,67.0,-1.772465820312462,1.772465820312462
KMDW,HRRR,2026-05-03 23:00:00+00:00,2026-05-03,0,63.950758056640666,67.0,-3.049241943359334,3.049241943359334
KMDW,HRRR,2026-05-04 00:00:00+00:00,2026-05-03,0,59.90443847656254,67.0,-7.0955615234374605,7.0955615234374605
KMDW,HRRR,2026-05-04 01:00:00+00:00,2026-05-03,0,57.51925170898441,67.0,-9.480748291015587,9.480748291015587
KMDW,HRRR,2026-05-04 02:00:00+00:00,2026-05-03,0,56.40617187500004,67.0,-10.593828124999959,10.593828124999959
KMDW,HRRR,2026-05-04 03:00:00+00:00,2026-05-03,0,54.908460693359416,67.0,-12.091539306640584,12.091539306640584
KMDW,NBM,2026-05-03 06:00:00+00:00,2026-05-03,0,67.41216552734379,67.0,0.4121655273437881,0.4121655273437881
KMDW,NBM,2026-05-03 12:00:00+00:00,2026-05-03,0,67.15481079101566,67.0,0.15481079101566309,0.15481079101566309
KMDW,GFS,2026-05-02 18:00:00+00:00,2026-05-03,1,70.0,67.0,3.0,3.0
KMDW,GFS,2026-05-03 00:00:00+00:00,2026-05-03,1,69.0,67.0,2.0,2.0
KMDW,HRRR,2026-05-02 06:00:00+00:00,2026-05-03,1,70.27366455078129,67.0,3.273664550781291,3.273664550781291
KMDW,HRRR,2026-05-02 12:00:00+00:00,2026-05-03,1,69.94676635742192,67.0,2.9467663574219216,2.9467663574219216
KMDW,HRRR,2026-05-02 18:00:00+00:00,2026-05-03,1,69.00474365234379,67.0,2.004743652343791,2.004743652343791
KMDW,HRRR,2026-05-02 19:00:00+00:00,2026-05-03,1,41.64005249023442,67.0,-25.359947509765583,25.359947509765583
KMDW,HRRR,2026-05-02 20:00:00+00:00,2026-05-03,1,41.30090454101567,67.0,-25.69909545898433,25.69909545898433
KMDW,HRRR,2026-05-02 21:00:00+00:00,2026-05-03,1,41.45932739257817,67.0,-25.540672607421833,25.540672607421833
KMDW,HRRR,2026-05-02 22:00:00+00:00,2026-05-03,1,41.91322753906254,67.0,-25.08677246093746,25.08677246093746
KMDW,HRRR,2026-05-03 00:00:00+00:00,2026-05-03,1,69.16585815429691,67.0,2.165858154296913,2.165858154296913
KMDW,HRRR,2026-05-03 01:00:00+00:00,2026-05-03,1,47.91159790039067,67.0,-19.088402099609333,19.088402099609333
KMDW,HRRR,2026-05-03 02:00:00+00:00,2026-05-03,1,52.39687622070316,67.0,-14.603123779296837,14.603123779296837
KMDW,HRRR,2026-05-03 03:00:00+00:00,2026-05-03,1,51.800977783203166,67.0,-15.199022216796834,15.199022216796834
KMDW,HRRR,2026-05-03 04:00:00+00:00,2026-05-03,1,57.568085937500044,67.0,-9.431914062499956,9.431914062499956
KMDW,NBM,2026-05-02 06:00:00+00:00,2026-05-03,1,65.15996826171879,67.0,-1.840031738281212,1.840031738281212
KMDW,NBM,2026-05-02 12:00:00+00:00,2026-05-03,1,66.06040771484379,67.0,-0.9395922851562091,0.9395922851562091
KMDW,NBM,2026-05-02 18:00:00+00:00,2026-05-03,1,66.45355346679692,67.0,-0.5464465332030812,0.5464465332030812
KMDW,NBM,2026-05-03 00:00:00+00:00,2026-05-03,1,67.0362133789063,67.0,0.03621337890629661,0.03621337890629661
KMDW,HRRR,2026-05-01 06:00:00+00:00,2026-05-03,2,38.47763793945317,67.0,-28.522362060546833,28.522362060546833
KMDW,HRRR,2026-05-01 12:00:00+00:00,2026-05-03,2,41.53562744140629,67.0,-25.46437255859371,25.46437255859371
KMDW,HRRR,2026-05-01 18:00:00+00:00,2026-05-03,2,65.36272094726567,67.0,-1.6372790527343284,1.6372790527343284
KMDW,HRRR,2026-05-02 00:00:00+00:00,2026-05-03,2,70.46532104492192,67.0,3.4653210449219216,3.4653210449219216
KMIA,GFS,2026-05-03 06:00:00+00:00,2026-05-03,0,85.5,82.0,3.5,3.5
KMIA,GFS,2026-05-03 12:00:00+00:00,2026-05-03,0,89.0,82.0,7.0,7.0
KMIA,GFS,2026-05-03 18:00:00+00:00,2026-05-03,0,85.8,82.0,3.799999999999997,3.799999999999997
KMIA,GFS,2026-05-04 00:00:00+00:00,2026-05-03,0,73.9,82.0,-8.099999999999994,8.099999999999994
KMIA,HRRR,2026-05-03 04:00:00+00:00,2026-05-03,0,85.46808593750004,82.0,3.4680859375000352,3.4680859375000352
KMIA,HRRR,2026-05-03 05:00:00+00:00,2026-05-03,0,86.64384277343754,82.0,4.643842773437541,4.643842773437541
KMIA,HRRR,2026-05-03 06:00:00+00:00,2026-05-03,0,86.44411132812505,82.0,4.444111328125047,4.444111328125047
KMIA,HRRR,2026-05-03 07:00:00+00:00,2026-05-03,0,81.20703857421879,82.0,-0.7929614257812148,0.7929614257812148
KMIA,HRRR,2026-05-03 08:00:00+00:00,2026-05-03,0,82.7873120117188,82.0,0.7873120117187966,0.7873120117187966
KMIA,HRRR,2026-05-03 09:00:00+00:00,2026-05-03,0,83.74867065429692,82.0,1.748670654296916,1.748670654296916
KMIA,HRRR,2026-05-03 10:00:00+00:00,2026-05-03,0,89.00722167968755,82.0,7.007221679687547,7.007221679687547
KMIA,HRRR,2026-05-03 11:00:00+00:00,2026-05-03,0,78.20804565429691,82.0,-3.7919543457030898,3.7919543457030898
KMIA,HRRR,2026-05-03 12:00:00+00:00,2026-05-03,0,77.0847485351563,82.0,-4.915251464843706,4.915251464843706
KMIA,HRRR,2026-05-03 13:00:00+00:00,2026-05-03,0,82.45184448242192,82.0,0.45184448242191877,0.45184448242191877
KMIA,HRRR,2026-05-03 14:00:00+00:00,2026-05-03,0,83.12162597656254,82.0,1.121625976562541,1.121625976562541
KMIA,HRRR,2026-05-03 15:00:00+00:00,2026-05-03,0,83.21061523437504,82.0,1.210615234375041,1.210615234375041
KMIA,HRRR,2026-05-03 16:00:00+00:00,2026-05-03,0,85.70775268554692,82.0,3.7077526855469216,3.7077526855469216
KMIA,HRRR,2026-05-03 17:00:00+00:00,2026-05-03,0,84.00047729492192,82.0,2.0004772949219216,2.0004772949219216
KMIA,HRRR,2026-05-03 18:00:00+00:00,2026-05-03,0,82.9323315429688,82.0,0.9323315429687966,0.9323315429687966
KMIA,HRRR,2026-05-03 19:00:00+00:00,2026-05-03,0,81.37452514648442,82.0,-0.6254748535155841,0.6254748535155841
KMIA,HRRR,2026-05-03 20:00:00+00:00,2026-05-03,0,81.45142944335942,82.0,-0.5485705566405841,0.5485705566405841
KMIA,HRRR,2026-05-03 21:00:00+00:00,2026-05-03,0,80.59427612304691,82.0,-1.4057238769530898,1.4057238769530898
KMIA,HRRR,2026-05-03 22:00:00+00:00,2026-05-03,0,77.60253417968754,82.0,-4.397465820312462,4.397465820312462
KMIA,HRRR,2026-05-03 23:00:00+00:00,2026-05-03,0,77.22575805664067,82.0,-4.774241943359328,4.774241943359328
KMIA,HRRR,2026-05-04 00:00:00+00:00,2026-05-03,0,75.31693847656254,82.0,-6.683061523437459,6.683061523437459
KMIA,HRRR,2026-05-04 01:00:00+00:00,2026-05-03,0,74.73175170898442,82.0,-7.268248291015581,7.268248291015581
KMIA,HRRR,2026-05-04 02:00:00+00:00,2026-05-03,0,74.18117187500005,82.0,-7.818828124999953,7.818828124999953
KMIA,NBM,2026-05-03 06:00:00+00:00,2026-05-03,0,83.97218750000005,82.0,1.9721875000000466,1.9721875000000466
KMIA,NBM,2026-05-03 12:00:00+00:00,2026-05-03,0,83.71477783203129,82.0,1.714777832031288,1.714777832031288
KMIA,GFS,2026-05-02 06:00:00+00:00,2026-05-03,1,83.1,82.0,1.0999999999999943,1.0999999999999943
KMIA,GFS,2026-05-02 12:00:00+00:00,2026-05-03,1,82.9,82.0,0.9000000000000057,0.9000000000000057
KMIA,GFS,2026-05-02 18:00:00+00:00,2026-05-03,1,81.8,82.0,-0.20000000000000284,0.20000000000000284
KMIA,GFS,2026-05-03 00:00:00+00:00,2026-05-03,1,83.3,82.0,1.2999999999999972,1.2999999999999972
KMIA,HRRR,2026-05-02 06:00:00+00:00,2026-05-03,1,82.81505249023442,82.0,0.8150524902344216,0.8150524902344216
KMIA,HRRR,2026-05-02 10:00:00+00:00,2026-05-03,1,78.40607421875004,82.0,-3.5939257812499648,3.5939257812499648
KMIA,HRRR,2026-05-02 11:00:00+00:00,2026-05-03,1,78.47539794921879,82.0,-3.524602050781212,3.524602050781212
KMIA,HRRR,2026-05-02 12:00:00+00:00,2026-05-03,1,81.71757324218754,82.0,-0.2824267578124591,0.2824267578124591
KMIA,HRRR,2026-05-02 13:00:00+00:00,2026-05-03,1,78.78136718750004,82.0,-3.218632812499962,3.218632812499962
KMIA,HRRR,2026-05-02 14:00:00+00:00,2026-05-03,1,78.56801269531255,82.0,-3.4319873046874534,3.4319873046874534
KMIA,HRRR,2026-05-02 15:00:00+00:00,2026-05-03,1,78.8008129882813,82.0,-3.1991870117187062,3.1991870117187062
KMIA,HRRR,2026-05-02 16:00:00+00:00,2026-05-03,1,78.69435546875005,82.0,-3.3056445312499534,3.3056445312499534
KMIA,HRRR,2026-05-02 17:00:00+00:00,2026-05-03,1,78.37750976562504,82.0,-3.6224902343749648,3.6224902343749648
KMIA,HRRR,2026-05-02 18:00:00+00:00,2026-05-03,1,83.1839184570313,82.0,1.1839184570312966,1.1839184570312966
KMIA,HRRR,2026-05-02 19:00:00+00:00,2026-05-03,1,78.85409667968754,82.0,-3.1459033203124562,3.1459033203124562
KMIA,HRRR,2026-05-02 20:00:00+00:00,2026-05-03,1,78.88474853515629,82.0,-3.115251464843709,3.115251464843709
KMIA,HRRR,2026-05-02 21:00:00+00:00,2026-05-03,1,79.26734741210942,82.0,-2.732652587890584,2.732652587890584
KMIA,HRRR,2026-05-02 22:00:00+00:00,2026-05-03,1,79.97838256835942,82.0,-2.0216174316405784,2.0216174316405784
KMIA,HRRR,2026-05-03 00:00:00+00:00,2026-05-03,1,80.56911743164066,82.0,-1.430882568359337,1.430882568359337
KMIA,HRRR,2026-05-03 01:00:00+00:00,2026-05-03,1,79.9055981445313,82.0,-2.0944018554687034,2.0944018554687034
KMIA,HRRR,2026-05-03 02:00:00+00:00,2026-05-03,1,79.45471923828129,82.0,-2.5452807617187148,2.5452807617187148
KMIA,HRRR,2026-05-03 03:00:00+00:00,2026-05-03,1,79.36347778320317,82.0,-2.636522216796834,2.636522216796834
KMIA,NBM,2026-05-02 06:00:00+00:00,2026-05-03,1,83.88001220703129,82.0,1.8800122070312852,1.8800122070312852
KMIA,NBM,2026-05-02 12:00:00+00:00,2026-05-03,1,83.3403637695313,82.0,1.3403637695312938,1.3403637695312938
KMIA,NBM,2026-05-02 18:00:00+00:00,2026-05-03,1,83.01357543945316,82.0,1.013575439453163,1.013575439453163
KMIA,NBM,2026-05-03 00:00:00+00:00,2026-05-03,1,83.59618041992192,82.0,1.5961804199219216,1.5961804199219216
KMIA,GFS,2026-05-01 18:00:00+00:00,2026-05-03,2,83.2,82.0,1.2000000000000028,1.2000000000000028
KMIA,GFS,2026-05-02 00:00:00+00:00,2026-05-03,2,83.1,82.0,1.0999999999999943,1.0999999999999943
KMIA,HRRR,2026-05-01 06:00:00+00:00,2026-05-03,2,77.5945141601563,82.0,-4.405485839843706,4.405485839843706
KMIA,HRRR,2026-05-01 12:00:00+00:00,2026-05-03,2,77.2183422851563,82.0,-4.781657714843703,4.781657714843703
KMIA,HRRR,2026-05-01 18:00:00+00:00,2026-05-03,2,82.91272094726567,82.0,0.9127209472656688,0.9127209472656688
KMIA,HRRR,2026-05-02 00:00:00+00:00,2026-05-03,2,83.02225463867191,82.0,1.0222546386719102,1.0222546386719102
KMIA,NBM,2026-05-01 06:00:00+00:00,2026-05-03,2,82.30578125000004,82.0,0.3057812500000381,0.3057812500000381
KMIA,NBM,2026-05-01 12:00:00+00:00,2026-05-03,2,83.15117919921879,82.0,1.151179199218788,1.151179199218788
KMIA,NBM,2026-05-01 18:00:00+00:00,2026-05-03,2,83.85364501953129,82.0,1.8536450195312852,1.8536450195312852
KMIA,NBM,2026-05-02 00:00:00+00:00,2026-05-03,2,83.25521972656254,82.0,1.2552197265625438,1.2552197265625438
KNYC,GFS,2026-05-03 06:00:00+00:00,2026-05-03,0,58.7,59.0,-0.29999999999999716,0.29999999999999716
KNYC,GFS,2026-05-03 12:00:00+00:00,2026-05-03,0,59.6,59.0,0.6000000000000014,0.6000000000000014
KNYC,GFS,2026-05-03 18:00:00+00:00,2026-05-03,0,59.6,59.0,0.6000000000000014,0.6000000000000014
KNYC,GFS,2026-05-04 00:00:00+00:00,2026-05-03,0,57.8,59.0,-1.2000000000000028,1.2000000000000028
KNYC,HRRR,2026-05-03 04:00:00+00:00,2026-05-03,0,54.30558593750004,59.0,-4.694414062499959,4.694414062499959
KNYC,HRRR,2026-05-03 05:00:00+00:00,2026-05-03,0,57.214710693359415,59.0,-1.7852893066405855,1.7852893066405855
KNYC,HRRR,2026-05-03 06:00:00+00:00,2026-05-03,0,59.04744995117191,59.0,0.047449951171913085,0.047449951171913085
KNYC,HRRR,2026-05-03 07:00:00+00:00,2026-05-03,0,58.50313232421879,59.0,-0.4968676757812105,0.4968676757812105
KNYC,HRRR,2026-05-03 08:00:00+00:00,2026-05-03,0,59.194447021484415,59.0,0.1944470214844145,0.1944470214844145
KNYC,HRRR,2026-05-03 09:00:00+00:00,2026-05-03,0,59.570728759765665,59.0,0.5707287597656645,0.5707287597656645
KNYC,HRRR,2026-05-03 10:00:00+00:00,2026-05-03,0,59.730579833984415,59.0,0.7305798339844145,0.7305798339844145
KNYC,HRRR,2026-05-03 11:00:00+00:00,2026-05-03,0,59.10238159179691,59.0,0.10238159179691309,0.10238159179691309
KNYC,HRRR,2026-05-03 12:00:00+00:00,2026-05-03,0,58.78185546875004,59.0,-0.21814453124996191,0.21814453124996191
KNYC,HRRR,2026-05-03 13:00:00+00:00,2026-05-03,0,58.886280517578165,59.0,-0.1137194824218355,0.1137194824218355
KNYC,HRRR,2026-05-03 14:00:00+00:00,2026-05-03,0,59.61862915039067,59.0,0.6186291503906673,0.6186291503906673
KNYC,HRRR,2026-05-03 15:00:00+00:00,2026-05-03,0,59.66911132812504,59.0,0.6691113281250409,0.6691113281250409
KNYC,HRRR,2026-05-03 16:00:00+00:00,2026-05-03,0,59.70130126953129,59.0,0.7013012695312923,0.7013012695312923
KNYC,HRRR,2026-05-03 17:00:00+00:00,2026-05-03,0,59.40543945312504,59.0,0.4054394531250409,0.4054394531250409
KNYC,HRRR,2026-05-03 18:00:00+00:00,2026-05-03,0,59.201752929687544,59.0,0.20175292968754377,0.20175292968754377
KNYC,HRRR,2026-05-03 19:00:00+00:00,2026-05-03,0,59.112214355468794,59.0,0.11221435546879377,0.11221435546879377
KNYC,HRRR,2026-05-03 20:00:00+00:00,2026-05-03,0,59.364350585937544,59.0,0.36435058593754377,0.36435058593754377
KNYC,HRRR,2026-05-03 21:00:00+00:00,2026-05-03,0,59.44427612304692,59.0,0.44427612304691877,0.44427612304691877
KNYC,HRRR,2026-05-03 22:00:00+00:00,2026-05-03,0,59.82753417968754,59.0,0.8275341796875395,0.8275341796875395
KNYC,HRRR,2026-05-03 23:00:00+00:00,2026-05-03,0,58.55075805664067,59.0,-0.44924194335933265,0.44924194335933265
KNYC,HRRR,2026-05-04 00:00:00+00:00,2026-05-03,0,55.40443847656254,59.0,-3.5955615234374605,3.5955615234374605
KNYC,HRRR,2026-05-04 01:00:00+00:00,2026-05-03,0,52.906751708984416,59.0,-6.093248291015584,6.093248291015584
KNYC,HRRR,2026-05-04 02:00:00+00:00,2026-05-03,0,51.231171875000044,59.0,-7.768828124999956,7.768828124999956
KNYC,NBM,2026-05-03 06:00:00+00:00,2026-05-03,0,60.21216552734379,59.0,1.2121655273437923,1.2121655273437923
KNYC,NBM,2026-05-03 12:00:00+00:00,2026-05-03,0,61.394788818359416,59.0,2.394788818359416,2.394788818359416
KNYC,GFS,2026-05-02 06:00:00+00:00,2026-05-03,1,58.4,59.0,-0.6000000000000014,0.6000000000000014
KNYC,GFS,2026-05-02 12:00:00+00:00,2026-05-03,1,58.0,59.0,-1.0,1.0
KNYC,GFS,2026-05-02 18:00:00+00:00,2026-05-03,1,55.4,59.0,-3.6000000000000014,3.6000000000000014
KNYC,GFS,2026-05-03 00:00:00+00:00,2026-05-03,1,58.2,59.0,-0.7999999999999972,0.7999999999999972
KNYC,HRRR,2026-05-02 06:00:00+00:00,2026-05-03,1,58.13640869140629,59.0,-0.8635913085937119,0.8635913085937119
KNYC,HRRR,2026-05-02 10:00:00+00:00,2026-05-03,1,45.78107421875004,59.0,-13.218925781249958,13.218925781249958
KNYC,HRRR,2026-05-02 11:00:00+00:00,2026-05-03,1,47.08789794921879,59.0,-11.912102050781208,11.912102050781208
KNYC,HRRR,2026-05-02 12:00:00+00:00,2026-05-03,1,55.48167236328129,59.0,-3.518327636718709,3.518327636718709
KNYC,HRRR,2026-05-02 13:00:00+00:00,2026-05-03,1,45.59386718750004,59.0,-13.406132812499962,13.406132812499962
KNYC,HRRR,2026-05-02 14:00:00+00:00,2026-05-03,1,46.50551269531254,59.0,-12.49448730468746,12.49448730468746
KNYC,HRRR,2026-05-02 15:00:00+00:00,2026-05-03,1,46.51331298828129,59.0,-12.486687011718708,12.486687011718708
KNYC,HRRR,2026-05-02 16:00:00+00:00,2026-05-03,1,46.63185546875004,59.0,-12.36814453124996,12.36814453124996
KNYC,HRRR,2026-05-02 17:00:00+00:00,2026-05-03,1,46.68783081054691,59.0,-12.312169189453087,12.312169189453087
KNYC,HRRR,2026-05-02 18:00:00+00:00,2026-05-03,1,58.30796020507817,59.0,-0.6920397949218327,0.6920397949218327
KNYC,HRRR,2026-05-02 19:00:00+00:00,2026-05-03,1,46.56659667968754,59.0,-12.433403320312458,12.433403320312458
KNYC,HRRR,2026-05-02 20:00:00+00:00,2026-05-03,1,47.272248535156294,59.0,-11.727751464843706,11.727751464843706
KNYC,HRRR,2026-05-02 21:00:00+00:00,2026-05-03,1,47.767347412109416,59.0,-11.232652587890584,11.232652587890584
KNYC,HRRR,2026-05-02 22:00:00+00:00,2026-05-03,1,50.50338256835941,59.0,-8.496617431640587,8.496617431640587
KNYC,HRRR,2026-05-03 00:00:00+00:00,2026-05-03,1,58.47638061523442,59.0,-0.5236193847655812,0.5236193847655812
KNYC,HRRR,2026-05-03 01:00:00+00:00,2026-05-03,1,51.330598144531294,59.0,-7.669401855468706,7.669401855468706
KNYC,HRRR,2026-05-03 02:00:00+00:00,2026-05-03,1,51.10471923828129,59.0,-7.895280761718709,7.895280761718709
KNYC,HRRR,2026-05-03 03:00:00+00:00,2026-05-03,1,51.50670898437504,59.0,-7.493291015624962,7.493291015624962
KNYC,NBM,2026-05-02 06:00:00+00:00,2026-05-03,1,60.839979248046916,59.0,1.839979248046916,1.839979248046916
KNYC,NBM,2026-05-02 12:00:00+00:00,2026-05-03,1,61.020374755859415,59.0,2.0203747558594145,2.0203747558594145
KNYC,NBM,2026-05-02 18:00:00+00:00,2026-05-03,1,60.69358642578129,59.0,1.693586425781291,1.693586425781291
KNYC,NBM,2026-05-03 00:00:00+00:00,2026-05-03,1,60.556202392578165,59.0,1.5562023925781645,1.5562023925781645
KNYC,GFS,2026-05-01 18:00:00+00:00,2026-05-03,2,60.9,59.0,1.8999999999999986,1.8999999999999986
KNYC,GFS,2026-05-02 00:00:00+00:00,2026-05-03,2,58.5,59.0,-0.5,0.5
KNYC,HRRR,2026-05-01 06:00:00+00:00,2026-05-03,2,50.032014160156294,59.0,-8.967985839843706,8.967985839843706
KNYC,HRRR,2026-05-01 12:00:00+00:00,2026-05-03,2,49.54334228515629,59.0,-9.456657714843708,9.456657714843708
KNYC,HRRR,2026-05-01 18:00:00+00:00,2026-05-03,2,53.66272094726567,59.0,-5.337279052734331,5.337279052734331
KNYC,HRRR,2026-05-02 00:00:00+00:00,2026-05-03,2,58.090321044921915,59.0,-0.9096789550780855,0.9096789550780855
KNYC,NBM,2026-05-01 06:00:00+00:00,2026-05-03,2,61.425770263671915,59.0,2.4257702636719145,2.4257702636719145
KNYC,NBM,2026-05-01 12:00:00+00:00,2026-05-03,2,60.831190185546916,59.0,1.831190185546916,1.831190185546916
KNYC,NBM,2026-05-01 18:00:00+00:00,2026-05-03,2,60.81366699218754,59.0,1.8136669921875423,1.8136669921875423
KNYC,NBM,2026-05-02 00:00:00+00:00,2026-05-03,2,60.935230712890665,59.0,1.9352307128906645,1.9352307128906645
KNYC,NBM,2026-04-30 06:00:00+00:00,2026-05-03,3,61.29585693359379,59.0,2.2958569335937895,2.2958569335937895
KNYC,NBM,2026-04-30 12:00:00+00:00,2026-05-03,3,61.42505615234379,59.0,2.4250561523437923,2.4250561523437923
KNYC,NBM,2026-04-30 18:00:00+00:00,2026-05-03,3,61.382703857421916,59.0,2.382703857421916,2.382703857421916
KNYC,NBM,2026-05-01 00:00:00+00:00,2026-05-03,3,61.34441650390629,59.0,2.344416503906288,2.344416503906288
KNYC,NBM,2026-04-29 06:00:00+00:00,2026-05-03,4,62.30396240234379,59.0,3.3039624023437923,3.3039624023437923
KNYC,NBM,2026-04-29 12:00:00+00:00,2026-05-03,4,61.96267211914066,59.0,2.962672119140663,2.962672119140663
KNYC,NBM,2026-04-29 18:00:00+00:00,2026-05-03,4,61.78375976562504,59.0,2.7837597656250423,2.7837597656250423
KNYC,NBM,2026-04-28 06:00:00+00:00,2026-05-03,5,61.13446777343754,59.0,2.1344677734375423,2.1344677734375423
KNYC,NBM,2026-04-28 12:00:00+00:00,2026-05-03,5,61.38880126953129,59.0,2.3888012695312923,2.3888012695312923
KNYC,NBM,2026-04-28 18:00:00+00:00,2026-05-03,5,61.94020507812504,59.0,2.9402050781250395,2.9402050781250395
KNYC,NBM,2026-04-29 00:00:00+00:00,2026-05-03,5,62.25089843750004,59.0,3.250898437500041,3.250898437500041
KNYC,NBM,2026-04-27 06:00:00+00:00,2026-05-03,6,63.089649658203165,59.0,4.0896496582031645,4.0896496582031645
KNYC,NBM,2026-04-27 12:00:00+00:00,2026-05-03,6,63.54909790039066,59.0,4.549097900390663,4.549097900390663
KNYC,NBM,2026-04-27 18:00:00+00:00,2026-05-03,6,62.69513061523442,59.0,3.6951306152344188,3.6951306152344188
KNYC,NBM,2026-04-28 00:00:00+00:00,2026-05-03,6,62.444367675781294,59.0,3.4443676757812938,3.4443676757812938
KNYC,NBM,2026-04-26 06:00:00+00:00,2026-05-03,7,65.71329467773441,59.0,6.71329467773441,6.71329467773441
KNYC,NBM,2026-04-26 12:00:00+00:00,2026-05-03,7,64.39916503906254,59.0,5.399165039062538,5.399165039062538
KNYC,NBM,2026-04-26 18:00:00+00:00,2026-05-03,7,62.483204345703165,59.0,3.4832043457031645,3.4832043457031645
KNYC,NBM,2026-04-27 00:00:00+00:00,2026-05-03,7,62.83811767578129,59.0,3.838117675781291,3.838117675781291
KMDW,GFS,2026-05-04 06:00:00+00:00,2026-05-04,0,79.1,81.0,-1.9000000000000057,1.9000000000000057
KMDW,GFS,2026-05-04 12:00:00+00:00,2026-05-04,0,81.1,81.0,0.09999999999999432,0.09999999999999432
KMDW,GFS,2026-05-04 18:00:00+00:00,2026-05-04,0,80.0,81.0,-1.0,1.0
KMDW,GFS,2026-05-05 00:00:00+00:00,2026-05-04,0,69.5,81.0,-11.5,11.5
KMDW,HRRR,2026-05-04 05:00:00+00:00,2026-05-04,0,79.50558593750004,81.0,-1.4944140624999562,1.4944140624999562
KMDW,HRRR,2026-05-04 06:00:00+00:00,2026-05-04,0,79.94311645507817,81.0,-1.0568835449218312,1.0568835449218312
KMDW,HRRR,2026-05-04 07:00:00+00:00,2026-05-04,0,79.90015991210942,81.0,-1.099840087890584,1.099840087890584
KMDW,HRRR,2026-05-04 08:00:00+00:00,2026-05-04,0,80.45908935546879,81.0,-0.5409106445312091,0.5409106445312091
KMDW,HRRR,2026-05-04 09:00:00+00:00,2026-05-04,0,80.52259033203129,81.0,-0.47740966796871476,0.47740966796871476
KMDW,HRRR,2026-05-04 10:00:00+00:00,2026-05-04,0,81.07849853515629,81.0,0.07849853515628524,0.07849853515628524
KMDW,HRRR,2026-05-04 11:00:00+00:00,2026-05-04,0,79.97926147460942,81.0,-1.020738525390584,1.020738525390584
KMDW,HRRR,2026-05-04 12:00:00+00:00,2026-05-04,0,80.32708862304692,81.0,-0.6729113769530812,0.6729113769530812
KMDW,HRRR,2026-05-04 13:00:00+00:00,2026-05-04,0,80.09313476562504,81.0,-0.9068652343749619,0.9068652343749619
KMDW,HRRR,2026-05-04 14:00:00+00:00,2026-05-04,0,80.57378662109379,81.0,-0.4262133789062119,0.4262133789062119
KMDW,HRRR,2026-05-04 15:00:00+00:00,2026-05-04,0,80.35290649414067,81.0,-0.6470935058593312,0.6470935058593312
KMDW,HRRR,2026-05-04 16:00:00+00:00,2026-05-04,0,80.00189331054692,81.0,-0.9981066894530812,0.9981066894530812
KMDW,HRRR,2026-05-04 17:00:00+00:00,2026-05-04,0,79.62973144531254,81.0,-1.3702685546874562,1.3702685546874562
KMDW,HRRR,2026-05-04 18:00:00+00:00,2026-05-04,0,79.43823974609379,81.0,-1.5617602539062148,1.5617602539062148
KMDW,HRRR,2026-05-04 19:00:00+00:00,2026-05-04,0,78.8201489257813,81.0,-2.1798510742187034,2.1798510742187034
KMDW,HRRR,2026-05-04 20:00:00+00:00,2026-05-04,0,79.18824584960942,81.0,-1.811754150390584,1.811754150390584
KMDW,HRRR,2026-05-04 21:00:00+00:00,2026-05-04,0,78.49138305664067,81.0,-2.5086169433593284,2.5086169433593284
KMDW,HRRR,2026-05-04 22:00:00+00:00,2026-05-04,0,73.4438793945313,81.0,-7.556120605468706,7.556120605468706
KMDW,HRRR,2026-05-04 23:00:00+00:00,2026-05-04,0,70.76359985351567,81.0,-10.236400146484328,10.236400146484328
KMDW,HRRR,2026-05-05 00:00:00+00:00,2026-05-04,0,62.56763427734379,81.0,-18.432365722656208,18.432365722656208
KMDW,HRRR,2026-05-05 01:00:00+00:00,2026-05-04,0,64.5196850585938,81.0,-16.480314941406206,16.480314941406206
KMDW,HRRR,2026-05-05 02:00:00+00:00,2026-05-04,0,61.25130737304691,81.0,-19.748692626953087,19.748692626953087
KMDW,HRRR,2026-05-05 03:00:00+00:00,2026-05-04,0,60.32790649414066,81.0,-20.672093505859337,20.672093505859337
KMDW,NBM,2026-05-04 06:00:00+00:00,2026-05-04,0,79.03465698242192,81.0,-1.9653430175780784,1.9653430175780784
KMDW,NBM,2026-05-04 12:00:00+00:00,2026-05-04,0,79.45208251953129,81.0,-1.547917480468712,1.547917480468712
KMDW,GFS,2026-05-03 06:00:00+00:00,2026-05-04,1,80.6,81.0,-0.4000000000000057,0.4000000000000057
KMDW,GFS,2026-05-03 12:00:00+00:00,2026-05-04,1,83.2,81.0,2.200000000000003,2.200000000000003
KMDW,GFS,2026-05-03 18:00:00+00:00,2026-05-04,1,81.8,81.0,0.7999999999999972,0.7999999999999972
KMDW,GFS,2026-05-04 00:00:00+00:00,2026-05-04,1,81.9,81.0,0.9000000000000057,0.9000000000000057
KMDW,HRRR,2026-05-03 06:00:00+00:00,2026-05-04,1,83.10805786132816,81.0,2.108057861328163,2.108057861328163
KMDW,HRRR,2026-05-03 12:00:00+00:00,2026-05-04,1,81.77168090820317,81.0,0.7716809082031659,0.7716809082031659
KMDW,HRRR,2026-05-03 16:00:00+00:00,2026-05-04,1,53.62575195312504,81.0,-27.37424804687496,27.37424804687496
KMDW,HRRR,2026-05-03 17:00:00+00:00,2026-05-04,1,53.489246826171915,81.0,-27.510753173828085,27.510753173828085
KMDW,HRRR,2026-05-03 18:00:00+00:00,2026-05-04,1,81.87539184570316,81.0,0.8753918457031631,0.8753918457031631
KMDW,HRRR,2026-05-03 19:00:00+00:00,2026-05-04,1,52.01641967773442,81.0,-28.98358032226558,28.98358032226558
KMDW,HRRR,2026-05-03 20:00:00+00:00,2026-05-04,1,52.26509521484379,81.0,-28.73490478515621,28.73490478515621
KMDW,HRRR,2026-05-03 21:00:00+00:00,2026-05-04,1,51.13581054687504,81.0,-29.864189453124958,29.864189453124958
KMDW,HRRR,2026-05-03 22:00:00+00:00,2026-05-04,1,54.922578125000044,81.0,-26.077421874999956,26.077421874999956
KMDW,HRRR,2026-05-04 00:00:00+00:00,2026-05-04,1,79.95789306640629,81.0,-1.0421069335937148,1.0421069335937148
KMDW,HRRR,2026-05-04 01:00:00+00:00,2026-05-04,1,62.159437255859416,81.0,-18.840562744140584,18.840562744140584
KMDW,HRRR,2026-05-04 02:00:00+00:00,2026-05-04,1,74.28993652343755,81.0,-6.710063476562453,6.710063476562453
KMDW,HRRR,2026-05-04 03:00:00+00:00,2026-05-04,1,77.42483032226566,81.0,-3.575169677734337,3.575169677734337
KMDW,HRRR,2026-05-04 04:00:00+00:00,2026-05-04,1,78.56999023437504,81.0,-2.430009765624959,2.430009765624959
KMDW,NBM,2026-05-03 06:00:00+00:00,2026-05-04,1,77.62236450195317,81.0,-3.3776354980468284,3.3776354980468284
KMDW,NBM,2026-05-03 12:00:00+00:00,2026-05-04,1,78.1504223632813,81.0,-2.8495776367187062,2.8495776367187062
KMDW,NBM,2026-05-03 18:00:00+00:00,2026-05-04,1,79.03064697265629,81.0,-1.9693530273437148,1.9693530273437148
KMDW,NBM,2026-05-04 00:00:00+00:00,2026-05-04,1,79.07635009765629,81.0,-1.923649902343712,1.923649902343712
KMDW,GFS,2026-05-02 18:00:00+00:00,2026-05-04,2,75.2,81.0,-5.799999999999997,5.799999999999997
KMDW,GFS,2026-05-03 00:00:00+00:00,2026-05-04,2,73.4,81.0,-7.599999999999994,7.599999999999994
KMDW,HRRR,2026-05-02 06:00:00+00:00,2026-05-04,2,51.402174072265666,81.0,-29.597825927734334,29.597825927734334
KMDW,HRRR,2026-05-02 12:00:00+00:00,2026-05-04,2,51.25193603515629,81.0,-29.74806396484371,29.74806396484371
KMDW,HRRR,2026-05-02 18:00:00+00:00,2026-05-04,2,77.08518798828129,81.0,-3.914812011718709,3.914812011718709
KMDW,HRRR,2026-05-03 00:00:00+00:00,2026-05-04,2,80.92880981445316,81.0,-0.07119018554683976,0.07119018554683976
KMDW,NBM,2026-05-02 06:00:00+00:00,2026-05-04,2,76.27077148437505,81.0,-4.729228515624953,4.729228515624953
KMDW,NBM,2026-05-02 12:00:00+00:00,2026-05-04,2,76.81585815429692,81.0,-4.184141845703081,4.184141845703081
KMDW,NBM,2026-05-02 18:00:00+00:00,2026-05-04,2,76.53477294921879,81.0,-4.465227050781209,4.465227050781209
KMDW,NBM,2026-05-03 00:00:00+00:00,2026-05-04,2,77.17033203125004,81.0,-3.829667968749959,3.829667968749959
KMIA,GFS,2026-05-04 06:00:00+00:00,2026-05-04,0,89.2,82.0,7.200000000000003,7.200000000000003
KMIA,GFS,2026-05-04 12:00:00+00:00,2026-05-04,0,85.4,82.0,3.4000000000000057,3.4000000000000057
KMIA,GFS,2026-05-04 18:00:00+00:00,2026-05-04,0,80.9,82.0,-1.0999999999999943,1.0999999999999943
KMIA,GFS,2026-05-05 00:00:00+00:00,2026-05-04,0,75.8,82.0,-6.200000000000003,6.200000000000003
KMIA,HRRR,2026-05-04 04:00:00+00:00,2026-05-04,0,89.17295043945316,82.0,7.17295043945316,7.17295043945316
KMIA,HRRR,2026-05-04 05:00:00+00:00,2026-05-04,0,85.08334472656254,82.0,3.0833447265625438,3.0833447265625438
KMIA,HRRR,2026-05-04 06:00:00+00:00,2026-05-04,0,86.1253979492188,82.0,4.125397949218794,4.125397949218794
KMIA,HRRR,2026-05-04 07:00:00+00:00,2026-05-04,0,80.09813354492192,82.0,-1.9018664550780784,1.9018664550780784
KMIA,HRRR,2026-05-04 08:00:00+00:00,2026-05-04,0,85.21446655273442,82.0,3.2144665527344216,3.2144665527344216
KMIA,HRRR,2026-05-04 09:00:00+00:00,2026-05-04,0,84.60044067382816,82.0,2.6004406738281602,2.6004406738281602
KMIA,HRRR,2026-05-04 10:00:00+00:00,2026-05-04,0,85.27769287109379,82.0,3.277692871093791,3.277692871093791
KMIA,HRRR,2026-05-04 11:00:00+00:00,2026-05-04,0,84.6308178710938,82.0,2.6308178710937966,2.6308178710937966
KMIA,HRRR,2026-05-04 12:00:00+00:00,2026-05-04,0,80.00810058593754,82.0,-1.991899414062459,1.991899414062459
KMIA,HRRR,2026-05-04 13:00:00+00:00,2026-05-04,0,83.19913452148441,82.0,1.1991345214844102,1.1991345214844102
KMIA,HRRR,2026-05-04 14:00:00+00:00,2026-05-04,0,82.60191772460942,82.0,0.6019177246094216,0.6019177246094216
KMIA,HRRR,2026-05-04 15:00:00+00:00,2026-05-04,0,80.40783813476567,82.0,-1.5921618652343312,1.5921618652343312
KMIA,HRRR,2026-05-04 16:00:00+00:00,2026-05-04,0,80.81405761718754,82.0,-1.1859423828124562,1.1859423828124562
KMIA,HRRR,2026-05-04 17:00:00+00:00,2026-05-04,0,78.95473144531255,82.0,-3.0452685546874534,3.0452685546874534
KMIA,HRRR,2026-05-04 18:00:00+00:00,2026-05-04,0,75.98106201171879,82.0,-6.018937988281209,6.018937988281209
KMIA,HRRR,2026-05-04 19:00:00+00:00,2026-05-04,0,79.12842529296879,82.0,-2.8715747070312148,2.8715747070312148
KMIA,HRRR,2026-05-04 20:00:00+00:00,2026-05-04,0,77.62351806640629,82.0,-4.376481933593709,4.376481933593709
KMIA,HRRR,2026-05-04 21:00:00+00:00,2026-05-04,0,77.4798168945313,82.0,-4.520183105468703,4.520183105468703
KMIA,HRRR,2026-05-04 22:00:00+00:00,2026-05-04,0,76.93137939453129,82.0,-5.068620605468709,5.068620605468709
KMIA,HRRR,2026-05-04 23:00:00+00:00,2026-05-04,0,76.16359985351566,82.0,-5.836400146484337,5.836400146484337
KMIA,HRRR,2026-05-05 00:00:00+00:00,2026-05-04,0,76.51763427734379,82.0,-5.482365722656212,5.482365722656212
KMIA,HRRR,2026-05-05 01:00:00+00:00,2026-05-04,0,74.83485839843755,82.0,-7.165141601562453,7.165141601562453
KMIA,HRRR,2026-05-05 02:00:00+00:00,2026-05-04,0,74.97630737304692,82.0,-7.023692626953078,7.023692626953078
KMIA,NBM,2026-05-04 06:00:00+00:00,2026-05-04,0,82.63465698242192,82.0,0.6346569824219159,0.6346569824219159
KMIA,NBM,2026-05-04 12:00:00+00:00,2026-05-04,0,82.33209350585942,82.0,0.33209350585941877,0.33209350585941877
KMIA,GFS,2026-05-03 06:00:00+00:00,2026-05-04,1,82.7,82.0,0.7000000000000028,0.7000000000000028
KMIA,GFS,2026-05-03 12:00:00+00:00,2026-05-04,1,80.5,82.0,-1.5,1.5
KMIA,GFS,2026-05-03 18:00:00+00:00,2026-05-04,1,80.9,82.0,-1.0999999999999943,1.0999999999999943
KMIA,GFS,2026-05-04 00:00:00+00:00,2026-05-04,1,79.7,82.0,-2.299999999999997,2.299999999999997
KMIA,HRRR,2026-05-03 06:00:00+00:00,2026-05-04,1,80.41047485351567,82.0,-1.589525146484334,1.589525146484334
KMIA,HRRR,2026-05-03 12:00:00+00:00,2026-05-04,1,80.75083129882816,82.0,-1.2491687011718398,1.2491687011718398
KMIA,HRRR,2026-05-03 16:00:00+00:00,2026-05-04,1,74.0136303710938,82.0,-7.986369628906203,7.986369628906203
KMIA,HRRR,2026-05-03 17:00:00+00:00,2026-05-04,1,74.01972778320317,82.0,-7.980272216796834,7.980272216796834
KMIA,HRRR,2026-05-03 18:00:00+00:00,2026-05-04,1,76.53136718750004,82.0,-5.468632812499962,5.468632812499962
KMIA,HRRR,2026-05-03 19:00:00+00:00,2026-05-04,1,72.41594360351567,82.0,-9.584056396484328,9.584056396484328
KMIA,HRRR,2026-05-03 20:00:00+00:00,2026-05-04,1,74.65259521484379,82.0,-7.347404785156215,7.347404785156215
KMIA,HRRR,2026-05-03 21:00:00+00:00,2026-05-04,1,74.32558715820316,82.0,-7.674412841796837,7.674412841796837
KMIA,HRRR,2026-05-03 22:00:00+00:00,2026-05-04,1,74.39903076171879,82.0,-7.600969238281209,7.600969238281209
KMIA,HRRR,2026-05-03 23:00:00+00:00,2026-05-04,1,74.15716674804692,82.0,-7.842833251953081,7.842833251953081
KMIA,HRRR,2026-05-04 00:00:00+00:00,2026-05-04,1,85.38854492187504,82.0,3.388544921875038,3.388544921875038
KMIA,HRRR,2026-05-04 01:00:00+00:00,2026-05-04,1,78.80943725585942,82.0,-3.1905627441405784,3.1905627441405784
KMIA,HRRR,2026-05-04 02:00:00+00:00,2026-05-04,1,85.65243652343754,82.0,3.6524365234375438,3.6524365234375438
KMIA,HRRR,2026-05-04 03:00:00+00:00,2026-05-04,1,86.20197265625004,82.0,4.201972656250035,4.201972656250035
KMIA,NBM,2026-05-03 06:00:00+00:00,2026-05-04,1,81.22236450195317,82.0,-0.7776354980468341,0.7776354980468341
KMIA,NBM,2026-05-03 12:00:00+00:00,2026-05-04,1,81.03037841796879,82.0,-0.9696215820312091,0.9696215820312091
KMIA,NBM,2026-05-03 18:00:00+00:00,2026-05-04,1,81.19061401367192,82.0,-0.8093859863280812,0.8093859863280812
KMIA,NBM,2026-05-04 00:00:00+00:00,2026-05-04,1,81.23631713867192,82.0,-0.7636828613280784,0.7636828613280784
KMIA,GFS,2026-05-02 06:00:00+00:00,2026-05-04,2,82.0,82.0,0.0,0.0
KMIA,GFS,2026-05-02 12:00:00+00:00,2026-05-04,2,84.0,82.0,2.0,2.0
KMIA,GFS,2026-05-02 18:00:00+00:00,2026-05-04,2,82.9,82.0,0.9000000000000057,0.9000000000000057
KMIA,GFS,2026-05-03 00:00:00+00:00,2026-05-04,2,80.2,82.0,-1.7999999999999972,1.7999999999999972
KMIA,HRRR,2026-05-02 06:00:00+00:00,2026-05-04,2,68.71887939453129,82.0,-13.281120605468715,13.281120605468715
KMIA,HRRR,2026-05-02 12:00:00+00:00,2026-05-04,2,72.28943603515629,82.0,-9.710563964843715,9.710563964843715
KMIA,HRRR,2026-05-02 18:00:00+00:00,2026-05-04,2,78.42854125976567,82.0,-3.571458740234334,3.571458740234334
KMIA,HRRR,2026-05-03 00:00:00+00:00,2026-05-04,2,82.62702148437504,82.0,0.6270214843750352,0.6270214843750352
KMIA,NBM,2026-05-02 06:00:00+00:00,2026-05-04,2,81.3107495117188,82.0,-0.6892504882812034,0.6892504882812034
KMIA,NBM,2026-05-02 12:00:00+00:00,2026-05-04,2,81.13584716796879,82.0,-0.8641528320312091,0.8641528320312091
KMIA,NBM,2026-05-02 18:00:00+00:00,2026-05-04,2,81.57475097656254,82.0,-0.4252490234374591,0.4252490234374591
KMIA,NBM,2026-05-03 00:00:00+00:00,2026-05-04,2,81.49032104492191,82.0,-0.5096789550780869,0.5096789550780869
KMIA,GFS,2026-05-01 18:00:00+00:00,2026-05-04,3,83.8,82.0,1.7999999999999972,1.7999999999999972
KMIA,GFS,2026-05-02 00:00:00+00:00,2026-05-04,3,84.7,82.0,2.700000000000003,2.700000000000003
KMIA,NBM,2026-05-01 06:00:00+00:00,2026-05-04,3,80.68650634765629,82.0,-1.313493652343709,1.313493652343709
KMIA,NBM,2026-05-01 12:00:00+00:00,2026-05-04,3,81.18017700195317,82.0,-0.8198229980468312,0.8198229980468312
KMIA,NBM,2026-05-01 18:00:00+00:00,2026-05-04,3,82.26095703125004,82.0,0.26095703125004377,0.26095703125004377
KMIA,NBM,2026-05-02 00:00:00+00:00,2026-05-04,3,81.70752075195317,82.0,-0.29247924804683123,0.29247924804683123
KNYC,GFS,2026-05-04 06:00:00+00:00,2026-05-04,0,72.0,72.0,0.0,0.0
KNYC,GFS,2026-05-04 12:00:00+00:00,2026-05-04,0,73.2,72.0,1.2000000000000028,1.2000000000000028
KNYC,GFS,2026-05-04 18:00:00+00:00,2026-05-04,0,72.8,72.0,0.7999999999999972,0.7999999999999972
KNYC,GFS,2026-05-05 00:00:00+00:00,2026-05-04,0,62.8,72.0,-9.200000000000003,9.200000000000003
KNYC,HRRR,2026-05-04 04:00:00+00:00,2026-05-04,0,72.04499023437504,72.0,0.04499023437503524,0.04499023437503524
KNYC,HRRR,2026-05-04 05:00:00+00:00,2026-05-04,0,71.96808593750004,72.0,-0.03191406249996476,0.03191406249996476
KNYC,HRRR,2026-05-04 06:00:00+00:00,2026-05-04,0,72.70719116210941,72.0,0.7071911621094102,0.7071911621094102
KNYC,HRRR,2026-05-04 07:00:00+00:00,2026-05-04,0,72.81265991210941,72.0,0.8126599121094102,0.8126599121094102
KNYC,HRRR,2026-05-04 08:00:00+00:00,2026-05-04,0,72.92334716796879,72.0,0.9233471679687852,0.9233471679687852
KNYC,HRRR,2026-05-04 09:00:00+00:00,2026-05-04,0,73.15691650390629,72.0,1.156916503906288,1.156916503906288
KNYC,HRRR,2026-05-04 10:00:00+00:00,2026-05-04,0,73.3159985351563,72.0,1.3159985351562966,1.3159985351562966
KNYC,HRRR,2026-05-04 11:00:00+00:00,2026-05-04,0,73.23354614257816,72.0,1.233546142578163,1.233546142578163
KNYC,HRRR,2026-05-04 12:00:00+00:00,2026-05-04,0,73.04804199218754,72.0,1.0480419921875352,1.0480419921875352
KNYC,HRRR,2026-05-04 13:00:00+00:00,2026-05-04,0,72.78063476562504,72.0,0.7806347656250381,0.7806347656250381
KNYC,HRRR,2026-05-04 14:00:00+00:00,2026-05-04,0,73.10061157226566,72.0,1.100611572265663,1.100611572265663
KNYC,HRRR,2026-05-04 15:00:00+00:00,2026-05-04,0,73.07298095703129,72.0,1.072980957031291,1.072980957031291
KNYC,HRRR,2026-05-04 16:00:00+00:00,2026-05-04,0,72.91439331054691,72.0,0.9143933105469131,0.9143933105469131
KNYC,HRRR,2026-05-04 17:00:00+00:00,2026-05-04,0,73.10473144531254,72.0,1.104731445312538,1.104731445312538
KNYC,HRRR,2026-05-04 18:00:00+00:00,2026-05-04,0,73.25073974609379,72.0,1.2507397460937852,1.2507397460937852
KNYC,HRRR,2026-05-04 19:00:00+00:00,2026-05-04,0,73.18383300781254,72.0,1.183833007812538,1.183833007812538
KNYC,HRRR,2026-05-04 20:00:00+00:00,2026-05-04,0,73.22574584960941,72.0,1.2257458496094102,1.2257458496094102
KNYC,HRRR,2026-05-04 21:00:00+00:00,2026-05-04,0,72.30388305664067,72.0,0.3038830566406716,0.3038830566406716
KNYC,HRRR,2026-05-04 22:00:00+00:00,2026-05-04,0,66.1313793945313,72.0,-5.868620605468706,5.868620605468706
KNYC,HRRR,2026-05-04 23:00:00+00:00,2026-05-04,0,62.66359985351566,72.0,-9.336400146484337,9.336400146484337
KNYC,HRRR,2026-05-05 00:00:00+00:00,2026-05-04,0,63.24263427734379,72.0,-8.75736572265621,8.75736572265621
KNYC,HRRR,2026-05-05 01:00:00+00:00,2026-05-04,0,62.15718505859379,72.0,-9.84281494140621,9.84281494140621
KNYC,HRRR,2026-05-05 02:00:00+00:00,2026-05-04,0,60.013807373046916,72.0,-11.986192626953084,11.986192626953084
KNYC,NBM,2026-05-04 06:00:00+00:00,2026-05-04,0,73.99467895507817,72.0,1.9946789550781716,1.9946789550781716
KNYC,NBM,2026-05-04 12:00:00+00:00,2026-05-04,0,74.41210449218754,72.0,2.412104492187538,2.412104492187538
KNYC,GFS,2026-05-03 06:00:00+00:00,2026-05-04,1,74.6,72.0,2.5999999999999943,2.5999999999999943
KNYC,GFS,2026-05-03 12:00:00+00:00,2026-05-04,1,74.4,72.0,2.4000000000000057,2.4000000000000057
KNYC,GFS,2026-05-03 18:00:00+00:00,2026-05-04,1,73.7,72.0,1.7000000000000028,1.7000000000000028
KNYC,GFS,2026-05-04 00:00:00+00:00,2026-05-04,1,72.9,72.0,0.9000000000000057,0.9000000000000057
KNYC,HRRR,2026-05-03 06:00:00+00:00,2026-05-04,1,74.55805786132817,72.0,2.558057861328166,2.558057861328166
KNYC,HRRR,2026-05-03 12:00:00+00:00,2026-05-04,1,73.80730712890629,72.0,1.807307128906288,1.807307128906288
KNYC,HRRR,2026-05-03 16:00:00+00:00,2026-05-04,1,49.03863037109379,72.0,-22.961369628906212,22.961369628906212
KNYC,HRRR,2026-05-03 17:00:00+00:00,2026-05-04,1,48.03222778320317,72.0,-23.96777221679683,23.96777221679683
KNYC,HRRR,2026-05-03 18:00:00+00:00,2026-05-04,1,73.00557983398441,72.0,1.005579833984413,1.005579833984413
KNYC,HRRR,2026-05-03 19:00:00+00:00,2026-05-04,1,47.70170410156254,72.0,-24.29829589843746,24.29829589843746
KNYC,HRRR,2026-05-03 20:00:00+00:00,2026-05-04,1,47.11344116210942,72.0,-24.886558837890583,24.886558837890583
KNYC,HRRR,2026-05-03 21:00:00+00:00,2026-05-04,1,50.062775878906294,72.0,-21.937224121093706,21.937224121093706
KNYC,HRRR,2026-05-03 22:00:00+00:00,2026-05-04,1,54.360078125000044,72.0,-17.639921874999956,17.639921874999956
KNYC,HRRR,2026-05-03 23:00:00+00:00,2026-05-04,1,48.61966674804692,72.0,-23.380333251953083,23.380333251953083
KNYC,HRRR,2026-05-04 00:00:00+00:00,2026-05-04,1,72.42039306640629,72.0,0.4203930664062909,0.4203930664062909
KNYC,HRRR,2026-05-04 01:00:00+00:00,2026-05-04,1,59.45943725585941,72.0,-12.540562744140587,12.540562744140587
KNYC,HRRR,2026-05-04 02:00:00+00:00,2026-05-04,1,68.55243652343754,72.0,-3.4475634765624648,3.4475634765624648
KNYC,HRRR,2026-05-04 03:00:00+00:00,2026-05-04,1,70.33733032226567,72.0,-1.6626696777343284,1.6626696777343284
KNYC,NBM,2026-05-03 06:00:00+00:00,2026-05-04,1,74.74235351562504,72.0,2.742353515625041,2.742353515625041
KNYC,NBM,2026-05-03 12:00:00+00:00,2026-05-04,1,74.55042236328129,72.0,2.5504223632812852,2.5504223632812852
KNYC,NBM,2026-05-03 18:00:00+00:00,2026-05-04,1,74.7106030273438,72.0,2.7106030273437938,2.7106030273437938
KNYC,NBM,2026-05-04 00:00:00+00:00,2026-05-04,1,74.7563061523438,72.0,2.7563061523437966,2.7563061523437966
KNYC,GFS,2026-05-02 06:00:00+00:00,2026-05-04,2,70.8,72.0,-1.2000000000000028,1.2000000000000028
KNYC,GFS,2026-05-02 12:00:00+00:00,2026-05-04,2,70.8,72.0,-1.2000000000000028,1.2000000000000028
KNYC,GFS,2026-05-02 18:00:00+00:00,2026-05-04,2,71.5,72.0,-0.5,0.5
KNYC,GFS,2026-05-03 00:00:00+00:00,2026-05-04,2,71.9,72.0,-0.09999999999999432,0.09999999999999432
KNYC,HRRR,2026-05-02 06:00:00+00:00,2026-05-04,2,47.06191528320316,72.0,-24.938084716796837,24.938084716796837
KNYC,HRRR,2026-05-02 12:00:00+00:00,2026-05-04,2,49.773450927734416,72.0,-22.226549072265584,22.226549072265584
KNYC,HRRR,2026-05-02 18:00:00+00:00,2026-05-04,2,71.12268798828129,72.0,-0.8773120117187148,0.8773120117187148
KNYC,HRRR,2026-05-03 00:00:00+00:00,2026-05-04,2,74.72658813476566,72.0,2.726588134765663,2.726588134765663
KNYC,NBM,2026-05-02 06:00:00+00:00,2026-05-04,2,73.39076049804692,72.0,1.390760498046916,1.390760498046916
KNYC,NBM,2026-05-02 12:00:00+00:00,2026-05-04,2,73.93584716796879,72.0,1.935847167968788,1.935847167968788
KNYC,NBM,2026-05-02 18:00:00+00:00,2026-05-04,2,74.37475097656254,72.0,2.374750976562538,2.374750976562538
KNYC,NBM,2026-05-03 00:00:00+00:00,2026-05-04,2,74.29032104492191,72.0,2.2903210449219102,2.2903210449219102
KNYC,GFS,2026-05-01 18:00:00+00:00,2026-05-04,3,68.8,72.0,-3.200000000000003,3.200000000000003
KNYC,GFS,2026-05-02 00:00:00+00:00,2026-05-04,3,73.2,72.0,1.2000000000000028,1.2000000000000028
KNYC,NBM,2026-05-01 06:00:00+00:00,2026-05-04,3,72.76646240234379,72.0,0.7664624023437909,0.7664624023437909
KNYC,NBM,2026-05-01 12:00:00+00:00,2026-05-04,3,72.54014404296879,72.0,0.5401440429687909,0.5401440429687909
KNYC,NBM,2026-05-01 18:00:00+00:00,2026-05-04,3,73.62097900390629,72.0,1.6209790039062852,1.6209790039062852
KNYC,NBM,2026-05-02 00:00:00+00:00,2026-05-04,3,73.78753173828129,72.0,1.787531738281288,1.787531738281288
KNYC,NBM,2026-04-30 06:00:00+00:00,2026-05-04,4,70.98997314453129,72.0,-1.010026855468709,1.010026855468709
KNYC,NBM,2026-04-30 12:00:00+00:00,2026-05-04,4,71.34494140625004,72.0,-0.6550585937499562,0.6550585937499562
KNYC,NBM,2026-04-30 18:00:00+00:00,2026-05-04,4,71.77912109375004,72.0,-0.22087890624996476,0.22087890624996476
KNYC,NBM,2026-05-01 00:00:00+00:00,2026-05-04,4,72.36370361328129,72.0,0.3637036132812881,0.3637036132812881
KNYC,NBM,2026-04-29 06:00:00+00:00,2026-05-04,5,68.85911987304692,72.0,-3.1408801269530784,3.1408801269530784
KNYC,NBM,2026-04-29 12:00:00+00:00,2026-05-04,5,69.44732788085942,72.0,-2.5526721191405812,2.5526721191405812
KNYC,NBM,2026-04-29 18:00:00+00:00,2026-05-04,5,70.4709790039063,72.0,-1.5290209960937062,1.5290209960937062
KNYC,NBM,2026-04-28 06:00:00+00:00,2026-05-04,6,68.06854370117192,72.0,-3.9314562988280812,3.9314562988280812
KNYC,NBM,2026-04-28 12:00:00+00:00,2026-05-04,6,68.16203735351567,72.0,-3.8379626464843284,3.8379626464843284
KNYC,NBM,2026-04-28 18:00:00+00:00,2026-05-04,6,68.29711425781254,72.0,-3.702885742187462,3.702885742187462
KNYC,NBM,2026-04-29 00:00:00+00:00,2026-05-04,6,69.72022827148442,72.0,-2.279771728515584,2.279771728515584
KNYC,NBM,2026-04-27 06:00:00+00:00,2026-05-04,7,68.71624267578129,72.0,-3.283757324218712,3.283757324218712
KNYC,NBM,2026-04-27 12:00:00+00:00,2026-05-04,7,69.34949462890629,72.0,-2.6505053710937148,2.6505053710937148
KNYC,NBM,2026-04-27 18:00:00+00:00,2026-05-04,7,68.25717895507816,72.0,-3.7428210449218398,3.7428210449218398
KNYC,NBM,2026-04-28 00:00:00+00:00,2026-05-04,7,67.46764648437504,72.0,-4.532353515624962,4.532353515624962
KMDW,GFS,2026-05-05 06:00:00+00:00,2026-05-05,0,62.4,60.0,2.3999999999999986,2.3999999999999986
KMDW,GFS,2026-05-05 18:00:00+00:00,2026-05-05,0,61.7,60.0,1.7000000000000028,1.7000000000000028
KMDW,GFS,2026-05-06 00:00:00+00:00,2026-05-05,0,55.5,60.0,-4.5,4.5
KMDW,HRRR,2026-05-05 05:00:00+00:00,2026-05-05,0,62.35142333984379,60.0,2.351423339843791,2.351423339843791
KMDW,HRRR,2026-05-05 06:00:00+00:00,2026-05-05,0,63.27614257812504,60.0,3.2761425781250395,3.2761425781250395
KMDW,HRRR,2026-05-05 07:00:00+00:00,2026-05-05,0,62.95693481445316,60.0,2.956934814453163,2.956934814453163
KMDW,HRRR,2026-05-05 08:00:00+00:00,2026-05-05,0,63.18902099609379,60.0,3.189020996093788,3.189020996093788
KMDW,HRRR,2026-05-05 12:00:00+00:00,2026-05-05,0,62.27962768554691,60.0,2.279627685546913,2.279627685546913
KMDW,NBM,2026-05-05 06:00:00+00:00,2026-05-05,0,58.36997802734379,60.0,-1.630021972656209,1.630021972656209
KMDW,GFS,2026-05-04 06:00:00+00:00,2026-05-05,1,56.6,60.0,-3.3999999999999986,3.3999999999999986
KMDW,GFS,2026-05-04 12:00:00+00:00,2026-05-05,1,58.7,60.0,-1.2999999999999972,1.2999999999999972
KMDW,GFS,2026-05-04 18:00:00+00:00,2026-05-05,1,60.3,60.0,0.29999999999999716,0.29999999999999716
KMDW,GFS,2026-05-05 00:00:00+00:00,2026-05-05,1,59.3,60.0,-0.7000000000000028,0.7000000000000028
KMDW,HRRR,2026-05-04 06:00:00+00:00,2026-05-05,1,58.65342529296879,60.0,-1.346574707031209,1.346574707031209
KMDW,HRRR,2026-05-04 12:00:00+00:00,2026-05-05,1,59.83170898437504,60.0,-0.16829101562495907,0.16829101562495907
KMDW,HRRR,2026-05-04 13:00:00+00:00,2026-05-05,1,61.95717895507816,60.0,1.957178955078163,1.957178955078163
KMDW,HRRR,2026-05-04 14:00:00+00:00,2026-05-05,1,60.43886840820316,60.0,0.4388684082031631,0.4388684082031631
KMDW,HRRR,2026-05-04 15:00:00+00:00,2026-05-05,1,58.99625366210942,60.0,-1.0037463378905827,1.0037463378905827
KMDW,HRRR,2026-05-04 16:00:00+00:00,2026-05-05,1,60.25913208007817,60.0,0.25913208007816735,0.25913208007816735
KMDW,HRRR,2026-05-04 17:00:00+00:00,2026-05-05,1,59.46421630859379,60.0,-0.5357836914062091,0.5357836914062091
KMDW,HRRR,2026-05-04 18:00:00+00:00,2026-05-05,1,58.97785156250004,60.0,-1.0221484374999577,1.0221484374999577
KMDW,HRRR,2026-05-04 19:00:00+00:00,2026-05-05,1,59.692292480468794,60.0,-0.30770751953120623,0.30770751953120623
KMDW,HRRR,2026-05-04 20:00:00+00:00,2026-05-05,1,58.854584960937544,60.0,-1.1454150390624562,1.1454150390624562
KMDW,HRRR,2026-05-04 21:00:00+00:00,2026-05-05,1,59.10869873046879,60.0,-0.8913012695312119,0.8913012695312119
KMDW,HRRR,2026-05-04 22:00:00+00:00,2026-05-05,1,59.268769531250044,60.0,-0.7312304687499562,0.7312304687499562
KMDW,HRRR,2026-05-04 23:00:00+00:00,2026-05-05,1,59.20988281250004,60.0,-0.7901171874999591,0.7901171874999591
KMDW,HRRR,2026-05-05 00:00:00+00:00,2026-05-05,1,63.071137695312544,60.0,3.0711376953125438,3.0711376953125438
KMDW,HRRR,2026-05-05 01:00:00+00:00,2026-05-05,1,58.907868652343794,60.0,-1.0921313476562062,1.0921313476562062
KMDW,HRRR,2026-05-05 02:00:00+00:00,2026-05-05,1,60.550489501953166,60.0,0.5504895019531659,0.5504895019531659
KMDW,HRRR,2026-05-05 03:00:00+00:00,2026-05-05,1,61.739594726562544,60.0,1.7395947265625438,1.7395947265625438
KMDW,HRRR,2026-05-05 04:00:00+00:00,2026-05-05,1,62.32989013671879,60.0,2.329890136718788,2.329890136718788
KMDW,NBM,2026-05-04 06:00:00+00:00,2026-05-05,1,57.84884155273441,60.0,-2.151158447265587,2.151158447265587
KMDW,NBM,2026-05-04 12:00:00+00:00,2026-05-05,1,57.741120605468794,60.0,-2.2588793945312062,2.2588793945312062
KMDW,NBM,2026-05-04 18:00:00+00:00,2026-05-05,1,59.58968017578129,60.0,-0.4103198242187105,0.4103198242187105
KMDW,NBM,2026-05-05 00:00:00+00:00,2026-05-05,1,58.017976074218794,60.0,-1.9820239257812062,1.9820239257812062
KMDW,GFS,2026-05-03 06:00:00+00:00,2026-05-05,2,59.4,60.0,-0.6000000000000014,0.6000000000000014
KMDW,GFS,2026-05-03 12:00:00+00:00,2026-05-05,2,61.4,60.0,1.3999999999999986,1.3999999999999986
KMDW,GFS,2026-05-03 18:00:00+00:00,2026-05-05,2,59.0,60.0,-1.0,1.0
KMDW,GFS,2026-05-04 00:00:00+00:00,2026-05-05,2,61.7,60.0,1.7000000000000028,1.7000000000000028
KMDW,HRRR,2026-05-03 06:00:00+00:00,2026-05-05,2,54.65747802734379,60.0,-5.342521972656208,5.342521972656208
KMDW,HRRR,2026-05-03 12:00:00+00:00,2026-05-05,2,58.64903076171879,60.0,-1.350969238281209,1.350969238281209
KMDW,HRRR,2026-05-03 18:00:00+00:00,2026-05-05,2,58.42260253906254,60.0,-1.577397460937462,1.577397460937462
KMDW,HRRR,2026-05-04 00:00:00+00:00,2026-05-05,2,56.56041992187504,60.0,-3.439580078124962,3.439580078124962
KMDW,NBM,2026-05-03 06:00:00+00:00,2026-05-05,2,55.57088134765629,60.0,-4.4291186523437105,4.4291186523437105
KMDW,NBM,2026-05-03 12:00:00+00:00,2026-05-05,2,55.851307373046915,60.0,-4.1486926269530855,4.1486926269530855
KMDW,NBM,2026-05-03 18:00:00+00:00,2026-05-05,2,58.69297607421879,60.0,-1.307023925781209,1.307023925781209
KMDW,NBM,2026-05-04 00:00:00+00:00,2026-05-05,2,57.48486450195317,60.0,-2.5151354980468312,2.5151354980468312
KMDW,GFS,2026-05-02 18:00:00+00:00,2026-05-05,3,59.6,60.0,-0.3999999999999986,0.3999999999999986
KMDW,GFS,2026-05-03 00:00:00+00:00,2026-05-05,3,59.0,60.0,-1.0,1.0
KMDW,NBM,2026-05-02 06:00:00+00:00,2026-05-05,3,57.301502685546915,60.0,-2.6984973144530855,2.6984973144530855
KMDW,NBM,2026-05-02 12:00:00+00:00,2026-05-05,3,57.021131591796916,60.0,-2.978868408203084,2.978868408203084
KMDW,NBM,2026-05-02 18:00:00+00:00,2026-05-05,3,57.14873779296879,60.0,-2.851262207031212,2.851262207031212
KMDW,NBM,2026-05-03 00:00:00+00:00,2026-05-05,3,56.461213378906294,60.0,-3.5387866210937062,3.5387866210937062
KMIA,GFS,2026-05-05 06:00:00+00:00,2026-05-05,0,86.8,88.0,-1.2000000000000028,1.2000000000000028
KMIA,GFS,2026-05-05 18:00:00+00:00,2026-05-05,0,84.5,88.0,-3.5,3.5
KMIA,GFS,2026-05-06 00:00:00+00:00,2026-05-05,0,78.8,88.0,-9.200000000000003,9.200000000000003
KMIA,HRRR,2026-05-05 04:00:00+00:00,2026-05-05,0,86.74002807617191,88.0,-1.2599719238280898,1.2599719238280898
KMIA,HRRR,2026-05-05 05:00:00+00:00,2026-05-05,0,89.67266357421879,88.0,1.672663574218788,1.672663574218788
KMIA,HRRR,2026-05-05 06:00:00+00:00,2026-05-05,0,87.49226196289067,88.0,-0.5077380371093341,0.5077380371093341
KMIA,HRRR,2026-05-05 07:00:00+00:00,2026-05-05,0,86.10787475585941,88.0,-1.892125244140587,1.892125244140587
KMIA,HRRR,2026-05-05 08:00:00+00:00,2026-05-05,0,86.00268066406254,88.0,-1.997319335937462,1.997319335937462
KMIA,HRRR,2026-05-05 12:00:00+00:00,2026-05-05,0,86.45641601562504,88.0,-1.543583984374962,1.543583984374962
KMIA,NBM,2026-05-05 06:00:00+00:00,2026-05-05,0,85.1900219726563,88.0,-2.8099780273437034,2.8099780273437034
KMIA,GFS,2026-05-04 06:00:00+00:00,2026-05-05,1,81.8,88.0,-6.200000000000003,6.200000000000003
KMIA,GFS,2026-05-04 12:00:00+00:00,2026-05-05,1,84.9,88.0,-3.0999999999999943,3.0999999999999943
KMIA,GFS,2026-05-04 18:00:00+00:00,2026-05-05,1,84.7,88.0,-3.299999999999997,3.299999999999997
KMIA,GFS,2026-05-05 00:00:00+00:00,2026-05-05,1,85.3,88.0,-2.700000000000003,2.700000000000003
KMIA,HRRR,2026-05-04 06:00:00+00:00,2026-05-05,1,84.86944091796879,88.0,-3.130559082031212,3.130559082031212
KMIA,HRRR,2026-05-04 11:00:00+00:00,2026-05-05,1,74.82447631835942,88.0,-13.175523681640584,13.175523681640584
KMIA,HRRR,2026-05-04 12:00:00+00:00,2026-05-05,1,84.61856811523441,88.0,-3.3814318847655898,3.3814318847655898
KMIA,HRRR,2026-05-04 13:00:00+00:00,2026-05-05,1,74.18122680664067,88.0,-13.818773193359334,13.818773193359334
KMIA,HRRR,2026-05-04 14:00:00+00:00,2026-05-05,1,74.1289868164063,88.0,-13.871013183593703,13.871013183593703
KMIA,HRRR,2026-05-04 15:00:00+00:00,2026-05-05,1,74.40875366210942,88.0,-13.591246337890581,13.591246337890581
KMIA,HRRR,2026-05-04 16:00:00+00:00,2026-05-05,1,73.52699096679692,88.0,-14.473009033203084,14.473009033203084
KMIA,HRRR,2026-05-04 17:00:00+00:00,2026-05-05,1,74.16804321289067,88.0,-13.831956787109334,13.831956787109334
KMIA,HRRR,2026-05-04 18:00:00+00:00,2026-05-05,1,83.61820800781254,88.0,-4.381791992187459,4.381791992187459
KMIA,HRRR,2026-05-04 19:00:00+00:00,2026-05-05,1,78.50396240234379,88.0,-9.496037597656212,9.496037597656212
KMIA,HRRR,2026-05-04 20:00:00+00:00,2026-05-05,1,80.07275512695317,88.0,-7.927244873046831,7.927244873046831
KMIA,HRRR,2026-05-04 21:00:00+00:00,2026-05-05,1,80.67282836914066,88.0,-7.32717163085934,7.32717163085934
KMIA,HRRR,2026-05-04 22:00:00+00:00,2026-05-05,1,83.17386596679691,88.0,-4.82613403320309,4.82613403320309
KMIA,HRRR,2026-05-04 23:00:00+00:00,2026-05-05,1,84.29738281250005,88.0,-3.7026171874999534,3.7026171874999534
KMIA,HRRR,2026-05-05 00:00:00+00:00,2026-05-05,1,87.00062377929692,88.0,-0.9993762207030841,0.9993762207030841
KMIA,HRRR,2026-05-05 01:00:00+00:00,2026-05-05,1,84.85554321289067,88.0,-3.144456787109334,3.144456787109334
KMIA,HRRR,2026-05-05 02:00:00+00:00,2026-05-05,1,90.36298950195317,88.0,2.362989501953166,2.362989501953166
KMIA,HRRR,2026-05-05 03:00:00+00:00,2026-05-05,1,88.71888549804692,88.0,0.7188854980469159,0.7188854980469159
KMIA,NBM,2026-05-04 06:00:00+00:00,2026-05-05,1,85.20886352539067,88.0,-2.7911364746093312,2.7911364746093312
KMIA,NBM,2026-05-04 12:00:00+00:00,2026-05-05,1,85.10108764648442,88.0,-2.898912353515584,2.898912353515584
KMIA,NBM,2026-05-04 18:00:00+00:00,2026-05-05,1,84.78968017578129,88.0,-3.2103198242187148,3.2103198242187148
KMIA,NBM,2026-05-05 00:00:00+00:00,2026-05-05,1,84.65795410156254,88.0,-3.342045898437462,3.342045898437462
KMIA,GFS,2026-05-03 06:00:00+00:00,2026-05-05,2,82.2,88.0,-5.799999999999997,5.799999999999997
KMIA,GFS,2026-05-03 12:00:00+00:00,2026-05-05,2,84.7,88.0,-3.299999999999997,3.299999999999997
KMIA,GFS,2026-05-03 18:00:00+00:00,2026-05-05,2,84.2,88.0,-3.799999999999997,3.799999999999997
KMIA,GFS,2026-05-04 00:00:00+00:00,2026-05-05,2,83.6,88.0,-4.400000000000006,4.400000000000006
KMIA,HRRR,2026-05-03 06:00:00+00:00,2026-05-05,2,74.0927319335938,88.0,-13.907268066406203,13.907268066406203
KMIA,HRRR,2026-05-03 12:00:00+00:00,2026-05-05,2,74.79613159179692,88.0,-13.203868408203078,13.203868408203078
KMIA,HRRR,2026-05-03 18:00:00+00:00,2026-05-05,2,80.84267700195316,88.0,-7.157322998046837,7.157322998046837
KMIA,HRRR,2026-05-04 00:00:00+00:00,2026-05-05,2,81.37749145507817,88.0,-6.622508544921828,6.622508544921828
KMIA,NBM,2026-05-03 06:00:00+00:00,2026-05-05,2,84.3708813476563,88.0,-3.6291186523437062,3.6291186523437062
KMIA,NBM,2026-05-03 12:00:00+00:00,2026-05-05,2,83.93131835937504,88.0,-4.068681640624959,4.068681640624959
KMIA,NBM,2026-05-03 18:00:00+00:00,2026-05-05,2,83.8929760742188,88.0,-4.107023925781206,4.107023925781206
KMIA,NBM,2026-05-04 00:00:00+00:00,2026-05-05,2,84.12484252929691,88.0,-3.875157470703087,3.875157470703087
KMIA,GFS,2026-05-02 06:00:00+00:00,2026-05-05,3,82.9,88.0,-5.099999999999994,5.099999999999994
KMIA,GFS,2026-05-02 12:00:00+00:00,2026-05-05,3,82.9,88.0,-5.099999999999994,5.099999999999994
KMIA,GFS,2026-05-02 18:00:00+00:00,2026-05-05,3,83.5,88.0,-4.5,4.5
KMIA,GFS,2026-05-03 00:00:00+00:00,2026-05-05,3,81.7,88.0,-6.299999999999997,6.299999999999997
KMIA,NBM,2026-05-02 06:00:00+00:00,2026-05-05,3,83.22149169921879,88.0,-4.778508300781212,4.778508300781212
KMIA,NBM,2026-05-02 12:00:00+00:00,2026-05-05,3,83.6611645507813,88.0,-4.338835449218706,4.338835449218706
KMIA,NBM,2026-05-02 18:00:00+00:00,2026-05-05,3,84.50875976562504,88.0,-3.4912402343749562,3.4912402343749562
KMIA,NBM,2026-05-03 00:00:00+00:00,2026-05-05,3,84.5411694335938,88.0,-3.4588305664062062,3.4588305664062062
KMIA,GFS,2026-05-01 18:00:00+00:00,2026-05-05,4,85.1,88.0,-2.9000000000000057,2.9000000000000057
KMIA,GFS,2026-05-02 00:00:00+00:00,2026-05-05,4,86.5,88.0,-1.5,1.5
KMIA,NBM,2026-05-01 06:00:00+00:00,2026-05-05,4,83.59585083007816,88.0,-4.404149169921837,4.404149169921837
KMIA,NBM,2026-05-01 12:00:00+00:00,2026-05-05,4,83.84007690429692,88.0,-4.159923095703078,4.159923095703078
KMIA,NBM,2026-05-01 18:00:00+00:00,2026-05-05,4,83.5216381835938,88.0,-4.478361816406206,4.478361816406206
KMIA,NBM,2026-05-02 00:00:00+00:00,2026-05-05,4,84.02563598632817,88.0,-3.9743640136718312,3.9743640136718312
KNYC,GFS,2026-05-05 06:00:00+00:00,2026-05-05,0,84.1,81.0,3.0999999999999943,3.0999999999999943
KNYC,GFS,2026-05-05 18:00:00+00:00,2026-05-05,0,84.0,81.0,3.0,3.0
KNYC,GFS,2026-05-06 00:00:00+00:00,2026-05-05,0,74.3,81.0,-6.700000000000003,6.700000000000003
KNYC,HRRR,2026-05-05 04:00:00+00:00,2026-05-05,0,84.16631591796879,81.0,3.166315917968788,3.166315917968788
KNYC,HRRR,2026-05-05 05:00:00+00:00,2026-05-05,0,83.83892333984379,81.0,2.838923339843788,2.838923339843788
KNYC,HRRR,2026-05-05 06:00:00+00:00,2026-05-05,0,84.08864257812505,81.0,3.0886425781250466,3.0886425781250466
KNYC,HRRR,2026-05-05 07:00:00+00:00,2026-05-05,0,84.21943481445317,81.0,3.219434814453166,3.219434814453166
KNYC,HRRR,2026-05-05 08:00:00+00:00,2026-05-05,0,84.3928540039063,81.0,3.3928540039062938,3.3928540039062938
KNYC,GFS,2026-05-04 06:00:00+00:00,2026-05-05,1,80.9,81.0,-0.09999999999999432,0.09999999999999432
KNYC,GFS,2026-05-04 12:00:00+00:00,2026-05-05,1,83.3,81.0,2.299999999999997,2.299999999999997
KNYC,GFS,2026-05-04 18:00:00+00:00,2026-05-05,1,84.0,81.0,3.0,3.0
KNYC,GFS,2026-05-05 00:00:00+00:00,2026-05-05,1,83.6,81.0,2.5999999999999943,2.5999999999999943
KNYC,HRRR,2026-05-04 06:00:00+00:00,2026-05-05,1,83.36942260742191,81.0,2.3694226074219102,2.3694226074219102
KNYC,HRRR,2026-05-04 11:00:00+00:00,2026-05-05,1,57.83697631835942,81.0,-23.16302368164058,23.16302368164058
KNYC,HRRR,2026-05-04 12:00:00+00:00,2026-05-05,1,84.07216308593755,81.0,3.0721630859375466,3.0721630859375466
KNYC,HRRR,2026-05-04 13:00:00+00:00,2026-05-05,1,58.10097778320316,81.0,-22.899022216796837,22.899022216796837
KNYC,HRRR,2026-05-04 14:00:00+00:00,2026-05-05,1,58.75136840820316,81.0,-22.248631591796837,22.248631591796837
KNYC,HRRR,2026-05-04 15:00:00+00:00,2026-05-05,1,59.896253662109416,81.0,-21.103746337890584,21.103746337890584
KNYC,HRRR,2026-05-04 16:00:00+00:00,2026-05-05,1,59.35913208007817,81.0,-21.64086791992183,21.64086791992183
KNYC,HRRR,2026-05-04 17:00:00+00:00,2026-05-05,1,58.789216308593794,81.0,-22.210783691406206,22.210783691406206
KNYC,HRRR,2026-05-04 18:00:00+00:00,2026-05-05,1,83.73070800781254,81.0,2.730708007812538,2.730708007812538
KNYC,HRRR,2026-05-04 19:00:00+00:00,2026-05-05,1,67.4789624023438,81.0,-13.521037597656203,13.521037597656203
KNYC,HRRR,2026-05-04 20:00:00+00:00,2026-05-05,1,70.84775512695316,81.0,-10.15224487304684,10.15224487304684
KNYC,HRRR,2026-05-04 21:00:00+00:00,2026-05-05,1,73.81032836914066,81.0,-7.189671630859337,7.189671630859337
KNYC,HRRR,2026-05-04 22:00:00+00:00,2026-05-05,1,74.84886596679692,81.0,-6.151134033203078,6.151134033203078
KNYC,HRRR,2026-05-04 23:00:00+00:00,2026-05-05,1,78.89738281250004,81.0,-2.102617187499959,2.102617187499959
KNYC,HRRR,2026-05-05 00:00:00+00:00,2026-05-05,1,83.32113769531254,81.0,2.3211376953125438,2.3211376953125438
KNYC,HRRR,2026-05-05 01:00:00+00:00,2026-05-05,1,76.86804321289067,81.0,-4.131956787109331,4.131956787109331
KNYC,HRRR,2026-05-05 02:00:00+00:00,2026-05-05,1,76.50428588867192,81.0,-4.495714111328084,4.495714111328084
KNYC,HRRR,2026-05-05 03:00:00+00:00,2026-05-05,1,84.01102416992191,81.0,3.0110241699219102,3.0110241699219102
KNYC,NBM,2026-05-04 06:00:00+00:00,2026-05-05,1,85.92885253906255,81.0,4.928852539062547,4.928852539062547
KNYC,NBM,2026-05-04 12:00:00+00:00,2026-05-05,1,86.54112060546879,81.0,5.541120605468791,5.541120605468791
KNYC,NBM,2026-05-04 18:00:00+00:00,2026-05-05,1,85.50966918945316,81.0,4.509669189453163,4.509669189453163
KNYC,NBM,2026-05-05 00:00:00+00:00,2026-05-05,1,85.37794311523442,81.0,4.377943115234416,4.377943115234416
KNYC,GFS,2026-05-03 06:00:00+00:00,2026-05-05,2,82.3,81.0,1.2999999999999972,1.2999999999999972
KNYC,GFS,2026-05-03 12:00:00+00:00,2026-05-05,2,82.3,81.0,1.2999999999999972,1.2999999999999972
KNYC,GFS,2026-05-03 18:00:00+00:00,2026-05-05,2,82.3,81.0,1.2999999999999972,1.2999999999999972
KNYC,GFS,2026-05-04 00:00:00+00:00,2026-05-05,2,82.0,81.0,1.0,1.0
KNYC,HRRR,2026-05-03 06:00:00+00:00,2026-05-05,2,59.38494995117192,81.0,-21.61505004882808,21.61505004882808
KNYC,HRRR,2026-05-03 12:00:00+00:00,2026-05-05,2,62.421131591796915,81.0,-18.578868408203085,18.578868408203085
KNYC,HRRR,2026-05-03 18:00:00+00:00,2026-05-05,2,82.64185302734379,81.0,1.6418530273437852,1.6418530273437852
KNYC,HRRR,2026-05-04 00:00:00+00:00,2026-05-05,2,81.06806152343754,81.0,0.06806152343753524,0.06806152343753524
KNYC,NBM,2026-05-03 06:00:00+00:00,2026-05-05,2,83.6508374023438,81.0,2.6508374023437966,2.6508374023437966
KNYC,NBM,2026-05-03 12:00:00+00:00,2026-05-05,2,83.93131835937504,81.0,2.931318359375041,2.931318359375041
KNYC,NBM,2026-05-03 18:00:00+00:00,2026-05-05,2,84.61296508789067,81.0,3.6129650878906716,3.6129650878906716
KNYC,NBM,2026-05-04 00:00:00+00:00,2026-05-05,2,84.12484252929691,81.0,3.124842529296913,3.124842529296913
KNYC,GFS,2026-05-02 06:00:00+00:00,2026-05-05,3,82.5,81.0,1.5,1.5
KNYC,GFS,2026-05-02 12:00:00+00:00,2026-05-05,3,81.8,81.0,0.7999999999999972,0.7999999999999972
KNYC,GFS,2026-05-02 18:00:00+00:00,2026-05-05,3,82.7,81.0,1.7000000000000028,1.7000000000000028
KNYC,GFS,2026-05-03 00:00:00+00:00,2026-05-05,3,82.2,81.0,1.2000000000000028,1.2000000000000028
KNYC,NBM,2026-05-02 06:00:00+00:00,2026-05-05,3,83.94153564453129,81.0,2.9415356445312852,2.9415356445312852
KNYC,NBM,2026-05-02 12:00:00+00:00,2026-05-05,3,84.38115356445317,81.0,3.3811535644531716,3.3811535644531716
KNYC,NBM,2026-05-02 18:00:00+00:00,2026-05-05,3,83.78877075195317,81.0,2.788770751953166,2.788770751953166
KNYC,NBM,2026-05-03 00:00:00+00:00,2026-05-05,3,83.82118041992192,81.0,2.821180419921916,2.821180419921916
KNYC,GFS,2026-05-01 18:00:00+00:00,2026-05-05,4,80.7,81.0,-0.29999999999999716,0.29999999999999716
KNYC,GFS,2026-05-02 00:00:00+00:00,2026-05-05,4,82.7,81.0,1.7000000000000028,1.7000000000000028
KNYC,NBM,2026-05-01 06:00:00+00:00,2026-05-05,4,81.43582885742191,81.0,0.43582885742191024,0.43582885742191024
KNYC,NBM,2026-05-01 12:00:00+00:00,2026-05-05,4,82.40009887695317,81.0,1.400098876953166,1.400098876953166
KNYC,NBM,2026-05-01 18:00:00+00:00,2026-05-05,4,83.5216381835938,81.0,2.5216381835937938,2.5216381835937938
KNYC,NBM,2026-05-02 00:00:00+00:00,2026-05-05,4,83.30564697265629,81.0,2.305646972656291,2.305646972656291
KNYC,NBM,2026-04-30 06:00:00+00:00,2026-05-05,5,79.42835205078129,81.0,-1.5716479492187148,1.5716479492187148
KNYC,NBM,2026-04-30 12:00:00+00:00,2026-05-05,5,80.42343872070316,81.0,-0.5765612792968398,0.5765612792968398
KNYC,NBM,2026-04-30 18:00:00+00:00,2026-05-05,5,80.6157543945313,81.0,-0.38424560546870623,0.38424560546870623
KNYC,NBM,2026-05-01 00:00:00+00:00,2026-05-05,5,81.0870678710938,81.0,0.08706787109379377,0.08706787109379377
KNYC,NBM,2026-04-29 06:00:00+00:00,2026-05-05,6,72.93784912109379,81.0,-8.062150878906209,8.062150878906209
KNYC,NBM,2026-04-29 12:00:00+00:00,2026-05-05,6,73.95238159179692,81.0,-7.047618408203078,7.047618408203078
KNYC,NBM,2026-04-29 18:00:00+00:00,2026-05-05,6,78.9634106445313,81.0,-2.0365893554687062,2.0365893554687062
KNYC,NBM,2026-04-28 06:00:00+00:00,2026-05-05,7,70.6929028320313,81.0,-10.307097167968706,10.307097167968706
KNYC,NBM,2026-04-28 12:00:00+00:00,2026-05-05,7,70.80227172851566,81.0,-10.197728271484337,10.197728271484337
KNYC,NBM,2026-04-28 18:00:00+00:00,2026-05-05,7,72.10069091796879,81.0,-8.899309082031209,8.899309082031209
KNYC,NBM,2026-04-29 00:00:00+00:00,2026-05-05,7,73.09907348632817,81.0,-7.900926513671834,7.900926513671834
KMDW,GFS,2026-05-06 06:00:00+00:00,2026-05-06,0,59.2,58.0,1.2000000000000028,1.2000000000000028
KMDW,GFS,2026-05-06 12:00:00+00:00,2026-05-06,0,59.2,58.0,1.2000000000000028,1.2000000000000028
KMDW,GFS,2026-05-06 18:00:00+00:00,2026-05-06,0,57.9,58.0,-0.10000000000000142,0.10000000000000142
KMDW,GFS,2026-05-07 00:00:00+00:00,2026-05-06,0,53.3,58.0,-4.700000000000003,4.700000000000003
KMDW,HRRR,2026-05-06 08:00:00+00:00,2026-05-06,0,59.26580322265629,58.0,1.265803222656288,1.265803222656288
KMDW,HRRR,2026-05-06 19:00:00+00:00,2026-05-06,0,56.88094604492191,58.0,-1.119053955078087,1.119053955078087
KMDW,HRRR,2026-05-06 20:00:00+00:00,2026-05-06,0,56.66138427734379,58.0,-1.3386157226562077,1.3386157226562077
KMDW,NBM,2026-05-06 06:00:00+00:00,2026-05-06,0,57.46997802734379,58.0,-0.5300219726562077,0.5300219726562077
KMDW,NBM,2026-05-06 12:00:00+00:00,2026-05-06,0,57.64998901367191,58.0,-0.3500109863280869,0.3500109863280869
KMDW,GFS,2026-05-05 06:00:00+00:00,2026-05-06,1,56.2,58.0,-1.7999999999999972,1.7999999999999972
KMDW,GFS,2026-05-05 18:00:00+00:00,2026-05-06,1,57.6,58.0,-0.3999999999999986,0.3999999999999986
KMDW,GFS,2026-05-06 00:00:00+00:00,2026-05-06,1,57.6,58.0,-0.3999999999999986,0.3999999999999986
KMDW,HRRR,2026-05-05 06:00:00+00:00,2026-05-06,1,56.26983154296879,58.0,-1.730168457031212,1.730168457031212
KMDW,HRRR,2026-05-05 12:00:00+00:00,2026-05-06,1,57.58231323242192,58.0,-0.41768676757808265,0.41768676757808265
KMDW,NBM,2026-05-05 06:00:00+00:00,2026-05-06,1,57.64998901367191,58.0,-0.3500109863280869,0.3500109863280869
KMDW,GFS,2026-05-04 06:00:00+00:00,2026-05-06,2,56.1,58.0,-1.8999999999999986,1.8999999999999986
KMDW,GFS,2026-05-04 12:00:00+00:00,2026-05-06,2,57.0,58.0,-1.0,1.0
KMDW,GFS,2026-05-04 18:00:00+00:00,2026-05-06,2,56.7,58.0,-1.2999999999999972,1.2999999999999972
KMDW,GFS,2026-05-05 00:00:00+00:00,2026-05-06,2,57.8,58.0,-0.20000000000000284,0.20000000000000284
KMDW,HRRR,2026-05-04 06:00:00+00:00,2026-05-06,2,45.80216796875004,58.0,-12.197832031249959,12.197832031249959
KMDW,HRRR,2026-05-04 12:00:00+00:00,2026-05-06,2,46.16493652343754,58.0,-11.83506347656246,11.83506347656246
KMDW,HRRR,2026-05-05 00:00:00+00:00,2026-05-06,2,46.50353515625004,58.0,-11.496464843749962,11.496464843749962
KMDW,NBM,2026-05-04 06:00:00+00:00,2026-05-06,2,55.833894042968794,58.0,-2.1661059570312062,2.1661059570312062
KMDW,NBM,2026-05-04 12:00:00+00:00,2026-05-06,2,56.713184814453165,58.0,-1.2868151855468355,1.2868151855468355
KMDW,NBM,2026-05-04 18:00:00+00:00,2026-05-06,2,56.23083007812504,58.0,-1.769169921874962,1.769169921874962
KMDW,NBM,2026-05-05 00:00:00+00:00,2026-05-06,2,56.69643066406254,58.0,-1.3035693359374605,1.3035693359374605
KMDW,GFS,2026-05-03 06:00:00+00:00,2026-05-06,3,58.8,58.0,0.7999999999999972,0.7999999999999972
KMDW,GFS,2026-05-03 12:00:00+00:00,2026-05-06,3,57.2,58.0,-0.7999999999999972,0.7999999999999972
KMDW,GFS,2026-05-03 18:00:00+00:00,2026-05-06,3,57.8,58.0,-0.20000000000000284,0.20000000000000284
KMDW,GFS,2026-05-04 00:00:00+00:00,2026-05-06,3,54.9,58.0,-3.1000000000000014,3.1000000000000014
KMDW,NBM,2026-05-03 06:00:00+00:00,2026-05-06,3,57.189991455078165,58.0,-0.8100085449218355,0.8100085449218355
KMDW,NBM,2026-05-03 12:00:00+00:00,2026-05-06,3,56.46846435546879,58.0,-1.5315356445312105,1.5315356445312105
KMDW,NBM,2026-05-03 18:00:00+00:00,2026-05-06,3,56.30806396484379,58.0,-1.6919360351562105,1.6919360351562105
KMDW,NBM,2026-05-04 00:00:00+00:00,2026-05-06,3,56.17842529296879,58.0,-1.8215747070312105,1.8215747070312105
KMDW,GFS,2026-05-02 18:00:00+00:00,2026-05-06,4,56.0,58.0,-2.0,2.0
KMDW,GFS,2026-05-03 00:00:00+00:00,2026-05-06,4,59.9,58.0,1.8999999999999986,1.8999999999999986
KMDW,NBM,2026-05-02 06:00:00+00:00,2026-05-06,4,56.74290283203129,58.0,-1.257097167968709,1.257097167968709
KMDW,NBM,2026-05-02 12:00:00+00:00,2026-05-06,4,57.29090087890629,58.0,-0.7090991210937077,0.7090991210937077
KMDW,NBM,2026-05-02 18:00:00+00:00,2026-05-06,4,58.08323486328129,58.0,0.08323486328129093,0.08323486328129093
KMDW,NBM,2026-05-03 00:00:00+00:00,2026-05-06,4,57.95469482421879,58.0,-0.04530517578120907,0.04530517578120907
KMIA,GFS,2026-05-06 06:00:00+00:00,2026-05-06,0,87.2,88.0,-0.7999999999999972,0.7999999999999972
KMIA,GFS,2026-05-06 12:00:00+00:00,2026-05-06,0,87.8,88.0,-0.20000000000000284,0.20000000000000284
KMIA,GFS,2026-05-06 18:00:00+00:00,2026-05-06,0,87.4,88.0,-0.5999999999999943,0.5999999999999943
KMIA,GFS,2026-05-07 00:00:00+00:00,2026-05-06,0,80.1,88.0,-7.900000000000006,7.900000000000006
KMIA,HRRR,2026-05-06 08:00:00+00:00,2026-05-06,0,87.74483764648441,88.0,-0.2551623535155869,0.2551623535155869
KMIA,HRRR,2026-05-06 19:00:00+00:00,2026-05-06,0,87.48094604492192,88.0,-0.5190539550780784,0.5190539550780784
KMIA,HRRR,2026-05-06 20:00:00+00:00,2026-05-06,0,86.6988842773438,88.0,-1.3011157226562062,1.3011157226562062
KMIA,NBM,2026-05-06 06:00:00+00:00,2026-05-06,0,87.16997802734379,88.0,-0.8300219726562119,0.8300219726562119
KMIA,NBM,2026-05-06 12:00:00+00:00,2026-05-06,0,87.89002197265629,88.0,-0.10997802734371476,0.10997802734371476
KMIA,GFS,2026-05-05 06:00:00+00:00,2026-05-06,1,86.5,88.0,-1.5,1.5
KMIA,GFS,2026-05-05 18:00:00+00:00,2026-05-06,1,89.2,88.0,1.2000000000000028,1.2000000000000028
KMIA,GFS,2026-05-06 00:00:00+00:00,2026-05-06,1,86.7,88.0,-1.2999999999999972,1.2999999999999972
KMIA,HRRR,2026-05-05 06:00:00+00:00,2026-05-06,1,87.4323315429688,88.0,-0.5676684570312034,0.5676684570312034
KMIA,HRRR,2026-05-05 12:00:00+00:00,2026-05-06,1,89.12603881835942,88.0,1.1260388183594188,1.1260388183594188
KMIA,NBM,2026-05-05 06:00:00+00:00,2026-05-06,1,87.34998901367192,88.0,-0.6500109863280841,0.6500109863280841
KMIA,GFS,2026-05-04 06:00:00+00:00,2026-05-06,2,89.6,88.0,1.5999999999999943,1.5999999999999943
KMIA,GFS,2026-05-04 12:00:00+00:00,2026-05-06,2,90.3,88.0,2.299999999999997,2.299999999999997
KMIA,GFS,2026-05-04 18:00:00+00:00,2026-05-06,2,88.7,88.0,0.7000000000000028,0.7000000000000028
KMIA,GFS,2026-05-05 00:00:00+00:00,2026-05-06,2,88.3,88.0,0.29999999999999716,0.29999999999999716
KMIA,HRRR,2026-05-04 06:00:00+00:00,2026-05-06,2,76.23599975585941,88.0,-11.76400024414059,11.76400024414059
KMIA,HRRR,2026-05-04 12:00:00+00:00,2026-05-06,2,75.41493652343755,88.0,-12.585063476562453,12.585063476562453
KMIA,HRRR,2026-05-05 00:00:00+00:00,2026-05-06,2,76.73368041992191,88.0,-11.26631958007809,11.26631958007809
KMIA,NBM,2026-05-04 06:00:00+00:00,2026-05-06,2,88.23389404296879,88.0,0.23389404296878524,0.23389404296878524
KMIA,NBM,2026-05-04 12:00:00+00:00,2026-05-06,2,86.95316284179691,88.0,-1.0468371582030898,1.0468371582030898
KMIA,NBM,2026-05-04 18:00:00+00:00,2026-05-06,2,87.19085205078129,88.0,-0.8091479492187119,0.8091479492187119
KMIA,NBM,2026-05-05 00:00:00+00:00,2026-05-06,2,86.93640869140629,88.0,-1.0635913085937148,1.0635913085937148
KMIA,GFS,2026-05-03 06:00:00+00:00,2026-05-06,3,88.9,88.0,0.9000000000000057,0.9000000000000057
KMIA,GFS,2026-05-03 12:00:00+00:00,2026-05-06,3,88.9,88.0,0.9000000000000057,0.9000000000000057
KMIA,GFS,2026-05-03 18:00:00+00:00,2026-05-06,3,89.8,88.0,1.7999999999999972,1.7999999999999972
KMIA,GFS,2026-05-04 00:00:00+00:00,2026-05-06,3,88.7,88.0,0.7000000000000028,0.7000000000000028
KMIA,NBM,2026-05-03 06:00:00+00:00,2026-05-06,3,87.42996948242191,88.0,-0.5700305175780898,0.5700305175780898
KMIA,NBM,2026-05-03 12:00:00+00:00,2026-05-06,3,87.42848632812505,88.0,-0.5715136718749534,0.5715136718749534
KMIA,NBM,2026-05-03 18:00:00+00:00,2026-05-06,3,87.26803100585941,88.0,-0.7319689941405869,0.7319689941405869
KMIA,NBM,2026-05-04 00:00:00+00:00,2026-05-06,3,87.13839233398441,88.0,-0.8616076660155869,0.8616076660155869
KMIA,GFS,2026-05-02 06:00:00+00:00,2026-05-06,4,86.5,88.0,-1.5,1.5
KMIA,GFS,2026-05-02 12:00:00+00:00,2026-05-06,4,87.2,88.0,-0.7999999999999972,0.7999999999999972
KMIA,GFS,2026-05-02 18:00:00+00:00,2026-05-06,4,86.5,88.0,-1.5,1.5
KMIA,GFS,2026-05-03 00:00:00+00:00,2026-05-06,4,86.7,88.0,-1.2999999999999972,1.2999999999999972
KMIA,NBM,2026-05-02 06:00:00+00:00,2026-05-06,4,86.98293579101566,88.0,-1.017064208984337,1.017064208984337
KMIA,NBM,2026-05-02 12:00:00+00:00,2026-05-06,4,86.8109448242188,88.0,-1.1890551757812062,1.1890551757812062
KMIA,NBM,2026-05-02 18:00:00+00:00,2026-05-06,4,87.60322387695317,88.0,-0.3967761230468341,0.3967761230468341
KMIA,NBM,2026-05-03 00:00:00+00:00,2026-05-06,4,87.47468383789067,88.0,-0.5253161621093341,0.5253161621093341
KMIA,GFS,2026-05-01 18:00:00+00:00,2026-05-06,5,88.3,88.0,0.29999999999999716,0.29999999999999716
KMIA,GFS,2026-05-02 00:00:00+00:00,2026-05-06,5,88.3,88.0,0.29999999999999716,0.29999999999999716
KMIA,NBM,2026-05-01 06:00:00+00:00,2026-05-06,5,86.98980224609379,88.0,-1.010197753906212,1.010197753906212
KMIA,NBM,2026-05-01 12:00:00+00:00,2026-05-06,5,86.59616210937504,88.0,-1.4038378906249562,1.4038378906249562
KMIA,NBM,2026-05-01 18:00:00+00:00,2026-05-06,5,86.6566967773438,88.0,-1.3433032226562034,1.3433032226562034
KMIA,NBM,2026-05-02 00:00:00+00:00,2026-05-06,5,86.78628051757816,88.0,-1.213719482421837,1.213719482421837
KNYC,GFS,2026-05-06 06:00:00+00:00,2026-05-06,0,76.2,71.0,5.200000000000003,5.200000000000003
KNYC,GFS,2026-05-06 12:00:00+00:00,2026-05-06,0,76.6,71.0,5.599999999999994,5.599999999999994
KNYC,GFS,2026-05-06 18:00:00+00:00,2026-05-06,0,67.0,71.0,-4.0,4.0
KNYC,GFS,2026-05-07 00:00:00+00:00,2026-05-06,0,61.8,71.0,-9.200000000000003,9.200000000000003
KNYC,HRRR,2026-05-06 08:00:00+00:00,2026-05-06,0,76.08933227539066,71.0,5.08933227539066,5.08933227539066
KNYC,HRRR,2026-05-06 19:00:00+00:00,2026-05-06,0,63.141614990234416,71.0,-7.858385009765584,7.858385009765584
KNYC,HRRR,2026-05-06 20:00:00+00:00,2026-05-06,0,63.41138427734379,71.0,-7.588615722656208,7.588615722656208
KNYC,NBM,2026-05-06 12:00:00+00:00,2026-05-06,0,74.39002197265629,71.0,3.3900219726562852,3.3900219726562852
KNYC,GFS,2026-05-05 06:00:00+00:00,2026-05-06,1,71.5,71.0,0.5,0.5
KNYC,GFS,2026-05-05 18:00:00+00:00,2026-05-06,1,73.5,71.0,2.5,2.5
KNYC,GFS,2026-05-06 00:00:00+00:00,2026-05-06,1,72.3,71.0,1.2999999999999972,1.2999999999999972
KNYC,HRRR,2026-05-05 06:00:00+00:00,2026-05-06,1,71.04644287109379,71.0,0.046442871093788085,0.046442871093788085
KNYC,NBM,2026-05-06 00:00:00+00:00,2026-05-06,1,73.4900219726563,71.0,2.4900219726562938,2.4900219726562938
KNYC,GFS,2026-05-04 06:00:00+00:00,2026-05-06,2,67.4,71.0,-3.5999999999999943,3.5999999999999943
KNYC,GFS,2026-05-04 12:00:00+00:00,2026-05-06,2,66.1,71.0,-4.900000000000006,4.900000000000006
KNYC,GFS,2026-05-04 18:00:00+00:00,2026-05-06,2,70.1,71.0,-0.9000000000000057,0.9000000000000057
KNYC,GFS,2026-05-05 00:00:00+00:00,2026-05-06,2,71.9,71.0,0.9000000000000057,0.9000000000000057
KNYC,HRRR,2026-05-04 06:00:00+00:00,2026-05-06,2,62.73599975585942,71.0,-8.264000244140583,8.264000244140583
KNYC,HRRR,2026-05-04 12:00:00+00:00,2026-05-06,2,64.99704101562504,71.0,-6.002958984374956,6.002958984374956
KNYC,HRRR,2026-05-05 00:00:00+00:00,2026-05-06,2,64.69618041992192,71.0,-6.303819580078084,6.303819580078084
KNYC,NBM,2026-05-04 06:00:00+00:00,2026-05-06,2,73.8338940429688,71.0,2.8338940429687938,2.8338940429687938
KNYC,NBM,2026-05-04 12:00:00+00:00,2026-05-06,2,74.71318481445317,71.0,3.7131848144531716,3.7131848144531716
KNYC,NBM,2026-05-04 18:00:00+00:00,2026-05-06,2,74.23083007812504,71.0,3.230830078125038,3.230830078125038
KNYC,NBM,2026-05-05 00:00:00+00:00,2026-05-06,2,73.97644165039067,71.0,2.9764416503906688,2.9764416503906688
KNYC,GFS,2026-05-03 06:00:00+00:00,2026-05-06,3,68.3,71.0,-2.700000000000003,2.700000000000003
KNYC,GFS,2026-05-03 12:00:00+00:00,2026-05-06,3,68.1,71.0,-2.9000000000000057,2.9000000000000057
KNYC,GFS,2026-05-03 18:00:00+00:00,2026-05-06,3,67.8,71.0,-3.200000000000003,3.200000000000003
KNYC,GFS,2026-05-04 00:00:00+00:00,2026-05-06,3,67.6,71.0,-3.4000000000000057,3.4000000000000057
KNYC,NBM,2026-05-03 06:00:00+00:00,2026-05-06,3,73.02996948242192,71.0,2.0299694824219188,2.0299694824219188
KNYC,NBM,2026-05-03 12:00:00+00:00,2026-05-06,3,73.02848632812504,71.0,2.028486328125041,2.028486328125041
KNYC,NBM,2026-05-03 18:00:00+00:00,2026-05-06,3,74.3080639648438,71.0,3.3080639648437966,3.3080639648437966
KNYC,NBM,2026-05-04 00:00:00+00:00,2026-05-06,3,74.1784252929688,71.0,3.1784252929687966,3.1784252929687966
KNYC,GFS,2026-05-02 06:00:00+00:00,2026-05-06,4,75.3,71.0,4.299999999999997,4.299999999999997
KNYC,GFS,2026-05-02 12:00:00+00:00,2026-05-06,4,70.3,71.0,-0.7000000000000028,0.7000000000000028
KNYC,GFS,2026-05-02 18:00:00+00:00,2026-05-06,4,69.9,71.0,-1.0999999999999943,1.0999999999999943
KNYC,GFS,2026-05-03 00:00:00+00:00,2026-05-06,4,68.7,71.0,-2.299999999999997,2.299999999999997
KNYC,NBM,2026-05-02 06:00:00+00:00,2026-05-06,4,76.18293579101567,71.0,5.182935791015666,5.182935791015666
KNYC,NBM,2026-05-02 12:00:00+00:00,2026-05-06,4,75.29090087890629,71.0,4.290900878906285,4.290900878906285
KNYC,NBM,2026-05-02 18:00:00+00:00,2026-05-06,4,73.92321289062504,71.0,2.923212890625038,2.923212890625038
KNYC,NBM,2026-05-03 00:00:00+00:00,2026-05-06,4,73.07468383789066,71.0,2.0746838378906602,2.0746838378906602
KNYC,GFS,2026-05-01 18:00:00+00:00,2026-05-06,5,73.0,71.0,2.0,2.0
KNYC,GFS,2026-05-02 00:00:00+00:00,2026-05-06,5,70.3,71.0,-0.7000000000000028,0.7000000000000028
KNYC,NBM,2026-05-01 06:00:00+00:00,2026-05-06,5,74.74982421875004,71.0,3.7498242187500352,3.7498242187500352
KNYC,NBM,2026-05-01 12:00:00+00:00,2026-05-06,5,75.79616210937505,71.0,4.796162109375047,4.796162109375047
KNYC,NBM,2026-05-01 18:00:00+00:00,2026-05-06,5,78.01666381835942,71.0,7.016663818359419,7.016663818359419
KNYC,NBM,2026-05-02 00:00:00+00:00,2026-05-06,5,76.70626953125004,71.0,5.706269531250044,5.706269531250044
KNYC,NBM,2026-04-30 06:00:00+00:00,2026-05-06,6,74.85254638671879,71.0,3.8525463867187852,3.8525463867187852
KNYC,NBM,2026-04-30 12:00:00+00:00,2026-05-06,6,75.43932617187504,71.0,4.439326171875038,4.439326171875038
KNYC,NBM,2026-04-30 18:00:00+00:00,2026-05-06,6,72.90598876953129,71.0,1.905988769531291,1.905988769531291
KNYC,NBM,2026-05-01 00:00:00+00:00,2026-05-06,6,72.38935668945317,71.0,1.389356689453166,1.389356689453166
KNYC,NBM,2026-04-29 06:00:00+00:00,2026-05-06,7,74.57080200195317,71.0,3.5708020019531688,3.5708020019531688
KNYC,NBM,2026-04-29 12:00:00+00:00,2026-05-06,7,76.05829589843754,71.0,5.058295898437535,5.058295898437535
KNYC,NBM,2026-04-29 18:00:00+00:00,2026-05-06,7,75.81395996093754,71.0,4.813959960937538,4.813959960937538
KMDW,GFS,2026-05-07 06:00:00+00:00,2026-05-07,0,60.9,61.0,-0.10000000000000142,0.10000000000000142
KMDW,GFS,2026-05-07 12:00:00+00:00,2026-05-07,0,61.9,61.0,0.8999999999999986,0.8999999999999986
KMDW,GFS,2026-05-07 18:00:00+00:00,2026-05-07,0,61.3,61.0,0.29999999999999716,0.29999999999999716
KMDW,GFS,2026-05-08 00:00:00+00:00,2026-05-07,0,55.1,61.0,-5.899999999999999,5.899999999999999
KMDW,HRRR,2026-05-07 06:00:00+00:00,2026-05-07,0,60.74818847656254,61.0,-0.2518115234374605,0.2518115234374605
KMDW,HRRR,2026-05-07 21:00:00+00:00,2026-05-07,0,59.15566528320316,61.0,-1.844334716796837,1.844334716796837
KMDW,HRRR,2026-05-07 23:00:00+00:00,2026-05-07,0,55.35478027343754,61.0,-5.645219726562459,5.645219726562459
KMDW,NBM,2026-05-07 06:00:00+00:00,2026-05-07,0,61.249989013671915,61.0,0.2499890136719145,0.2499890136719145
KMDW,NBM,2026-05-07 12:00:00+00:00,2026-05-07,0,60.710010986328165,61.0,-0.2899890136718355,0.2899890136718355
KMDW,GFS,2026-05-06 06:00:00+00:00,2026-05-07,1,57.7,61.0,-3.299999999999997,3.299999999999997
KMDW,GFS,2026-05-06 12:00:00+00:00,2026-05-07,1,61.8,61.0,0.7999999999999972,0.7999999999999972
KMDW,GFS,2026-05-06 18:00:00+00:00,2026-05-07,1,59.6,61.0,-1.3999999999999986,1.3999999999999986
KMDW,GFS,2026-05-07 00:00:00+00:00,2026-05-07,1,58.1,61.0,-2.8999999999999986,2.8999999999999986
KMDW,HRRR,2026-05-06 19:00:00+00:00,2026-05-07,1,40.81585815429692,61.0,-20.18414184570308,20.18414184570308
KMDW,HRRR,2026-05-06 20:00:00+00:00,2026-05-07,1,41.00553710937504,61.0,-19.99446289062496,19.99446289062496
KMDW,NBM,2026-05-06 06:00:00+00:00,2026-05-07,1,60.710010986328165,61.0,-0.2899890136718355,0.2899890136718355
KMDW,NBM,2026-05-06 12:00:00+00:00,2026-05-07,1,61.069978027343794,61.0,0.06997802734379377,0.06997802734379377
KMDW,GFS,2026-05-05 06:00:00+00:00,2026-05-07,2,63.3,61.0,2.299999999999997,2.299999999999997
KMDW,GFS,2026-05-05 18:00:00+00:00,2026-05-07,2,63.5,61.0,2.5,2.5
KMDW,GFS,2026-05-06 00:00:00+00:00,2026-05-07,2,61.0,61.0,0.0,0.0
KMDW,HRRR,2026-05-05 12:00:00+00:00,2026-05-07,2,40.50126464843754,61.0,-20.49873535156246,20.49873535156246
KMDW,NBM,2026-05-05 06:00:00+00:00,2026-05-07,2,59.990021972656294,61.0,-1.0099780273437062,1.0099780273437062
KMDW,GFS,2026-05-04 06:00:00+00:00,2026-05-07,3,60.8,61.0,-0.20000000000000284,0.20000000000000284
KMDW,GFS,2026-05-04 12:00:00+00:00,2026-05-07,3,59.9,61.0,-1.1000000000000014,1.1000000000000014
KMDW,GFS,2026-05-04 18:00:00+00:00,2026-05-07,3,59.7,61.0,-1.2999999999999972,1.2999999999999972
KMDW,GFS,2026-05-05 00:00:00+00:00,2026-05-07,3,62.4,61.0,1.3999999999999986,1.3999999999999986
KMDW,NBM,2026-05-04 06:00:00+00:00,2026-05-07,3,59.70904663085942,61.0,-1.2909533691405812,1.2909533691405812
KMDW,NBM,2026-05-04 12:00:00+00:00,2026-05-07,3,60.06577270507817,61.0,-0.9342272949218327,0.9342272949218327
KMDW,NBM,2026-05-04 18:00:00+00:00,2026-05-07,3,59.47542236328129,61.0,-1.5245776367187105,1.5245776367187105
KMDW,NBM,2026-05-05 00:00:00+00:00,2026-05-07,3,60.24276245117191,61.0,-0.7572375488280869,0.7572375488280869
KMDW,GFS,2026-05-03 06:00:00+00:00,2026-05-07,4,58.3,61.0,-2.700000000000003,2.700000000000003
KMDW,GFS,2026-05-03 12:00:00+00:00,2026-05-07,4,59.7,61.0,-1.2999999999999972,1.2999999999999972
KMDW,GFS,2026-05-03 18:00:00+00:00,2026-05-07,4,61.5,61.0,0.5,0.5
KMDW,GFS,2026-05-04 00:00:00+00:00,2026-05-07,4,59.4,61.0,-1.6000000000000014,1.6000000000000014
KMDW,NBM,2026-05-03 06:00:00+00:00,2026-05-07,4,60.004139404296915,61.0,-0.9958605957030855,0.9958605957030855
KMDW,NBM,2026-05-03 12:00:00+00:00,2026-05-07,4,60.151520996093794,61.0,-0.8484790039062062,0.8484790039062062
KMDW,NBM,2026-05-03 18:00:00+00:00,2026-05-07,4,59.85346191406254,61.0,-1.1465380859374577,1.1465380859374577
KMDW,NBM,2026-05-04 00:00:00+00:00,2026-05-07,4,60.08274658203129,61.0,-0.9172534179687091,0.9172534179687091
KMDW,GFS,2026-05-02 18:00:00+00:00,2026-05-07,5,60.1,61.0,-0.8999999999999986,0.8999999999999986
KMDW,GFS,2026-05-03 00:00:00+00:00,2026-05-07,5,59.4,61.0,-1.6000000000000014,1.6000000000000014
KMDW,NBM,2026-05-02 06:00:00+00:00,2026-05-07,5,59.12841918945317,61.0,-1.8715808105468312,1.8715808105468312
KMDW,NBM,2026-05-02 12:00:00+00:00,2026-05-07,5,60.31258056640629,61.0,-0.6874194335937105,0.6874194335937105
KMDW,NBM,2026-05-02 18:00:00+00:00,2026-05-07,5,60.32741210937504,61.0,-0.6725878906249605,0.6725878906249605
KMDW,NBM,2026-05-03 00:00:00+00:00,2026-05-07,5,59.69317138671879,61.0,-1.306828613281212,1.306828613281212
KMIA,GFS,2026-05-07 06:00:00+00:00,2026-05-07,0,88.1,91.0,-2.9000000000000057,2.9000000000000057
KMIA,GFS,2026-05-07 12:00:00+00:00,2026-05-07,0,90.0,91.0,-1.0,1.0
KMIA,GFS,2026-05-07 18:00:00+00:00,2026-05-07,0,88.5,91.0,-2.5,2.5
KMIA,GFS,2026-05-08 00:00:00+00:00,2026-05-07,0,82.0,91.0,-9.0,9.0
KMIA,HRRR,2026-05-07 06:00:00+00:00,2026-05-07,0,88.47042968750004,91.0,-2.5295703124999562,2.5295703124999562
KMIA,HRRR,2026-05-07 21:00:00+00:00,2026-05-07,0,85.81816528320317,91.0,-5.181834716796828,5.181834716796828
KMIA,HRRR,2026-05-07 23:00:00+00:00,2026-05-07,0,83.02978027343754,91.0,-7.970219726562462,7.970219726562462
KMIA,NBM,2026-05-07 06:00:00+00:00,2026-05-07,0,91.66997802734379,91.0,0.6699780273437881,0.6699780273437881
KMIA,NBM,2026-05-07 12:00:00+00:00,2026-05-07,0,91.66997802734379,91.0,0.6699780273437881,0.6699780273437881
KMIA,GFS,2026-05-06 06:00:00+00:00,2026-05-07,1,92.1,91.0,1.0999999999999943,1.0999999999999943
KMIA,GFS,2026-05-06 12:00:00+00:00,2026-05-07,1,89.6,91.0,-1.4000000000000057,1.4000000000000057
KMIA,GFS,2026-05-06 18:00:00+00:00,2026-05-07,1,92.0,91.0,1.0,1.0
KMIA,GFS,2026-05-07 00:00:00+00:00,2026-05-07,1,90.3,91.0,-0.7000000000000028,0.7000000000000028
KMIA,HRRR,2026-05-06 19:00:00+00:00,2026-05-07,1,74.99328125000004,91.0,-16.006718749999962,16.006718749999962
KMIA,HRRR,2026-05-06 20:00:00+00:00,2026-05-07,1,75.24387939453129,91.0,-15.756120605468709,15.756120605468709
KMIA,NBM,2026-05-06 06:00:00+00:00,2026-05-07,1,90.7699780273438,91.0,-0.2300219726562034,0.2300219726562034
KMIA,NBM,2026-05-06 12:00:00+00:00,2026-05-07,1,91.31001098632817,91.0,0.3100109863281659,0.3100109863281659
KMIA,GFS,2026-05-05 06:00:00+00:00,2026-05-07,2,90.1,91.0,-0.9000000000000057,0.9000000000000057
KMIA,GFS,2026-05-05 18:00:00+00:00,2026-05-07,2,91.2,91.0,0.20000000000000284,0.20000000000000284
KMIA,GFS,2026-05-06 00:00:00+00:00,2026-05-07,2,90.7,91.0,-0.29999999999999716,0.29999999999999716
KMIA,HRRR,2026-05-05 12:00:00+00:00,2026-05-07,2,75.49266479492192,91.0,-15.507335205078078,15.507335205078078
KMIA,NBM,2026-05-05 06:00:00+00:00,2026-05-07,2,90.7699780273438,91.0,-0.2300219726562034,0.2300219726562034
KMIA,GFS,2026-05-04 06:00:00+00:00,2026-05-07,3,91.9,91.0,0.9000000000000057,0.9000000000000057
KMIA,GFS,2026-05-04 12:00:00+00:00,2026-05-07,3,93.0,91.0,2.0,2.0
KMIA,GFS,2026-05-04 18:00:00+00:00,2026-05-07,3,91.0,91.0,0.0,0.0
KMIA,GFS,2026-05-05 00:00:00+00:00,2026-05-07,3,91.2,91.0,0.20000000000000284,0.20000000000000284
KMIA,NBM,2026-05-04 06:00:00+00:00,2026-05-07,3,89.94907958984379,91.0,-1.050920410156209,1.050920410156209
KMIA,NBM,2026-05-04 12:00:00+00:00,2026-05-07,3,90.30575073242191,91.0,-0.6942492675780869,0.6942492675780869
KMIA,NBM,2026-05-04 18:00:00+00:00,2026-05-07,3,90.43538940429691,91.0,-0.5646105957030869,0.5646105957030869
KMIA,NBM,2026-05-05 00:00:00+00:00,2026-05-07,3,90.48279541015629,91.0,-0.5172045898437148,0.5172045898437148
KMIA,GFS,2026-05-03 06:00:00+00:00,2026-05-07,4,89.9,91.0,-1.0999999999999943,1.0999999999999943
KMIA,GFS,2026-05-03 12:00:00+00:00,2026-05-07,4,92.5,91.0,1.5,1.5
KMIA,GFS,2026-05-03 18:00:00+00:00,2026-05-07,4,91.9,91.0,0.9000000000000057,0.9000000000000057
KMIA,GFS,2026-05-04 00:00:00+00:00,2026-05-07,4,91.4,91.0,0.4000000000000057,0.4000000000000057
KMIA,NBM,2026-05-03 06:00:00+00:00,2026-05-07,4,90.2441723632813,91.0,-0.7558276367187062,0.7558276367187062
KMIA,NBM,2026-05-03 12:00:00+00:00,2026-05-07,4,89.67151000976567,91.0,-1.3284899902343312,1.3284899902343312
KMIA,NBM,2026-05-03 18:00:00+00:00,2026-05-07,4,90.09343994140629,91.0,-0.9065600585937119,0.9065600585937119
KMIA,NBM,2026-05-04 00:00:00+00:00,2026-05-07,4,90.32272460937504,91.0,-0.6772753906249562,0.6772753906249562
KMIA,GFS,2026-05-02 06:00:00+00:00,2026-05-07,5,90.1,91.0,-0.9000000000000057,0.9000000000000057
KMIA,GFS,2026-05-02 12:00:00+00:00,2026-05-07,5,87.4,91.0,-3.5999999999999943,3.5999999999999943
KMIA,GFS,2026-05-02 18:00:00+00:00,2026-05-07,5,87.3,91.0,-3.700000000000003,3.700000000000003
KMIA,GFS,2026-05-03 00:00:00+00:00,2026-05-07,5,88.8,91.0,-2.200000000000003,2.200000000000003
KMIA,NBM,2026-05-02 06:00:00+00:00,2026-05-07,5,90.08838623046879,91.0,-0.9116137695312148,0.9116137695312148
KMIA,NBM,2026-05-02 12:00:00+00:00,2026-05-07,5,89.83262451171879,91.0,-1.167375488281209,1.167375488281209
KMIA,NBM,2026-05-02 18:00:00+00:00,2026-05-07,5,90.56739013671879,91.0,-0.43260986328121476,0.43260986328121476
KMIA,NBM,2026-05-03 00:00:00+00:00,2026-05-07,5,90.65313842773442,91.0,-0.34686157226558123,0.34686157226558123
KMIA,GFS,2026-05-01 18:00:00+00:00,2026-05-07,6,97.0,91.0,6.0,6.0
KMIA,GFS,2026-05-02 00:00:00+00:00,2026-05-07,6,95.5,91.0,4.5,4.5
KMIA,NBM,2026-05-01 06:00:00+00:00,2026-05-07,6,90.89807861328129,91.0,-0.10192138671871476,0.10192138671871476
KMIA,NBM,2026-05-01 12:00:00+00:00,2026-05-07,6,90.0844311523438,91.0,-0.9155688476562034,0.9155688476562034
KMIA,NBM,2026-05-01 18:00:00+00:00,2026-05-07,6,89.75670898437504,91.0,-1.243291015624962,1.243291015624962
KMIA,NBM,2026-05-02 00:00:00+00:00,2026-05-07,6,90.02038085937504,91.0,-0.9796191406249619,0.9796191406249619
KNYC,GFS,2026-05-07 06:00:00+00:00,2026-05-07,0,63.7,64.0,-0.29999999999999716,0.29999999999999716
KNYC,GFS,2026-05-07 12:00:00+00:00,2026-05-07,0,63.6,64.0,-0.3999999999999986,0.3999999999999986
KNYC,GFS,2026-05-07 18:00:00+00:00,2026-05-07,0,64.6,64.0,0.5999999999999943,0.5999999999999943
KNYC,GFS,2026-05-08 00:00:00+00:00,2026-05-07,0,59.0,64.0,-5.0,5.0
KNYC,HRRR,2026-05-07 06:00:00+00:00,2026-05-07,0,63.63204467773441,64.0,-0.3679553222655869,0.3679553222655869
KNYC,HRRR,2026-05-07 21:00:00+00:00,2026-05-07,0,62.755665283203165,64.0,-1.2443347167968355,1.2443347167968355
KNYC,HRRR,2026-05-07 23:00:00+00:00,2026-05-07,0,59.06728027343754,64.0,-4.9327197265624605,4.9327197265624605
KNYC,NBM,2026-05-07 06:00:00+00:00,2026-05-07,0,66.11001098632816,64.0,2.110010986328163,2.110010986328163
KNYC,NBM,2026-05-07 12:00:00+00:00,2026-05-07,0,66.11001098632816,64.0,2.110010986328163,2.110010986328163
KNYC,GFS,2026-05-06 06:00:00+00:00,2026-05-07,1,63.1,64.0,-0.8999999999999986,0.8999999999999986
KNYC,GFS,2026-05-06 12:00:00+00:00,2026-05-07,1,66.4,64.0,2.4000000000000057,2.4000000000000057
KNYC,GFS,2026-05-06 18:00:00+00:00,2026-05-07,1,63.8,64.0,-0.20000000000000284,0.20000000000000284
KNYC,GFS,2026-05-07 00:00:00+00:00,2026-05-07,1,62.7,64.0,-1.2999999999999972,1.2999999999999972
KNYC,HRRR,2026-05-06 19:00:00+00:00,2026-05-07,1,56.31828125000004,64.0,-7.681718749999959,7.681718749999959
KNYC,HRRR,2026-05-06 20:00:00+00:00,2026-05-07,1,56.11887939453129,64.0,-7.881120605468709,7.881120605468709
KNYC,NBM,2026-05-06 12:00:00+00:00,2026-05-07,1,66.29002197265629,64.0,2.290021972656291,2.290021972656291
KNYC,GFS,2026-05-05 06:00:00+00:00,2026-05-07,2,68.3,64.0,4.299999999999997,4.299999999999997
KNYC,GFS,2026-05-05 18:00:00+00:00,2026-05-07,2,68.5,64.0,4.5,4.5
KNYC,GFS,2026-05-06 00:00:00+00:00,2026-05-07,2,66.7,64.0,2.700000000000003,2.700000000000003
KNYC,NBM,2026-05-06 00:00:00+00:00,2026-05-07,2,66.29002197265629,64.0,2.290021972656291,2.290021972656291
KNYC,GFS,2026-05-04 06:00:00+00:00,2026-05-07,3,60.9,64.0,-3.1000000000000014,3.1000000000000014
KNYC,GFS,2026-05-04 12:00:00+00:00,2026-05-07,3,61.5,64.0,-2.5,2.5
KNYC,GFS,2026-05-04 18:00:00+00:00,2026-05-07,3,61.8,64.0,-2.200000000000003,2.200000000000003
KNYC,GFS,2026-05-05 00:00:00+00:00,2026-05-07,3,68.8,64.0,4.799999999999997,4.799999999999997
KNYC,NBM,2026-05-04 06:00:00+00:00,2026-05-07,3,66.18905761718754,64.0,2.1890576171875438,2.1890576171875438
KNYC,NBM,2026-05-04 12:00:00+00:00,2026-05-07,3,66.54578369140629,64.0,2.5457836914062852,2.5457836914062852
KNYC,NBM,2026-05-04 18:00:00+00:00,2026-05-07,3,65.95537841796879,64.0,1.955378417968788,1.955378417968788
KNYC,NBM,2026-05-05 00:00:00+00:00,2026-05-07,3,67.44276245117192,64.0,3.442762451171916,3.442762451171916
KNYC,GFS,2026-05-03 06:00:00+00:00,2026-05-07,4,59.8,64.0,-4.200000000000003,4.200000000000003
KNYC,GFS,2026-05-03 12:00:00+00:00,2026-05-07,4,57.0,64.0,-7.0,7.0
KNYC,GFS,2026-05-03 18:00:00+00:00,2026-05-07,4,58.0,64.0,-6.0,6.0
KNYC,GFS,2026-05-04 00:00:00+00:00,2026-05-07,4,60.7,64.0,-3.299999999999997,3.299999999999997
KNYC,NBM,2026-05-03 06:00:00+00:00,2026-05-07,4,61.44417236328129,64.0,-2.5558276367187105,2.5558276367187105
KNYC,NBM,2026-05-03 12:00:00+00:00,2026-05-07,4,62.31148803710941,64.0,-1.688511962890587,1.688511962890587
KNYC,NBM,2026-05-03 18:00:00+00:00,2026-05-07,4,65.6134838867188,64.0,1.6134838867187966,1.6134838867187966
KNYC,NBM,2026-05-04 00:00:00+00:00,2026-05-07,4,65.84271362304692,64.0,1.8427136230469188,1.8427136230469188
KNYC,GFS,2026-05-02 06:00:00+00:00,2026-05-07,5,65.4,64.0,1.4000000000000057,1.4000000000000057
KNYC,GFS,2026-05-02 12:00:00+00:00,2026-05-07,5,64.2,64.0,0.20000000000000284,0.20000000000000284
KNYC,GFS,2026-05-02 18:00:00+00:00,2026-05-07,5,73.5,64.0,9.5,9.5
KNYC,GFS,2026-05-03 00:00:00+00:00,2026-05-07,5,55.5,64.0,-8.5,8.5
KNYC,NBM,2026-05-02 06:00:00+00:00,2026-05-07,5,68.48838623046879,64.0,4.488386230468791,4.488386230468791
KNYC,NBM,2026-05-02 12:00:00+00:00,2026-05-07,5,68.2326245117188,64.0,4.232624511718797,4.232624511718797
KNYC,NBM,2026-05-02 18:00:00+00:00,2026-05-07,5,64.64740112304692,64.0,0.6474011230469188,0.6474011230469188
KNYC,NBM,2026-05-03 00:00:00+00:00,2026-05-07,5,62.57312744140629,64.0,-1.4268725585937077,1.4268725585937077
KNYC,GFS,2026-05-01 18:00:00+00:00,2026-05-07,6,62.2,64.0,-1.7999999999999972,1.7999999999999972
KNYC,GFS,2026-05-02 00:00:00+00:00,2026-05-07,6,67.2,64.0,3.200000000000003,3.200000000000003
KNYC,NBM,2026-05-01 06:00:00+00:00,2026-05-07,6,67.85810058593754,64.0,3.8581005859375352,3.8581005859375352
KNYC,NBM,2026-05-01 12:00:00+00:00,2026-05-07,6,67.76444213867191,64.0,3.7644421386719102,3.7644421386719102
KNYC,NBM,2026-05-01 18:00:00+00:00,2026-05-07,6,70.3167309570313,64.0,6.316730957031297,6.316730957031297
KNYC,NBM,2026-05-02 00:00:00+00:00,2026-05-07,6,69.14036987304692,64.0,5.140369873046922,5.140369873046922
KNYC,NBM,2026-04-30 06:00:00+00:00,2026-05-07,7,69.15399291992192,64.0,5.153992919921919,5.153992919921919
KNYC,NBM,2026-04-30 12:00:00+00:00,2026-05-07,7,68.8972973632813,64.0,4.897297363281297,4.897297363281297
KNYC,NBM,2026-04-30 18:00:00+00:00,2026-05-07,7,67.26022460937504,64.0,3.2602246093750438,3.2602246093750438
KNYC,NBM,2026-05-01 00:00:00+00:00,2026-05-07,7,66.60219848632816,64.0,2.602198486328163,2.602198486328163
KMDW,GFS,2026-05-08 06:00:00+00:00,2026-05-08,0,70.3,65.0,5.299999999999997,5.299999999999997
KMDW,GFS,2026-05-08 12:00:00+00:00,2026-05-08,0,69.7,65.0,4.700000000000003,4.700000000000003
KMDW,GFS,2026-05-08 18:00:00+00:00,2026-05-08,0,65.2,65.0,0.20000000000000284,0.20000000000000284
KMDW,GFS,2026-05-09 00:00:00+00:00,2026-05-08,0,60.4,65.0,-4.600000000000001,4.600000000000001
KMDW,HRRR,2026-05-08 05:00:00+00:00,2026-05-08,0,68.79265258789067,65.0,3.7926525878906716,3.7926525878906716
KMDW,HRRR,2026-05-08 06:00:00+00:00,2026-05-08,0,70.63473022460941,65.0,5.634730224609413,5.634730224609413
KMDW,HRRR,2026-05-08 07:00:00+00:00,2026-05-08,0,70.66049316406254,65.0,5.660493164062544,5.660493164062544
KMDW,HRRR,2026-05-08 08:00:00+00:00,2026-05-08,0,70.84544799804692,65.0,5.845447998046922,5.845447998046922
KMDW,HRRR,2026-05-08 09:00:00+00:00,2026-05-08,0,70.92921875000005,65.0,5.929218750000047,5.929218750000047
KMDW,HRRR,2026-05-08 10:00:00+00:00,2026-05-08,0,69.67287719726566,65.0,4.672877197265663,4.672877197265663
KMDW,HRRR,2026-05-08 11:00:00+00:00,2026-05-08,0,68.74854248046879,65.0,3.7485424804687852,3.7485424804687852
KMDW,HRRR,2026-05-08 12:00:00+00:00,2026-05-08,0,69.16283691406254,65.0,4.162836914062538,4.162836914062538
KMDW,HRRR,2026-05-08 13:00:00+00:00,2026-05-08,0,68.95080078125004,65.0,3.950800781250038,3.950800781250038
KMDW,HRRR,2026-05-08 14:00:00+00:00,2026-05-08,0,69.62585571289067,65.0,4.625855712890669,4.625855712890669
KMDW,HRRR,2026-05-08 15:00:00+00:00,2026-05-08,0,67.92951171875004,65.0,2.9295117187500352,2.9295117187500352
KMDW,HRRR,2026-05-08 16:00:00+00:00,2026-05-08,0,65.11646240234379,65.0,0.11646240234378524,0.11646240234378524
KMDW,HRRR,2026-05-08 17:00:00+00:00,2026-05-08,0,68.5494702148438,65.0,3.5494702148437938,3.5494702148437938
KMDW,HRRR,2026-05-08 18:00:00+00:00,2026-05-08,0,68.03585937500004,65.0,3.0358593750000438,3.0358593750000438
KMDW,HRRR,2026-05-08 19:00:00+00:00,2026-05-08,0,65.03966796875004,65.0,0.039667968750038085,0.039667968750038085
KMDW,HRRR,2026-05-09 00:00:00+00:00,2026-05-08,0,53.608613281250044,65.0,-11.391386718749956,11.391386718749956
KMDW,HRRR,2026-05-09 01:00:00+00:00,2026-05-08,0,54.09124267578129,65.0,-10.908757324218712,10.908757324218712
KMDW,HRRR,2026-05-09 02:00:00+00:00,2026-05-08,0,54.290314941406294,65.0,-10.709685058593706,10.709685058593706
KMDW,HRRR,2026-05-09 03:00:00+00:00,2026-05-08,0,54.36694458007817,65.0,-10.633055419921831,10.633055419921831
KMDW,NBM,2026-05-08 06:00:00+00:00,2026-05-08,0,67.01001098632817,65.0,2.0100109863281688,2.0100109863281688
KMDW,NBM,2026-05-08 12:00:00+00:00,2026-05-08,0,67.01001098632817,65.0,2.0100109863281688,2.0100109863281688
KMDW,GFS,2026-05-07 06:00:00+00:00,2026-05-08,1,66.8,65.0,1.7999999999999972,1.7999999999999972
KMDW,GFS,2026-05-07 12:00:00+00:00,2026-05-08,1,67.6,65.0,2.5999999999999943,2.5999999999999943
KMDW,GFS,2026-05-07 18:00:00+00:00,2026-05-08,1,63.9,65.0,-1.1000000000000014,1.1000000000000014
KMDW,GFS,2026-05-08 00:00:00+00:00,2026-05-08,1,66.8,65.0,1.7999999999999972,1.7999999999999972
KMDW,HRRR,2026-05-07 06:00:00+00:00,2026-05-08,1,67.52933471679691,65.0,2.5293347167969102,2.5293347167969102
KMDW,HRRR,2026-05-07 21:00:00+00:00,2026-05-08,1,58.90506713867192,65.0,-6.094932861328083,6.094932861328083
KMDW,HRRR,2026-05-08 04:00:00+00:00,2026-05-08,1,70.28563964843754,65.0,5.285639648437538,5.285639648437538
KMDW,NBM,2026-05-07 06:00:00+00:00,2026-05-08,1,67.54998901367192,65.0,2.5499890136719188,2.5499890136719188
KMDW,NBM,2026-05-07 12:00:00+00:00,2026-05-08,1,67.73000000000005,65.0,2.7300000000000466,2.7300000000000466
KMDW,NBM,2026-05-07 18:00:00+00:00,2026-05-08,1,67.73000000000005,65.0,2.7300000000000466,2.7300000000000466
KMDW,NBM,2026-05-08 00:00:00+00:00,2026-05-08,1,67.54998901367192,65.0,2.5499890136719188,2.5499890136719188
KMDW,GFS,2026-05-06 06:00:00+00:00,2026-05-08,2,60.8,65.0,-4.200000000000003,4.200000000000003
KMDW,GFS,2026-05-06 12:00:00+00:00,2026-05-08,2,62.6,65.0,-2.3999999999999986,2.3999999999999986
KMDW,GFS,2026-05-06 18:00:00+00:00,2026-05-08,2,60.1,65.0,-4.899999999999999,4.899999999999999
KMDW,GFS,2026-05-07 00:00:00+00:00,2026-05-08,2,59.2,65.0,-5.799999999999997,5.799999999999997
KMDW,NBM,2026-05-06 06:00:00+00:00,2026-05-08,2,65.39002197265629,65.0,0.39002197265628524,0.39002197265628524
KMDW,NBM,2026-05-06 12:00:00+00:00,2026-05-08,2,65.39002197265629,65.0,0.39002197265628524,0.39002197265628524
KMDW,GFS,2026-05-05 06:00:00+00:00,2026-05-08,3,61.0,65.0,-4.0,4.0
KMDW,GFS,2026-05-05 18:00:00+00:00,2026-05-08,3,58.5,65.0,-6.5,6.5
KMDW,GFS,2026-05-06 00:00:00+00:00,2026-05-08,3,60.8,65.0,-4.200000000000003,4.200000000000003
KMDW,NBM,2026-05-05 06:00:00+00:00,2026-05-08,3,65.93000000000004,65.0,0.9300000000000352,0.9300000000000352
KMDW,GFS,2026-05-04 06:00:00+00:00,2026-05-08,4,59.4,65.0,-5.600000000000001,5.600000000000001
KMDW,GFS,2026-05-04 12:00:00+00:00,2026-05-08,4,58.3,65.0,-6.700000000000003,6.700000000000003
KMDW,GFS,2026-05-04 18:00:00+00:00,2026-05-08,4,64.1,65.0,-0.9000000000000057,0.9000000000000057
KMDW,GFS,2026-05-05 00:00:00+00:00,2026-05-08,4,60.1,65.0,-4.899999999999999,4.899999999999999
KMDW,NBM,2026-05-04 06:00:00+00:00,2026-05-08,4,65.51427734375004,65.0,0.5142773437500381,0.5142773437500381
KMDW,NBM,2026-05-04 12:00:00+00:00,2026-05-08,4,67.42139404296879,65.0,2.4213940429687852,2.4213940429687852
KMDW,NBM,2026-05-04 18:00:00+00:00,2026-05-08,4,67.42326171875004,65.0,2.423261718750041,2.423261718750041
KMDW,NBM,2026-05-05 00:00:00+00:00,2026-05-08,4,66.78869140625004,65.0,1.788691406250038,1.788691406250038
KMDW,GFS,2026-05-03 06:00:00+00:00,2026-05-08,5,62.2,65.0,-2.799999999999997,2.799999999999997
KMDW,GFS,2026-05-03 12:00:00+00:00,2026-05-08,5,58.5,65.0,-6.5,6.5
KMDW,GFS,2026-05-03 18:00:00+00:00,2026-05-08,5,64.3,65.0,-0.7000000000000028,0.7000000000000028
KMDW,GFS,2026-05-04 00:00:00+00:00,2026-05-08,5,55.1,65.0,-9.899999999999999,9.899999999999999
KMDW,NBM,2026-05-03 06:00:00+00:00,2026-05-08,5,63.18275878906254,65.0,-1.8172412109374605,1.8172412109374605
KMDW,NBM,2026-05-03 12:00:00+00:00,2026-05-08,5,64.38092773437504,65.0,-0.6190722656249648,0.6190722656249648
KMDW,NBM,2026-05-03 18:00:00+00:00,2026-05-08,5,63.60479858398442,65.0,-1.3952014160155812,1.3952014160155812
KMDW,NBM,2026-05-04 00:00:00+00:00,2026-05-08,5,63.68609741210942,65.0,-1.3139025878905812,1.3139025878905812
KMDW,GFS,2026-05-02 18:00:00+00:00,2026-05-08,6,50.0,65.0,-15.0,15.0
KMDW,GFS,2026-05-03 00:00:00+00:00,2026-05-08,6,58.3,65.0,-6.700000000000003,6.700000000000003
KMDW,NBM,2026-05-02 06:00:00+00:00,2026-05-08,6,63.92949951171879,65.0,-1.070500488281212,1.070500488281212
KMDW,NBM,2026-05-02 12:00:00+00:00,2026-05-08,6,64.37922485351567,65.0,-0.6207751464843341,0.6207751464843341
KMDW,NBM,2026-05-02 18:00:00+00:00,2026-05-08,6,62.327912597656294,65.0,-2.6720874023437062,2.6720874023437062
KMDW,NBM,2026-05-03 00:00:00+00:00,2026-05-08,6,64.04150512695317,65.0,-0.9584948730468312,0.9584948730468312
KMIA,GFS,2026-05-08 06:00:00+00:00,2026-05-08,0,92.2,93.0,-0.7999999999999972,0.7999999999999972
KMIA,GFS,2026-05-08 12:00:00+00:00,2026-05-08,0,92.3,93.0,-0.7000000000000028,0.7000000000000028
KMIA,GFS,2026-05-08 18:00:00+00:00,2026-05-08,0,90.5,93.0,-2.5,2.5
KMIA,GFS,2026-05-09 00:00:00+00:00,2026-05-08,0,82.4,93.0,-10.599999999999994,10.599999999999994
KMIA,HRRR,2026-05-08 04:00:00+00:00,2026-05-08,0,92.08355834960942,93.0,-0.9164416503905812,0.9164416503905812
KMIA,HRRR,2026-05-08 05:00:00+00:00,2026-05-08,0,91.99363525390629,93.0,-1.006364746093709,1.006364746093709
KMIA,HRRR,2026-05-08 06:00:00+00:00,2026-05-08,0,91.97303588867192,93.0,-1.026964111328084,1.026964111328084
KMIA,HRRR,2026-05-08 07:00:00+00:00,2026-05-08,0,92.31998413085941,93.0,-0.6800158691405898,0.6800158691405898
KMIA,HRRR,2026-05-08 08:00:00+00:00,2026-05-08,0,92.08608520507816,93.0,-0.9139147949218369,0.9139147949218369
KMIA,HRRR,2026-05-08 09:00:00+00:00,2026-05-08,0,91.80697753906254,93.0,-1.1930224609374562,1.1930224609374562
KMIA,HRRR,2026-05-08 10:00:00+00:00,2026-05-08,0,92.20715454101567,93.0,-0.7928454589843312,0.7928454589843312
KMIA,HRRR,2026-05-08 11:00:00+00:00,2026-05-08,0,92.0520825195313,93.0,-0.9479174804687034,0.9479174804687034
KMIA,HRRR,2026-05-08 12:00:00+00:00,2026-05-08,0,92.16474731445317,93.0,-0.8352526855468341,0.8352526855468341
KMIA,HRRR,2026-05-08 13:00:00+00:00,2026-05-08,0,92.16727416992191,93.0,-0.8327258300780898,0.8327258300780898
KMIA,HRRR,2026-05-08 14:00:00+00:00,2026-05-08,0,92.89094360351567,93.0,-0.10905639648433407,0.10905639648433407
KMIA,HRRR,2026-05-08 15:00:00+00:00,2026-05-08,0,92.21275756835942,93.0,-0.7872424316405784,0.7872424316405784
KMIA,HRRR,2026-05-08 16:00:00+00:00,2026-05-08,0,91.66179321289067,93.0,-1.3382067871093284,1.3382067871093284
KMIA,HRRR,2026-05-08 17:00:00+00:00,2026-05-08,0,90.1112377929688,93.0,-2.8887622070312062,2.8887622070312062
KMIA,HRRR,2026-05-08 18:00:00+00:00,2026-05-08,0,89.67546508789067,93.0,-3.3245349121093284,3.3245349121093284
KMIA,HRRR,2026-05-08 19:00:00+00:00,2026-05-08,0,89.36949584960942,93.0,-3.6305041503905784,3.6305041503905784
KMIA,HRRR,2026-05-09 00:00:00+00:00,2026-05-08,0,80.72111328125004,93.0,-12.278886718749959,12.278886718749959
KMIA,HRRR,2026-05-09 01:00:00+00:00,2026-05-08,0,80.41624267578129,93.0,-12.583757324218709,12.583757324218709
KMIA,HRRR,2026-05-09 02:00:00+00:00,2026-05-08,0,78.81531494140629,93.0,-14.184685058593715,14.184685058593715
KMIA,NBM,2026-05-08 06:00:00+00:00,2026-05-08,0,92.93000000000004,93.0,-0.06999999999996476,0.06999999999996476
KMIA,NBM,2026-05-08 12:00:00+00:00,2026-05-08,0,92.74998901367192,93.0,-0.2500109863280784,0.2500109863280784
KMIA,GFS,2026-05-07 06:00:00+00:00,2026-05-08,1,90.1,93.0,-2.9000000000000057,2.9000000000000057
KMIA,GFS,2026-05-07 12:00:00+00:00,2026-05-08,1,91.2,93.0,-1.7999999999999972,1.7999999999999972
KMIA,GFS,2026-05-07 18:00:00+00:00,2026-05-08,1,92.7,93.0,-0.29999999999999716,0.29999999999999716
KMIA,GFS,2026-05-08 00:00:00+00:00,2026-05-08,1,90.8,93.0,-2.200000000000003,2.200000000000003
KMIA,HRRR,2026-05-07 06:00:00+00:00,2026-05-08,1,91.14104125976567,93.0,-1.8589587402343284,1.8589587402343284
KMIA,HRRR,2026-05-07 21:00:00+00:00,2026-05-08,1,85.34256713867191,93.0,-7.65743286132809,7.65743286132809
KMIA,NBM,2026-05-07 06:00:00+00:00,2026-05-08,1,92.03000000000004,93.0,-0.9699999999999562,0.9699999999999562
KMIA,NBM,2026-05-07 12:00:00+00:00,2026-05-08,1,92.39002197265629,93.0,-0.6099780273437148,0.6099780273437148
KMIA,NBM,2026-05-07 18:00:00+00:00,2026-05-08,1,92.5699780273438,93.0,-0.43002197265620623,0.43002197265620623
KMIA,NBM,2026-05-08 00:00:00+00:00,2026-05-08,1,92.39002197265629,93.0,-0.6099780273437148,0.6099780273437148
KMIA,GFS,2026-05-06 06:00:00+00:00,2026-05-08,2,92.5,93.0,-0.5,0.5
KMIA,GFS,2026-05-06 12:00:00+00:00,2026-05-08,2,93.0,93.0,0.0,0.0
KMIA,GFS,2026-05-06 18:00:00+00:00,2026-05-08,2,92.1,93.0,-0.9000000000000057,0.9000000000000057
KMIA,GFS,2026-05-07 00:00:00+00:00,2026-05-08,2,93.2,93.0,0.20000000000000284,0.20000000000000284
KMIA,NBM,2026-05-06 06:00:00+00:00,2026-05-08,2,91.66997802734379,93.0,-1.330021972656212,1.330021972656212
KMIA,NBM,2026-05-06 12:00:00+00:00,2026-05-08,2,91.66997802734379,93.0,-1.330021972656212,1.330021972656212
KMIA,GFS,2026-05-05 06:00:00+00:00,2026-05-08,3,92.6,93.0,-0.4000000000000057,0.4000000000000057
KMIA,GFS,2026-05-05 18:00:00+00:00,2026-05-08,3,93.2,93.0,0.20000000000000284,0.20000000000000284
KMIA,GFS,2026-05-06 00:00:00+00:00,2026-05-08,3,92.5,93.0,-0.5,0.5
KMIA,NBM,2026-05-05 06:00:00+00:00,2026-05-08,3,91.4900219726563,93.0,-1.5099780273437062,1.5099780273437062
KMIA,GFS,2026-05-04 06:00:00+00:00,2026-05-08,4,94.1,93.0,1.0999999999999943,1.0999999999999943
KMIA,GFS,2026-05-04 12:00:00+00:00,2026-05-08,4,94.1,93.0,1.0999999999999943,1.0999999999999943
KMIA,GFS,2026-05-04 18:00:00+00:00,2026-05-08,4,93.5,93.0,0.5,0.5
KMIA,GFS,2026-05-05 00:00:00+00:00,2026-05-08,4,93.7,93.0,0.7000000000000028,0.7000000000000028
KMIA,NBM,2026-05-04 06:00:00+00:00,2026-05-08,4,91.43426635742192,93.0,-1.5657336425780812,1.5657336425780812
KMIA,NBM,2026-05-04 12:00:00+00:00,2026-05-08,4,91.18141601562505,93.0,-1.8185839843749534,1.8185839843749534
KMIA,NBM,2026-05-04 18:00:00+00:00,2026-05-08,4,91.18328369140629,93.0,-1.816716308593712,1.816716308593712
KMIA,NBM,2026-05-05 00:00:00+00:00,2026-05-08,4,90.54871337890629,93.0,-2.4512866210937148,2.4512866210937148
KMIA,GFS,2026-05-03 06:00:00+00:00,2026-05-08,5,93.5,93.0,0.5,0.5
KMIA,GFS,2026-05-03 12:00:00+00:00,2026-05-08,5,93.7,93.0,0.7000000000000028,0.7000000000000028
KMIA,GFS,2026-05-03 18:00:00+00:00,2026-05-08,5,93.7,93.0,0.7000000000000028,0.7000000000000028
KMIA,GFS,2026-05-04 00:00:00+00:00,2026-05-08,5,93.5,93.0,0.5,0.5
KMIA,NBM,2026-05-03 06:00:00+00:00,2026-05-08,5,90.54278076171879,93.0,-2.457219238281212,2.457219238281212
KMIA,NBM,2026-05-03 12:00:00+00:00,2026-05-08,5,90.30091674804692,93.0,-2.699083251953084,2.699083251953084
KMIA,NBM,2026-05-03 18:00:00+00:00,2026-05-08,5,90.96482055664066,93.0,-2.0351794433593398,2.0351794433593398
KMIA,NBM,2026-05-04 00:00:00+00:00,2026-05-08,5,91.04611938476566,93.0,-1.9538806152343398,1.9538806152343398
KMIA,GFS,2026-05-02 06:00:00+00:00,2026-05-08,6,93.2,93.0,0.20000000000000284,0.20000000000000284
KMIA,GFS,2026-05-02 12:00:00+00:00,2026-05-08,6,94.1,93.0,1.0999999999999943,1.0999999999999943
KMIA,GFS,2026-05-02 18:00:00+00:00,2026-05-08,6,92.6,93.0,-0.4000000000000057,0.4000000000000057
KMIA,GFS,2026-05-03 00:00:00+00:00,2026-05-08,6,93.7,93.0,0.7000000000000028,0.7000000000000028
KMIA,NBM,2026-05-02 06:00:00+00:00,2026-05-08,6,90.56953247070317,93.0,-2.430467529296834,2.430467529296834
KMIA,NBM,2026-05-02 12:00:00+00:00,2026-05-08,6,90.29921386718755,93.0,-2.7007861328124534,2.7007861328124534
KMIA,NBM,2026-05-02 18:00:00+00:00,2026-05-08,6,90.4078686523438,93.0,-2.5921313476562062,2.5921313476562062
KMIA,NBM,2026-05-03 00:00:00+00:00,2026-05-08,6,90.68148315429691,93.0,-2.318516845703087,2.318516845703087
KMIA,GFS,2026-05-01 18:00:00+00:00,2026-05-08,7,93.2,93.0,0.20000000000000284,0.20000000000000284
KMIA,GFS,2026-05-02 00:00:00+00:00,2026-05-08,7,95.8,93.0,2.799999999999997,2.799999999999997
KMIA,NBM,2026-05-01 06:00:00+00:00,2026-05-08,7,90.7319653320313,93.0,-2.2680346679687062,2.2680346679687062
KMIA,NBM,2026-05-01 12:00:00+00:00,2026-05-08,7,89.97835815429691,93.0,-3.021641845703087,3.021641845703087
KMIA,NBM,2026-05-01 18:00:00+00:00,2026-05-08,7,90.39144409179691,93.0,-2.608555908203087,2.608555908203087
KMIA,NBM,2026-05-02 00:00:00+00:00,2026-05-08,7,90.58112304687504,93.0,-2.4188769531249648,2.4188769531249648
KNYC,GFS,2026-05-08 06:00:00+00:00,2026-05-08,0,62.7,63.0,-0.29999999999999716,0.29999999999999716
KNYC,GFS,2026-05-08 12:00:00+00:00,2026-05-08,0,62.7,63.0,-0.29999999999999716,0.29999999999999716
KNYC,GFS,2026-05-08 18:00:00+00:00,2026-05-08,0,62.4,63.0,-0.6000000000000014,0.6000000000000014
KNYC,GFS,2026-05-09 00:00:00+00:00,2026-05-08,0,56.6,63.0,-6.399999999999999,6.399999999999999
KNYC,HRRR,2026-05-08 04:00:00+00:00,2026-05-08,0,62.837293701171916,63.0,-0.16270629882808407,0.16270629882808407
KNYC,HRRR,2026-05-08 05:00:00+00:00,2026-05-08,0,63.205006103515665,63.0,0.2050061035156645,0.2050061035156645
KNYC,HRRR,2026-05-08 06:00:00+00:00,2026-05-08,0,63.00928466796879,63.0,0.009284667968792348,0.009284667968792348
KNYC,HRRR,2026-05-08 07:00:00+00:00,2026-05-08,0,63.44461791992192,63.0,0.44461791992191735,0.44461791992191735
KNYC,HRRR,2026-05-08 08:00:00+00:00,2026-05-08,0,63.98294799804692,63.0,0.9829479980469173,0.9829479980469173
KNYC,HRRR,2026-05-08 09:00:00+00:00,2026-05-08,0,63.335908203125044,63.0,0.33590820312504377,0.33590820312504377
KNYC,HRRR,2026-05-08 10:00:00+00:00,2026-05-08,0,62.888215332031294,63.0,-0.11178466796870623,0.11178466796870623
KNYC,HRRR,2026-05-08 11:00:00+00:00,2026-05-08,0,63.01104248046879,63.0,0.011042480468788085,0.011042480468788085
KNYC,HRRR,2026-05-08 12:00:00+00:00,2026-05-08,0,62.50677001953129,63.0,-0.4932299804687119,0.4932299804687119
KNYC,HRRR,2026-05-08 13:00:00+00:00,2026-05-08,0,63.73311889648441,63.0,0.7331188964844131,0.7331188964844131
KNYC,HRRR,2026-05-08 14:00:00+00:00,2026-05-08,0,63.201325683593794,63.0,0.20132568359379377,0.20132568359379377
KNYC,HRRR,2026-05-08 15:00:00+00:00,2026-05-08,0,62.645966796875044,63.0,-0.35403320312495623,0.35403320312495623
KNYC,HRRR,2026-05-08 16:00:00+00:00,2026-05-08,0,62.52242553710941,63.0,-0.4775744628905869,0.4775744628905869
KNYC,HRRR,2026-05-08 17:00:00+00:00,2026-05-08,0,62.864979248046915,63.0,-0.1350207519530855,0.1350207519530855
KNYC,HRRR,2026-05-08 18:00:00+00:00,2026-05-08,0,62.431348876953166,63.0,-0.5686511230468341,0.5686511230468341
KNYC,HRRR,2026-05-08 19:00:00+00:00,2026-05-08,0,63.94449584960942,63.0,0.9444958496094173,0.9444958496094173
KNYC,HRRR,2026-05-09 00:00:00+00:00,2026-05-08,0,56.08361328125004,63.0,-6.916386718749962,6.916386718749962
KNYC,HRRR,2026-05-09 01:00:00+00:00,2026-05-08,0,55.553742675781294,63.0,-7.446257324218706,7.446257324218706
KNYC,HRRR,2026-05-09 02:00:00+00:00,2026-05-08,0,54.51531494140629,63.0,-8.484685058593712,8.484685058593712
KNYC,NBM,2026-05-08 06:00:00+00:00,2026-05-08,0,65.93000000000004,63.0,2.9300000000000352,2.9300000000000352
KNYC,NBM,2026-05-08 12:00:00+00:00,2026-05-08,0,65.93000000000004,63.0,2.9300000000000352,2.9300000000000352
KNYC,GFS,2026-05-07 06:00:00+00:00,2026-05-08,1,60.1,63.0,-2.8999999999999986,2.8999999999999986
KNYC,GFS,2026-05-07 12:00:00+00:00,2026-05-08,1,60.2,63.0,-2.799999999999997,2.799999999999997
KNYC,GFS,2026-05-07 18:00:00+00:00,2026-05-08,1,63.4,63.0,0.3999999999999986,0.3999999999999986
KNYC,GFS,2026-05-08 00:00:00+00:00,2026-05-08,1,60.9,63.0,-2.1000000000000014,2.1000000000000014
KNYC,HRRR,2026-05-07 06:00:00+00:00,2026-05-08,1,60.31604125976567,63.0,-2.6839587402343312,2.6839587402343312
KNYC,HRRR,2026-05-07 21:00:00+00:00,2026-05-08,1,58.23006713867191,63.0,-4.769932861328087,4.769932861328087
KNYC,NBM,2026-05-07 06:00:00+00:00,2026-05-08,1,65.39002197265629,63.0,2.3900219726562852,2.3900219726562852
KNYC,NBM,2026-05-07 12:00:00+00:00,2026-05-08,1,65.03000000000004,63.0,2.0300000000000438,2.0300000000000438
KNYC,NBM,2026-05-07 18:00:00+00:00,2026-05-08,1,65.5699780273438,63.0,2.5699780273437938,2.5699780273437938
KNYC,NBM,2026-05-08 00:00:00+00:00,2026-05-08,1,64.84998901367192,63.0,1.849989013671916,1.849989013671916
KNYC,GFS,2026-05-06 06:00:00+00:00,2026-05-08,2,64.9,63.0,1.9000000000000057,1.9000000000000057
KNYC,GFS,2026-05-06 12:00:00+00:00,2026-05-08,2,64.5,63.0,1.5,1.5
KNYC,GFS,2026-05-06 18:00:00+00:00,2026-05-08,2,61.5,63.0,-1.5,1.5
KNYC,GFS,2026-05-07 00:00:00+00:00,2026-05-08,2,60.7,63.0,-2.299999999999997,2.299999999999997
KNYC,NBM,2026-05-06 12:00:00+00:00,2026-05-08,2,65.5699780273438,63.0,2.5699780273437938,2.5699780273437938
KNYC,GFS,2026-05-05 06:00:00+00:00,2026-05-08,3,68.8,63.0,5.799999999999997,5.799999999999997
KNYC,GFS,2026-05-05 18:00:00+00:00,2026-05-08,3,67.2,63.0,4.200000000000003,4.200000000000003
KNYC,GFS,2026-05-06 00:00:00+00:00,2026-05-08,3,64.9,63.0,1.9000000000000057,1.9000000000000057
KNYC,NBM,2026-05-06 00:00:00+00:00,2026-05-08,3,65.93000000000004,63.0,2.9300000000000352,2.9300000000000352
KNYC,GFS,2026-05-04 06:00:00+00:00,2026-05-08,4,61.3,63.0,-1.7000000000000028,1.7000000000000028
KNYC,GFS,2026-05-04 12:00:00+00:00,2026-05-08,4,64.2,63.0,1.2000000000000028,1.2000000000000028
KNYC,GFS,2026-05-04 18:00:00+00:00,2026-05-08,4,65.4,63.0,2.4000000000000057,2.4000000000000057
KNYC,GFS,2026-05-05 00:00:00+00:00,2026-05-08,4,66.7,63.0,3.700000000000003,3.700000000000003
KNYC,NBM,2026-05-04 06:00:00+00:00,2026-05-08,4,66.23426635742192,63.0,3.234266357421916,3.234266357421916
KNYC,NBM,2026-05-04 12:00:00+00:00,2026-05-08,4,67.42139404296879,63.0,4.421394042968785,4.421394042968785
KNYC,NBM,2026-05-04 18:00:00+00:00,2026-05-08,4,66.70327270507816,63.0,3.703272705078163,3.703272705078163
KNYC,NBM,2026-05-05 00:00:00+00:00,2026-05-08,4,67.50868041992192,63.0,4.508680419921916,4.508680419921916
KNYC,GFS,2026-05-03 06:00:00+00:00,2026-05-08,5,65.3,63.0,2.299999999999997,2.299999999999997
KNYC,GFS,2026-05-03 12:00:00+00:00,2026-05-08,5,62.3,63.0,-0.7000000000000028,0.7000000000000028
KNYC,GFS,2026-05-03 18:00:00+00:00,2026-05-08,5,65.1,63.0,2.0999999999999943,2.0999999999999943
KNYC,GFS,2026-05-04 00:00:00+00:00,2026-05-08,5,62.8,63.0,-0.20000000000000284,0.20000000000000284
KNYC,NBM,2026-05-03 06:00:00+00:00,2026-05-08,5,65.34278076171879,63.0,2.3427807617187852,2.3427807617187852
KNYC,NBM,2026-05-03 12:00:00+00:00,2026-05-08,5,65.10091674804691,63.0,2.100916748046913,2.100916748046913
KNYC,NBM,2026-05-03 18:00:00+00:00,2026-05-08,5,65.0448315429688,63.0,2.0448315429687938,2.0448315429687938
KNYC,NBM,2026-05-04 00:00:00+00:00,2026-05-08,5,65.84611938476567,63.0,2.8461193847656716,2.8461193847656716
KNYC,GFS,2026-05-02 06:00:00+00:00,2026-05-08,6,63.1,63.0,0.10000000000000142,0.10000000000000142
KNYC,GFS,2026-05-02 12:00:00+00:00,2026-05-08,6,64.7,63.0,1.7000000000000028,1.7000000000000028
KNYC,GFS,2026-05-02 18:00:00+00:00,2026-05-08,6,62.9,63.0,-0.10000000000000142,0.10000000000000142
KNYC,GFS,2026-05-03 00:00:00+00:00,2026-05-08,6,57.9,63.0,-5.100000000000001,5.100000000000001
KNYC,NBM,2026-05-02 06:00:00+00:00,2026-05-08,6,65.36953247070316,63.0,2.369532470703163,2.369532470703163
KNYC,NBM,2026-05-02 12:00:00+00:00,2026-05-08,6,65.09921386718754,63.0,2.0992138671875438,2.0992138671875438
KNYC,NBM,2026-05-02 18:00:00+00:00,2026-05-08,6,64.48787963867191,63.0,1.487879638671913,1.487879638671913
KNYC,NBM,2026-05-03 00:00:00+00:00,2026-05-08,6,64.76149414062505,63.0,1.7614941406250466,1.7614941406250466
KNYC,GFS,2026-05-01 18:00:00+00:00,2026-05-08,7,60.9,63.0,-2.1000000000000014,2.1000000000000014
KNYC,GFS,2026-05-02 00:00:00+00:00,2026-05-08,7,66.6,63.0,3.5999999999999943,3.5999999999999943
KNYC,NBM,2026-05-01 06:00:00+00:00,2026-05-08,7,64.8119213867188,63.0,1.8119213867187938,1.8119213867187938
KNYC,NBM,2026-05-01 12:00:00+00:00,2026-05-08,7,64.77835815429691,63.0,1.7783581542969102,1.7783581542969102
KNYC,NBM,2026-05-01 18:00:00+00:00,2026-05-08,7,64.47145507812505,63.0,1.4714550781250466,1.4714550781250466
KNYC,NBM,2026-05-02 00:00:00+00:00,2026-05-08,7,64.66113403320317,63.0,1.6611340332031688,1.6611340332031688
KMDW,HRRR,2026-05-09 05:00:00+00:00,2026-05-09,0,72.85715454101566,76.0,-3.1428454589843398,3.1428454589843398
KMDW,HRRR,2026-05-09 06:00:00+00:00,2026-05-09,0,72.93493774414067,76.0,-3.0650622558593312,3.0650622558593312
KMDW,HRRR,2026-05-09 07:00:00+00:00,2026-05-09,0,74.72834594726567,76.0,-1.271654052734334,1.271654052734334
KMDW,HRRR,2026-05-09 08:00:00+00:00,2026-05-09,0,74.60612304687504,76.0,-1.393876953124959,1.393876953124959
KMDW,HRRR,2026-05-09 09:00:00+00:00,2026-05-09,0,75.37170532226567,76.0,-0.6282946777343312,0.6282946777343312
KMDW,HRRR,2026-05-09 18:00:00+00:00,2026-05-09,0,74.80645874023442,76.0,-1.1935412597655812,1.1935412597655812
KMDW,HRRR,2026-05-09 19:00:00+00:00,2026-05-09,0,74.18463256835942,76.0,-1.8153674316405812,1.8153674316405812
KMDW,HRRR,2026-05-09 20:00:00+00:00,2026-05-09,0,73.17779052734379,76.0,-2.822209472656212,2.822209472656212
KMDW,HRRR,2026-05-09 21:00:00+00:00,2026-05-09,0,72.25779541015629,76.0,-3.742204589843709,3.742204589843709
KMDW,HRRR,2026-05-09 22:00:00+00:00,2026-05-09,0,71.96078002929691,76.0,-4.039219970703087,4.039219970703087
KMDW,HRRR,2026-05-09 23:00:00+00:00,2026-05-09,0,68.46168945312505,76.0,-7.538310546874953,7.538310546874953
KMDW,HRRR,2026-05-10 00:00:00+00:00,2026-05-09,0,59.957996826171915,76.0,-16.042003173828085,16.042003173828085
KMDW,HRRR,2026-05-10 01:00:00+00:00,2026-05-09,0,55.481947021484416,76.0,-20.518052978515584,20.518052978515584
KMDW,HRRR,2026-05-10 02:00:00+00:00,2026-05-09,0,52.05327880859379,76.0,-23.946721191406212,23.946721191406212
KMDW,HRRR,2026-05-10 03:00:00+00:00,2026-05-09,0,50.66691406250004,76.0,-25.33308593749996,25.33308593749996
KMDW,NBM,2026-05-09 12:00:00+00:00,2026-05-09,0,74.74998901367192,76.0,-1.2500109863280784,1.2500109863280784
KMDW,GFS,2026-05-08 06:00:00+00:00,2026-05-09,1,75.9,76.0,-0.09999999999999432,0.09999999999999432
KMDW,GFS,2026-05-08 12:00:00+00:00,2026-05-09,1,73.8,76.0,-2.200000000000003,2.200000000000003
KMDW,GFS,2026-05-08 18:00:00+00:00,2026-05-09,1,75.6,76.0,-0.4000000000000057,0.4000000000000057
KMDW,GFS,2026-05-09 00:00:00+00:00,2026-05-09,1,75.1,76.0,-0.9000000000000057,0.9000000000000057
KMDW,HRRR,2026-05-08 06:00:00+00:00,2026-05-09,1,56.007862548828165,76.0,-19.992137451171835,19.992137451171835
KMDW,HRRR,2026-05-08 11:00:00+00:00,2026-05-09,1,54.704499511718794,76.0,-21.295500488281206,21.295500488281206
KMDW,HRRR,2026-05-08 12:00:00+00:00,2026-05-09,1,75.55402343750004,76.0,-0.44597656249996476,0.44597656249996476
KMDW,HRRR,2026-05-08 13:00:00+00:00,2026-05-09,1,53.92617309570316,76.0,-22.073826904296837,22.073826904296837
KMDW,HRRR,2026-05-08 14:00:00+00:00,2026-05-09,1,54.357496337890666,76.0,-21.642503662109334,21.642503662109334
KMDW,HRRR,2026-05-08 15:00:00+00:00,2026-05-09,1,55.263154296875044,76.0,-20.736845703124956,20.736845703124956
KMDW,HRRR,2026-05-08 16:00:00+00:00,2026-05-09,1,55.133131103515666,76.0,-20.866868896484334,20.866868896484334
KMDW,HRRR,2026-05-08 17:00:00+00:00,2026-05-09,1,53.45799072265629,76.0,-22.54200927734371,22.54200927734371
KMDW,HRRR,2026-05-08 18:00:00+00:00,2026-05-09,1,74.99871948242192,76.0,-1.0012805175780812,1.0012805175780812
KMDW,HRRR,2026-05-08 19:00:00+00:00,2026-05-09,1,58.389478759765666,76.0,-17.610521240234334,17.610521240234334
KMDW,HRRR,2026-05-09 00:00:00+00:00,2026-05-09,1,72.74289672851566,76.0,-3.2571032714843398,3.2571032714843398
KMDW,HRRR,2026-05-09 01:00:00+00:00,2026-05-09,1,73.64882934570316,76.0,-2.351170654296837,2.351170654296837
KMDW,HRRR,2026-05-09 02:00:00+00:00,2026-05-09,1,73.97578247070317,76.0,-2.024217529296834,2.024217529296834
KMDW,HRRR,2026-05-09 03:00:00+00:00,2026-05-09,1,72.85957153320317,76.0,-3.140428466796834,3.140428466796834
KMDW,HRRR,2026-05-09 04:00:00+00:00,2026-05-09,1,72.98629882812504,76.0,-3.0137011718749562,3.0137011718749562
KMDW,NBM,2026-05-08 06:00:00+00:00,2026-05-09,1,73.66997802734379,76.0,-2.330021972656212,2.330021972656212
KMDW,NBM,2026-05-08 12:00:00+00:00,2026-05-09,1,73.84998901367192,76.0,-2.150010986328084,2.150010986328084
KMDW,NBM,2026-05-08 18:00:00+00:00,2026-05-09,1,74.93000000000004,76.0,-1.0699999999999648,1.0699999999999648
KMDW,GFS,2026-05-07 06:00:00+00:00,2026-05-09,2,75.8,76.0,-0.20000000000000284,0.20000000000000284
KMDW,GFS,2026-05-07 12:00:00+00:00,2026-05-09,2,75.0,76.0,-1.0,1.0
KMDW,GFS,2026-05-07 18:00:00+00:00,2026-05-09,2,72.3,76.0,-3.700000000000003,3.700000000000003
KMDW,GFS,2026-05-08 00:00:00+00:00,2026-05-09,2,71.7,76.0,-4.299999999999997,4.299999999999997
KMDW,HRRR,2026-05-07 06:00:00+00:00,2026-05-09,2,51.50280883789067,76.0,-24.49719116210933,24.49719116210933
KMDW,NBM,2026-05-07 06:00:00+00:00,2026-05-09,2,74.03000000000004,76.0,-1.9699999999999562,1.9699999999999562
KMDW,NBM,2026-05-07 12:00:00+00:00,2026-05-09,2,74.03000000000004,76.0,-1.9699999999999562,1.9699999999999562
KMDW,NBM,2026-05-07 18:00:00+00:00,2026-05-09,2,73.31001098632817,76.0,-2.689989013671834,2.689989013671834
KMDW,NBM,2026-05-08 00:00:00+00:00,2026-05-09,2,73.4900219726563,76.0,-2.5099780273437062,2.5099780273437062
KMDW,GFS,2026-05-06 06:00:00+00:00,2026-05-09,3,70.9,76.0,-5.099999999999994,5.099999999999994
KMDW,GFS,2026-05-06 12:00:00+00:00,2026-05-09,3,72.0,76.0,-4.0,4.0
KMDW,GFS,2026-05-06 18:00:00+00:00,2026-05-09,3,74.5,76.0,-1.5,1.5
KMDW,GFS,2026-05-07 00:00:00+00:00,2026-05-09,3,75.8,76.0,-0.20000000000000284,0.20000000000000284
KMDW,NBM,2026-05-06 06:00:00+00:00,2026-05-09,3,75.11001098632816,76.0,-0.8899890136718369,0.8899890136718369
KMDW,NBM,2026-05-06 12:00:00+00:00,2026-05-09,3,75.46997802734379,76.0,-0.5300219726562148,0.5300219726562148
KMDW,GFS,2026-05-05 06:00:00+00:00,2026-05-09,4,71.8,76.0,-4.200000000000003,4.200000000000003
KMDW,GFS,2026-05-05 18:00:00+00:00,2026-05-09,4,75.0,76.0,-1.0,1.0
KMDW,GFS,2026-05-06 00:00:00+00:00,2026-05-09,4,70.9,76.0,-5.099999999999994,5.099999999999994
KMDW,NBM,2026-05-05 06:00:00+00:00,2026-05-09,4,74.93000000000004,76.0,-1.0699999999999648,1.0699999999999648
KMDW,GFS,2026-05-04 06:00:00+00:00,2026-05-09,5,69.6,76.0,-6.400000000000006,6.400000000000006
KMDW,GFS,2026-05-04 12:00:00+00:00,2026-05-09,5,68.4,76.0,-7.599999999999994,7.599999999999994
KMDW,GFS,2026-05-04 18:00:00+00:00,2026-05-09,5,70.4,76.0,-5.599999999999994,5.599999999999994
KMDW,GFS,2026-05-05 00:00:00+00:00,2026-05-09,5,69.1,76.0,-6.900000000000006,6.900000000000006
KMDW,NBM,2026-05-04 06:00:00+00:00,2026-05-09,5,69.09642456054692,76.0,-6.903575439453078,6.903575439453078
KMDW,NBM,2026-05-04 12:00:00+00:00,2026-05-09,5,70.47449462890629,76.0,-5.525505371093715,5.525505371093715
KMDW,NBM,2026-05-04 18:00:00+00:00,2026-05-09,5,71.28374755859379,76.0,-4.716252441406212,4.716252441406212
KMDW,NBM,2026-05-05 00:00:00+00:00,2026-05-09,5,72.36809814453129,76.0,-3.631901855468712,3.631901855468712
KMDW,GFS,2026-05-03 06:00:00+00:00,2026-05-09,6,67.5,76.0,-8.5,8.5
KMDW,GFS,2026-05-03 12:00:00+00:00,2026-05-09,6,69.6,76.0,-6.400000000000006,6.400000000000006
KMDW,GFS,2026-05-03 18:00:00+00:00,2026-05-09,6,70.4,76.0,-5.599999999999994,5.599999999999994
KMDW,GFS,2026-05-04 00:00:00+00:00,2026-05-09,6,66.9,76.0,-9.099999999999994,9.099999999999994
KMDW,NBM,2026-05-03 06:00:00+00:00,2026-05-09,6,67.41326416015629,76.0,-8.586735839843712,8.586735839843712
KMDW,NBM,2026-05-03 12:00:00+00:00,2026-05-09,6,67.15838134765629,76.0,-8.841618652343712,8.841618652343712
KMDW,NBM,2026-05-03 18:00:00+00:00,2026-05-09,6,67.93637817382816,76.0,-8.06362182617184,8.06362182617184
KMDW,NBM,2026-05-04 00:00:00+00:00,2026-05-09,6,68.31507690429692,76.0,-7.684923095703084,7.684923095703084
KMDW,GFS,2026-05-02 18:00:00+00:00,2026-05-09,7,65.1,76.0,-10.900000000000006,10.900000000000006
KMDW,GFS,2026-05-03 00:00:00+00:00,2026-05-09,7,56.0,76.0,-20.0,20.0
KMDW,NBM,2026-05-02 06:00:00+00:00,2026-05-09,7,67.96148193359379,76.0,-8.038518066406212,8.038518066406212
KMDW,NBM,2026-05-02 12:00:00+00:00,2026-05-09,7,68.15555541992191,76.0,-7.84444458007809,7.84444458007809
KMDW,NBM,2026-05-02 18:00:00+00:00,2026-05-09,7,67.56992919921879,76.0,-8.430070800781209,8.430070800781209
KMDW,NBM,2026-05-03 00:00:00+00:00,2026-05-09,7,67.14893310546879,76.0,-8.851066894531215,8.851066894531215
KMIA,HRRR,2026-05-09 04:00:00+00:00,2026-05-09,0,88.72893798828129,91.0,-2.271062011718712,2.271062011718712
KMIA,HRRR,2026-05-09 05:00:00+00:00,2026-05-09,0,88.48213012695317,91.0,-2.517869873046834,2.517869873046834
KMIA,HRRR,2026-05-09 06:00:00+00:00,2026-05-09,0,89.09961669921879,91.0,-1.9003833007812148,1.9003833007812148
KMIA,HRRR,2026-05-09 07:00:00+00:00,2026-05-09,0,89.18635375976567,91.0,-1.813646240234334,1.813646240234334
KMIA,HRRR,2026-05-09 08:00:00+00:00,2026-05-09,0,88.99557617187504,91.0,-2.0044238281249562,2.0044238281249562
KMIA,HRRR,2026-05-09 09:00:00+00:00,2026-05-09,0,89.3098950195313,91.0,-1.6901049804687034,1.6901049804687034
KMIA,HRRR,2026-05-09 18:00:00+00:00,2026-05-09,0,88.41126831054692,91.0,-2.588731689453084,2.588731689453084
KMIA,HRRR,2026-05-09 19:00:00+00:00,2026-05-09,0,88.03916137695316,91.0,-2.9608386230468398,2.9608386230468398
KMIA,HRRR,2026-05-09 20:00:00+00:00,2026-05-09,0,87.0152905273438,91.0,-3.9847094726562062,3.9847094726562062
KMIA,HRRR,2026-05-09 21:00:00+00:00,2026-05-09,0,86.6577954101563,91.0,-4.342204589843703,4.342204589843703
KMIA,HRRR,2026-05-09 22:00:00+00:00,2026-05-09,0,85.57328002929691,91.0,-5.42671997070309,5.42671997070309
KMIA,HRRR,2026-05-09 23:00:00+00:00,2026-05-09,0,83.08668945312505,91.0,-7.913310546874953,7.913310546874953
KMIA,HRRR,2026-05-10 00:00:00+00:00,2026-05-09,0,82.23299682617191,91.0,-8.767003173828087,8.767003173828087
KMIA,HRRR,2026-05-10 01:00:00+00:00,2026-05-09,0,81.69444702148442,91.0,-9.305552978515578,9.305552978515578
KMIA,HRRR,2026-05-10 02:00:00+00:00,2026-05-09,0,81.0782788085938,91.0,-9.921721191406206,9.921721191406206
KMIA,NBM,2026-05-09 12:00:00+00:00,2026-05-09,0,92.03000000000004,91.0,1.0300000000000438,1.0300000000000438
KMIA,GFS,2026-05-08 06:00:00+00:00,2026-05-09,1,89.0,91.0,-2.0,2.0
KMIA,GFS,2026-05-08 12:00:00+00:00,2026-05-09,1,89.0,91.0,-2.0,2.0
KMIA,GFS,2026-05-08 18:00:00+00:00,2026-05-09,1,89.1,91.0,-1.9000000000000057,1.9000000000000057
KMIA,GFS,2026-05-09 00:00:00+00:00,2026-05-09,1,89.0,91.0,-2.0,2.0
KMIA,HRRR,2026-05-08 06:00:00+00:00,2026-05-09,1,76.9485180664063,91.0,-14.051481933593706,14.051481933593706
KMIA,HRRR,2026-05-08 10:00:00+00:00,2026-05-09,1,77.52755249023441,91.0,-13.472447509765587,13.472447509765587
KMIA,HRRR,2026-05-08 11:00:00+00:00,2026-05-09,1,77.53749511718755,91.0,-13.462504882812453,13.462504882812453
KMIA,HRRR,2026-05-08 12:00:00+00:00,2026-05-09,1,89.06358154296879,91.0,-1.936418457031209,1.936418457031209
KMIA,HRRR,2026-05-08 13:00:00+00:00,2026-05-09,1,76.88661010742192,91.0,-14.113389892578084,14.113389892578084
KMIA,HRRR,2026-05-08 14:00:00+00:00,2026-05-09,1,76.8485424804688,91.0,-14.151457519531206,14.151457519531206
KMIA,HRRR,2026-05-08 15:00:00+00:00,2026-05-09,1,76.66128051757816,91.0,-14.338719482421837,14.338719482421837
KMIA,HRRR,2026-05-08 16:00:00+00:00,2026-05-09,1,76.80816772460942,91.0,-14.191832275390581,14.191832275390581
KMIA,HRRR,2026-05-08 17:00:00+00:00,2026-05-09,1,76.28928344726566,91.0,-14.71071655273434,14.71071655273434
KMIA,HRRR,2026-05-08 18:00:00+00:00,2026-05-09,1,88.90312622070317,91.0,-2.0968737792968284,2.0968737792968284
KMIA,HRRR,2026-05-08 19:00:00+00:00,2026-05-09,1,81.45197875976567,91.0,-9.548021240234334,9.548021240234334
KMIA,HRRR,2026-05-09 00:00:00+00:00,2026-05-09,1,89.37542846679692,91.0,-1.6245715332030812,1.6245715332030812
KMIA,HRRR,2026-05-09 01:00:00+00:00,2026-05-09,1,88.87675903320317,91.0,-2.1232409667968284,2.1232409667968284
KMIA,HRRR,2026-05-09 02:00:00+00:00,2026-05-09,1,88.45642211914067,91.0,-2.5435778808593312,2.5435778808593312
KMIA,HRRR,2026-05-09 03:00:00+00:00,2026-05-09,1,88.75596435546879,91.0,-2.244035644531209,2.244035644531209
KMIA,NBM,2026-05-08 06:00:00+00:00,2026-05-09,1,92.03000000000004,91.0,1.0300000000000438,1.0300000000000438
KMIA,NBM,2026-05-08 12:00:00+00:00,2026-05-09,1,91.66997802734379,91.0,0.6699780273437881,0.6699780273437881
KMIA,NBM,2026-05-08 18:00:00+00:00,2026-05-09,1,92.03000000000004,91.0,1.0300000000000438,1.0300000000000438
KMIA,NBM,2026-05-09 00:00:00+00:00,2026-05-09,1,91.4900219726563,91.0,0.49002197265629377,0.49002197265629377
KMIA,GFS,2026-05-07 06:00:00+00:00,2026-05-09,2,89.0,91.0,-2.0,2.0
KMIA,GFS,2026-05-07 12:00:00+00:00,2026-05-09,2,89.4,91.0,-1.5999999999999943,1.5999999999999943
KMIA,GFS,2026-05-07 18:00:00+00:00,2026-05-09,2,89.9,91.0,-1.0999999999999943,1.0999999999999943
KMIA,GFS,2026-05-08 00:00:00+00:00,2026-05-09,2,89.8,91.0,-1.2000000000000028,1.2000000000000028
KMIA,HRRR,2026-05-07 06:00:00+00:00,2026-05-09,2,77.52321289062505,91.0,-13.476787109374953,13.476787109374953
KMIA,NBM,2026-05-07 06:00:00+00:00,2026-05-09,2,91.4900219726563,91.0,0.49002197265629377,0.49002197265629377
KMIA,NBM,2026-05-07 12:00:00+00:00,2026-05-09,2,91.4900219726563,91.0,0.49002197265629377,0.49002197265629377
KMIA,NBM,2026-05-07 18:00:00+00:00,2026-05-09,2,92.03000000000004,91.0,1.0300000000000438,1.0300000000000438
KMIA,NBM,2026-05-08 00:00:00+00:00,2026-05-09,2,91.4900219726563,91.0,0.49002197265629377,0.49002197265629377
KMIA,GFS,2026-05-06 06:00:00+00:00,2026-05-09,3,89.0,91.0,-2.0,2.0
KMIA,GFS,2026-05-06 12:00:00+00:00,2026-05-09,3,89.6,91.0,-1.4000000000000057,1.4000000000000057
KMIA,GFS,2026-05-06 18:00:00+00:00,2026-05-09,3,89.2,91.0,-1.7999999999999972,1.7999999999999972
KMIA,GFS,2026-05-07 00:00:00+00:00,2026-05-09,3,89.0,91.0,-2.0,2.0
KMIA,NBM,2026-05-06 06:00:00+00:00,2026-05-09,3,91.13000000000004,91.0,0.13000000000003809,0.13000000000003809
KMIA,NBM,2026-05-06 12:00:00+00:00,2026-05-09,3,91.31001098632817,91.0,0.3100109863281659,0.3100109863281659
KMIA,GFS,2026-05-05 06:00:00+00:00,2026-05-09,4,90.7,91.0,-0.29999999999999716,0.29999999999999716
KMIA,GFS,2026-05-05 18:00:00+00:00,2026-05-09,4,89.0,91.0,-2.0,2.0
KMIA,GFS,2026-05-06 00:00:00+00:00,2026-05-09,4,89.0,91.0,-2.0,2.0
KMIA,NBM,2026-05-05 06:00:00+00:00,2026-05-09,4,91.4900219726563,91.0,0.49002197265629377,0.49002197265629377
KMIA,GFS,2026-05-04 06:00:00+00:00,2026-05-09,5,89.4,91.0,-1.5999999999999943,1.5999999999999943
KMIA,GFS,2026-05-04 12:00:00+00:00,2026-05-09,5,89.6,91.0,-1.4000000000000057,1.4000000000000057
KMIA,GFS,2026-05-04 18:00:00+00:00,2026-05-09,5,89.9,91.0,-1.0999999999999943,1.0999999999999943
KMIA,GFS,2026-05-05 00:00:00+00:00,2026-05-09,5,90.1,91.0,-0.9000000000000057,0.9000000000000057
KMIA,NBM,2026-05-04 06:00:00+00:00,2026-05-09,5,90.69642456054692,91.0,-0.3035754394530841,0.3035754394530841
KMIA,NBM,2026-05-04 12:00:00+00:00,2026-05-09,5,90.63446166992192,91.0,-0.36553833007808123,0.36553833007808123
KMIA,NBM,2026-05-04 18:00:00+00:00,2026-05-09,5,90.72378051757816,91.0,-0.2762194824218369,0.2762194824218369
KMIA,NBM,2026-05-05 00:00:00+00:00,2026-05-09,5,90.36809814453129,91.0,-0.6319018554687119,0.6319018554687119
KMIA,GFS,2026-05-03 06:00:00+00:00,2026-05-09,6,92.8,91.0,1.7999999999999972,1.7999999999999972
KMIA,GFS,2026-05-03 12:00:00+00:00,2026-05-09,6,90.5,91.0,-0.5,0.5
KMIA,GFS,2026-05-03 18:00:00+00:00,2026-05-09,6,88.4,91.0,-2.5999999999999943,2.5999999999999943
KMIA,GFS,2026-05-04 00:00:00+00:00,2026-05-09,6,90.1,91.0,-0.9000000000000057,0.9000000000000057
KMIA,NBM,2026-05-03 06:00:00+00:00,2026-05-09,6,90.45329711914067,91.0,-0.5467028808593284,0.5467028808593284
KMIA,NBM,2026-05-03 12:00:00+00:00,2026-05-09,6,90.19841430664067,91.0,-0.8015856933593284,0.8015856933593284
KMIA,NBM,2026-05-03 18:00:00+00:00,2026-05-09,6,90.25636718750005,91.0,-0.7436328124999534,0.7436328124999534
KMIA,NBM,2026-05-04 00:00:00+00:00,2026-05-09,6,89.91507690429691,91.0,-1.0849230957030898,1.0849230957030898
KMIA,GFS,2026-05-02 06:00:00+00:00,2026-05-09,7,84.7,91.0,-6.299999999999997,6.299999999999997
KMIA,GFS,2026-05-02 12:00:00+00:00,2026-05-09,7,90.3,91.0,-0.7000000000000028,0.7000000000000028
KMIA,GFS,2026-05-02 18:00:00+00:00,2026-05-09,7,93.8,91.0,2.799999999999997,2.799999999999997
KMIA,GFS,2026-05-03 00:00:00+00:00,2026-05-09,7,95.1,91.0,4.099999999999994,4.099999999999994
KMIA,NBM,2026-05-02 06:00:00+00:00,2026-05-09,7,88.84149291992192,91.0,-2.1585070800780812,2.1585070800780812
KMIA,NBM,2026-05-02 12:00:00+00:00,2026-05-09,7,88.31557739257816,91.0,-2.684422607421837,2.684422607421837
KMIA,NBM,2026-05-02 18:00:00+00:00,2026-05-09,7,89.16992919921879,91.0,-1.8300708007812148,1.8300708007812148
KMIA,NBM,2026-05-03 00:00:00+00:00,2026-05-09,7,88.7489331054688,91.0,-2.2510668945312062,2.2510668945312062
KNYC,HRRR,2026-05-09 04:00:00+00:00,2026-05-09,0,68.13654907226567,65.0,3.136549072265666,3.136549072265666
KNYC,HRRR,2026-05-09 05:00:00+00:00,2026-05-09,0,69.46963012695316,65.0,4.469630126953163,4.469630126953163
KNYC,HRRR,2026-05-09 06:00:00+00:00,2026-05-09,0,70.36199462890629,65.0,5.361994628906288,5.361994628906288
KNYC,HRRR,2026-05-09 07:00:00+00:00,2026-05-09,0,69.34526489257817,65.0,4.345264892578172,4.345264892578172
KNYC,HRRR,2026-05-09 08:00:00+00:00,2026-05-09,0,68.76705444335941,65.0,3.767054443359413,3.767054443359413
KNYC,HRRR,2026-05-09 09:00:00+00:00,2026-05-09,0,72.31393554687504,65.0,7.313935546875044,7.313935546875044
KNYC,HRRR,2026-05-09 18:00:00+00:00,2026-05-09,0,65.57376831054691,65.0,0.5737683105469102,0.5737683105469102
KNYC,HRRR,2026-05-09 19:00:00+00:00,2026-05-09,0,63.51416137695317,65.0,-1.4858386230468312,1.4858386230468312
KNYC,HRRR,2026-05-09 20:00:00+00:00,2026-05-09,0,59.961622314453166,65.0,-5.038377685546834,5.038377685546834
KNYC,HRRR,2026-05-09 21:00:00+00:00,2026-05-09,0,57.85779541015629,65.0,-7.142204589843708,7.142204589843708
KNYC,HRRR,2026-05-09 22:00:00+00:00,2026-05-09,0,55.98578002929692,65.0,-9.014219970703081,9.014219970703081
KNYC,HRRR,2026-05-09 23:00:00+00:00,2026-05-09,0,55.074189453125044,65.0,-9.925810546874956,9.925810546874956
KNYC,HRRR,2026-05-10 00:00:00+00:00,2026-05-09,0,52.98299682617191,65.0,-12.017003173828087,12.017003173828087
KNYC,HRRR,2026-05-10 01:00:00+00:00,2026-05-09,0,52.21944702148441,65.0,-12.780552978515587,12.780552978515587
KNYC,HRRR,2026-05-10 02:00:00+00:00,2026-05-09,0,51.15327880859379,65.0,-13.84672119140621,13.84672119140621
KNYC,NBM,2026-05-09 12:00:00+00:00,2026-05-09,0,67.54998901367192,65.0,2.5499890136719188,2.5499890136719188
KNYC,GFS,2026-05-08 06:00:00+00:00,2026-05-09,1,61.8,65.0,-3.200000000000003,3.200000000000003
KNYC,GFS,2026-05-08 12:00:00+00:00,2026-05-09,1,63.1,65.0,-1.8999999999999986,1.8999999999999986
KNYC,GFS,2026-05-08 18:00:00+00:00,2026-05-09,1,65.4,65.0,0.4000000000000057,0.4000000000000057
KNYC,GFS,2026-05-09 00:00:00+00:00,2026-05-09,1,68.5,65.0,3.5,3.5
KNYC,HRRR,2026-05-08 06:00:00+00:00,2026-05-09,1,52.292066650390666,65.0,-12.707933349609334,12.707933349609334
KNYC,HRRR,2026-05-08 10:00:00+00:00,2026-05-09,1,51.20255249023442,65.0,-13.797447509765583,13.797447509765583
KNYC,HRRR,2026-05-08 11:00:00+00:00,2026-05-09,1,48.74199951171879,65.0,-16.258000488281212,16.258000488281212
KNYC,HRRR,2026-05-08 12:00:00+00:00,2026-05-09,1,65.52768066406254,65.0,0.5276806640625438,0.5276806640625438
KNYC,HRRR,2026-05-08 13:00:00+00:00,2026-05-09,1,52.05761840820317,65.0,-12.942381591796831,12.942381591796831
KNYC,HRRR,2026-05-08 14:00:00+00:00,2026-05-09,1,51.876618652343794,65.0,-13.123381347656206,13.123381347656206
KNYC,HRRR,2026-05-08 15:00:00+00:00,2026-05-09,1,51.55724609375004,65.0,-13.442753906249962,13.442753906249962
KNYC,HRRR,2026-05-08 16:00:00+00:00,2026-05-09,1,51.315217285156294,65.0,-13.684782714843706,13.684782714843706
KNYC,HRRR,2026-05-08 17:00:00+00:00,2026-05-09,1,53.001783447265666,65.0,-11.998216552734334,11.998216552734334
KNYC,HRRR,2026-05-08 18:00:00+00:00,2026-05-09,1,68.21345336914067,65.0,3.213453369140666,3.213453369140666
KNYC,HRRR,2026-05-08 19:00:00+00:00,2026-05-09,1,56.701978759765666,65.0,-8.298021240234334,8.298021240234334
KNYC,HRRR,2026-05-09 00:00:00+00:00,2026-05-09,1,68.06662109375004,65.0,3.0666210937500438,3.0666210937500438
KNYC,HRRR,2026-05-09 01:00:00+00:00,2026-05-09,1,71.41151855468755,65.0,6.411518554687547,6.411518554687547
KNYC,HRRR,2026-05-09 02:00:00+00:00,2026-05-09,1,69.59410522460942,65.0,4.594105224609422,4.594105224609422
KNYC,HRRR,2026-05-09 03:00:00+00:00,2026-05-09,1,69.47435424804692,65.0,4.474354248046922,4.474354248046922
KNYC,NBM,2026-05-08 06:00:00+00:00,2026-05-09,1,64.31001098632817,65.0,-0.6899890136718341,0.6899890136718341
KNYC,NBM,2026-05-08 12:00:00+00:00,2026-05-09,1,64.4900219726563,65.0,-0.5099780273437062,0.5099780273437062
KNYC,NBM,2026-05-08 18:00:00+00:00,2026-05-09,1,65.93000000000004,65.0,0.9300000000000352,0.9300000000000352
KNYC,GFS,2026-05-07 06:00:00+00:00,2026-05-09,2,60.7,65.0,-4.299999999999997,4.299999999999997
KNYC,GFS,2026-05-07 12:00:00+00:00,2026-05-09,2,62.7,65.0,-2.299999999999997,2.299999999999997
KNYC,GFS,2026-05-07 18:00:00+00:00,2026-05-09,2,58.9,65.0,-6.100000000000001,6.100000000000001
KNYC,GFS,2026-05-08 00:00:00+00:00,2026-05-09,2,61.6,65.0,-3.3999999999999986,3.3999999999999986
KNYC,HRRR,2026-05-07 06:00:00+00:00,2026-05-09,2,51.198212890625044,65.0,-13.801787109374956,13.801787109374956
KNYC,NBM,2026-05-07 06:00:00+00:00,2026-05-09,2,63.76997802734379,65.0,-1.2300219726562105,1.2300219726562105
KNYC,NBM,2026-05-07 12:00:00+00:00,2026-05-09,2,63.59002197265629,65.0,-1.409978027343712,1.409978027343712
KNYC,NBM,2026-05-07 18:00:00+00:00,2026-05-09,2,64.31001098632817,65.0,-0.6899890136718341,0.6899890136718341
KNYC,NBM,2026-05-08 00:00:00+00:00,2026-05-09,2,62.86997802734379,65.0,-2.130021972656209,2.130021972656209
KNYC,GFS,2026-05-06 06:00:00+00:00,2026-05-09,3,62.9,65.0,-2.1000000000000014,2.1000000000000014
KNYC,GFS,2026-05-06 12:00:00+00:00,2026-05-09,3,56.6,65.0,-8.399999999999999,8.399999999999999
KNYC,GFS,2026-05-06 18:00:00+00:00,2026-05-09,3,62.2,65.0,-2.799999999999997,2.799999999999997
KNYC,GFS,2026-05-07 00:00:00+00:00,2026-05-09,3,60.7,65.0,-4.299999999999997,4.299999999999997
KNYC,NBM,2026-05-06 12:00:00+00:00,2026-05-09,3,64.13000000000004,65.0,-0.8699999999999619,0.8699999999999619
KNYC,GFS,2026-05-05 06:00:00+00:00,2026-05-09,4,63.3,65.0,-1.7000000000000028,1.7000000000000028
KNYC,GFS,2026-05-05 18:00:00+00:00,2026-05-09,4,59.7,65.0,-5.299999999999997,5.299999999999997
KNYC,GFS,2026-05-06 00:00:00+00:00,2026-05-09,4,62.9,65.0,-2.1000000000000014,2.1000000000000014
KNYC,NBM,2026-05-06 00:00:00+00:00,2026-05-09,4,67.54998901367192,65.0,2.5499890136719188,2.5499890136719188
KNYC,GFS,2026-05-04 06:00:00+00:00,2026-05-09,5,55.5,65.0,-9.5,9.5
KNYC,GFS,2026-05-04 12:00:00+00:00,2026-05-09,5,57.0,65.0,-8.0,8.0
KNYC,GFS,2026-05-04 18:00:00+00:00,2026-05-09,5,58.0,65.0,-7.0,7.0
KNYC,GFS,2026-05-05 00:00:00+00:00,2026-05-09,5,67.0,65.0,2.0,2.0
KNYC,NBM,2026-05-04 06:00:00+00:00,2026-05-09,5,69.81641357421879,65.0,4.816413574218785,4.816413574218785
KNYC,NBM,2026-05-04 12:00:00+00:00,2026-05-09,5,69.75445068359379,65.0,4.754450683593788,4.754450683593788
KNYC,NBM,2026-05-04 18:00:00+00:00,2026-05-09,5,68.40379150390629,65.0,3.403791503906291,3.403791503906291
KNYC,NBM,2026-05-05 00:00:00+00:00,2026-05-09,5,69.48814208984379,65.0,4.488142089843791,4.488142089843791
KNYC,GFS,2026-05-03 06:00:00+00:00,2026-05-09,6,60.4,65.0,-4.600000000000001,4.600000000000001
KNYC,GFS,2026-05-03 12:00:00+00:00,2026-05-09,6,60.0,65.0,-5.0,5.0
KNYC,GFS,2026-05-03 18:00:00+00:00,2026-05-09,6,66.9,65.0,1.9000000000000057,1.9000000000000057
KNYC,GFS,2026-05-04 00:00:00+00:00,2026-05-09,6,63.1,65.0,-1.8999999999999986,1.8999999999999986
KNYC,NBM,2026-05-03 06:00:00+00:00,2026-05-09,6,66.69327514648441,65.0,1.6932751464844102,1.6932751464844102
KNYC,NBM,2026-05-03 12:00:00+00:00,2026-05-09,6,67.15838134765629,65.0,2.158381347656288,2.158381347656288
KNYC,NBM,2026-05-03 18:00:00+00:00,2026-05-09,6,67.93637817382816,65.0,2.9363781738281602,2.9363781738281602
KNYC,NBM,2026-05-04 00:00:00+00:00,2026-05-09,6,68.31507690429692,65.0,3.315076904296916,3.315076904296916
KNYC,GFS,2026-05-02 06:00:00+00:00,2026-05-09,7,71.1,65.0,6.099999999999994,6.099999999999994
KNYC,GFS,2026-05-02 12:00:00+00:00,2026-05-09,7,62.0,65.0,-3.0,3.0
KNYC,GFS,2026-05-02 18:00:00+00:00,2026-05-09,7,55.3,65.0,-9.700000000000003,9.700000000000003
KNYC,GFS,2026-05-03 00:00:00+00:00,2026-05-09,7,55.2,65.0,-9.799999999999997,9.799999999999997
KNYC,NBM,2026-05-02 06:00:00+00:00,2026-05-09,7,67.24149291992191,65.0,2.2414929199219102,2.2414929199219102
KNYC,NBM,2026-05-02 12:00:00+00:00,2026-05-09,7,66.71557739257817,65.0,1.7155773925781688,1.7155773925781688
KNYC,NBM,2026-05-02 18:00:00+00:00,2026-05-09,7,66.12995117187504,65.0,1.1299511718750352,1.1299511718750352
KNYC,NBM,2026-05-03 00:00:00+00:00,2026-05-09,7,66.42888916015629,65.0,1.428889160156288,1.428889160156288
KMDW,ECMWF,2026-05-10 18:00:00+00:00,2026-05-10,0,62.6,62.0,0.6000000000000014,0.6000000000000014
KMDW,ECMWF,2026-05-11 00:00:00+00:00,2026-05-10,0,59.1,62.0,-2.8999999999999986,2.8999999999999986
KMDW,GFS,2026-05-10 18:00:00+00:00,2026-05-10,0,62.9,62.0,0.8999999999999986,0.8999999999999986
KMDW,GFS,2026-05-11 00:00:00+00:00,2026-05-10,0,59.3,62.0,-2.700000000000003,2.700000000000003
KMDW,HRRR,2026-05-10 05:00:00+00:00,2026-05-10,0,65.23275268554691,62.0,3.232752685546913,3.232752685546913
KMDW,HRRR,2026-05-10 06:00:00+00:00,2026-05-10,0,62.84888427734379,62.0,0.8488842773437923,0.8488842773437923
KMDW,HRRR,2026-05-10 07:00:00+00:00,2026-05-10,0,60.93588989257817,62.0,-1.0641101074218327,1.0641101074218327
KMDW,HRRR,2026-05-10 08:00:00+00:00,2026-05-10,0,60.91847656250004,62.0,-1.0815234374999605,1.0815234374999605
KMDW,HRRR,2026-05-10 09:00:00+00:00,2026-05-10,0,60.941822509765665,62.0,-1.0581774902343355,1.0581774902343355
KMDW,HRRR,2026-05-10 10:00:00+00:00,2026-05-10,0,62.083302001953165,62.0,0.0833020019531645,0.0833020019531645
KMDW,HRRR,2026-05-10 11:00:00+00:00,2026-05-10,0,64.2698559570313,62.0,2.2698559570312966,2.2698559570312966
KMDW,HRRR,2026-05-10 12:00:00+00:00,2026-05-10,0,64.60675170898442,62.0,2.6067517089844188,2.6067517089844188
KMDW,HRRR,2026-05-10 13:00:00+00:00,2026-05-10,0,65.1740307617188,62.0,3.1740307617187966,3.1740307617187966
KMDW,HRRR,2026-05-10 14:00:00+00:00,2026-05-10,0,65.08311889648442,62.0,3.0831188964844216,3.0831188964844216
KMDW,HRRR,2026-05-10 15:00:00+00:00,2026-05-10,0,65.46390502929691,62.0,3.4639050292969102,3.4639050292969102
KMDW,HRRR,2026-05-10 16:00:00+00:00,2026-05-10,0,61.54304931640629,62.0,-0.4569506835937105,0.4569506835937105
KMDW,HRRR,2026-05-10 17:00:00+00:00,2026-05-10,0,62.83229492187504,62.0,0.8322949218750395,0.8322949218750395
KMDW,HRRR,2026-05-10 18:00:00+00:00,2026-05-10,0,61.422089843750044,62.0,-0.5779101562499562,0.5779101562499562
KMDW,HRRR,2026-05-10 19:00:00+00:00,2026-05-10,0,64.4284985351563,62.0,2.4284985351562938,2.4284985351562938
KMDW,HRRR,2026-05-10 20:00:00+00:00,2026-05-10,0,63.56008422851566,62.0,1.560084228515663,1.560084228515663
KMDW,HRRR,2026-05-10 21:00:00+00:00,2026-05-10,0,61.767774658203166,62.0,-0.23222534179683407,0.23222534179683407
KMDW,HRRR,2026-05-10 22:00:00+00:00,2026-05-10,0,61.77002685546879,62.0,-0.22997314453120765,0.22997314453120765
KMDW,HRRR,2026-05-10 23:00:00+00:00,2026-05-10,0,59.50887573242191,62.0,-2.491124267578087,2.491124267578087
KMDW,HRRR,2026-05-11 00:00:00+00:00,2026-05-10,0,56.827607421875044,62.0,-5.172392578124956,5.172392578124956
KMDW,HRRR,2026-05-11 01:00:00+00:00,2026-05-10,0,54.34442260742192,62.0,-7.655577392578081,7.655577392578081
KMDW,HRRR,2026-05-11 02:00:00+00:00,2026-05-10,0,52.390394287109416,62.0,-9.609605712890584,9.609605712890584
KMDW,HRRR,2026-05-11 03:00:00+00:00,2026-05-10,0,52.51756103515629,62.0,-9.482438964843709,9.482438964843709
KMDW,NBM,2026-05-10 06:00:00+00:00,2026-05-10,0,64.66997802734379,62.0,2.669978027343788,2.669978027343788
KMDW,NBM,2026-05-10 12:00:00+00:00,2026-05-10,0,64.84998901367192,62.0,2.849989013671916,2.849989013671916
KMDW,HRRR,2026-05-09 06:00:00+00:00,2026-05-10,1,62.097364501953166,62.0,0.09736450195316593,0.09736450195316593
KMDW,HRRR,2026-05-09 18:00:00+00:00,2026-05-10,1,64.99956787109379,62.0,2.999567871093788,2.999567871093788
KMDW,HRRR,2026-05-09 19:00:00+00:00,2026-05-10,1,50.534803466796916,62.0,-11.465196533203084,11.465196533203084
KMDW,HRRR,2026-05-09 20:00:00+00:00,2026-05-10,1,53.59812133789067,62.0,-8.401878662109333,8.401878662109333
KMDW,HRRR,2026-05-09 21:00:00+00:00,2026-05-10,1,56.204298095703166,62.0,-5.795701904296834,5.795701904296834
KMDW,HRRR,2026-05-09 22:00:00+00:00,2026-05-10,1,58.642548828125044,62.0,-3.3574511718749562,3.3574511718749562
KMDW,HRRR,2026-05-09 23:00:00+00:00,2026-05-10,1,62.842786865234416,62.0,0.8427868652344159,0.8427868652344159
KMDW,HRRR,2026-05-10 00:00:00+00:00,2026-05-10,1,64.96287353515629,62.0,2.962873535156291,2.962873535156291
KMDW,HRRR,2026-05-10 01:00:00+00:00,2026-05-10,1,64.6317456054688,62.0,2.6317456054687938,2.6317456054687938
KMDW,HRRR,2026-05-10 02:00:00+00:00,2026-05-10,1,65.59162109375004,62.0,3.5916210937500352,3.5916210937500352
KMDW,HRRR,2026-05-10 03:00:00+00:00,2026-05-10,1,65.37700317382817,62.0,3.3770031738281716,3.3770031738281716
KMDW,HRRR,2026-05-10 04:00:00+00:00,2026-05-10,1,65.18446777343755,62.0,3.1844677734375466,3.1844677734375466
KMDW,NBM,2026-05-09 12:00:00+00:00,2026-05-10,1,63.94998901367192,62.0,1.9499890136719173,1.9499890136719173
KMDW,NBM,2026-05-09 18:00:00+00:00,2026-05-10,1,64.4900219726563,62.0,2.4900219726562938,2.4900219726562938
KMDW,NBM,2026-05-10 00:00:00+00:00,2026-05-10,1,64.66997802734379,62.0,2.669978027343788,2.669978027343788
KMDW,GFS,2026-05-08 06:00:00+00:00,2026-05-10,2,63.7,62.0,1.7000000000000028,1.7000000000000028
KMDW,GFS,2026-05-08 12:00:00+00:00,2026-05-10,2,64.2,62.0,2.200000000000003,2.200000000000003
KMDW,GFS,2026-05-08 18:00:00+00:00,2026-05-10,2,64.2,62.0,2.200000000000003,2.200000000000003
KMDW,GFS,2026-05-09 00:00:00+00:00,2026-05-10,2,63.3,62.0,1.2999999999999972,1.2999999999999972
KMDW,HRRR,2026-05-08 18:00:00+00:00,2026-05-10,2,55.640150146484416,62.0,-6.359849853515584,6.359849853515584
KMDW,HRRR,2026-05-09 00:00:00+00:00,2026-05-10,2,61.641267089843794,62.0,-0.35873291015620623,0.35873291015620623
KMDW,NBM,2026-05-08 06:00:00+00:00,2026-05-10,2,61.79002197265629,62.0,-0.20997802734370907,0.20997802734370907
KMDW,NBM,2026-05-08 12:00:00+00:00,2026-05-10,2,61.79002197265629,62.0,-0.20997802734370907,0.20997802734370907
KMDW,NBM,2026-05-08 18:00:00+00:00,2026-05-10,2,62.69002197265629,62.0,0.6900219726562895,0.6900219726562895
KMDW,GFS,2026-05-07 06:00:00+00:00,2026-05-10,3,62.3,62.0,0.29999999999999716,0.29999999999999716
KMDW,GFS,2026-05-07 12:00:00+00:00,2026-05-10,3,63.2,62.0,1.2000000000000028,1.2000000000000028
KMDW,GFS,2026-05-07 18:00:00+00:00,2026-05-10,3,65.0,62.0,3.0,3.0
KMDW,GFS,2026-05-08 00:00:00+00:00,2026-05-10,3,65.1,62.0,3.0999999999999943,3.0999999999999943
KMDW,NBM,2026-05-07 06:00:00+00:00,2026-05-10,3,63.23000000000004,62.0,1.2300000000000395,1.2300000000000395
KMDW,NBM,2026-05-07 12:00:00+00:00,2026-05-10,3,62.86997802734379,62.0,0.8699780273437909,0.8699780273437909
KMDW,NBM,2026-05-07 18:00:00+00:00,2026-05-10,3,62.86997802734379,62.0,0.8699780273437909,0.8699780273437909
KMDW,NBM,2026-05-08 00:00:00+00:00,2026-05-10,3,63.04998901367192,62.0,1.0499890136719188,1.0499890136719188
KMDW,GFS,2026-05-06 06:00:00+00:00,2026-05-10,4,60.0,62.0,-2.0,2.0
KMDW,GFS,2026-05-06 12:00:00+00:00,2026-05-10,4,59.9,62.0,-2.1000000000000014,2.1000000000000014
KMDW,GFS,2026-05-06 18:00:00+00:00,2026-05-10,4,56.1,62.0,-5.899999999999999,5.899999999999999
KMDW,GFS,2026-05-07 00:00:00+00:00,2026-05-10,4,62.3,62.0,0.29999999999999716,0.29999999999999716
KMDW,NBM,2026-05-06 06:00:00+00:00,2026-05-10,4,62.51001098632817,62.0,0.5100109863281688,0.5100109863281688
KMDW,NBM,2026-05-06 12:00:00+00:00,2026-05-10,4,62.14998901367191,62.0,0.14998901367191309,0.14998901367191309
KMDW,GFS,2026-05-05 06:00:00+00:00,2026-05-10,5,59.7,62.0,-2.299999999999997,2.299999999999997
KMDW,GFS,2026-05-05 18:00:00+00:00,2026-05-10,5,58.8,62.0,-3.200000000000003,3.200000000000003
KMDW,GFS,2026-05-06 00:00:00+00:00,2026-05-10,5,60.0,62.0,-2.0,2.0
KMDW,NBM,2026-05-05 06:00:00+00:00,2026-05-10,5,62.86997802734379,62.0,0.8699780273437909,0.8699780273437909
KMDW,GFS,2026-05-04 06:00:00+00:00,2026-05-10,6,67.8,62.0,5.799999999999997,5.799999999999997
KMDW,GFS,2026-05-04 12:00:00+00:00,2026-05-10,6,58.9,62.0,-3.1000000000000014,3.1000000000000014
KMDW,GFS,2026-05-04 18:00:00+00:00,2026-05-10,6,62.0,62.0,0.0,0.0
KMDW,GFS,2026-05-05 00:00:00+00:00,2026-05-10,6,61.7,62.0,-0.29999999999999716,0.29999999999999716
KMDW,NBM,2026-05-04 06:00:00+00:00,2026-05-10,6,67.39288452148442,62.0,5.392884521484419,5.392884521484419
KMDW,NBM,2026-05-04 12:00:00+00:00,2026-05-10,6,65.38112304687505,62.0,3.3811230468750466,3.3811230468750466
KMDW,NBM,2026-05-04 18:00:00+00:00,2026-05-10,6,65.32256591796879,62.0,3.322565917968788,3.322565917968788
KMDW,NBM,2026-05-05 00:00:00+00:00,2026-05-10,6,65.19007080078129,62.0,3.1900708007812852,3.1900708007812852
KMDW,GFS,2026-05-03 06:00:00+00:00,2026-05-10,7,58.7,62.0,-3.299999999999997,3.299999999999997
KMDW,GFS,2026-05-03 12:00:00+00:00,2026-05-10,7,70.5,62.0,8.5,8.5
KMDW,GFS,2026-05-03 18:00:00+00:00,2026-05-10,7,67.8,62.0,5.799999999999997,5.799999999999997
KMDW,GFS,2026-05-04 00:00:00+00:00,2026-05-10,7,57.3,62.0,-4.700000000000003,4.700000000000003
KMDW,NBM,2026-05-03 06:00:00+00:00,2026-05-10,7,69.12905395507816,62.0,7.129053955078163,7.129053955078163
KMDW,NBM,2026-05-03 12:00:00+00:00,2026-05-10,7,69.25050781250005,62.0,7.250507812500047,7.250507812500047
KMDW,NBM,2026-05-03 18:00:00+00:00,2026-05-10,7,68.90564697265629,62.0,6.905646972656285,6.905646972656285
KMDW,NBM,2026-05-04 00:00:00+00:00,2026-05-10,7,68.96826904296879,62.0,6.968269042968785,6.968269042968785
KMIA,ECMWF,2026-05-10 18:00:00+00:00,2026-05-10,0,87.6,91.0,-3.4000000000000057,3.4000000000000057
KMIA,ECMWF,2026-05-11 00:00:00+00:00,2026-05-10,0,83.1,91.0,-7.900000000000006,7.900000000000006
KMIA,GFS,2026-05-10 18:00:00+00:00,2026-05-10,0,89.4,91.0,-1.5999999999999943,1.5999999999999943
KMIA,GFS,2026-05-11 00:00:00+00:00,2026-05-10,0,83.2,91.0,-7.799999999999997,7.799999999999997
KMIA,HRRR,2026-05-10 04:00:00+00:00,2026-05-10,0,89.3257153320313,91.0,-1.6742846679687062,1.6742846679687062
KMIA,HRRR,2026-05-10 05:00:00+00:00,2026-05-10,0,89.24095581054692,91.0,-1.7590441894530784,1.7590441894530784
KMIA,HRRR,2026-05-10 06:00:00+00:00,2026-05-10,0,89.21596191406255,91.0,-1.7840380859374534,1.7840380859374534
KMIA,HRRR,2026-05-10 07:00:00+00:00,2026-05-10,0,89.49045532226566,91.0,-1.5095446777343398,1.5095446777343398
KMIA,HRRR,2026-05-10 08:00:00+00:00,2026-05-10,0,88.70328491210941,91.0,-2.2967150878905898,2.2967150878905898
KMIA,HRRR,2026-05-10 09:00:00+00:00,2026-05-10,0,84.15467041015629,91.0,-6.845329589843715,6.845329589843715
KMIA,HRRR,2026-05-10 10:00:00+00:00,2026-05-10,0,89.09659545898441,91.0,-1.9034045410155898,1.9034045410155898
KMIA,HRRR,2026-05-10 11:00:00+00:00,2026-05-10,0,88.79705322265629,91.0,-2.202946777343712,2.202946777343712
KMIA,HRRR,2026-05-10 12:00:00+00:00,2026-05-10,0,89.18091552734379,91.0,-1.8190844726562148,1.8190844726562148
KMIA,HRRR,2026-05-10 13:00:00+00:00,2026-05-10,0,88.82479370117191,91.0,-2.175206298828087,2.175206298828087
KMIA,HRRR,2026-05-10 14:00:00+00:00,2026-05-10,0,89.38635986328129,91.0,-1.6136401367187148,1.6136401367187148
KMIA,HRRR,2026-05-10 15:00:00+00:00,2026-05-10,0,89.6120190429688,91.0,-1.3879809570312034,1.3879809570312034
KMIA,HRRR,2026-05-10 16:00:00+00:00,2026-05-10,0,89.58197143554692,91.0,-1.4180285644530812,1.4180285644530812
KMIA,HRRR,2026-05-10 17:00:00+00:00,2026-05-10,0,89.29467895507817,91.0,-1.7053210449218312,1.7053210449218312
KMIA,HRRR,2026-05-10 18:00:00+00:00,2026-05-10,0,88.37391479492192,91.0,-2.626085205078084,2.626085205078084
KMIA,HRRR,2026-05-10 19:00:00+00:00,2026-05-10,0,88.0534985351563,91.0,-2.9465014648437062,2.9465014648437062
KMIA,HRRR,2026-05-10 20:00:00+00:00,2026-05-10,0,87.63508422851567,91.0,-3.364915771484334,3.364915771484334
KMIA,HRRR,2026-05-10 21:00:00+00:00,2026-05-10,0,86.74277465820316,91.0,-4.25722534179684,4.25722534179684
KMIA,HRRR,2026-05-10 22:00:00+00:00,2026-05-10,0,84.83252685546879,91.0,-6.167473144531215,6.167473144531215
KMIA,HRRR,2026-05-10 23:00:00+00:00,2026-05-10,0,83.24637573242191,91.0,-7.75362426757809,7.75362426757809
KMIA,HRRR,2026-05-11 00:00:00+00:00,2026-05-10,0,82.47760742187504,91.0,-8.522392578124965,8.522392578124965
KMIA,HRRR,2026-05-11 01:00:00+00:00,2026-05-10,0,81.90692260742192,91.0,-9.093077392578081,9.093077392578081
KMIA,HRRR,2026-05-11 02:00:00+00:00,2026-05-10,0,82.09039428710942,91.0,-8.909605712890581,8.909605712890581
KMIA,NBM,2026-05-10 06:00:00+00:00,2026-05-10,0,91.13000000000004,91.0,0.13000000000003809,0.13000000000003809
KMIA,NBM,2026-05-10 12:00:00+00:00,2026-05-10,0,91.4900219726563,91.0,0.49002197265629377,0.49002197265629377
KMIA,HRRR,2026-05-09 06:00:00+00:00,2026-05-10,1,86.08859375000004,91.0,-4.911406249999956,4.911406249999956
KMIA,HRRR,2026-05-09 18:00:00+00:00,2026-05-10,1,88.23817871093755,91.0,-2.7618212890624534,2.7618212890624534
KMIA,HRRR,2026-05-09 19:00:00+00:00,2026-05-10,1,83.32553222656254,91.0,-7.674467773437456,7.674467773437456
KMIA,HRRR,2026-05-09 20:00:00+00:00,2026-05-10,1,84.42312133789066,91.0,-6.576878662109337,6.576878662109337
KMIA,HRRR,2026-05-09 21:00:00+00:00,2026-05-10,1,86.91679809570317,91.0,-4.083201904296828,4.083201904296828
KMIA,HRRR,2026-05-09 22:00:00+00:00,2026-05-10,1,88.00504882812504,91.0,-2.994951171874959,2.994951171874959
KMIA,HRRR,2026-05-09 23:00:00+00:00,2026-05-10,1,88.60528686523442,91.0,-2.3947131347655812,2.3947131347655812
KMIA,HRRR,2026-05-10 00:00:00+00:00,2026-05-10,1,88.94685180664067,91.0,-2.053148193359334,2.053148193359334
KMIA,HRRR,2026-05-10 01:00:00+00:00,2026-05-10,1,88.7561840820313,91.0,-2.2438159179687034,2.2438159179687034
KMIA,HRRR,2026-05-10 02:00:00+00:00,2026-05-10,1,89.1242260742188,91.0,-1.8757739257812034,1.8757739257812034
KMIA,HRRR,2026-05-10 03:00:00+00:00,2026-05-10,1,89.07599609375004,91.0,-1.9240039062499648,1.9240039062499648
KMIA,NBM,2026-05-09 12:00:00+00:00,2026-05-10,1,90.59002197265629,91.0,-0.4099780273437119,0.4099780273437119
KMIA,NBM,2026-05-09 18:00:00+00:00,2026-05-10,1,91.13000000000004,91.0,0.13000000000003809,0.13000000000003809
KMIA,NBM,2026-05-10 00:00:00+00:00,2026-05-10,1,90.59002197265629,91.0,-0.4099780273437119,0.4099780273437119
KMIA,GFS,2026-05-08 06:00:00+00:00,2026-05-10,2,89.9,91.0,-1.0999999999999943,1.0999999999999943
KMIA,GFS,2026-05-08 12:00:00+00:00,2026-05-10,2,89.2,91.0,-1.7999999999999972,1.7999999999999972
KMIA,GFS,2026-05-08 18:00:00+00:00,2026-05-10,2,89.2,91.0,-1.7999999999999972,1.7999999999999972
KMIA,GFS,2026-05-09 00:00:00+00:00,2026-05-10,2,89.0,91.0,-2.0,2.0
KMIA,HRRR,2026-05-08 18:00:00+00:00,2026-05-10,2,78.25418823242191,91.0,-12.74581176757809,12.74581176757809
KMIA,HRRR,2026-05-09 00:00:00+00:00,2026-05-10,2,85.05011108398442,91.0,-5.949888916015581,5.949888916015581
KMIA,NBM,2026-05-08 06:00:00+00:00,2026-05-10,2,91.13000000000004,91.0,0.13000000000003809,0.13000000000003809
KMIA,NBM,2026-05-08 12:00:00+00:00,2026-05-10,2,91.13000000000004,91.0,0.13000000000003809,0.13000000000003809
KMIA,NBM,2026-05-08 18:00:00+00:00,2026-05-10,2,90.94998901367191,91.0,-0.05001098632808976,0.05001098632808976
KMIA,NBM,2026-05-09 00:00:00+00:00,2026-05-10,2,90.59002197265629,91.0,-0.4099780273437119,0.4099780273437119
KMIA,GFS,2026-05-07 06:00:00+00:00,2026-05-10,3,88.3,91.0,-2.700000000000003,2.700000000000003
KMIA,GFS,2026-05-07 12:00:00+00:00,2026-05-10,3,89.4,91.0,-1.5999999999999943,1.5999999999999943
KMIA,GFS,2026-05-07 18:00:00+00:00,2026-05-10,3,89.8,91.0,-1.2000000000000028,1.2000000000000028
KMIA,GFS,2026-05-08 00:00:00+00:00,2026-05-10,3,89.6,91.0,-1.4000000000000057,1.4000000000000057
KMIA,NBM,2026-05-07 06:00:00+00:00,2026-05-10,3,90.59002197265629,91.0,-0.4099780273437119,0.4099780273437119
KMIA,NBM,2026-05-07 12:00:00+00:00,2026-05-10,3,90.59002197265629,91.0,-0.4099780273437119,0.4099780273437119
KMIA,NBM,2026-05-07 18:00:00+00:00,2026-05-10,3,91.31001098632817,91.0,0.3100109863281659,0.3100109863281659
KMIA,NBM,2026-05-08 00:00:00+00:00,2026-05-10,3,91.4900219726563,91.0,0.49002197265629377,0.49002197265629377
KMIA,GFS,2026-05-06 06:00:00+00:00,2026-05-10,4,88.4,91.0,-2.5999999999999943,2.5999999999999943
KMIA,GFS,2026-05-06 12:00:00+00:00,2026-05-10,4,88.9,91.0,-2.0999999999999943,2.0999999999999943
KMIA,GFS,2026-05-06 18:00:00+00:00,2026-05-10,4,88.0,91.0,-3.0,3.0
KMIA,GFS,2026-05-07 00:00:00+00:00,2026-05-10,4,88.3,91.0,-2.700000000000003,2.700000000000003
KMIA,NBM,2026-05-06 06:00:00+00:00,2026-05-10,4,90.04998901367192,91.0,-0.9500109863280812,0.9500109863280812
KMIA,NBM,2026-05-06 12:00:00+00:00,2026-05-10,4,90.04998901367192,91.0,-0.9500109863280812,0.9500109863280812
KMIA,GFS,2026-05-05 06:00:00+00:00,2026-05-10,5,88.5,91.0,-2.5,2.5
KMIA,GFS,2026-05-05 18:00:00+00:00,2026-05-10,5,88.8,91.0,-2.200000000000003,2.200000000000003
KMIA,GFS,2026-05-06 00:00:00+00:00,2026-05-10,5,88.4,91.0,-2.5999999999999943,2.5999999999999943
KMIA,NBM,2026-05-05 06:00:00+00:00,2026-05-10,5,90.04998901367192,91.0,-0.9500109863280812,0.9500109863280812
KMIA,GFS,2026-05-04 06:00:00+00:00,2026-05-10,6,89.2,91.0,-1.7999999999999972,1.7999999999999972
KMIA,GFS,2026-05-04 12:00:00+00:00,2026-05-10,6,89.3,91.0,-1.7000000000000028,1.7000000000000028
KMIA,GFS,2026-05-04 18:00:00+00:00,2026-05-10,6,88.4,91.0,-2.5999999999999943,2.5999999999999943
KMIA,GFS,2026-05-05 00:00:00+00:00,2026-05-10,6,88.7,91.0,-2.299999999999997,2.299999999999997
KMIA,NBM,2026-05-04 06:00:00+00:00,2026-05-10,6,90.43291748046879,91.0,-0.5670825195312119,0.5670825195312119
KMIA,NBM,2026-05-04 12:00:00+00:00,2026-05-10,6,89.86113403320317,91.0,-1.1388659667968284,1.1388659667968284
KMIA,NBM,2026-05-04 18:00:00+00:00,2026-05-10,6,89.8025219726563,91.0,-1.1974780273437062,1.1974780273437062
KMIA,NBM,2026-05-05 00:00:00+00:00,2026-05-10,6,89.67002685546879,91.0,-1.329973144531209,1.329973144531209
KMIA,GFS,2026-05-03 06:00:00+00:00,2026-05-10,7,89.7,91.0,-1.2999999999999972,1.2999999999999972
KMIA,GFS,2026-05-03 12:00:00+00:00,2026-05-10,7,88.5,91.0,-2.5,2.5
KMIA,GFS,2026-05-03 18:00:00+00:00,2026-05-10,7,88.1,91.0,-2.9000000000000057,2.9000000000000057
KMIA,GFS,2026-05-04 00:00:00+00:00,2026-05-10,7,88.9,91.0,-2.0999999999999943,2.0999999999999943
KMIA,NBM,2026-05-03 06:00:00+00:00,2026-05-10,7,89.2890209960938,91.0,-1.7109790039062034,1.7109790039062034
KMIA,NBM,2026-05-03 12:00:00+00:00,2026-05-10,7,89.41052978515629,91.0,-1.5894702148437148,1.5894702148437148
KMIA,NBM,2026-05-03 18:00:00+00:00,2026-05-10,7,89.06561401367192,91.0,-1.9343859863280812,1.9343859863280812
KMIA,NBM,2026-05-04 00:00:00+00:00,2026-05-10,7,89.12823608398442,91.0,-1.8717639160155812,1.8717639160155812
KNYC,ECMWF,2026-05-10 18:00:00+00:00,2026-05-10,0,76.1,73.0,3.0999999999999943,3.0999999999999943
KNYC,ECMWF,2026-05-11 00:00:00+00:00,2026-05-10,0,66.6,73.0,-6.400000000000006,6.400000000000006
KNYC,GFS,2026-05-10 18:00:00+00:00,2026-05-10,0,74.4,73.0,1.4000000000000057,1.4000000000000057
KNYC,GFS,2026-05-11 00:00:00+00:00,2026-05-10,0,62.5,73.0,-10.5,10.5
KNYC,HRRR,2026-05-10 04:00:00+00:00,2026-05-10,0,75.30946777343755,73.0,2.3094677734375466,2.3094677734375466
KNYC,HRRR,2026-05-10 05:00:00+00:00,2026-05-10,0,75.99671752929692,73.0,2.996717529296916,2.996717529296916
KNYC,HRRR,2026-05-10 06:00:00+00:00,2026-05-10,0,76.09482543945316,73.0,3.0948254394531602,3.0948254394531602
KNYC,HRRR,2026-05-10 07:00:00+00:00,2026-05-10,0,75.44838989257816,73.0,2.448389892578163,2.448389892578163
KNYC,HRRR,2026-05-10 08:00:00+00:00,2026-05-10,0,75.88097656250004,73.0,2.880976562500038,2.880976562500038
KNYC,HRRR,2026-05-10 09:00:00+00:00,2026-05-10,0,75.49217041015629,73.0,2.492170410156291,2.492170410156291
KNYC,HRRR,2026-05-10 10:00:00+00:00,2026-05-10,0,73.33330200195317,73.0,0.3333020019531716,0.3333020019531716
KNYC,HRRR,2026-05-10 11:00:00+00:00,2026-05-10,0,71.13751953125004,73.0,-1.8624804687499648,1.8624804687499648
KNYC,HRRR,2026-05-10 12:00:00+00:00,2026-05-10,0,71.41953857421879,73.0,-1.580461425781209,1.580461425781209
KNYC,HRRR,2026-05-10 13:00:00+00:00,2026-05-10,0,72.14903076171879,73.0,-0.8509692382812091,0.8509692382812091
KNYC,HRRR,2026-05-10 14:00:00+00:00,2026-05-10,0,72.26043212890629,73.0,-0.7395678710937119,0.7395678710937119
KNYC,HRRR,2026-05-10 15:00:00+00:00,2026-05-10,0,73.29413574218754,73.0,0.29413574218753524,0.29413574218753524
KNYC,HRRR,2026-05-10 16:00:00+00:00,2026-05-10,0,73.89552734375005,73.0,0.8955273437500466,0.8955273437500466
KNYC,HRRR,2026-05-10 17:00:00+00:00,2026-05-10,0,74.53229492187504,73.0,1.5322949218750352,1.5322949218750352
KNYC,HRRR,2026-05-10 18:00:00+00:00,2026-05-10,0,72.89708984375004,73.0,-0.10291015624996191,0.10291015624996191
KNYC,HRRR,2026-05-10 19:00:00+00:00,2026-05-10,0,73.96721313476567,73.0,0.9672131347656716,0.9672131347656716
KNYC,HRRR,2026-05-10 20:00:00+00:00,2026-05-10,0,72.44758422851567,73.0,-0.5524157714843341,0.5524157714843341
KNYC,HRRR,2026-05-10 21:00:00+00:00,2026-05-10,0,70.31777465820316,73.0,-2.682225341796837,2.682225341796837
KNYC,HRRR,2026-05-10 22:00:00+00:00,2026-05-10,0,65.14502685546879,73.0,-7.854973144531215,7.854973144531215
KNYC,HRRR,2026-05-10 23:00:00+00:00,2026-05-10,0,64.00887573242191,73.0,-8.991124267578087,8.991124267578087
KNYC,HRRR,2026-05-11 00:00:00+00:00,2026-05-10,0,61.890107421875044,73.0,-11.109892578124956,11.109892578124956
KNYC,HRRR,2026-05-11 01:00:00+00:00,2026-05-10,0,62.969678955078166,73.0,-10.030321044921834,10.030321044921834
KNYC,HRRR,2026-05-11 02:00:00+00:00,2026-05-10,0,63.19039428710941,73.0,-9.809605712890587,9.809605712890587
KNYC,NBM,2026-05-10 06:00:00+00:00,2026-05-10,0,76.91001098632816,73.0,3.9100109863281602,3.9100109863281602
KNYC,NBM,2026-05-10 12:00:00+00:00,2026-05-10,0,76.54998901367192,73.0,3.5499890136719188,3.5499890136719188
KNYC,HRRR,2026-05-09 06:00:00+00:00,2026-05-10,1,78.04314086914067,73.0,5.043140869140672,5.043140869140672
KNYC,HRRR,2026-05-09 18:00:00+00:00,2026-05-10,1,71.02567871093754,73.0,-1.974321289062459,1.974321289062459
KNYC,HRRR,2026-05-09 19:00:00+00:00,2026-05-10,1,53.23480346679692,73.0,-19.76519653320308,19.76519653320308
KNYC,HRRR,2026-05-09 20:00:00+00:00,2026-05-10,1,56.07312133789067,73.0,-16.92687866210933,16.92687866210933
KNYC,HRRR,2026-05-09 21:00:00+00:00,2026-05-10,1,59.24179809570317,73.0,-13.758201904296833,13.758201904296833
KNYC,HRRR,2026-05-09 22:00:00+00:00,2026-05-10,1,65.84254882812505,73.0,-7.157451171874953,7.157451171874953
KNYC,HRRR,2026-05-09 23:00:00+00:00,2026-05-10,1,67.90528686523442,73.0,-5.094713134765584,5.094713134765584
KNYC,HRRR,2026-05-10 00:00:00+00:00,2026-05-10,1,72.82738159179692,73.0,-0.1726184082030784,0.1726184082030784
KNYC,HRRR,2026-05-10 01:00:00+00:00,2026-05-10,1,72.9567456054688,73.0,-0.04325439453120339,0.04325439453120339
KNYC,HRRR,2026-05-10 02:00:00+00:00,2026-05-10,1,73.12939575195317,73.0,0.12939575195316877,0.12939575195316877
KNYC,HRRR,2026-05-10 03:00:00+00:00,2026-05-10,1,75.77869384765629,73.0,2.7786938476562852,2.7786938476562852
KNYC,NBM,2026-05-09 12:00:00+00:00,2026-05-10,1,76.73000000000005,73.0,3.7300000000000466,3.7300000000000466
KNYC,NBM,2026-05-09 18:00:00+00:00,2026-05-10,1,77.44998901367191,73.0,4.44998901367191,4.44998901367191
KNYC,NBM,2026-05-10 00:00:00+00:00,2026-05-10,1,77.2699780273438,73.0,4.269978027343797,4.269978027343797
KNYC,GFS,2026-05-08 06:00:00+00:00,2026-05-10,2,77.7,73.0,4.700000000000003,4.700000000000003
KNYC,GFS,2026-05-08 12:00:00+00:00,2026-05-10,2,77.3,73.0,4.299999999999997,4.299999999999997
KNYC,GFS,2026-05-08 18:00:00+00:00,2026-05-10,2,77.3,73.0,4.299999999999997,4.299999999999997
KNYC,GFS,2026-05-09 00:00:00+00:00,2026-05-10,2,75.9,73.0,2.9000000000000057,2.9000000000000057
KNYC,HRRR,2026-05-08 18:00:00+00:00,2026-05-10,2,53.65958984375004,73.0,-19.34041015624996,19.34041015624996
KNYC,HRRR,2026-05-09 00:00:00+00:00,2026-05-10,2,74.4662670898438,73.0,1.4662670898437966,1.4662670898437966
KNYC,NBM,2026-05-08 06:00:00+00:00,2026-05-10,2,76.73000000000005,73.0,3.7300000000000466,3.7300000000000466
KNYC,NBM,2026-05-08 12:00:00+00:00,2026-05-10,2,76.54998901367192,73.0,3.5499890136719188,3.5499890136719188
KNYC,NBM,2026-05-08 18:00:00+00:00,2026-05-10,2,76.54998901367192,73.0,3.5499890136719188,3.5499890136719188
KNYC,GFS,2026-05-07 06:00:00+00:00,2026-05-10,3,75.9,73.0,2.9000000000000057,2.9000000000000057
KNYC,GFS,2026-05-07 12:00:00+00:00,2026-05-10,3,77.7,73.0,4.700000000000003,4.700000000000003
KNYC,GFS,2026-05-07 18:00:00+00:00,2026-05-10,3,74.1,73.0,1.0999999999999943,1.0999999999999943
KNYC,GFS,2026-05-08 00:00:00+00:00,2026-05-10,3,73.5,73.0,0.5,0.5
KNYC,NBM,2026-05-07 06:00:00+00:00,2026-05-10,3,75.64998901367191,73.0,2.649989013671913,2.649989013671913
KNYC,NBM,2026-05-07 12:00:00+00:00,2026-05-10,3,75.64998901367191,73.0,2.649989013671913,2.649989013671913
KNYC,NBM,2026-05-07 18:00:00+00:00,2026-05-10,3,75.83000000000004,73.0,2.830000000000041,2.830000000000041
KNYC,NBM,2026-05-08 00:00:00+00:00,2026-05-10,3,75.83000000000004,73.0,2.830000000000041,2.830000000000041
KNYC,GFS,2026-05-06 06:00:00+00:00,2026-05-10,4,70.3,73.0,-2.700000000000003,2.700000000000003
KNYC,GFS,2026-05-06 12:00:00+00:00,2026-05-10,4,71.4,73.0,-1.5999999999999943,1.5999999999999943
KNYC,GFS,2026-05-06 18:00:00+00:00,2026-05-10,4,74.1,73.0,1.0999999999999943,1.0999999999999943
KNYC,GFS,2026-05-07 00:00:00+00:00,2026-05-10,4,75.9,73.0,2.9000000000000057,2.9000000000000057
KNYC,NBM,2026-05-06 06:00:00+00:00,2026-05-10,4,74.5699780273438,73.0,1.5699780273437938,1.5699780273437938
KNYC,NBM,2026-05-06 12:00:00+00:00,2026-05-10,4,75.46997802734379,73.0,2.4699780273437852,2.4699780273437852
KNYC,GFS,2026-05-05 06:00:00+00:00,2026-05-10,5,73.6,73.0,0.5999999999999943,0.5999999999999943
KNYC,GFS,2026-05-05 18:00:00+00:00,2026-05-10,5,72.1,73.0,-0.9000000000000057,0.9000000000000057
KNYC,GFS,2026-05-06 00:00:00+00:00,2026-05-10,5,70.3,73.0,-2.700000000000003,2.700000000000003
KNYC,GFS,2026-05-04 06:00:00+00:00,2026-05-10,6,71.8,73.0,-1.2000000000000028,1.2000000000000028
KNYC,GFS,2026-05-04 12:00:00+00:00,2026-05-10,6,69.4,73.0,-3.5999999999999943,3.5999999999999943
KNYC,GFS,2026-05-04 18:00:00+00:00,2026-05-10,6,73.5,73.0,0.5,0.5
KNYC,GFS,2026-05-05 00:00:00+00:00,2026-05-10,6,73.7,73.0,0.7000000000000028,0.7000000000000028
KNYC,NBM,2026-05-04 06:00:00+00:00,2026-05-10,6,73.15290649414067,73.0,0.15290649414066593,0.15290649414066593
KNYC,NBM,2026-05-04 12:00:00+00:00,2026-05-10,6,74.74114501953129,73.0,1.741145019531288,1.741145019531288
KNYC,NBM,2026-05-04 18:00:00+00:00,2026-05-10,6,75.40252197265629,73.0,2.402521972656288,2.402521972656288
KNYC,NBM,2026-05-05 00:00:00+00:00,2026-05-10,6,75.9900708007813,73.0,2.9900708007812966,2.9900708007812966
KNYC,GFS,2026-05-03 06:00:00+00:00,2026-05-10,7,72.6,73.0,-0.4000000000000057,0.4000000000000057
KNYC,GFS,2026-05-03 12:00:00+00:00,2026-05-10,7,69.4,73.0,-3.5999999999999943,3.5999999999999943
KNYC,GFS,2026-05-03 18:00:00+00:00,2026-05-10,7,62.5,73.0,-10.5,10.5
KNYC,GFS,2026-05-04 00:00:00+00:00,2026-05-10,7,70.6,73.0,-2.4000000000000057,2.4000000000000057
KNYC,NBM,2026-05-03 06:00:00+00:00,2026-05-10,7,69.84904296875004,73.0,-3.150957031249959,3.150957031249959
KNYC,NBM,2026-05-03 12:00:00+00:00,2026-05-10,7,69.25050781250005,73.0,-3.7494921874999534,3.7494921874999534
KNYC,NBM,2026-05-03 18:00:00+00:00,2026-05-10,7,71.7856030273438,73.0,-1.2143969726562034,1.2143969726562034
KNYC,NBM,2026-05-04 00:00:00+00:00,2026-05-10,7,71.8482250976563,73.0,-1.1517749023437034,1.1517749023437034
KMDW,ECMWF,2026-05-11 06:00:00+00:00,2026-05-11,0,55.9,56.0,-0.10000000000000142,0.10000000000000142
KMDW,ECMWF,2026-05-11 12:00:00+00:00,2026-05-11,0,56.0,56.0,0.0,0.0
KMDW,ECMWF,2026-05-11 18:00:00+00:00,2026-05-11,0,55.7,56.0,-0.29999999999999716,0.29999999999999716
KMDW,ECMWF,2026-05-12 00:00:00+00:00,2026-05-11,0,50.9,56.0,-5.100000000000001,5.100000000000001
KMDW,GFS,2026-05-11 06:00:00+00:00,2026-05-11,0,57.4,56.0,1.3999999999999986,1.3999999999999986
KMDW,GFS,2026-05-11 12:00:00+00:00,2026-05-11,0,57.5,56.0,1.5,1.5
KMDW,GFS,2026-05-11 18:00:00+00:00,2026-05-11,0,56.1,56.0,0.10000000000000142,0.10000000000000142
KMDW,GFS,2026-05-12 00:00:00+00:00,2026-05-11,0,49.5,56.0,-6.5,6.5
KMDW,HRRR,2026-05-11 05:00:00+00:00,2026-05-11,0,57.71024902343754,56.0,1.710249023437541,1.710249023437541
KMDW,HRRR,2026-05-11 06:00:00+00:00,2026-05-11,0,57.03876464843754,56.0,1.0387646484375423,1.0387646484375423
KMDW,HRRR,2026-05-11 07:00:00+00:00,2026-05-11,0,57.122041015625044,56.0,1.1220410156250438,1.1220410156250438
KMDW,HRRR,2026-05-11 08:00:00+00:00,2026-05-11,0,57.79791992187504,56.0,1.7979199218750423,1.7979199218750423
KMDW,HRRR,2026-05-11 09:00:00+00:00,2026-05-11,0,57.83966796875004,56.0,1.8396679687500423,1.8396679687500423
KMDW,HRRR,2026-05-11 10:00:00+00:00,2026-05-11,0,57.80198486328129,56.0,1.801984863281291,1.801984863281291
KMDW,HRRR,2026-05-11 11:00:00+00:00,2026-05-11,0,57.50442016601566,56.0,1.504420166015663,1.504420166015663
KMDW,HRRR,2026-05-11 12:00:00+00:00,2026-05-11,0,56.74257324218754,56.0,0.7425732421875395,0.7425732421875395
KMDW,HRRR,2026-05-11 13:00:00+00:00,2026-05-11,0,56.72274291992191,56.0,0.7227429199219131,0.7227429199219131
KMDW,HRRR,2026-05-11 14:00:00+00:00,2026-05-11,0,56.40798461914066,56.0,0.4079846191406631,0.4079846191406631
KMDW,HRRR,2026-05-11 15:00:00+00:00,2026-05-11,0,56.45648925781254,56.0,0.45648925781254235,0.45648925781254235
KMDW,HRRR,2026-05-11 16:00:00+00:00,2026-05-11,0,57.83697631835942,56.0,1.8369763183594188,1.8369763183594188
KMDW,HRRR,2026-05-11 17:00:00+00:00,2026-05-11,0,56.027967529296916,56.0,0.027967529296915927,0.027967529296915927
KMDW,HRRR,2026-05-11 18:00:00+00:00,2026-05-11,0,56.884901123046916,56.0,0.8849011230469159,0.8849011230469159
KMDW,HRRR,2026-05-11 19:00:00+00:00,2026-05-11,0,55.604114990234415,56.0,-0.3958850097655855,0.3958850097655855
KMDW,HRRR,2026-05-11 20:00:00+00:00,2026-05-11,0,54.67203491210942,56.0,-1.3279650878905827,1.3279650878905827
KMDW,HRRR,2026-05-11 21:00:00+00:00,2026-05-11,0,51.801746826171915,56.0,-4.1982531738280855,4.1982531738280855
KMDW,HRRR,2026-05-11 22:00:00+00:00,2026-05-11,0,51.11878173828129,56.0,-4.881218261718708,4.881218261718708
KMDW,HRRR,2026-05-11 23:00:00+00:00,2026-05-11,0,49.486542968750044,56.0,-6.513457031249956,6.513457031249956
KMDW,HRRR,2026-05-12 00:00:00+00:00,2026-05-11,0,47.81848876953129,56.0,-8.181511230468708,8.181511230468708
KMDW,HRRR,2026-05-12 01:00:00+00:00,2026-05-11,0,45.38468750000004,56.0,-10.615312499999959,10.615312499999959
KMDW,HRRR,2026-05-12 02:00:00+00:00,2026-05-11,0,43.54008300781254,56.0,-12.459916992187459,12.459916992187459
KMDW,HRRR,2026-05-12 03:00:00+00:00,2026-05-11,0,42.72841308593754,56.0,-13.27158691406246,13.27158691406246
KMDW,NBM,2026-05-11 06:00:00+00:00,2026-05-11,0,56.749989013671915,56.0,0.7499890136719145,0.7499890136719145
KMDW,NBM,2026-05-11 12:00:00+00:00,2026-05-11,0,56.569978027343794,56.0,0.5699780273437938,0.5699780273437938
KMDW,ECMWF,2026-05-10 18:00:00+00:00,2026-05-11,1,55.8,56.0,-0.20000000000000284,0.20000000000000284
KMDW,ECMWF,2026-05-11 00:00:00+00:00,2026-05-11,1,56.1,56.0,0.10000000000000142,0.10000000000000142
KMDW,GFS,2026-05-10 18:00:00+00:00,2026-05-11,1,54.2,56.0,-1.7999999999999972,1.7999999999999972
KMDW,GFS,2026-05-11 00:00:00+00:00,2026-05-11,1,55.3,56.0,-0.7000000000000028,0.7000000000000028
KMDW,HRRR,2026-05-10 06:00:00+00:00,2026-05-11,1,56.18007324218754,56.0,0.1800732421875395,0.1800732421875395
KMDW,HRRR,2026-05-10 11:00:00+00:00,2026-05-11,1,47.00901611328129,56.0,-8.990983886718709,8.990983886718709
KMDW,HRRR,2026-05-10 12:00:00+00:00,2026-05-11,1,54.151502685546916,56.0,-1.848497314453084,1.848497314453084
KMDW,HRRR,2026-05-10 13:00:00+00:00,2026-05-11,1,47.36261108398442,56.0,-8.637388916015581,8.637388916015581
KMDW,HRRR,2026-05-10 14:00:00+00:00,2026-05-11,1,50.04365966796879,56.0,-5.9563403320312105,5.9563403320312105
KMDW,HRRR,2026-05-10 15:00:00+00:00,2026-05-11,1,50.76688964843754,56.0,-5.233110351562459,5.233110351562459
KMDW,HRRR,2026-05-10 16:00:00+00:00,2026-05-11,1,50.72080200195317,56.0,-5.279197998046833,5.279197998046833
KMDW,HRRR,2026-05-10 17:00:00+00:00,2026-05-11,1,50.14330566406254,56.0,-5.856694335937462,5.856694335937462
KMDW,HRRR,2026-05-10 18:00:00+00:00,2026-05-11,1,55.09550292968754,56.0,-0.9044970703124591,0.9044970703124591
KMDW,HRRR,2026-05-10 19:00:00+00:00,2026-05-11,1,50.30326660156254,56.0,-5.696733398437459,5.696733398437459
KMDW,HRRR,2026-05-10 20:00:00+00:00,2026-05-11,1,52.158417968750044,56.0,-3.8415820312499562,3.8415820312499562
KMDW,HRRR,2026-05-10 21:00:00+00:00,2026-05-11,1,53.543079833984415,56.0,-2.4569201660155855,2.4569201660155855
KMDW,HRRR,2026-05-10 22:00:00+00:00,2026-05-11,1,55.19251220703129,56.0,-0.8074877929687077,0.8074877929687077
KMDW,HRRR,2026-05-10 23:00:00+00:00,2026-05-11,1,56.99322631835942,56.0,0.9932263183594188,0.9932263183594188
KMDW,HRRR,2026-05-11 00:00:00+00:00,2026-05-11,1,57.451630859375044,56.0,1.4516308593750438,1.4516308593750438
KMDW,HRRR,2026-05-11 01:00:00+00:00,2026-05-11,1,57.57709472656254,56.0,1.5770947265625423,1.5770947265625423
KMDW,HRRR,2026-05-11 02:00:00+00:00,2026-05-11,1,57.89240234375004,56.0,1.8924023437500423,1.8924023437500423
KMDW,HRRR,2026-05-11 03:00:00+00:00,2026-05-11,1,57.650318603515665,56.0,1.6503186035156645,1.6503186035156645
KMDW,HRRR,2026-05-11 04:00:00+00:00,2026-05-11,1,57.378187255859416,56.0,1.378187255859416,1.378187255859416
KMDW,NBM,2026-05-10 06:00:00+00:00,2026-05-11,1,57.46997802734379,56.0,1.4699780273437923,1.4699780273437923
KMDW,NBM,2026-05-10 12:00:00+00:00,2026-05-11,1,57.64998901367191,56.0,1.649989013671913,1.649989013671913
KMDW,NBM,2026-05-10 18:00:00+00:00,2026-05-11,1,57.29002197265629,56.0,1.290021972656291,1.290021972656291
KMDW,NBM,2026-05-11 00:00:00+00:00,2026-05-11,1,57.29002197265629,56.0,1.290021972656291,1.290021972656291
KMDW,HRRR,2026-05-09 06:00:00+00:00,2026-05-11,2,43.57485473632816,56.0,-12.425145263671837,12.425145263671837
KMDW,HRRR,2026-05-09 18:00:00+00:00,2026-05-11,2,52.829517822265665,56.0,-3.1704821777343355,3.1704821777343355
KMDW,HRRR,2026-05-10 00:00:00+00:00,2026-05-11,2,53.871900634765666,56.0,-2.128099365234334,2.128099365234334
KMDW,NBM,2026-05-09 12:00:00+00:00,2026-05-11,2,57.83000000000004,56.0,1.830000000000041,1.830000000000041
KMDW,NBM,2026-05-09 18:00:00+00:00,2026-05-11,2,58.19002197265629,56.0,2.1900219726562895,2.1900219726562895
KMDW,NBM,2026-05-10 00:00:00+00:00,2026-05-11,2,57.83000000000004,56.0,1.830000000000041,1.830000000000041
KMDW,GFS,2026-05-08 06:00:00+00:00,2026-05-11,3,59.2,56.0,3.200000000000003,3.200000000000003
KMDW,GFS,2026-05-08 12:00:00+00:00,2026-05-11,3,59.2,56.0,3.200000000000003,3.200000000000003
KMDW,GFS,2026-05-08 18:00:00+00:00,2026-05-11,3,59.2,56.0,3.200000000000003,3.200000000000003
KMDW,GFS,2026-05-09 00:00:00+00:00,2026-05-11,3,58.8,56.0,2.799999999999997,2.799999999999997
KMDW,NBM,2026-05-08 06:00:00+00:00,2026-05-11,3,57.83000000000004,56.0,1.830000000000041,1.830000000000041
KMDW,NBM,2026-05-08 12:00:00+00:00,2026-05-11,3,58.73000000000004,56.0,2.7300000000000395,2.7300000000000395
KMDW,NBM,2026-05-08 18:00:00+00:00,2026-05-11,3,57.46997802734379,56.0,1.4699780273437923,1.4699780273437923
KMDW,GFS,2026-05-07 06:00:00+00:00,2026-05-11,4,57.0,56.0,1.0,1.0
KMDW,GFS,2026-05-07 12:00:00+00:00,2026-05-11,4,58.8,56.0,2.799999999999997,2.799999999999997
KMDW,GFS,2026-05-07 18:00:00+00:00,2026-05-11,4,59.0,56.0,3.0,3.0
KMDW,GFS,2026-05-08 00:00:00+00:00,2026-05-11,4,60.1,56.0,4.100000000000001,4.100000000000001
KMDW,NBM,2026-05-07 06:00:00+00:00,2026-05-11,4,59.63000000000004,56.0,3.630000000000038,3.630000000000038
KMDW,NBM,2026-05-07 12:00:00+00:00,2026-05-11,4,58.91001098632817,56.0,2.9100109863281673,2.9100109863281673
KMDW,NBM,2026-05-07 18:00:00+00:00,2026-05-11,4,57.29002197265629,56.0,1.290021972656291,1.290021972656291
KMDW,NBM,2026-05-08 00:00:00+00:00,2026-05-11,4,56.749989013671915,56.0,0.7499890136719145,0.7499890136719145
KMDW,GFS,2026-05-06 06:00:00+00:00,2026-05-11,5,61.5,56.0,5.5,5.5
KMDW,GFS,2026-05-06 12:00:00+00:00,2026-05-11,5,62.4,56.0,6.399999999999999,6.399999999999999
KMDW,GFS,2026-05-06 18:00:00+00:00,2026-05-11,5,59.3,56.0,3.299999999999997,3.299999999999997
KMDW,GFS,2026-05-07 00:00:00+00:00,2026-05-11,5,57.0,56.0,1.0,1.0
KMDW,NBM,2026-05-06 06:00:00+00:00,2026-05-11,5,61.61001098632816,56.0,5.610010986328163,5.610010986328163
KMDW,NBM,2026-05-06 12:00:00+00:00,2026-05-11,5,60.349989013671916,56.0,4.349989013671916,4.349989013671916
KMDW,GFS,2026-05-05 06:00:00+00:00,2026-05-11,6,71.3,56.0,15.299999999999997,15.299999999999997
KMDW,GFS,2026-05-05 18:00:00+00:00,2026-05-11,6,61.0,56.0,5.0,5.0
KMDW,GFS,2026-05-06 00:00:00+00:00,2026-05-11,6,61.5,56.0,5.5,5.5
KMDW,NBM,2026-05-05 06:00:00+00:00,2026-05-11,6,63.04998901367192,56.0,7.049989013671919,7.049989013671919
KMDW,GFS,2026-05-04 06:00:00+00:00,2026-05-11,7,62.6,56.0,6.600000000000001,6.600000000000001
KMDW,GFS,2026-05-04 12:00:00+00:00,2026-05-11,7,66.1,56.0,10.099999999999994,10.099999999999994
KMDW,GFS,2026-05-04 18:00:00+00:00,2026-05-11,7,63.9,56.0,7.899999999999999,7.899999999999999
KMDW,GFS,2026-05-05 00:00:00+00:00,2026-05-11,7,65.7,56.0,9.700000000000003,9.700000000000003
KMDW,NBM,2026-05-04 06:00:00+00:00,2026-05-11,7,63.69142578125004,56.0,7.6914257812500395,7.6914257812500395
KMDW,NBM,2026-05-04 12:00:00+00:00,2026-05-11,7,63.74668701171879,56.0,7.746687011718791,7.746687011718791
KMDW,NBM,2026-05-04 18:00:00+00:00,2026-05-11,7,62.55379150390629,56.0,6.5537915039062895,6.5537915039062895
KMDW,NBM,2026-05-05 00:00:00+00:00,2026-05-11,7,62.40146606445317,56.0,6.401466064453167,6.401466064453167
KMIA,ECMWF,2026-05-11 06:00:00+00:00,2026-05-11,0,87.3,90.0,-2.700000000000003,2.700000000000003
KMIA,ECMWF,2026-05-11 12:00:00+00:00,2026-05-11,0,88.1,90.0,-1.9000000000000057,1.9000000000000057
KMIA,ECMWF,2026-05-11 18:00:00+00:00,2026-05-11,0,87.7,90.0,-2.299999999999997,2.299999999999997
KMIA,ECMWF,2026-05-12 00:00:00+00:00,2026-05-11,0,83.8,90.0,-6.200000000000003,6.200000000000003
KMIA,GFS,2026-05-11 06:00:00+00:00,2026-05-11,0,89.1,90.0,-0.9000000000000057,0.9000000000000057
KMIA,GFS,2026-05-11 12:00:00+00:00,2026-05-11,0,89.3,90.0,-0.7000000000000028,0.7000000000000028
KMIA,GFS,2026-05-11 18:00:00+00:00,2026-05-11,0,88.7,90.0,-1.2999999999999972,1.2999999999999972
KMIA,GFS,2026-05-12 00:00:00+00:00,2026-05-11,0,84.2,90.0,-5.799999999999997,5.799999999999997
KMIA,HRRR,2026-05-11 04:00:00+00:00,2026-05-11,0,89.03518188476566,90.0,-0.9648181152343369,0.9648181152343369
KMIA,HRRR,2026-05-11 05:00:00+00:00,2026-05-11,0,88.15836303710941,90.0,-1.8416369628905898,1.8416369628905898
KMIA,HRRR,2026-05-11 06:00:00+00:00,2026-05-11,0,89.04891479492191,90.0,-0.9510852050780869,0.9510852050780869
KMIA,HRRR,2026-05-11 07:00:00+00:00,2026-05-11,0,89.07204101562505,90.0,-0.9279589843749534,0.9279589843749534
KMIA,HRRR,2026-05-11 08:00:00+00:00,2026-05-11,0,89.2938549804688,90.0,-0.7061450195312062,0.7061450195312062
KMIA,HRRR,2026-05-11 09:00:00+00:00,2026-05-11,0,89.22716796875004,90.0,-0.7728320312499619,0.7728320312499619
KMIA,HRRR,2026-05-11 10:00:00+00:00,2026-05-11,0,89.41448486328129,90.0,-0.5855151367187119,0.5855151367187119
KMIA,HRRR,2026-05-11 11:00:00+00:00,2026-05-11,0,89.22942016601567,90.0,-0.7705798339843284,0.7705798339843284
KMIA,HRRR,2026-05-11 12:00:00+00:00,2026-05-11,0,89.03007324218754,90.0,-0.9699267578124591,0.9699267578124591
KMIA,HRRR,2026-05-11 13:00:00+00:00,2026-05-11,0,88.40593994140629,90.0,-1.594060058593712,1.594060058593712
KMIA,HRRR,2026-05-11 14:00:00+00:00,2026-05-11,0,87.93539550781254,90.0,-2.0646044921874562,2.0646044921874562
KMIA,HRRR,2026-05-11 15:00:00+00:00,2026-05-11,0,87.92375000000004,90.0,-2.076249999999959,2.076249999999959
KMIA,HRRR,2026-05-11 16:00:00+00:00,2026-05-11,0,88.88939331054692,90.0,-1.1106066894530784,1.1106066894530784
KMIA,HRRR,2026-05-11 17:00:00+00:00,2026-05-11,0,88.65296752929692,90.0,-1.347032470703084,1.347032470703084
KMIA,HRRR,2026-05-11 18:00:00+00:00,2026-05-11,0,88.12485473632816,90.0,-1.8751452636718398,1.8751452636718398
KMIA,HRRR,2026-05-11 19:00:00+00:00,2026-05-11,0,88.56661499023441,90.0,-1.433385009765587,1.433385009765587
KMIA,HRRR,2026-05-11 20:00:00+00:00,2026-05-11,0,87.07203491210942,90.0,-2.927965087890584,2.927965087890584
KMIA,HRRR,2026-05-11 21:00:00+00:00,2026-05-11,0,86.00174682617191,90.0,-3.9982531738280898,3.9982531738280898
KMIA,HRRR,2026-05-11 22:00:00+00:00,2026-05-11,0,84.9812817382813,90.0,-5.018718261718703,5.018718261718703
KMIA,HRRR,2026-05-11 23:00:00+00:00,2026-05-11,0,84.13654296875004,90.0,-5.863457031249965,5.863457031249965
KMIA,HRRR,2026-05-12 00:00:00+00:00,2026-05-11,0,82.9184887695313,90.0,-7.081511230468706,7.081511230468706
KMIA,HRRR,2026-05-12 01:00:00+00:00,2026-05-11,0,81.94718750000004,90.0,-8.052812499999959,8.052812499999959
KMIA,HRRR,2026-05-12 02:00:00+00:00,2026-05-11,0,82.01508300781254,90.0,-7.984916992187465,7.984916992187465
KMIA,NBM,2026-05-11 06:00:00+00:00,2026-05-11,0,90.04998901367192,90.0,0.04998901367191877,0.04998901367191877
KMIA,NBM,2026-05-11 12:00:00+00:00,2026-05-11,0,90.23000000000005,90.0,0.2300000000000466,0.2300000000000466
KMIA,ECMWF,2026-05-10 18:00:00+00:00,2026-05-11,1,87.7,90.0,-2.299999999999997,2.299999999999997
KMIA,ECMWF,2026-05-11 00:00:00+00:00,2026-05-11,1,86.8,90.0,-3.200000000000003,3.200000000000003
KMIA,GFS,2026-05-10 18:00:00+00:00,2026-05-11,1,87.9,90.0,-2.0999999999999943,2.0999999999999943
KMIA,GFS,2026-05-11 00:00:00+00:00,2026-05-11,1,87.9,90.0,-2.0999999999999943,2.0999999999999943
KMIA,HRRR,2026-05-10 06:00:00+00:00,2026-05-11,1,88.07492187500004,90.0,-1.9250781249999562,1.9250781249999562
KMIA,HRRR,2026-05-10 10:00:00+00:00,2026-05-11,1,76.9408276367188,90.0,-13.059172363281206,13.059172363281206
KMIA,HRRR,2026-05-10 11:00:00+00:00,2026-05-11,1,76.12135742187505,90.0,-13.878642578124953,13.878642578124953
KMIA,HRRR,2026-05-10 12:00:00+00:00,2026-05-11,1,87.7821362304688,90.0,-2.2178637695312062,2.2178637695312062
KMIA,HRRR,2026-05-10 13:00:00+00:00,2026-05-11,1,78.46078613281254,90.0,-11.539213867187456,11.539213867187456
KMIA,HRRR,2026-05-10 14:00:00+00:00,2026-05-11,1,79.43153808593755,90.0,-10.568461914062453,10.568461914062453
KMIA,HRRR,2026-05-10 15:00:00+00:00,2026-05-11,1,79.69268310546879,90.0,-10.307316894531212,10.307316894531212
KMIA,HRRR,2026-05-10 16:00:00+00:00,2026-05-11,1,79.39638183593755,90.0,-10.603618164062453,10.603618164062453
KMIA,HRRR,2026-05-10 17:00:00+00:00,2026-05-11,1,80.4015209960938,90.0,-9.598479003906206,9.598479003906206
KMIA,HRRR,2026-05-10 18:00:00+00:00,2026-05-11,1,87.98763549804691,90.0,-2.012364501953087,2.012364501953087
KMIA,HRRR,2026-05-10 19:00:00+00:00,2026-05-11,1,82.81576660156254,90.0,-7.184233398437456,7.184233398437456
KMIA,HRRR,2026-05-10 20:00:00+00:00,2026-05-11,1,84.22091796875004,90.0,-5.779082031249956,5.779082031249956
KMIA,HRRR,2026-05-10 21:00:00+00:00,2026-05-11,1,86.73057983398442,90.0,-3.2694201660155784,3.2694201660155784
KMIA,HRRR,2026-05-10 22:00:00+00:00,2026-05-11,1,87.81751220703129,90.0,-2.1824877929687148,2.1824877929687148
KMIA,HRRR,2026-05-10 23:00:00+00:00,2026-05-11,1,87.67930419921879,90.0,-2.320695800781209,2.320695800781209
KMIA,HRRR,2026-05-11 00:00:00+00:00,2026-05-11,1,88.67472045898441,90.0,-1.3252795410155898,1.3252795410155898
KMIA,HRRR,2026-05-11 01:00:00+00:00,2026-05-11,1,89.07544677734379,90.0,-0.9245532226562148,0.9245532226562148
KMIA,HRRR,2026-05-11 02:00:00+00:00,2026-05-11,1,88.51706665039066,90.0,-1.4829333496093398,1.4829333496093398
KMIA,HRRR,2026-05-11 03:00:00+00:00,2026-05-11,1,88.70872314453129,90.0,-1.291276855468709,1.291276855468709
KMIA,NBM,2026-05-10 06:00:00+00:00,2026-05-11,1,90.23000000000005,90.0,0.2300000000000466,0.2300000000000466
KMIA,NBM,2026-05-10 12:00:00+00:00,2026-05-11,1,90.23000000000005,90.0,0.2300000000000466,0.2300000000000466
KMIA,NBM,2026-05-10 18:00:00+00:00,2026-05-11,1,90.04998901367192,90.0,0.04998901367191877,0.04998901367191877
KMIA,NBM,2026-05-11 00:00:00+00:00,2026-05-11,1,89.6900219726563,90.0,-0.3099780273437034,0.3099780273437034
KMIA,HRRR,2026-05-09 06:00:00+00:00,2026-05-11,2,76.57410400390629,90.0,-13.425895996093715,13.425895996093715
KMIA,HRRR,2026-05-09 18:00:00+00:00,2026-05-11,2,87.01616943359379,90.0,-2.983830566406212,2.983830566406212
KMIA,HRRR,2026-05-10 00:00:00+00:00,2026-05-11,2,83.90940063476566,90.0,-6.09059936523434,6.09059936523434
KMIA,NBM,2026-05-09 12:00:00+00:00,2026-05-11,2,90.23000000000005,90.0,0.2300000000000466,0.2300000000000466
KMIA,NBM,2026-05-09 18:00:00+00:00,2026-05-11,2,90.41001098632816,90.0,0.41001098632816024,0.41001098632816024
KMIA,NBM,2026-05-10 00:00:00+00:00,2026-05-11,2,89.51001098632817,90.0,-0.48998901367183123,0.48998901367183123
KMIA,GFS,2026-05-08 06:00:00+00:00,2026-05-11,3,90.5,90.0,0.5,0.5
KMIA,GFS,2026-05-08 12:00:00+00:00,2026-05-11,3,90.5,90.0,0.5,0.5
KMIA,GFS,2026-05-08 18:00:00+00:00,2026-05-11,3,90.5,90.0,0.5,0.5
KMIA,GFS,2026-05-09 00:00:00+00:00,2026-05-11,3,89.8,90.0,-0.20000000000000284,0.20000000000000284
KMIA,NBM,2026-05-08 06:00:00+00:00,2026-05-11,3,91.13000000000004,90.0,1.130000000000038,1.130000000000038
KMIA,NBM,2026-05-08 12:00:00+00:00,2026-05-11,3,91.13000000000004,90.0,1.130000000000038,1.130000000000038
KMIA,NBM,2026-05-08 18:00:00+00:00,2026-05-11,3,90.7699780273438,90.0,0.7699780273437966,0.7699780273437966
KMIA,NBM,2026-05-09 00:00:00+00:00,2026-05-11,3,90.94998901367191,90.0,0.9499890136719102,0.9499890136719102
KMIA,GFS,2026-05-07 06:00:00+00:00,2026-05-11,4,90.3,90.0,0.29999999999999716,0.29999999999999716
KMIA,GFS,2026-05-07 12:00:00+00:00,2026-05-11,4,90.7,90.0,0.7000000000000028,0.7000000000000028
KMIA,GFS,2026-05-07 18:00:00+00:00,2026-05-11,4,90.3,90.0,0.29999999999999716,0.29999999999999716
KMIA,GFS,2026-05-08 00:00:00+00:00,2026-05-11,4,90.5,90.0,0.5,0.5
KMIA,NBM,2026-05-07 06:00:00+00:00,2026-05-11,4,90.94998901367191,90.0,0.9499890136719102,0.9499890136719102
KMIA,NBM,2026-05-07 12:00:00+00:00,2026-05-11,4,90.94998901367191,90.0,0.9499890136719102,0.9499890136719102
KMIA,NBM,2026-05-07 18:00:00+00:00,2026-05-11,4,90.94998901367191,90.0,0.9499890136719102,0.9499890136719102
KMIA,NBM,2026-05-08 00:00:00+00:00,2026-05-11,4,91.13000000000004,90.0,1.130000000000038,1.130000000000038
KMIA,GFS,2026-05-06 06:00:00+00:00,2026-05-11,5,89.8,90.0,-0.20000000000000284,0.20000000000000284
KMIA,GFS,2026-05-06 12:00:00+00:00,2026-05-11,5,89.3,90.0,-0.7000000000000028,0.7000000000000028
KMIA,GFS,2026-05-06 18:00:00+00:00,2026-05-11,5,88.6,90.0,-1.4000000000000057,1.4000000000000057
KMIA,GFS,2026-05-07 00:00:00+00:00,2026-05-11,5,90.3,90.0,0.29999999999999716,0.29999999999999716
KMIA,NBM,2026-05-06 06:00:00+00:00,2026-05-11,5,90.41001098632816,90.0,0.41001098632816024,0.41001098632816024
KMIA,NBM,2026-05-06 12:00:00+00:00,2026-05-11,5,90.41001098632816,90.0,0.41001098632816024,0.41001098632816024
KMIA,GFS,2026-05-05 06:00:00+00:00,2026-05-11,6,90.0,90.0,0.0,0.0
KMIA,GFS,2026-05-05 18:00:00+00:00,2026-05-11,6,90.1,90.0,0.09999999999999432,0.09999999999999432
KMIA,GFS,2026-05-06 00:00:00+00:00,2026-05-11,6,89.8,90.0,-0.20000000000000284,0.20000000000000284
KMIA,NBM,2026-05-05 06:00:00+00:00,2026-05-11,6,90.94998901367191,90.0,0.9499890136719102,0.9499890136719102
KMIA,GFS,2026-05-04 06:00:00+00:00,2026-05-11,7,89.8,90.0,-0.20000000000000284,0.20000000000000284
KMIA,GFS,2026-05-04 12:00:00+00:00,2026-05-11,7,90.0,90.0,0.0,0.0
KMIA,GFS,2026-05-04 18:00:00+00:00,2026-05-11,7,90.2,90.0,0.20000000000000284,0.20000000000000284
KMIA,GFS,2026-05-05 00:00:00+00:00,2026-05-11,7,90.1,90.0,0.09999999999999432,0.09999999999999432
KMIA,NBM,2026-05-04 06:00:00+00:00,2026-05-11,7,89.61141479492191,90.0,-0.3885852050780869,0.3885852050780869
KMIA,NBM,2026-05-04 12:00:00+00:00,2026-05-11,7,89.66673095703129,90.0,-0.3332690429687091,0.3332690429687091
KMIA,NBM,2026-05-04 18:00:00+00:00,2026-05-11,7,89.91375854492192,90.0,-0.08624145507808123,0.08624145507808123
KMIA,NBM,2026-05-05 00:00:00+00:00,2026-05-11,7,89.7614331054688,90.0,-0.2385668945312034,0.2385668945312034
KNYC,ECMWF,2026-05-11 06:00:00+00:00,2026-05-11,0,62.6,61.0,1.6000000000000014,1.6000000000000014
KNYC,ECMWF,2026-05-11 12:00:00+00:00,2026-05-11,0,62.2,61.0,1.2000000000000028,1.2000000000000028
KNYC,ECMWF,2026-05-11 18:00:00+00:00,2026-05-11,0,62.0,61.0,1.0,1.0
KNYC,ECMWF,2026-05-12 00:00:00+00:00,2026-05-11,0,56.6,61.0,-4.399999999999999,4.399999999999999
KNYC,GFS,2026-05-11 06:00:00+00:00,2026-05-11,0,65.9,61.0,4.900000000000006,4.900000000000006
KNYC,GFS,2026-05-11 12:00:00+00:00,2026-05-11,0,66.5,61.0,5.5,5.5
KNYC,GFS,2026-05-11 18:00:00+00:00,2026-05-11,0,63.7,61.0,2.700000000000003,2.700000000000003
KNYC,GFS,2026-05-12 00:00:00+00:00,2026-05-11,0,56.4,61.0,-4.600000000000001,4.600000000000001
KNYC,HRRR,2026-05-11 04:00:00+00:00,2026-05-11,0,66.04068725585941,61.0,5.04068725585941,5.04068725585941
KNYC,HRRR,2026-05-11 05:00:00+00:00,2026-05-11,0,66.59774902343754,61.0,5.597749023437544,5.597749023437544
KNYC,HRRR,2026-05-11 06:00:00+00:00,2026-05-11,0,66.82626464843754,61.0,5.826264648437544,5.826264648437544
KNYC,HRRR,2026-05-11 07:00:00+00:00,2026-05-11,0,66.71667602539067,61.0,5.716676025390669,5.716676025390669
KNYC,HRRR,2026-05-11 08:00:00+00:00,2026-05-11,0,66.50546386718754,61.0,5.505463867187544,5.505463867187544
KNYC,HRRR,2026-05-11 09:00:00+00:00,2026-05-11,0,66.12638061523441,61.0,5.12638061523441,5.12638061523441
KNYC,HRRR,2026-05-11 10:00:00+00:00,2026-05-11,0,65.76635864257817,61.0,4.766358642578169,4.766358642578169
KNYC,HRRR,2026-05-11 11:00:00+00:00,2026-05-11,0,66.61692016601566,61.0,5.61692016601566,5.61692016601566
KNYC,HRRR,2026-05-11 12:00:00+00:00,2026-05-11,0,66.5246899414063,61.0,5.524689941406294,5.524689941406294
KNYC,HRRR,2026-05-11 13:00:00+00:00,2026-05-11,0,65.98174560546879,61.0,4.981745605468788,4.981745605468788
KNYC,HRRR,2026-05-11 14:00:00+00:00,2026-05-11,0,66.11039550781254,61.0,5.110395507812541,5.110395507812541
KNYC,HRRR,2026-05-11 15:00:00+00:00,2026-05-11,0,65.76125000000005,61.0,4.761250000000047,4.761250000000047
KNYC,HRRR,2026-05-11 16:00:00+00:00,2026-05-11,0,64.9382641601563,61.0,3.9382641601562938,3.9382641601562938
KNYC,HRRR,2026-05-11 17:00:00+00:00,2026-05-11,0,63.88126953125004,61.0,2.881269531250041,2.881269531250041
KNYC,HRRR,2026-05-11 18:00:00+00:00,2026-05-11,0,62.990003662109416,61.0,1.990003662109416,1.990003662109416
KNYC,HRRR,2026-05-11 19:00:00+00:00,2026-05-11,0,62.370759277343794,61.0,1.3707592773437938,1.3707592773437938
KNYC,HRRR,2026-05-11 20:00:00+00:00,2026-05-11,0,61.778211669921916,61.0,0.7782116699219159,0.7782116699219159
KNYC,HRRR,2026-05-11 21:00:00+00:00,2026-05-11,0,61.364246826171915,61.0,0.3642468261719145,0.3642468261719145
KNYC,HRRR,2026-05-11 22:00:00+00:00,2026-05-11,0,60.68128173828129,61.0,-0.31871826171870765,0.31871826171870765
KNYC,HRRR,2026-05-11 23:00:00+00:00,2026-05-11,0,56.46154296875004,61.0,-4.538457031249962,4.538457031249962
KNYC,HRRR,2026-05-12 00:00:00+00:00,2026-05-11,0,54.68098876953129,61.0,-6.3190112304687105,6.3190112304687105
KNYC,HRRR,2026-05-12 01:00:00+00:00,2026-05-11,0,53.37218750000004,61.0,-7.627812499999962,7.627812499999962
KNYC,HRRR,2026-05-12 02:00:00+00:00,2026-05-11,0,50.51508300781254,61.0,-10.484916992187458,10.484916992187458
KNYC,NBM,2026-05-11 06:00:00+00:00,2026-05-11,0,63.94998901367192,61.0,2.9499890136719173,2.9499890136719173
KNYC,NBM,2026-05-11 12:00:00+00:00,2026-05-11,0,64.13000000000004,61.0,3.130000000000038,3.130000000000038
KNYC,ECMWF,2026-05-10 18:00:00+00:00,2026-05-11,1,61.7,61.0,0.7000000000000028,0.7000000000000028
KNYC,ECMWF,2026-05-11 00:00:00+00:00,2026-05-11,1,63.2,61.0,2.200000000000003,2.200000000000003
KNYC,GFS,2026-05-10 18:00:00+00:00,2026-05-11,1,63.1,61.0,2.1000000000000014,2.1000000000000014
KNYC,GFS,2026-05-11 00:00:00+00:00,2026-05-11,1,65.0,61.0,4.0,4.0
KNYC,HRRR,2026-05-10 06:00:00+00:00,2026-05-11,1,65.99015014648441,61.0,4.99015014648441,4.99015014648441
KNYC,HRRR,2026-05-10 10:00:00+00:00,2026-05-11,1,58.378327636718794,61.0,-2.6216723632812062,2.6216723632812062
KNYC,HRRR,2026-05-10 11:00:00+00:00,2026-05-11,1,56.65885742187504,61.0,-4.341142578124959,4.341142578124959
KNYC,HRRR,2026-05-10 12:00:00+00:00,2026-05-11,1,63.25675170898442,61.0,2.2567517089844173,2.2567517089844173
KNYC,HRRR,2026-05-10 13:00:00+00:00,2026-05-11,1,55.72342651367192,61.0,-5.276573486328083,5.276573486328083
KNYC,HRRR,2026-05-10 14:00:00+00:00,2026-05-11,1,55.80653808593754,61.0,-5.1934619140624605,5.1934619140624605
KNYC,HRRR,2026-05-10 15:00:00+00:00,2026-05-11,1,56.29268310546879,61.0,-4.7073168945312105,4.7073168945312105
KNYC,HRRR,2026-05-10 16:00:00+00:00,2026-05-11,1,56.67138183593754,61.0,-4.328618164062462,4.328618164062462
KNYC,HRRR,2026-05-10 17:00:00+00:00,2026-05-11,1,55.53902099609379,61.0,-5.4609790039062105,5.4609790039062105
KNYC,HRRR,2026-05-10 18:00:00+00:00,2026-05-11,1,65.11876953125004,61.0,4.118769531250038,4.118769531250038
KNYC,HRRR,2026-05-10 19:00:00+00:00,2026-05-11,1,54.049714355468794,61.0,-6.950285644531206,6.950285644531206
KNYC,HRRR,2026-05-10 20:00:00+00:00,2026-05-11,1,56.77091796875004,61.0,-4.229082031249959,4.229082031249959
KNYC,HRRR,2026-05-10 21:00:00+00:00,2026-05-11,1,59.955579833984416,61.0,-1.044420166015584,1.044420166015584
KNYC,HRRR,2026-05-10 22:00:00+00:00,2026-05-11,1,62.167512207031294,61.0,1.1675122070312938,1.1675122070312938
KNYC,HRRR,2026-05-10 23:00:00+00:00,2026-05-11,1,64.41822631835942,61.0,3.418226318359416,3.418226318359416
KNYC,HRRR,2026-05-11 00:00:00+00:00,2026-05-11,1,66.22635620117191,61.0,5.22635620117191,5.22635620117191
KNYC,HRRR,2026-05-11 01:00:00+00:00,2026-05-11,1,66.46459472656254,61.0,5.464594726562538,5.464594726562538
KNYC,HRRR,2026-05-11 02:00:00+00:00,2026-05-11,1,66.10490234375004,61.0,5.104902343750041,5.104902343750041
KNYC,HRRR,2026-05-11 03:00:00+00:00,2026-05-11,1,66.65031860351567,61.0,5.650318603515672,5.650318603515672
KNYC,NBM,2026-05-10 06:00:00+00:00,2026-05-11,1,65.74998901367192,61.0,4.749989013671922,4.749989013671922
KNYC,NBM,2026-05-10 12:00:00+00:00,2026-05-11,1,65.39002197265629,61.0,4.390021972656285,4.390021972656285
KNYC,NBM,2026-05-10 18:00:00+00:00,2026-05-11,1,64.66997802734379,61.0,3.669978027343788,3.669978027343788
KNYC,NBM,2026-05-11 00:00:00+00:00,2026-05-11,1,64.13000000000004,61.0,3.130000000000038,3.130000000000038
KNYC,HRRR,2026-05-09 06:00:00+00:00,2026-05-11,2,58.799104003906294,61.0,-2.2008959960937062,2.2008959960937062
KNYC,HRRR,2026-05-09 18:00:00+00:00,2026-05-11,2,64.19201782226567,61.0,3.1920178222656688,3.1920178222656688
KNYC,HRRR,2026-05-10 00:00:00+00:00,2026-05-11,2,64.55940063476567,61.0,3.559400634765666,3.559400634765666
KNYC,NBM,2026-05-09 12:00:00+00:00,2026-05-11,2,64.84998901367192,61.0,3.849989013671916,3.849989013671916
KNYC,NBM,2026-05-09 18:00:00+00:00,2026-05-11,2,65.03000000000004,61.0,4.030000000000044,4.030000000000044
KNYC,NBM,2026-05-10 00:00:00+00:00,2026-05-11,2,66.46997802734379,61.0,5.469978027343785,5.469978027343785
KNYC,GFS,2026-05-08 06:00:00+00:00,2026-05-11,3,58.9,61.0,-2.1000000000000014,2.1000000000000014
KNYC,GFS,2026-05-08 12:00:00+00:00,2026-05-11,3,57.3,61.0,-3.700000000000003,3.700000000000003
KNYC,GFS,2026-05-08 18:00:00+00:00,2026-05-11,3,57.3,61.0,-3.700000000000003,3.700000000000003
KNYC,GFS,2026-05-09 00:00:00+00:00,2026-05-11,3,62.5,61.0,1.5,1.5
KNYC,NBM,2026-05-08 06:00:00+00:00,2026-05-11,3,59.09002197265629,61.0,-1.909978027343712,1.909978027343712
KNYC,NBM,2026-05-08 12:00:00+00:00,2026-05-11,3,60.89002197265629,61.0,-0.10997802734370765,0.10997802734370765
KNYC,NBM,2026-05-08 18:00:00+00:00,2026-05-11,3,62.69002197265629,61.0,1.6900219726562895,1.6900219726562895
KNYC,GFS,2026-05-07 06:00:00+00:00,2026-05-11,4,63.4,61.0,2.3999999999999986,2.3999999999999986
KNYC,GFS,2026-05-07 12:00:00+00:00,2026-05-11,4,62.9,61.0,1.8999999999999986,1.8999999999999986
KNYC,GFS,2026-05-07 18:00:00+00:00,2026-05-11,4,61.3,61.0,0.29999999999999716,0.29999999999999716
KNYC,GFS,2026-05-08 00:00:00+00:00,2026-05-11,4,64.9,61.0,3.9000000000000057,3.9000000000000057
KNYC,NBM,2026-05-07 06:00:00+00:00,2026-05-11,4,62.14998901367191,61.0,1.149989013671913,1.149989013671913
KNYC,NBM,2026-05-07 12:00:00+00:00,2026-05-11,4,61.79002197265629,61.0,0.7900219726562909,0.7900219726562909
KNYC,NBM,2026-05-07 18:00:00+00:00,2026-05-11,4,59.09002197265629,61.0,-1.909978027343712,1.909978027343712
KNYC,NBM,2026-05-08 00:00:00+00:00,2026-05-11,4,59.26997802734379,61.0,-1.7300219726562105,1.7300219726562105
KNYC,GFS,2026-05-06 06:00:00+00:00,2026-05-11,5,63.8,61.0,2.799999999999997,2.799999999999997
KNYC,GFS,2026-05-06 12:00:00+00:00,2026-05-11,5,69.0,61.0,8.0,8.0
KNYC,GFS,2026-05-06 18:00:00+00:00,2026-05-11,5,60.0,61.0,-1.0,1.0
KNYC,GFS,2026-05-07 00:00:00+00:00,2026-05-11,5,63.4,61.0,2.3999999999999986,2.3999999999999986
KNYC,NBM,2026-05-06 06:00:00+00:00,2026-05-11,5,67.36997802734379,61.0,6.369978027343791,6.369978027343791
KNYC,NBM,2026-05-06 12:00:00+00:00,2026-05-11,5,66.46997802734379,61.0,5.469978027343785,5.469978027343785
KNYC,GFS,2026-05-05 06:00:00+00:00,2026-05-11,6,64.6,61.0,3.5999999999999943,3.5999999999999943
KNYC,GFS,2026-05-05 18:00:00+00:00,2026-05-11,6,71.5,61.0,10.5,10.5
KNYC,GFS,2026-05-06 00:00:00+00:00,2026-05-11,6,63.8,61.0,2.799999999999997,2.799999999999997
KNYC,GFS,2026-05-04 06:00:00+00:00,2026-05-11,7,64.9,61.0,3.9000000000000057,3.9000000000000057
KNYC,GFS,2026-05-04 12:00:00+00:00,2026-05-11,7,64.9,61.0,3.9000000000000057,3.9000000000000057
KNYC,GFS,2026-05-04 18:00:00+00:00,2026-05-11,7,78.6,61.0,17.599999999999994,17.599999999999994
KNYC,GFS,2026-05-05 00:00:00+00:00,2026-05-11,7,62.2,61.0,1.2000000000000028,1.2000000000000028
KNYC,NBM,2026-05-04 06:00:00+00:00,2026-05-11,7,71.61141479492191,61.0,10.611414794921913,10.611414794921913
KNYC,NBM,2026-05-04 12:00:00+00:00,2026-05-11,7,70.9466870117188,61.0,9.946687011718794,9.946687011718794
KNYC,NBM,2026-05-04 18:00:00+00:00,2026-05-11,7,70.47378051757816,61.0,9.473780517578163,9.473780517578163
KNYC,NBM,2026-05-05 00:00:00+00:00,2026-05-11,7,71.7614331054688,61.0,10.761433105468797,10.761433105468797
KMDW,ECMWF,2026-05-12 06:00:00+00:00,2026-05-12,0,72.6,73.4,-0.8000000000000114,0.8000000000000114
KMDW,ECMWF,2026-05-12 12:00:00+00:00,2026-05-12,0,74.3,73.4,0.8999999999999915,0.8999999999999915
KMDW,ECMWF,2026-05-12 18:00:00+00:00,2026-05-12,0,74.3,73.4,0.8999999999999915,0.8999999999999915
KMDW,ECMWF,2026-05-13 00:00:00+00:00,2026-05-12,0,71.5,73.4,-1.9000000000000057,1.9000000000000057
KMDW,GFS,2026-05-12 06:00:00+00:00,2026-05-12,0,78.0,73.4,4.599999999999994,4.599999999999994
KMDW,GFS,2026-05-12 12:00:00+00:00,2026-05-12,0,79.6,73.4,6.199999999999989,6.199999999999989
KMDW,GFS,2026-05-12 18:00:00+00:00,2026-05-12,0,79.4,73.4,6.0,6.0
KMDW,GFS,2026-05-13 00:00:00+00:00,2026-05-12,0,63.4,73.4,-10.000000000000007,10.000000000000007
KMDW,HRRR,2026-05-12 05:00:00+00:00,2026-05-12,0,79.13249023437504,73.4,5.732490234375035,5.732490234375035
KMDW,HRRR,2026-05-12 06:00:00+00:00,2026-05-12,0,77.95975463867191,73.4,4.559754638671905,4.559754638671905
KMDW,HRRR,2026-05-12 07:00:00+00:00,2026-05-12,0,78.76867797851567,73.4,5.368677978515663,5.368677978515663
KMDW,HRRR,2026-05-12 08:00:00+00:00,2026-05-12,0,77.97584960937505,73.4,4.575849609375041,4.575849609375041
KMDW,HRRR,2026-05-12 09:00:00+00:00,2026-05-12,0,79.37342041015629,73.4,5.97342041015628,5.97342041015628
KMDW,HRRR,2026-05-12 10:00:00+00:00,2026-05-12,0,79.47828491210942,73.4,6.07828491210941,6.07828491210941
KMDW,HRRR,2026-05-12 11:00:00+00:00,2026-05-12,0,79.97937133789067,73.4,6.579371337890663,6.579371337890663
KMDW,HRRR,2026-05-12 12:00:00+00:00,2026-05-12,0,79.37984741210941,73.4,5.979847412109407,5.979847412109407
KMDW,HRRR,2026-05-12 13:00:00+00:00,2026-05-12,0,79.49333618164067,73.4,6.093336181640666,6.093336181640666
KMDW,HRRR,2026-05-12 14:00:00+00:00,2026-05-12,0,78.75884521484379,73.4,5.358845214843782,5.358845214843782
KMDW,HRRR,2026-05-12 15:00:00+00:00,2026-05-12,0,78.22095458984379,73.4,4.82095458984378,4.82095458984378
KMDW,HRRR,2026-05-12 16:00:00+00:00,2026-05-12,0,79.37951782226567,73.4,5.979517822265663,5.979517822265663
KMDW,HRRR,2026-05-12 17:00:00+00:00,2026-05-12,0,78.35301025390629,73.4,4.953010253906285,4.953010253906285
KMDW,HRRR,2026-05-12 19:00:00+00:00,2026-05-12,0,76.64403198242192,73.4,3.244031982421916,3.244031982421916
KMDW,HRRR,2026-05-12 20:00:00+00:00,2026-05-12,0,75.26272094726566,73.4,1.8627209472656574,1.8627209472656574
KMDW,HRRR,2026-05-12 21:00:00+00:00,2026-05-12,0,67.59624145507817,73.4,-5.803758544921834,5.803758544921834
KMDW,HRRR,2026-05-12 22:00:00+00:00,2026-05-12,0,63.42000854492191,73.4,-9.979991455078093,9.979991455078093
KMDW,HRRR,2026-05-12 23:00:00+00:00,2026-05-12,0,62.91765869140629,73.4,-10.482341308593718,10.482341308593718
KMDW,HRRR,2026-05-13 00:00:00+00:00,2026-05-12,0,61.19214599609379,73.4,-12.207854003906213,12.207854003906213
KMDW,HRRR,2026-05-13 01:00:00+00:00,2026-05-12,0,61.20208862304692,73.4,-12.197911376953087,12.197911376953087
KMDW,HRRR,2026-05-13 02:00:00+00:00,2026-05-12,0,61.30678833007816,73.4,-12.093211669921843,12.093211669921843
KMDW,HRRR,2026-05-13 03:00:00+00:00,2026-05-12,0,60.00078857421879,73.4,-13.399211425781218,13.399211425781218
KMDW,NBM,2026-05-12 06:00:00+00:00,2026-05-12,0,78.71001098632817,73.4,5.310010986328166,5.310010986328166
KMDW,NBM,2026-05-12 12:00:00+00:00,2026-05-12,0,78.53000000000004,73.4,5.130000000000038,5.130000000000038
KMDW,ECMWF,2026-05-11 06:00:00+00:00,2026-05-12,1,70.0,73.4,-3.4000000000000057,3.4000000000000057
KMDW,ECMWF,2026-05-11 12:00:00+00:00,2026-05-12,1,72.1,73.4,-1.3000000000000114,1.3000000000000114
KMDW,ECMWF,2026-05-11 18:00:00+00:00,2026-05-12,1,72.8,73.4,-0.6000000000000085,0.6000000000000085
KMDW,ECMWF,2026-05-12 00:00:00+00:00,2026-05-12,1,71.9,73.4,-1.5,1.5
KMDW,GFS,2026-05-11 06:00:00+00:00,2026-05-12,1,78.6,73.4,5.199999999999989,5.199999999999989
KMDW,GFS,2026-05-11 12:00:00+00:00,2026-05-12,1,81.1,73.4,7.699999999999989,7.699999999999989
KMDW,GFS,2026-05-11 18:00:00+00:00,2026-05-12,1,80.6,73.4,7.199999999999989,7.199999999999989
KMDW,GFS,2026-05-12 00:00:00+00:00,2026-05-12,1,78.6,73.4,5.199999999999989,5.199999999999989
KMDW,HRRR,2026-05-11 06:00:00+00:00,2026-05-12,1,81.08360717773442,73.4,7.683607177734416,7.683607177734416
KMDW,HRRR,2026-05-11 11:00:00+00:00,2026-05-12,1,42.782685546875044,73.4,-30.617314453124962,30.617314453124962
KMDW,HRRR,2026-05-11 12:00:00+00:00,2026-05-12,1,80.61103027343754,73.4,7.21103027343753,7.21103027343753
KMDW,HRRR,2026-05-11 13:00:00+00:00,2026-05-12,1,42.94539306640629,73.4,-30.454606933593716,30.454606933593716
KMDW,HRRR,2026-05-11 14:00:00+00:00,2026-05-12,1,42.77807128906254,73.4,-30.621928710937468,30.621928710937468
KMDW,HRRR,2026-05-11 15:00:00+00:00,2026-05-12,1,42.27682006835941,73.4,-31.123179931640593,31.123179931640593
KMDW,HRRR,2026-05-11 16:00:00+00:00,2026-05-12,1,42.786530761718794,73.4,-30.613469238281212,30.613469238281212
KMDW,HRRR,2026-05-11 17:00:00+00:00,2026-05-12,1,41.95717285156254,73.4,-31.442827148437466,31.442827148437466
KMDW,HRRR,2026-05-11 18:00:00+00:00,2026-05-12,1,78.53741577148442,73.4,5.137415771484413,5.137415771484413
KMDW,HRRR,2026-05-11 19:00:00+00:00,2026-05-12,1,48.36637695312504,73.4,-25.033623046874965,25.033623046874965
KMDW,HRRR,2026-05-11 20:00:00+00:00,2026-05-12,1,54.28943603515629,73.4,-19.110563964843713,19.110563964843713
KMDW,HRRR,2026-05-11 21:00:00+00:00,2026-05-12,1,60.55384033203129,73.4,-12.846159667968713,12.846159667968713
KMDW,HRRR,2026-05-11 22:00:00+00:00,2026-05-12,1,65.47714355468754,73.4,-7.922856445312462,7.922856445312462
KMDW,HRRR,2026-05-12 00:00:00+00:00,2026-05-12,1,76.29312866210941,73.4,2.8931286621094046,2.8931286621094046
KMDW,HRRR,2026-05-12 01:00:00+00:00,2026-05-12,1,73.6983227539063,73.4,0.2983227539062909,0.2983227539062909
KMDW,HRRR,2026-05-12 02:00:00+00:00,2026-05-12,1,76.89940917968754,73.4,3.4994091796875324,3.4994091796875324
KMDW,HRRR,2026-05-12 03:00:00+00:00,2026-05-12,1,78.79790161132817,73.4,5.397901611328166,5.397901611328166
KMDW,HRRR,2026-05-12 04:00:00+00:00,2026-05-12,1,77.95607421875005,73.4,4.556074218750041,4.556074218750041
KMDW,NBM,2026-05-11 06:00:00+00:00,2026-05-12,1,77.09002197265629,73.4,3.6900219726562824,3.6900219726562824
KMDW,NBM,2026-05-11 12:00:00+00:00,2026-05-12,1,77.2699780273438,73.4,3.869978027343791,3.869978027343791
KMDW,NBM,2026-05-11 18:00:00+00:00,2026-05-12,1,78.16997802734379,73.4,4.769978027343782,4.769978027343782
KMDW,NBM,2026-05-12 00:00:00+00:00,2026-05-12,1,77.63000000000004,73.4,4.230000000000032,4.230000000000032
KMDW,ECMWF,2026-05-10 18:00:00+00:00,2026-05-12,2,72.8,73.4,-0.6000000000000085,0.6000000000000085
KMDW,ECMWF,2026-05-11 00:00:00+00:00,2026-05-12,2,71.1,73.4,-2.3000000000000114,2.3000000000000114
KMDW,GFS,2026-05-10 18:00:00+00:00,2026-05-12,2,73.4,73.4,0.0,0.0
KMDW,GFS,2026-05-11 00:00:00+00:00,2026-05-12,2,72.5,73.4,-0.9000000000000057,0.9000000000000057
KMDW,HRRR,2026-05-10 06:00:00+00:00,2026-05-12,2,42.44353759765629,73.4,-30.956462402343718,30.956462402343718
KMDW,HRRR,2026-05-10 12:00:00+00:00,2026-05-12,2,41.73508422851567,73.4,-31.66491577148434,31.66491577148434
KMDW,HRRR,2026-05-10 18:00:00+00:00,2026-05-12,2,70.72179687500004,73.4,-2.6782031249999676,2.6782031249999676
KMDW,HRRR,2026-05-11 00:00:00+00:00,2026-05-12,2,78.53362548828129,73.4,5.133625488281282,5.133625488281282
KMDW,NBM,2026-05-10 06:00:00+00:00,2026-05-12,2,75.64998901367191,73.4,2.2499890136719074,2.2499890136719074
KMDW,NBM,2026-05-10 12:00:00+00:00,2026-05-12,2,75.83000000000004,73.4,2.4300000000000352,2.4300000000000352
KMDW,NBM,2026-05-10 18:00:00+00:00,2026-05-12,2,76.1900219726563,73.4,2.790021972656291,2.790021972656291
KMDW,NBM,2026-05-11 00:00:00+00:00,2026-05-12,2,76.54998901367192,73.4,3.149989013671913,3.149989013671913
KMDW,NBM,2026-05-09 12:00:00+00:00,2026-05-12,3,73.66997802734379,73.4,0.2699780273437824,0.2699780273437824
KMDW,NBM,2026-05-09 18:00:00+00:00,2026-05-12,3,74.93000000000004,73.4,1.5300000000000296,1.5300000000000296
KMDW,NBM,2026-05-10 00:00:00+00:00,2026-05-12,3,75.64998901367191,73.4,2.2499890136719074,2.2499890136719074
KMDW,GFS,2026-05-08 06:00:00+00:00,2026-05-12,4,61.4,73.4,-12.000000000000007,12.000000000000007
KMDW,GFS,2026-05-08 12:00:00+00:00,2026-05-12,4,67.5,73.4,-5.900000000000006,5.900000000000006
KMDW,GFS,2026-05-08 18:00:00+00:00,2026-05-12,4,67.5,73.4,-5.900000000000006,5.900000000000006
KMDW,GFS,2026-05-09 00:00:00+00:00,2026-05-12,4,63.5,73.4,-9.900000000000006,9.900000000000006
KMDW,NBM,2026-05-08 06:00:00+00:00,2026-05-12,4,65.93000000000004,73.4,-7.46999999999997,7.46999999999997
KMDW,NBM,2026-05-08 12:00:00+00:00,2026-05-12,4,66.83000000000004,73.4,-6.569999999999965,6.569999999999965
KMDW,NBM,2026-05-08 18:00:00+00:00,2026-05-12,4,68.81001098632817,73.4,-4.58998901367184,4.58998901367184
KMDW,GFS,2026-05-07 06:00:00+00:00,2026-05-12,5,54.2,73.4,-19.200000000000003,19.200000000000003
KMDW,GFS,2026-05-07 12:00:00+00:00,2026-05-12,5,60.1,73.4,-13.300000000000004,13.300000000000004
KMDW,GFS,2026-05-07 18:00:00+00:00,2026-05-12,5,60.7,73.4,-12.700000000000003,12.700000000000003
KMDW,GFS,2026-05-08 00:00:00+00:00,2026-05-12,5,52.0,73.4,-21.400000000000006,21.400000000000006
KMDW,NBM,2026-05-07 06:00:00+00:00,2026-05-12,5,62.69002197265629,73.4,-10.709978027343716,10.709978027343716
KMDW,NBM,2026-05-07 12:00:00+00:00,2026-05-12,5,62.69002197265629,73.4,-10.709978027343716,10.709978027343716
KMDW,NBM,2026-05-07 18:00:00+00:00,2026-05-12,5,63.76997802734379,73.4,-9.630021972656216,9.630021972656216
KMDW,NBM,2026-05-08 00:00:00+00:00,2026-05-12,5,63.94998901367192,73.4,-9.450010986328088,9.450010986328088
KMDW,GFS,2026-05-06 06:00:00+00:00,2026-05-12,6,71.3,73.4,-2.1000000000000085,2.1000000000000085
KMDW,GFS,2026-05-06 12:00:00+00:00,2026-05-12,6,69.3,73.4,-4.1000000000000085,4.1000000000000085
KMDW,GFS,2026-05-06 18:00:00+00:00,2026-05-12,6,62.8,73.4,-10.600000000000009,10.600000000000009
KMDW,GFS,2026-05-07 00:00:00+00:00,2026-05-12,6,54.2,73.4,-19.200000000000003,19.200000000000003
KMDW,NBM,2026-05-06 06:00:00+00:00,2026-05-12,6,67.36997802734379,73.4,-6.030021972656215,6.030021972656215
KMDW,NBM,2026-05-06 12:00:00+00:00,2026-05-12,6,65.5699780273438,73.4,-7.830021972656212,7.830021972656212
KMDW,GFS,2026-05-05 06:00:00+00:00,2026-05-12,7,73.4,73.4,0.0,0.0
KMDW,GFS,2026-05-05 18:00:00+00:00,2026-05-12,7,60.6,73.4,-12.800000000000004,12.800000000000004
KMDW,GFS,2026-05-06 00:00:00+00:00,2026-05-12,7,71.3,73.4,-2.1000000000000085,2.1000000000000085
KMDW,NBM,2026-05-05 06:00:00+00:00,2026-05-12,7,71.33000000000004,73.4,-2.0699999999999648,2.0699999999999648
KMIA,ECMWF,2026-05-12 06:00:00+00:00,2026-05-12,0,85.0,91.4,-6.400000000000006,6.400000000000006
KMIA,ECMWF,2026-05-12 12:00:00+00:00,2026-05-12,0,86.9,91.4,-4.5,4.5
KMIA,ECMWF,2026-05-12 18:00:00+00:00,2026-05-12,0,86.8,91.4,-4.6000000000000085,4.6000000000000085
KMIA,ECMWF,2026-05-13 00:00:00+00:00,2026-05-12,0,78.9,91.4,-12.5,12.5
KMIA,GFS,2026-05-12 06:00:00+00:00,2026-05-12,0,88.2,91.4,-3.200000000000003,3.200000000000003
KMIA,GFS,2026-05-12 12:00:00+00:00,2026-05-12,0,89.7,91.4,-1.7000000000000028,1.7000000000000028
KMIA,GFS,2026-05-12 18:00:00+00:00,2026-05-12,0,89.5,91.4,-1.9000000000000057,1.9000000000000057
KMIA,GFS,2026-05-13 00:00:00+00:00,2026-05-12,0,80.4,91.4,-11.0,11.0
KMIA,HRRR,2026-05-12 04:00:00+00:00,2026-05-12,0,88.12386596679691,91.4,-3.2761340332030926,3.2761340332030926
KMIA,HRRR,2026-05-12 05:00:00+00:00,2026-05-12,0,88.46334350585941,91.4,-2.9366564941405926,2.9366564941405926
KMIA,HRRR,2026-05-12 06:00:00+00:00,2026-05-12,0,87.9007885742188,91.4,-3.499211425781212,3.499211425781212
KMIA,HRRR,2026-05-12 07:00:00+00:00,2026-05-12,0,88.4551586914063,91.4,-2.944841308593709,2.944841308593709
KMIA,HRRR,2026-05-12 08:00:00+00:00,2026-05-12,0,88.12946899414067,91.4,-3.2705310058593398,3.2705310058593398
KMIA,HRRR,2026-05-12 09:00:00+00:00,2026-05-12,0,89.02562377929692,91.4,-2.374376220703084,2.374376220703084
KMIA,HRRR,2026-05-12 10:00:00+00:00,2026-05-12,0,89.64448364257817,91.4,-1.7555163574218398,1.7555163574218398
KMIA,HRRR,2026-05-12 11:00:00+00:00,2026-05-12,0,88.65571411132817,91.4,-2.7442858886718398,2.7442858886718398
KMIA,HRRR,2026-05-12 12:00:00+00:00,2026-05-12,0,88.34469116210941,91.4,-3.0553088378905926,3.0553088378905926
KMIA,HRRR,2026-05-12 13:00:00+00:00,2026-05-12,0,88.89939086914066,91.4,-2.5006091308593454,2.5006091308593454
KMIA,HRRR,2026-05-12 14:00:00+00:00,2026-05-12,0,88.48322875976567,91.4,-2.9167712402343398,2.9167712402343398
KMIA,HRRR,2026-05-12 15:00:00+00:00,2026-05-12,0,89.33714111328129,91.4,-2.0628588867187148,2.0628588867187148
KMIA,HRRR,2026-05-12 16:00:00+00:00,2026-05-12,0,89.46485717773442,91.4,-1.9351428222655898,1.9351428222655898
KMIA,HRRR,2026-05-12 17:00:00+00:00,2026-05-12,0,89.77099121093754,91.4,-1.6290087890624676,1.6290087890624676
KMIA,HRRR,2026-05-12 19:00:00+00:00,2026-05-12,0,88.68153198242192,91.4,-2.7184680175780898,2.7184680175780898
KMIA,HRRR,2026-05-12 20:00:00+00:00,2026-05-12,0,87.63772094726566,91.4,-3.7622790527343426,3.7622790527343426
KMIA,HRRR,2026-05-12 21:00:00+00:00,2026-05-12,0,85.37585571289067,91.4,-6.024144287109337,6.024144287109337
KMIA,HRRR,2026-05-12 22:00:00+00:00,2026-05-12,0,80.29500854492191,91.4,-11.104991455078093,11.104991455078093
KMIA,HRRR,2026-05-12 23:00:00+00:00,2026-05-12,0,80.80515869140629,91.4,-10.594841308593715,10.594841308593715
KMIA,HRRR,2026-05-13 00:00:00+00:00,2026-05-12,0,78.62964599609379,91.4,-12.77035400390622,12.77035400390622
KMIA,HRRR,2026-05-13 01:00:00+00:00,2026-05-12,0,79.10485961914067,91.4,-12.295140380859337,12.295140380859337
KMIA,HRRR,2026-05-13 02:00:00+00:00,2026-05-12,0,77.95678833007817,91.4,-13.443211669921837,13.443211669921837
KMIA,NBM,2026-05-12 06:00:00+00:00,2026-05-12,0,90.04998901367192,91.4,-1.350010986328087,1.350010986328087
KMIA,NBM,2026-05-12 12:00:00+00:00,2026-05-12,0,90.04998901367192,91.4,-1.350010986328087,1.350010986328087
KMIA,ECMWF,2026-05-11 06:00:00+00:00,2026-05-12,1,84.8,91.4,-6.6000000000000085,6.6000000000000085
KMIA,ECMWF,2026-05-11 12:00:00+00:00,2026-05-12,1,84.4,91.4,-7.0,7.0
KMIA,ECMWF,2026-05-11 18:00:00+00:00,2026-05-12,1,86.8,91.4,-4.6000000000000085,4.6000000000000085
KMIA,ECMWF,2026-05-12 00:00:00+00:00,2026-05-12,1,88.0,91.4,-3.4000000000000057,3.4000000000000057
KMIA,GFS,2026-05-11 06:00:00+00:00,2026-05-12,1,89.9,91.4,-1.5,1.5
KMIA,GFS,2026-05-11 12:00:00+00:00,2026-05-12,1,89.5,91.4,-1.9000000000000057,1.9000000000000057
KMIA,GFS,2026-05-11 18:00:00+00:00,2026-05-12,1,88.8,91.4,-2.6000000000000085,2.6000000000000085
KMIA,GFS,2026-05-12 00:00:00+00:00,2026-05-12,1,89.0,91.4,-2.4000000000000057,2.4000000000000057
KMIA,HRRR,2026-05-11 06:00:00+00:00,2026-05-12,1,89.45623291015629,91.4,-1.9437670898437176,1.9437670898437176
KMIA,HRRR,2026-05-11 10:00:00+00:00,2026-05-12,1,79.32387207031255,91.4,-12.076127929687459,12.076127929687459
KMIA,HRRR,2026-05-11 11:00:00+00:00,2026-05-12,1,78.26852539062504,91.4,-13.131474609374962,13.131474609374962
KMIA,HRRR,2026-05-11 12:00:00+00:00,2026-05-12,1,88.69109008789067,91.4,-2.708909912109334,2.708909912109334
KMIA,HRRR,2026-05-11 13:00:00+00:00,2026-05-12,1,79.95789306640629,91.4,-11.44210693359372,11.44210693359372
KMIA,HRRR,2026-05-11 14:00:00+00:00,2026-05-12,1,78.12570312500004,91.4,-13.274296874999962,13.274296874999962
KMIA,HRRR,2026-05-11 15:00:00+00:00,2026-05-12,1,78.88441894531255,91.4,-12.515581054687459,12.515581054687459
KMIA,HRRR,2026-05-11 16:00:00+00:00,2026-05-12,1,77.72992065429692,91.4,-13.670079345703087,13.670079345703087
KMIA,HRRR,2026-05-11 17:00:00+00:00,2026-05-12,1,78.16464965820316,91.4,-13.235350341796845,13.235350341796845
KMIA,HRRR,2026-05-11 18:00:00+00:00,2026-05-12,1,88.8983471679688,91.4,-2.501652832031212,2.501652832031212
KMIA,HRRR,2026-05-11 19:00:00+00:00,2026-05-12,1,81.44137695312504,91.4,-9.958623046874962,9.958623046874962
KMIA,HRRR,2026-05-11 20:00:00+00:00,2026-05-12,1,84.8894360351563,91.4,-6.510563964843712,6.510563964843712
KMIA,HRRR,2026-05-11 21:00:00+00:00,2026-05-12,1,85.9788403320313,91.4,-5.421159667968709,5.421159667968709
KMIA,HRRR,2026-05-11 22:00:00+00:00,2026-05-12,1,86.40214355468754,91.4,-4.997856445312465,4.997856445312465
KMIA,HRRR,2026-05-12 00:00:00+00:00,2026-05-12,1,88.70987670898441,91.4,-2.6901232910155954,2.6901232910155954
KMIA,HRRR,2026-05-12 01:00:00+00:00,2026-05-12,1,89.02002075195317,91.4,-2.379979248046837,2.379979248046837
KMIA,HRRR,2026-05-12 02:00:00+00:00,2026-05-12,1,86.01190917968754,91.4,-5.38809082031247,5.38809082031247
KMIA,HRRR,2026-05-12 03:00:00+00:00,2026-05-12,1,87.08082397460942,91.4,-4.31917602539059,4.31917602539059
KMIA,NBM,2026-05-11 06:00:00+00:00,2026-05-12,1,89.33000000000004,91.4,-2.0699999999999648,2.0699999999999648
KMIA,NBM,2026-05-11 12:00:00+00:00,2026-05-12,1,89.51001098632817,91.4,-1.889989013671837,1.889989013671837
KMIA,NBM,2026-05-11 18:00:00+00:00,2026-05-12,1,89.6900219726563,91.4,-1.709978027343709,1.709978027343709
KMIA,NBM,2026-05-12 00:00:00+00:00,2026-05-12,1,89.33000000000004,91.4,-2.0699999999999648,2.0699999999999648
KMIA,ECMWF,2026-05-10 18:00:00+00:00,2026-05-12,2,84.2,91.4,-7.200000000000003,7.200000000000003
KMIA,ECMWF,2026-05-11 00:00:00+00:00,2026-05-12,2,83.7,91.4,-7.700000000000003,7.700000000000003
KMIA,GFS,2026-05-10 18:00:00+00:00,2026-05-12,2,91.6,91.4,0.19999999999998863,0.19999999999998863
KMIA,GFS,2026-05-11 00:00:00+00:00,2026-05-12,2,90.9,91.4,-0.5,0.5
KMIA,HRRR,2026-05-10 06:00:00+00:00,2026-05-12,2,77.7940258789063,91.4,-13.605974121093709,13.605974121093709
KMIA,HRRR,2026-05-10 12:00:00+00:00,2026-05-12,2,77.17258422851566,91.4,-14.227415771484345,14.227415771484345
KMIA,HRRR,2026-05-10 18:00:00+00:00,2026-05-12,2,90.40929687500004,91.4,-0.9907031249999676,0.9907031249999676
KMIA,HRRR,2026-05-11 00:00:00+00:00,2026-05-12,2,89.78093383789067,91.4,-1.619066162109334,1.619066162109334
KMIA,NBM,2026-05-10 06:00:00+00:00,2026-05-12,2,89.51001098632817,91.4,-1.889989013671837,1.889989013671837
KMIA,NBM,2026-05-10 12:00:00+00:00,2026-05-12,2,89.14998901367191,91.4,-2.2500109863280926,2.2500109863280926
KMIA,NBM,2026-05-10 18:00:00+00:00,2026-05-12,2,88.61001098632816,91.4,-2.7899890136718426,2.7899890136718426
KMIA,NBM,2026-05-11 00:00:00+00:00,2026-05-12,2,88.43000000000004,91.4,-2.9699999999999704,2.9699999999999704
KMIA,NBM,2026-05-09 12:00:00+00:00,2026-05-12,3,90.41001098632816,91.4,-0.9899890136718454,0.9899890136718454
KMIA,NBM,2026-05-09 18:00:00+00:00,2026-05-12,3,90.23000000000005,91.4,-1.169999999999959,1.169999999999959
KMIA,NBM,2026-05-10 00:00:00+00:00,2026-05-12,3,89.6900219726563,91.4,-1.709978027343709,1.709978027343709
KMIA,GFS,2026-05-08 06:00:00+00:00,2026-05-12,4,92.1,91.4,0.6999999999999886,0.6999999999999886
KMIA,GFS,2026-05-08 12:00:00+00:00,2026-05-12,4,91.6,91.4,0.19999999999998863,0.19999999999998863
KMIA,GFS,2026-05-08 18:00:00+00:00,2026-05-12,4,91.6,91.4,0.19999999999998863,0.19999999999998863
KMIA,GFS,2026-05-09 00:00:00+00:00,2026-05-12,4,91.6,91.4,0.19999999999998863,0.19999999999998863
KMIA,NBM,2026-05-08 06:00:00+00:00,2026-05-12,4,90.41001098632816,91.4,-0.9899890136718454,0.9899890136718454
KMIA,NBM,2026-05-08 12:00:00+00:00,2026-05-12,4,90.04998901367192,91.4,-1.350010986328087,1.350010986328087
KMIA,NBM,2026-05-08 18:00:00+00:00,2026-05-12,4,90.59002197265629,91.4,-0.8099780273437176,0.8099780273437176
KMIA,NBM,2026-05-09 00:00:00+00:00,2026-05-12,4,90.04998901367192,91.4,-1.350010986328087,1.350010986328087
KMIA,GFS,2026-05-07 06:00:00+00:00,2026-05-12,5,89.9,91.4,-1.5,1.5
KMIA,GFS,2026-05-07 12:00:00+00:00,2026-05-12,5,88.9,91.4,-2.5,2.5
KMIA,GFS,2026-05-07 18:00:00+00:00,2026-05-12,5,90.8,91.4,-0.6000000000000085,0.6000000000000085
KMIA,GFS,2026-05-08 00:00:00+00:00,2026-05-12,5,92.8,91.4,1.3999999999999915,1.3999999999999915
KMIA,NBM,2026-05-07 06:00:00+00:00,2026-05-12,5,89.33000000000004,91.4,-2.0699999999999648,2.0699999999999648
KMIA,NBM,2026-05-07 12:00:00+00:00,2026-05-12,5,89.33000000000004,91.4,-2.0699999999999648,2.0699999999999648
KMIA,NBM,2026-05-07 18:00:00+00:00,2026-05-12,5,90.23000000000005,91.4,-1.169999999999959,1.169999999999959
KMIA,NBM,2026-05-08 00:00:00+00:00,2026-05-12,5,90.23000000000005,91.4,-1.169999999999959,1.169999999999959
KMIA,GFS,2026-05-06 06:00:00+00:00,2026-05-12,6,89.9,91.4,-1.5,1.5
KMIA,GFS,2026-05-06 12:00:00+00:00,2026-05-12,6,88.4,91.4,-3.0,3.0
KMIA,GFS,2026-05-06 18:00:00+00:00,2026-05-12,6,89.9,91.4,-1.5,1.5
KMIA,GFS,2026-05-07 00:00:00+00:00,2026-05-12,6,89.9,91.4,-1.5,1.5
KMIA,NBM,2026-05-06 06:00:00+00:00,2026-05-12,6,89.51001098632817,91.4,-1.889989013671837,1.889989013671837
KMIA,NBM,2026-05-06 12:00:00+00:00,2026-05-12,6,89.33000000000004,91.4,-2.0699999999999648,2.0699999999999648
KMIA,GFS,2026-05-05 06:00:00+00:00,2026-05-12,7,89.8,91.4,-1.6000000000000085,1.6000000000000085
KMIA,GFS,2026-05-05 18:00:00+00:00,2026-05-12,7,90.3,91.4,-1.1000000000000085,1.1000000000000085
KMIA,GFS,2026-05-06 00:00:00+00:00,2026-05-12,7,89.9,91.4,-1.5,1.5
KMIA,NBM,2026-05-05 06:00:00+00:00,2026-05-12,7,90.23000000000005,91.4,-1.169999999999959,1.169999999999959
KNYC,ECMWF,2026-05-12 06:00:00+00:00,2026-05-12,0,65.6,64.94,0.6599999999999966,0.6599999999999966
KNYC,ECMWF,2026-05-12 12:00:00+00:00,2026-05-12,0,65.9,64.94,0.960000000000008,0.960000000000008
KNYC,ECMWF,2026-05-12 18:00:00+00:00,2026-05-12,0,65.9,64.94,0.960000000000008,0.960000000000008
KNYC,ECMWF,2026-05-13 00:00:00+00:00,2026-05-12,0,55.3,64.94,-9.64,9.64
KNYC,GFS,2026-05-12 06:00:00+00:00,2026-05-12,0,66.7,64.94,1.7600000000000051,1.7600000000000051
KNYC,GFS,2026-05-12 12:00:00+00:00,2026-05-12,0,67.1,64.94,2.1599999999999966,2.1599999999999966
KNYC,GFS,2026-05-12 18:00:00+00:00,2026-05-12,0,67.0,64.94,2.0600000000000023,2.0600000000000023
KNYC,GFS,2026-05-13 00:00:00+00:00,2026-05-12,0,55.3,64.94,-9.64,9.64
KNYC,HRRR,2026-05-12 04:00:00+00:00,2026-05-12,0,66.8109936523438,64.94,1.8709936523437989,1.8709936523437989
KNYC,HRRR,2026-05-12 05:00:00+00:00,2026-05-12,0,66.59549682617191,64.94,1.6554968261719125,1.6554968261719125
KNYC,HRRR,2026-05-12 06:00:00+00:00,2026-05-12,0,66.62658813476567,64.94,1.686588134765671,1.686588134765671
KNYC,HRRR,2026-05-12 07:00:00+00:00,2026-05-12,0,66.8362622070313,64.94,1.8962622070312989,1.8962622070312989
KNYC,HRRR,2026-05-12 08:00:00+00:00,2026-05-12,0,66.85285156250004,64.94,1.9128515625000375,1.9128515625000375
KNYC,HRRR,2026-05-12 09:00:00+00:00,2026-05-12,0,66.84812744140629,64.94,1.9081274414062932,1.9081274414062932
KNYC,HRRR,2026-05-12 10:00:00+00:00,2026-05-12,0,67.21578491210941,64.94,2.2757849121094154,2.2757849121094154
KNYC,HRRR,2026-05-12 11:00:00+00:00,2026-05-12,0,67.26687133789066,64.94,2.3268713378906654,2.3268713378906654
KNYC,HRRR,2026-05-12 12:00:00+00:00,2026-05-12,0,67.41068237304691,64.94,2.4706823730469125,2.4706823730469125
KNYC,HRRR,2026-05-12 13:00:00+00:00,2026-05-12,0,67.42144897460942,64.94,2.481448974609421,2.481448974609421
KNYC,HRRR,2026-05-12 14:00:00+00:00,2026-05-12,0,67.46923950195317,64.94,2.529239501953171,2.529239501953171
KNYC,HRRR,2026-05-12 15:00:00+00:00,2026-05-12,0,67.4262280273438,64.94,2.486228027343799,2.486228027343799
KNYC,HRRR,2026-05-12 16:00:00+00:00,2026-05-12,0,67.14316528320316,64.94,2.2031652832031625,2.2031652832031625
KNYC,HRRR,2026-05-12 17:00:00+00:00,2026-05-12,0,66.96452758789067,64.94,2.024527587890674,2.024527587890674
KNYC,HRRR,2026-05-12 19:00:00+00:00,2026-05-12,0,66.8443920898438,64.94,1.904392089843796,1.904392089843796
KNYC,HRRR,2026-05-12 20:00:00+00:00,2026-05-12,0,66.60022094726567,64.94,1.660220947265671,1.660220947265671
KNYC,HRRR,2026-05-12 21:00:00+00:00,2026-05-12,0,62.988355712890666,64.94,-1.9516442871093318,1.9516442871093318
KNYC,HRRR,2026-05-12 22:00:00+00:00,2026-05-12,0,55.432508544921916,64.94,-9.507491455078082,9.507491455078082
KNYC,HRRR,2026-05-12 23:00:00+00:00,2026-05-12,0,55.15515869140629,64.94,-9.784841308593705,9.784841308593705
KNYC,HRRR,2026-05-13 00:00:00+00:00,2026-05-12,0,53.42964599609379,64.94,-11.510354003906208,11.510354003906208
KNYC,HRRR,2026-05-13 01:00:00+00:00,2026-05-12,0,52.10485961914067,64.94,-12.835140380859329,12.835140380859329
KNYC,HRRR,2026-05-13 02:00:00+00:00,2026-05-12,0,51.406788330078165,64.94,-13.533211669921833,13.533211669921833
KNYC,NBM,2026-05-12 06:00:00+00:00,2026-05-12,0,67.36997802734379,64.94,2.429978027343793,2.429978027343793
KNYC,NBM,2026-05-12 12:00:00+00:00,2026-05-12,0,67.54998901367192,64.94,2.609989013671921,2.609989013671921
KNYC,ECMWF,2026-05-11 06:00:00+00:00,2026-05-12,1,65.1,64.94,0.1599999999999966,0.1599999999999966
KNYC,ECMWF,2026-05-11 12:00:00+00:00,2026-05-12,1,66.1,64.94,1.1599999999999966,1.1599999999999966
KNYC,ECMWF,2026-05-11 18:00:00+00:00,2026-05-12,1,66.3,64.94,1.3599999999999994,1.3599999999999994
KNYC,ECMWF,2026-05-12 00:00:00+00:00,2026-05-12,1,65.1,64.94,0.1599999999999966,0.1599999999999966
KNYC,GFS,2026-05-11 06:00:00+00:00,2026-05-12,1,66.3,64.94,1.3599999999999994,1.3599999999999994
KNYC,GFS,2026-05-11 12:00:00+00:00,2026-05-12,1,66.3,64.94,1.3599999999999994,1.3599999999999994
KNYC,GFS,2026-05-11 18:00:00+00:00,2026-05-12,1,66.5,64.94,1.5600000000000023,1.5600000000000023
KNYC,GFS,2026-05-12 00:00:00+00:00,2026-05-12,1,66.3,64.94,1.3599999999999994,1.3599999999999994
KNYC,HRRR,2026-05-11 06:00:00+00:00,2026-05-12,1,66.41257446289066,64.94,1.4725744628906625,1.4725744628906625
KNYC,HRRR,2026-05-11 10:00:00+00:00,2026-05-12,1,53.67387207031254,64.94,-11.266127929687457,11.266127929687457
KNYC,HRRR,2026-05-11 11:00:00+00:00,2026-05-12,1,51.04352539062504,64.94,-13.896474609374955,13.896474609374955
KNYC,HRRR,2026-05-11 12:00:00+00:00,2026-05-12,1,66.66580932617191,64.94,1.7258093261719125,1.7258093261719125
KNYC,HRRR,2026-05-11 13:00:00+00:00,2026-05-12,1,53.68474853515629,64.94,-11.25525146484371,11.25525146484371
KNYC,HRRR,2026-05-11 14:00:00+00:00,2026-05-12,1,55.73820312500004,64.94,-9.201796874999957,9.201796874999957
KNYC,HRRR,2026-05-11 15:00:00+00:00,2026-05-12,1,53.79691894531254,64.94,-11.143081054687457,11.143081054687457
KNYC,HRRR,2026-05-11 16:00:00+00:00,2026-05-12,1,54.44242065429692,64.94,-10.49757934570308,10.49757934570308
KNYC,HRRR,2026-05-11 17:00:00+00:00,2026-05-12,1,53.752149658203166,64.94,-11.187850341796832,11.187850341796832
KNYC,HRRR,2026-05-11 18:00:00+00:00,2026-05-12,1,66.37489135742192,64.94,1.4348913574219182,1.4348913574219182
KNYC,HRRR,2026-05-11 19:00:00+00:00,2026-05-12,1,51.70495727539067,64.94,-13.235042724609329,13.235042724609329
KNYC,HRRR,2026-05-11 20:00:00+00:00,2026-05-12,1,55.30193603515629,64.94,-9.63806396484371,9.63806396484371
KNYC,HRRR,2026-05-11 21:00:00+00:00,2026-05-12,1,58.07884033203129,64.94,-6.861159667968707,6.861159667968707
KNYC,HRRR,2026-05-11 22:00:00+00:00,2026-05-12,1,60.07714355468754,64.94,-4.86285644531246,4.86285644531246
KNYC,HRRR,2026-05-12 00:00:00+00:00,2026-05-12,1,66.84312866210942,64.94,1.9031286621094239,1.9031286621094239
KNYC,HRRR,2026-05-12 01:00:00+00:00,2026-05-12,1,65.9358227539063,64.94,0.995822753906296,0.995822753906296
KNYC,HRRR,2026-05-12 02:00:00+00:00,2026-05-12,1,66.99940917968755,64.94,2.059409179687549,2.059409179687549
KNYC,HRRR,2026-05-12 03:00:00+00:00,2026-05-12,1,66.71832397460942,64.94,1.778323974609421,1.778323974609421
KNYC,NBM,2026-05-11 06:00:00+00:00,2026-05-12,1,67.54998901367192,64.94,2.609989013671921,2.609989013671921
KNYC,NBM,2026-05-11 12:00:00+00:00,2026-05-12,1,67.91001098632816,64.94,2.9700109863281625,2.9700109863281625
KNYC,NBM,2026-05-11 18:00:00+00:00,2026-05-12,1,67.73000000000005,64.94,2.790000000000049,2.790000000000049
KNYC,NBM,2026-05-12 00:00:00+00:00,2026-05-12,1,67.1900219726563,64.94,2.250021972656299,2.250021972656299
KNYC,ECMWF,2026-05-10 18:00:00+00:00,2026-05-12,2,65.3,64.94,0.35999999999999943,0.35999999999999943
KNYC,ECMWF,2026-05-11 00:00:00+00:00,2026-05-12,2,65.4,64.94,0.46000000000000796,0.46000000000000796
KNYC,GFS,2026-05-10 18:00:00+00:00,2026-05-12,2,67.9,64.94,2.960000000000008,2.960000000000008
KNYC,GFS,2026-05-11 00:00:00+00:00,2026-05-12,2,67.6,64.94,2.6599999999999966,2.6599999999999966
KNYC,HRRR,2026-05-10 06:00:00+00:00,2026-05-12,2,53.04402587890629,64.94,-11.895974121093708,11.895974121093708
KNYC,HRRR,2026-05-10 12:00:00+00:00,2026-05-12,2,48.53232543945317,64.94,-16.40767456054683,16.40767456054683
KNYC,HRRR,2026-05-10 18:00:00+00:00,2026-05-12,2,63.40929687500004,64.94,-1.5307031249999596,1.5307031249999596
KNYC,HRRR,2026-05-11 00:00:00+00:00,2026-05-12,2,66.42839477539067,64.94,1.4883947753906739,1.4883947753906739
KNYC,NBM,2026-05-10 06:00:00+00:00,2026-05-12,2,67.36997802734379,64.94,2.429978027343793,2.429978027343793
KNYC,NBM,2026-05-10 12:00:00+00:00,2026-05-12,2,67.36997802734379,64.94,2.429978027343793,2.429978027343793
KNYC,NBM,2026-05-10 18:00:00+00:00,2026-05-12,2,67.36997802734379,64.94,2.429978027343793,2.429978027343793
KNYC,NBM,2026-05-11 00:00:00+00:00,2026-05-12,2,67.1900219726563,64.94,2.250021972656299,2.250021972656299
KNYC,NBM,2026-05-09 12:00:00+00:00,2026-05-12,3,66.11001098632816,64.94,1.1700109863281654,1.1700109863281654
KNYC,NBM,2026-05-09 18:00:00+00:00,2026-05-12,3,67.36997802734379,64.94,2.429978027343793,2.429978027343793
KNYC,NBM,2026-05-10 00:00:00+00:00,2026-05-12,3,67.36997802734379,64.94,2.429978027343793,2.429978027343793
KNYC,GFS,2026-05-08 06:00:00+00:00,2026-05-12,4,64.0,64.94,-0.9399999999999977,0.9399999999999977
KNYC,GFS,2026-05-08 12:00:00+00:00,2026-05-12,4,62.9,64.94,-2.039999999999999,2.039999999999999
KNYC,GFS,2026-05-08 18:00:00+00:00,2026-05-12,4,62.9,64.94,-2.039999999999999,2.039999999999999
KNYC,GFS,2026-05-09 00:00:00+00:00,2026-05-12,4,67.2,64.94,2.260000000000005,2.260000000000005
KNYC,NBM,2026-05-08 06:00:00+00:00,2026-05-12,4,63.59002197265629,64.94,-1.3499780273437096,1.3499780273437096
KNYC,NBM,2026-05-08 12:00:00+00:00,2026-05-12,4,64.4900219726563,64.94,-0.44997802734370396,0.44997802734370396
KNYC,NBM,2026-05-08 18:00:00+00:00,2026-05-12,4,65.21001098632817,64.94,0.2700109863281739,0.2700109863281739
KNYC,GFS,2026-05-07 06:00:00+00:00,2026-05-12,5,67.0,64.94,2.0600000000000023,2.0600000000000023
KNYC,GFS,2026-05-07 12:00:00+00:00,2026-05-12,5,65.7,64.94,0.7600000000000051,0.7600000000000051
KNYC,GFS,2026-05-07 18:00:00+00:00,2026-05-12,5,65.2,64.94,0.2600000000000051,0.2600000000000051
KNYC,GFS,2026-05-08 00:00:00+00:00,2026-05-12,5,65.1,64.94,0.1599999999999966,0.1599999999999966
KNYC,NBM,2026-05-07 06:00:00+00:00,2026-05-12,5,64.31001098632817,64.94,-0.6299890136718318,0.6299890136718318
KNYC,NBM,2026-05-07 12:00:00+00:00,2026-05-12,5,64.4900219726563,64.94,-0.44997802734370396,0.44997802734370396
KNYC,NBM,2026-05-07 18:00:00+00:00,2026-05-12,5,64.4900219726563,64.94,-0.44997802734370396,0.44997802734370396
KNYC,NBM,2026-05-08 00:00:00+00:00,2026-05-12,5,63.94998901367192,64.94,-0.9900109863280804,0.9900109863280804
KNYC,GFS,2026-05-06 06:00:00+00:00,2026-05-12,6,64.6,64.94,-0.3400000000000034,0.3400000000000034
KNYC,GFS,2026-05-06 12:00:00+00:00,2026-05-12,6,65.0,64.94,0.060000000000002274,0.060000000000002274
KNYC,GFS,2026-05-06 18:00:00+00:00,2026-05-12,6,66.4,64.94,1.460000000000008,1.460000000000008
KNYC,GFS,2026-05-07 00:00:00+00:00,2026-05-12,6,67.0,64.94,2.0600000000000023,2.0600000000000023
KNYC,NBM,2026-05-06 06:00:00+00:00,2026-05-12,6,65.74998901367192,64.94,0.8099890136719239,0.8099890136719239
KNYC,NBM,2026-05-06 12:00:00+00:00,2026-05-12,6,65.39002197265629,64.94,0.4500219726562875,0.4500219726562875
KNYC,GFS,2026-05-05 06:00:00+00:00,2026-05-12,7,68.7,64.94,3.760000000000005,3.760000000000005
KNYC,GFS,2026-05-05 18:00:00+00:00,2026-05-12,7,65.1,64.94,0.1599999999999966,0.1599999999999966
KNYC,GFS,2026-05-06 00:00:00+00:00,2026-05-12,7,64.6,64.94,-0.3400000000000034,0.3400000000000034
KNYC,NBM,2026-05-05 06:00:00+00:00,2026-05-12,7,66.11001098632816,64.94,1.1700109863281654,1.1700109863281654
