station,model,run_time,valid_date,lead_day,pred_tmax,truth_tmax,error_f,abs_error_f
KMDW,GFS,2026-05-08 06:00:00+00:00,2026-05-08,0,70.3,65.0,5.299999999999997,5.299999999999997
KMDW,GFS,2026-05-08 12:00:00+00:00,2026-05-08,0,69.7,65.0,4.700000000000003,4.700000000000003
KMDW,GFS,2026-05-08 18:00:00+00:00,2026-05-08,0,65.2,65.0,0.20000000000000284,0.20000000000000284
KMDW,GFS,2026-05-09 00:00:00+00:00,2026-05-08,0,60.4,65.0,-4.600000000000001,4.600000000000001
KMDW,HRRR,2026-05-08 05:00:00+00:00,2026-05-08,0,68.79265258789067,65.0,3.7926525878906716,3.7926525878906716
KMDW,HRRR,2026-05-08 06:00:00+00:00,2026-05-08,0,70.63473022460941,65.0,5.634730224609413,5.634730224609413
KMDW,HRRR,2026-05-08 07:00:00+00:00,2026-05-08,0,70.66049316406254,65.0,5.660493164062544,5.660493164062544
KMDW,HRRR,2026-05-08 08:00:00+00:00,2026-05-08,0,70.84544799804692,65.0,5.845447998046922,5.845447998046922
KMDW,HRRR,2026-05-08 09:00:00+00:00,2026-05-08,0,70.92921875000005,65.0,5.929218750000047,5.929218750000047
KMDW,HRRR,2026-05-08 10:00:00+00:00,2026-05-08,0,69.67287719726566,65.0,4.672877197265663,4.672877197265663
KMDW,HRRR,2026-05-08 11:00:00+00:00,2026-05-08,0,68.74854248046879,65.0,3.7485424804687852,3.7485424804687852
KMDW,HRRR,2026-05-08 12:00:00+00:00,2026-05-08,0,69.16283691406254,65.0,4.162836914062538,4.162836914062538
KMDW,HRRR,2026-05-08 13:00:00+00:00,2026-05-08,0,68.95080078125004,65.0,3.950800781250038,3.950800781250038
KMDW,HRRR,2026-05-08 14:00:00+00:00,2026-05-08,0,69.62585571289067,65.0,4.625855712890669,4.625855712890669
KMDW,HRRR,2026-05-08 15:00:00+00:00,2026-05-08,0,67.92951171875004,65.0,2.9295117187500352,2.9295117187500352
KMDW,HRRR,2026-05-08 16:00:00+00:00,2026-05-08,0,65.11646240234379,65.0,0.11646240234378524,0.11646240234378524
KMDW,HRRR,2026-05-08 17:00:00+00:00,2026-05-08,0,68.5494702148438,65.0,3.5494702148437938,3.5494702148437938
KMDW,HRRR,2026-05-08 18:00:00+00:00,2026-05-08,0,68.03585937500004,65.0,3.0358593750000438,3.0358593750000438
KMDW,HRRR,2026-05-08 19:00:00+00:00,2026-05-08,0,65.03966796875004,65.0,0.039667968750038085,0.039667968750038085
KMDW,HRRR,2026-05-09 00:00:00+00:00,2026-05-08,0,53.608613281250044,65.0,-11.391386718749956,11.391386718749956
KMDW,HRRR,2026-05-09 01:00:00+00:00,2026-05-08,0,54.09124267578129,65.0,-10.908757324218712,10.908757324218712
KMDW,HRRR,2026-05-09 02:00:00+00:00,2026-05-08,0,54.290314941406294,65.0,-10.709685058593706,10.709685058593706
KMDW,HRRR,2026-05-09 03:00:00+00:00,2026-05-08,0,54.36694458007817,65.0,-10.633055419921831,10.633055419921831
KMDW,NBM,2026-05-08 06:00:00+00:00,2026-05-08,0,67.01001098632817,65.0,2.0100109863281688,2.0100109863281688
KMDW,NBM,2026-05-08 12:00:00+00:00,2026-05-08,0,67.01001098632817,65.0,2.0100109863281688,2.0100109863281688
KMDW,GFS,2026-05-07 06:00:00+00:00,2026-05-08,1,66.8,65.0,1.7999999999999972,1.7999999999999972
KMDW,GFS,2026-05-07 12:00:00+00:00,2026-05-08,1,67.6,65.0,2.5999999999999943,2.5999999999999943
KMDW,GFS,2026-05-07 18:00:00+00:00,2026-05-08,1,63.9,65.0,-1.1000000000000014,1.1000000000000014
KMDW,GFS,2026-05-08 00:00:00+00:00,2026-05-08,1,66.8,65.0,1.7999999999999972,1.7999999999999972
KMDW,HRRR,2026-05-07 06:00:00+00:00,2026-05-08,1,67.52933471679691,65.0,2.5293347167969102,2.5293347167969102
KMDW,HRRR,2026-05-07 21:00:00+00:00,2026-05-08,1,58.90506713867192,65.0,-6.094932861328083,6.094932861328083
KMDW,HRRR,2026-05-08 04:00:00+00:00,2026-05-08,1,70.28563964843754,65.0,5.285639648437538,5.285639648437538
KMDW,NBM,2026-05-07 06:00:00+00:00,2026-05-08,1,67.54998901367192,65.0,2.5499890136719188,2.5499890136719188
KMDW,NBM,2026-05-07 12:00:00+00:00,2026-05-08,1,67.73000000000005,65.0,2.7300000000000466,2.7300000000000466
KMDW,NBM,2026-05-07 18:00:00+00:00,2026-05-08,1,67.73000000000005,65.0,2.7300000000000466,2.7300000000000466
KMDW,NBM,2026-05-08 00:00:00+00:00,2026-05-08,1,67.54998901367192,65.0,2.5499890136719188,2.5499890136719188
KMDW,GFS,2026-05-06 06:00:00+00:00,2026-05-08,2,60.8,65.0,-4.200000000000003,4.200000000000003
KMDW,GFS,2026-05-06 12:00:00+00:00,2026-05-08,2,62.6,65.0,-2.3999999999999986,2.3999999999999986
KMDW,GFS,2026-05-06 18:00:00+00:00,2026-05-08,2,60.1,65.0,-4.899999999999999,4.899999999999999
KMDW,GFS,2026-05-07 00:00:00+00:00,2026-05-08,2,59.2,65.0,-5.799999999999997,5.799999999999997
KMDW,NBM,2026-05-06 06:00:00+00:00,2026-05-08,2,65.39002197265629,65.0,0.39002197265628524,0.39002197265628524
KMDW,NBM,2026-05-06 12:00:00+00:00,2026-05-08,2,65.39002197265629,65.0,0.39002197265628524,0.39002197265628524
KMDW,GFS,2026-05-05 06:00:00+00:00,2026-05-08,3,61.0,65.0,-4.0,4.0
KMDW,GFS,2026-05-05 18:00:00+00:00,2026-05-08,3,58.5,65.0,-6.5,6.5
KMDW,GFS,2026-05-06 00:00:00+00:00,2026-05-08,3,60.8,65.0,-4.200000000000003,4.200000000000003
KMDW,NBM,2026-05-05 06:00:00+00:00,2026-05-08,3,65.93000000000004,65.0,0.9300000000000352,0.9300000000000352
KMDW,GFS,2026-05-04 06:00:00+00:00,2026-05-08,4,59.4,65.0,-5.600000000000001,5.600000000000001
KMDW,GFS,2026-05-04 12:00:00+00:00,2026-05-08,4,58.3,65.0,-6.700000000000003,6.700000000000003
KMDW,GFS,2026-05-04 18:00:00+00:00,2026-05-08,4,64.1,65.0,-0.9000000000000057,0.9000000000000057
KMDW,GFS,2026-05-05 00:00:00+00:00,2026-05-08,4,60.1,65.0,-4.899999999999999,4.899999999999999
KMDW,NBM,2026-05-04 06:00:00+00:00,2026-05-08,4,65.51427734375004,65.0,0.5142773437500381,0.5142773437500381
KMDW,NBM,2026-05-04 12:00:00+00:00,2026-05-08,4,67.42139404296879,65.0,2.4213940429687852,2.4213940429687852
KMDW,NBM,2026-05-04 18:00:00+00:00,2026-05-08,4,67.42326171875004,65.0,2.423261718750041,2.423261718750041
KMDW,NBM,2026-05-05 00:00:00+00:00,2026-05-08,4,66.78869140625004,65.0,1.788691406250038,1.788691406250038
KMDW,GFS,2026-05-03 06:00:00+00:00,2026-05-08,5,62.2,65.0,-2.799999999999997,2.799999999999997
KMDW,GFS,2026-05-03 12:00:00+00:00,2026-05-08,5,58.5,65.0,-6.5,6.5
KMDW,GFS,2026-05-03 18:00:00+00:00,2026-05-08,5,64.3,65.0,-0.7000000000000028,0.7000000000000028
KMDW,GFS,2026-05-04 00:00:00+00:00,2026-05-08,5,55.1,65.0,-9.899999999999999,9.899999999999999
KMDW,NBM,2026-05-03 06:00:00+00:00,2026-05-08,5,63.18275878906254,65.0,-1.8172412109374605,1.8172412109374605
KMDW,NBM,2026-05-03 12:00:00+00:00,2026-05-08,5,64.38092773437504,65.0,-0.6190722656249648,0.6190722656249648
KMDW,NBM,2026-05-03 18:00:00+00:00,2026-05-08,5,63.60479858398442,65.0,-1.3952014160155812,1.3952014160155812
KMDW,NBM,2026-05-04 00:00:00+00:00,2026-05-08,5,63.68609741210942,65.0,-1.3139025878905812,1.3139025878905812
KMDW,GFS,2026-05-02 18:00:00+00:00,2026-05-08,6,50.0,65.0,-15.0,15.0
KMDW,GFS,2026-05-03 00:00:00+00:00,2026-05-08,6,58.3,65.0,-6.700000000000003,6.700000000000003
KMDW,NBM,2026-05-02 06:00:00+00:00,2026-05-08,6,63.92949951171879,65.0,-1.070500488281212,1.070500488281212
KMDW,NBM,2026-05-02 12:00:00+00:00,2026-05-08,6,64.37922485351567,65.0,-0.6207751464843341,0.6207751464843341
KMDW,NBM,2026-05-02 18:00:00+00:00,2026-05-08,6,62.327912597656294,65.0,-2.6720874023437062,2.6720874023437062
KMDW,NBM,2026-05-03 00:00:00+00:00,2026-05-08,6,64.04150512695317,65.0,-0.9584948730468312,0.9584948730468312
KMIA,GFS,2026-05-08 06:00:00+00:00,2026-05-08,0,92.2,93.0,-0.7999999999999972,0.7999999999999972
KMIA,GFS,2026-05-08 12:00:00+00:00,2026-05-08,0,92.3,93.0,-0.7000000000000028,0.7000000000000028
KMIA,GFS,2026-05-08 18:00:00+00:00,2026-05-08,0,90.5,93.0,-2.5,2.5
KMIA,GFS,2026-05-09 00:00:00+00:00,2026-05-08,0,82.4,93.0,-10.599999999999994,10.599999999999994
KMIA,HRRR,2026-05-08 04:00:00+00:00,2026-05-08,0,92.08355834960942,93.0,-0.9164416503905812,0.9164416503905812
KMIA,HRRR,2026-05-08 05:00:00+00:00,2026-05-08,0,91.99363525390629,93.0,-1.006364746093709,1.006364746093709
KMIA,HRRR,2026-05-08 06:00:00+00:00,2026-05-08,0,91.97303588867192,93.0,-1.026964111328084,1.026964111328084
KMIA,HRRR,2026-05-08 07:00:00+00:00,2026-05-08,0,92.31998413085941,93.0,-0.6800158691405898,0.6800158691405898
KMIA,HRRR,2026-05-08 08:00:00+00:00,2026-05-08,0,92.08608520507816,93.0,-0.9139147949218369,0.9139147949218369
KMIA,HRRR,2026-05-08 09:00:00+00:00,2026-05-08,0,91.80697753906254,93.0,-1.1930224609374562,1.1930224609374562
KMIA,HRRR,2026-05-08 10:00:00+00:00,2026-05-08,0,92.20715454101567,93.0,-0.7928454589843312,0.7928454589843312
KMIA,HRRR,2026-05-08 11:00:00+00:00,2026-05-08,0,92.0520825195313,93.0,-0.9479174804687034,0.9479174804687034
KMIA,HRRR,2026-05-08 12:00:00+00:00,2026-05-08,0,92.16474731445317,93.0,-0.8352526855468341,0.8352526855468341
KMIA,HRRR,2026-05-08 13:00:00+00:00,2026-05-08,0,92.16727416992191,93.0,-0.8327258300780898,0.8327258300780898
KMIA,HRRR,2026-05-08 14:00:00+00:00,2026-05-08,0,92.89094360351567,93.0,-0.10905639648433407,0.10905639648433407
KMIA,HRRR,2026-05-08 15:00:00+00:00,2026-05-08,0,92.21275756835942,93.0,-0.7872424316405784,0.7872424316405784
KMIA,HRRR,2026-05-08 16:00:00+00:00,2026-05-08,0,91.66179321289067,93.0,-1.3382067871093284,1.3382067871093284
KMIA,HRRR,2026-05-08 17:00:00+00:00,2026-05-08,0,90.1112377929688,93.0,-2.8887622070312062,2.8887622070312062
KMIA,HRRR,2026-05-08 18:00:00+00:00,2026-05-08,0,89.67546508789067,93.0,-3.3245349121093284,3.3245349121093284
KMIA,HRRR,2026-05-08 19:00:00+00:00,2026-05-08,0,89.36949584960942,93.0,-3.6305041503905784,3.6305041503905784
KMIA,HRRR,2026-05-09 00:00:00+00:00,2026-05-08,0,80.72111328125004,93.0,-12.278886718749959,12.278886718749959
KMIA,HRRR,2026-05-09 01:00:00+00:00,2026-05-08,0,80.41624267578129,93.0,-12.583757324218709,12.583757324218709
KMIA,HRRR,2026-05-09 02:00:00+00:00,2026-05-08,0,78.81531494140629,93.0,-14.184685058593715,14.184685058593715
KMIA,NBM,2026-05-08 06:00:00+00:00,2026-05-08,0,92.93000000000004,93.0,-0.06999999999996476,0.06999999999996476
KMIA,NBM,2026-05-08 12:00:00+00:00,2026-05-08,0,92.74998901367192,93.0,-0.2500109863280784,0.2500109863280784
KMIA,GFS,2026-05-07 06:00:00+00:00,2026-05-08,1,90.1,93.0,-2.9000000000000057,2.9000000000000057
KMIA,GFS,2026-05-07 12:00:00+00:00,2026-05-08,1,91.2,93.0,-1.7999999999999972,1.7999999999999972
KMIA,GFS,2026-05-07 18:00:00+00:00,2026-05-08,1,92.7,93.0,-0.29999999999999716,0.29999999999999716
KMIA,GFS,2026-05-08 00:00:00+00:00,2026-05-08,1,90.8,93.0,-2.200000000000003,2.200000000000003
KMIA,HRRR,2026-05-07 06:00:00+00:00,2026-05-08,1,91.14104125976567,93.0,-1.8589587402343284,1.8589587402343284
KMIA,HRRR,2026-05-07 21:00:00+00:00,2026-05-08,1,85.34256713867191,93.0,-7.65743286132809,7.65743286132809
KMIA,NBM,2026-05-07 06:00:00+00:00,2026-05-08,1,92.03000000000004,93.0,-0.9699999999999562,0.9699999999999562
KMIA,NBM,2026-05-07 12:00:00+00:00,2026-05-08,1,92.39002197265629,93.0,-0.6099780273437148,0.6099780273437148
KMIA,NBM,2026-05-07 18:00:00+00:00,2026-05-08,1,92.5699780273438,93.0,-0.43002197265620623,0.43002197265620623
KMIA,NBM,2026-05-08 00:00:00+00:00,2026-05-08,1,92.39002197265629,93.0,-0.6099780273437148,0.6099780273437148
KMIA,GFS,2026-05-06 06:00:00+00:00,2026-05-08,2,92.5,93.0,-0.5,0.5
KMIA,GFS,2026-05-06 12:00:00+00:00,2026-05-08,2,93.0,93.0,0.0,0.0
KMIA,GFS,2026-05-06 18:00:00+00:00,2026-05-08,2,92.1,93.0,-0.9000000000000057,0.9000000000000057
KMIA,GFS,2026-05-07 00:00:00+00:00,2026-05-08,2,93.2,93.0,0.20000000000000284,0.20000000000000284
KMIA,NBM,2026-05-06 06:00:00+00:00,2026-05-08,2,91.66997802734379,93.0,-1.330021972656212,1.330021972656212
KMIA,NBM,2026-05-06 12:00:00+00:00,2026-05-08,2,91.66997802734379,93.0,-1.330021972656212,1.330021972656212
KMIA,GFS,2026-05-05 06:00:00+00:00,2026-05-08,3,92.6,93.0,-0.4000000000000057,0.4000000000000057
KMIA,GFS,2026-05-05 18:00:00+00:00,2026-05-08,3,93.2,93.0,0.20000000000000284,0.20000000000000284
KMIA,GFS,2026-05-06 00:00:00+00:00,2026-05-08,3,92.5,93.0,-0.5,0.5
KMIA,NBM,2026-05-05 06:00:00+00:00,2026-05-08,3,91.4900219726563,93.0,-1.5099780273437062,1.5099780273437062
KMIA,GFS,2026-05-04 06:00:00+00:00,2026-05-08,4,94.1,93.0,1.0999999999999943,1.0999999999999943
KMIA,GFS,2026-05-04 12:00:00+00:00,2026-05-08,4,94.1,93.0,1.0999999999999943,1.0999999999999943
KMIA,GFS,2026-05-04 18:00:00+00:00,2026-05-08,4,93.5,93.0,0.5,0.5
KMIA,GFS,2026-05-05 00:00:00+00:00,2026-05-08,4,93.7,93.0,0.7000000000000028,0.7000000000000028
KMIA,NBM,2026-05-04 06:00:00+00:00,2026-05-08,4,91.43426635742192,93.0,-1.5657336425780812,1.5657336425780812
KMIA,NBM,2026-05-04 12:00:00+00:00,2026-05-08,4,91.18141601562505,93.0,-1.8185839843749534,1.8185839843749534
KMIA,NBM,2026-05-04 18:00:00+00:00,2026-05-08,4,91.18328369140629,93.0,-1.816716308593712,1.816716308593712
KMIA,NBM,2026-05-05 00:00:00+00:00,2026-05-08,4,90.54871337890629,93.0,-2.4512866210937148,2.4512866210937148
KMIA,GFS,2026-05-03 06:00:00+00:00,2026-05-08,5,93.5,93.0,0.5,0.5
KMIA,GFS,2026-05-03 12:00:00+00:00,2026-05-08,5,93.7,93.0,0.7000000000000028,0.7000000000000028
KMIA,GFS,2026-05-03 18:00:00+00:00,2026-05-08,5,93.7,93.0,0.7000000000000028,0.7000000000000028
KMIA,GFS,2026-05-04 00:00:00+00:00,2026-05-08,5,93.5,93.0,0.5,0.5
KMIA,NBM,2026-05-03 06:00:00+00:00,2026-05-08,5,90.54278076171879,93.0,-2.457219238281212,2.457219238281212
KMIA,NBM,2026-05-03 12:00:00+00:00,2026-05-08,5,90.30091674804692,93.0,-2.699083251953084,2.699083251953084
KMIA,NBM,2026-05-03 18:00:00+00:00,2026-05-08,5,90.96482055664066,93.0,-2.0351794433593398,2.0351794433593398
KMIA,NBM,2026-05-04 00:00:00+00:00,2026-05-08,5,91.04611938476566,93.0,-1.9538806152343398,1.9538806152343398
KMIA,GFS,2026-05-02 06:00:00+00:00,2026-05-08,6,93.2,93.0,0.20000000000000284,0.20000000000000284
KMIA,GFS,2026-05-02 12:00:00+00:00,2026-05-08,6,94.1,93.0,1.0999999999999943,1.0999999999999943
KMIA,GFS,2026-05-02 18:00:00+00:00,2026-05-08,6,92.6,93.0,-0.4000000000000057,0.4000000000000057
KMIA,GFS,2026-05-03 00:00:00+00:00,2026-05-08,6,93.7,93.0,0.7000000000000028,0.7000000000000028
KMIA,NBM,2026-05-02 06:00:00+00:00,2026-05-08,6,90.56953247070317,93.0,-2.430467529296834,2.430467529296834
KMIA,NBM,2026-05-02 12:00:00+00:00,2026-05-08,6,90.29921386718755,93.0,-2.7007861328124534,2.7007861328124534
KMIA,NBM,2026-05-02 18:00:00+00:00,2026-05-08,6,90.4078686523438,93.0,-2.5921313476562062,2.5921313476562062
KMIA,NBM,2026-05-03 00:00:00+00:00,2026-05-08,6,90.68148315429691,93.0,-2.318516845703087,2.318516845703087
KMIA,GFS,2026-05-01 18:00:00+00:00,2026-05-08,7,93.2,93.0,0.20000000000000284,0.20000000000000284
KMIA,GFS,2026-05-02 00:00:00+00:00,2026-05-08,7,95.8,93.0,2.799999999999997,2.799999999999997
KMIA,NBM,2026-05-01 06:00:00+00:00,2026-05-08,7,90.7319653320313,93.0,-2.2680346679687062,2.2680346679687062
KMIA,NBM,2026-05-01 12:00:00+00:00,2026-05-08,7,89.97835815429691,93.0,-3.021641845703087,3.021641845703087
KMIA,NBM,2026-05-01 18:00:00+00:00,2026-05-08,7,90.39144409179691,93.0,-2.608555908203087,2.608555908203087
KMIA,NBM,2026-05-02 00:00:00+00:00,2026-05-08,7,90.58112304687504,93.0,-2.4188769531249648,2.4188769531249648
KNYC,GFS,2026-05-08 06:00:00+00:00,2026-05-08,0,62.7,63.0,-0.29999999999999716,0.29999999999999716
KNYC,GFS,2026-05-08 12:00:00+00:00,2026-05-08,0,62.7,63.0,-0.29999999999999716,0.29999999999999716
KNYC,GFS,2026-05-08 18:00:00+00:00,2026-05-08,0,62.4,63.0,-0.6000000000000014,0.6000000000000014
KNYC,GFS,2026-05-09 00:00:00+00:00,2026-05-08,0,56.6,63.0,-6.399999999999999,6.399999999999999
KNYC,HRRR,2026-05-08 04:00:00+00:00,2026-05-08,0,62.837293701171916,63.0,-0.16270629882808407,0.16270629882808407
KNYC,HRRR,2026-05-08 05:00:00+00:00,2026-05-08,0,63.205006103515665,63.0,0.2050061035156645,0.2050061035156645
KNYC,HRRR,2026-05-08 06:00:00+00:00,2026-05-08,0,63.00928466796879,63.0,0.009284667968792348,0.009284667968792348
KNYC,HRRR,2026-05-08 07:00:00+00:00,2026-05-08,0,63.44461791992192,63.0,0.44461791992191735,0.44461791992191735
KNYC,HRRR,2026-05-08 08:00:00+00:00,2026-05-08,0,63.98294799804692,63.0,0.9829479980469173,0.9829479980469173
KNYC,HRRR,2026-05-08 09:00:00+00:00,2026-05-08,0,63.335908203125044,63.0,0.33590820312504377,0.33590820312504377
KNYC,HRRR,2026-05-08 10:00:00+00:00,2026-05-08,0,62.888215332031294,63.0,-0.11178466796870623,0.11178466796870623
KNYC,HRRR,2026-05-08 11:00:00+00:00,2026-05-08,0,63.01104248046879,63.0,0.011042480468788085,0.011042480468788085
KNYC,HRRR,2026-05-08 12:00:00+00:00,2026-05-08,0,62.50677001953129,63.0,-0.4932299804687119,0.4932299804687119
KNYC,HRRR,2026-05-08 13:00:00+00:00,2026-05-08,0,63.73311889648441,63.0,0.7331188964844131,0.7331188964844131
KNYC,HRRR,2026-05-08 14:00:00+00:00,2026-05-08,0,63.201325683593794,63.0,0.20132568359379377,0.20132568359379377
KNYC,HRRR,2026-05-08 15:00:00+00:00,2026-05-08,0,62.645966796875044,63.0,-0.35403320312495623,0.35403320312495623
KNYC,HRRR,2026-05-08 16:00:00+00:00,2026-05-08,0,62.52242553710941,63.0,-0.4775744628905869,0.4775744628905869
KNYC,HRRR,2026-05-08 17:00:00+00:00,2026-05-08,0,62.864979248046915,63.0,-0.1350207519530855,0.1350207519530855
KNYC,HRRR,2026-05-08 18:00:00+00:00,2026-05-08,0,62.431348876953166,63.0,-0.5686511230468341,0.5686511230468341
KNYC,HRRR,2026-05-08 19:00:00+00:00,2026-05-08,0,63.94449584960942,63.0,0.9444958496094173,0.9444958496094173
KNYC,HRRR,2026-05-09 00:00:00+00:00,2026-05-08,0,56.08361328125004,63.0,-6.916386718749962,6.916386718749962
KNYC,HRRR,2026-05-09 01:00:00+00:00,2026-05-08,0,55.553742675781294,63.0,-7.446257324218706,7.446257324218706
KNYC,HRRR,2026-05-09 02:00:00+00:00,2026-05-08,0,54.51531494140629,63.0,-8.484685058593712,8.484685058593712
KNYC,NBM,2026-05-08 06:00:00+00:00,2026-05-08,0,65.93000000000004,63.0,2.9300000000000352,2.9300000000000352
KNYC,NBM,2026-05-08 12:00:00+00:00,2026-05-08,0,65.93000000000004,63.0,2.9300000000000352,2.9300000000000352
KNYC,GFS,2026-05-07 06:00:00+00:00,2026-05-08,1,60.1,63.0,-2.8999999999999986,2.8999999999999986
KNYC,GFS,2026-05-07 12:00:00+00:00,2026-05-08,1,60.2,63.0,-2.799999999999997,2.799999999999997
KNYC,GFS,2026-05-07 18:00:00+00:00,2026-05-08,1,63.4,63.0,0.3999999999999986,0.3999999999999986
KNYC,GFS,2026-05-08 00:00:00+00:00,2026-05-08,1,60.9,63.0,-2.1000000000000014,2.1000000000000014
KNYC,HRRR,2026-05-07 06:00:00+00:00,2026-05-08,1,60.31604125976567,63.0,-2.6839587402343312,2.6839587402343312
KNYC,HRRR,2026-05-07 21:00:00+00:00,2026-05-08,1,58.23006713867191,63.0,-4.769932861328087,4.769932861328087
KNYC,NBM,2026-05-07 06:00:00+00:00,2026-05-08,1,65.39002197265629,63.0,2.3900219726562852,2.3900219726562852
KNYC,NBM,2026-05-07 12:00:00+00:00,2026-05-08,1,65.03000000000004,63.0,2.0300000000000438,2.0300000000000438
KNYC,NBM,2026-05-07 18:00:00+00:00,2026-05-08,1,65.5699780273438,63.0,2.5699780273437938,2.5699780273437938
KNYC,NBM,2026-05-08 00:00:00+00:00,2026-05-08,1,64.84998901367192,63.0,1.849989013671916,1.849989013671916
KNYC,GFS,2026-05-06 06:00:00+00:00,2026-05-08,2,64.9,63.0,1.9000000000000057,1.9000000000000057
KNYC,GFS,2026-05-06 12:00:00+00:00,2026-05-08,2,64.5,63.0,1.5,1.5
KNYC,GFS,2026-05-06 18:00:00+00:00,2026-05-08,2,61.5,63.0,-1.5,1.5
KNYC,GFS,2026-05-07 00:00:00+00:00,2026-05-08,2,60.7,63.0,-2.299999999999997,2.299999999999997
KNYC,NBM,2026-05-06 12:00:00+00:00,2026-05-08,2,65.5699780273438,63.0,2.5699780273437938,2.5699780273437938
KNYC,GFS,2026-05-05 06:00:00+00:00,2026-05-08,3,68.8,63.0,5.799999999999997,5.799999999999997
KNYC,GFS,2026-05-05 18:00:00+00:00,2026-05-08,3,67.2,63.0,4.200000000000003,4.200000000000003
KNYC,GFS,2026-05-06 00:00:00+00:00,2026-05-08,3,64.9,63.0,1.9000000000000057,1.9000000000000057
KNYC,NBM,2026-05-06 00:00:00+00:00,2026-05-08,3,65.93000000000004,63.0,2.9300000000000352,2.9300000000000352
KNYC,GFS,2026-05-04 06:00:00+00:00,2026-05-08,4,61.3,63.0,-1.7000000000000028,1.7000000000000028
KNYC,GFS,2026-05-04 12:00:00+00:00,2026-05-08,4,64.2,63.0,1.2000000000000028,1.2000000000000028
KNYC,GFS,2026-05-04 18:00:00+00:00,2026-05-08,4,65.4,63.0,2.4000000000000057,2.4000000000000057
KNYC,GFS,2026-05-05 00:00:00+00:00,2026-05-08,4,66.7,63.0,3.700000000000003,3.700000000000003
KNYC,NBM,2026-05-04 06:00:00+00:00,2026-05-08,4,66.23426635742192,63.0,3.234266357421916,3.234266357421916
KNYC,NBM,2026-05-04 12:00:00+00:00,2026-05-08,4,67.42139404296879,63.0,4.421394042968785,4.421394042968785
KNYC,NBM,2026-05-04 18:00:00+00:00,2026-05-08,4,66.70327270507816,63.0,3.703272705078163,3.703272705078163
KNYC,NBM,2026-05-05 00:00:00+00:00,2026-05-08,4,67.50868041992192,63.0,4.508680419921916,4.508680419921916
KNYC,GFS,2026-05-03 06:00:00+00:00,2026-05-08,5,65.3,63.0,2.299999999999997,2.299999999999997
KNYC,GFS,2026-05-03 12:00:00+00:00,2026-05-08,5,62.3,63.0,-0.7000000000000028,0.7000000000000028
KNYC,GFS,2026-05-03 18:00:00+00:00,2026-05-08,5,65.1,63.0,2.0999999999999943,2.0999999999999943
KNYC,GFS,2026-05-04 00:00:00+00:00,2026-05-08,5,62.8,63.0,-0.20000000000000284,0.20000000000000284
KNYC,NBM,2026-05-03 06:00:00+00:00,2026-05-08,5,65.34278076171879,63.0,2.3427807617187852,2.3427807617187852
KNYC,NBM,2026-05-03 12:00:00+00:00,2026-05-08,5,65.10091674804691,63.0,2.100916748046913,2.100916748046913
KNYC,NBM,2026-05-03 18:00:00+00:00,2026-05-08,5,65.0448315429688,63.0,2.0448315429687938,2.0448315429687938
KNYC,NBM,2026-05-04 00:00:00+00:00,2026-05-08,5,65.84611938476567,63.0,2.8461193847656716,2.8461193847656716
KNYC,GFS,2026-05-02 06:00:00+00:00,2026-05-08,6,63.1,63.0,0.10000000000000142,0.10000000000000142
KNYC,GFS,2026-05-02 12:00:00+00:00,2026-05-08,6,64.7,63.0,1.7000000000000028,1.7000000000000028
KNYC,GFS,2026-05-02 18:00:00+00:00,2026-05-08,6,62.9,63.0,-0.10000000000000142,0.10000000000000142
KNYC,GFS,2026-05-03 00:00:00+00:00,2026-05-08,6,57.9,63.0,-5.100000000000001,5.100000000000001
KNYC,NBM,2026-05-02 06:00:00+00:00,2026-05-08,6,65.36953247070316,63.0,2.369532470703163,2.369532470703163
KNYC,NBM,2026-05-02 12:00:00+00:00,2026-05-08,6,65.09921386718754,63.0,2.0992138671875438,2.0992138671875438
KNYC,NBM,2026-05-02 18:00:00+00:00,2026-05-08,6,64.48787963867191,63.0,1.487879638671913,1.487879638671913
KNYC,NBM,2026-05-03 00:00:00+00:00,2026-05-08,6,64.76149414062505,63.0,1.7614941406250466,1.7614941406250466
KNYC,GFS,2026-05-01 18:00:00+00:00,2026-05-08,7,60.9,63.0,-2.1000000000000014,2.1000000000000014
KNYC,GFS,2026-05-02 00:00:00+00:00,2026-05-08,7,66.6,63.0,3.5999999999999943,3.5999999999999943
KNYC,NBM,2026-05-01 06:00:00+00:00,2026-05-08,7,64.8119213867188,63.0,1.8119213867187938,1.8119213867187938
KNYC,NBM,2026-05-01 12:00:00+00:00,2026-05-08,7,64.77835815429691,63.0,1.7783581542969102,1.7783581542969102
KNYC,NBM,2026-05-01 18:00:00+00:00,2026-05-08,7,64.47145507812505,63.0,1.4714550781250466,1.4714550781250466
KNYC,NBM,2026-05-02 00:00:00+00:00,2026-05-08,7,64.66113403320317,63.0,1.6611340332031688,1.6611340332031688
KORD,GFS,2026-05-02 06:00:00+00:00,2026-05-08,6,64.8,66.02,-1.2199999999999989,1.2199999999999989
KORD,GFS,2026-05-02 12:00:00+00:00,2026-05-08,6,66.4,66.02,0.38000000000000966,0.38000000000000966
KORD,GFS,2026-05-02 18:00:00+00:00,2026-05-08,6,48.6,66.02,-17.419999999999995,17.419999999999995
KORD,NBM,2026-05-02 06:00:00+00:00,2026-05-08,6,63.92949951171879,66.02,-2.090500488281208,2.090500488281208
KORD,GFS,2026-05-01 18:00:00+00:00,2026-05-08,7,63.7,66.02,-2.319999999999993,2.319999999999993
KORD,GFS,2026-05-02 00:00:00+00:00,2026-05-08,7,61.8,66.02,-4.219999999999999,4.219999999999999
KORD,NBM,2026-05-01 06:00:00+00:00,2026-05-08,7,64.8119213867188,66.02,-1.2080786132812023,1.2080786132812023
KORD,NBM,2026-05-01 12:00:00+00:00,2026-05-08,7,64.05836914062505,66.02,-1.9616308593749494,1.9616308593749494
KORD,NBM,2026-05-01 18:00:00+00:00,2026-05-08,7,62.311433105468794,66.02,-3.7085668945312023,3.7085668945312023
KORD,NBM,2026-05-02 00:00:00+00:00,2026-05-08,7,63.221101074218794,66.02,-2.7988989257812023,2.7988989257812023
KMDW,HRRR,2026-05-09 05:00:00+00:00,2026-05-09,0,72.85715454101566,76.0,-3.1428454589843398,3.1428454589843398
KMDW,HRRR,2026-05-09 06:00:00+00:00,2026-05-09,0,72.93493774414067,76.0,-3.0650622558593312,3.0650622558593312
KMDW,HRRR,2026-05-09 07:00:00+00:00,2026-05-09,0,74.72834594726567,76.0,-1.271654052734334,1.271654052734334
KMDW,HRRR,2026-05-09 08:00:00+00:00,2026-05-09,0,74.60612304687504,76.0,-1.393876953124959,1.393876953124959
KMDW,HRRR,2026-05-09 09:00:00+00:00,2026-05-09,0,75.37170532226567,76.0,-0.6282946777343312,0.6282946777343312
KMDW,HRRR,2026-05-09 18:00:00+00:00,2026-05-09,0,74.80645874023442,76.0,-1.1935412597655812,1.1935412597655812
KMDW,HRRR,2026-05-09 19:00:00+00:00,2026-05-09,0,74.18463256835942,76.0,-1.8153674316405812,1.8153674316405812
KMDW,HRRR,2026-05-09 20:00:00+00:00,2026-05-09,0,73.17779052734379,76.0,-2.822209472656212,2.822209472656212
KMDW,HRRR,2026-05-09 21:00:00+00:00,2026-05-09,0,72.25779541015629,76.0,-3.742204589843709,3.742204589843709
KMDW,HRRR,2026-05-09 22:00:00+00:00,2026-05-09,0,71.96078002929691,76.0,-4.039219970703087,4.039219970703087
KMDW,HRRR,2026-05-09 23:00:00+00:00,2026-05-09,0,68.46168945312505,76.0,-7.538310546874953,7.538310546874953
KMDW,HRRR,2026-05-10 00:00:00+00:00,2026-05-09,0,59.957996826171915,76.0,-16.042003173828085,16.042003173828085
KMDW,HRRR,2026-05-10 01:00:00+00:00,2026-05-09,0,55.481947021484416,76.0,-20.518052978515584,20.518052978515584
KMDW,HRRR,2026-05-10 02:00:00+00:00,2026-05-09,0,52.05327880859379,76.0,-23.946721191406212,23.946721191406212
KMDW,HRRR,2026-05-10 03:00:00+00:00,2026-05-09,0,50.66691406250004,76.0,-25.33308593749996,25.33308593749996
KMDW,NBM,2026-05-09 12:00:00+00:00,2026-05-09,0,74.74998901367192,76.0,-1.2500109863280784,1.2500109863280784
KMDW,GFS,2026-05-08 06:00:00+00:00,2026-05-09,1,75.9,76.0,-0.09999999999999432,0.09999999999999432
KMDW,GFS,2026-05-08 12:00:00+00:00,2026-05-09,1,73.8,76.0,-2.200000000000003,2.200000000000003
KMDW,GFS,2026-05-08 18:00:00+00:00,2026-05-09,1,75.6,76.0,-0.4000000000000057,0.4000000000000057
KMDW,GFS,2026-05-09 00:00:00+00:00,2026-05-09,1,75.1,76.0,-0.9000000000000057,0.9000000000000057
KMDW,HRRR,2026-05-08 06:00:00+00:00,2026-05-09,1,56.007862548828165,76.0,-19.992137451171835,19.992137451171835
KMDW,HRRR,2026-05-08 11:00:00+00:00,2026-05-09,1,54.704499511718794,76.0,-21.295500488281206,21.295500488281206
KMDW,HRRR,2026-05-08 12:00:00+00:00,2026-05-09,1,75.55402343750004,76.0,-0.44597656249996476,0.44597656249996476
KMDW,HRRR,2026-05-08 13:00:00+00:00,2026-05-09,1,53.92617309570316,76.0,-22.073826904296837,22.073826904296837
KMDW,HRRR,2026-05-08 14:00:00+00:00,2026-05-09,1,54.357496337890666,76.0,-21.642503662109334,21.642503662109334
KMDW,HRRR,2026-05-08 15:00:00+00:00,2026-05-09,1,55.263154296875044,76.0,-20.736845703124956,20.736845703124956
KMDW,HRRR,2026-05-08 16:00:00+00:00,2026-05-09,1,55.133131103515666,76.0,-20.866868896484334,20.866868896484334
KMDW,HRRR,2026-05-08 17:00:00+00:00,2026-05-09,1,53.45799072265629,76.0,-22.54200927734371,22.54200927734371
KMDW,HRRR,2026-05-08 18:00:00+00:00,2026-05-09,1,74.99871948242192,76.0,-1.0012805175780812,1.0012805175780812
KMDW,HRRR,2026-05-08 19:00:00+00:00,2026-05-09,1,58.389478759765666,76.0,-17.610521240234334,17.610521240234334
KMDW,HRRR,2026-05-09 00:00:00+00:00,2026-05-09,1,72.74289672851566,76.0,-3.2571032714843398,3.2571032714843398
KMDW,HRRR,2026-05-09 01:00:00+00:00,2026-05-09,1,73.64882934570316,76.0,-2.351170654296837,2.351170654296837
KMDW,HRRR,2026-05-09 02:00:00+00:00,2026-05-09,1,73.97578247070317,76.0,-2.024217529296834,2.024217529296834
KMDW,HRRR,2026-05-09 03:00:00+00:00,2026-05-09,1,72.85957153320317,76.0,-3.140428466796834,3.140428466796834
KMDW,HRRR,2026-05-09 04:00:00+00:00,2026-05-09,1,72.98629882812504,76.0,-3.0137011718749562,3.0137011718749562
KMDW,NBM,2026-05-08 06:00:00+00:00,2026-05-09,1,73.66997802734379,76.0,-2.330021972656212,2.330021972656212
KMDW,NBM,2026-05-08 12:00:00+00:00,2026-05-09,1,73.84998901367192,76.0,-2.150010986328084,2.150010986328084
KMDW,NBM,2026-05-08 18:00:00+00:00,2026-05-09,1,74.93000000000004,76.0,-1.0699999999999648,1.0699999999999648
KMDW,GFS,2026-05-07 06:00:00+00:00,2026-05-09,2,75.8,76.0,-0.20000000000000284,0.20000000000000284
KMDW,GFS,2026-05-07 12:00:00+00:00,2026-05-09,2,75.0,76.0,-1.0,1.0
KMDW,GFS,2026-05-07 18:00:00+00:00,2026-05-09,2,72.3,76.0,-3.700000000000003,3.700000000000003
KMDW,GFS,2026-05-08 00:00:00+00:00,2026-05-09,2,71.7,76.0,-4.299999999999997,4.299999999999997
KMDW,HRRR,2026-05-07 06:00:00+00:00,2026-05-09,2,51.50280883789067,76.0,-24.49719116210933,24.49719116210933
KMDW,NBM,2026-05-07 06:00:00+00:00,2026-05-09,2,74.03000000000004,76.0,-1.9699999999999562,1.9699999999999562
KMDW,NBM,2026-05-07 12:00:00+00:00,2026-05-09,2,74.03000000000004,76.0,-1.9699999999999562,1.9699999999999562
KMDW,NBM,2026-05-07 18:00:00+00:00,2026-05-09,2,73.31001098632817,76.0,-2.689989013671834,2.689989013671834
KMDW,NBM,2026-05-08 00:00:00+00:00,2026-05-09,2,73.4900219726563,76.0,-2.5099780273437062,2.5099780273437062
KMDW,GFS,2026-05-06 06:00:00+00:00,2026-05-09,3,70.9,76.0,-5.099999999999994,5.099999999999994
KMDW,GFS,2026-05-06 12:00:00+00:00,2026-05-09,3,72.0,76.0,-4.0,4.0
KMDW,GFS,2026-05-06 18:00:00+00:00,2026-05-09,3,74.5,76.0,-1.5,1.5
KMDW,GFS,2026-05-07 00:00:00+00:00,2026-05-09,3,75.8,76.0,-0.20000000000000284,0.20000000000000284
KMDW,NBM,2026-05-06 06:00:00+00:00,2026-05-09,3,75.11001098632816,76.0,-0.8899890136718369,0.8899890136718369
KMDW,NBM,2026-05-06 12:00:00+00:00,2026-05-09,3,75.46997802734379,76.0,-0.5300219726562148,0.5300219726562148
KMDW,GFS,2026-05-05 06:00:00+00:00,2026-05-09,4,71.8,76.0,-4.200000000000003,4.200000000000003
KMDW,GFS,2026-05-05 18:00:00+00:00,2026-05-09,4,75.0,76.0,-1.0,1.0
KMDW,GFS,2026-05-06 00:00:00+00:00,2026-05-09,4,70.9,76.0,-5.099999999999994,5.099999999999994
KMDW,NBM,2026-05-05 06:00:00+00:00,2026-05-09,4,74.93000000000004,76.0,-1.0699999999999648,1.0699999999999648
KMDW,GFS,2026-05-04 06:00:00+00:00,2026-05-09,5,69.6,76.0,-6.400000000000006,6.400000000000006
KMDW,GFS,2026-05-04 12:00:00+00:00,2026-05-09,5,68.4,76.0,-7.599999999999994,7.599999999999994
KMDW,GFS,2026-05-04 18:00:00+00:00,2026-05-09,5,70.4,76.0,-5.599999999999994,5.599999999999994
KMDW,GFS,2026-05-05 00:00:00+00:00,2026-05-09,5,69.1,76.0,-6.900000000000006,6.900000000000006
KMDW,NBM,2026-05-04 06:00:00+00:00,2026-05-09,5,69.09642456054692,76.0,-6.903575439453078,6.903575439453078
KMDW,NBM,2026-05-04 12:00:00+00:00,2026-05-09,5,70.47449462890629,76.0,-5.525505371093715,5.525505371093715
KMDW,NBM,2026-05-04 18:00:00+00:00,2026-05-09,5,71.28374755859379,76.0,-4.716252441406212,4.716252441406212
KMDW,NBM,2026-05-05 00:00:00+00:00,2026-05-09,5,72.36809814453129,76.0,-3.631901855468712,3.631901855468712
KMDW,GFS,2026-05-03 06:00:00+00:00,2026-05-09,6,67.5,76.0,-8.5,8.5
KMDW,GFS,2026-05-03 12:00:00+00:00,2026-05-09,6,69.6,76.0,-6.400000000000006,6.400000000000006
KMDW,GFS,2026-05-03 18:00:00+00:00,2026-05-09,6,70.4,76.0,-5.599999999999994,5.599999999999994
KMDW,GFS,2026-05-04 00:00:00+00:00,2026-05-09,6,66.9,76.0,-9.099999999999994,9.099999999999994
KMDW,NBM,2026-05-03 06:00:00+00:00,2026-05-09,6,67.41326416015629,76.0,-8.586735839843712,8.586735839843712
KMDW,NBM,2026-05-03 12:00:00+00:00,2026-05-09,6,67.15838134765629,76.0,-8.841618652343712,8.841618652343712
KMDW,NBM,2026-05-03 18:00:00+00:00,2026-05-09,6,67.93637817382816,76.0,-8.06362182617184,8.06362182617184
KMDW,NBM,2026-05-04 00:00:00+00:00,2026-05-09,6,68.31507690429692,76.0,-7.684923095703084,7.684923095703084
KMDW,GFS,2026-05-02 18:00:00+00:00,2026-05-09,7,65.1,76.0,-10.900000000000006,10.900000000000006
KMDW,GFS,2026-05-03 00:00:00+00:00,2026-05-09,7,56.0,76.0,-20.0,20.0
KMDW,NBM,2026-05-02 06:00:00+00:00,2026-05-09,7,67.96148193359379,76.0,-8.038518066406212,8.038518066406212
KMDW,NBM,2026-05-02 12:00:00+00:00,2026-05-09,7,68.15555541992191,76.0,-7.84444458007809,7.84444458007809
KMDW,NBM,2026-05-02 18:00:00+00:00,2026-05-09,7,67.56992919921879,76.0,-8.430070800781209,8.430070800781209
KMDW,NBM,2026-05-03 00:00:00+00:00,2026-05-09,7,67.14893310546879,76.0,-8.851066894531215,8.851066894531215
KMIA,HRRR,2026-05-09 04:00:00+00:00,2026-05-09,0,88.72893798828129,91.0,-2.271062011718712,2.271062011718712
KMIA,HRRR,2026-05-09 05:00:00+00:00,2026-05-09,0,88.48213012695317,91.0,-2.517869873046834,2.517869873046834
KMIA,HRRR,2026-05-09 06:00:00+00:00,2026-05-09,0,89.09961669921879,91.0,-1.9003833007812148,1.9003833007812148
KMIA,HRRR,2026-05-09 07:00:00+00:00,2026-05-09,0,89.18635375976567,91.0,-1.813646240234334,1.813646240234334
KMIA,HRRR,2026-05-09 08:00:00+00:00,2026-05-09,0,88.99557617187504,91.0,-2.0044238281249562,2.0044238281249562
KMIA,HRRR,2026-05-09 09:00:00+00:00,2026-05-09,0,89.3098950195313,91.0,-1.6901049804687034,1.6901049804687034
KMIA,HRRR,2026-05-09 18:00:00+00:00,2026-05-09,0,88.41126831054692,91.0,-2.588731689453084,2.588731689453084
KMIA,HRRR,2026-05-09 19:00:00+00:00,2026-05-09,0,88.03916137695316,91.0,-2.9608386230468398,2.9608386230468398
KMIA,HRRR,2026-05-09 20:00:00+00:00,2026-05-09,0,87.0152905273438,91.0,-3.9847094726562062,3.9847094726562062
KMIA,HRRR,2026-05-09 21:00:00+00:00,2026-05-09,0,86.6577954101563,91.0,-4.342204589843703,4.342204589843703
KMIA,HRRR,2026-05-09 22:00:00+00:00,2026-05-09,0,85.57328002929691,91.0,-5.42671997070309,5.42671997070309
KMIA,HRRR,2026-05-09 23:00:00+00:00,2026-05-09,0,83.08668945312505,91.0,-7.913310546874953,7.913310546874953
KMIA,HRRR,2026-05-10 00:00:00+00:00,2026-05-09,0,82.23299682617191,91.0,-8.767003173828087,8.767003173828087
KMIA,HRRR,2026-05-10 01:00:00+00:00,2026-05-09,0,81.69444702148442,91.0,-9.305552978515578,9.305552978515578
KMIA,HRRR,2026-05-10 02:00:00+00:00,2026-05-09,0,81.0782788085938,91.0,-9.921721191406206,9.921721191406206
KMIA,NBM,2026-05-09 12:00:00+00:00,2026-05-09,0,92.03000000000004,91.0,1.0300000000000438,1.0300000000000438
KMIA,GFS,2026-05-08 06:00:00+00:00,2026-05-09,1,89.0,91.0,-2.0,2.0
KMIA,GFS,2026-05-08 12:00:00+00:00,2026-05-09,1,89.0,91.0,-2.0,2.0
KMIA,GFS,2026-05-08 18:00:00+00:00,2026-05-09,1,89.1,91.0,-1.9000000000000057,1.9000000000000057
KMIA,GFS,2026-05-09 00:00:00+00:00,2026-05-09,1,89.0,91.0,-2.0,2.0
KMIA,HRRR,2026-05-08 06:00:00+00:00,2026-05-09,1,76.9485180664063,91.0,-14.051481933593706,14.051481933593706
KMIA,HRRR,2026-05-08 10:00:00+00:00,2026-05-09,1,77.52755249023441,91.0,-13.472447509765587,13.472447509765587
KMIA,HRRR,2026-05-08 11:00:00+00:00,2026-05-09,1,77.53749511718755,91.0,-13.462504882812453,13.462504882812453
KMIA,HRRR,2026-05-08 12:00:00+00:00,2026-05-09,1,89.06358154296879,91.0,-1.936418457031209,1.936418457031209
KMIA,HRRR,2026-05-08 13:00:00+00:00,2026-05-09,1,76.88661010742192,91.0,-14.113389892578084,14.113389892578084
KMIA,HRRR,2026-05-08 14:00:00+00:00,2026-05-09,1,76.8485424804688,91.0,-14.151457519531206,14.151457519531206
KMIA,HRRR,2026-05-08 15:00:00+00:00,2026-05-09,1,76.66128051757816,91.0,-14.338719482421837,14.338719482421837
KMIA,HRRR,2026-05-08 16:00:00+00:00,2026-05-09,1,76.80816772460942,91.0,-14.191832275390581,14.191832275390581
KMIA,HRRR,2026-05-08 17:00:00+00:00,2026-05-09,1,76.28928344726566,91.0,-14.71071655273434,14.71071655273434
KMIA,HRRR,2026-05-08 18:00:00+00:00,2026-05-09,1,88.90312622070317,91.0,-2.0968737792968284,2.0968737792968284
KMIA,HRRR,2026-05-08 19:00:00+00:00,2026-05-09,1,81.45197875976567,91.0,-9.548021240234334,9.548021240234334
KMIA,HRRR,2026-05-09 00:00:00+00:00,2026-05-09,1,89.37542846679692,91.0,-1.6245715332030812,1.6245715332030812
KMIA,HRRR,2026-05-09 01:00:00+00:00,2026-05-09,1,88.87675903320317,91.0,-2.1232409667968284,2.1232409667968284
KMIA,HRRR,2026-05-09 02:00:00+00:00,2026-05-09,1,88.45642211914067,91.0,-2.5435778808593312,2.5435778808593312
KMIA,HRRR,2026-05-09 03:00:00+00:00,2026-05-09,1,88.75596435546879,91.0,-2.244035644531209,2.244035644531209
KMIA,NBM,2026-05-08 06:00:00+00:00,2026-05-09,1,92.03000000000004,91.0,1.0300000000000438,1.0300000000000438
KMIA,NBM,2026-05-08 12:00:00+00:00,2026-05-09,1,91.66997802734379,91.0,0.6699780273437881,0.6699780273437881
KMIA,NBM,2026-05-08 18:00:00+00:00,2026-05-09,1,92.03000000000004,91.0,1.0300000000000438,1.0300000000000438
KMIA,NBM,2026-05-09 00:00:00+00:00,2026-05-09,1,91.4900219726563,91.0,0.49002197265629377,0.49002197265629377
KMIA,GFS,2026-05-07 06:00:00+00:00,2026-05-09,2,89.0,91.0,-2.0,2.0
KMIA,GFS,2026-05-07 12:00:00+00:00,2026-05-09,2,89.4,91.0,-1.5999999999999943,1.5999999999999943
KMIA,GFS,2026-05-07 18:00:00+00:00,2026-05-09,2,89.9,91.0,-1.0999999999999943,1.0999999999999943
KMIA,GFS,2026-05-08 00:00:00+00:00,2026-05-09,2,89.8,91.0,-1.2000000000000028,1.2000000000000028
KMIA,HRRR,2026-05-07 06:00:00+00:00,2026-05-09,2,77.52321289062505,91.0,-13.476787109374953,13.476787109374953
KMIA,NBM,2026-05-07 06:00:00+00:00,2026-05-09,2,91.4900219726563,91.0,0.49002197265629377,0.49002197265629377
KMIA,NBM,2026-05-07 12:00:00+00:00,2026-05-09,2,91.4900219726563,91.0,0.49002197265629377,0.49002197265629377
KMIA,NBM,2026-05-07 18:00:00+00:00,2026-05-09,2,92.03000000000004,91.0,1.0300000000000438,1.0300000000000438
KMIA,NBM,2026-05-08 00:00:00+00:00,2026-05-09,2,91.4900219726563,91.0,0.49002197265629377,0.49002197265629377
KMIA,GFS,2026-05-06 06:00:00+00:00,2026-05-09,3,89.0,91.0,-2.0,2.0
KMIA,GFS,2026-05-06 12:00:00+00:00,2026-05-09,3,89.6,91.0,-1.4000000000000057,1.4000000000000057
KMIA,GFS,2026-05-06 18:00:00+00:00,2026-05-09,3,89.2,91.0,-1.7999999999999972,1.7999999999999972
KMIA,GFS,2026-05-07 00:00:00+00:00,2026-05-09,3,89.0,91.0,-2.0,2.0
KMIA,NBM,2026-05-06 06:00:00+00:00,2026-05-09,3,91.13000000000004,91.0,0.13000000000003809,0.13000000000003809
KMIA,NBM,2026-05-06 12:00:00+00:00,2026-05-09,3,91.31001098632817,91.0,0.3100109863281659,0.3100109863281659
KMIA,GFS,2026-05-05 06:00:00+00:00,2026-05-09,4,90.7,91.0,-0.29999999999999716,0.29999999999999716
KMIA,GFS,2026-05-05 18:00:00+00:00,2026-05-09,4,89.0,91.0,-2.0,2.0
KMIA,GFS,2026-05-06 00:00:00+00:00,2026-05-09,4,89.0,91.0,-2.0,2.0
KMIA,NBM,2026-05-05 06:00:00+00:00,2026-05-09,4,91.4900219726563,91.0,0.49002197265629377,0.49002197265629377
KMIA,GFS,2026-05-04 06:00:00+00:00,2026-05-09,5,89.4,91.0,-1.5999999999999943,1.5999999999999943
KMIA,GFS,2026-05-04 12:00:00+00:00,2026-05-09,5,89.6,91.0,-1.4000000000000057,1.4000000000000057
KMIA,GFS,2026-05-04 18:00:00+00:00,2026-05-09,5,89.9,91.0,-1.0999999999999943,1.0999999999999943
KMIA,GFS,2026-05-05 00:00:00+00:00,2026-05-09,5,90.1,91.0,-0.9000000000000057,0.9000000000000057
KMIA,NBM,2026-05-04 06:00:00+00:00,2026-05-09,5,90.69642456054692,91.0,-0.3035754394530841,0.3035754394530841
KMIA,NBM,2026-05-04 12:00:00+00:00,2026-05-09,5,90.63446166992192,91.0,-0.36553833007808123,0.36553833007808123
KMIA,NBM,2026-05-04 18:00:00+00:00,2026-05-09,5,90.72378051757816,91.0,-0.2762194824218369,0.2762194824218369
KMIA,NBM,2026-05-05 00:00:00+00:00,2026-05-09,5,90.36809814453129,91.0,-0.6319018554687119,0.6319018554687119
KMIA,GFS,2026-05-03 06:00:00+00:00,2026-05-09,6,92.8,91.0,1.7999999999999972,1.7999999999999972
KMIA,GFS,2026-05-03 12:00:00+00:00,2026-05-09,6,90.5,91.0,-0.5,0.5
KMIA,GFS,2026-05-03 18:00:00+00:00,2026-05-09,6,88.4,91.0,-2.5999999999999943,2.5999999999999943
KMIA,GFS,2026-05-04 00:00:00+00:00,2026-05-09,6,90.1,91.0,-0.9000000000000057,0.9000000000000057
KMIA,NBM,2026-05-03 06:00:00+00:00,2026-05-09,6,90.45329711914067,91.0,-0.5467028808593284,0.5467028808593284
KMIA,NBM,2026-05-03 12:00:00+00:00,2026-05-09,6,90.19841430664067,91.0,-0.8015856933593284,0.8015856933593284
KMIA,NBM,2026-05-03 18:00:00+00:00,2026-05-09,6,90.25636718750005,91.0,-0.7436328124999534,0.7436328124999534
KMIA,NBM,2026-05-04 00:00:00+00:00,2026-05-09,6,89.91507690429691,91.0,-1.0849230957030898,1.0849230957030898
KMIA,GFS,2026-05-02 06:00:00+00:00,2026-05-09,7,84.7,91.0,-6.299999999999997,6.299999999999997
KMIA,GFS,2026-05-02 12:00:00+00:00,2026-05-09,7,90.3,91.0,-0.7000000000000028,0.7000000000000028
KMIA,GFS,2026-05-02 18:00:00+00:00,2026-05-09,7,93.8,91.0,2.799999999999997,2.799999999999997
KMIA,GFS,2026-05-03 00:00:00+00:00,2026-05-09,7,95.1,91.0,4.099999999999994,4.099999999999994
KMIA,NBM,2026-05-02 06:00:00+00:00,2026-05-09,7,88.84149291992192,91.0,-2.1585070800780812,2.1585070800780812
KMIA,NBM,2026-05-02 12:00:00+00:00,2026-05-09,7,88.31557739257816,91.0,-2.684422607421837,2.684422607421837
KMIA,NBM,2026-05-02 18:00:00+00:00,2026-05-09,7,89.16992919921879,91.0,-1.8300708007812148,1.8300708007812148
KMIA,NBM,2026-05-03 00:00:00+00:00,2026-05-09,7,88.7489331054688,91.0,-2.2510668945312062,2.2510668945312062
KNYC,HRRR,2026-05-09 04:00:00+00:00,2026-05-09,0,68.13654907226567,65.0,3.136549072265666,3.136549072265666
KNYC,HRRR,2026-05-09 05:00:00+00:00,2026-05-09,0,69.46963012695316,65.0,4.469630126953163,4.469630126953163
KNYC,HRRR,2026-05-09 06:00:00+00:00,2026-05-09,0,70.36199462890629,65.0,5.361994628906288,5.361994628906288
KNYC,HRRR,2026-05-09 07:00:00+00:00,2026-05-09,0,69.34526489257817,65.0,4.345264892578172,4.345264892578172
KNYC,HRRR,2026-05-09 08:00:00+00:00,2026-05-09,0,68.76705444335941,65.0,3.767054443359413,3.767054443359413
KNYC,HRRR,2026-05-09 09:00:00+00:00,2026-05-09,0,72.31393554687504,65.0,7.313935546875044,7.313935546875044
KNYC,HRRR,2026-05-09 18:00:00+00:00,2026-05-09,0,65.57376831054691,65.0,0.5737683105469102,0.5737683105469102
KNYC,HRRR,2026-05-09 19:00:00+00:00,2026-05-09,0,63.51416137695317,65.0,-1.4858386230468312,1.4858386230468312
KNYC,HRRR,2026-05-09 20:00:00+00:00,2026-05-09,0,59.961622314453166,65.0,-5.038377685546834,5.038377685546834
KNYC,HRRR,2026-05-09 21:00:00+00:00,2026-05-09,0,57.85779541015629,65.0,-7.142204589843708,7.142204589843708
KNYC,HRRR,2026-05-09 22:00:00+00:00,2026-05-09,0,55.98578002929692,65.0,-9.014219970703081,9.014219970703081
KNYC,HRRR,2026-05-09 23:00:00+00:00,2026-05-09,0,55.074189453125044,65.0,-9.925810546874956,9.925810546874956
KNYC,HRRR,2026-05-10 00:00:00+00:00,2026-05-09,0,52.98299682617191,65.0,-12.017003173828087,12.017003173828087
KNYC,HRRR,2026-05-10 01:00:00+00:00,2026-05-09,0,52.21944702148441,65.0,-12.780552978515587,12.780552978515587
KNYC,HRRR,2026-05-10 02:00:00+00:00,2026-05-09,0,51.15327880859379,65.0,-13.84672119140621,13.84672119140621
KNYC,NBM,2026-05-09 12:00:00+00:00,2026-05-09,0,67.54998901367192,65.0,2.5499890136719188,2.5499890136719188
KNYC,GFS,2026-05-08 06:00:00+00:00,2026-05-09,1,61.8,65.0,-3.200000000000003,3.200000000000003
KNYC,GFS,2026-05-08 12:00:00+00:00,2026-05-09,1,63.1,65.0,-1.8999999999999986,1.8999999999999986
KNYC,GFS,2026-05-08 18:00:00+00:00,2026-05-09,1,65.4,65.0,0.4000000000000057,0.4000000000000057
KNYC,GFS,2026-05-09 00:00:00+00:00,2026-05-09,1,68.5,65.0,3.5,3.5
KNYC,HRRR,2026-05-08 06:00:00+00:00,2026-05-09,1,52.292066650390666,65.0,-12.707933349609334,12.707933349609334
KNYC,HRRR,2026-05-08 10:00:00+00:00,2026-05-09,1,51.20255249023442,65.0,-13.797447509765583,13.797447509765583
KNYC,HRRR,2026-05-08 11:00:00+00:00,2026-05-09,1,48.74199951171879,65.0,-16.258000488281212,16.258000488281212
KNYC,HRRR,2026-05-08 12:00:00+00:00,2026-05-09,1,65.52768066406254,65.0,0.5276806640625438,0.5276806640625438
KNYC,HRRR,2026-05-08 13:00:00+00:00,2026-05-09,1,52.05761840820317,65.0,-12.942381591796831,12.942381591796831
KNYC,HRRR,2026-05-08 14:00:00+00:00,2026-05-09,1,51.876618652343794,65.0,-13.123381347656206,13.123381347656206
KNYC,HRRR,2026-05-08 15:00:00+00:00,2026-05-09,1,51.55724609375004,65.0,-13.442753906249962,13.442753906249962
KNYC,HRRR,2026-05-08 16:00:00+00:00,2026-05-09,1,51.315217285156294,65.0,-13.684782714843706,13.684782714843706
KNYC,HRRR,2026-05-08 17:00:00+00:00,2026-05-09,1,53.001783447265666,65.0,-11.998216552734334,11.998216552734334
KNYC,HRRR,2026-05-08 18:00:00+00:00,2026-05-09,1,68.21345336914067,65.0,3.213453369140666,3.213453369140666
KNYC,HRRR,2026-05-08 19:00:00+00:00,2026-05-09,1,56.701978759765666,65.0,-8.298021240234334,8.298021240234334
KNYC,HRRR,2026-05-09 00:00:00+00:00,2026-05-09,1,68.06662109375004,65.0,3.0666210937500438,3.0666210937500438
KNYC,HRRR,2026-05-09 01:00:00+00:00,2026-05-09,1,71.41151855468755,65.0,6.411518554687547,6.411518554687547
KNYC,HRRR,2026-05-09 02:00:00+00:00,2026-05-09,1,69.59410522460942,65.0,4.594105224609422,4.594105224609422
KNYC,HRRR,2026-05-09 03:00:00+00:00,2026-05-09,1,69.47435424804692,65.0,4.474354248046922,4.474354248046922
KNYC,NBM,2026-05-08 06:00:00+00:00,2026-05-09,1,64.31001098632817,65.0,-0.6899890136718341,0.6899890136718341
KNYC,NBM,2026-05-08 12:00:00+00:00,2026-05-09,1,64.4900219726563,65.0,-0.5099780273437062,0.5099780273437062
KNYC,NBM,2026-05-08 18:00:00+00:00,2026-05-09,1,65.93000000000004,65.0,0.9300000000000352,0.9300000000000352
KNYC,GFS,2026-05-07 06:00:00+00:00,2026-05-09,2,60.7,65.0,-4.299999999999997,4.299999999999997
KNYC,GFS,2026-05-07 12:00:00+00:00,2026-05-09,2,62.7,65.0,-2.299999999999997,2.299999999999997
KNYC,GFS,2026-05-07 18:00:00+00:00,2026-05-09,2,58.9,65.0,-6.100000000000001,6.100000000000001
KNYC,GFS,2026-05-08 00:00:00+00:00,2026-05-09,2,61.6,65.0,-3.3999999999999986,3.3999999999999986
KNYC,HRRR,2026-05-07 06:00:00+00:00,2026-05-09,2,51.198212890625044,65.0,-13.801787109374956,13.801787109374956
KNYC,NBM,2026-05-07 06:00:00+00:00,2026-05-09,2,63.76997802734379,65.0,-1.2300219726562105,1.2300219726562105
KNYC,NBM,2026-05-07 12:00:00+00:00,2026-05-09,2,63.59002197265629,65.0,-1.409978027343712,1.409978027343712
KNYC,NBM,2026-05-07 18:00:00+00:00,2026-05-09,2,64.31001098632817,65.0,-0.6899890136718341,0.6899890136718341
KNYC,NBM,2026-05-08 00:00:00+00:00,2026-05-09,2,62.86997802734379,65.0,-2.130021972656209,2.130021972656209
KNYC,GFS,2026-05-06 06:00:00+00:00,2026-05-09,3,62.9,65.0,-2.1000000000000014,2.1000000000000014
KNYC,GFS,2026-05-06 12:00:00+00:00,2026-05-09,3,56.6,65.0,-8.399999999999999,8.399999999999999
KNYC,GFS,2026-05-06 18:00:00+00:00,2026-05-09,3,62.2,65.0,-2.799999999999997,2.799999999999997
KNYC,GFS,2026-05-07 00:00:00+00:00,2026-05-09,3,60.7,65.0,-4.299999999999997,4.299999999999997
KNYC,NBM,2026-05-06 12:00:00+00:00,2026-05-09,3,64.13000000000004,65.0,-0.8699999999999619,0.8699999999999619
KNYC,GFS,2026-05-05 06:00:00+00:00,2026-05-09,4,63.3,65.0,-1.7000000000000028,1.7000000000000028
KNYC,GFS,2026-05-05 18:00:00+00:00,2026-05-09,4,59.7,65.0,-5.299999999999997,5.299999999999997
KNYC,GFS,2026-05-06 00:00:00+00:00,2026-05-09,4,62.9,65.0,-2.1000000000000014,2.1000000000000014
KNYC,NBM,2026-05-06 00:00:00+00:00,2026-05-09,4,67.54998901367192,65.0,2.5499890136719188,2.5499890136719188
KNYC,GFS,2026-05-04 06:00:00+00:00,2026-05-09,5,55.5,65.0,-9.5,9.5
KNYC,GFS,2026-05-04 12:00:00+00:00,2026-05-09,5,57.0,65.0,-8.0,8.0
KNYC,GFS,2026-05-04 18:00:00+00:00,2026-05-09,5,58.0,65.0,-7.0,7.0
KNYC,GFS,2026-05-05 00:00:00+00:00,2026-05-09,5,67.0,65.0,2.0,2.0
KNYC,NBM,2026-05-04 06:00:00+00:00,2026-05-09,5,69.81641357421879,65.0,4.816413574218785,4.816413574218785
KNYC,NBM,2026-05-04 12:00:00+00:00,2026-05-09,5,69.75445068359379,65.0,4.754450683593788,4.754450683593788
KNYC,NBM,2026-05-04 18:00:00+00:00,2026-05-09,5,68.40379150390629,65.0,3.403791503906291,3.403791503906291
KNYC,NBM,2026-05-05 00:00:00+00:00,2026-05-09,5,69.48814208984379,65.0,4.488142089843791,4.488142089843791
KNYC,GFS,2026-05-03 06:00:00+00:00,2026-05-09,6,60.4,65.0,-4.600000000000001,4.600000000000001
KNYC,GFS,2026-05-03 12:00:00+00:00,2026-05-09,6,60.0,65.0,-5.0,5.0
KNYC,GFS,2026-05-03 18:00:00+00:00,2026-05-09,6,66.9,65.0,1.9000000000000057,1.9000000000000057
KNYC,GFS,2026-05-04 00:00:00+00:00,2026-05-09,6,63.1,65.0,-1.8999999999999986,1.8999999999999986
KNYC,NBM,2026-05-03 06:00:00+00:00,2026-05-09,6,66.69327514648441,65.0,1.6932751464844102,1.6932751464844102
KNYC,NBM,2026-05-03 12:00:00+00:00,2026-05-09,6,67.15838134765629,65.0,2.158381347656288,2.158381347656288
KNYC,NBM,2026-05-03 18:00:00+00:00,2026-05-09,6,67.93637817382816,65.0,2.9363781738281602,2.9363781738281602
KNYC,NBM,2026-05-04 00:00:00+00:00,2026-05-09,6,68.31507690429692,65.0,3.315076904296916,3.315076904296916
KNYC,GFS,2026-05-02 06:00:00+00:00,2026-05-09,7,71.1,65.0,6.099999999999994,6.099999999999994
KNYC,GFS,2026-05-02 12:00:00+00:00,2026-05-09,7,62.0,65.0,-3.0,3.0
KNYC,GFS,2026-05-02 18:00:00+00:00,2026-05-09,7,55.3,65.0,-9.700000000000003,9.700000000000003
KNYC,GFS,2026-05-03 00:00:00+00:00,2026-05-09,7,55.2,65.0,-9.799999999999997,9.799999999999997
KNYC,NBM,2026-05-02 06:00:00+00:00,2026-05-09,7,67.24149291992191,65.0,2.2414929199219102,2.2414929199219102
KNYC,NBM,2026-05-02 12:00:00+00:00,2026-05-09,7,66.71557739257817,65.0,1.7155773925781688,1.7155773925781688
KNYC,NBM,2026-05-02 18:00:00+00:00,2026-05-09,7,66.12995117187504,65.0,1.1299511718750352,1.1299511718750352
KNYC,NBM,2026-05-03 00:00:00+00:00,2026-05-09,7,66.42888916015629,65.0,1.428889160156288,1.428889160156288
KORD,GFS,2026-05-02 06:00:00+00:00,2026-05-09,7,55.0,75.02,-20.019999999999996,20.019999999999996
KORD,GFS,2026-05-02 12:00:00+00:00,2026-05-09,7,72.7,75.02,-2.319999999999993,2.319999999999993
KORD,GFS,2026-05-02 18:00:00+00:00,2026-05-09,7,64.2,75.02,-10.819999999999993,10.819999999999993
KORD,NBM,2026-05-02 06:00:00+00:00,2026-05-09,7,67.96148193359379,75.02,-7.058518066406208,7.058518066406208
KMDW,ECMWF,2026-05-10 18:00:00+00:00,2026-05-10,0,62.6,62.0,0.6000000000000014,0.6000000000000014
KMDW,ECMWF,2026-05-11 00:00:00+00:00,2026-05-10,0,59.1,62.0,-2.8999999999999986,2.8999999999999986
KMDW,GFS,2026-05-10 18:00:00+00:00,2026-05-10,0,62.9,62.0,0.8999999999999986,0.8999999999999986
KMDW,GFS,2026-05-11 00:00:00+00:00,2026-05-10,0,59.3,62.0,-2.700000000000003,2.700000000000003
KMDW,HRRR,2026-05-10 05:00:00+00:00,2026-05-10,0,65.23275268554691,62.0,3.232752685546913,3.232752685546913
KMDW,HRRR,2026-05-10 06:00:00+00:00,2026-05-10,0,62.84888427734379,62.0,0.8488842773437923,0.8488842773437923
KMDW,HRRR,2026-05-10 07:00:00+00:00,2026-05-10,0,60.93588989257817,62.0,-1.0641101074218327,1.0641101074218327
KMDW,HRRR,2026-05-10 08:00:00+00:00,2026-05-10,0,60.91847656250004,62.0,-1.0815234374999605,1.0815234374999605
KMDW,HRRR,2026-05-10 09:00:00+00:00,2026-05-10,0,60.941822509765665,62.0,-1.0581774902343355,1.0581774902343355
KMDW,HRRR,2026-05-10 10:00:00+00:00,2026-05-10,0,62.083302001953165,62.0,0.0833020019531645,0.0833020019531645
KMDW,HRRR,2026-05-10 11:00:00+00:00,2026-05-10,0,64.2698559570313,62.0,2.2698559570312966,2.2698559570312966
KMDW,HRRR,2026-05-10 12:00:00+00:00,2026-05-10,0,64.60675170898442,62.0,2.6067517089844188,2.6067517089844188
KMDW,HRRR,2026-05-10 13:00:00+00:00,2026-05-10,0,65.1740307617188,62.0,3.1740307617187966,3.1740307617187966
KMDW,HRRR,2026-05-10 14:00:00+00:00,2026-05-10,0,65.08311889648442,62.0,3.0831188964844216,3.0831188964844216
KMDW,HRRR,2026-05-10 15:00:00+00:00,2026-05-10,0,65.46390502929691,62.0,3.4639050292969102,3.4639050292969102
KMDW,HRRR,2026-05-10 16:00:00+00:00,2026-05-10,0,61.54304931640629,62.0,-0.4569506835937105,0.4569506835937105
KMDW,HRRR,2026-05-10 17:00:00+00:00,2026-05-10,0,62.83229492187504,62.0,0.8322949218750395,0.8322949218750395
KMDW,HRRR,2026-05-10 18:00:00+00:00,2026-05-10,0,61.422089843750044,62.0,-0.5779101562499562,0.5779101562499562
KMDW,HRRR,2026-05-10 19:00:00+00:00,2026-05-10,0,64.4284985351563,62.0,2.4284985351562938,2.4284985351562938
KMDW,HRRR,2026-05-10 20:00:00+00:00,2026-05-10,0,63.56008422851566,62.0,1.560084228515663,1.560084228515663
KMDW,HRRR,2026-05-10 21:00:00+00:00,2026-05-10,0,61.767774658203166,62.0,-0.23222534179683407,0.23222534179683407
KMDW,HRRR,2026-05-10 22:00:00+00:00,2026-05-10,0,61.77002685546879,62.0,-0.22997314453120765,0.22997314453120765
KMDW,HRRR,2026-05-10 23:00:00+00:00,2026-05-10,0,59.50887573242191,62.0,-2.491124267578087,2.491124267578087
KMDW,HRRR,2026-05-11 00:00:00+00:00,2026-05-10,0,56.827607421875044,62.0,-5.172392578124956,5.172392578124956
KMDW,HRRR,2026-05-11 01:00:00+00:00,2026-05-10,0,54.34442260742192,62.0,-7.655577392578081,7.655577392578081
KMDW,HRRR,2026-05-11 02:00:00+00:00,2026-05-10,0,52.390394287109416,62.0,-9.609605712890584,9.609605712890584
KMDW,HRRR,2026-05-11 03:00:00+00:00,2026-05-10,0,52.51756103515629,62.0,-9.482438964843709,9.482438964843709
KMDW,NBM,2026-05-10 06:00:00+00:00,2026-05-10,0,64.66997802734379,62.0,2.669978027343788,2.669978027343788
KMDW,NBM,2026-05-10 12:00:00+00:00,2026-05-10,0,64.84998901367192,62.0,2.849989013671916,2.849989013671916
KMDW,HRRR,2026-05-09 06:00:00+00:00,2026-05-10,1,62.097364501953166,62.0,0.09736450195316593,0.09736450195316593
KMDW,HRRR,2026-05-09 18:00:00+00:00,2026-05-10,1,64.99956787109379,62.0,2.999567871093788,2.999567871093788
KMDW,HRRR,2026-05-09 19:00:00+00:00,2026-05-10,1,50.534803466796916,62.0,-11.465196533203084,11.465196533203084
KMDW,HRRR,2026-05-09 20:00:00+00:00,2026-05-10,1,53.59812133789067,62.0,-8.401878662109333,8.401878662109333
KMDW,HRRR,2026-05-09 21:00:00+00:00,2026-05-10,1,56.204298095703166,62.0,-5.795701904296834,5.795701904296834
KMDW,HRRR,2026-05-09 22:00:00+00:00,2026-05-10,1,58.642548828125044,62.0,-3.3574511718749562,3.3574511718749562
KMDW,HRRR,2026-05-09 23:00:00+00:00,2026-05-10,1,62.842786865234416,62.0,0.8427868652344159,0.8427868652344159
KMDW,HRRR,2026-05-10 00:00:00+00:00,2026-05-10,1,64.96287353515629,62.0,2.962873535156291,2.962873535156291
KMDW,HRRR,2026-05-10 01:00:00+00:00,2026-05-10,1,64.6317456054688,62.0,2.6317456054687938,2.6317456054687938
KMDW,HRRR,2026-05-10 02:00:00+00:00,2026-05-10,1,65.59162109375004,62.0,3.5916210937500352,3.5916210937500352
KMDW,HRRR,2026-05-10 03:00:00+00:00,2026-05-10,1,65.37700317382817,62.0,3.3770031738281716,3.3770031738281716
KMDW,HRRR,2026-05-10 04:00:00+00:00,2026-05-10,1,65.18446777343755,62.0,3.1844677734375466,3.1844677734375466
KMDW,NBM,2026-05-09 12:00:00+00:00,2026-05-10,1,63.94998901367192,62.0,1.9499890136719173,1.9499890136719173
KMDW,NBM,2026-05-09 18:00:00+00:00,2026-05-10,1,64.4900219726563,62.0,2.4900219726562938,2.4900219726562938
KMDW,NBM,2026-05-10 00:00:00+00:00,2026-05-10,1,64.66997802734379,62.0,2.669978027343788,2.669978027343788
KMDW,GFS,2026-05-08 06:00:00+00:00,2026-05-10,2,63.7,62.0,1.7000000000000028,1.7000000000000028
KMDW,GFS,2026-05-08 12:00:00+00:00,2026-05-10,2,64.2,62.0,2.200000000000003,2.200000000000003
KMDW,GFS,2026-05-08 18:00:00+00:00,2026-05-10,2,64.2,62.0,2.200000000000003,2.200000000000003
KMDW,GFS,2026-05-09 00:00:00+00:00,2026-05-10,2,63.3,62.0,1.2999999999999972,1.2999999999999972
KMDW,HRRR,2026-05-08 18:00:00+00:00,2026-05-10,2,55.640150146484416,62.0,-6.359849853515584,6.359849853515584
KMDW,HRRR,2026-05-09 00:00:00+00:00,2026-05-10,2,61.641267089843794,62.0,-0.35873291015620623,0.35873291015620623
KMDW,NBM,2026-05-08 06:00:00+00:00,2026-05-10,2,61.79002197265629,62.0,-0.20997802734370907,0.20997802734370907
KMDW,NBM,2026-05-08 12:00:00+00:00,2026-05-10,2,61.79002197265629,62.0,-0.20997802734370907,0.20997802734370907
KMDW,NBM,2026-05-08 18:00:00+00:00,2026-05-10,2,62.69002197265629,62.0,0.6900219726562895,0.6900219726562895
KMDW,GFS,2026-05-07 06:00:00+00:00,2026-05-10,3,62.3,62.0,0.29999999999999716,0.29999999999999716
KMDW,GFS,2026-05-07 12:00:00+00:00,2026-05-10,3,63.2,62.0,1.2000000000000028,1.2000000000000028
KMDW,GFS,2026-05-07 18:00:00+00:00,2026-05-10,3,65.0,62.0,3.0,3.0
KMDW,GFS,2026-05-08 00:00:00+00:00,2026-05-10,3,65.1,62.0,3.0999999999999943,3.0999999999999943
KMDW,NBM,2026-05-07 06:00:00+00:00,2026-05-10,3,63.23000000000004,62.0,1.2300000000000395,1.2300000000000395
KMDW,NBM,2026-05-07 12:00:00+00:00,2026-05-10,3,62.86997802734379,62.0,0.8699780273437909,0.8699780273437909
KMDW,NBM,2026-05-07 18:00:00+00:00,2026-05-10,3,62.86997802734379,62.0,0.8699780273437909,0.8699780273437909
KMDW,NBM,2026-05-08 00:00:00+00:00,2026-05-10,3,63.04998901367192,62.0,1.0499890136719188,1.0499890136719188
KMDW,GFS,2026-05-06 06:00:00+00:00,2026-05-10,4,60.0,62.0,-2.0,2.0
KMDW,GFS,2026-05-06 12:00:00+00:00,2026-05-10,4,59.9,62.0,-2.1000000000000014,2.1000000000000014
KMDW,GFS,2026-05-06 18:00:00+00:00,2026-05-10,4,56.1,62.0,-5.899999999999999,5.899999999999999
KMDW,GFS,2026-05-07 00:00:00+00:00,2026-05-10,4,62.3,62.0,0.29999999999999716,0.29999999999999716
KMDW,NBM,2026-05-06 06:00:00+00:00,2026-05-10,4,62.51001098632817,62.0,0.5100109863281688,0.5100109863281688
KMDW,NBM,2026-05-06 12:00:00+00:00,2026-05-10,4,62.14998901367191,62.0,0.14998901367191309,0.14998901367191309
KMDW,GFS,2026-05-05 06:00:00+00:00,2026-05-10,5,59.7,62.0,-2.299999999999997,2.299999999999997
KMDW,GFS,2026-05-05 18:00:00+00:00,2026-05-10,5,58.8,62.0,-3.200000000000003,3.200000000000003
KMDW,GFS,2026-05-06 00:00:00+00:00,2026-05-10,5,60.0,62.0,-2.0,2.0
KMDW,NBM,2026-05-05 06:00:00+00:00,2026-05-10,5,62.86997802734379,62.0,0.8699780273437909,0.8699780273437909
KMDW,GFS,2026-05-04 06:00:00+00:00,2026-05-10,6,67.8,62.0,5.799999999999997,5.799999999999997
KMDW,GFS,2026-05-04 12:00:00+00:00,2026-05-10,6,58.9,62.0,-3.1000000000000014,3.1000000000000014
KMDW,GFS,2026-05-04 18:00:00+00:00,2026-05-10,6,62.0,62.0,0.0,0.0
KMDW,GFS,2026-05-05 00:00:00+00:00,2026-05-10,6,61.7,62.0,-0.29999999999999716,0.29999999999999716
KMDW,NBM,2026-05-04 06:00:00+00:00,2026-05-10,6,67.39288452148442,62.0,5.392884521484419,5.392884521484419
KMDW,NBM,2026-05-04 12:00:00+00:00,2026-05-10,6,65.38112304687505,62.0,3.3811230468750466,3.3811230468750466
KMDW,NBM,2026-05-04 18:00:00+00:00,2026-05-10,6,65.32256591796879,62.0,3.322565917968788,3.322565917968788
KMDW,NBM,2026-05-05 00:00:00+00:00,2026-05-10,6,65.19007080078129,62.0,3.1900708007812852,3.1900708007812852
KMDW,GFS,2026-05-03 06:00:00+00:00,2026-05-10,7,58.7,62.0,-3.299999999999997,3.299999999999997
KMDW,GFS,2026-05-03 12:00:00+00:00,2026-05-10,7,70.5,62.0,8.5,8.5
KMDW,GFS,2026-05-03 18:00:00+00:00,2026-05-10,7,67.8,62.0,5.799999999999997,5.799999999999997
KMDW,GFS,2026-05-04 00:00:00+00:00,2026-05-10,7,57.3,62.0,-4.700000000000003,4.700000000000003
KMDW,NBM,2026-05-03 06:00:00+00:00,2026-05-10,7,69.12905395507816,62.0,7.129053955078163,7.129053955078163
KMDW,NBM,2026-05-03 12:00:00+00:00,2026-05-10,7,69.25050781250005,62.0,7.250507812500047,7.250507812500047
KMDW,NBM,2026-05-03 18:00:00+00:00,2026-05-10,7,68.90564697265629,62.0,6.905646972656285,6.905646972656285
KMDW,NBM,2026-05-04 00:00:00+00:00,2026-05-10,7,68.96826904296879,62.0,6.968269042968785,6.968269042968785
KMIA,ECMWF,2026-05-10 18:00:00+00:00,2026-05-10,0,87.6,91.0,-3.4000000000000057,3.4000000000000057
KMIA,ECMWF,2026-05-11 00:00:00+00:00,2026-05-10,0,83.1,91.0,-7.900000000000006,7.900000000000006
KMIA,GFS,2026-05-10 18:00:00+00:00,2026-05-10,0,89.4,91.0,-1.5999999999999943,1.5999999999999943
KMIA,GFS,2026-05-11 00:00:00+00:00,2026-05-10,0,83.2,91.0,-7.799999999999997,7.799999999999997
KMIA,HRRR,2026-05-10 04:00:00+00:00,2026-05-10,0,89.3257153320313,91.0,-1.6742846679687062,1.6742846679687062
KMIA,HRRR,2026-05-10 05:00:00+00:00,2026-05-10,0,89.24095581054692,91.0,-1.7590441894530784,1.7590441894530784
KMIA,HRRR,2026-05-10 06:00:00+00:00,2026-05-10,0,89.21596191406255,91.0,-1.7840380859374534,1.7840380859374534
KMIA,HRRR,2026-05-10 07:00:00+00:00,2026-05-10,0,89.49045532226566,91.0,-1.5095446777343398,1.5095446777343398
KMIA,HRRR,2026-05-10 08:00:00+00:00,2026-05-10,0,88.70328491210941,91.0,-2.2967150878905898,2.2967150878905898
KMIA,HRRR,2026-05-10 09:00:00+00:00,2026-05-10,0,84.15467041015629,91.0,-6.845329589843715,6.845329589843715
KMIA,HRRR,2026-05-10 10:00:00+00:00,2026-05-10,0,89.09659545898441,91.0,-1.9034045410155898,1.9034045410155898
KMIA,HRRR,2026-05-10 11:00:00+00:00,2026-05-10,0,88.79705322265629,91.0,-2.202946777343712,2.202946777343712
KMIA,HRRR,2026-05-10 12:00:00+00:00,2026-05-10,0,89.18091552734379,91.0,-1.8190844726562148,1.8190844726562148
KMIA,HRRR,2026-05-10 13:00:00+00:00,2026-05-10,0,88.82479370117191,91.0,-2.175206298828087,2.175206298828087
KMIA,HRRR,2026-05-10 14:00:00+00:00,2026-05-10,0,89.38635986328129,91.0,-1.6136401367187148,1.6136401367187148
KMIA,HRRR,2026-05-10 15:00:00+00:00,2026-05-10,0,89.6120190429688,91.0,-1.3879809570312034,1.3879809570312034
KMIA,HRRR,2026-05-10 16:00:00+00:00,2026-05-10,0,89.58197143554692,91.0,-1.4180285644530812,1.4180285644530812
KMIA,HRRR,2026-05-10 17:00:00+00:00,2026-05-10,0,89.29467895507817,91.0,-1.7053210449218312,1.7053210449218312
KMIA,HRRR,2026-05-10 18:00:00+00:00,2026-05-10,0,88.37391479492192,91.0,-2.626085205078084,2.626085205078084
KMIA,HRRR,2026-05-10 19:00:00+00:00,2026-05-10,0,88.0534985351563,91.0,-2.9465014648437062,2.9465014648437062
KMIA,HRRR,2026-05-10 20:00:00+00:00,2026-05-10,0,87.63508422851567,91.0,-3.364915771484334,3.364915771484334
KMIA,HRRR,2026-05-10 21:00:00+00:00,2026-05-10,0,86.74277465820316,91.0,-4.25722534179684,4.25722534179684
KMIA,HRRR,2026-05-10 22:00:00+00:00,2026-05-10,0,84.83252685546879,91.0,-6.167473144531215,6.167473144531215
KMIA,HRRR,2026-05-10 23:00:00+00:00,2026-05-10,0,83.24637573242191,91.0,-7.75362426757809,7.75362426757809
KMIA,HRRR,2026-05-11 00:00:00+00:00,2026-05-10,0,82.47760742187504,91.0,-8.522392578124965,8.522392578124965
KMIA,HRRR,2026-05-11 01:00:00+00:00,2026-05-10,0,81.90692260742192,91.0,-9.093077392578081,9.093077392578081
KMIA,HRRR,2026-05-11 02:00:00+00:00,2026-05-10,0,82.09039428710942,91.0,-8.909605712890581,8.909605712890581
KMIA,NBM,2026-05-10 06:00:00+00:00,2026-05-10,0,91.13000000000004,91.0,0.13000000000003809,0.13000000000003809
KMIA,NBM,2026-05-10 12:00:00+00:00,2026-05-10,0,91.4900219726563,91.0,0.49002197265629377,0.49002197265629377
KMIA,HRRR,2026-05-09 06:00:00+00:00,2026-05-10,1,86.08859375000004,91.0,-4.911406249999956,4.911406249999956
KMIA,HRRR,2026-05-09 18:00:00+00:00,2026-05-10,1,88.23817871093755,91.0,-2.7618212890624534,2.7618212890624534
KMIA,HRRR,2026-05-09 19:00:00+00:00,2026-05-10,1,83.32553222656254,91.0,-7.674467773437456,7.674467773437456
KMIA,HRRR,2026-05-09 20:00:00+00:00,2026-05-10,1,84.42312133789066,91.0,-6.576878662109337,6.576878662109337
KMIA,HRRR,2026-05-09 21:00:00+00:00,2026-05-10,1,86.91679809570317,91.0,-4.083201904296828,4.083201904296828
KMIA,HRRR,2026-05-09 22:00:00+00:00,2026-05-10,1,88.00504882812504,91.0,-2.994951171874959,2.994951171874959
KMIA,HRRR,2026-05-09 23:00:00+00:00,2026-05-10,1,88.60528686523442,91.0,-2.3947131347655812,2.3947131347655812
KMIA,HRRR,2026-05-10 00:00:00+00:00,2026-05-10,1,88.94685180664067,91.0,-2.053148193359334,2.053148193359334
KMIA,HRRR,2026-05-10 01:00:00+00:00,2026-05-10,1,88.7561840820313,91.0,-2.2438159179687034,2.2438159179687034
KMIA,HRRR,2026-05-10 02:00:00+00:00,2026-05-10,1,89.1242260742188,91.0,-1.8757739257812034,1.8757739257812034
KMIA,HRRR,2026-05-10 03:00:00+00:00,2026-05-10,1,89.07599609375004,91.0,-1.9240039062499648,1.9240039062499648
KMIA,NBM,2026-05-09 12:00:00+00:00,2026-05-10,1,90.59002197265629,91.0,-0.4099780273437119,0.4099780273437119
KMIA,NBM,2026-05-09 18:00:00+00:00,2026-05-10,1,91.13000000000004,91.0,0.13000000000003809,0.13000000000003809
KMIA,NBM,2026-05-10 00:00:00+00:00,2026-05-10,1,90.59002197265629,91.0,-0.4099780273437119,0.4099780273437119
KMIA,GFS,2026-05-08 06:00:00+00:00,2026-05-10,2,89.9,91.0,-1.0999999999999943,1.0999999999999943
KMIA,GFS,2026-05-08 12:00:00+00:00,2026-05-10,2,89.2,91.0,-1.7999999999999972,1.7999999999999972
KMIA,GFS,2026-05-08 18:00:00+00:00,2026-05-10,2,89.2,91.0,-1.7999999999999972,1.7999999999999972
KMIA,GFS,2026-05-09 00:00:00+00:00,2026-05-10,2,89.0,91.0,-2.0,2.0
KMIA,HRRR,2026-05-08 18:00:00+00:00,2026-05-10,2,78.25418823242191,91.0,-12.74581176757809,12.74581176757809
KMIA,HRRR,2026-05-09 00:00:00+00:00,2026-05-10,2,85.05011108398442,91.0,-5.949888916015581,5.949888916015581
KMIA,NBM,2026-05-08 06:00:00+00:00,2026-05-10,2,91.13000000000004,91.0,0.13000000000003809,0.13000000000003809
KMIA,NBM,2026-05-08 12:00:00+00:00,2026-05-10,2,91.13000000000004,91.0,0.13000000000003809,0.13000000000003809
KMIA,NBM,2026-05-08 18:00:00+00:00,2026-05-10,2,90.94998901367191,91.0,-0.05001098632808976,0.05001098632808976
KMIA,NBM,2026-05-09 00:00:00+00:00,2026-05-10,2,90.59002197265629,91.0,-0.4099780273437119,0.4099780273437119
KMIA,GFS,2026-05-07 06:00:00+00:00,2026-05-10,3,88.3,91.0,-2.700000000000003,2.700000000000003
KMIA,GFS,2026-05-07 12:00:00+00:00,2026-05-10,3,89.4,91.0,-1.5999999999999943,1.5999999999999943
KMIA,GFS,2026-05-07 18:00:00+00:00,2026-05-10,3,89.8,91.0,-1.2000000000000028,1.2000000000000028
KMIA,GFS,2026-05-08 00:00:00+00:00,2026-05-10,3,89.6,91.0,-1.4000000000000057,1.4000000000000057
KMIA,NBM,2026-05-07 06:00:00+00:00,2026-05-10,3,90.59002197265629,91.0,-0.4099780273437119,0.4099780273437119
KMIA,NBM,2026-05-07 12:00:00+00:00,2026-05-10,3,90.59002197265629,91.0,-0.4099780273437119,0.4099780273437119
KMIA,NBM,2026-05-07 18:00:00+00:00,2026-05-10,3,91.31001098632817,91.0,0.3100109863281659,0.3100109863281659
KMIA,NBM,2026-05-08 00:00:00+00:00,2026-05-10,3,91.4900219726563,91.0,0.49002197265629377,0.49002197265629377
KMIA,GFS,2026-05-06 06:00:00+00:00,2026-05-10,4,88.4,91.0,-2.5999999999999943,2.5999999999999943
KMIA,GFS,2026-05-06 12:00:00+00:00,2026-05-10,4,88.9,91.0,-2.0999999999999943,2.0999999999999943
KMIA,GFS,2026-05-06 18:00:00+00:00,2026-05-10,4,88.0,91.0,-3.0,3.0
KMIA,GFS,2026-05-07 00:00:00+00:00,2026-05-10,4,88.3,91.0,-2.700000000000003,2.700000000000003
KMIA,NBM,2026-05-06 06:00:00+00:00,2026-05-10,4,90.04998901367192,91.0,-0.9500109863280812,0.9500109863280812
KMIA,NBM,2026-05-06 12:00:00+00:00,2026-05-10,4,90.04998901367192,91.0,-0.9500109863280812,0.9500109863280812
KMIA,GFS,2026-05-05 06:00:00+00:00,2026-05-10,5,88.5,91.0,-2.5,2.5
KMIA,GFS,2026-05-05 18:00:00+00:00,2026-05-10,5,88.8,91.0,-2.200000000000003,2.200000000000003
KMIA,GFS,2026-05-06 00:00:00+00:00,2026-05-10,5,88.4,91.0,-2.5999999999999943,2.5999999999999943
KMIA,NBM,2026-05-05 06:00:00+00:00,2026-05-10,5,90.04998901367192,91.0,-0.9500109863280812,0.9500109863280812
KMIA,GFS,2026-05-04 06:00:00+00:00,2026-05-10,6,89.2,91.0,-1.7999999999999972,1.7999999999999972
KMIA,GFS,2026-05-04 12:00:00+00:00,2026-05-10,6,89.3,91.0,-1.7000000000000028,1.7000000000000028
KMIA,GFS,2026-05-04 18:00:00+00:00,2026-05-10,6,88.4,91.0,-2.5999999999999943,2.5999999999999943
KMIA,GFS,2026-05-05 00:00:00+00:00,2026-05-10,6,88.7,91.0,-2.299999999999997,2.299999999999997
KMIA,NBM,2026-05-04 06:00:00+00:00,2026-05-10,6,90.43291748046879,91.0,-0.5670825195312119,0.5670825195312119
KMIA,NBM,2026-05-04 12:00:00+00:00,2026-05-10,6,89.86113403320317,91.0,-1.1388659667968284,1.1388659667968284
KMIA,NBM,2026-05-04 18:00:00+00:00,2026-05-10,6,89.8025219726563,91.0,-1.1974780273437062,1.1974780273437062
KMIA,NBM,2026-05-05 00:00:00+00:00,2026-05-10,6,89.67002685546879,91.0,-1.329973144531209,1.329973144531209
KMIA,GFS,2026-05-03 06:00:00+00:00,2026-05-10,7,89.7,91.0,-1.2999999999999972,1.2999999999999972
KMIA,GFS,2026-05-03 12:00:00+00:00,2026-05-10,7,88.5,91.0,-2.5,2.5
KMIA,GFS,2026-05-03 18:00:00+00:00,2026-05-10,7,88.1,91.0,-2.9000000000000057,2.9000000000000057
KMIA,GFS,2026-05-04 00:00:00+00:00,2026-05-10,7,88.9,91.0,-2.0999999999999943,2.0999999999999943
KMIA,NBM,2026-05-03 06:00:00+00:00,2026-05-10,7,89.2890209960938,91.0,-1.7109790039062034,1.7109790039062034
KMIA,NBM,2026-05-03 12:00:00+00:00,2026-05-10,7,89.41052978515629,91.0,-1.5894702148437148,1.5894702148437148
KMIA,NBM,2026-05-03 18:00:00+00:00,2026-05-10,7,89.06561401367192,91.0,-1.9343859863280812,1.9343859863280812
KMIA,NBM,2026-05-04 00:00:00+00:00,2026-05-10,7,89.12823608398442,91.0,-1.8717639160155812,1.8717639160155812
KNYC,ECMWF,2026-05-10 18:00:00+00:00,2026-05-10,0,76.1,73.0,3.0999999999999943,3.0999999999999943
KNYC,ECMWF,2026-05-11 00:00:00+00:00,2026-05-10,0,66.6,73.0,-6.400000000000006,6.400000000000006
KNYC,GFS,2026-05-10 18:00:00+00:00,2026-05-10,0,74.4,73.0,1.4000000000000057,1.4000000000000057
KNYC,GFS,2026-05-11 00:00:00+00:00,2026-05-10,0,62.5,73.0,-10.5,10.5
KNYC,HRRR,2026-05-10 04:00:00+00:00,2026-05-10,0,75.30946777343755,73.0,2.3094677734375466,2.3094677734375466
KNYC,HRRR,2026-05-10 05:00:00+00:00,2026-05-10,0,75.99671752929692,73.0,2.996717529296916,2.996717529296916
KNYC,HRRR,2026-05-10 06:00:00+00:00,2026-05-10,0,76.09482543945316,73.0,3.0948254394531602,3.0948254394531602
KNYC,HRRR,2026-05-10 07:00:00+00:00,2026-05-10,0,75.44838989257816,73.0,2.448389892578163,2.448389892578163
KNYC,HRRR,2026-05-10 08:00:00+00:00,2026-05-10,0,75.88097656250004,73.0,2.880976562500038,2.880976562500038
KNYC,HRRR,2026-05-10 09:00:00+00:00,2026-05-10,0,75.49217041015629,73.0,2.492170410156291,2.492170410156291
KNYC,HRRR,2026-05-10 10:00:00+00:00,2026-05-10,0,73.33330200195317,73.0,0.3333020019531716,0.3333020019531716
KNYC,HRRR,2026-05-10 11:00:00+00:00,2026-05-10,0,71.13751953125004,73.0,-1.8624804687499648,1.8624804687499648
KNYC,HRRR,2026-05-10 12:00:00+00:00,2026-05-10,0,71.41953857421879,73.0,-1.580461425781209,1.580461425781209
KNYC,HRRR,2026-05-10 13:00:00+00:00,2026-05-10,0,72.14903076171879,73.0,-0.8509692382812091,0.8509692382812091
KNYC,HRRR,2026-05-10 14:00:00+00:00,2026-05-10,0,72.26043212890629,73.0,-0.7395678710937119,0.7395678710937119
KNYC,HRRR,2026-05-10 15:00:00+00:00,2026-05-10,0,73.29413574218754,73.0,0.29413574218753524,0.29413574218753524
KNYC,HRRR,2026-05-10 16:00:00+00:00,2026-05-10,0,73.89552734375005,73.0,0.8955273437500466,0.8955273437500466
KNYC,HRRR,2026-05-10 17:00:00+00:00,2026-05-10,0,74.53229492187504,73.0,1.5322949218750352,1.5322949218750352
KNYC,HRRR,2026-05-10 18:00:00+00:00,2026-05-10,0,72.89708984375004,73.0,-0.10291015624996191,0.10291015624996191
KNYC,HRRR,2026-05-10 19:00:00+00:00,2026-05-10,0,73.96721313476567,73.0,0.9672131347656716,0.9672131347656716
KNYC,HRRR,2026-05-10 20:00:00+00:00,2026-05-10,0,72.44758422851567,73.0,-0.5524157714843341,0.5524157714843341
KNYC,HRRR,2026-05-10 21:00:00+00:00,2026-05-10,0,70.31777465820316,73.0,-2.682225341796837,2.682225341796837
KNYC,HRRR,2026-05-10 22:00:00+00:00,2026-05-10,0,65.14502685546879,73.0,-7.854973144531215,7.854973144531215
KNYC,HRRR,2026-05-10 23:00:00+00:00,2026-05-10,0,64.00887573242191,73.0,-8.991124267578087,8.991124267578087
KNYC,HRRR,2026-05-11 00:00:00+00:00,2026-05-10,0,61.890107421875044,73.0,-11.109892578124956,11.109892578124956
KNYC,HRRR,2026-05-11 01:00:00+00:00,2026-05-10,0,62.969678955078166,73.0,-10.030321044921834,10.030321044921834
KNYC,HRRR,2026-05-11 02:00:00+00:00,2026-05-10,0,63.19039428710941,73.0,-9.809605712890587,9.809605712890587
KNYC,NBM,2026-05-10 06:00:00+00:00,2026-05-10,0,76.91001098632816,73.0,3.9100109863281602,3.9100109863281602
KNYC,NBM,2026-05-10 12:00:00+00:00,2026-05-10,0,76.54998901367192,73.0,3.5499890136719188,3.5499890136719188
KNYC,HRRR,2026-05-09 06:00:00+00:00,2026-05-10,1,78.04314086914067,73.0,5.043140869140672,5.043140869140672
KNYC,HRRR,2026-05-09 18:00:00+00:00,2026-05-10,1,71.02567871093754,73.0,-1.974321289062459,1.974321289062459
KNYC,HRRR,2026-05-09 19:00:00+00:00,2026-05-10,1,53.23480346679692,73.0,-19.76519653320308,19.76519653320308
KNYC,HRRR,2026-05-09 20:00:00+00:00,2026-05-10,1,56.07312133789067,73.0,-16.92687866210933,16.92687866210933
KNYC,HRRR,2026-05-09 21:00:00+00:00,2026-05-10,1,59.24179809570317,73.0,-13.758201904296833,13.758201904296833
KNYC,HRRR,2026-05-09 22:00:00+00:00,2026-05-10,1,65.84254882812505,73.0,-7.157451171874953,7.157451171874953
KNYC,HRRR,2026-05-09 23:00:00+00:00,2026-05-10,1,67.90528686523442,73.0,-5.094713134765584,5.094713134765584
KNYC,HRRR,2026-05-10 00:00:00+00:00,2026-05-10,1,72.82738159179692,73.0,-0.1726184082030784,0.1726184082030784
KNYC,HRRR,2026-05-10 01:00:00+00:00,2026-05-10,1,72.9567456054688,73.0,-0.04325439453120339,0.04325439453120339
KNYC,HRRR,2026-05-10 02:00:00+00:00,2026-05-10,1,73.12939575195317,73.0,0.12939575195316877,0.12939575195316877
KNYC,HRRR,2026-05-10 03:00:00+00:00,2026-05-10,1,75.77869384765629,73.0,2.7786938476562852,2.7786938476562852
KNYC,NBM,2026-05-09 12:00:00+00:00,2026-05-10,1,76.73000000000005,73.0,3.7300000000000466,3.7300000000000466
KNYC,NBM,2026-05-09 18:00:00+00:00,2026-05-10,1,77.44998901367191,73.0,4.44998901367191,4.44998901367191
KNYC,NBM,2026-05-10 00:00:00+00:00,2026-05-10,1,77.2699780273438,73.0,4.269978027343797,4.269978027343797
KNYC,GFS,2026-05-08 06:00:00+00:00,2026-05-10,2,77.7,73.0,4.700000000000003,4.700000000000003
KNYC,GFS,2026-05-08 12:00:00+00:00,2026-05-10,2,77.3,73.0,4.299999999999997,4.299999999999997
KNYC,GFS,2026-05-08 18:00:00+00:00,2026-05-10,2,77.3,73.0,4.299999999999997,4.299999999999997
KNYC,GFS,2026-05-09 00:00:00+00:00,2026-05-10,2,75.9,73.0,2.9000000000000057,2.9000000000000057
KNYC,HRRR,2026-05-08 18:00:00+00:00,2026-05-10,2,53.65958984375004,73.0,-19.34041015624996,19.34041015624996
KNYC,HRRR,2026-05-09 00:00:00+00:00,2026-05-10,2,74.4662670898438,73.0,1.4662670898437966,1.4662670898437966
KNYC,NBM,2026-05-08 06:00:00+00:00,2026-05-10,2,76.73000000000005,73.0,3.7300000000000466,3.7300000000000466
KNYC,NBM,2026-05-08 12:00:00+00:00,2026-05-10,2,76.54998901367192,73.0,3.5499890136719188,3.5499890136719188
KNYC,NBM,2026-05-08 18:00:00+00:00,2026-05-10,2,76.54998901367192,73.0,3.5499890136719188,3.5499890136719188
KNYC,GFS,2026-05-07 06:00:00+00:00,2026-05-10,3,75.9,73.0,2.9000000000000057,2.9000000000000057
KNYC,GFS,2026-05-07 12:00:00+00:00,2026-05-10,3,77.7,73.0,4.700000000000003,4.700000000000003
KNYC,GFS,2026-05-07 18:00:00+00:00,2026-05-10,3,74.1,73.0,1.0999999999999943,1.0999999999999943
KNYC,GFS,2026-05-08 00:00:00+00:00,2026-05-10,3,73.5,73.0,0.5,0.5
KNYC,NBM,2026-05-07 06:00:00+00:00,2026-05-10,3,75.64998901367191,73.0,2.649989013671913,2.649989013671913
KNYC,NBM,2026-05-07 12:00:00+00:00,2026-05-10,3,75.64998901367191,73.0,2.649989013671913,2.649989013671913
KNYC,NBM,2026-05-07 18:00:00+00:00,2026-05-10,3,75.83000000000004,73.0,2.830000000000041,2.830000000000041
KNYC,NBM,2026-05-08 00:00:00+00:00,2026-05-10,3,75.83000000000004,73.0,2.830000000000041,2.830000000000041
KNYC,GFS,2026-05-06 06:00:00+00:00,2026-05-10,4,70.3,73.0,-2.700000000000003,2.700000000000003
KNYC,GFS,2026-05-06 12:00:00+00:00,2026-05-10,4,71.4,73.0,-1.5999999999999943,1.5999999999999943
KNYC,GFS,2026-05-06 18:00:00+00:00,2026-05-10,4,74.1,73.0,1.0999999999999943,1.0999999999999943
KNYC,GFS,2026-05-07 00:00:00+00:00,2026-05-10,4,75.9,73.0,2.9000000000000057,2.9000000000000057
KNYC,NBM,2026-05-06 06:00:00+00:00,2026-05-10,4,74.5699780273438,73.0,1.5699780273437938,1.5699780273437938
KNYC,NBM,2026-05-06 12:00:00+00:00,2026-05-10,4,75.46997802734379,73.0,2.4699780273437852,2.4699780273437852
KNYC,GFS,2026-05-05 06:00:00+00:00,2026-05-10,5,73.6,73.0,0.5999999999999943,0.5999999999999943
KNYC,GFS,2026-05-05 18:00:00+00:00,2026-05-10,5,72.1,73.0,-0.9000000000000057,0.9000000000000057
KNYC,GFS,2026-05-06 00:00:00+00:00,2026-05-10,5,70.3,73.0,-2.700000000000003,2.700000000000003
KNYC,GFS,2026-05-04 06:00:00+00:00,2026-05-10,6,71.8,73.0,-1.2000000000000028,1.2000000000000028
KNYC,GFS,2026-05-04 12:00:00+00:00,2026-05-10,6,69.4,73.0,-3.5999999999999943,3.5999999999999943
KNYC,GFS,2026-05-04 18:00:00+00:00,2026-05-10,6,73.5,73.0,0.5,0.5
KNYC,GFS,2026-05-05 00:00:00+00:00,2026-05-10,6,73.7,73.0,0.7000000000000028,0.7000000000000028
KNYC,NBM,2026-05-04 06:00:00+00:00,2026-05-10,6,73.15290649414067,73.0,0.15290649414066593,0.15290649414066593
KNYC,NBM,2026-05-04 12:00:00+00:00,2026-05-10,6,74.74114501953129,73.0,1.741145019531288,1.741145019531288
KNYC,NBM,2026-05-04 18:00:00+00:00,2026-05-10,6,75.40252197265629,73.0,2.402521972656288,2.402521972656288
KNYC,NBM,2026-05-05 00:00:00+00:00,2026-05-10,6,75.9900708007813,73.0,2.9900708007812966,2.9900708007812966
KNYC,GFS,2026-05-03 06:00:00+00:00,2026-05-10,7,72.6,73.0,-0.4000000000000057,0.4000000000000057
KNYC,GFS,2026-05-03 12:00:00+00:00,2026-05-10,7,69.4,73.0,-3.5999999999999943,3.5999999999999943
KNYC,GFS,2026-05-03 18:00:00+00:00,2026-05-10,7,62.5,73.0,-10.5,10.5
KNYC,GFS,2026-05-04 00:00:00+00:00,2026-05-10,7,70.6,73.0,-2.4000000000000057,2.4000000000000057
KNYC,NBM,2026-05-03 06:00:00+00:00,2026-05-10,7,69.84904296875004,73.0,-3.150957031249959,3.150957031249959
KNYC,NBM,2026-05-03 12:00:00+00:00,2026-05-10,7,69.25050781250005,73.0,-3.7494921874999534,3.7494921874999534
KNYC,NBM,2026-05-03 18:00:00+00:00,2026-05-10,7,71.7856030273438,73.0,-1.2143969726562034,1.2143969726562034
KNYC,NBM,2026-05-04 00:00:00+00:00,2026-05-10,7,71.8482250976563,73.0,-1.1517749023437034,1.1517749023437034
KMDW,ECMWF,2026-05-11 06:00:00+00:00,2026-05-11,0,55.9,56.0,-0.10000000000000142,0.10000000000000142
KMDW,ECMWF,2026-05-11 12:00:00+00:00,2026-05-11,0,56.0,56.0,0.0,0.0
KMDW,ECMWF,2026-05-11 18:00:00+00:00,2026-05-11,0,55.7,56.0,-0.29999999999999716,0.29999999999999716
KMDW,ECMWF,2026-05-12 00:00:00+00:00,2026-05-11,0,50.9,56.0,-5.100000000000001,5.100000000000001
KMDW,GFS,2026-05-11 06:00:00+00:00,2026-05-11,0,57.4,56.0,1.3999999999999986,1.3999999999999986
KMDW,GFS,2026-05-11 12:00:00+00:00,2026-05-11,0,57.5,56.0,1.5,1.5
KMDW,GFS,2026-05-11 18:00:00+00:00,2026-05-11,0,56.1,56.0,0.10000000000000142,0.10000000000000142
KMDW,GFS,2026-05-12 00:00:00+00:00,2026-05-11,0,49.5,56.0,-6.5,6.5
KMDW,HRRR,2026-05-11 05:00:00+00:00,2026-05-11,0,57.71024902343754,56.0,1.710249023437541,1.710249023437541
KMDW,HRRR,2026-05-11 06:00:00+00:00,2026-05-11,0,57.03876464843754,56.0,1.0387646484375423,1.0387646484375423
KMDW,HRRR,2026-05-11 07:00:00+00:00,2026-05-11,0,57.122041015625044,56.0,1.1220410156250438,1.1220410156250438
KMDW,HRRR,2026-05-11 08:00:00+00:00,2026-05-11,0,57.79791992187504,56.0,1.7979199218750423,1.7979199218750423
KMDW,HRRR,2026-05-11 09:00:00+00:00,2026-05-11,0,57.83966796875004,56.0,1.8396679687500423,1.8396679687500423
KMDW,HRRR,2026-05-11 10:00:00+00:00,2026-05-11,0,57.80198486328129,56.0,1.801984863281291,1.801984863281291
KMDW,HRRR,2026-05-11 11:00:00+00:00,2026-05-11,0,57.50442016601566,56.0,1.504420166015663,1.504420166015663
KMDW,HRRR,2026-05-11 12:00:00+00:00,2026-05-11,0,56.74257324218754,56.0,0.7425732421875395,0.7425732421875395
KMDW,HRRR,2026-05-11 13:00:00+00:00,2026-05-11,0,56.72274291992191,56.0,0.7227429199219131,0.7227429199219131
KMDW,HRRR,2026-05-11 14:00:00+00:00,2026-05-11,0,56.40798461914066,56.0,0.4079846191406631,0.4079846191406631
KMDW,HRRR,2026-05-11 15:00:00+00:00,2026-05-11,0,56.45648925781254,56.0,0.45648925781254235,0.45648925781254235
KMDW,HRRR,2026-05-11 16:00:00+00:00,2026-05-11,0,57.83697631835942,56.0,1.8369763183594188,1.8369763183594188
KMDW,HRRR,2026-05-11 17:00:00+00:00,2026-05-11,0,56.027967529296916,56.0,0.027967529296915927,0.027967529296915927
KMDW,HRRR,2026-05-11 18:00:00+00:00,2026-05-11,0,56.884901123046916,56.0,0.8849011230469159,0.8849011230469159
KMDW,HRRR,2026-05-11 19:00:00+00:00,2026-05-11,0,55.604114990234415,56.0,-0.3958850097655855,0.3958850097655855
KMDW,HRRR,2026-05-11 20:00:00+00:00,2026-05-11,0,54.67203491210942,56.0,-1.3279650878905827,1.3279650878905827
KMDW,HRRR,2026-05-11 21:00:00+00:00,2026-05-11,0,51.801746826171915,56.0,-4.1982531738280855,4.1982531738280855
KMDW,HRRR,2026-05-11 22:00:00+00:00,2026-05-11,0,51.11878173828129,56.0,-4.881218261718708,4.881218261718708
KMDW,HRRR,2026-05-11 23:00:00+00:00,2026-05-11,0,49.486542968750044,56.0,-6.513457031249956,6.513457031249956
KMDW,HRRR,2026-05-12 00:00:00+00:00,2026-05-11,0,47.81848876953129,56.0,-8.181511230468708,8.181511230468708
KMDW,HRRR,2026-05-12 01:00:00+00:00,2026-05-11,0,45.38468750000004,56.0,-10.615312499999959,10.615312499999959
KMDW,HRRR,2026-05-12 02:00:00+00:00,2026-05-11,0,43.54008300781254,56.0,-12.459916992187459,12.459916992187459
KMDW,HRRR,2026-05-12 03:00:00+00:00,2026-05-11,0,42.72841308593754,56.0,-13.27158691406246,13.27158691406246
KMDW,NBM,2026-05-11 06:00:00+00:00,2026-05-11,0,56.749989013671915,56.0,0.7499890136719145,0.7499890136719145
KMDW,NBM,2026-05-11 12:00:00+00:00,2026-05-11,0,56.569978027343794,56.0,0.5699780273437938,0.5699780273437938
KMDW,ECMWF,2026-05-10 18:00:00+00:00,2026-05-11,1,55.8,56.0,-0.20000000000000284,0.20000000000000284
KMDW,ECMWF,2026-05-11 00:00:00+00:00,2026-05-11,1,56.1,56.0,0.10000000000000142,0.10000000000000142
KMDW,GFS,2026-05-10 18:00:00+00:00,2026-05-11,1,54.2,56.0,-1.7999999999999972,1.7999999999999972
KMDW,GFS,2026-05-11 00:00:00+00:00,2026-05-11,1,55.3,56.0,-0.7000000000000028,0.7000000000000028
KMDW,HRRR,2026-05-10 06:00:00+00:00,2026-05-11,1,56.18007324218754,56.0,0.1800732421875395,0.1800732421875395
KMDW,HRRR,2026-05-10 11:00:00+00:00,2026-05-11,1,47.00901611328129,56.0,-8.990983886718709,8.990983886718709
KMDW,HRRR,2026-05-10 12:00:00+00:00,2026-05-11,1,54.151502685546916,56.0,-1.848497314453084,1.848497314453084
KMDW,HRRR,2026-05-10 13:00:00+00:00,2026-05-11,1,47.36261108398442,56.0,-8.637388916015581,8.637388916015581
KMDW,HRRR,2026-05-10 14:00:00+00:00,2026-05-11,1,50.04365966796879,56.0,-5.9563403320312105,5.9563403320312105
KMDW,HRRR,2026-05-10 15:00:00+00:00,2026-05-11,1,50.76688964843754,56.0,-5.233110351562459,5.233110351562459
KMDW,HRRR,2026-05-10 16:00:00+00:00,2026-05-11,1,50.72080200195317,56.0,-5.279197998046833,5.279197998046833
KMDW,HRRR,2026-05-10 17:00:00+00:00,2026-05-11,1,50.14330566406254,56.0,-5.856694335937462,5.856694335937462
KMDW,HRRR,2026-05-10 18:00:00+00:00,2026-05-11,1,55.09550292968754,56.0,-0.9044970703124591,0.9044970703124591
KMDW,HRRR,2026-05-10 19:00:00+00:00,2026-05-11,1,50.30326660156254,56.0,-5.696733398437459,5.696733398437459
KMDW,HRRR,2026-05-10 20:00:00+00:00,2026-05-11,1,52.158417968750044,56.0,-3.8415820312499562,3.8415820312499562
KMDW,HRRR,2026-05-10 21:00:00+00:00,2026-05-11,1,53.543079833984415,56.0,-2.4569201660155855,2.4569201660155855
KMDW,HRRR,2026-05-10 22:00:00+00:00,2026-05-11,1,55.19251220703129,56.0,-0.8074877929687077,0.8074877929687077
KMDW,HRRR,2026-05-10 23:00:00+00:00,2026-05-11,1,56.99322631835942,56.0,0.9932263183594188,0.9932263183594188
KMDW,HRRR,2026-05-11 00:00:00+00:00,2026-05-11,1,57.451630859375044,56.0,1.4516308593750438,1.4516308593750438
KMDW,HRRR,2026-05-11 01:00:00+00:00,2026-05-11,1,57.57709472656254,56.0,1.5770947265625423,1.5770947265625423
KMDW,HRRR,2026-05-11 02:00:00+00:00,2026-05-11,1,57.89240234375004,56.0,1.8924023437500423,1.8924023437500423
KMDW,HRRR,2026-05-11 03:00:00+00:00,2026-05-11,1,57.650318603515665,56.0,1.6503186035156645,1.6503186035156645
KMDW,HRRR,2026-05-11 04:00:00+00:00,2026-05-11,1,57.378187255859416,56.0,1.378187255859416,1.378187255859416
KMDW,NBM,2026-05-10 06:00:00+00:00,2026-05-11,1,57.46997802734379,56.0,1.4699780273437923,1.4699780273437923
KMDW,NBM,2026-05-10 12:00:00+00:00,2026-05-11,1,57.64998901367191,56.0,1.649989013671913,1.649989013671913
KMDW,NBM,2026-05-10 18:00:00+00:00,2026-05-11,1,57.29002197265629,56.0,1.290021972656291,1.290021972656291
KMDW,NBM,2026-05-11 00:00:00+00:00,2026-05-11,1,57.29002197265629,56.0,1.290021972656291,1.290021972656291
KMDW,HRRR,2026-05-09 06:00:00+00:00,2026-05-11,2,43.57485473632816,56.0,-12.425145263671837,12.425145263671837
KMDW,HRRR,2026-05-09 18:00:00+00:00,2026-05-11,2,52.829517822265665,56.0,-3.1704821777343355,3.1704821777343355
KMDW,HRRR,2026-05-10 00:00:00+00:00,2026-05-11,2,53.871900634765666,56.0,-2.128099365234334,2.128099365234334
KMDW,NBM,2026-05-09 12:00:00+00:00,2026-05-11,2,57.83000000000004,56.0,1.830000000000041,1.830000000000041
KMDW,NBM,2026-05-09 18:00:00+00:00,2026-05-11,2,58.19002197265629,56.0,2.1900219726562895,2.1900219726562895
KMDW,NBM,2026-05-10 00:00:00+00:00,2026-05-11,2,57.83000000000004,56.0,1.830000000000041,1.830000000000041
KMDW,GFS,2026-05-08 06:00:00+00:00,2026-05-11,3,59.2,56.0,3.200000000000003,3.200000000000003
KMDW,GFS,2026-05-08 12:00:00+00:00,2026-05-11,3,59.2,56.0,3.200000000000003,3.200000000000003
KMDW,GFS,2026-05-08 18:00:00+00:00,2026-05-11,3,59.2,56.0,3.200000000000003,3.200000000000003
KMDW,GFS,2026-05-09 00:00:00+00:00,2026-05-11,3,58.8,56.0,2.799999999999997,2.799999999999997
KMDW,NBM,2026-05-08 06:00:00+00:00,2026-05-11,3,57.83000000000004,56.0,1.830000000000041,1.830000000000041
KMDW,NBM,2026-05-08 12:00:00+00:00,2026-05-11,3,58.73000000000004,56.0,2.7300000000000395,2.7300000000000395
KMDW,NBM,2026-05-08 18:00:00+00:00,2026-05-11,3,57.46997802734379,56.0,1.4699780273437923,1.4699780273437923
KMDW,GFS,2026-05-07 06:00:00+00:00,2026-05-11,4,57.0,56.0,1.0,1.0
KMDW,GFS,2026-05-07 12:00:00+00:00,2026-05-11,4,58.8,56.0,2.799999999999997,2.799999999999997
KMDW,GFS,2026-05-07 18:00:00+00:00,2026-05-11,4,59.0,56.0,3.0,3.0
KMDW,GFS,2026-05-08 00:00:00+00:00,2026-05-11,4,60.1,56.0,4.100000000000001,4.100000000000001
KMDW,NBM,2026-05-07 06:00:00+00:00,2026-05-11,4,59.63000000000004,56.0,3.630000000000038,3.630000000000038
KMDW,NBM,2026-05-07 12:00:00+00:00,2026-05-11,4,58.91001098632817,56.0,2.9100109863281673,2.9100109863281673
KMDW,NBM,2026-05-07 18:00:00+00:00,2026-05-11,4,57.29002197265629,56.0,1.290021972656291,1.290021972656291
KMDW,NBM,2026-05-08 00:00:00+00:00,2026-05-11,4,56.749989013671915,56.0,0.7499890136719145,0.7499890136719145
KMDW,GFS,2026-05-06 06:00:00+00:00,2026-05-11,5,61.5,56.0,5.5,5.5
KMDW,GFS,2026-05-06 12:00:00+00:00,2026-05-11,5,62.4,56.0,6.399999999999999,6.399999999999999
KMDW,GFS,2026-05-06 18:00:00+00:00,2026-05-11,5,59.3,56.0,3.299999999999997,3.299999999999997
KMDW,GFS,2026-05-07 00:00:00+00:00,2026-05-11,5,57.0,56.0,1.0,1.0
KMDW,NBM,2026-05-06 06:00:00+00:00,2026-05-11,5,61.61001098632816,56.0,5.610010986328163,5.610010986328163
KMDW,NBM,2026-05-06 12:00:00+00:00,2026-05-11,5,60.349989013671916,56.0,4.349989013671916,4.349989013671916
KMDW,GFS,2026-05-05 06:00:00+00:00,2026-05-11,6,71.3,56.0,15.299999999999997,15.299999999999997
KMDW,GFS,2026-05-05 18:00:00+00:00,2026-05-11,6,61.0,56.0,5.0,5.0
KMDW,GFS,2026-05-06 00:00:00+00:00,2026-05-11,6,61.5,56.0,5.5,5.5
KMDW,NBM,2026-05-05 06:00:00+00:00,2026-05-11,6,63.04998901367192,56.0,7.049989013671919,7.049989013671919
KMDW,GFS,2026-05-04 06:00:00+00:00,2026-05-11,7,62.6,56.0,6.600000000000001,6.600000000000001
KMDW,GFS,2026-05-04 12:00:00+00:00,2026-05-11,7,66.1,56.0,10.099999999999994,10.099999999999994
KMDW,GFS,2026-05-04 18:00:00+00:00,2026-05-11,7,63.9,56.0,7.899999999999999,7.899999999999999
KMDW,GFS,2026-05-05 00:00:00+00:00,2026-05-11,7,65.7,56.0,9.700000000000003,9.700000000000003
KMDW,NBM,2026-05-04 06:00:00+00:00,2026-05-11,7,63.69142578125004,56.0,7.6914257812500395,7.6914257812500395
KMDW,NBM,2026-05-04 12:00:00+00:00,2026-05-11,7,63.74668701171879,56.0,7.746687011718791,7.746687011718791
KMDW,NBM,2026-05-04 18:00:00+00:00,2026-05-11,7,62.55379150390629,56.0,6.5537915039062895,6.5537915039062895
KMDW,NBM,2026-05-05 00:00:00+00:00,2026-05-11,7,62.40146606445317,56.0,6.401466064453167,6.401466064453167
KMIA,ECMWF,2026-05-11 06:00:00+00:00,2026-05-11,0,87.3,90.0,-2.700000000000003,2.700000000000003
KMIA,ECMWF,2026-05-11 12:00:00+00:00,2026-05-11,0,88.1,90.0,-1.9000000000000057,1.9000000000000057
KMIA,ECMWF,2026-05-11 18:00:00+00:00,2026-05-11,0,87.7,90.0,-2.299999999999997,2.299999999999997
KMIA,ECMWF,2026-05-12 00:00:00+00:00,2026-05-11,0,83.8,90.0,-6.200000000000003,6.200000000000003
KMIA,GFS,2026-05-11 06:00:00+00:00,2026-05-11,0,89.1,90.0,-0.9000000000000057,0.9000000000000057
KMIA,GFS,2026-05-11 12:00:00+00:00,2026-05-11,0,89.3,90.0,-0.7000000000000028,0.7000000000000028
KMIA,GFS,2026-05-11 18:00:00+00:00,2026-05-11,0,88.7,90.0,-1.2999999999999972,1.2999999999999972
KMIA,GFS,2026-05-12 00:00:00+00:00,2026-05-11,0,84.2,90.0,-5.799999999999997,5.799999999999997
KMIA,HRRR,2026-05-11 04:00:00+00:00,2026-05-11,0,89.03518188476566,90.0,-0.9648181152343369,0.9648181152343369
KMIA,HRRR,2026-05-11 05:00:00+00:00,2026-05-11,0,88.15836303710941,90.0,-1.8416369628905898,1.8416369628905898
KMIA,HRRR,2026-05-11 06:00:00+00:00,2026-05-11,0,89.04891479492191,90.0,-0.9510852050780869,0.9510852050780869
KMIA,HRRR,2026-05-11 07:00:00+00:00,2026-05-11,0,89.07204101562505,90.0,-0.9279589843749534,0.9279589843749534
KMIA,HRRR,2026-05-11 08:00:00+00:00,2026-05-11,0,89.2938549804688,90.0,-0.7061450195312062,0.7061450195312062
KMIA,HRRR,2026-05-11 09:00:00+00:00,2026-05-11,0,89.22716796875004,90.0,-0.7728320312499619,0.7728320312499619
KMIA,HRRR,2026-05-11 10:00:00+00:00,2026-05-11,0,89.41448486328129,90.0,-0.5855151367187119,0.5855151367187119
KMIA,HRRR,2026-05-11 11:00:00+00:00,2026-05-11,0,89.22942016601567,90.0,-0.7705798339843284,0.7705798339843284
KMIA,HRRR,2026-05-11 12:00:00+00:00,2026-05-11,0,89.03007324218754,90.0,-0.9699267578124591,0.9699267578124591
KMIA,HRRR,2026-05-11 13:00:00+00:00,2026-05-11,0,88.40593994140629,90.0,-1.594060058593712,1.594060058593712
KMIA,HRRR,2026-05-11 14:00:00+00:00,2026-05-11,0,87.93539550781254,90.0,-2.0646044921874562,2.0646044921874562
KMIA,HRRR,2026-05-11 15:00:00+00:00,2026-05-11,0,87.92375000000004,90.0,-2.076249999999959,2.076249999999959
KMIA,HRRR,2026-05-11 16:00:00+00:00,2026-05-11,0,88.88939331054692,90.0,-1.1106066894530784,1.1106066894530784
KMIA,HRRR,2026-05-11 17:00:00+00:00,2026-05-11,0,88.65296752929692,90.0,-1.347032470703084,1.347032470703084
KMIA,HRRR,2026-05-11 18:00:00+00:00,2026-05-11,0,88.12485473632816,90.0,-1.8751452636718398,1.8751452636718398
KMIA,HRRR,2026-05-11 19:00:00+00:00,2026-05-11,0,88.56661499023441,90.0,-1.433385009765587,1.433385009765587
KMIA,HRRR,2026-05-11 20:00:00+00:00,2026-05-11,0,87.07203491210942,90.0,-2.927965087890584,2.927965087890584
KMIA,HRRR,2026-05-11 21:00:00+00:00,2026-05-11,0,86.00174682617191,90.0,-3.9982531738280898,3.9982531738280898
KMIA,HRRR,2026-05-11 22:00:00+00:00,2026-05-11,0,84.9812817382813,90.0,-5.018718261718703,5.018718261718703
KMIA,HRRR,2026-05-11 23:00:00+00:00,2026-05-11,0,84.13654296875004,90.0,-5.863457031249965,5.863457031249965
KMIA,HRRR,2026-05-12 00:00:00+00:00,2026-05-11,0,82.9184887695313,90.0,-7.081511230468706,7.081511230468706
KMIA,HRRR,2026-05-12 01:00:00+00:00,2026-05-11,0,81.94718750000004,90.0,-8.052812499999959,8.052812499999959
KMIA,HRRR,2026-05-12 02:00:00+00:00,2026-05-11,0,82.01508300781254,90.0,-7.984916992187465,7.984916992187465
KMIA,NBM,2026-05-11 06:00:00+00:00,2026-05-11,0,90.04998901367192,90.0,0.04998901367191877,0.04998901367191877
KMIA,NBM,2026-05-11 12:00:00+00:00,2026-05-11,0,90.23000000000005,90.0,0.2300000000000466,0.2300000000000466
KMIA,ECMWF,2026-05-10 18:00:00+00:00,2026-05-11,1,87.7,90.0,-2.299999999999997,2.299999999999997
KMIA,ECMWF,2026-05-11 00:00:00+00:00,2026-05-11,1,86.8,90.0,-3.200000000000003,3.200000000000003
KMIA,GFS,2026-05-10 18:00:00+00:00,2026-05-11,1,87.9,90.0,-2.0999999999999943,2.0999999999999943
KMIA,GFS,2026-05-11 00:00:00+00:00,2026-05-11,1,87.9,90.0,-2.0999999999999943,2.0999999999999943
KMIA,HRRR,2026-05-10 06:00:00+00:00,2026-05-11,1,88.07492187500004,90.0,-1.9250781249999562,1.9250781249999562
KMIA,HRRR,2026-05-10 10:00:00+00:00,2026-05-11,1,76.9408276367188,90.0,-13.059172363281206,13.059172363281206
KMIA,HRRR,2026-05-10 11:00:00+00:00,2026-05-11,1,76.12135742187505,90.0,-13.878642578124953,13.878642578124953
KMIA,HRRR,2026-05-10 12:00:00+00:00,2026-05-11,1,87.7821362304688,90.0,-2.2178637695312062,2.2178637695312062
KMIA,HRRR,2026-05-10 13:00:00+00:00,2026-05-11,1,78.46078613281254,90.0,-11.539213867187456,11.539213867187456
KMIA,HRRR,2026-05-10 14:00:00+00:00,2026-05-11,1,79.43153808593755,90.0,-10.568461914062453,10.568461914062453
KMIA,HRRR,2026-05-10 15:00:00+00:00,2026-05-11,1,79.69268310546879,90.0,-10.307316894531212,10.307316894531212
KMIA,HRRR,2026-05-10 16:00:00+00:00,2026-05-11,1,79.39638183593755,90.0,-10.603618164062453,10.603618164062453
KMIA,HRRR,2026-05-10 17:00:00+00:00,2026-05-11,1,80.4015209960938,90.0,-9.598479003906206,9.598479003906206
KMIA,HRRR,2026-05-10 18:00:00+00:00,2026-05-11,1,87.98763549804691,90.0,-2.012364501953087,2.012364501953087
KMIA,HRRR,2026-05-10 19:00:00+00:00,2026-05-11,1,82.81576660156254,90.0,-7.184233398437456,7.184233398437456
KMIA,HRRR,2026-05-10 20:00:00+00:00,2026-05-11,1,84.22091796875004,90.0,-5.779082031249956,5.779082031249956
KMIA,HRRR,2026-05-10 21:00:00+00:00,2026-05-11,1,86.73057983398442,90.0,-3.2694201660155784,3.2694201660155784
KMIA,HRRR,2026-05-10 22:00:00+00:00,2026-05-11,1,87.81751220703129,90.0,-2.1824877929687148,2.1824877929687148
KMIA,HRRR,2026-05-10 23:00:00+00:00,2026-05-11,1,87.67930419921879,90.0,-2.320695800781209,2.320695800781209
KMIA,HRRR,2026-05-11 00:00:00+00:00,2026-05-11,1,88.67472045898441,90.0,-1.3252795410155898,1.3252795410155898
KMIA,HRRR,2026-05-11 01:00:00+00:00,2026-05-11,1,89.07544677734379,90.0,-0.9245532226562148,0.9245532226562148
KMIA,HRRR,2026-05-11 02:00:00+00:00,2026-05-11,1,88.51706665039066,90.0,-1.4829333496093398,1.4829333496093398
KMIA,HRRR,2026-05-11 03:00:00+00:00,2026-05-11,1,88.70872314453129,90.0,-1.291276855468709,1.291276855468709
KMIA,NBM,2026-05-10 06:00:00+00:00,2026-05-11,1,90.23000000000005,90.0,0.2300000000000466,0.2300000000000466
KMIA,NBM,2026-05-10 12:00:00+00:00,2026-05-11,1,90.23000000000005,90.0,0.2300000000000466,0.2300000000000466
KMIA,NBM,2026-05-10 18:00:00+00:00,2026-05-11,1,90.04998901367192,90.0,0.04998901367191877,0.04998901367191877
KMIA,NBM,2026-05-11 00:00:00+00:00,2026-05-11,1,89.6900219726563,90.0,-0.3099780273437034,0.3099780273437034
KMIA,HRRR,2026-05-09 06:00:00+00:00,2026-05-11,2,76.57410400390629,90.0,-13.425895996093715,13.425895996093715
KMIA,HRRR,2026-05-09 18:00:00+00:00,2026-05-11,2,87.01616943359379,90.0,-2.983830566406212,2.983830566406212
KMIA,HRRR,2026-05-10 00:00:00+00:00,2026-05-11,2,83.90940063476566,90.0,-6.09059936523434,6.09059936523434
KMIA,NBM,2026-05-09 12:00:00+00:00,2026-05-11,2,90.23000000000005,90.0,0.2300000000000466,0.2300000000000466
KMIA,NBM,2026-05-09 18:00:00+00:00,2026-05-11,2,90.41001098632816,90.0,0.41001098632816024,0.41001098632816024
KMIA,NBM,2026-05-10 00:00:00+00:00,2026-05-11,2,89.51001098632817,90.0,-0.48998901367183123,0.48998901367183123
KMIA,GFS,2026-05-08 06:00:00+00:00,2026-05-11,3,90.5,90.0,0.5,0.5
KMIA,GFS,2026-05-08 12:00:00+00:00,2026-05-11,3,90.5,90.0,0.5,0.5
KMIA,GFS,2026-05-08 18:00:00+00:00,2026-05-11,3,90.5,90.0,0.5,0.5
KMIA,GFS,2026-05-09 00:00:00+00:00,2026-05-11,3,89.8,90.0,-0.20000000000000284,0.20000000000000284
KMIA,NBM,2026-05-08 06:00:00+00:00,2026-05-11,3,91.13000000000004,90.0,1.130000000000038,1.130000000000038
KMIA,NBM,2026-05-08 12:00:00+00:00,2026-05-11,3,91.13000000000004,90.0,1.130000000000038,1.130000000000038
KMIA,NBM,2026-05-08 18:00:00+00:00,2026-05-11,3,90.7699780273438,90.0,0.7699780273437966,0.7699780273437966
KMIA,NBM,2026-05-09 00:00:00+00:00,2026-05-11,3,90.94998901367191,90.0,0.9499890136719102,0.9499890136719102
KMIA,GFS,2026-05-07 06:00:00+00:00,2026-05-11,4,90.3,90.0,0.29999999999999716,0.29999999999999716
KMIA,GFS,2026-05-07 12:00:00+00:00,2026-05-11,4,90.7,90.0,0.7000000000000028,0.7000000000000028
KMIA,GFS,2026-05-07 18:00:00+00:00,2026-05-11,4,90.3,90.0,0.29999999999999716,0.29999999999999716
KMIA,GFS,2026-05-08 00:00:00+00:00,2026-05-11,4,90.5,90.0,0.5,0.5
KMIA,NBM,2026-05-07 06:00:00+00:00,2026-05-11,4,90.94998901367191,90.0,0.9499890136719102,0.9499890136719102
KMIA,NBM,2026-05-07 12:00:00+00:00,2026-05-11,4,90.94998901367191,90.0,0.9499890136719102,0.9499890136719102
KMIA,NBM,2026-05-07 18:00:00+00:00,2026-05-11,4,90.94998901367191,90.0,0.9499890136719102,0.9499890136719102
KMIA,NBM,2026-05-08 00:00:00+00:00,2026-05-11,4,91.13000000000004,90.0,1.130000000000038,1.130000000000038
KMIA,GFS,2026-05-06 06:00:00+00:00,2026-05-11,5,89.8,90.0,-0.20000000000000284,0.20000000000000284
KMIA,GFS,2026-05-06 12:00:00+00:00,2026-05-11,5,89.3,90.0,-0.7000000000000028,0.7000000000000028
KMIA,GFS,2026-05-06 18:00:00+00:00,2026-05-11,5,88.6,90.0,-1.4000000000000057,1.4000000000000057
KMIA,GFS,2026-05-07 00:00:00+00:00,2026-05-11,5,90.3,90.0,0.29999999999999716,0.29999999999999716
KMIA,NBM,2026-05-06 06:00:00+00:00,2026-05-11,5,90.41001098632816,90.0,0.41001098632816024,0.41001098632816024
KMIA,NBM,2026-05-06 12:00:00+00:00,2026-05-11,5,90.41001098632816,90.0,0.41001098632816024,0.41001098632816024
KMIA,GFS,2026-05-05 06:00:00+00:00,2026-05-11,6,90.0,90.0,0.0,0.0
KMIA,GFS,2026-05-05 18:00:00+00:00,2026-05-11,6,90.1,90.0,0.09999999999999432,0.09999999999999432
KMIA,GFS,2026-05-06 00:00:00+00:00,2026-05-11,6,89.8,90.0,-0.20000000000000284,0.20000000000000284
KMIA,NBM,2026-05-05 06:00:00+00:00,2026-05-11,6,90.94998901367191,90.0,0.9499890136719102,0.9499890136719102
KMIA,GFS,2026-05-04 06:00:00+00:00,2026-05-11,7,89.8,90.0,-0.20000000000000284,0.20000000000000284
KMIA,GFS,2026-05-04 12:00:00+00:00,2026-05-11,7,90.0,90.0,0.0,0.0
KMIA,GFS,2026-05-04 18:00:00+00:00,2026-05-11,7,90.2,90.0,0.20000000000000284,0.20000000000000284
KMIA,GFS,2026-05-05 00:00:00+00:00,2026-05-11,7,90.1,90.0,0.09999999999999432,0.09999999999999432
KMIA,NBM,2026-05-04 06:00:00+00:00,2026-05-11,7,89.61141479492191,90.0,-0.3885852050780869,0.3885852050780869
KMIA,NBM,2026-05-04 12:00:00+00:00,2026-05-11,7,89.66673095703129,90.0,-0.3332690429687091,0.3332690429687091
KMIA,NBM,2026-05-04 18:00:00+00:00,2026-05-11,7,89.91375854492192,90.0,-0.08624145507808123,0.08624145507808123
KMIA,NBM,2026-05-05 00:00:00+00:00,2026-05-11,7,89.7614331054688,90.0,-0.2385668945312034,0.2385668945312034
KNYC,ECMWF,2026-05-11 06:00:00+00:00,2026-05-11,0,62.6,61.0,1.6000000000000014,1.6000000000000014
KNYC,ECMWF,2026-05-11 12:00:00+00:00,2026-05-11,0,62.2,61.0,1.2000000000000028,1.2000000000000028
KNYC,ECMWF,2026-05-11 18:00:00+00:00,2026-05-11,0,62.0,61.0,1.0,1.0
KNYC,ECMWF,2026-05-12 00:00:00+00:00,2026-05-11,0,56.6,61.0,-4.399999999999999,4.399999999999999
KNYC,GFS,2026-05-11 06:00:00+00:00,2026-05-11,0,65.9,61.0,4.900000000000006,4.900000000000006
KNYC,GFS,2026-05-11 12:00:00+00:00,2026-05-11,0,66.5,61.0,5.5,5.5
KNYC,GFS,2026-05-11 18:00:00+00:00,2026-05-11,0,63.7,61.0,2.700000000000003,2.700000000000003
KNYC,GFS,2026-05-12 00:00:00+00:00,2026-05-11,0,56.4,61.0,-4.600000000000001,4.600000000000001
KNYC,HRRR,2026-05-11 04:00:00+00:00,2026-05-11,0,66.04068725585941,61.0,5.04068725585941,5.04068725585941
KNYC,HRRR,2026-05-11 05:00:00+00:00,2026-05-11,0,66.59774902343754,61.0,5.597749023437544,5.597749023437544
KNYC,HRRR,2026-05-11 06:00:00+00:00,2026-05-11,0,66.82626464843754,61.0,5.826264648437544,5.826264648437544
KNYC,HRRR,2026-05-11 07:00:00+00:00,2026-05-11,0,66.71667602539067,61.0,5.716676025390669,5.716676025390669
KNYC,HRRR,2026-05-11 08:00:00+00:00,2026-05-11,0,66.50546386718754,61.0,5.505463867187544,5.505463867187544
KNYC,HRRR,2026-05-11 09:00:00+00:00,2026-05-11,0,66.12638061523441,61.0,5.12638061523441,5.12638061523441
KNYC,HRRR,2026-05-11 10:00:00+00:00,2026-05-11,0,65.76635864257817,61.0,4.766358642578169,4.766358642578169
KNYC,HRRR,2026-05-11 11:00:00+00:00,2026-05-11,0,66.61692016601566,61.0,5.61692016601566,5.61692016601566
KNYC,HRRR,2026-05-11 12:00:00+00:00,2026-05-11,0,66.5246899414063,61.0,5.524689941406294,5.524689941406294
KNYC,HRRR,2026-05-11 13:00:00+00:00,2026-05-11,0,65.98174560546879,61.0,4.981745605468788,4.981745605468788
KNYC,HRRR,2026-05-11 14:00:00+00:00,2026-05-11,0,66.11039550781254,61.0,5.110395507812541,5.110395507812541
KNYC,HRRR,2026-05-11 15:00:00+00:00,2026-05-11,0,65.76125000000005,61.0,4.761250000000047,4.761250000000047
KNYC,HRRR,2026-05-11 16:00:00+00:00,2026-05-11,0,64.9382641601563,61.0,3.9382641601562938,3.9382641601562938
KNYC,HRRR,2026-05-11 17:00:00+00:00,2026-05-11,0,63.88126953125004,61.0,2.881269531250041,2.881269531250041
KNYC,HRRR,2026-05-11 18:00:00+00:00,2026-05-11,0,62.990003662109416,61.0,1.990003662109416,1.990003662109416
KNYC,HRRR,2026-05-11 19:00:00+00:00,2026-05-11,0,62.370759277343794,61.0,1.3707592773437938,1.3707592773437938
KNYC,HRRR,2026-05-11 20:00:00+00:00,2026-05-11,0,61.778211669921916,61.0,0.7782116699219159,0.7782116699219159
KNYC,HRRR,2026-05-11 21:00:00+00:00,2026-05-11,0,61.364246826171915,61.0,0.3642468261719145,0.3642468261719145
KNYC,HRRR,2026-05-11 22:00:00+00:00,2026-05-11,0,60.68128173828129,61.0,-0.31871826171870765,0.31871826171870765
KNYC,HRRR,2026-05-11 23:00:00+00:00,2026-05-11,0,56.46154296875004,61.0,-4.538457031249962,4.538457031249962
KNYC,HRRR,2026-05-12 00:00:00+00:00,2026-05-11,0,54.68098876953129,61.0,-6.3190112304687105,6.3190112304687105
KNYC,HRRR,2026-05-12 01:00:00+00:00,2026-05-11,0,53.37218750000004,61.0,-7.627812499999962,7.627812499999962
KNYC,HRRR,2026-05-12 02:00:00+00:00,2026-05-11,0,50.51508300781254,61.0,-10.484916992187458,10.484916992187458
KNYC,NBM,2026-05-11 06:00:00+00:00,2026-05-11,0,63.94998901367192,61.0,2.9499890136719173,2.9499890136719173
KNYC,NBM,2026-05-11 12:00:00+00:00,2026-05-11,0,64.13000000000004,61.0,3.130000000000038,3.130000000000038
KNYC,ECMWF,2026-05-10 18:00:00+00:00,2026-05-11,1,61.7,61.0,0.7000000000000028,0.7000000000000028
KNYC,ECMWF,2026-05-11 00:00:00+00:00,2026-05-11,1,63.2,61.0,2.200000000000003,2.200000000000003
KNYC,GFS,2026-05-10 18:00:00+00:00,2026-05-11,1,63.1,61.0,2.1000000000000014,2.1000000000000014
KNYC,GFS,2026-05-11 00:00:00+00:00,2026-05-11,1,65.0,61.0,4.0,4.0
KNYC,HRRR,2026-05-10 06:00:00+00:00,2026-05-11,1,65.99015014648441,61.0,4.99015014648441,4.99015014648441
KNYC,HRRR,2026-05-10 10:00:00+00:00,2026-05-11,1,58.378327636718794,61.0,-2.6216723632812062,2.6216723632812062
KNYC,HRRR,2026-05-10 11:00:00+00:00,2026-05-11,1,56.65885742187504,61.0,-4.341142578124959,4.341142578124959
KNYC,HRRR,2026-05-10 12:00:00+00:00,2026-05-11,1,63.25675170898442,61.0,2.2567517089844173,2.2567517089844173
KNYC,HRRR,2026-05-10 13:00:00+00:00,2026-05-11,1,55.72342651367192,61.0,-5.276573486328083,5.276573486328083
KNYC,HRRR,2026-05-10 14:00:00+00:00,2026-05-11,1,55.80653808593754,61.0,-5.1934619140624605,5.1934619140624605
KNYC,HRRR,2026-05-10 15:00:00+00:00,2026-05-11,1,56.29268310546879,61.0,-4.7073168945312105,4.7073168945312105
KNYC,HRRR,2026-05-10 16:00:00+00:00,2026-05-11,1,56.67138183593754,61.0,-4.328618164062462,4.328618164062462
KNYC,HRRR,2026-05-10 17:00:00+00:00,2026-05-11,1,55.53902099609379,61.0,-5.4609790039062105,5.4609790039062105
KNYC,HRRR,2026-05-10 18:00:00+00:00,2026-05-11,1,65.11876953125004,61.0,4.118769531250038,4.118769531250038
KNYC,HRRR,2026-05-10 19:00:00+00:00,2026-05-11,1,54.049714355468794,61.0,-6.950285644531206,6.950285644531206
KNYC,HRRR,2026-05-10 20:00:00+00:00,2026-05-11,1,56.77091796875004,61.0,-4.229082031249959,4.229082031249959
KNYC,HRRR,2026-05-10 21:00:00+00:00,2026-05-11,1,59.955579833984416,61.0,-1.044420166015584,1.044420166015584
KNYC,HRRR,2026-05-10 22:00:00+00:00,2026-05-11,1,62.167512207031294,61.0,1.1675122070312938,1.1675122070312938
KNYC,HRRR,2026-05-10 23:00:00+00:00,2026-05-11,1,64.41822631835942,61.0,3.418226318359416,3.418226318359416
KNYC,HRRR,2026-05-11 00:00:00+00:00,2026-05-11,1,66.22635620117191,61.0,5.22635620117191,5.22635620117191
KNYC,HRRR,2026-05-11 01:00:00+00:00,2026-05-11,1,66.46459472656254,61.0,5.464594726562538,5.464594726562538
KNYC,HRRR,2026-05-11 02:00:00+00:00,2026-05-11,1,66.10490234375004,61.0,5.104902343750041,5.104902343750041
KNYC,HRRR,2026-05-11 03:00:00+00:00,2026-05-11,1,66.65031860351567,61.0,5.650318603515672,5.650318603515672
KNYC,NBM,2026-05-10 06:00:00+00:00,2026-05-11,1,65.74998901367192,61.0,4.749989013671922,4.749989013671922
KNYC,NBM,2026-05-10 12:00:00+00:00,2026-05-11,1,65.39002197265629,61.0,4.390021972656285,4.390021972656285
KNYC,NBM,2026-05-10 18:00:00+00:00,2026-05-11,1,64.66997802734379,61.0,3.669978027343788,3.669978027343788
KNYC,NBM,2026-05-11 00:00:00+00:00,2026-05-11,1,64.13000000000004,61.0,3.130000000000038,3.130000000000038
KNYC,HRRR,2026-05-09 06:00:00+00:00,2026-05-11,2,58.799104003906294,61.0,-2.2008959960937062,2.2008959960937062
KNYC,HRRR,2026-05-09 18:00:00+00:00,2026-05-11,2,64.19201782226567,61.0,3.1920178222656688,3.1920178222656688
KNYC,HRRR,2026-05-10 00:00:00+00:00,2026-05-11,2,64.55940063476567,61.0,3.559400634765666,3.559400634765666
KNYC,NBM,2026-05-09 12:00:00+00:00,2026-05-11,2,64.84998901367192,61.0,3.849989013671916,3.849989013671916
KNYC,NBM,2026-05-09 18:00:00+00:00,2026-05-11,2,65.03000000000004,61.0,4.030000000000044,4.030000000000044
KNYC,NBM,2026-05-10 00:00:00+00:00,2026-05-11,2,66.46997802734379,61.0,5.469978027343785,5.469978027343785
KNYC,GFS,2026-05-08 06:00:00+00:00,2026-05-11,3,58.9,61.0,-2.1000000000000014,2.1000000000000014
KNYC,GFS,2026-05-08 12:00:00+00:00,2026-05-11,3,57.3,61.0,-3.700000000000003,3.700000000000003
KNYC,GFS,2026-05-08 18:00:00+00:00,2026-05-11,3,57.3,61.0,-3.700000000000003,3.700000000000003
KNYC,GFS,2026-05-09 00:00:00+00:00,2026-05-11,3,62.5,61.0,1.5,1.5
KNYC,NBM,2026-05-08 06:00:00+00:00,2026-05-11,3,59.09002197265629,61.0,-1.909978027343712,1.909978027343712
KNYC,NBM,2026-05-08 12:00:00+00:00,2026-05-11,3,60.89002197265629,61.0,-0.10997802734370765,0.10997802734370765
KNYC,NBM,2026-05-08 18:00:00+00:00,2026-05-11,3,62.69002197265629,61.0,1.6900219726562895,1.6900219726562895
KNYC,GFS,2026-05-07 06:00:00+00:00,2026-05-11,4,63.4,61.0,2.3999999999999986,2.3999999999999986
KNYC,GFS,2026-05-07 12:00:00+00:00,2026-05-11,4,62.9,61.0,1.8999999999999986,1.8999999999999986
KNYC,GFS,2026-05-07 18:00:00+00:00,2026-05-11,4,61.3,61.0,0.29999999999999716,0.29999999999999716
KNYC,GFS,2026-05-08 00:00:00+00:00,2026-05-11,4,64.9,61.0,3.9000000000000057,3.9000000000000057
KNYC,NBM,2026-05-07 06:00:00+00:00,2026-05-11,4,62.14998901367191,61.0,1.149989013671913,1.149989013671913
KNYC,NBM,2026-05-07 12:00:00+00:00,2026-05-11,4,61.79002197265629,61.0,0.7900219726562909,0.7900219726562909
KNYC,NBM,2026-05-07 18:00:00+00:00,2026-05-11,4,59.09002197265629,61.0,-1.909978027343712,1.909978027343712
KNYC,NBM,2026-05-08 00:00:00+00:00,2026-05-11,4,59.26997802734379,61.0,-1.7300219726562105,1.7300219726562105
KNYC,GFS,2026-05-06 06:00:00+00:00,2026-05-11,5,63.8,61.0,2.799999999999997,2.799999999999997
KNYC,GFS,2026-05-06 12:00:00+00:00,2026-05-11,5,69.0,61.0,8.0,8.0
KNYC,GFS,2026-05-06 18:00:00+00:00,2026-05-11,5,60.0,61.0,-1.0,1.0
KNYC,GFS,2026-05-07 00:00:00+00:00,2026-05-11,5,63.4,61.0,2.3999999999999986,2.3999999999999986
KNYC,NBM,2026-05-06 06:00:00+00:00,2026-05-11,5,67.36997802734379,61.0,6.369978027343791,6.369978027343791
KNYC,NBM,2026-05-06 12:00:00+00:00,2026-05-11,5,66.46997802734379,61.0,5.469978027343785,5.469978027343785
KNYC,GFS,2026-05-05 06:00:00+00:00,2026-05-11,6,64.6,61.0,3.5999999999999943,3.5999999999999943
KNYC,GFS,2026-05-05 18:00:00+00:00,2026-05-11,6,71.5,61.0,10.5,10.5
KNYC,GFS,2026-05-06 00:00:00+00:00,2026-05-11,6,63.8,61.0,2.799999999999997,2.799999999999997
KNYC,GFS,2026-05-04 06:00:00+00:00,2026-05-11,7,64.9,61.0,3.9000000000000057,3.9000000000000057
KNYC,GFS,2026-05-04 12:00:00+00:00,2026-05-11,7,64.9,61.0,3.9000000000000057,3.9000000000000057
KNYC,GFS,2026-05-04 18:00:00+00:00,2026-05-11,7,78.6,61.0,17.599999999999994,17.599999999999994
KNYC,GFS,2026-05-05 00:00:00+00:00,2026-05-11,7,62.2,61.0,1.2000000000000028,1.2000000000000028
KNYC,NBM,2026-05-04 06:00:00+00:00,2026-05-11,7,71.61141479492191,61.0,10.611414794921913,10.611414794921913
KNYC,NBM,2026-05-04 12:00:00+00:00,2026-05-11,7,70.9466870117188,61.0,9.946687011718794,9.946687011718794
KNYC,NBM,2026-05-04 18:00:00+00:00,2026-05-11,7,70.47378051757816,61.0,9.473780517578163,9.473780517578163
KNYC,NBM,2026-05-05 00:00:00+00:00,2026-05-11,7,71.7614331054688,61.0,10.761433105468797,10.761433105468797
KMDW,ECMWF,2026-05-12 06:00:00+00:00,2026-05-12,0,72.6,74.0,-1.4000000000000057,1.4000000000000057
KMDW,ECMWF,2026-05-12 12:00:00+00:00,2026-05-12,0,74.3,74.0,0.29999999999999716,0.29999999999999716
KMDW,ECMWF,2026-05-12 18:00:00+00:00,2026-05-12,0,74.3,74.0,0.29999999999999716,0.29999999999999716
KMDW,ECMWF,2026-05-13 00:00:00+00:00,2026-05-12,0,71.5,74.0,-2.5,2.5
KMDW,GFS,2026-05-12 06:00:00+00:00,2026-05-12,0,78.0,74.0,4.0,4.0
KMDW,GFS,2026-05-12 12:00:00+00:00,2026-05-12,0,79.6,74.0,5.599999999999994,5.599999999999994
KMDW,GFS,2026-05-12 18:00:00+00:00,2026-05-12,0,79.4,74.0,5.400000000000006,5.400000000000006
KMDW,GFS,2026-05-13 00:00:00+00:00,2026-05-12,0,63.4,74.0,-10.600000000000001,10.600000000000001
KMDW,HRRR,2026-05-12 05:00:00+00:00,2026-05-12,0,79.13249023437504,74.0,5.132490234375041,5.132490234375041
KMDW,HRRR,2026-05-12 06:00:00+00:00,2026-05-12,0,77.95975463867191,74.0,3.9597546386719102,3.9597546386719102
KMDW,HRRR,2026-05-12 07:00:00+00:00,2026-05-12,0,78.76867797851567,74.0,4.768677978515669,4.768677978515669
KMDW,HRRR,2026-05-12 08:00:00+00:00,2026-05-12,0,77.97584960937505,74.0,3.9758496093750466,3.9758496093750466
KMDW,HRRR,2026-05-12 09:00:00+00:00,2026-05-12,0,79.37342041015629,74.0,5.373420410156285,5.373420410156285
KMDW,HRRR,2026-05-12 10:00:00+00:00,2026-05-12,0,79.47828491210942,74.0,5.478284912109416,5.478284912109416
KMDW,HRRR,2026-05-12 11:00:00+00:00,2026-05-12,0,79.97937133789067,74.0,5.979371337890669,5.979371337890669
KMDW,HRRR,2026-05-12 12:00:00+00:00,2026-05-12,0,79.37984741210941,74.0,5.379847412109413,5.379847412109413
KMDW,HRRR,2026-05-12 13:00:00+00:00,2026-05-12,0,79.49333618164067,74.0,5.493336181640672,5.493336181640672
KMDW,HRRR,2026-05-12 14:00:00+00:00,2026-05-12,0,78.75884521484379,74.0,4.758845214843788,4.758845214843788
KMDW,HRRR,2026-05-12 15:00:00+00:00,2026-05-12,0,78.22095458984379,74.0,4.220954589843785,4.220954589843785
KMDW,HRRR,2026-05-12 16:00:00+00:00,2026-05-12,0,79.37951782226567,74.0,5.379517822265669,5.379517822265669
KMDW,HRRR,2026-05-12 17:00:00+00:00,2026-05-12,0,78.35301025390629,74.0,4.353010253906291,4.353010253906291
KMDW,HRRR,2026-05-12 19:00:00+00:00,2026-05-12,0,76.64403198242192,74.0,2.6440319824219216,2.6440319824219216
KMDW,HRRR,2026-05-12 20:00:00+00:00,2026-05-12,0,75.26272094726566,74.0,1.262720947265663,1.262720947265663
KMDW,HRRR,2026-05-12 21:00:00+00:00,2026-05-12,0,67.59624145507817,74.0,-6.403758544921828,6.403758544921828
KMDW,HRRR,2026-05-12 22:00:00+00:00,2026-05-12,0,63.42000854492191,74.0,-10.579991455078087,10.579991455078087
KMDW,HRRR,2026-05-12 23:00:00+00:00,2026-05-12,0,62.91765869140629,74.0,-11.082341308593712,11.082341308593712
KMDW,HRRR,2026-05-13 00:00:00+00:00,2026-05-12,0,61.19214599609379,74.0,-12.807854003906208,12.807854003906208
KMDW,HRRR,2026-05-13 01:00:00+00:00,2026-05-12,0,61.20208862304692,74.0,-12.797911376953081,12.797911376953081
KMDW,HRRR,2026-05-13 02:00:00+00:00,2026-05-12,0,61.30678833007816,74.0,-12.693211669921837,12.693211669921837
KMDW,HRRR,2026-05-13 03:00:00+00:00,2026-05-12,0,60.00078857421879,74.0,-13.999211425781212,13.999211425781212
KMDW,NBM,2026-05-12 06:00:00+00:00,2026-05-12,0,78.71001098632817,74.0,4.710010986328172,4.710010986328172
KMDW,NBM,2026-05-12 12:00:00+00:00,2026-05-12,0,78.53000000000004,74.0,4.530000000000044,4.530000000000044
KMDW,ECMWF,2026-05-11 06:00:00+00:00,2026-05-12,1,70.0,74.0,-4.0,4.0
KMDW,ECMWF,2026-05-11 12:00:00+00:00,2026-05-12,1,72.1,74.0,-1.9000000000000057,1.9000000000000057
KMDW,ECMWF,2026-05-11 18:00:00+00:00,2026-05-12,1,72.8,74.0,-1.2000000000000028,1.2000000000000028
KMDW,ECMWF,2026-05-12 00:00:00+00:00,2026-05-12,1,71.9,74.0,-2.0999999999999943,2.0999999999999943
KMDW,GFS,2026-05-11 06:00:00+00:00,2026-05-12,1,78.6,74.0,4.599999999999994,4.599999999999994
KMDW,GFS,2026-05-11 12:00:00+00:00,2026-05-12,1,81.1,74.0,7.099999999999994,7.099999999999994
KMDW,GFS,2026-05-11 18:00:00+00:00,2026-05-12,1,80.6,74.0,6.599999999999994,6.599999999999994
KMDW,GFS,2026-05-12 00:00:00+00:00,2026-05-12,1,78.6,74.0,4.599999999999994,4.599999999999994
KMDW,HRRR,2026-05-11 06:00:00+00:00,2026-05-12,1,81.08360717773442,74.0,7.083607177734422,7.083607177734422
KMDW,HRRR,2026-05-11 11:00:00+00:00,2026-05-12,1,42.782685546875044,74.0,-31.217314453124956,31.217314453124956
KMDW,HRRR,2026-05-11 12:00:00+00:00,2026-05-12,1,80.61103027343754,74.0,6.611030273437535,6.611030273437535
KMDW,HRRR,2026-05-11 13:00:00+00:00,2026-05-12,1,42.94539306640629,74.0,-31.05460693359371,31.05460693359371
KMDW,HRRR,2026-05-11 14:00:00+00:00,2026-05-12,1,42.77807128906254,74.0,-31.221928710937462,31.221928710937462
KMDW,HRRR,2026-05-11 15:00:00+00:00,2026-05-12,1,42.27682006835941,74.0,-31.723179931640587,31.723179931640587
KMDW,HRRR,2026-05-11 16:00:00+00:00,2026-05-12,1,42.786530761718794,74.0,-31.213469238281206,31.213469238281206
KMDW,HRRR,2026-05-11 17:00:00+00:00,2026-05-12,1,41.95717285156254,74.0,-32.04282714843746,32.04282714843746
KMDW,HRRR,2026-05-11 18:00:00+00:00,2026-05-12,1,78.53741577148442,74.0,4.537415771484419,4.537415771484419
KMDW,HRRR,2026-05-11 19:00:00+00:00,2026-05-12,1,48.36637695312504,74.0,-25.63362304687496,25.63362304687496
KMDW,HRRR,2026-05-11 20:00:00+00:00,2026-05-12,1,54.28943603515629,74.0,-19.710563964843708,19.710563964843708
KMDW,HRRR,2026-05-11 21:00:00+00:00,2026-05-12,1,60.55384033203129,74.0,-13.446159667968708,13.446159667968708
KMDW,HRRR,2026-05-11 22:00:00+00:00,2026-05-12,1,65.47714355468754,74.0,-8.522856445312456,8.522856445312456
KMDW,HRRR,2026-05-12 00:00:00+00:00,2026-05-12,1,76.29312866210941,74.0,2.2931286621094102,2.2931286621094102
KMDW,HRRR,2026-05-12 01:00:00+00:00,2026-05-12,1,73.6983227539063,74.0,-0.3016772460937034,0.3016772460937034
KMDW,HRRR,2026-05-12 02:00:00+00:00,2026-05-12,1,76.89940917968754,74.0,2.899409179687538,2.899409179687538
KMDW,HRRR,2026-05-12 03:00:00+00:00,2026-05-12,1,78.79790161132817,74.0,4.797901611328172,4.797901611328172
KMDW,HRRR,2026-05-12 04:00:00+00:00,2026-05-12,1,77.95607421875005,74.0,3.9560742187500466,3.9560742187500466
KMDW,NBM,2026-05-11 06:00:00+00:00,2026-05-12,1,77.09002197265629,74.0,3.090021972656288,3.090021972656288
KMDW,NBM,2026-05-11 12:00:00+00:00,2026-05-12,1,77.2699780273438,74.0,3.2699780273437966,3.2699780273437966
KMDW,NBM,2026-05-11 18:00:00+00:00,2026-05-12,1,78.16997802734379,74.0,4.169978027343788,4.169978027343788
KMDW,NBM,2026-05-12 00:00:00+00:00,2026-05-12,1,77.63000000000004,74.0,3.630000000000038,3.630000000000038
KMDW,ECMWF,2026-05-10 18:00:00+00:00,2026-05-12,2,72.8,74.0,-1.2000000000000028,1.2000000000000028
KMDW,ECMWF,2026-05-11 00:00:00+00:00,2026-05-12,2,71.1,74.0,-2.9000000000000057,2.9000000000000057
KMDW,GFS,2026-05-10 18:00:00+00:00,2026-05-12,2,73.4,74.0,-0.5999999999999943,0.5999999999999943
KMDW,GFS,2026-05-11 00:00:00+00:00,2026-05-12,2,72.5,74.0,-1.5,1.5
KMDW,HRRR,2026-05-10 06:00:00+00:00,2026-05-12,2,42.44353759765629,74.0,-31.556462402343712,31.556462402343712
KMDW,HRRR,2026-05-10 12:00:00+00:00,2026-05-12,2,41.73508422851567,74.0,-32.26491577148433,32.26491577148433
KMDW,HRRR,2026-05-10 18:00:00+00:00,2026-05-12,2,70.72179687500004,74.0,-3.278203124999962,3.278203124999962
KMDW,HRRR,2026-05-11 00:00:00+00:00,2026-05-12,2,78.53362548828129,74.0,4.533625488281288,4.533625488281288
KMDW,NBM,2026-05-10 06:00:00+00:00,2026-05-12,2,75.64998901367191,74.0,1.649989013671913,1.649989013671913
KMDW,NBM,2026-05-10 12:00:00+00:00,2026-05-12,2,75.83000000000004,74.0,1.830000000000041,1.830000000000041
KMDW,NBM,2026-05-10 18:00:00+00:00,2026-05-12,2,76.1900219726563,74.0,2.1900219726562966,2.1900219726562966
KMDW,NBM,2026-05-11 00:00:00+00:00,2026-05-12,2,76.54998901367192,74.0,2.5499890136719188,2.5499890136719188
KMDW,NBM,2026-05-09 12:00:00+00:00,2026-05-12,3,73.66997802734379,74.0,-0.3300219726562119,0.3300219726562119
KMDW,NBM,2026-05-09 18:00:00+00:00,2026-05-12,3,74.93000000000004,74.0,0.9300000000000352,0.9300000000000352
KMDW,NBM,2026-05-10 00:00:00+00:00,2026-05-12,3,75.64998901367191,74.0,1.649989013671913,1.649989013671913
KMDW,GFS,2026-05-08 06:00:00+00:00,2026-05-12,4,61.4,74.0,-12.600000000000001,12.600000000000001
KMDW,GFS,2026-05-08 12:00:00+00:00,2026-05-12,4,67.5,74.0,-6.5,6.5
KMDW,GFS,2026-05-08 18:00:00+00:00,2026-05-12,4,67.5,74.0,-6.5,6.5
KMDW,GFS,2026-05-09 00:00:00+00:00,2026-05-12,4,63.5,74.0,-10.5,10.5
KMDW,NBM,2026-05-08 06:00:00+00:00,2026-05-12,4,65.93000000000004,74.0,-8.069999999999965,8.069999999999965
KMDW,NBM,2026-05-08 12:00:00+00:00,2026-05-12,4,66.83000000000004,74.0,-7.169999999999959,7.169999999999959
KMDW,NBM,2026-05-08 18:00:00+00:00,2026-05-12,4,68.81001098632817,74.0,-5.189989013671834,5.189989013671834
KMDW,GFS,2026-05-07 06:00:00+00:00,2026-05-12,5,54.2,74.0,-19.799999999999997,19.799999999999997
KMDW,GFS,2026-05-07 12:00:00+00:00,2026-05-12,5,60.1,74.0,-13.899999999999999,13.899999999999999
KMDW,GFS,2026-05-07 18:00:00+00:00,2026-05-12,5,60.7,74.0,-13.299999999999997,13.299999999999997
KMDW,GFS,2026-05-08 00:00:00+00:00,2026-05-12,5,52.0,74.0,-22.0,22.0
KMDW,NBM,2026-05-07 06:00:00+00:00,2026-05-12,5,62.69002197265629,74.0,-11.30997802734371,11.30997802734371
KMDW,NBM,2026-05-07 12:00:00+00:00,2026-05-12,5,62.69002197265629,74.0,-11.30997802734371,11.30997802734371
KMDW,NBM,2026-05-07 18:00:00+00:00,2026-05-12,5,63.76997802734379,74.0,-10.23002197265621,10.23002197265621
KMDW,NBM,2026-05-08 00:00:00+00:00,2026-05-12,5,63.94998901367192,74.0,-10.050010986328083,10.050010986328083
KMDW,GFS,2026-05-06 06:00:00+00:00,2026-05-12,6,71.3,74.0,-2.700000000000003,2.700000000000003
KMDW,GFS,2026-05-06 12:00:00+00:00,2026-05-12,6,69.3,74.0,-4.700000000000003,4.700000000000003
KMDW,GFS,2026-05-06 18:00:00+00:00,2026-05-12,6,62.8,74.0,-11.200000000000003,11.200000000000003
KMDW,GFS,2026-05-07 00:00:00+00:00,2026-05-12,6,54.2,74.0,-19.799999999999997,19.799999999999997
KMDW,NBM,2026-05-06 06:00:00+00:00,2026-05-12,6,67.36997802734379,74.0,-6.630021972656209,6.630021972656209
KMDW,NBM,2026-05-06 12:00:00+00:00,2026-05-12,6,65.5699780273438,74.0,-8.430021972656206,8.430021972656206
KMDW,GFS,2026-05-05 06:00:00+00:00,2026-05-12,7,73.4,74.0,-0.5999999999999943,0.5999999999999943
KMDW,GFS,2026-05-05 18:00:00+00:00,2026-05-12,7,60.6,74.0,-13.399999999999999,13.399999999999999
KMDW,GFS,2026-05-06 00:00:00+00:00,2026-05-12,7,71.3,74.0,-2.700000000000003,2.700000000000003
KMDW,NBM,2026-05-05 06:00:00+00:00,2026-05-12,7,71.33000000000004,74.0,-2.669999999999959,2.669999999999959
KMIA,ECMWF,2026-05-12 06:00:00+00:00,2026-05-12,0,85.0,91.0,-6.0,6.0
KMIA,ECMWF,2026-05-12 12:00:00+00:00,2026-05-12,0,86.9,91.0,-4.099999999999994,4.099999999999994
KMIA,ECMWF,2026-05-12 18:00:00+00:00,2026-05-12,0,86.8,91.0,-4.200000000000003,4.200000000000003
KMIA,ECMWF,2026-05-13 00:00:00+00:00,2026-05-12,0,78.9,91.0,-12.099999999999994,12.099999999999994
KMIA,GFS,2026-05-12 06:00:00+00:00,2026-05-12,0,88.2,91.0,-2.799999999999997,2.799999999999997
KMIA,GFS,2026-05-12 12:00:00+00:00,2026-05-12,0,89.7,91.0,-1.2999999999999972,1.2999999999999972
KMIA,GFS,2026-05-12 18:00:00+00:00,2026-05-12,0,89.5,91.0,-1.5,1.5
KMIA,GFS,2026-05-13 00:00:00+00:00,2026-05-12,0,80.4,91.0,-10.599999999999994,10.599999999999994
KMIA,HRRR,2026-05-12 04:00:00+00:00,2026-05-12,0,88.12386596679691,91.0,-2.876134033203087,2.876134033203087
KMIA,HRRR,2026-05-12 05:00:00+00:00,2026-05-12,0,88.46334350585941,91.0,-2.536656494140587,2.536656494140587
KMIA,HRRR,2026-05-12 06:00:00+00:00,2026-05-12,0,87.9007885742188,91.0,-3.0992114257812062,3.0992114257812062
KMIA,HRRR,2026-05-12 07:00:00+00:00,2026-05-12,0,88.4551586914063,91.0,-2.5448413085937034,2.5448413085937034
KMIA,HRRR,2026-05-12 08:00:00+00:00,2026-05-12,0,88.12946899414067,91.0,-2.870531005859334,2.870531005859334
KMIA,HRRR,2026-05-12 09:00:00+00:00,2026-05-12,0,89.02562377929692,91.0,-1.9743762207030784,1.9743762207030784
KMIA,HRRR,2026-05-12 10:00:00+00:00,2026-05-12,0,89.64448364257817,91.0,-1.355516357421834,1.355516357421834
KMIA,HRRR,2026-05-12 11:00:00+00:00,2026-05-12,0,88.65571411132817,91.0,-2.344285888671834,2.344285888671834
KMIA,HRRR,2026-05-12 12:00:00+00:00,2026-05-12,0,88.34469116210941,91.0,-2.655308837890587,2.655308837890587
KMIA,HRRR,2026-05-12 13:00:00+00:00,2026-05-12,0,88.89939086914066,91.0,-2.1006091308593398,2.1006091308593398
KMIA,HRRR,2026-05-12 14:00:00+00:00,2026-05-12,0,88.48322875976567,91.0,-2.516771240234334,2.516771240234334
KMIA,HRRR,2026-05-12 15:00:00+00:00,2026-05-12,0,89.33714111328129,91.0,-1.662858886718709,1.662858886718709
KMIA,HRRR,2026-05-12 16:00:00+00:00,2026-05-12,0,89.46485717773442,91.0,-1.535142822265584,1.535142822265584
KMIA,HRRR,2026-05-12 17:00:00+00:00,2026-05-12,0,89.77099121093754,91.0,-1.229008789062462,1.229008789062462
KMIA,HRRR,2026-05-12 19:00:00+00:00,2026-05-12,0,88.68153198242192,91.0,-2.318468017578084,2.318468017578084
KMIA,HRRR,2026-05-12 20:00:00+00:00,2026-05-12,0,87.63772094726566,91.0,-3.362279052734337,3.362279052734337
KMIA,HRRR,2026-05-12 21:00:00+00:00,2026-05-12,0,85.37585571289067,91.0,-5.624144287109331,5.624144287109331
KMIA,HRRR,2026-05-12 22:00:00+00:00,2026-05-12,0,80.29500854492191,91.0,-10.704991455078087,10.704991455078087
KMIA,HRRR,2026-05-12 23:00:00+00:00,2026-05-12,0,80.80515869140629,91.0,-10.194841308593709,10.194841308593709
KMIA,HRRR,2026-05-13 00:00:00+00:00,2026-05-12,0,78.62964599609379,91.0,-12.370354003906215,12.370354003906215
KMIA,HRRR,2026-05-13 01:00:00+00:00,2026-05-12,0,79.10485961914067,91.0,-11.895140380859331,11.895140380859331
KMIA,HRRR,2026-05-13 02:00:00+00:00,2026-05-12,0,77.95678833007817,91.0,-13.043211669921831,13.043211669921831
KMIA,NBM,2026-05-12 06:00:00+00:00,2026-05-12,0,90.04998901367192,91.0,-0.9500109863280812,0.9500109863280812
KMIA,NBM,2026-05-12 12:00:00+00:00,2026-05-12,0,90.04998901367192,91.0,-0.9500109863280812,0.9500109863280812
KMIA,ECMWF,2026-05-11 06:00:00+00:00,2026-05-12,1,84.8,91.0,-6.200000000000003,6.200000000000003
KMIA,ECMWF,2026-05-11 12:00:00+00:00,2026-05-12,1,84.4,91.0,-6.599999999999994,6.599999999999994
KMIA,ECMWF,2026-05-11 18:00:00+00:00,2026-05-12,1,86.8,91.0,-4.200000000000003,4.200000000000003
KMIA,ECMWF,2026-05-12 00:00:00+00:00,2026-05-12,1,88.0,91.0,-3.0,3.0
KMIA,GFS,2026-05-11 06:00:00+00:00,2026-05-12,1,89.9,91.0,-1.0999999999999943,1.0999999999999943
KMIA,GFS,2026-05-11 12:00:00+00:00,2026-05-12,1,89.5,91.0,-1.5,1.5
KMIA,GFS,2026-05-11 18:00:00+00:00,2026-05-12,1,88.8,91.0,-2.200000000000003,2.200000000000003
KMIA,GFS,2026-05-12 00:00:00+00:00,2026-05-12,1,89.0,91.0,-2.0,2.0
KMIA,HRRR,2026-05-11 06:00:00+00:00,2026-05-12,1,89.45623291015629,91.0,-1.543767089843712,1.543767089843712
KMIA,HRRR,2026-05-11 10:00:00+00:00,2026-05-12,1,79.32387207031255,91.0,-11.676127929687453,11.676127929687453
KMIA,HRRR,2026-05-11 11:00:00+00:00,2026-05-12,1,78.26852539062504,91.0,-12.731474609374956,12.731474609374956
KMIA,HRRR,2026-05-11 12:00:00+00:00,2026-05-12,1,88.69109008789067,91.0,-2.3089099121093284,2.3089099121093284
KMIA,HRRR,2026-05-11 13:00:00+00:00,2026-05-12,1,79.95789306640629,91.0,-11.042106933593715,11.042106933593715
KMIA,HRRR,2026-05-11 14:00:00+00:00,2026-05-12,1,78.12570312500004,91.0,-12.874296874999956,12.874296874999956
KMIA,HRRR,2026-05-11 15:00:00+00:00,2026-05-12,1,78.88441894531255,91.0,-12.115581054687453,12.115581054687453
KMIA,HRRR,2026-05-11 16:00:00+00:00,2026-05-12,1,77.72992065429692,91.0,-13.270079345703081,13.270079345703081
KMIA,HRRR,2026-05-11 17:00:00+00:00,2026-05-12,1,78.16464965820316,91.0,-12.83535034179684,12.83535034179684
KMIA,HRRR,2026-05-11 18:00:00+00:00,2026-05-12,1,88.8983471679688,91.0,-2.1016528320312062,2.1016528320312062
KMIA,HRRR,2026-05-11 19:00:00+00:00,2026-05-12,1,81.44137695312504,91.0,-9.558623046874956,9.558623046874956
KMIA,HRRR,2026-05-11 20:00:00+00:00,2026-05-12,1,84.8894360351563,91.0,-6.110563964843706,6.110563964843706
KMIA,HRRR,2026-05-11 21:00:00+00:00,2026-05-12,1,85.9788403320313,91.0,-5.021159667968703,5.021159667968703
KMIA,HRRR,2026-05-11 22:00:00+00:00,2026-05-12,1,86.40214355468754,91.0,-4.597856445312459,4.597856445312459
KMIA,HRRR,2026-05-12 00:00:00+00:00,2026-05-12,1,88.70987670898441,91.0,-2.2901232910155898,2.2901232910155898
KMIA,HRRR,2026-05-12 01:00:00+00:00,2026-05-12,1,89.02002075195317,91.0,-1.9799792480468312,1.9799792480468312
KMIA,HRRR,2026-05-12 02:00:00+00:00,2026-05-12,1,86.01190917968754,91.0,-4.988090820312465,4.988090820312465
KMIA,HRRR,2026-05-12 03:00:00+00:00,2026-05-12,1,87.08082397460942,91.0,-3.919176025390584,3.919176025390584
KMIA,NBM,2026-05-11 06:00:00+00:00,2026-05-12,1,89.33000000000004,91.0,-1.669999999999959,1.669999999999959
KMIA,NBM,2026-05-11 12:00:00+00:00,2026-05-12,1,89.51001098632817,91.0,-1.4899890136718312,1.4899890136718312
KMIA,NBM,2026-05-11 18:00:00+00:00,2026-05-12,1,89.6900219726563,91.0,-1.3099780273437034,1.3099780273437034
KMIA,NBM,2026-05-12 00:00:00+00:00,2026-05-12,1,89.33000000000004,91.0,-1.669999999999959,1.669999999999959
KMIA,ECMWF,2026-05-10 18:00:00+00:00,2026-05-12,2,84.2,91.0,-6.799999999999997,6.799999999999997
KMIA,ECMWF,2026-05-11 00:00:00+00:00,2026-05-12,2,83.7,91.0,-7.299999999999997,7.299999999999997
KMIA,GFS,2026-05-10 18:00:00+00:00,2026-05-12,2,91.6,91.0,0.5999999999999943,0.5999999999999943
KMIA,GFS,2026-05-11 00:00:00+00:00,2026-05-12,2,90.9,91.0,-0.09999999999999432,0.09999999999999432
KMIA,HRRR,2026-05-10 06:00:00+00:00,2026-05-12,2,77.7940258789063,91.0,-13.205974121093703,13.205974121093703
KMIA,HRRR,2026-05-10 12:00:00+00:00,2026-05-12,2,77.17258422851566,91.0,-13.82741577148434,13.82741577148434
KMIA,HRRR,2026-05-10 18:00:00+00:00,2026-05-12,2,90.40929687500004,91.0,-0.5907031249999619,0.5907031249999619
KMIA,HRRR,2026-05-11 00:00:00+00:00,2026-05-12,2,89.78093383789067,91.0,-1.2190661621093284,1.2190661621093284
KMIA,NBM,2026-05-10 06:00:00+00:00,2026-05-12,2,89.51001098632817,91.0,-1.4899890136718312,1.4899890136718312
KMIA,NBM,2026-05-10 12:00:00+00:00,2026-05-12,2,89.14998901367191,91.0,-1.850010986328087,1.850010986328087
KMIA,NBM,2026-05-10 18:00:00+00:00,2026-05-12,2,88.61001098632816,91.0,-2.389989013671837,2.389989013671837
KMIA,NBM,2026-05-11 00:00:00+00:00,2026-05-12,2,88.43000000000004,91.0,-2.5699999999999648,2.5699999999999648
KMIA,NBM,2026-05-09 12:00:00+00:00,2026-05-12,3,90.41001098632816,91.0,-0.5899890136718398,0.5899890136718398
KMIA,NBM,2026-05-09 18:00:00+00:00,2026-05-12,3,90.23000000000005,91.0,-0.7699999999999534,0.7699999999999534
KMIA,NBM,2026-05-10 00:00:00+00:00,2026-05-12,3,89.6900219726563,91.0,-1.3099780273437034,1.3099780273437034
KMIA,GFS,2026-05-08 06:00:00+00:00,2026-05-12,4,92.1,91.0,1.0999999999999943,1.0999999999999943
KMIA,GFS,2026-05-08 12:00:00+00:00,2026-05-12,4,91.6,91.0,0.5999999999999943,0.5999999999999943
KMIA,GFS,2026-05-08 18:00:00+00:00,2026-05-12,4,91.6,91.0,0.5999999999999943,0.5999999999999943
KMIA,GFS,2026-05-09 00:00:00+00:00,2026-05-12,4,91.6,91.0,0.5999999999999943,0.5999999999999943
KMIA,NBM,2026-05-08 06:00:00+00:00,2026-05-12,4,90.41001098632816,91.0,-0.5899890136718398,0.5899890136718398
KMIA,NBM,2026-05-08 12:00:00+00:00,2026-05-12,4,90.04998901367192,91.0,-0.9500109863280812,0.9500109863280812
KMIA,NBM,2026-05-08 18:00:00+00:00,2026-05-12,4,90.59002197265629,91.0,-0.4099780273437119,0.4099780273437119
KMIA,NBM,2026-05-09 00:00:00+00:00,2026-05-12,4,90.04998901367192,91.0,-0.9500109863280812,0.9500109863280812
KMIA,GFS,2026-05-07 06:00:00+00:00,2026-05-12,5,89.9,91.0,-1.0999999999999943,1.0999999999999943
KMIA,GFS,2026-05-07 12:00:00+00:00,2026-05-12,5,88.9,91.0,-2.0999999999999943,2.0999999999999943
KMIA,GFS,2026-05-07 18:00:00+00:00,2026-05-12,5,90.8,91.0,-0.20000000000000284,0.20000000000000284
KMIA,GFS,2026-05-08 00:00:00+00:00,2026-05-12,5,92.8,91.0,1.7999999999999972,1.7999999999999972
KMIA,NBM,2026-05-07 06:00:00+00:00,2026-05-12,5,89.33000000000004,91.0,-1.669999999999959,1.669999999999959
KMIA,NBM,2026-05-07 12:00:00+00:00,2026-05-12,5,89.33000000000004,91.0,-1.669999999999959,1.669999999999959
KMIA,NBM,2026-05-07 18:00:00+00:00,2026-05-12,5,90.23000000000005,91.0,-0.7699999999999534,0.7699999999999534
KMIA,NBM,2026-05-08 00:00:00+00:00,2026-05-12,5,90.23000000000005,91.0,-0.7699999999999534,0.7699999999999534
KMIA,GFS,2026-05-06 06:00:00+00:00,2026-05-12,6,89.9,91.0,-1.0999999999999943,1.0999999999999943
KMIA,GFS,2026-05-06 12:00:00+00:00,2026-05-12,6,88.4,91.0,-2.5999999999999943,2.5999999999999943
KMIA,GFS,2026-05-06 18:00:00+00:00,2026-05-12,6,89.9,91.0,-1.0999999999999943,1.0999999999999943
KMIA,GFS,2026-05-07 00:00:00+00:00,2026-05-12,6,89.9,91.0,-1.0999999999999943,1.0999999999999943
KMIA,NBM,2026-05-06 06:00:00+00:00,2026-05-12,6,89.51001098632817,91.0,-1.4899890136718312,1.4899890136718312
KMIA,NBM,2026-05-06 12:00:00+00:00,2026-05-12,6,89.33000000000004,91.0,-1.669999999999959,1.669999999999959
KMIA,GFS,2026-05-05 06:00:00+00:00,2026-05-12,7,89.8,91.0,-1.2000000000000028,1.2000000000000028
KMIA,GFS,2026-05-05 18:00:00+00:00,2026-05-12,7,90.3,91.0,-0.7000000000000028,0.7000000000000028
KMIA,GFS,2026-05-06 00:00:00+00:00,2026-05-12,7,89.9,91.0,-1.0999999999999943,1.0999999999999943
KMIA,NBM,2026-05-05 06:00:00+00:00,2026-05-12,7,90.23000000000005,91.0,-0.7699999999999534,0.7699999999999534
KNYC,ECMWF,2026-05-12 06:00:00+00:00,2026-05-12,0,65.6,66.0,-0.4000000000000057,0.4000000000000057
KNYC,ECMWF,2026-05-12 12:00:00+00:00,2026-05-12,0,65.9,66.0,-0.09999999999999432,0.09999999999999432
KNYC,ECMWF,2026-05-12 18:00:00+00:00,2026-05-12,0,65.9,66.0,-0.09999999999999432,0.09999999999999432
KNYC,ECMWF,2026-05-13 00:00:00+00:00,2026-05-12,0,55.3,66.0,-10.700000000000003,10.700000000000003
KNYC,GFS,2026-05-12 06:00:00+00:00,2026-05-12,0,66.7,66.0,0.7000000000000028,0.7000000000000028
KNYC,GFS,2026-05-12 12:00:00+00:00,2026-05-12,0,67.1,66.0,1.0999999999999943,1.0999999999999943
KNYC,GFS,2026-05-12 18:00:00+00:00,2026-05-12,0,67.0,66.0,1.0,1.0
KNYC,GFS,2026-05-13 00:00:00+00:00,2026-05-12,0,55.3,66.0,-10.700000000000003,10.700000000000003
KNYC,HRRR,2026-05-12 04:00:00+00:00,2026-05-12,0,66.8109936523438,66.0,0.8109936523437966,0.8109936523437966
KNYC,HRRR,2026-05-12 05:00:00+00:00,2026-05-12,0,66.59549682617191,66.0,0.5954968261719102,0.5954968261719102
KNYC,HRRR,2026-05-12 06:00:00+00:00,2026-05-12,0,66.62658813476567,66.0,0.6265881347656688,0.6265881347656688
KNYC,HRRR,2026-05-12 07:00:00+00:00,2026-05-12,0,66.8362622070313,66.0,0.8362622070312966,0.8362622070312966
KNYC,HRRR,2026-05-12 08:00:00+00:00,2026-05-12,0,66.85285156250004,66.0,0.8528515625000352,0.8528515625000352
KNYC,HRRR,2026-05-12 09:00:00+00:00,2026-05-12,0,66.84812744140629,66.0,0.8481274414062909,0.8481274414062909
KNYC,HRRR,2026-05-12 10:00:00+00:00,2026-05-12,0,67.21578491210941,66.0,1.215784912109413,1.215784912109413
KNYC,HRRR,2026-05-12 11:00:00+00:00,2026-05-12,0,67.26687133789066,66.0,1.266871337890663,1.266871337890663
KNYC,HRRR,2026-05-12 12:00:00+00:00,2026-05-12,0,67.41068237304691,66.0,1.4106823730469102,1.4106823730469102
KNYC,HRRR,2026-05-12 13:00:00+00:00,2026-05-12,0,67.42144897460942,66.0,1.4214489746094188,1.4214489746094188
KNYC,HRRR,2026-05-12 14:00:00+00:00,2026-05-12,0,67.46923950195317,66.0,1.4692395019531688,1.4692395019531688
KNYC,HRRR,2026-05-12 15:00:00+00:00,2026-05-12,0,67.4262280273438,66.0,1.4262280273437966,1.4262280273437966
KNYC,HRRR,2026-05-12 16:00:00+00:00,2026-05-12,0,67.14316528320316,66.0,1.1431652832031602,1.1431652832031602
KNYC,HRRR,2026-05-12 17:00:00+00:00,2026-05-12,0,66.96452758789067,66.0,0.9645275878906716,0.9645275878906716
KNYC,HRRR,2026-05-12 19:00:00+00:00,2026-05-12,0,66.8443920898438,66.0,0.8443920898437938,0.8443920898437938
KNYC,HRRR,2026-05-12 20:00:00+00:00,2026-05-12,0,66.60022094726567,66.0,0.6002209472656688,0.6002209472656688
KNYC,HRRR,2026-05-12 21:00:00+00:00,2026-05-12,0,62.988355712890666,66.0,-3.011644287109334,3.011644287109334
KNYC,HRRR,2026-05-12 22:00:00+00:00,2026-05-12,0,55.432508544921916,66.0,-10.567491455078084,10.567491455078084
KNYC,HRRR,2026-05-12 23:00:00+00:00,2026-05-12,0,55.15515869140629,66.0,-10.844841308593708,10.844841308593708
KNYC,HRRR,2026-05-13 00:00:00+00:00,2026-05-12,0,53.42964599609379,66.0,-12.57035400390621,12.57035400390621
KNYC,HRRR,2026-05-13 01:00:00+00:00,2026-05-12,0,52.10485961914067,66.0,-13.895140380859331,13.895140380859331
KNYC,HRRR,2026-05-13 02:00:00+00:00,2026-05-12,0,51.406788330078165,66.0,-14.593211669921835,14.593211669921835
KNYC,NBM,2026-05-12 06:00:00+00:00,2026-05-12,0,67.36997802734379,66.0,1.369978027343791,1.369978027343791
KNYC,NBM,2026-05-12 12:00:00+00:00,2026-05-12,0,67.54998901367192,66.0,1.5499890136719188,1.5499890136719188
KNYC,ECMWF,2026-05-11 06:00:00+00:00,2026-05-12,1,65.1,66.0,-0.9000000000000057,0.9000000000000057
KNYC,ECMWF,2026-05-11 12:00:00+00:00,2026-05-12,1,66.1,66.0,0.09999999999999432,0.09999999999999432
KNYC,ECMWF,2026-05-11 18:00:00+00:00,2026-05-12,1,66.3,66.0,0.29999999999999716,0.29999999999999716
KNYC,ECMWF,2026-05-12 00:00:00+00:00,2026-05-12,1,65.1,66.0,-0.9000000000000057,0.9000000000000057
KNYC,GFS,2026-05-11 06:00:00+00:00,2026-05-12,1,66.3,66.0,0.29999999999999716,0.29999999999999716
KNYC,GFS,2026-05-11 12:00:00+00:00,2026-05-12,1,66.3,66.0,0.29999999999999716,0.29999999999999716
KNYC,GFS,2026-05-11 18:00:00+00:00,2026-05-12,1,66.5,66.0,0.5,0.5
KNYC,GFS,2026-05-12 00:00:00+00:00,2026-05-12,1,66.3,66.0,0.29999999999999716,0.29999999999999716
KNYC,HRRR,2026-05-11 06:00:00+00:00,2026-05-12,1,66.41257446289066,66.0,0.41257446289066024,0.41257446289066024
KNYC,HRRR,2026-05-11 10:00:00+00:00,2026-05-12,1,53.67387207031254,66.0,-12.326127929687459,12.326127929687459
KNYC,HRRR,2026-05-11 11:00:00+00:00,2026-05-12,1,51.04352539062504,66.0,-14.956474609374958,14.956474609374958
KNYC,HRRR,2026-05-11 12:00:00+00:00,2026-05-12,1,66.66580932617191,66.0,0.6658093261719102,0.6658093261719102
KNYC,HRRR,2026-05-11 13:00:00+00:00,2026-05-12,1,53.68474853515629,66.0,-12.315251464843712,12.315251464843712
KNYC,HRRR,2026-05-11 14:00:00+00:00,2026-05-12,1,55.73820312500004,66.0,-10.261796874999959,10.261796874999959
KNYC,HRRR,2026-05-11 15:00:00+00:00,2026-05-12,1,53.79691894531254,66.0,-12.203081054687459,12.203081054687459
KNYC,HRRR,2026-05-11 16:00:00+00:00,2026-05-12,1,54.44242065429692,66.0,-11.557579345703083,11.557579345703083
KNYC,HRRR,2026-05-11 17:00:00+00:00,2026-05-12,1,53.752149658203166,66.0,-12.247850341796834,12.247850341796834
KNYC,HRRR,2026-05-11 18:00:00+00:00,2026-05-12,1,66.37489135742192,66.0,0.3748913574219159,0.3748913574219159
KNYC,HRRR,2026-05-11 19:00:00+00:00,2026-05-12,1,51.70495727539067,66.0,-14.295042724609331,14.295042724609331
KNYC,HRRR,2026-05-11 20:00:00+00:00,2026-05-12,1,55.30193603515629,66.0,-10.698063964843712,10.698063964843712
KNYC,HRRR,2026-05-11 21:00:00+00:00,2026-05-12,1,58.07884033203129,66.0,-7.921159667968709,7.921159667968709
KNYC,HRRR,2026-05-11 22:00:00+00:00,2026-05-12,1,60.07714355468754,66.0,-5.922856445312462,5.922856445312462
KNYC,HRRR,2026-05-12 00:00:00+00:00,2026-05-12,1,66.84312866210942,66.0,0.8431286621094216,0.8431286621094216
KNYC,HRRR,2026-05-12 01:00:00+00:00,2026-05-12,1,65.9358227539063,66.0,-0.06417724609370623,0.06417724609370623
KNYC,HRRR,2026-05-12 02:00:00+00:00,2026-05-12,1,66.99940917968755,66.0,0.9994091796875466,0.9994091796875466
KNYC,HRRR,2026-05-12 03:00:00+00:00,2026-05-12,1,66.71832397460942,66.0,0.7183239746094188,0.7183239746094188
KNYC,NBM,2026-05-11 06:00:00+00:00,2026-05-12,1,67.54998901367192,66.0,1.5499890136719188,1.5499890136719188
KNYC,NBM,2026-05-11 12:00:00+00:00,2026-05-12,1,67.91001098632816,66.0,1.9100109863281602,1.9100109863281602
KNYC,NBM,2026-05-11 18:00:00+00:00,2026-05-12,1,67.73000000000005,66.0,1.7300000000000466,1.7300000000000466
KNYC,NBM,2026-05-12 00:00:00+00:00,2026-05-12,1,67.1900219726563,66.0,1.1900219726562966,1.1900219726562966
KNYC,ECMWF,2026-05-10 18:00:00+00:00,2026-05-12,2,65.3,66.0,-0.7000000000000028,0.7000000000000028
KNYC,ECMWF,2026-05-11 00:00:00+00:00,2026-05-12,2,65.4,66.0,-0.5999999999999943,0.5999999999999943
KNYC,GFS,2026-05-10 18:00:00+00:00,2026-05-12,2,67.9,66.0,1.9000000000000057,1.9000000000000057
KNYC,GFS,2026-05-11 00:00:00+00:00,2026-05-12,2,67.6,66.0,1.5999999999999943,1.5999999999999943
KNYC,HRRR,2026-05-10 06:00:00+00:00,2026-05-12,2,53.04402587890629,66.0,-12.95597412109371,12.95597412109371
KNYC,HRRR,2026-05-10 12:00:00+00:00,2026-05-12,2,48.53232543945317,66.0,-17.467674560546833,17.467674560546833
KNYC,HRRR,2026-05-10 18:00:00+00:00,2026-05-12,2,63.40929687500004,66.0,-2.590703124999962,2.590703124999962
KNYC,HRRR,2026-05-11 00:00:00+00:00,2026-05-12,2,66.42839477539067,66.0,0.4283947753906716,0.4283947753906716
KNYC,NBM,2026-05-10 06:00:00+00:00,2026-05-12,2,67.36997802734379,66.0,1.369978027343791,1.369978027343791
KNYC,NBM,2026-05-10 12:00:00+00:00,2026-05-12,2,67.36997802734379,66.0,1.369978027343791,1.369978027343791
KNYC,NBM,2026-05-10 18:00:00+00:00,2026-05-12,2,67.36997802734379,66.0,1.369978027343791,1.369978027343791
KNYC,NBM,2026-05-11 00:00:00+00:00,2026-05-12,2,67.1900219726563,66.0,1.1900219726562966,1.1900219726562966
KNYC,NBM,2026-05-09 12:00:00+00:00,2026-05-12,3,66.11001098632816,66.0,0.11001098632816309,0.11001098632816309
KNYC,NBM,2026-05-09 18:00:00+00:00,2026-05-12,3,67.36997802734379,66.0,1.369978027343791,1.369978027343791
KNYC,NBM,2026-05-10 00:00:00+00:00,2026-05-12,3,67.36997802734379,66.0,1.369978027343791,1.369978027343791
KNYC,GFS,2026-05-08 06:00:00+00:00,2026-05-12,4,64.0,66.0,-2.0,2.0
KNYC,GFS,2026-05-08 12:00:00+00:00,2026-05-12,4,62.9,66.0,-3.1000000000000014,3.1000000000000014
KNYC,GFS,2026-05-08 18:00:00+00:00,2026-05-12,4,62.9,66.0,-3.1000000000000014,3.1000000000000014
KNYC,GFS,2026-05-09 00:00:00+00:00,2026-05-12,4,67.2,66.0,1.2000000000000028,1.2000000000000028
KNYC,NBM,2026-05-08 06:00:00+00:00,2026-05-12,4,63.59002197265629,66.0,-2.409978027343712,2.409978027343712
KNYC,NBM,2026-05-08 12:00:00+00:00,2026-05-12,4,64.4900219726563,66.0,-1.5099780273437062,1.5099780273437062
KNYC,NBM,2026-05-08 18:00:00+00:00,2026-05-12,4,65.21001098632817,66.0,-0.7899890136718284,0.7899890136718284
KNYC,GFS,2026-05-07 06:00:00+00:00,2026-05-12,5,67.0,66.0,1.0,1.0
KNYC,GFS,2026-05-07 12:00:00+00:00,2026-05-12,5,65.7,66.0,-0.29999999999999716,0.29999999999999716
KNYC,GFS,2026-05-07 18:00:00+00:00,2026-05-12,5,65.2,66.0,-0.7999999999999972,0.7999999999999972
KNYC,GFS,2026-05-08 00:00:00+00:00,2026-05-12,5,65.1,66.0,-0.9000000000000057,0.9000000000000057
KNYC,NBM,2026-05-07 06:00:00+00:00,2026-05-12,5,64.31001098632817,66.0,-1.689989013671834,1.689989013671834
KNYC,NBM,2026-05-07 12:00:00+00:00,2026-05-12,5,64.4900219726563,66.0,-1.5099780273437062,1.5099780273437062
KNYC,NBM,2026-05-07 18:00:00+00:00,2026-05-12,5,64.4900219726563,66.0,-1.5099780273437062,1.5099780273437062
KNYC,NBM,2026-05-08 00:00:00+00:00,2026-05-12,5,63.94998901367192,66.0,-2.0500109863280827,2.0500109863280827
KNYC,GFS,2026-05-06 06:00:00+00:00,2026-05-12,6,64.6,66.0,-1.4000000000000057,1.4000000000000057
KNYC,GFS,2026-05-06 12:00:00+00:00,2026-05-12,6,65.0,66.0,-1.0,1.0
KNYC,GFS,2026-05-06 18:00:00+00:00,2026-05-12,6,66.4,66.0,0.4000000000000057,0.4000000000000057
KNYC,GFS,2026-05-07 00:00:00+00:00,2026-05-12,6,67.0,66.0,1.0,1.0
KNYC,NBM,2026-05-06 06:00:00+00:00,2026-05-12,6,65.74998901367192,66.0,-0.2500109863280784,0.2500109863280784
KNYC,NBM,2026-05-06 12:00:00+00:00,2026-05-12,6,65.39002197265629,66.0,-0.6099780273437148,0.6099780273437148
KNYC,GFS,2026-05-05 06:00:00+00:00,2026-05-12,7,68.7,66.0,2.700000000000003,2.700000000000003
KNYC,GFS,2026-05-05 18:00:00+00:00,2026-05-12,7,65.1,66.0,-0.9000000000000057,0.9000000000000057
KNYC,GFS,2026-05-06 00:00:00+00:00,2026-05-12,7,64.6,66.0,-1.4000000000000057,1.4000000000000057
KNYC,NBM,2026-05-05 06:00:00+00:00,2026-05-12,7,66.11001098632816,66.0,0.11001098632816309,0.11001098632816309
KMDW,ECMWF,2026-05-13 06:00:00+00:00,2026-05-13,0,60.5,59.0,1.5,1.5
KMDW,ECMWF,2026-05-13 12:00:00+00:00,2026-05-13,0,59.1,59.0,0.10000000000000142,0.10000000000000142
KMDW,ECMWF,2026-05-13 18:00:00+00:00,2026-05-13,0,56.3,59.0,-2.700000000000003,2.700000000000003
KMDW,ECMWF,2026-05-14 00:00:00+00:00,2026-05-13,0,54.1,59.0,-4.899999999999999,4.899999999999999
KMDW,GFS,2026-05-13 06:00:00+00:00,2026-05-13,0,57.4,59.0,-1.6000000000000014,1.6000000000000014
KMDW,GFS,2026-05-13 12:00:00+00:00,2026-05-13,0,56.4,59.0,-2.6000000000000014,2.6000000000000014
KMDW,GFS,2026-05-13 18:00:00+00:00,2026-05-13,0,56.6,59.0,-2.3999999999999986,2.3999999999999986
KMDW,GFS,2026-05-14 00:00:00+00:00,2026-05-13,0,50.8,59.0,-8.200000000000003,8.200000000000003
KMDW,HRRR,2026-05-13 05:00:00+00:00,2026-05-13,0,57.354786376953165,59.0,-1.6452136230468355,1.6452136230468355
KMDW,HRRR,2026-05-13 06:00:00+00:00,2026-05-13,0,53.64190185546879,59.0,-5.358098144531212,5.358098144531212
KMDW,HRRR,2026-05-13 07:00:00+00:00,2026-05-13,0,52.50646484375004,59.0,-6.493535156249962,6.493535156249962
KMDW,HRRR,2026-05-13 08:00:00+00:00,2026-05-13,0,52.615284423828165,59.0,-6.3847155761718355,6.3847155761718355
KMDW,HRRR,2026-05-13 09:00:00+00:00,2026-05-13,0,54.21676147460941,59.0,-4.783238525390587,4.783238525390587
KMDW,HRRR,2026-05-13 10:00:00+00:00,2026-05-13,0,54.161610107421915,59.0,-4.8383898925780855,4.8383898925780855
KMDW,HRRR,2026-05-13 11:00:00+00:00,2026-05-13,0,56.37837646484379,59.0,-2.6216235351562105,2.6216235351562105
KMDW,HRRR,2026-05-13 12:00:00+00:00,2026-05-13,0,58.44281738281254,59.0,-0.5571826171874577,0.5571826171874577
KMDW,HRRR,2026-05-13 13:00:00+00:00,2026-05-13,0,58.51389892578129,59.0,-0.4861010742187091,0.4861010742187091
KMDW,HRRR,2026-05-13 14:00:00+00:00,2026-05-13,0,57.70124023437504,59.0,-1.2987597656249577,1.2987597656249577
KMDW,HRRR,2026-05-13 15:00:00+00:00,2026-05-13,0,60.26160400390629,59.0,1.2616040039062923,1.2616040039062923
KMDW,HRRR,2026-05-13 16:00:00+00:00,2026-05-13,0,59.38143432617191,59.0,0.3814343261719131,0.3814343261719131
KMDW,HRRR,2026-05-13 17:00:00+00:00,2026-05-13,0,55.98270385742192,59.0,-3.0172961425780827,3.0172961425780827
KMDW,HRRR,2026-05-13 18:00:00+00:00,2026-05-13,0,55.524793701171916,59.0,-3.475206298828084,3.475206298828084
KMDW,HRRR,2026-05-13 19:00:00+00:00,2026-05-13,0,54.76981323242192,59.0,-4.230186767578083,4.230186767578083
KMDW,HRRR,2026-05-13 20:00:00+00:00,2026-05-13,0,53.59531982421879,59.0,-5.404680175781209,5.404680175781209
KMDW,HRRR,2026-05-13 21:00:00+00:00,2026-05-13,0,53.55291259765629,59.0,-5.447087402343712,5.447087402343712
KMDW,HRRR,2026-05-13 22:00:00+00:00,2026-05-13,0,52.85434692382817,59.0,-6.145653076171833,6.145653076171833
KMDW,HRRR,2026-05-13 23:00:00+00:00,2026-05-13,0,50.714814453125044,59.0,-8.285185546874956,8.285185546874956
KMDW,HRRR,2026-05-14 01:00:00+00:00,2026-05-13,0,48.04738891601566,59.0,-10.952611083984337,10.952611083984337
KMDW,HRRR,2026-05-14 02:00:00+00:00,2026-05-13,0,46.37581909179691,59.0,-12.624180908203087,12.624180908203087
KMDW,HRRR,2026-05-14 03:00:00+00:00,2026-05-13,0,45.36205566406254,59.0,-13.637944335937462,13.637944335937462
KMDW,NBM,2026-05-13 06:00:00+00:00,2026-05-13,0,61.61001098632816,59.0,2.610010986328163,2.610010986328163
KMDW,NBM,2026-05-13 12:00:00+00:00,2026-05-13,0,60.710010986328165,59.0,1.7100109863281645,1.7100109863281645
KMDW,ECMWF,2026-05-12 06:00:00+00:00,2026-05-13,1,59.4,59.0,0.3999999999999986,0.3999999999999986
KMDW,ECMWF,2026-05-12 12:00:00+00:00,2026-05-13,1,61.0,59.0,2.0,2.0
KMDW,ECMWF,2026-05-12 18:00:00+00:00,2026-05-13,1,61.0,59.0,2.0,2.0
KMDW,ECMWF,2026-05-13 00:00:00+00:00,2026-05-13,1,61.9,59.0,2.8999999999999986,2.8999999999999986
KMDW,GFS,2026-05-12 06:00:00+00:00,2026-05-13,1,60.7,59.0,1.7000000000000028,1.7000000000000028
KMDW,GFS,2026-05-12 12:00:00+00:00,2026-05-13,1,59.2,59.0,0.20000000000000284,0.20000000000000284
KMDW,GFS,2026-05-12 18:00:00+00:00,2026-05-13,1,58.2,59.0,-0.7999999999999972,0.7999999999999972
KMDW,GFS,2026-05-13 00:00:00+00:00,2026-05-13,1,60.6,59.0,1.6000000000000014,1.6000000000000014
KMDW,HRRR,2026-05-12 06:00:00+00:00,2026-05-13,1,59.18977783203129,59.0,0.1897778320312895,0.1897778320312895
KMDW,HRRR,2026-05-12 11:00:00+00:00,2026-05-13,1,59.39697998046879,59.0,0.39697998046879235,0.39697998046879235
KMDW,HRRR,2026-05-12 12:00:00+00:00,2026-05-13,1,60.04253662109379,59.0,1.042536621093788,1.042536621093788
KMDW,HRRR,2026-05-12 13:00:00+00:00,2026-05-13,1,60.80125244140629,59.0,1.801252441406291,1.801252441406291
KMDW,HRRR,2026-05-12 14:00:00+00:00,2026-05-13,1,57.46525390625004,59.0,-1.534746093749959,1.534746093749959
KMDW,HRRR,2026-05-12 15:00:00+00:00,2026-05-13,1,59.74920166015629,59.0,0.7492016601562881,0.7492016601562881
KMDW,HRRR,2026-05-12 16:00:00+00:00,2026-05-13,1,57.42334106445317,59.0,-1.5766589355468312,1.5766589355468312
KMDW,HRRR,2026-05-12 17:00:00+00:00,2026-05-13,1,57.44509399414066,59.0,-1.554906005859337,1.554906005859337
KMDW,HRRR,2026-05-13 00:00:00+00:00,2026-05-13,1,56.86682861328129,59.0,-2.1331713867187077,2.1331713867187077
KMDW,HRRR,2026-05-13 02:00:00+00:00,2026-05-13,1,57.43245971679691,59.0,-1.567540283203087,1.567540283203087
KMDW,HRRR,2026-05-13 03:00:00+00:00,2026-05-13,1,58.130750732421916,59.0,-0.8692492675780841,0.8692492675780841
KMDW,HRRR,2026-05-13 04:00:00+00:00,2026-05-13,1,59.24849975585941,59.0,0.24849975585941309,0.24849975585941309
KMDW,NBM,2026-05-12 06:00:00+00:00,2026-05-13,1,63.23000000000004,59.0,4.2300000000000395,4.2300000000000395
KMDW,NBM,2026-05-12 12:00:00+00:00,2026-05-13,1,63.04998901367192,59.0,4.049989013671919,4.049989013671919
KMDW,NBM,2026-05-12 18:00:00+00:00,2026-05-13,1,63.04998901367192,59.0,4.049989013671919,4.049989013671919
KMDW,NBM,2026-05-13 00:00:00+00:00,2026-05-13,1,62.33000000000004,59.0,3.330000000000041,3.330000000000041
KMDW,ECMWF,2026-05-11 06:00:00+00:00,2026-05-13,2,59.8,59.0,0.7999999999999972,0.7999999999999972
KMDW,ECMWF,2026-05-11 12:00:00+00:00,2026-05-13,2,58.5,59.0,-0.5,0.5
KMDW,ECMWF,2026-05-11 18:00:00+00:00,2026-05-13,2,59.3,59.0,0.29999999999999716,0.29999999999999716
KMDW,ECMWF,2026-05-12 00:00:00+00:00,2026-05-13,2,61.2,59.0,2.200000000000003,2.200000000000003
KMDW,GFS,2026-05-11 06:00:00+00:00,2026-05-13,2,57.6,59.0,-1.3999999999999986,1.3999999999999986
KMDW,GFS,2026-05-11 12:00:00+00:00,2026-05-13,2,57.4,59.0,-1.6000000000000014,1.6000000000000014
KMDW,GFS,2026-05-11 18:00:00+00:00,2026-05-13,2,56.5,59.0,-2.5,2.5
KMDW,GFS,2026-05-12 00:00:00+00:00,2026-05-13,2,58.2,59.0,-0.7999999999999972,0.7999999999999972
KMDW,HRRR,2026-05-11 06:00:00+00:00,2026-05-13,2,56.92626464843754,59.0,-2.073735351562462,2.073735351562462
KMDW,HRRR,2026-05-11 12:00:00+00:00,2026-05-13,2,56.51328857421879,59.0,-2.486711425781209,2.486711425781209
KMDW,HRRR,2026-05-11 18:00:00+00:00,2026-05-13,2,58.20397460937504,59.0,-0.7960253906249619,0.7960253906249619
KMDW,NBM,2026-05-11 06:00:00+00:00,2026-05-13,2,61.249989013671915,59.0,2.2499890136719145,2.2499890136719145
KMDW,NBM,2026-05-11 12:00:00+00:00,2026-05-13,2,61.43000000000004,59.0,2.4300000000000423,2.4300000000000423
KMDW,NBM,2026-05-11 18:00:00+00:00,2026-05-13,2,61.249989013671915,59.0,2.2499890136719145,2.2499890136719145
KMDW,NBM,2026-05-12 00:00:00+00:00,2026-05-13,2,61.43000000000004,59.0,2.4300000000000423,2.4300000000000423
KMDW,ECMWF,2026-05-10 18:00:00+00:00,2026-05-13,3,59.4,59.0,0.3999999999999986,0.3999999999999986
KMDW,ECMWF,2026-05-11 00:00:00+00:00,2026-05-13,3,58.5,59.0,-0.5,0.5
KMDW,GFS,2026-05-10 18:00:00+00:00,2026-05-13,3,59.7,59.0,0.7000000000000028,0.7000000000000028
KMDW,GFS,2026-05-11 00:00:00+00:00,2026-05-13,3,58.5,59.0,-0.5,0.5
KMDW,NBM,2026-05-10 06:00:00+00:00,2026-05-13,3,63.76997802734379,59.0,4.7699780273437895,4.7699780273437895
KMDW,NBM,2026-05-10 12:00:00+00:00,2026-05-13,3,63.59002197265629,59.0,4.590021972656288,4.590021972656288
KMDW,NBM,2026-05-10 18:00:00+00:00,2026-05-13,3,62.14998901367191,59.0,3.149989013671913,3.149989013671913
KMDW,NBM,2026-05-11 00:00:00+00:00,2026-05-13,3,61.249989013671915,59.0,2.2499890136719145,2.2499890136719145
KMDW,NBM,2026-05-09 12:00:00+00:00,2026-05-13,4,64.4900219726563,59.0,5.490021972656294,5.490021972656294
KMDW,NBM,2026-05-09 18:00:00+00:00,2026-05-13,4,61.96997802734379,59.0,2.9699780273437923,2.9699780273437923
KMDW,NBM,2026-05-10 00:00:00+00:00,2026-05-13,4,62.51001098632817,59.0,3.5100109863281688,3.5100109863281688
KMDW,GFS,2026-05-08 06:00:00+00:00,2026-05-13,5,55.5,59.0,-3.5,3.5
KMDW,GFS,2026-05-08 12:00:00+00:00,2026-05-13,5,62.1,59.0,3.1000000000000014,3.1000000000000014
KMDW,GFS,2026-05-08 18:00:00+00:00,2026-05-13,5,62.1,59.0,3.1000000000000014,3.1000000000000014
KMDW,GFS,2026-05-09 00:00:00+00:00,2026-05-13,5,59.9,59.0,0.8999999999999986,0.8999999999999986
KMDW,NBM,2026-05-08 06:00:00+00:00,2026-05-13,5,60.710010986328165,59.0,1.7100109863281645,1.7100109863281645
KMDW,NBM,2026-05-08 12:00:00+00:00,2026-05-13,5,62.14998901367191,59.0,3.149989013671913,3.149989013671913
KMDW,NBM,2026-05-08 18:00:00+00:00,2026-05-13,5,62.33000000000004,59.0,3.330000000000041,3.330000000000041
KMDW,GFS,2026-05-07 06:00:00+00:00,2026-05-13,6,70.9,59.0,11.900000000000006,11.900000000000006
KMDW,GFS,2026-05-07 12:00:00+00:00,2026-05-13,6,55.0,59.0,-4.0,4.0
KMDW,GFS,2026-05-07 18:00:00+00:00,2026-05-13,6,58.3,59.0,-0.7000000000000028,0.7000000000000028
KMDW,GFS,2026-05-08 00:00:00+00:00,2026-05-13,6,52.0,59.0,-7.0,7.0
KMDW,NBM,2026-05-07 06:00:00+00:00,2026-05-13,6,65.39002197265629,59.0,6.390021972656285,6.390021972656285
KMDW,NBM,2026-05-07 12:00:00+00:00,2026-05-13,6,64.13000000000004,59.0,5.130000000000038,5.130000000000038
KMDW,NBM,2026-05-07 18:00:00+00:00,2026-05-13,6,62.14998901367191,59.0,3.149989013671913,3.149989013671913
KMDW,NBM,2026-05-08 00:00:00+00:00,2026-05-13,6,62.69002197265629,59.0,3.6900219726562895,3.6900219726562895
KMDW,GFS,2026-05-06 06:00:00+00:00,2026-05-13,7,62.1,59.0,3.1000000000000014,3.1000000000000014
KMDW,GFS,2026-05-06 12:00:00+00:00,2026-05-13,7,58.7,59.0,-0.29999999999999716,0.29999999999999716
KMDW,GFS,2026-05-06 18:00:00+00:00,2026-05-13,7,79.0,59.0,20.0,20.0
KMDW,GFS,2026-05-07 00:00:00+00:00,2026-05-13,7,70.9,59.0,11.900000000000006,11.900000000000006
KMDW,NBM,2026-05-06 06:00:00+00:00,2026-05-13,7,69.89002197265629,59.0,10.890021972656285,10.890021972656285
KMDW,NBM,2026-05-06 12:00:00+00:00,2026-05-13,7,70.24998901367192,59.0,11.249989013671922,11.249989013671922
KMIA,ECMWF,2026-05-13 06:00:00+00:00,2026-05-13,0,87.4,94.0,-6.599999999999994,6.599999999999994
KMIA,ECMWF,2026-05-13 12:00:00+00:00,2026-05-13,0,84.4,94.0,-9.599999999999994,9.599999999999994
KMIA,ECMWF,2026-05-13 18:00:00+00:00,2026-05-13,0,87.2,94.0,-6.799999999999997,6.799999999999997
KMIA,ECMWF,2026-05-14 00:00:00+00:00,2026-05-13,0,82.3,94.0,-11.700000000000003,11.700000000000003
KMIA,GFS,2026-05-13 06:00:00+00:00,2026-05-13,0,91.8,94.0,-2.200000000000003,2.200000000000003
KMIA,GFS,2026-05-13 12:00:00+00:00,2026-05-13,0,93.3,94.0,-0.7000000000000028,0.7000000000000028
KMIA,GFS,2026-05-13 18:00:00+00:00,2026-05-13,0,93.5,94.0,-0.5,0.5
KMIA,GFS,2026-05-14 00:00:00+00:00,2026-05-13,0,82.9,94.0,-11.099999999999994,11.099999999999994
KMIA,HRRR,2026-05-13 04:00:00+00:00,2026-05-13,0,77.69849975585942,94.0,-16.301500244140584,16.301500244140584
KMIA,HRRR,2026-05-13 05:00:00+00:00,2026-05-13,0,77.49228637695316,94.0,-16.50771362304684,16.50771362304684
KMIA,HRRR,2026-05-13 06:00:00+00:00,2026-05-13,0,81.60979736328129,94.0,-12.390202636718712,12.390202636718712
KMIA,HRRR,2026-05-13 07:00:00+00:00,2026-05-13,0,77.48146484375005,94.0,-16.518535156249953,16.518535156249953
KMIA,HRRR,2026-05-13 08:00:00+00:00,2026-05-13,0,77.81528442382816,94.0,-16.18471557617184,16.18471557617184
KMIA,HRRR,2026-05-13 09:00:00+00:00,2026-05-13,0,80.76676147460941,94.0,-13.23323852539059,13.23323852539059
KMIA,HRRR,2026-05-13 10:00:00+00:00,2026-05-13,0,83.97411010742192,94.0,-10.025889892578078,10.025889892578078
KMIA,HRRR,2026-05-13 11:00:00+00:00,2026-05-13,0,86.97837646484379,94.0,-7.021623535156209,7.021623535156209
KMIA,HRRR,2026-05-13 12:00:00+00:00,2026-05-13,0,89.01881225585942,94.0,-4.981187744140584,4.981187744140584
KMIA,HRRR,2026-05-13 13:00:00+00:00,2026-05-13,0,90.54986694335942,94.0,-3.4501330566405812,3.4501330566405812
KMIA,HRRR,2026-05-13 14:00:00+00:00,2026-05-13,0,90.8341381835938,94.0,-3.1658618164062062,3.1658618164062062
KMIA,HRRR,2026-05-13 15:00:00+00:00,2026-05-13,0,89.21299560546879,94.0,-4.787004394531209,4.787004394531209
KMIA,HRRR,2026-05-13 16:00:00+00:00,2026-05-13,0,92.43078125000004,94.0,-1.569218749999962,1.569218749999962
KMIA,HRRR,2026-05-13 17:00:00+00:00,2026-05-13,0,92.30053833007817,94.0,-1.6994616699218312,1.6994616699218312
KMIA,HRRR,2026-05-13 18:00:00+00:00,2026-05-13,0,92.19979370117191,94.0,-1.800206298828087,1.800206298828087
KMIA,HRRR,2026-05-13 19:00:00+00:00,2026-05-13,0,91.55731323242192,94.0,-2.4426867675780812,2.4426867675780812
KMIA,HRRR,2026-05-13 20:00:00+00:00,2026-05-13,0,90.91538208007816,94.0,-3.0846179199218398,3.0846179199218398
KMIA,HRRR,2026-05-13 21:00:00+00:00,2026-05-13,0,88.54041259765629,94.0,-5.459587402343715,5.459587402343715
KMIA,HRRR,2026-05-13 22:00:00+00:00,2026-05-13,0,85.92934692382816,94.0,-8.070653076171837,8.070653076171837
KMIA,HRRR,2026-05-13 23:00:00+00:00,2026-05-13,0,82.88981445312504,94.0,-11.110185546874959,11.110185546874959
KMIA,HRRR,2026-05-14 01:00:00+00:00,2026-05-13,0,79.88488891601567,94.0,-14.115111083984331,14.115111083984331
KMIA,HRRR,2026-05-14 02:00:00+00:00,2026-05-13,0,78.77581909179692,94.0,-15.224180908203081,15.224180908203081
KMIA,NBM,2026-05-13 06:00:00+00:00,2026-05-13,0,89.86997802734379,94.0,-4.130021972656209,4.130021972656209
KMIA,NBM,2026-05-13 12:00:00+00:00,2026-05-13,0,90.59002197265629,94.0,-3.409978027343712,3.409978027343712
KMIA,ECMWF,2026-05-12 06:00:00+00:00,2026-05-13,1,83.3,94.0,-10.700000000000003,10.700000000000003
KMIA,ECMWF,2026-05-12 12:00:00+00:00,2026-05-13,1,84.3,94.0,-9.700000000000003,9.700000000000003
KMIA,ECMWF,2026-05-12 18:00:00+00:00,2026-05-13,1,84.3,94.0,-9.700000000000003,9.700000000000003
KMIA,ECMWF,2026-05-13 00:00:00+00:00,2026-05-13,1,85.7,94.0,-8.299999999999997,8.299999999999997
KMIA,GFS,2026-05-12 06:00:00+00:00,2026-05-13,1,93.1,94.0,-0.9000000000000057,0.9000000000000057
KMIA,GFS,2026-05-12 12:00:00+00:00,2026-05-13,1,89.4,94.0,-4.599999999999994,4.599999999999994
KMIA,GFS,2026-05-12 18:00:00+00:00,2026-05-13,1,89.4,94.0,-4.599999999999994,4.599999999999994
KMIA,GFS,2026-05-13 00:00:00+00:00,2026-05-13,1,87.2,94.0,-6.799999999999997,6.799999999999997
KMIA,HRRR,2026-05-12 06:00:00+00:00,2026-05-13,1,89.3703198242188,94.0,-4.629680175781203,4.629680175781203
KMIA,HRRR,2026-05-12 10:00:00+00:00,2026-05-13,1,74.97438476562505,94.0,-19.025615234374953,19.025615234374953
KMIA,HRRR,2026-05-12 11:00:00+00:00,2026-05-13,1,76.57355468750004,94.0,-17.426445312499965,17.426445312499965
KMIA,HRRR,2026-05-12 12:00:00+00:00,2026-05-13,1,89.36845214843754,94.0,-4.631547851562459,4.631547851562459
KMIA,HRRR,2026-05-12 13:00:00+00:00,2026-05-13,1,76.4387524414063,94.0,-17.561247558593706,17.561247558593706
KMIA,HRRR,2026-05-12 14:00:00+00:00,2026-05-13,1,75.37165039062504,94.0,-18.628349609374965,18.628349609374965
KMIA,HRRR,2026-05-12 15:00:00+00:00,2026-05-13,1,75.7242016601563,94.0,-18.275798339843703,18.275798339843703
KMIA,HRRR,2026-05-12 16:00:00+00:00,2026-05-13,1,75.98584106445317,94.0,-18.01415893554683,18.01415893554683
KMIA,HRRR,2026-05-12 17:00:00+00:00,2026-05-13,1,76.74955566406254,94.0,-17.25044433593746,17.25044433593746
KMIA,HRRR,2026-05-13 00:00:00+00:00,2026-05-13,1,77.04816406250004,94.0,-16.951835937499965,16.951835937499965
KMIA,HRRR,2026-05-13 01:00:00+00:00,2026-05-13,1,76.29576538085942,94.0,-17.70423461914058,17.70423461914058
KMIA,HRRR,2026-05-13 02:00:00+00:00,2026-05-13,1,77.45542724609379,94.0,-16.54457275390621,16.54457275390621
KMIA,HRRR,2026-05-13 03:00:00+00:00,2026-05-13,1,77.6632885742188,94.0,-16.336711425781203,16.336711425781203
KMIA,NBM,2026-05-12 06:00:00+00:00,2026-05-13,1,89.14998901367191,94.0,-4.850010986328087,4.850010986328087
KMIA,NBM,2026-05-12 12:00:00+00:00,2026-05-13,1,89.14998901367191,94.0,-4.850010986328087,4.850010986328087
KMIA,NBM,2026-05-12 18:00:00+00:00,2026-05-13,1,90.41001098632816,94.0,-3.5899890136718398,3.5899890136718398
KMIA,NBM,2026-05-13 00:00:00+00:00,2026-05-13,1,90.41001098632816,94.0,-3.5899890136718398,3.5899890136718398
KMIA,ECMWF,2026-05-11 06:00:00+00:00,2026-05-13,2,81.6,94.0,-12.400000000000006,12.400000000000006
KMIA,ECMWF,2026-05-11 12:00:00+00:00,2026-05-13,2,81.5,94.0,-12.5,12.5
KMIA,ECMWF,2026-05-11 18:00:00+00:00,2026-05-13,2,83.6,94.0,-10.400000000000006,10.400000000000006
KMIA,ECMWF,2026-05-12 00:00:00+00:00,2026-05-13,2,88.3,94.0,-5.700000000000003,5.700000000000003
KMIA,GFS,2026-05-11 06:00:00+00:00,2026-05-13,2,87.8,94.0,-6.200000000000003,6.200000000000003
KMIA,GFS,2026-05-11 12:00:00+00:00,2026-05-13,2,93.0,94.0,-1.0,1.0
KMIA,GFS,2026-05-11 18:00:00+00:00,2026-05-13,2,94.1,94.0,0.09999999999999432,0.09999999999999432
KMIA,GFS,2026-05-12 00:00:00+00:00,2026-05-13,2,93.2,94.0,-0.7999999999999972,0.7999999999999972
KMIA,HRRR,2026-05-11 06:00:00+00:00,2026-05-13,2,76.35789306640629,94.0,-17.64210693359371,17.64210693359371
KMIA,HRRR,2026-05-11 12:00:00+00:00,2026-05-13,2,76.3321850585938,94.0,-17.667814941406206,17.667814941406206
KMIA,HRRR,2026-05-11 18:00:00+00:00,2026-05-13,2,87.81927001953129,94.0,-6.180729980468712,6.180729980468712
KMIA,NBM,2026-05-11 06:00:00+00:00,2026-05-13,2,86.81001098632817,94.0,-7.189989013671834,7.189989013671834
KMIA,NBM,2026-05-11 12:00:00+00:00,2026-05-13,2,86.9900219726563,94.0,-7.009978027343706,7.009978027343706
KMIA,NBM,2026-05-11 18:00:00+00:00,2026-05-13,2,89.14998901367191,94.0,-4.850010986328087,4.850010986328087
KMIA,NBM,2026-05-12 00:00:00+00:00,2026-05-13,2,88.61001098632816,94.0,-5.389989013671837,5.389989013671837
KMIA,ECMWF,2026-05-10 18:00:00+00:00,2026-05-13,3,82.3,94.0,-11.700000000000003,11.700000000000003
KMIA,ECMWF,2026-05-11 00:00:00+00:00,2026-05-13,3,80.1,94.0,-13.900000000000006,13.900000000000006
KMIA,GFS,2026-05-10 18:00:00+00:00,2026-05-13,3,89.2,94.0,-4.799999999999997,4.799999999999997
KMIA,GFS,2026-05-11 00:00:00+00:00,2026-05-13,3,88.5,94.0,-5.5,5.5
KMIA,NBM,2026-05-10 06:00:00+00:00,2026-05-13,3,86.81001098632817,94.0,-7.189989013671834,7.189989013671834
KMIA,NBM,2026-05-10 12:00:00+00:00,2026-05-13,3,86.63000000000004,94.0,-7.369999999999962,7.369999999999962
KMIA,NBM,2026-05-10 18:00:00+00:00,2026-05-13,3,86.2699780273438,94.0,-7.730021972656203,7.730021972656203
KMIA,NBM,2026-05-11 00:00:00+00:00,2026-05-13,3,86.44998901367191,94.0,-7.55001098632809,7.55001098632809
KMIA,NBM,2026-05-09 12:00:00+00:00,2026-05-13,4,86.63000000000004,94.0,-7.369999999999962,7.369999999999962
KMIA,NBM,2026-05-09 18:00:00+00:00,2026-05-13,4,86.63000000000004,94.0,-7.369999999999962,7.369999999999962
KMIA,NBM,2026-05-10 00:00:00+00:00,2026-05-13,4,86.9900219726563,94.0,-7.009978027343706,7.009978027343706
KMIA,GFS,2026-05-08 06:00:00+00:00,2026-05-13,5,90.5,94.0,-3.5,3.5
KMIA,GFS,2026-05-08 12:00:00+00:00,2026-05-13,5,88.3,94.0,-5.700000000000003,5.700000000000003
KMIA,GFS,2026-05-08 18:00:00+00:00,2026-05-13,5,88.3,94.0,-5.700000000000003,5.700000000000003
KMIA,GFS,2026-05-09 00:00:00+00:00,2026-05-13,5,88.3,94.0,-5.700000000000003,5.700000000000003
KMIA,NBM,2026-05-08 06:00:00+00:00,2026-05-13,5,86.44998901367191,94.0,-7.55001098632809,7.55001098632809
KMIA,NBM,2026-05-08 12:00:00+00:00,2026-05-13,5,86.44998901367191,94.0,-7.55001098632809,7.55001098632809
KMIA,NBM,2026-05-08 18:00:00+00:00,2026-05-13,5,86.44998901367191,94.0,-7.55001098632809,7.55001098632809
KMIA,NBM,2026-05-09 00:00:00+00:00,2026-05-13,5,86.63000000000004,94.0,-7.369999999999962,7.369999999999962
KMIA,GFS,2026-05-07 06:00:00+00:00,2026-05-13,6,84.6,94.0,-9.400000000000006,9.400000000000006
KMIA,GFS,2026-05-07 12:00:00+00:00,2026-05-13,6,87.2,94.0,-6.799999999999997,6.799999999999997
KMIA,GFS,2026-05-07 18:00:00+00:00,2026-05-13,6,86.7,94.0,-7.299999999999997,7.299999999999997
KMIA,GFS,2026-05-08 00:00:00+00:00,2026-05-13,6,89.4,94.0,-4.599999999999994,4.599999999999994
KMIA,NBM,2026-05-07 06:00:00+00:00,2026-05-13,6,87.53000000000004,94.0,-6.469999999999956,6.469999999999956
KMIA,NBM,2026-05-07 12:00:00+00:00,2026-05-13,6,87.53000000000004,94.0,-6.469999999999956,6.469999999999956
KMIA,NBM,2026-05-07 18:00:00+00:00,2026-05-13,6,86.63000000000004,94.0,-7.369999999999962,7.369999999999962
KMIA,NBM,2026-05-08 00:00:00+00:00,2026-05-13,6,86.63000000000004,94.0,-7.369999999999962,7.369999999999962
KMIA,GFS,2026-05-06 06:00:00+00:00,2026-05-13,7,87.5,94.0,-6.5,6.5
KMIA,GFS,2026-05-06 12:00:00+00:00,2026-05-13,7,89.4,94.0,-4.599999999999994,4.599999999999994
KMIA,GFS,2026-05-06 18:00:00+00:00,2026-05-13,7,86.3,94.0,-7.700000000000003,7.700000000000003
KMIA,GFS,2026-05-07 00:00:00+00:00,2026-05-13,7,84.6,94.0,-9.400000000000006,9.400000000000006
KMIA,NBM,2026-05-06 06:00:00+00:00,2026-05-13,7,87.71001098632817,94.0,-6.289989013671828,6.289989013671828
KMIA,NBM,2026-05-06 12:00:00+00:00,2026-05-13,7,87.53000000000004,94.0,-6.469999999999956,6.469999999999956
KNYC,ECMWF,2026-05-13 06:00:00+00:00,2026-05-13,0,74.1,72.0,2.0999999999999943,2.0999999999999943
KNYC,ECMWF,2026-05-13 12:00:00+00:00,2026-05-13,0,74.0,72.0,2.0,2.0
KNYC,ECMWF,2026-05-13 18:00:00+00:00,2026-05-13,0,74.5,72.0,2.5,2.5
KNYC,ECMWF,2026-05-14 00:00:00+00:00,2026-05-13,0,61.3,72.0,-10.700000000000003,10.700000000000003
KNYC,GFS,2026-05-13 06:00:00+00:00,2026-05-13,0,75.9,72.0,3.9000000000000057,3.9000000000000057
KNYC,GFS,2026-05-13 12:00:00+00:00,2026-05-13,0,74.4,72.0,2.4000000000000057,2.4000000000000057
KNYC,GFS,2026-05-13 18:00:00+00:00,2026-05-13,0,73.4,72.0,1.4000000000000057,1.4000000000000057
KNYC,GFS,2026-05-14 00:00:00+00:00,2026-05-13,0,61.3,72.0,-10.700000000000003,10.700000000000003
KNYC,HRRR,2026-05-13 04:00:00+00:00,2026-05-13,0,49.573499755859416,72.0,-22.426500244140584,22.426500244140584
KNYC,HRRR,2026-05-13 05:00:00+00:00,2026-05-13,0,51.213978271484415,72.0,-20.786021728515585,20.786021728515585
KNYC,HRRR,2026-05-13 06:00:00+00:00,2026-05-13,0,62.03479736328129,72.0,-9.965202636718708,9.965202636718708
KNYC,HRRR,2026-05-13 07:00:00+00:00,2026-05-13,0,58.01896484375004,72.0,-13.981035156249959,13.981035156249959
KNYC,HRRR,2026-05-13 08:00:00+00:00,2026-05-13,0,57.45278442382816,72.0,-14.547215576171837,14.547215576171837
KNYC,HRRR,2026-05-13 09:00:00+00:00,2026-05-13,0,62.42926147460942,72.0,-9.570738525390581,9.570738525390581
KNYC,HRRR,2026-05-13 10:00:00+00:00,2026-05-13,0,65.18661010742191,72.0,-6.813389892578087,6.813389892578087
KNYC,HRRR,2026-05-13 11:00:00+00:00,2026-05-13,0,68.3033764648438,72.0,-3.6966235351562062,3.6966235351562062
KNYC,HRRR,2026-05-13 12:00:00+00:00,2026-05-13,0,74.55772827148442,72.0,2.5577282714844216,2.5577282714844216
KNYC,HRRR,2026-05-13 13:00:00+00:00,2026-05-13,0,72.21236694335941,72.0,0.21236694335941309,0.21236694335941309
KNYC,HRRR,2026-05-13 14:00:00+00:00,2026-05-13,0,72.94092529296879,72.0,0.9409252929687852,0.9409252929687852
KNYC,HRRR,2026-05-13 15:00:00+00:00,2026-05-13,0,71.21299560546879,72.0,-0.7870043945312091,0.7870043945312091
KNYC,HRRR,2026-05-13 16:00:00+00:00,2026-05-13,0,72.76893432617192,72.0,0.7689343261719159,0.7689343261719159
KNYC,HRRR,2026-05-13 17:00:00+00:00,2026-05-13,0,73.53270385742192,72.0,1.5327038574219216,1.5327038574219216
KNYC,HRRR,2026-05-13 18:00:00+00:00,2026-05-13,0,73.69914672851567,72.0,1.6991467285156716,1.6991467285156716
KNYC,HRRR,2026-05-13 19:00:00+00:00,2026-05-13,0,69.13015258789066,72.0,-2.869847412109337,2.869847412109337
KNYC,HRRR,2026-05-13 20:00:00+00:00,2026-05-13,0,68.97788208007816,72.0,-3.0221179199218398,3.0221179199218398
KNYC,HRRR,2026-05-13 21:00:00+00:00,2026-05-13,0,66.8279125976563,72.0,-5.172087402343706,5.172087402343706
KNYC,HRRR,2026-05-13 22:00:00+00:00,2026-05-13,0,65.22934692382816,72.0,-6.77065307617184,6.77065307617184
KNYC,HRRR,2026-05-13 23:00:00+00:00,2026-05-13,0,61.402314453125044,72.0,-10.597685546874956,10.597685546874956
KNYC,HRRR,2026-05-14 01:00:00+00:00,2026-05-13,0,59.40988891601567,72.0,-12.590111083984333,12.590111083984333
KNYC,HRRR,2026-05-14 02:00:00+00:00,2026-05-13,0,59.42581909179692,72.0,-12.574180908203083,12.574180908203083
KNYC,NBM,2026-05-13 06:00:00+00:00,2026-05-13,0,73.4900219726563,72.0,1.4900219726562938,1.4900219726562938
KNYC,NBM,2026-05-13 12:00:00+00:00,2026-05-13,0,74.03000000000004,72.0,2.0300000000000438,2.0300000000000438
KNYC,ECMWF,2026-05-12 06:00:00+00:00,2026-05-13,1,66.9,72.0,-5.099999999999994,5.099999999999994
KNYC,ECMWF,2026-05-12 12:00:00+00:00,2026-05-13,1,69.6,72.0,-2.4000000000000057,2.4000000000000057
KNYC,ECMWF,2026-05-12 18:00:00+00:00,2026-05-13,1,69.6,72.0,-2.4000000000000057,2.4000000000000057
KNYC,ECMWF,2026-05-13 00:00:00+00:00,2026-05-13,1,72.4,72.0,0.4000000000000057,0.4000000000000057
KNYC,GFS,2026-05-12 06:00:00+00:00,2026-05-13,1,71.3,72.0,-0.7000000000000028,0.7000000000000028
KNYC,GFS,2026-05-12 12:00:00+00:00,2026-05-13,1,72.0,72.0,0.0,0.0
KNYC,GFS,2026-05-12 18:00:00+00:00,2026-05-13,1,73.0,72.0,1.0,1.0
KNYC,GFS,2026-05-13 00:00:00+00:00,2026-05-13,1,73.1,72.0,1.0999999999999943,1.0999999999999943
KNYC,HRRR,2026-05-12 06:00:00+00:00,2026-05-13,1,72.15781982421879,72.0,0.15781982421879093,0.15781982421879093
KNYC,HRRR,2026-05-12 10:00:00+00:00,2026-05-13,1,50.44938476562504,72.0,-21.55061523437496,21.55061523437496
KNYC,HRRR,2026-05-12 11:00:00+00:00,2026-05-13,1,50.47355468750004,72.0,-21.52644531249996,21.52644531249996
KNYC,HRRR,2026-05-12 12:00:00+00:00,2026-05-13,1,73.11742065429692,72.0,1.1174206542969216,1.1174206542969216
KNYC,HRRR,2026-05-12 13:00:00+00:00,2026-05-13,1,50.61022460937504,72.0,-21.389775390624962,21.389775390624962
KNYC,HRRR,2026-05-12 14:00:00+00:00,2026-05-13,1,50.284150390625044,72.0,-21.715849609374956,21.715849609374956
KNYC,HRRR,2026-05-12 15:00:00+00:00,2026-05-13,1,50.84928710937504,72.0,-21.15071289062496,21.15071289062496
KNYC,HRRR,2026-05-12 16:00:00+00:00,2026-05-13,1,50.74145629882817,72.0,-21.25854370117183,21.25854370117183
KNYC,HRRR,2026-05-12 17:00:00+00:00,2026-05-13,1,53.00799072265629,72.0,-18.992009277343712,18.992009277343712
KNYC,HRRR,2026-05-13 00:00:00+00:00,2026-05-13,1,50.72316406250004,72.0,-21.27683593749996,21.27683593749996
KNYC,HRRR,2026-05-13 01:00:00+00:00,2026-05-13,1,50.87076538085942,72.0,-21.129234619140583,21.129234619140583
KNYC,HRRR,2026-05-13 02:00:00+00:00,2026-05-13,1,50.905427246093794,72.0,-21.094572753906206,21.094572753906206
KNYC,HRRR,2026-05-13 03:00:00+00:00,2026-05-13,1,50.32578857421879,72.0,-21.67421142578121,21.67421142578121
KNYC,NBM,2026-05-12 06:00:00+00:00,2026-05-13,1,71.51001098632817,72.0,-0.48998901367183123,0.48998901367183123
KNYC,NBM,2026-05-12 12:00:00+00:00,2026-05-13,1,72.04998901367192,72.0,0.04998901367191877,0.04998901367191877
KNYC,NBM,2026-05-12 18:00:00+00:00,2026-05-13,1,73.84998901367192,72.0,1.849989013671916,1.849989013671916
KNYC,NBM,2026-05-13 00:00:00+00:00,2026-05-13,1,73.31001098632817,72.0,1.310010986328166,1.310010986328166
KNYC,ECMWF,2026-05-11 06:00:00+00:00,2026-05-13,2,59.5,72.0,-12.5,12.5
KNYC,ECMWF,2026-05-11 12:00:00+00:00,2026-05-13,2,65.8,72.0,-6.200000000000003,6.200000000000003
KNYC,ECMWF,2026-05-11 18:00:00+00:00,2026-05-13,2,65.7,72.0,-6.299999999999997,6.299999999999997
KNYC,ECMWF,2026-05-12 00:00:00+00:00,2026-05-13,2,62.4,72.0,-9.600000000000001,9.600000000000001
KNYC,GFS,2026-05-11 06:00:00+00:00,2026-05-13,2,64.5,72.0,-7.5,7.5
KNYC,GFS,2026-05-11 12:00:00+00:00,2026-05-13,2,66.3,72.0,-5.700000000000003,5.700000000000003
KNYC,GFS,2026-05-11 18:00:00+00:00,2026-05-13,2,67.6,72.0,-4.400000000000006,4.400000000000006
KNYC,GFS,2026-05-12 00:00:00+00:00,2026-05-13,2,70.1,72.0,-1.9000000000000057,1.9000000000000057
KNYC,HRRR,2026-05-11 06:00:00+00:00,2026-05-13,2,49.92039306640629,72.0,-22.07960693359371,22.07960693359371
KNYC,HRRR,2026-05-11 12:00:00+00:00,2026-05-13,2,57.31968505859379,72.0,-14.680314941406209,14.680314941406209
KNYC,HRRR,2026-05-11 18:00:00+00:00,2026-05-13,2,71.95677001953129,72.0,-0.04322998046870907,0.04322998046870907
KNYC,NBM,2026-05-11 06:00:00+00:00,2026-05-13,2,67.54998901367192,72.0,-4.450010986328081,4.450010986328081
KNYC,NBM,2026-05-11 12:00:00+00:00,2026-05-13,2,68.09002197265629,72.0,-3.909978027343712,3.909978027343712
KNYC,NBM,2026-05-11 18:00:00+00:00,2026-05-13,2,69.34998901367192,72.0,-2.650010986328084,2.650010986328084
KNYC,NBM,2026-05-12 00:00:00+00:00,2026-05-13,2,69.89002197265629,72.0,-2.1099780273437148,2.1099780273437148
KNYC,ECMWF,2026-05-10 18:00:00+00:00,2026-05-13,3,59.9,72.0,-12.100000000000001,12.100000000000001
KNYC,ECMWF,2026-05-11 00:00:00+00:00,2026-05-13,3,60.9,72.0,-11.100000000000001,11.100000000000001
KNYC,GFS,2026-05-10 18:00:00+00:00,2026-05-13,3,64.3,72.0,-7.700000000000003,7.700000000000003
KNYC,GFS,2026-05-11 00:00:00+00:00,2026-05-13,3,64.5,72.0,-7.5,7.5
KNYC,NBM,2026-05-10 06:00:00+00:00,2026-05-13,3,63.59002197265629,72.0,-8.409978027343712,8.409978027343712
KNYC,NBM,2026-05-10 12:00:00+00:00,2026-05-13,3,64.4900219726563,72.0,-7.509978027343706,7.509978027343706
KNYC,NBM,2026-05-10 18:00:00+00:00,2026-05-13,3,64.13000000000004,72.0,-7.869999999999962,7.869999999999962
KNYC,NBM,2026-05-11 00:00:00+00:00,2026-05-13,3,64.4900219726563,72.0,-7.509978027343706,7.509978027343706
KNYC,NBM,2026-05-09 12:00:00+00:00,2026-05-13,4,63.59002197265629,72.0,-8.409978027343712,8.409978027343712
KNYC,NBM,2026-05-09 18:00:00+00:00,2026-05-13,4,63.94998901367192,72.0,-8.050010986328083,8.050010986328083
KNYC,NBM,2026-05-10 00:00:00+00:00,2026-05-13,4,63.41001098632817,72.0,-8.589989013671833,8.589989013671833
KNYC,GFS,2026-05-08 06:00:00+00:00,2026-05-13,5,59.8,72.0,-12.200000000000003,12.200000000000003
KNYC,GFS,2026-05-08 12:00:00+00:00,2026-05-13,5,60.9,72.0,-11.100000000000001,11.100000000000001
KNYC,GFS,2026-05-08 18:00:00+00:00,2026-05-13,5,60.9,72.0,-11.100000000000001,11.100000000000001
KNYC,GFS,2026-05-09 00:00:00+00:00,2026-05-13,5,67.0,72.0,-5.0,5.0
KNYC,NBM,2026-05-08 06:00:00+00:00,2026-05-13,5,62.86997802734379,72.0,-9.130021972656209,9.130021972656209
KNYC,NBM,2026-05-08 12:00:00+00:00,2026-05-13,5,63.94998901367192,72.0,-8.050010986328083,8.050010986328083
KNYC,NBM,2026-05-08 18:00:00+00:00,2026-05-13,5,64.13000000000004,72.0,-7.869999999999962,7.869999999999962
KNYC,GFS,2026-05-07 06:00:00+00:00,2026-05-13,6,63.4,72.0,-8.600000000000001,8.600000000000001
KNYC,GFS,2026-05-07 12:00:00+00:00,2026-05-13,6,55.9,72.0,-16.1,16.1
KNYC,GFS,2026-05-07 18:00:00+00:00,2026-05-13,6,60.0,72.0,-12.0,12.0
KNYC,GFS,2026-05-08 00:00:00+00:00,2026-05-13,6,61.6,72.0,-10.399999999999999,10.399999999999999
KNYC,NBM,2026-05-07 06:00:00+00:00,2026-05-13,6,64.66997802734379,72.0,-7.330021972656212,7.330021972656212
KNYC,NBM,2026-05-07 12:00:00+00:00,2026-05-13,6,64.13000000000004,72.0,-7.869999999999962,7.869999999999962
KNYC,NBM,2026-05-07 18:00:00+00:00,2026-05-13,6,63.94998901367192,72.0,-8.050010986328083,8.050010986328083
KNYC,NBM,2026-05-08 00:00:00+00:00,2026-05-13,6,63.94998901367192,72.0,-8.050010986328083,8.050010986328083
KNYC,GFS,2026-05-06 06:00:00+00:00,2026-05-13,7,64.7,72.0,-7.299999999999997,7.299999999999997
KNYC,GFS,2026-05-06 12:00:00+00:00,2026-05-13,7,60.6,72.0,-11.399999999999999,11.399999999999999
KNYC,GFS,2026-05-06 18:00:00+00:00,2026-05-13,7,64.7,72.0,-7.299999999999997,7.299999999999997
KNYC,GFS,2026-05-07 00:00:00+00:00,2026-05-13,7,63.4,72.0,-8.600000000000001,8.600000000000001
KNYC,NBM,2026-05-06 06:00:00+00:00,2026-05-13,7,66.64998901367191,72.0,-5.350010986328087,5.350010986328087
KNYC,NBM,2026-05-06 12:00:00+00:00,2026-05-13,7,65.5699780273438,72.0,-6.430021972656206,6.430021972656206
KMDW,ECMWF,2026-05-14 06:00:00+00:00,2026-05-14,0,66.3,65.0,1.2999999999999972,1.2999999999999972
KMDW,ECMWF,2026-05-14 12:00:00+00:00,2026-05-14,0,66.9,65.0,1.9000000000000057,1.9000000000000057
KMDW,ECMWF,2026-05-14 18:00:00+00:00,2026-05-14,0,66.5,65.0,1.5,1.5
KMDW,ECMWF,2026-05-15 00:00:00+00:00,2026-05-14,0,62.5,65.0,-2.5,2.5
KMDW,GFS,2026-05-14 06:00:00+00:00,2026-05-14,0,64.8,65.0,-0.20000000000000284,0.20000000000000284
KMDW,GFS,2026-05-14 12:00:00+00:00,2026-05-14,0,62.9,65.0,-2.1000000000000014,2.1000000000000014
KMDW,GFS,2026-05-14 18:00:00+00:00,2026-05-14,0,65.4,65.0,0.4000000000000057,0.4000000000000057
KMDW,GFS,2026-05-15 00:00:00+00:00,2026-05-14,0,59.5,65.0,-5.5,5.5
KMDW,HRRR,2026-05-14 05:00:00+00:00,2026-05-14,0,42.653211669921916,65.0,-22.346788330078084,22.346788330078084
KMDW,HRRR,2026-05-14 06:00:00+00:00,2026-05-14,0,54.30646484375004,65.0,-10.693535156249958,10.693535156249958
KMDW,HRRR,2026-05-14 07:00:00+00:00,2026-05-14,0,43.963551025390665,65.0,-21.036448974609335,21.036448974609335
KMDW,HRRR,2026-05-14 08:00:00+00:00,2026-05-14,0,48.66866577148441,65.0,-16.331334228515587,16.331334228515587
KMDW,HRRR,2026-05-14 09:00:00+00:00,2026-05-14,0,53.153779296875044,65.0,-11.846220703124956,11.846220703124956
KMDW,HRRR,2026-05-14 10:00:00+00:00,2026-05-14,0,49.30845458984379,65.0,-15.691545410156209,15.691545410156209
KMDW,HRRR,2026-05-14 11:00:00+00:00,2026-05-14,0,52.34881103515629,65.0,-12.651188964843712,12.651188964843712
KMDW,HRRR,2026-05-14 12:00:00+00:00,2026-05-14,0,65.37942016601566,65.0,0.3794201660156631,0.3794201660156631
KMDW,HRRR,2026-05-14 13:00:00+00:00,2026-05-14,0,64.74506958007817,65.0,-0.2549304199218341,0.2549304199218341
KMDW,HRRR,2026-05-14 14:00:00+00:00,2026-05-14,0,64.12324340820317,65.0,-0.8767565917968341,0.8767565917968341
KMDW,HRRR,2026-05-14 15:00:00+00:00,2026-05-14,0,65.40337036132817,65.0,0.4033703613281716,0.4033703613281716
KMDW,HRRR,2026-05-14 16:00:00+00:00,2026-05-14,0,65.34909790039066,65.0,0.34909790039066024,0.34909790039066024
KMDW,HRRR,2026-05-14 17:00:00+00:00,2026-05-14,0,64.44552734375004,65.0,-0.5544726562499562,0.5544726562499562
KMDW,HRRR,2026-05-14 18:00:00+00:00,2026-05-14,0,64.6031811523438,65.0,-0.39681884765620623,0.39681884765620623
KMDW,HRRR,2026-05-14 19:00:00+00:00,2026-05-14,0,64.11522338867192,65.0,-0.8847766113280784,0.8847766113280784
KMDW,HRRR,2026-05-14 20:00:00+00:00,2026-05-14,0,64.68612792968754,65.0,-0.31387207031245623,0.31387207031245623
KMDW,HRRR,2026-05-14 21:00:00+00:00,2026-05-14,0,64.11500366210942,65.0,-0.8849963378905841,0.8849963378905841
KMDW,HRRR,2026-05-14 22:00:00+00:00,2026-05-14,0,62.10554931640629,65.0,-2.8944506835937105,2.8944506835937105
KMDW,HRRR,2026-05-14 23:00:00+00:00,2026-05-14,0,59.779798583984416,65.0,-5.220201416015584,5.220201416015584
KMDW,HRRR,2026-05-15 00:00:00+00:00,2026-05-14,0,56.64605834960942,65.0,-8.353941650390581,8.353941650390581
KMDW,HRRR,2026-05-15 01:00:00+00:00,2026-05-14,0,54.51284301757816,65.0,-10.487156982421837,10.487156982421837
KMDW,HRRR,2026-05-15 02:00:00+00:00,2026-05-14,0,52.52821777343754,65.0,-12.47178222656246,12.47178222656246
KMDW,HRRR,2026-05-15 03:00:00+00:00,2026-05-14,0,53.23205688476567,65.0,-11.767943115234331,11.767943115234331
KMDW,NBM,2026-05-14 06:00:00+00:00,2026-05-14,0,66.11001098632816,65.0,1.110010986328163,1.110010986328163
KMDW,NBM,2026-05-14 12:00:00+00:00,2026-05-14,0,66.83000000000004,65.0,1.830000000000041,1.830000000000041
KMDW,ECMWF,2026-05-13 06:00:00+00:00,2026-05-14,1,65.4,65.0,0.4000000000000057,0.4000000000000057
KMDW,ECMWF,2026-05-13 12:00:00+00:00,2026-05-14,1,66.1,65.0,1.0999999999999943,1.0999999999999943
KMDW,ECMWF,2026-05-13 18:00:00+00:00,2026-05-14,1,66.0,65.0,1.0,1.0
KMDW,ECMWF,2026-05-14 00:00:00+00:00,2026-05-14,1,65.4,65.0,0.4000000000000057,0.4000000000000057
KMDW,GFS,2026-05-13 06:00:00+00:00,2026-05-14,1,64.8,65.0,-0.20000000000000284,0.20000000000000284
KMDW,GFS,2026-05-13 12:00:00+00:00,2026-05-14,1,64.9,65.0,-0.09999999999999432,0.09999999999999432
KMDW,GFS,2026-05-13 18:00:00+00:00,2026-05-14,1,64.2,65.0,-0.7999999999999972,0.7999999999999972
KMDW,GFS,2026-05-14 00:00:00+00:00,2026-05-14,1,65.2,65.0,0.20000000000000284,0.20000000000000284
KMDW,HRRR,2026-05-14 01:00:00+00:00,2026-05-14,1,44.02458007812504,65.0,-20.97541992187496,20.97541992187496
KMDW,HRRR,2026-05-14 02:00:00+00:00,2026-05-14,1,43.78288085937504,65.0,-21.21711914062496,21.21711914062496
KMDW,HRRR,2026-05-14 03:00:00+00:00,2026-05-14,1,44.478425292968794,65.0,-20.521574707031206,20.521574707031206
KMDW,HRRR,2026-05-14 04:00:00+00:00,2026-05-14,1,43.717457275390665,65.0,-21.282542724609335,21.282542724609335
KMDW,NBM,2026-05-13 06:00:00+00:00,2026-05-14,1,65.21001098632817,65.0,0.2100109863281716,0.2100109863281716
KMDW,NBM,2026-05-13 12:00:00+00:00,2026-05-14,1,64.84998901367192,65.0,-0.15001098632808407,0.15001098632808407
KMDW,NBM,2026-05-13 18:00:00+00:00,2026-05-14,1,65.03000000000004,65.0,0.03000000000004377,0.03000000000004377
KMDW,NBM,2026-05-14 00:00:00+00:00,2026-05-14,1,66.11001098632816,65.0,1.110010986328163,1.110010986328163
KMDW,ECMWF,2026-05-12 06:00:00+00:00,2026-05-14,2,64.0,65.0,-1.0,1.0
KMDW,ECMWF,2026-05-12 12:00:00+00:00,2026-05-14,2,66.4,65.0,1.4000000000000057,1.4000000000000057
KMDW,ECMWF,2026-05-12 18:00:00+00:00,2026-05-14,2,66.4,65.0,1.4000000000000057,1.4000000000000057
KMDW,ECMWF,2026-05-13 00:00:00+00:00,2026-05-14,2,65.6,65.0,0.5999999999999943,0.5999999999999943
KMDW,GFS,2026-05-12 06:00:00+00:00,2026-05-14,2,65.9,65.0,0.9000000000000057,0.9000000000000057
KMDW,GFS,2026-05-12 12:00:00+00:00,2026-05-14,2,67.7,65.0,2.700000000000003,2.700000000000003
KMDW,GFS,2026-05-12 18:00:00+00:00,2026-05-14,2,67.8,65.0,2.799999999999997,2.799999999999997
KMDW,GFS,2026-05-13 00:00:00+00:00,2026-05-14,2,67.8,65.0,2.799999999999997,2.799999999999997
KMDW,HRRR,2026-05-12 06:00:00+00:00,2026-05-14,2,42.900074462890665,65.0,-22.099925537109335,22.099925537109335
KMDW,HRRR,2026-05-12 12:00:00+00:00,2026-05-14,2,44.77494628906254,65.0,-20.22505371093746,20.22505371093746
KMDW,NBM,2026-05-12 06:00:00+00:00,2026-05-14,2,65.93000000000004,65.0,0.9300000000000352,0.9300000000000352
KMDW,NBM,2026-05-12 12:00:00+00:00,2026-05-14,2,65.21001098632817,65.0,0.2100109863281716,0.2100109863281716
KMDW,NBM,2026-05-12 18:00:00+00:00,2026-05-14,2,64.66997802734379,65.0,-0.3300219726562119,0.3300219726562119
KMDW,NBM,2026-05-13 00:00:00+00:00,2026-05-14,2,64.84998901367192,65.0,-0.15001098632808407,0.15001098632808407
KMDW,ECMWF,2026-05-11 06:00:00+00:00,2026-05-14,3,61.8,65.0,-3.200000000000003,3.200000000000003
KMDW,ECMWF,2026-05-11 12:00:00+00:00,2026-05-14,3,60.7,65.0,-4.299999999999997,4.299999999999997
KMDW,ECMWF,2026-05-11 18:00:00+00:00,2026-05-14,3,62.3,65.0,-2.700000000000003,2.700000000000003
KMDW,ECMWF,2026-05-12 00:00:00+00:00,2026-05-14,3,63.4,65.0,-1.6000000000000014,1.6000000000000014
KMDW,GFS,2026-05-11 06:00:00+00:00,2026-05-14,3,59.6,65.0,-5.399999999999999,5.399999999999999
KMDW,GFS,2026-05-11 12:00:00+00:00,2026-05-14,3,60.8,65.0,-4.200000000000003,4.200000000000003
KMDW,GFS,2026-05-11 18:00:00+00:00,2026-05-14,3,63.0,65.0,-2.0,2.0
KMDW,GFS,2026-05-12 00:00:00+00:00,2026-05-14,3,65.9,65.0,0.9000000000000057,0.9000000000000057
KMDW,NBM,2026-05-11 06:00:00+00:00,2026-05-14,3,63.94998901367192,65.0,-1.0500109863280827,1.0500109863280827
KMDW,NBM,2026-05-11 12:00:00+00:00,2026-05-14,3,64.31001098632817,65.0,-0.6899890136718341,0.6899890136718341
KMDW,NBM,2026-05-11 18:00:00+00:00,2026-05-14,3,65.21001098632817,65.0,0.2100109863281716,0.2100109863281716
KMDW,NBM,2026-05-12 00:00:00+00:00,2026-05-14,3,64.84998901367192,65.0,-0.15001098632808407,0.15001098632808407
KMDW,ECMWF,2026-05-10 18:00:00+00:00,2026-05-14,4,60.4,65.0,-4.600000000000001,4.600000000000001
KMDW,ECMWF,2026-05-11 00:00:00+00:00,2026-05-14,4,61.8,65.0,-3.200000000000003,3.200000000000003
KMDW,GFS,2026-05-10 18:00:00+00:00,2026-05-14,4,67.1,65.0,2.0999999999999943,2.0999999999999943
KMDW,GFS,2026-05-11 00:00:00+00:00,2026-05-14,4,65.0,65.0,0.0,0.0
KMDW,NBM,2026-05-10 06:00:00+00:00,2026-05-14,4,67.54998901367192,65.0,2.5499890136719188,2.5499890136719188
KMDW,NBM,2026-05-10 12:00:00+00:00,2026-05-14,4,65.5699780273438,65.0,0.5699780273437938,0.5699780273437938
KMDW,NBM,2026-05-10 18:00:00+00:00,2026-05-14,4,64.66997802734379,65.0,-0.3300219726562119,0.3300219726562119
KMDW,NBM,2026-05-11 00:00:00+00:00,2026-05-14,4,63.04998901367192,65.0,-1.9500109863280812,1.9500109863280812
KMDW,NBM,2026-05-09 12:00:00+00:00,2026-05-14,5,66.83000000000004,65.0,1.830000000000041,1.830000000000041
KMDW,NBM,2026-05-09 18:00:00+00:00,2026-05-14,5,66.46997802734379,65.0,1.4699780273437852,1.4699780273437852
KMDW,NBM,2026-05-10 00:00:00+00:00,2026-05-14,5,67.91001098632816,65.0,2.9100109863281602,2.9100109863281602
KMDW,GFS,2026-05-08 06:00:00+00:00,2026-05-14,6,62.6,65.0,-2.3999999999999986,2.3999999999999986
KMDW,GFS,2026-05-08 12:00:00+00:00,2026-05-14,6,58.0,65.0,-7.0,7.0
KMDW,GFS,2026-05-08 18:00:00+00:00,2026-05-14,6,58.0,65.0,-7.0,7.0
KMDW,GFS,2026-05-09 00:00:00+00:00,2026-05-14,6,67.5,65.0,2.5,2.5
KMDW,NBM,2026-05-08 06:00:00+00:00,2026-05-14,6,68.09002197265629,65.0,3.090021972656288,3.090021972656288
KMDW,NBM,2026-05-08 12:00:00+00:00,2026-05-14,6,68.2699780273438,65.0,3.2699780273437966,3.2699780273437966
KMDW,NBM,2026-05-08 18:00:00+00:00,2026-05-14,6,66.11001098632816,65.0,1.110010986328163,1.110010986328163
KMDW,GFS,2026-05-07 06:00:00+00:00,2026-05-14,7,56.1,65.0,-8.899999999999999,8.899999999999999
KMDW,GFS,2026-05-07 12:00:00+00:00,2026-05-14,7,68.6,65.0,3.5999999999999943,3.5999999999999943
KMDW,GFS,2026-05-07 18:00:00+00:00,2026-05-14,7,59.7,65.0,-5.299999999999997,5.299999999999997
KMDW,GFS,2026-05-08 00:00:00+00:00,2026-05-14,7,66.6,65.0,1.5999999999999943,1.5999999999999943
KMDW,NBM,2026-05-07 06:00:00+00:00,2026-05-14,7,74.39002197265629,65.0,9.390021972656285,9.390021972656285
KMDW,NBM,2026-05-07 12:00:00+00:00,2026-05-14,7,72.94998901367191,65.0,7.94998901367191,7.94998901367191
KMDW,NBM,2026-05-07 18:00:00+00:00,2026-05-14,7,71.6900219726563,65.0,6.690021972656297,6.690021972656297
KMDW,NBM,2026-05-08 00:00:00+00:00,2026-05-14,7,70.43000000000004,65.0,5.430000000000035,5.430000000000035
KMIA,ECMWF,2026-05-14 06:00:00+00:00,2026-05-14,0,89.5,95.0,-5.5,5.5
KMIA,ECMWF,2026-05-14 12:00:00+00:00,2026-05-14,0,90.8,95.0,-4.200000000000003,4.200000000000003
KMIA,ECMWF,2026-05-14 18:00:00+00:00,2026-05-14,0,91.5,95.0,-3.5,3.5
KMIA,ECMWF,2026-05-15 00:00:00+00:00,2026-05-14,0,85.3,95.0,-9.700000000000003,9.700000000000003
KMIA,GFS,2026-05-14 06:00:00+00:00,2026-05-14,0,93.4,95.0,-1.5999999999999943,1.5999999999999943
KMIA,GFS,2026-05-14 12:00:00+00:00,2026-05-14,0,92.9,95.0,-2.0999999999999943,2.0999999999999943
KMIA,GFS,2026-05-14 18:00:00+00:00,2026-05-14,0,92.4,95.0,-2.5999999999999943,2.5999999999999943
KMIA,GFS,2026-05-15 00:00:00+00:00,2026-05-14,0,81.6,95.0,-13.400000000000006,13.400000000000006
KMIA,HRRR,2026-05-14 04:00:00+00:00,2026-05-14,0,78.36745727539066,95.0,-16.632542724609337,16.632542724609337
KMIA,HRRR,2026-05-14 05:00:00+00:00,2026-05-14,0,77.75321166992191,95.0,-17.24678833007809,17.24678833007809
KMIA,HRRR,2026-05-14 06:00:00+00:00,2026-05-14,0,83.10646484375005,95.0,-11.893535156249953,11.893535156249953
KMIA,HRRR,2026-05-14 07:00:00+00:00,2026-05-14,0,77.93855102539067,95.0,-17.061448974609334,17.061448974609334
KMIA,HRRR,2026-05-14 08:00:00+00:00,2026-05-14,0,78.03116577148441,95.0,-16.96883422851559,16.96883422851559
KMIA,HRRR,2026-05-14 09:00:00+00:00,2026-05-14,0,83.41627929687505,95.0,-11.583720703124953,11.583720703124953
KMIA,HRRR,2026-05-14 10:00:00+00:00,2026-05-14,0,79.34595458984379,95.0,-15.654045410156215,15.654045410156215
KMIA,HRRR,2026-05-14 11:00:00+00:00,2026-05-14,0,81.48631103515629,95.0,-13.513688964843709,13.513688964843709
KMIA,HRRR,2026-05-14 12:00:00+00:00,2026-05-14,0,93.06040771484379,95.0,-1.939592285156209,1.939592285156209
KMIA,HRRR,2026-05-14 13:00:00+00:00,2026-05-14,0,91.97006958007816,95.0,-3.0299304199218398,3.0299304199218398
KMIA,HRRR,2026-05-14 14:00:00+00:00,2026-05-14,0,91.23574340820316,95.0,-3.764256591796837,3.764256591796837
KMIA,HRRR,2026-05-14 15:00:00+00:00,2026-05-14,0,92.17837036132816,95.0,-2.821629638671837,2.821629638671837
KMIA,HRRR,2026-05-14 16:00:00+00:00,2026-05-14,0,92.31064575195316,95.0,-2.6893542480468398,2.6893542480468398
KMIA,HRRR,2026-05-14 17:00:00+00:00,2026-05-14,0,93.70255859375004,95.0,-1.297441406249959,1.297441406249959
KMIA,HRRR,2026-05-14 18:00:00+00:00,2026-05-14,0,92.79069335937504,95.0,-2.209306640624959,2.209306640624959
KMIA,HRRR,2026-05-14 19:00:00+00:00,2026-05-14,0,92.40886352539067,95.0,-2.5911364746093284,2.5911364746093284
KMIA,HRRR,2026-05-14 20:00:00+00:00,2026-05-14,0,92.02362792968754,95.0,-2.9763720703124648,2.9763720703124648
KMIA,HRRR,2026-05-14 21:00:00+00:00,2026-05-14,0,89.42750366210942,95.0,-5.572496337890584,5.572496337890584
KMIA,HRRR,2026-05-14 22:00:00+00:00,2026-05-14,0,83.25554931640629,95.0,-11.744450683593712,11.744450683593712
KMIA,HRRR,2026-05-14 23:00:00+00:00,2026-05-14,0,82.16729858398442,95.0,-12.832701416015581,12.832701416015581
KMIA,HRRR,2026-05-15 00:00:00+00:00,2026-05-14,0,83.08355834960942,95.0,-11.916441650390581,11.916441650390581
KMIA,HRRR,2026-05-15 01:00:00+00:00,2026-05-14,0,82.07534301757816,95.0,-12.924656982421837,12.924656982421837
KMIA,HRRR,2026-05-15 02:00:00+00:00,2026-05-14,0,80.20321777343754,95.0,-14.796782226562456,14.796782226562456
KMIA,NBM,2026-05-14 06:00:00+00:00,2026-05-14,0,90.59002197265629,95.0,-4.409978027343712,4.409978027343712
KMIA,NBM,2026-05-14 12:00:00+00:00,2026-05-14,0,90.7699780273438,95.0,-4.230021972656203,4.230021972656203
KMIA,ECMWF,2026-05-13 06:00:00+00:00,2026-05-14,1,87.0,95.0,-8.0,8.0
KMIA,ECMWF,2026-05-13 12:00:00+00:00,2026-05-14,1,86.2,95.0,-8.799999999999997,8.799999999999997
KMIA,ECMWF,2026-05-13 18:00:00+00:00,2026-05-14,1,88.3,95.0,-6.700000000000003,6.700000000000003
KMIA,ECMWF,2026-05-14 00:00:00+00:00,2026-05-14,1,87.4,95.0,-7.599999999999994,7.599999999999994
KMIA,GFS,2026-05-13 06:00:00+00:00,2026-05-14,1,92.6,95.0,-2.4000000000000057,2.4000000000000057
KMIA,GFS,2026-05-13 12:00:00+00:00,2026-05-14,1,93.8,95.0,-1.2000000000000028,1.2000000000000028
KMIA,GFS,2026-05-13 18:00:00+00:00,2026-05-14,1,91.0,95.0,-4.0,4.0
KMIA,GFS,2026-05-14 00:00:00+00:00,2026-05-14,1,92.9,95.0,-2.0999999999999943,2.0999999999999943
KMIA,HRRR,2026-05-14 01:00:00+00:00,2026-05-14,1,78.14284179687505,95.0,-16.857158203124953,16.857158203124953
KMIA,HRRR,2026-05-14 02:00:00+00:00,2026-05-14,1,77.9054272460938,95.0,-17.094572753906206,17.094572753906206
KMIA,HRRR,2026-05-14 03:00:00+00:00,2026-05-14,1,78.43705566406254,95.0,-16.56294433593746,16.56294433593746
KMIA,NBM,2026-05-13 06:00:00+00:00,2026-05-14,1,89.51001098632817,95.0,-5.489989013671831,5.489989013671831
KMIA,NBM,2026-05-13 12:00:00+00:00,2026-05-14,1,90.04998901367192,95.0,-4.950010986328081,4.950010986328081
KMIA,NBM,2026-05-13 18:00:00+00:00,2026-05-14,1,90.41001098632816,95.0,-4.58998901367184,4.58998901367184
KMIA,NBM,2026-05-14 00:00:00+00:00,2026-05-14,1,90.41001098632816,95.0,-4.58998901367184,4.58998901367184
KMIA,ECMWF,2026-05-12 06:00:00+00:00,2026-05-14,2,85.3,95.0,-9.700000000000003,9.700000000000003
KMIA,ECMWF,2026-05-12 12:00:00+00:00,2026-05-14,2,87.2,95.0,-7.799999999999997,7.799999999999997
KMIA,ECMWF,2026-05-12 18:00:00+00:00,2026-05-14,2,87.2,95.0,-7.799999999999997,7.799999999999997
KMIA,ECMWF,2026-05-13 00:00:00+00:00,2026-05-14,2,86.1,95.0,-8.900000000000006,8.900000000000006
KMIA,GFS,2026-05-12 06:00:00+00:00,2026-05-14,2,93.2,95.0,-1.7999999999999972,1.7999999999999972
KMIA,GFS,2026-05-12 12:00:00+00:00,2026-05-14,2,95.5,95.0,0.5,0.5
KMIA,GFS,2026-05-12 18:00:00+00:00,2026-05-14,2,96.6,95.0,1.5999999999999943,1.5999999999999943
KMIA,GFS,2026-05-13 00:00:00+00:00,2026-05-14,2,90.1,95.0,-4.900000000000006,4.900000000000006
KMIA,HRRR,2026-05-12 06:00:00+00:00,2026-05-14,2,76.68605468750005,95.0,-18.313945312499953,18.313945312499953
KMIA,HRRR,2026-05-12 12:00:00+00:00,2026-05-14,2,76.78306396484379,95.0,-18.21693603515621,18.21693603515621
KMIA,NBM,2026-05-12 06:00:00+00:00,2026-05-14,2,88.96997802734379,95.0,-6.030021972656215,6.030021972656215
KMIA,NBM,2026-05-12 12:00:00+00:00,2026-05-14,2,89.33000000000004,95.0,-5.669999999999959,5.669999999999959
KMIA,NBM,2026-05-12 18:00:00+00:00,2026-05-14,2,90.04998901367192,95.0,-4.950010986328081,4.950010986328081
KMIA,NBM,2026-05-13 00:00:00+00:00,2026-05-14,2,89.51001098632817,95.0,-5.489989013671831,5.489989013671831
KMIA,ECMWF,2026-05-11 06:00:00+00:00,2026-05-14,3,85.6,95.0,-9.400000000000006,9.400000000000006
KMIA,ECMWF,2026-05-11 12:00:00+00:00,2026-05-14,3,86.6,95.0,-8.400000000000006,8.400000000000006
KMIA,ECMWF,2026-05-11 18:00:00+00:00,2026-05-14,3,89.3,95.0,-5.700000000000003,5.700000000000003
KMIA,ECMWF,2026-05-12 00:00:00+00:00,2026-05-14,3,87.9,95.0,-7.099999999999994,7.099999999999994
KMIA,GFS,2026-05-11 06:00:00+00:00,2026-05-14,3,91.7,95.0,-3.299999999999997,3.299999999999997
KMIA,GFS,2026-05-11 12:00:00+00:00,2026-05-14,3,93.7,95.0,-1.2999999999999972,1.2999999999999972
KMIA,GFS,2026-05-11 18:00:00+00:00,2026-05-14,3,95.5,95.0,0.5,0.5
KMIA,GFS,2026-05-12 00:00:00+00:00,2026-05-14,3,93.2,95.0,-1.7999999999999972,1.7999999999999972
KMIA,NBM,2026-05-11 06:00:00+00:00,2026-05-14,3,89.51001098632817,95.0,-5.489989013671831,5.489989013671831
KMIA,NBM,2026-05-11 12:00:00+00:00,2026-05-14,3,89.33000000000004,95.0,-5.669999999999959,5.669999999999959
KMIA,NBM,2026-05-11 18:00:00+00:00,2026-05-14,3,89.14998901367191,95.0,-5.850010986328087,5.850010986328087
KMIA,NBM,2026-05-12 00:00:00+00:00,2026-05-14,3,89.33000000000004,95.0,-5.669999999999959,5.669999999999959
KMIA,ECMWF,2026-05-10 18:00:00+00:00,2026-05-14,4,87.0,95.0,-8.0,8.0
KMIA,ECMWF,2026-05-11 00:00:00+00:00,2026-05-14,4,84.7,95.0,-10.299999999999997,10.299999999999997
KMIA,GFS,2026-05-10 18:00:00+00:00,2026-05-14,4,91.2,95.0,-3.799999999999997,3.799999999999997
KMIA,GFS,2026-05-11 00:00:00+00:00,2026-05-14,4,91.4,95.0,-3.5999999999999943,3.5999999999999943
KMIA,NBM,2026-05-10 06:00:00+00:00,2026-05-14,4,88.43000000000004,95.0,-6.569999999999965,6.569999999999965
KMIA,NBM,2026-05-10 12:00:00+00:00,2026-05-14,4,88.24998901367192,95.0,-6.750010986328078,6.750010986328078
KMIA,NBM,2026-05-10 18:00:00+00:00,2026-05-14,4,88.24998901367192,95.0,-6.750010986328078,6.750010986328078
KMIA,NBM,2026-05-11 00:00:00+00:00,2026-05-14,4,88.0699780273438,95.0,-6.930021972656206,6.930021972656206
KMIA,NBM,2026-05-09 12:00:00+00:00,2026-05-14,5,88.0699780273438,95.0,-6.930021972656206,6.930021972656206
KMIA,NBM,2026-05-09 18:00:00+00:00,2026-05-14,5,87.89002197265629,95.0,-7.109978027343715,7.109978027343715
KMIA,NBM,2026-05-10 00:00:00+00:00,2026-05-14,5,88.0699780273438,95.0,-6.930021972656206,6.930021972656206
KMIA,GFS,2026-05-08 06:00:00+00:00,2026-05-14,6,92.3,95.0,-2.700000000000003,2.700000000000003
KMIA,GFS,2026-05-08 12:00:00+00:00,2026-05-14,6,92.5,95.0,-2.5,2.5
KMIA,GFS,2026-05-08 18:00:00+00:00,2026-05-14,6,92.5,95.0,-2.5,2.5
KMIA,GFS,2026-05-09 00:00:00+00:00,2026-05-14,6,91.6,95.0,-3.4000000000000057,3.4000000000000057
KMIA,NBM,2026-05-08 06:00:00+00:00,2026-05-14,6,88.96997802734379,95.0,-6.030021972656215,6.030021972656215
KMIA,NBM,2026-05-08 12:00:00+00:00,2026-05-14,6,89.14998901367191,95.0,-5.850010986328087,5.850010986328087
KMIA,NBM,2026-05-08 18:00:00+00:00,2026-05-14,6,87.89002197265629,95.0,-7.109978027343715,7.109978027343715
KMIA,NBM,2026-05-09 00:00:00+00:00,2026-05-14,6,87.53000000000004,95.0,-7.469999999999956,7.469999999999956
KMIA,GFS,2026-05-07 06:00:00+00:00,2026-05-14,7,86.3,95.0,-8.700000000000003,8.700000000000003
KMIA,GFS,2026-05-07 12:00:00+00:00,2026-05-14,7,91.2,95.0,-3.799999999999997,3.799999999999997
KMIA,GFS,2026-05-07 18:00:00+00:00,2026-05-14,7,89.1,95.0,-5.900000000000006,5.900000000000006
KMIA,GFS,2026-05-08 00:00:00+00:00,2026-05-14,7,92.5,95.0,-2.5,2.5
KMIA,NBM,2026-05-07 06:00:00+00:00,2026-05-14,7,88.61001098632816,95.0,-6.389989013671837,6.389989013671837
KMIA,NBM,2026-05-07 12:00:00+00:00,2026-05-14,7,88.61001098632816,95.0,-6.389989013671837,6.389989013671837
KMIA,NBM,2026-05-07 18:00:00+00:00,2026-05-14,7,88.43000000000004,95.0,-6.569999999999965,6.569999999999965
KMIA,NBM,2026-05-08 00:00:00+00:00,2026-05-14,7,88.43000000000004,95.0,-6.569999999999965,6.569999999999965
KNYC,ECMWF,2026-05-14 06:00:00+00:00,2026-05-14,0,66.4,66.0,0.4000000000000057,0.4000000000000057
KNYC,ECMWF,2026-05-14 12:00:00+00:00,2026-05-14,0,68.1,66.0,2.0999999999999943,2.0999999999999943
KNYC,ECMWF,2026-05-14 18:00:00+00:00,2026-05-14,0,69.4,66.0,3.4000000000000057,3.4000000000000057
KNYC,ECMWF,2026-05-15 00:00:00+00:00,2026-05-14,0,60.4,66.0,-5.600000000000001,5.600000000000001
KNYC,GFS,2026-05-14 06:00:00+00:00,2026-05-14,0,69.1,66.0,3.0999999999999943,3.0999999999999943
KNYC,GFS,2026-05-14 12:00:00+00:00,2026-05-14,0,68.1,66.0,2.0999999999999943,2.0999999999999943
KNYC,GFS,2026-05-14 18:00:00+00:00,2026-05-14,0,65.7,66.0,-0.29999999999999716,0.29999999999999716
KNYC,GFS,2026-05-15 00:00:00+00:00,2026-05-14,0,59.3,66.0,-6.700000000000003,6.700000000000003
KNYC,HRRR,2026-05-14 04:00:00+00:00,2026-05-14,0,57.779957275390665,66.0,-8.220042724609335,8.220042724609335
KNYC,HRRR,2026-05-14 05:00:00+00:00,2026-05-14,0,56.37821166992192,66.0,-9.621788330078083,9.621788330078083
KNYC,HRRR,2026-05-14 06:00:00+00:00,2026-05-14,0,60.38146484375004,66.0,-5.618535156249962,5.618535156249962
KNYC,HRRR,2026-05-14 07:00:00+00:00,2026-05-14,0,57.35105102539067,66.0,-8.648948974609333,8.648948974609333
KNYC,HRRR,2026-05-14 08:00:00+00:00,2026-05-14,0,59.243665771484416,66.0,-6.756334228515584,6.756334228515584
KNYC,HRRR,2026-05-14 09:00:00+00:00,2026-05-14,0,58.351960449218794,66.0,-7.648039550781206,7.648039550781206
KNYC,HRRR,2026-05-14 10:00:00+00:00,2026-05-14,0,59.43345458984379,66.0,-6.566545410156209,6.566545410156209
KNYC,HRRR,2026-05-14 11:00:00+00:00,2026-05-14,0,60.89881103515629,66.0,-5.101188964843708,5.101188964843708
KNYC,HRRR,2026-05-14 12:00:00+00:00,2026-05-14,0,67.01319702148442,66.0,1.013197021484416,1.013197021484416
KNYC,HRRR,2026-05-14 13:00:00+00:00,2026-05-14,0,64.74506958007817,66.0,-1.254930419921834,1.254930419921834
KNYC,HRRR,2026-05-14 14:00:00+00:00,2026-05-14,0,66.48574340820316,66.0,0.4857434082031631,0.4857434082031631
KNYC,HRRR,2026-05-14 15:00:00+00:00,2026-05-14,0,65.50466430664066,66.0,-0.4953356933593369,0.4953356933593369
KNYC,HRRR,2026-05-14 16:00:00+00:00,2026-05-14,0,65.87314575195316,66.0,-0.12685424804683976,0.12685424804683976
KNYC,HRRR,2026-05-14 17:00:00+00:00,2026-05-14,0,65.42841918945317,66.0,-0.5715808105468341,0.5715808105468341
KNYC,HRRR,2026-05-14 18:00:00+00:00,2026-05-14,0,66.57819335937504,66.0,0.5781933593750352,0.5781933593750352
KNYC,HRRR,2026-05-14 19:00:00+00:00,2026-05-14,0,66.25272338867191,66.0,0.25272338867191024,0.25272338867191024
KNYC,HRRR,2026-05-14 20:00:00+00:00,2026-05-14,0,66.37362792968754,66.0,0.37362792968754377,0.37362792968754377
KNYC,HRRR,2026-05-14 21:00:00+00:00,2026-05-14,0,63.890003662109415,66.0,-2.1099963378905855,2.1099963378905855
KNYC,HRRR,2026-05-14 22:00:00+00:00,2026-05-14,0,61.54304931640629,66.0,-4.4569506835937105,4.4569506835937105
KNYC,HRRR,2026-05-14 23:00:00+00:00,2026-05-14,0,60.56729858398442,66.0,-5.432701416015583,5.432701416015583
KNYC,HRRR,2026-05-15 00:00:00+00:00,2026-05-14,0,57.321058349609416,66.0,-8.678941650390584,8.678941650390584
KNYC,HRRR,2026-05-15 01:00:00+00:00,2026-05-14,0,57.10034301757817,66.0,-8.899656982421831,8.899656982421831
KNYC,HRRR,2026-05-15 02:00:00+00:00,2026-05-14,0,55.56571777343754,66.0,-10.434282226562459,10.434282226562459
KNYC,NBM,2026-05-14 06:00:00+00:00,2026-05-14,0,66.83000000000004,66.0,0.8300000000000409,0.8300000000000409
KNYC,NBM,2026-05-14 12:00:00+00:00,2026-05-14,0,68.63000000000004,66.0,2.630000000000038,2.630000000000038
KNYC,ECMWF,2026-05-13 06:00:00+00:00,2026-05-14,1,62.4,66.0,-3.6000000000000014,3.6000000000000014
KNYC,ECMWF,2026-05-13 12:00:00+00:00,2026-05-14,1,64.4,66.0,-1.5999999999999943,1.5999999999999943
KNYC,ECMWF,2026-05-13 18:00:00+00:00,2026-05-14,1,65.6,66.0,-0.4000000000000057,0.4000000000000057
KNYC,ECMWF,2026-05-14 00:00:00+00:00,2026-05-14,1,64.0,66.0,-2.0,2.0
KNYC,GFS,2026-05-13 06:00:00+00:00,2026-05-14,1,63.6,66.0,-2.3999999999999986,2.3999999999999986
KNYC,GFS,2026-05-13 12:00:00+00:00,2026-05-14,1,67.2,66.0,1.2000000000000028,1.2000000000000028
KNYC,GFS,2026-05-13 18:00:00+00:00,2026-05-14,1,63.0,66.0,-3.0,3.0
KNYC,GFS,2026-05-14 00:00:00+00:00,2026-05-14,1,60.6,66.0,-5.399999999999999,5.399999999999999
KNYC,HRRR,2026-05-14 01:00:00+00:00,2026-05-14,1,59.54958007812504,66.0,-6.4504199218749605,6.4504199218749605
KNYC,HRRR,2026-05-14 02:00:00+00:00,2026-05-14,1,58.74538085937504,66.0,-7.2546191406249605,7.2546191406249605
KNYC,HRRR,2026-05-14 03:00:00+00:00,2026-05-14,1,58.18705566406254,66.0,-7.812944335937459,7.812944335937459
KNYC,NBM,2026-05-13 06:00:00+00:00,2026-05-14,1,64.66997802734379,66.0,-1.330021972656212,1.330021972656212
KNYC,NBM,2026-05-13 12:00:00+00:00,2026-05-14,1,67.01001098632817,66.0,1.0100109863281688,1.0100109863281688
KNYC,NBM,2026-05-13 18:00:00+00:00,2026-05-14,1,66.64998901367191,66.0,0.6499890136719131,0.6499890136719131
KNYC,NBM,2026-05-14 00:00:00+00:00,2026-05-14,1,65.93000000000004,66.0,-0.06999999999996476,0.06999999999996476
KNYC,ECMWF,2026-05-12 06:00:00+00:00,2026-05-14,2,63.3,66.0,-2.700000000000003,2.700000000000003
KNYC,ECMWF,2026-05-12 12:00:00+00:00,2026-05-14,2,61.6,66.0,-4.399999999999999,4.399999999999999
KNYC,ECMWF,2026-05-12 18:00:00+00:00,2026-05-14,2,61.6,66.0,-4.399999999999999,4.399999999999999
KNYC,ECMWF,2026-05-13 00:00:00+00:00,2026-05-14,2,68.0,66.0,2.0,2.0
KNYC,GFS,2026-05-12 06:00:00+00:00,2026-05-14,2,67.9,66.0,1.9000000000000057,1.9000000000000057
KNYC,GFS,2026-05-12 12:00:00+00:00,2026-05-14,2,69.2,66.0,3.200000000000003,3.200000000000003
KNYC,GFS,2026-05-12 18:00:00+00:00,2026-05-14,2,64.2,66.0,-1.7999999999999972,1.7999999999999972
KNYC,GFS,2026-05-13 00:00:00+00:00,2026-05-14,2,65.7,66.0,-0.29999999999999716,0.29999999999999716
KNYC,HRRR,2026-05-12 06:00:00+00:00,2026-05-14,2,57.89855468750004,66.0,-8.101445312499962,8.101445312499962
KNYC,HRRR,2026-05-12 12:00:00+00:00,2026-05-14,2,57.43306396484379,66.0,-8.56693603515621,8.56693603515621
KNYC,NBM,2026-05-12 06:00:00+00:00,2026-05-14,2,66.11001098632816,66.0,0.11001098632816309,0.11001098632816309
KNYC,NBM,2026-05-12 12:00:00+00:00,2026-05-14,2,66.11001098632816,66.0,0.11001098632816309,0.11001098632816309
KNYC,NBM,2026-05-12 18:00:00+00:00,2026-05-14,2,65.93000000000004,66.0,-0.06999999999996476,0.06999999999996476
KNYC,NBM,2026-05-13 00:00:00+00:00,2026-05-14,2,65.03000000000004,66.0,-0.9699999999999562,0.9699999999999562
KNYC,ECMWF,2026-05-11 06:00:00+00:00,2026-05-14,3,65.9,66.0,-0.09999999999999432,0.09999999999999432
KNYC,ECMWF,2026-05-11 12:00:00+00:00,2026-05-14,3,66.5,66.0,0.5,0.5
KNYC,ECMWF,2026-05-11 18:00:00+00:00,2026-05-14,3,64.9,66.0,-1.0999999999999943,1.0999999999999943
KNYC,ECMWF,2026-05-12 00:00:00+00:00,2026-05-14,3,63.3,66.0,-2.700000000000003,2.700000000000003
KNYC,GFS,2026-05-11 06:00:00+00:00,2026-05-14,3,68.1,66.0,2.0999999999999943,2.0999999999999943
KNYC,GFS,2026-05-11 12:00:00+00:00,2026-05-14,3,68.1,66.0,2.0999999999999943,2.0999999999999943
KNYC,GFS,2026-05-11 18:00:00+00:00,2026-05-14,3,68.5,66.0,2.5,2.5
KNYC,GFS,2026-05-12 00:00:00+00:00,2026-05-14,3,67.9,66.0,1.9000000000000057,1.9000000000000057
KNYC,NBM,2026-05-11 06:00:00+00:00,2026-05-14,3,67.91001098632816,66.0,1.9100109863281602,1.9100109863281602
KNYC,NBM,2026-05-11 12:00:00+00:00,2026-05-14,3,67.73000000000005,66.0,1.7300000000000466,1.7300000000000466
KNYC,NBM,2026-05-11 18:00:00+00:00,2026-05-14,3,65.39002197265629,66.0,-0.6099780273437148,0.6099780273437148
KNYC,NBM,2026-05-12 00:00:00+00:00,2026-05-14,3,65.74998901367192,66.0,-0.2500109863280784,0.2500109863280784
KNYC,ECMWF,2026-05-10 18:00:00+00:00,2026-05-14,4,66.1,66.0,0.09999999999999432,0.09999999999999432
KNYC,ECMWF,2026-05-11 00:00:00+00:00,2026-05-14,4,63.9,66.0,-2.1000000000000014,2.1000000000000014
KNYC,GFS,2026-05-10 18:00:00+00:00,2026-05-14,4,69.6,66.0,3.5999999999999943,3.5999999999999943
KNYC,GFS,2026-05-11 00:00:00+00:00,2026-05-14,4,66.7,66.0,0.7000000000000028,0.7000000000000028
KNYC,NBM,2026-05-10 06:00:00+00:00,2026-05-14,4,68.44998901367191,66.0,2.4499890136719102,2.4499890136719102
KNYC,NBM,2026-05-10 12:00:00+00:00,2026-05-14,4,67.73000000000005,66.0,1.7300000000000466,1.7300000000000466
KNYC,NBM,2026-05-10 18:00:00+00:00,2026-05-14,4,67.91001098632816,66.0,1.9100109863281602,1.9100109863281602
KNYC,NBM,2026-05-11 00:00:00+00:00,2026-05-14,4,67.91001098632816,66.0,1.9100109863281602,1.9100109863281602
KNYC,NBM,2026-05-09 12:00:00+00:00,2026-05-14,5,66.11001098632816,66.0,0.11001098632816309,0.11001098632816309
KNYC,NBM,2026-05-09 18:00:00+00:00,2026-05-14,5,66.11001098632816,66.0,0.11001098632816309,0.11001098632816309
KNYC,NBM,2026-05-10 00:00:00+00:00,2026-05-14,5,67.54998901367192,66.0,1.5499890136719188,1.5499890136719188
KNYC,GFS,2026-05-08 06:00:00+00:00,2026-05-14,6,62.9,66.0,-3.1000000000000014,3.1000000000000014
KNYC,GFS,2026-05-08 12:00:00+00:00,2026-05-14,6,67.4,66.0,1.4000000000000057,1.4000000000000057
KNYC,GFS,2026-05-08 18:00:00+00:00,2026-05-14,6,67.4,66.0,1.4000000000000057,1.4000000000000057
KNYC,GFS,2026-05-09 00:00:00+00:00,2026-05-14,6,71.5,66.0,5.5,5.5
KNYC,NBM,2026-05-08 06:00:00+00:00,2026-05-14,6,65.93000000000004,66.0,-0.06999999999996476,0.06999999999996476
KNYC,NBM,2026-05-08 12:00:00+00:00,2026-05-14,6,64.4900219726563,66.0,-1.5099780273437062,1.5099780273437062
KNYC,NBM,2026-05-08 18:00:00+00:00,2026-05-14,6,65.21001098632817,66.0,-0.7899890136718284,0.7899890136718284
KNYC,GFS,2026-05-07 06:00:00+00:00,2026-05-14,7,69.6,66.0,3.5999999999999943,3.5999999999999943
KNYC,GFS,2026-05-07 12:00:00+00:00,2026-05-14,7,54.5,66.0,-11.5,11.5
KNYC,GFS,2026-05-07 18:00:00+00:00,2026-05-14,7,67.6,66.0,1.5999999999999943,1.5999999999999943
KNYC,GFS,2026-05-08 00:00:00+00:00,2026-05-14,7,64.0,66.0,-2.0,2.0
KNYC,NBM,2026-05-07 06:00:00+00:00,2026-05-14,7,68.09002197265629,66.0,2.090021972656288,2.090021972656288
KNYC,NBM,2026-05-07 12:00:00+00:00,2026-05-14,7,66.64998901367191,66.0,0.6499890136719131,0.6499890136719131
KNYC,NBM,2026-05-07 18:00:00+00:00,2026-05-14,7,65.74998901367192,66.0,-0.2500109863280784,0.2500109863280784
KNYC,NBM,2026-05-08 00:00:00+00:00,2026-05-14,7,65.74998901367192,66.0,-0.2500109863280784,0.2500109863280784
KLGA,ECMWF,2026-05-15 18:00:00+00:00,2026-05-15,0,68.1,66.0,2.0999999999999943,2.0999999999999943
KLGA,ECMWF,2026-05-16 00:00:00+00:00,2026-05-15,0,65.9,66.0,-0.09999999999999432,0.09999999999999432
KLGA,GFS,2026-05-15 18:00:00+00:00,2026-05-15,0,67.6,66.0,1.5999999999999943,1.5999999999999943
KLGA,GFS,2026-05-16 00:00:00+00:00,2026-05-15,0,63.2,66.0,-2.799999999999997,2.799999999999997
KLGA,HRRR,2026-05-15 21:00:00+00:00,2026-05-15,0,66.40125854492192,66.0,0.4012585449219159,0.4012585449219159
KLGA,HRRR,2026-05-15 22:00:00+00:00,2026-05-15,0,65.98866699218755,66.0,-0.011333007812453388,0.011333007812453388
KLGA,HRRR,2026-05-15 23:00:00+00:00,2026-05-15,0,63.100416259765666,66.0,-2.899583740234334,2.899583740234334
KLGA,HRRR,2026-05-16 01:00:00+00:00,2026-05-15,0,60.09032714843754,66.0,-5.909672851562462,5.909672851562462
KLGA,HRRR,2026-05-16 02:00:00+00:00,2026-05-15,0,58.623487548828166,66.0,-7.376512451171834,7.376512451171834
KLGA,NBM,2026-05-15 12:00:00+00:00,2026-05-15,0,69.16997802734379,66.0,3.169978027343788,3.169978027343788
KMDW,ECMWF,2026-05-15 06:00:00+00:00,2026-05-15,0,73.9,76.0,-2.0999999999999943,2.0999999999999943
KMDW,ECMWF,2026-05-15 12:00:00+00:00,2026-05-15,0,77.6,76.0,1.5999999999999943,1.5999999999999943
KMDW,ECMWF,2026-05-15 18:00:00+00:00,2026-05-15,0,77.3,76.0,1.2999999999999972,1.2999999999999972
KMDW,ECMWF,2026-05-16 00:00:00+00:00,2026-05-15,0,72.9,76.0,-3.0999999999999943,3.0999999999999943
KMDW,GFS,2026-05-15 06:00:00+00:00,2026-05-15,0,73.0,76.0,-3.0,3.0
KMDW,GFS,2026-05-15 12:00:00+00:00,2026-05-15,0,76.9,76.0,0.9000000000000057,0.9000000000000057
KMDW,GFS,2026-05-15 18:00:00+00:00,2026-05-15,0,71.7,76.0,-4.299999999999997,4.299999999999997
KMDW,GFS,2026-05-16 00:00:00+00:00,2026-05-15,0,71.9,76.0,-4.099999999999994,4.099999999999994
KMDW,HRRR,2026-05-15 05:00:00+00:00,2026-05-15,0,52.127106933593794,76.0,-23.872893066406206,23.872893066406206
KMDW,HRRR,2026-05-15 06:00:00+00:00,2026-05-15,0,60.81663330078129,76.0,-15.183366699218709,15.183366699218709
KMDW,HRRR,2026-05-15 07:00:00+00:00,2026-05-15,0,60.111036376953166,76.0,-15.888963623046834,15.888963623046834
KMDW,HRRR,2026-05-15 08:00:00+00:00,2026-05-15,0,57.20509765625004,76.0,-18.79490234374996,18.79490234374996
KMDW,HRRR,2026-05-15 09:00:00+00:00,2026-05-15,0,59.373304443359416,76.0,-16.626695556640584,16.626695556640584
KMDW,HRRR,2026-05-15 10:00:00+00:00,2026-05-15,0,65.99047973632817,76.0,-10.009520263671831,10.009520263671831
KMDW,HRRR,2026-05-15 11:00:00+00:00,2026-05-15,0,57.133741455078166,76.0,-18.866258544921834,18.866258544921834
KMDW,HRRR,2026-05-15 12:00:00+00:00,2026-05-15,0,69.96253173828129,76.0,-6.037468261718715,6.037468261718715
KMDW,HRRR,2026-05-15 13:00:00+00:00,2026-05-15,0,68.95283325195317,76.0,-7.047166748046834,7.047166748046834
KMDW,HRRR,2026-05-15 14:00:00+00:00,2026-05-15,0,73.5796704101563,76.0,-2.4203295898437034,2.4203295898437034
KMDW,HRRR,2026-05-15 15:00:00+00:00,2026-05-15,0,72.60051391601567,76.0,-3.3994860839843284,3.3994860839843284
KMDW,HRRR,2026-05-15 16:00:00+00:00,2026-05-15,0,71.64047363281254,76.0,-4.359526367187456,4.359526367187456
KMDW,HRRR,2026-05-15 17:00:00+00:00,2026-05-15,0,73.43640869140629,76.0,-2.5635913085937148,2.5635913085937148
KMDW,HRRR,2026-05-15 18:00:00+00:00,2026-05-15,0,73.36005371093754,76.0,-2.6399462890624648,2.6399462890624648
KMDW,HRRR,2026-05-15 19:00:00+00:00,2026-05-15,0,73.2032788085938,76.0,-2.7967211914062062,2.7967211914062062
KMDW,HRRR,2026-05-15 20:00:00+00:00,2026-05-15,0,73.12934082031254,76.0,-2.8706591796874648,2.8706591796874648
KMDW,HRRR,2026-05-15 21:00:00+00:00,2026-05-15,0,73.82625854492191,76.0,-2.173741455078087,2.173741455078087
KMDW,HRRR,2026-05-15 22:00:00+00:00,2026-05-15,0,73.63866699218754,76.0,-2.361333007812462,2.361333007812462
KMDW,HRRR,2026-05-15 23:00:00+00:00,2026-05-15,0,71.87541625976567,76.0,-4.124583740234328,4.124583740234328
KMDW,HRRR,2026-05-16 01:00:00+00:00,2026-05-15,0,67.29032714843754,76.0,-8.709672851562459,8.709672851562459
KMDW,HRRR,2026-05-16 02:00:00+00:00,2026-05-15,0,65.93598754882817,76.0,-10.064012451171834,10.064012451171834
KMDW,HRRR,2026-05-16 03:00:00+00:00,2026-05-15,0,65.3810131835938,76.0,-10.618986816406206,10.618986816406206
KMDW,NBM,2026-05-15 06:00:00+00:00,2026-05-15,0,77.9900219726563,76.0,1.9900219726562938,1.9900219726562938
KMDW,NBM,2026-05-15 12:00:00+00:00,2026-05-15,0,77.63000000000004,76.0,1.630000000000038,1.630000000000038
KMDW,ECMWF,2026-05-14 06:00:00+00:00,2026-05-15,1,74.5,76.0,-1.5,1.5
KMDW,ECMWF,2026-05-14 12:00:00+00:00,2026-05-15,1,74.0,76.0,-2.0,2.0
KMDW,ECMWF,2026-05-14 18:00:00+00:00,2026-05-15,1,70.8,76.0,-5.200000000000003,5.200000000000003
KMDW,ECMWF,2026-05-15 00:00:00+00:00,2026-05-15,1,71.7,76.0,-4.299999999999997,4.299999999999997
KMDW,GFS,2026-05-14 06:00:00+00:00,2026-05-15,1,72.2,76.0,-3.799999999999997,3.799999999999997
KMDW,GFS,2026-05-14 12:00:00+00:00,2026-05-15,1,76.1,76.0,0.09999999999999432,0.09999999999999432
KMDW,GFS,2026-05-14 18:00:00+00:00,2026-05-15,1,75.5,76.0,-0.5,0.5
KMDW,GFS,2026-05-15 00:00:00+00:00,2026-05-15,1,73.5,76.0,-2.5,2.5
KMDW,HRRR,2026-05-15 00:00:00+00:00,2026-05-15,1,53.446400146484415,76.0,-22.553599853515585,22.553599853515585
KMDW,HRRR,2026-05-15 01:00:00+00:00,2026-05-15,1,53.70688598632817,76.0,-22.293114013671833,22.293114013671833
KMDW,HRRR,2026-05-15 02:00:00+00:00,2026-05-15,1,53.04072998046879,76.0,-22.95927001953121,22.95927001953121
KMDW,HRRR,2026-05-15 03:00:00+00:00,2026-05-15,1,53.53863037109379,76.0,-22.461369628906212,22.461369628906212
KMDW,HRRR,2026-05-15 04:00:00+00:00,2026-05-15,1,51.81861083984379,76.0,-24.181389160156208,24.181389160156208
KMDW,NBM,2026-05-14 06:00:00+00:00,2026-05-15,1,73.31001098632817,76.0,-2.689989013671834,2.689989013671834
KMDW,NBM,2026-05-14 12:00:00+00:00,2026-05-15,1,75.46997802734379,76.0,-0.5300219726562148,0.5300219726562148
KMDW,NBM,2026-05-14 18:00:00+00:00,2026-05-15,1,74.39002197265629,76.0,-1.6099780273437148,1.6099780273437148
KMDW,NBM,2026-05-15 00:00:00+00:00,2026-05-15,1,74.93000000000004,76.0,-1.0699999999999648,1.0699999999999648
KMDW,ECMWF,2026-05-13 06:00:00+00:00,2026-05-15,2,71.6,76.0,-4.400000000000006,4.400000000000006
KMDW,ECMWF,2026-05-13 12:00:00+00:00,2026-05-15,2,73.5,76.0,-2.5,2.5
KMDW,ECMWF,2026-05-13 18:00:00+00:00,2026-05-15,2,73.5,76.0,-2.5,2.5
KMDW,ECMWF,2026-05-14 00:00:00+00:00,2026-05-15,2,73.8,76.0,-2.200000000000003,2.200000000000003
KMDW,GFS,2026-05-13 06:00:00+00:00,2026-05-15,2,71.8,76.0,-4.200000000000003,4.200000000000003
KMDW,GFS,2026-05-13 12:00:00+00:00,2026-05-15,2,72.5,76.0,-3.5,3.5
KMDW,GFS,2026-05-13 18:00:00+00:00,2026-05-15,2,74.0,76.0,-2.0,2.0
KMDW,GFS,2026-05-14 00:00:00+00:00,2026-05-15,2,67.7,76.0,-8.299999999999997,8.299999999999997
KMDW,NBM,2026-05-13 06:00:00+00:00,2026-05-15,2,74.5699780273438,76.0,-1.4300219726562062,1.4300219726562062
KMDW,NBM,2026-05-13 12:00:00+00:00,2026-05-15,2,74.93000000000004,76.0,-1.0699999999999648,1.0699999999999648
KMDW,NBM,2026-05-13 18:00:00+00:00,2026-05-15,2,73.4900219726563,76.0,-2.5099780273437062,2.5099780273437062
KMDW,NBM,2026-05-14 00:00:00+00:00,2026-05-15,2,74.74998901367192,76.0,-1.2500109863280784,1.2500109863280784
KMDW,ECMWF,2026-05-12 06:00:00+00:00,2026-05-15,3,74.3,76.0,-1.7000000000000028,1.7000000000000028
KMDW,ECMWF,2026-05-12 12:00:00+00:00,2026-05-15,3,73.8,76.0,-2.200000000000003,2.200000000000003
KMDW,ECMWF,2026-05-12 18:00:00+00:00,2026-05-15,3,73.8,76.0,-2.200000000000003,2.200000000000003
KMDW,ECMWF,2026-05-13 00:00:00+00:00,2026-05-15,3,71.7,76.0,-4.299999999999997,4.299999999999997
KMDW,GFS,2026-05-12 06:00:00+00:00,2026-05-15,3,65.9,76.0,-10.099999999999994,10.099999999999994
KMDW,GFS,2026-05-12 12:00:00+00:00,2026-05-15,3,71.6,76.0,-4.400000000000006,4.400000000000006
KMDW,GFS,2026-05-12 18:00:00+00:00,2026-05-15,3,75.6,76.0,-0.4000000000000057,0.4000000000000057
KMDW,GFS,2026-05-13 00:00:00+00:00,2026-05-15,3,71.3,76.0,-4.700000000000003,4.700000000000003
KMDW,NBM,2026-05-12 06:00:00+00:00,2026-05-15,3,78.34998901367192,76.0,2.349989013671916,2.349989013671916
KMDW,NBM,2026-05-12 12:00:00+00:00,2026-05-15,3,76.91001098632816,76.0,0.9100109863281602,0.9100109863281602
KMDW,NBM,2026-05-12 18:00:00+00:00,2026-05-15,3,76.73000000000005,76.0,0.7300000000000466,0.7300000000000466
KMDW,NBM,2026-05-13 00:00:00+00:00,2026-05-15,3,76.1900219726563,76.0,0.1900219726562966,0.1900219726562966
KMDW,ECMWF,2026-05-11 06:00:00+00:00,2026-05-15,4,71.6,76.0,-4.400000000000006,4.400000000000006
KMDW,ECMWF,2026-05-11 12:00:00+00:00,2026-05-15,4,69.0,76.0,-7.0,7.0
KMDW,ECMWF,2026-05-11 18:00:00+00:00,2026-05-15,4,69.8,76.0,-6.200000000000003,6.200000000000003
KMDW,ECMWF,2026-05-12 00:00:00+00:00,2026-05-15,4,70.2,76.0,-5.799999999999997,5.799999999999997
KMDW,GFS,2026-05-11 06:00:00+00:00,2026-05-15,4,75.4,76.0,-0.5999999999999943,0.5999999999999943
KMDW,GFS,2026-05-11 12:00:00+00:00,2026-05-15,4,62.4,76.0,-13.600000000000001,13.600000000000001
KMDW,GFS,2026-05-11 18:00:00+00:00,2026-05-15,4,66.6,76.0,-9.400000000000006,9.400000000000006
KMDW,GFS,2026-05-12 00:00:00+00:00,2026-05-15,4,65.9,76.0,-10.099999999999994,10.099999999999994
KMDW,NBM,2026-05-11 06:00:00+00:00,2026-05-15,4,76.73000000000005,76.0,0.7300000000000466,0.7300000000000466
KMDW,NBM,2026-05-11 12:00:00+00:00,2026-05-15,4,77.09002197265629,76.0,1.090021972656288,1.090021972656288
KMDW,NBM,2026-05-11 18:00:00+00:00,2026-05-15,4,77.2699780273438,76.0,1.2699780273437966,1.2699780273437966
KMDW,NBM,2026-05-12 00:00:00+00:00,2026-05-15,4,77.2699780273438,76.0,1.2699780273437966,1.2699780273437966
KMDW,ECMWF,2026-05-10 18:00:00+00:00,2026-05-15,5,69.3,76.0,-6.700000000000003,6.700000000000003
KMDW,ECMWF,2026-05-11 00:00:00+00:00,2026-05-15,5,69.0,76.0,-7.0,7.0
KMDW,GFS,2026-05-10 18:00:00+00:00,2026-05-15,5,75.9,76.0,-0.09999999999999432,0.09999999999999432
KMDW,GFS,2026-05-11 00:00:00+00:00,2026-05-15,5,79.5,76.0,3.5,3.5
KMDW,NBM,2026-05-10 06:00:00+00:00,2026-05-15,5,78.16997802734379,76.0,2.169978027343788,2.169978027343788
KMDW,NBM,2026-05-10 12:00:00+00:00,2026-05-15,5,77.44998901367191,76.0,1.4499890136719102,1.4499890136719102
KMDW,NBM,2026-05-10 18:00:00+00:00,2026-05-15,5,77.44998901367191,76.0,1.4499890136719102,1.4499890136719102
KMDW,NBM,2026-05-11 00:00:00+00:00,2026-05-15,5,75.64998901367191,76.0,-0.3500109863280869,0.3500109863280869
KMDW,NBM,2026-05-09 12:00:00+00:00,2026-05-15,6,77.44998901367191,76.0,1.4499890136719102,1.4499890136719102
KMDW,NBM,2026-05-09 18:00:00+00:00,2026-05-15,6,77.2699780273438,76.0,1.2699780273437966,1.2699780273437966
KMDW,NBM,2026-05-10 00:00:00+00:00,2026-05-15,6,77.81001098632817,76.0,1.810010986328166,1.810010986328166
KMDW,GFS,2026-05-08 06:00:00+00:00,2026-05-15,7,71.0,76.0,-5.0,5.0
KMDW,GFS,2026-05-08 12:00:00+00:00,2026-05-15,7,56.8,76.0,-19.200000000000003,19.200000000000003
KMDW,GFS,2026-05-08 18:00:00+00:00,2026-05-15,7,56.8,76.0,-19.200000000000003,19.200000000000003
KMDW,GFS,2026-05-09 00:00:00+00:00,2026-05-15,7,62.2,76.0,-13.799999999999997,13.799999999999997
KMDW,NBM,2026-05-08 06:00:00+00:00,2026-05-15,7,77.63000000000004,76.0,1.630000000000038,1.630000000000038
KMDW,NBM,2026-05-08 12:00:00+00:00,2026-05-15,7,77.81001098632817,76.0,1.810010986328166,1.810010986328166
KMDW,NBM,2026-05-08 18:00:00+00:00,2026-05-15,7,76.36997802734379,76.0,0.3699780273437909,0.3699780273437909
KMIA,ECMWF,2026-05-15 06:00:00+00:00,2026-05-15,0,87.6,93.0,-5.400000000000006,5.400000000000006
KMIA,ECMWF,2026-05-15 12:00:00+00:00,2026-05-15,0,86.1,93.0,-6.900000000000006,6.900000000000006
KMIA,ECMWF,2026-05-15 18:00:00+00:00,2026-05-15,0,88.2,93.0,-4.799999999999997,4.799999999999997
KMIA,ECMWF,2026-05-16 00:00:00+00:00,2026-05-15,0,83.1,93.0,-9.900000000000006,9.900000000000006
KMIA,GFS,2026-05-15 06:00:00+00:00,2026-05-15,0,89.9,93.0,-3.0999999999999943,3.0999999999999943
KMIA,GFS,2026-05-15 12:00:00+00:00,2026-05-15,0,91.7,93.0,-1.2999999999999972,1.2999999999999972
KMIA,GFS,2026-05-15 18:00:00+00:00,2026-05-15,0,89.6,93.0,-3.4000000000000057,3.4000000000000057
KMIA,GFS,2026-05-16 00:00:00+00:00,2026-05-15,0,83.1,93.0,-9.900000000000006,9.900000000000006
KMIA,HRRR,2026-05-15 04:00:00+00:00,2026-05-15,0,77.2436108398438,93.0,-15.756389160156203,15.756389160156203
KMIA,HRRR,2026-05-15 05:00:00+00:00,2026-05-15,0,76.2021069335938,93.0,-16.797893066406203,16.797893066406203
KMIA,HRRR,2026-05-15 06:00:00+00:00,2026-05-15,0,86.5791333007813,93.0,-6.420866699218706,6.420866699218706
KMIA,HRRR,2026-05-15 07:00:00+00:00,2026-05-15,0,83.84853637695316,93.0,-9.151463623046837,9.151463623046837
KMIA,HRRR,2026-05-15 08:00:00+00:00,2026-05-15,0,84.09259765625004,93.0,-8.907402343749965,8.907402343749965
KMIA,HRRR,2026-05-15 09:00:00+00:00,2026-05-15,0,87.16080444335941,93.0,-5.83919555664059,5.83919555664059
KMIA,HRRR,2026-05-15 10:00:00+00:00,2026-05-15,0,91.62416503906255,93.0,-1.3758349609374534,1.3758349609374534
KMIA,HRRR,2026-05-15 11:00:00+00:00,2026-05-15,0,86.94959228515629,93.0,-6.050407714843715,6.050407714843715
KMIA,HRRR,2026-05-15 12:00:00+00:00,2026-05-15,0,89.77588012695317,93.0,-3.2241198730468312,3.2241198730468312
KMIA,HRRR,2026-05-15 13:00:00+00:00,2026-05-15,0,89.98945434570317,93.0,-3.010545654296834,3.010545654296834
KMIA,HRRR,2026-05-15 14:00:00+00:00,2026-05-15,0,90.67088134765629,93.0,-2.329118652343709,2.329118652343709
KMIA,HRRR,2026-05-15 15:00:00+00:00,2026-05-15,0,91.84251831054692,93.0,-1.1574816894530784,1.1574816894530784
KMIA,HRRR,2026-05-15 16:00:00+00:00,2026-05-15,0,91.0253002929688,93.0,-1.9746997070312062,1.9746997070312062
KMIA,HRRR,2026-05-15 17:00:00+00:00,2026-05-15,0,90.22274902343754,93.0,-2.7772509765624562,2.7772509765624562
KMIA,HRRR,2026-05-15 18:00:00+00:00,2026-05-15,0,89.35301635742192,93.0,-3.6469836425780784,3.6469836425780784
KMIA,HRRR,2026-05-15 19:00:00+00:00,2026-05-15,0,88.65098999023442,93.0,-4.349010009765578,4.349010009765578
KMIA,HRRR,2026-05-15 20:00:00+00:00,2026-05-15,0,87.72050292968754,93.0,-5.279497070312459,5.279497070312459
KMIA,HRRR,2026-05-15 21:00:00+00:00,2026-05-15,0,86.20125854492191,93.0,-6.798741455078087,6.798741455078087
KMIA,HRRR,2026-05-15 22:00:00+00:00,2026-05-15,0,84.88866699218754,93.0,-8.111333007812462,8.111333007812462
KMIA,HRRR,2026-05-15 23:00:00+00:00,2026-05-15,0,83.01291625976566,93.0,-9.98708374023434,9.98708374023434
KMIA,HRRR,2026-05-16 01:00:00+00:00,2026-05-15,0,81.91532714843754,93.0,-11.084672851562459,11.084672851562459
KMIA,HRRR,2026-05-16 02:00:00+00:00,2026-05-15,0,81.46098754882817,93.0,-11.539012451171828,11.539012451171828
KMIA,NBM,2026-05-15 06:00:00+00:00,2026-05-15,0,89.51001098632817,93.0,-3.4899890136718312,3.4899890136718312
KMIA,NBM,2026-05-15 12:00:00+00:00,2026-05-15,0,90.41001098632816,93.0,-2.5899890136718398,2.5899890136718398
KMIA,ECMWF,2026-05-14 06:00:00+00:00,2026-05-15,1,87.4,93.0,-5.599999999999994,5.599999999999994
KMIA,ECMWF,2026-05-14 12:00:00+00:00,2026-05-15,1,87.0,93.0,-6.0,6.0
KMIA,ECMWF,2026-05-14 18:00:00+00:00,2026-05-15,1,86.1,93.0,-6.900000000000006,6.900000000000006
KMIA,ECMWF,2026-05-15 00:00:00+00:00,2026-05-15,1,85.8,93.0,-7.200000000000003,7.200000000000003
KMIA,GFS,2026-05-14 06:00:00+00:00,2026-05-15,1,89.0,93.0,-4.0,4.0
KMIA,GFS,2026-05-14 12:00:00+00:00,2026-05-15,1,88.2,93.0,-4.799999999999997,4.799999999999997
KMIA,GFS,2026-05-14 18:00:00+00:00,2026-05-15,1,90.7,93.0,-2.299999999999997,2.299999999999997
KMIA,GFS,2026-05-15 00:00:00+00:00,2026-05-15,1,91.3,93.0,-1.7000000000000028,1.7000000000000028
KMIA,HRRR,2026-05-14 23:00:00+00:00,2026-05-15,1,77.78589599609379,93.0,-15.214104003906215,15.214104003906215
KMIA,HRRR,2026-05-15 00:00:00+00:00,2026-05-15,1,77.97140014648441,93.0,-15.028599853515587,15.028599853515587
KMIA,HRRR,2026-05-15 01:00:00+00:00,2026-05-15,1,79.32738769531254,93.0,-13.672612304687462,13.672612304687462
KMIA,HRRR,2026-05-15 02:00:00+00:00,2026-05-15,1,78.57938354492191,93.0,-14.42061645507809,14.42061645507809
KMIA,HRRR,2026-05-15 03:00:00+00:00,2026-05-15,1,78.20705688476566,93.0,-14.792943115234337,14.792943115234337
KMIA,NBM,2026-05-14 06:00:00+00:00,2026-05-15,1,88.96997802734379,93.0,-4.030021972656215,4.030021972656215
KMIA,NBM,2026-05-14 12:00:00+00:00,2026-05-15,1,89.14998901367191,93.0,-3.850010986328087,3.850010986328087
KMIA,NBM,2026-05-14 18:00:00+00:00,2026-05-15,1,89.33000000000004,93.0,-3.669999999999959,3.669999999999959
KMIA,NBM,2026-05-15 00:00:00+00:00,2026-05-15,1,89.51001098632817,93.0,-3.4899890136718312,3.4899890136718312
KMIA,ECMWF,2026-05-13 06:00:00+00:00,2026-05-15,2,85.0,93.0,-8.0,8.0
KMIA,ECMWF,2026-05-13 12:00:00+00:00,2026-05-15,2,83.4,93.0,-9.599999999999994,9.599999999999994
KMIA,ECMWF,2026-05-13 18:00:00+00:00,2026-05-15,2,85.7,93.0,-7.299999999999997,7.299999999999997
KMIA,ECMWF,2026-05-14 00:00:00+00:00,2026-05-15,2,86.0,93.0,-7.0,7.0
KMIA,GFS,2026-05-13 06:00:00+00:00,2026-05-15,2,92.5,93.0,-0.5,0.5
KMIA,GFS,2026-05-13 12:00:00+00:00,2026-05-15,2,91.7,93.0,-1.2999999999999972,1.2999999999999972
KMIA,GFS,2026-05-13 18:00:00+00:00,2026-05-15,2,92.8,93.0,-0.20000000000000284,0.20000000000000284
KMIA,GFS,2026-05-14 00:00:00+00:00,2026-05-15,2,91.2,93.0,-1.7999999999999972,1.7999999999999972
KMIA,NBM,2026-05-13 06:00:00+00:00,2026-05-15,2,88.61001098632816,93.0,-4.389989013671837,4.389989013671837
KMIA,NBM,2026-05-13 12:00:00+00:00,2026-05-15,2,88.61001098632816,93.0,-4.389989013671837,4.389989013671837
KMIA,NBM,2026-05-13 18:00:00+00:00,2026-05-15,2,88.61001098632816,93.0,-4.389989013671837,4.389989013671837
KMIA,NBM,2026-05-14 00:00:00+00:00,2026-05-15,2,88.24998901367192,93.0,-4.750010986328078,4.750010986328078
KMIA,ECMWF,2026-05-12 06:00:00+00:00,2026-05-15,3,82.8,93.0,-10.200000000000003,10.200000000000003
KMIA,ECMWF,2026-05-12 12:00:00+00:00,2026-05-15,3,85.8,93.0,-7.200000000000003,7.200000000000003
KMIA,ECMWF,2026-05-12 18:00:00+00:00,2026-05-15,3,85.8,93.0,-7.200000000000003,7.200000000000003
KMIA,ECMWF,2026-05-13 00:00:00+00:00,2026-05-15,3,83.7,93.0,-9.299999999999997,9.299999999999997
KMIA,GFS,2026-05-12 06:00:00+00:00,2026-05-15,3,91.2,93.0,-1.7999999999999972,1.7999999999999972
KMIA,GFS,2026-05-12 12:00:00+00:00,2026-05-15,3,91.9,93.0,-1.0999999999999943,1.0999999999999943
KMIA,GFS,2026-05-12 18:00:00+00:00,2026-05-15,3,91.9,93.0,-1.0999999999999943,1.0999999999999943
KMIA,GFS,2026-05-13 00:00:00+00:00,2026-05-15,3,92.3,93.0,-0.7000000000000028,0.7000000000000028
KMIA,NBM,2026-05-12 06:00:00+00:00,2026-05-15,3,88.24998901367192,93.0,-4.750010986328078,4.750010986328078
KMIA,NBM,2026-05-12 12:00:00+00:00,2026-05-15,3,88.43000000000004,93.0,-4.569999999999965,4.569999999999965
KMIA,NBM,2026-05-12 18:00:00+00:00,2026-05-15,3,89.33000000000004,93.0,-3.669999999999959,3.669999999999959
KMIA,NBM,2026-05-13 00:00:00+00:00,2026-05-15,3,88.61001098632816,93.0,-4.389989013671837,4.389989013671837
KMIA,ECMWF,2026-05-11 06:00:00+00:00,2026-05-15,4,86.2,93.0,-6.799999999999997,6.799999999999997
KMIA,ECMWF,2026-05-11 12:00:00+00:00,2026-05-15,4,86.0,93.0,-7.0,7.0
KMIA,ECMWF,2026-05-11 18:00:00+00:00,2026-05-15,4,90.0,93.0,-3.0,3.0
KMIA,ECMWF,2026-05-12 00:00:00+00:00,2026-05-15,4,87.9,93.0,-5.099999999999994,5.099999999999994
KMIA,GFS,2026-05-11 06:00:00+00:00,2026-05-15,4,93.5,93.0,0.5,0.5
KMIA,GFS,2026-05-11 12:00:00+00:00,2026-05-15,4,92.1,93.0,-0.9000000000000057,0.9000000000000057
KMIA,GFS,2026-05-11 18:00:00+00:00,2026-05-15,4,93.2,93.0,0.20000000000000284,0.20000000000000284
KMIA,GFS,2026-05-12 00:00:00+00:00,2026-05-15,4,91.2,93.0,-1.7999999999999972,1.7999999999999972
KMIA,NBM,2026-05-11 06:00:00+00:00,2026-05-15,4,89.6900219726563,93.0,-3.3099780273437034,3.3099780273437034
KMIA,NBM,2026-05-11 12:00:00+00:00,2026-05-15,4,88.96997802734379,93.0,-4.030021972656215,4.030021972656215
KMIA,NBM,2026-05-11 18:00:00+00:00,2026-05-15,4,88.96997802734379,93.0,-4.030021972656215,4.030021972656215
KMIA,NBM,2026-05-12 00:00:00+00:00,2026-05-15,4,88.43000000000004,93.0,-4.569999999999965,4.569999999999965
KMIA,ECMWF,2026-05-10 18:00:00+00:00,2026-05-15,5,87.2,93.0,-5.799999999999997,5.799999999999997
KMIA,ECMWF,2026-05-11 00:00:00+00:00,2026-05-15,5,86.1,93.0,-6.900000000000006,6.900000000000006
KMIA,GFS,2026-05-10 18:00:00+00:00,2026-05-15,5,90.5,93.0,-2.5,2.5
KMIA,GFS,2026-05-11 00:00:00+00:00,2026-05-15,5,90.3,93.0,-2.700000000000003,2.700000000000003
KMIA,NBM,2026-05-10 06:00:00+00:00,2026-05-15,5,88.43000000000004,93.0,-4.569999999999965,4.569999999999965
KMIA,NBM,2026-05-10 12:00:00+00:00,2026-05-15,5,88.24998901367192,93.0,-4.750010986328078,4.750010986328078
KMIA,NBM,2026-05-10 18:00:00+00:00,2026-05-15,5,88.96997802734379,93.0,-4.030021972656215,4.030021972656215
KMIA,NBM,2026-05-11 00:00:00+00:00,2026-05-15,5,88.43000000000004,93.0,-4.569999999999965,4.569999999999965
KMIA,NBM,2026-05-09 12:00:00+00:00,2026-05-15,6,88.0699780273438,93.0,-4.930021972656206,4.930021972656206
KMIA,NBM,2026-05-09 18:00:00+00:00,2026-05-15,6,88.24998901367192,93.0,-4.750010986328078,4.750010986328078
KMIA,NBM,2026-05-10 00:00:00+00:00,2026-05-15,6,88.0699780273438,93.0,-4.930021972656206,4.930021972656206
KMIA,GFS,2026-05-08 06:00:00+00:00,2026-05-15,7,93.2,93.0,0.20000000000000284,0.20000000000000284
KMIA,GFS,2026-05-08 12:00:00+00:00,2026-05-15,7,92.3,93.0,-0.7000000000000028,0.7000000000000028
KMIA,GFS,2026-05-08 18:00:00+00:00,2026-05-15,7,92.3,93.0,-0.7000000000000028,0.7000000000000028
KMIA,GFS,2026-05-09 00:00:00+00:00,2026-05-15,7,91.2,93.0,-1.7999999999999972,1.7999999999999972
KMIA,NBM,2026-05-08 06:00:00+00:00,2026-05-15,7,88.24998901367192,93.0,-4.750010986328078,4.750010986328078
KMIA,NBM,2026-05-08 12:00:00+00:00,2026-05-15,7,88.24998901367192,93.0,-4.750010986328078,4.750010986328078
KMIA,NBM,2026-05-08 18:00:00+00:00,2026-05-15,7,88.61001098632816,93.0,-4.389989013671837,4.389989013671837
KMIA,NBM,2026-05-09 00:00:00+00:00,2026-05-15,7,88.79002197265629,93.0,-4.209978027343709,4.209978027343709
KNYC,ECMWF,2026-05-15 06:00:00+00:00,2026-05-15,0,66.6,66.0,0.5999999999999943,0.5999999999999943
KNYC,ECMWF,2026-05-15 12:00:00+00:00,2026-05-15,0,66.2,66.0,0.20000000000000284,0.20000000000000284
KNYC,ECMWF,2026-05-15 18:00:00+00:00,2026-05-15,0,67.7,66.0,1.7000000000000028,1.7000000000000028
KNYC,ECMWF,2026-05-16 00:00:00+00:00,2026-05-15,0,64.6,66.0,-1.4000000000000057,1.4000000000000057
KNYC,GFS,2026-05-15 06:00:00+00:00,2026-05-15,0,65.5,66.0,-0.5,0.5
KNYC,GFS,2026-05-15 12:00:00+00:00,2026-05-15,0,65.8,66.0,-0.20000000000000284,0.20000000000000284
KNYC,GFS,2026-05-15 18:00:00+00:00,2026-05-15,0,67.0,66.0,1.0,1.0
KNYC,GFS,2026-05-16 00:00:00+00:00,2026-05-15,0,63.2,66.0,-2.799999999999997,2.799999999999997
KNYC,HRRR,2026-05-15 04:00:00+00:00,2026-05-15,0,51.03111083984379,66.0,-14.968889160156209,14.968889160156209
KNYC,HRRR,2026-05-15 05:00:00+00:00,2026-05-15,0,49.80811279296879,66.0,-16.191887207031208,16.191887207031208
KNYC,HRRR,2026-05-15 06:00:00+00:00,2026-05-15,0,61.829133300781294,66.0,-4.170866699218706,4.170866699218706
KNYC,HRRR,2026-05-15 07:00:00+00:00,2026-05-15,0,59.99853637695317,66.0,-6.001463623046831,6.001463623046831
KNYC,HRRR,2026-05-15 08:00:00+00:00,2026-05-15,0,59.005097656250044,66.0,-6.994902343749956,6.994902343749956
KNYC,HRRR,2026-05-15 09:00:00+00:00,2026-05-15,0,62.523304443359415,66.0,-3.4766955566405855,3.4766955566405855
KNYC,HRRR,2026-05-15 10:00:00+00:00,2026-05-15,0,64.75297973632817,66.0,-1.2470202636718284,1.2470202636718284
KNYC,HRRR,2026-05-15 11:00:00+00:00,2026-05-15,0,61.97459228515629,66.0,-4.025407714843709,4.025407714843709
KNYC,HRRR,2026-05-15 12:00:00+00:00,2026-05-15,0,67.3750317382813,66.0,1.3750317382812938,1.3750317382812938
KNYC,HRRR,2026-05-15 13:00:00+00:00,2026-05-15,0,65.6216137695313,66.0,-0.37838623046870623,0.37838623046870623
KNYC,HRRR,2026-05-15 14:00:00+00:00,2026-05-15,0,67.3921704101563,66.0,1.3921704101562966,1.3921704101562966
KNYC,HRRR,2026-05-15 15:00:00+00:00,2026-05-15,0,68.43801391601566,66.0,2.438013916015663,2.438013916015663
KNYC,HRRR,2026-05-15 16:00:00+00:00,2026-05-15,0,67.14047363281254,66.0,1.1404736328125438,1.1404736328125438
KNYC,HRRR,2026-05-15 17:00:00+00:00,2026-05-15,0,67.31202514648442,66.0,1.312025146484416,1.312025146484416
KNYC,HRRR,2026-05-15 18:00:00+00:00,2026-05-15,0,67.73505371093754,66.0,1.7350537109375352,1.7350537109375352
KNYC,HRRR,2026-05-15 19:00:00+00:00,2026-05-15,0,67.11394165039067,66.0,1.1139416503906716,1.1139416503906716
KNYC,HRRR,2026-05-15 20:00:00+00:00,2026-05-15,0,67.41040771484379,66.0,1.4104077148437852,1.4104077148437852
KNYC,HRRR,2026-05-15 21:00:00+00:00,2026-05-15,0,66.51375854492191,66.0,0.5137585449219131,0.5137585449219131
KNYC,HRRR,2026-05-15 22:00:00+00:00,2026-05-15,0,65.42616699218755,66.0,-0.5738330078124534,0.5738330078124534
KNYC,HRRR,2026-05-15 23:00:00+00:00,2026-05-15,0,63.32541625976567,66.0,-2.6745837402343327,2.6745837402343327
KNYC,HRRR,2026-05-16 01:00:00+00:00,2026-05-15,0,59.865327148437544,66.0,-6.134672851562456,6.134672851562456
KNYC,HRRR,2026-05-16 02:00:00+00:00,2026-05-15,0,57.498487548828166,66.0,-8.501512451171834,8.501512451171834
KNYC,NBM,2026-05-15 06:00:00+00:00,2026-05-15,0,69.53000000000004,66.0,3.5300000000000438,3.5300000000000438
KNYC,NBM,2026-05-15 12:00:00+00:00,2026-05-15,0,69.89002197265629,66.0,3.8900219726562852,3.8900219726562852
KNYC,ECMWF,2026-05-14 06:00:00+00:00,2026-05-15,1,63.4,66.0,-2.6000000000000014,2.6000000000000014
KNYC,ECMWF,2026-05-14 12:00:00+00:00,2026-05-15,1,65.6,66.0,-0.4000000000000057,0.4000000000000057
KNYC,ECMWF,2026-05-14 18:00:00+00:00,2026-05-15,1,66.7,66.0,0.7000000000000028,0.7000000000000028
KNYC,ECMWF,2026-05-15 00:00:00+00:00,2026-05-15,1,67.8,66.0,1.7999999999999972,1.7999999999999972
KNYC,GFS,2026-05-14 06:00:00+00:00,2026-05-15,1,66.7,66.0,0.7000000000000028,0.7000000000000028
KNYC,GFS,2026-05-14 12:00:00+00:00,2026-05-15,1,64.8,66.0,-1.2000000000000028,1.2000000000000028
KNYC,GFS,2026-05-14 18:00:00+00:00,2026-05-15,1,68.8,66.0,2.799999999999997,2.799999999999997
KNYC,GFS,2026-05-15 00:00:00+00:00,2026-05-15,1,67.0,66.0,1.0,1.0
KNYC,HRRR,2026-05-14 23:00:00+00:00,2026-05-15,1,54.27339599609379,66.0,-11.72660400390621,11.72660400390621
KNYC,HRRR,2026-05-15 00:00:00+00:00,2026-05-15,1,54.17704589843754,66.0,-11.822954101562459,11.822954101562459
KNYC,HRRR,2026-05-15 01:00:00+00:00,2026-05-15,1,52.664887695312544,66.0,-13.335112304687456,13.335112304687456
KNYC,HRRR,2026-05-15 02:00:00+00:00,2026-05-15,1,52.479383544921916,66.0,-13.520616455078084,13.520616455078084
KNYC,HRRR,2026-05-15 03:00:00+00:00,2026-05-15,1,52.10705688476567,66.0,-13.892943115234331,13.892943115234331
KNYC,NBM,2026-05-14 06:00:00+00:00,2026-05-15,1,68.2699780273438,66.0,2.2699780273437966,2.2699780273437966
KNYC,NBM,2026-05-14 12:00:00+00:00,2026-05-15,1,70.24998901367192,66.0,4.249989013671922,4.249989013671922
KNYC,NBM,2026-05-14 18:00:00+00:00,2026-05-15,1,69.71001098632817,66.0,3.7100109863281716,3.7100109863281716
KNYC,NBM,2026-05-15 00:00:00+00:00,2026-05-15,1,69.53000000000004,66.0,3.5300000000000438,3.5300000000000438
KNYC,ECMWF,2026-05-13 06:00:00+00:00,2026-05-15,2,62.6,66.0,-3.3999999999999986,3.3999999999999986
KNYC,ECMWF,2026-05-13 12:00:00+00:00,2026-05-15,2,67.3,66.0,1.2999999999999972,1.2999999999999972
KNYC,ECMWF,2026-05-13 18:00:00+00:00,2026-05-15,2,66.1,66.0,0.09999999999999432,0.09999999999999432
KNYC,ECMWF,2026-05-14 00:00:00+00:00,2026-05-15,2,63.5,66.0,-2.5,2.5
KNYC,GFS,2026-05-13 06:00:00+00:00,2026-05-15,2,67.9,66.0,1.9000000000000057,1.9000000000000057
KNYC,GFS,2026-05-13 12:00:00+00:00,2026-05-15,2,68.1,66.0,2.0999999999999943,2.0999999999999943
KNYC,GFS,2026-05-13 18:00:00+00:00,2026-05-15,2,66.3,66.0,0.29999999999999716,0.29999999999999716
KNYC,GFS,2026-05-14 00:00:00+00:00,2026-05-15,2,66.1,66.0,0.09999999999999432,0.09999999999999432
KNYC,NBM,2026-05-13 06:00:00+00:00,2026-05-15,2,68.44998901367191,66.0,2.4499890136719102,2.4499890136719102
KNYC,NBM,2026-05-13 12:00:00+00:00,2026-05-15,2,68.81001098632817,66.0,2.810010986328166,2.810010986328166
KNYC,NBM,2026-05-13 18:00:00+00:00,2026-05-15,2,69.16997802734379,66.0,3.169978027343788,3.169978027343788
KNYC,NBM,2026-05-14 00:00:00+00:00,2026-05-15,2,68.44998901367191,66.0,2.4499890136719102,2.4499890136719102
KNYC,ECMWF,2026-05-12 06:00:00+00:00,2026-05-15,3,62.5,66.0,-3.5,3.5
KNYC,ECMWF,2026-05-12 12:00:00+00:00,2026-05-15,3,61.0,66.0,-5.0,5.0
KNYC,ECMWF,2026-05-12 18:00:00+00:00,2026-05-15,3,61.0,66.0,-5.0,5.0
KNYC,ECMWF,2026-05-13 00:00:00+00:00,2026-05-15,3,65.7,66.0,-0.29999999999999716,0.29999999999999716
KNYC,GFS,2026-05-12 06:00:00+00:00,2026-05-15,3,67.4,66.0,1.4000000000000057,1.4000000000000057
KNYC,GFS,2026-05-12 12:00:00+00:00,2026-05-15,3,65.8,66.0,-0.20000000000000284,0.20000000000000284
KNYC,GFS,2026-05-12 18:00:00+00:00,2026-05-15,3,63.8,66.0,-2.200000000000003,2.200000000000003
KNYC,GFS,2026-05-13 00:00:00+00:00,2026-05-15,3,63.6,66.0,-2.3999999999999986,2.3999999999999986
KNYC,NBM,2026-05-12 06:00:00+00:00,2026-05-15,3,67.91001098632816,66.0,1.9100109863281602,1.9100109863281602
KNYC,NBM,2026-05-12 12:00:00+00:00,2026-05-15,3,66.64998901367191,66.0,0.6499890136719131,0.6499890136719131
KNYC,NBM,2026-05-12 18:00:00+00:00,2026-05-15,3,68.2699780273438,66.0,2.2699780273437966,2.2699780273437966
KNYC,NBM,2026-05-13 00:00:00+00:00,2026-05-15,3,68.9900219726563,66.0,2.9900219726562938,2.9900219726562938
KNYC,ECMWF,2026-05-11 06:00:00+00:00,2026-05-15,4,66.6,66.0,0.5999999999999943,0.5999999999999943
KNYC,ECMWF,2026-05-11 12:00:00+00:00,2026-05-15,4,65.1,66.0,-0.9000000000000057,0.9000000000000057
KNYC,ECMWF,2026-05-11 18:00:00+00:00,2026-05-15,4,62.7,66.0,-3.299999999999997,3.299999999999997
KNYC,ECMWF,2026-05-12 00:00:00+00:00,2026-05-15,4,61.4,66.0,-4.600000000000001,4.600000000000001
KNYC,GFS,2026-05-11 06:00:00+00:00,2026-05-15,4,61.1,66.0,-4.899999999999999,4.899999999999999
KNYC,GFS,2026-05-11 12:00:00+00:00,2026-05-15,4,60.2,66.0,-5.799999999999997,5.799999999999997
KNYC,GFS,2026-05-11 18:00:00+00:00,2026-05-15,4,63.8,66.0,-2.200000000000003,2.200000000000003
KNYC,GFS,2026-05-12 00:00:00+00:00,2026-05-15,4,67.4,66.0,1.4000000000000057,1.4000000000000057
KNYC,NBM,2026-05-11 06:00:00+00:00,2026-05-15,4,69.34998901367192,66.0,3.349989013671916,3.349989013671916
KNYC,NBM,2026-05-11 12:00:00+00:00,2026-05-15,4,69.34998901367192,66.0,3.349989013671916,3.349989013671916
KNYC,NBM,2026-05-11 18:00:00+00:00,2026-05-15,4,68.09002197265629,66.0,2.090021972656288,2.090021972656288
KNYC,NBM,2026-05-12 00:00:00+00:00,2026-05-15,4,67.91001098632816,66.0,1.9100109863281602,1.9100109863281602
KNYC,ECMWF,2026-05-10 18:00:00+00:00,2026-05-15,5,64.2,66.0,-1.7999999999999972,1.7999999999999972
KNYC,ECMWF,2026-05-11 00:00:00+00:00,2026-05-15,5,64.2,66.0,-1.7999999999999972,1.7999999999999972
KNYC,GFS,2026-05-10 18:00:00+00:00,2026-05-15,5,68.9,66.0,2.9000000000000057,2.9000000000000057
KNYC,GFS,2026-05-11 00:00:00+00:00,2026-05-15,5,69.4,66.0,3.4000000000000057,3.4000000000000057
KNYC,NBM,2026-05-10 06:00:00+00:00,2026-05-15,5,70.24998901367192,66.0,4.249989013671922,4.249989013671922
KNYC,NBM,2026-05-10 12:00:00+00:00,2026-05-15,5,70.43000000000004,66.0,4.430000000000035,4.430000000000035
KNYC,NBM,2026-05-10 18:00:00+00:00,2026-05-15,5,70.96997802734379,66.0,4.969978027343785,4.969978027343785
KNYC,NBM,2026-05-11 00:00:00+00:00,2026-05-15,5,69.89002197265629,66.0,3.8900219726562852,3.8900219726562852
KNYC,NBM,2026-05-09 12:00:00+00:00,2026-05-15,6,70.61001098632816,66.0,4.610010986328163,4.610010986328163
KNYC,NBM,2026-05-09 18:00:00+00:00,2026-05-15,6,70.61001098632816,66.0,4.610010986328163,4.610010986328163
KNYC,NBM,2026-05-10 00:00:00+00:00,2026-05-15,6,71.51001098632817,66.0,5.510010986328169,5.510010986328169
KNYC,GFS,2026-05-08 06:00:00+00:00,2026-05-15,7,65.1,66.0,-0.9000000000000057,0.9000000000000057
KNYC,GFS,2026-05-08 12:00:00+00:00,2026-05-15,7,66.9,66.0,0.9000000000000057,0.9000000000000057
KNYC,GFS,2026-05-08 18:00:00+00:00,2026-05-15,7,66.9,66.0,0.9000000000000057,0.9000000000000057
KNYC,GFS,2026-05-09 00:00:00+00:00,2026-05-15,7,69.7,66.0,3.700000000000003,3.700000000000003
KNYC,NBM,2026-05-08 06:00:00+00:00,2026-05-15,7,70.0699780273438,66.0,4.069978027343794,4.069978027343794
KNYC,NBM,2026-05-08 12:00:00+00:00,2026-05-15,7,68.81001098632817,66.0,2.810010986328166,2.810010986328166
KNYC,NBM,2026-05-08 18:00:00+00:00,2026-05-15,7,68.2699780273438,66.0,2.2699780273437966,2.2699780273437966
KORD,ECMWF,2026-05-15 18:00:00+00:00,2026-05-15,0,75.0,75.0,0.0,0.0
KORD,ECMWF,2026-05-16 00:00:00+00:00,2026-05-15,0,72.8,75.0,-2.200000000000003,2.200000000000003
KORD,GFS,2026-05-15 18:00:00+00:00,2026-05-15,0,73.0,75.0,-2.0,2.0
KORD,GFS,2026-05-16 00:00:00+00:00,2026-05-15,0,72.2,75.0,-2.799999999999997,2.799999999999997
KORD,HRRR,2026-05-15 21:00:00+00:00,2026-05-15,0,74.16375854492192,75.0,-0.8362414550780812,0.8362414550780812
KORD,HRRR,2026-05-15 22:00:00+00:00,2026-05-15,0,74.20116699218754,75.0,-0.7988330078124619,0.7988330078124619
KORD,HRRR,2026-05-15 23:00:00+00:00,2026-05-15,0,72.43791625976567,75.0,-2.5620837402343284,2.5620837402343284
KORD,HRRR,2026-05-16 01:00:00+00:00,2026-05-15,0,67.96532714843754,75.0,-7.034672851562462,7.034672851562462
KORD,HRRR,2026-05-16 02:00:00+00:00,2026-05-15,0,66.72348754882816,75.0,-8.27651245117184,8.27651245117184
KORD,HRRR,2026-05-16 03:00:00+00:00,2026-05-15,0,65.8310131835938,75.0,-9.168986816406203,9.168986816406203
KORD,NBM,2026-05-15 12:00:00+00:00,2026-05-15,0,78.53000000000004,75.0,3.5300000000000438,3.5300000000000438
KLGA,ECMWF,2026-05-16 06:00:00+00:00,2026-05-16,0,74.8,78.0,-3.200000000000003,3.200000000000003
KLGA,ECMWF,2026-05-16 12:00:00+00:00,2026-05-16,0,76.0,78.0,-2.0,2.0
KLGA,ECMWF,2026-05-16 18:00:00+00:00,2026-05-16,0,73.5,78.0,-4.5,4.5
KLGA,ECMWF,2026-05-17 00:00:00+00:00,2026-05-16,0,67.1,78.0,-10.900000000000006,10.900000000000006
KLGA,GFS,2026-05-16 06:00:00+00:00,2026-05-16,0,78.8,78.0,0.7999999999999972,0.7999999999999972
KLGA,GFS,2026-05-16 12:00:00+00:00,2026-05-16,0,77.3,78.0,-0.7000000000000028,0.7000000000000028
KLGA,GFS,2026-05-16 18:00:00+00:00,2026-05-16,0,77.9,78.0,-0.09999999999999432,0.09999999999999432
KLGA,GFS,2026-05-17 00:00:00+00:00,2026-05-16,0,69.1,78.0,-8.900000000000006,8.900000000000006
KLGA,HRRR,2026-05-16 04:00:00+00:00,2026-05-16,0,54.40226562500004,78.0,-23.59773437499996,23.59773437499996
KLGA,HRRR,2026-05-16 05:00:00+00:00,2026-05-16,0,59.67493408203129,78.0,-18.325065917968708,18.325065917968708
KLGA,HRRR,2026-05-16 06:00:00+00:00,2026-05-16,0,67.90171630859379,78.0,-10.098283691406209,10.098283691406209
KLGA,HRRR,2026-05-16 07:00:00+00:00,2026-05-16,0,67.27143066406254,78.0,-10.728569335937465,10.728569335937465
KLGA,HRRR,2026-05-16 08:00:00+00:00,2026-05-16,0,71.22249877929691,78.0,-6.777501220703087,6.777501220703087
KLGA,HRRR,2026-05-16 09:00:00+00:00,2026-05-16,0,74.28757446289066,78.0,-3.7124255371093398,3.7124255371093398
KLGA,HRRR,2026-05-16 10:00:00+00:00,2026-05-16,0,77.25014770507816,78.0,-0.7498522949218369,0.7498522949218369
KLGA,HRRR,2026-05-16 11:00:00+00:00,2026-05-16,0,76.74334838867192,78.0,-1.2566516113280812,1.2566516113280812
KLGA,HRRR,2026-05-16 12:00:00+00:00,2026-05-16,0,76.96241577148442,78.0,-1.037584228515584,1.037584228515584
KLGA,HRRR,2026-05-16 13:00:00+00:00,2026-05-16,0,77.2770092773438,78.0,-0.7229907226562062,0.7229907226562062
KLGA,HRRR,2026-05-16 14:00:00+00:00,2026-05-16,0,79.31217163085941,78.0,1.3121716308594102,1.3121716308594102
KLGA,HRRR,2026-05-16 15:00:00+00:00,2026-05-16,0,78.67864501953129,78.0,0.6786450195312881,0.6786450195312881
KLGA,HRRR,2026-05-16 16:00:00+00:00,2026-05-16,0,77.93668334960941,78.0,-0.06331665039058976,0.06331665039058976
KLGA,HRRR,2026-05-16 17:00:00+00:00,2026-05-16,0,78.39613159179692,78.0,0.3961315917969159,0.3961315917969159
KLGA,HRRR,2026-05-16 18:00:00+00:00,2026-05-16,0,76.67303588867192,78.0,-1.3269641113280812,1.3269641113280812
KLGA,HRRR,2026-05-16 19:00:00+00:00,2026-05-16,0,80.30313842773441,78.0,2.3031384277344102,2.3031384277344102
KLGA,HRRR,2026-05-16 20:00:00+00:00,2026-05-16,0,79.15363891601567,78.0,1.153638916015666,1.153638916015666
KLGA,HRRR,2026-05-16 21:00:00+00:00,2026-05-16,0,79.22169921875005,78.0,1.2216992187500466,1.2216992187500466
KLGA,HRRR,2026-05-16 22:00:00+00:00,2026-05-16,0,71.77445190429691,78.0,-6.22554809570309,6.22554809570309
KLGA,HRRR,2026-05-16 23:00:00+00:00,2026-05-16,0,68.12737548828129,78.0,-9.872624511718712,9.872624511718712
KLGA,HRRR,2026-05-17 00:00:00+00:00,2026-05-16,0,68.03289306640629,78.0,-9.967106933593712,9.967106933593712
KLGA,HRRR,2026-05-17 01:00:00+00:00,2026-05-16,0,66.25689819335942,78.0,-11.743101806640581,11.743101806640581
KLGA,HRRR,2026-05-17 02:00:00+00:00,2026-05-16,0,65.46901367187505,78.0,-12.530986328124953,12.530986328124953
KLGA,NBM,2026-05-16 06:00:00+00:00,2026-05-16,0,79.43000000000004,78.0,1.4300000000000352,1.4300000000000352
KLGA,NBM,2026-05-16 12:00:00+00:00,2026-05-16,0,79.24998901367192,78.0,1.2499890136719216,1.2499890136719216
KLGA,ECMWF,2026-05-15 18:00:00+00:00,2026-05-16,1,73.8,78.0,-4.200000000000003,4.200000000000003
KLGA,ECMWF,2026-05-16 00:00:00+00:00,2026-05-16,1,73.8,78.0,-4.200000000000003,4.200000000000003
KLGA,GFS,2026-05-15 18:00:00+00:00,2026-05-16,1,78.9,78.0,0.9000000000000057,0.9000000000000057
KLGA,GFS,2026-05-16 00:00:00+00:00,2026-05-16,1,78.9,78.0,0.9000000000000057,0.9000000000000057
KLGA,HRRR,2026-05-15 22:00:00+00:00,2026-05-16,1,53.62042358398442,78.0,-24.37957641601558,24.37957641601558
KLGA,HRRR,2026-05-16 01:00:00+00:00,2026-05-16,1,54.93252075195316,78.0,-23.067479248046837,23.067479248046837
KLGA,HRRR,2026-05-16 02:00:00+00:00,2026-05-16,1,55.503040771484415,78.0,-22.496959228515585,22.496959228515585
KLGA,HRRR,2026-05-16 03:00:00+00:00,2026-05-16,1,56.15601318359379,78.0,-21.843986816406208,21.843986816406208
KLGA,NBM,2026-05-15 12:00:00+00:00,2026-05-16,1,78.53000000000004,78.0,0.5300000000000438,0.5300000000000438
KLGA,NBM,2026-05-15 18:00:00+00:00,2026-05-16,1,78.53000000000004,78.0,0.5300000000000438,0.5300000000000438
KLGA,NBM,2026-05-16 00:00:00+00:00,2026-05-16,1,78.53000000000004,78.0,0.5300000000000438,0.5300000000000438
KMDW,ECMWF,2026-05-16 06:00:00+00:00,2026-05-16,0,81.5,83.0,-1.5,1.5
KMDW,ECMWF,2026-05-16 12:00:00+00:00,2026-05-16,0,83.8,83.0,0.7999999999999972,0.7999999999999972
KMDW,ECMWF,2026-05-16 18:00:00+00:00,2026-05-16,0,87.0,83.0,4.0,4.0
KMDW,ECMWF,2026-05-17 00:00:00+00:00,2026-05-16,0,81.5,83.0,-1.5,1.5
KMDW,GFS,2026-05-16 06:00:00+00:00,2026-05-16,0,85.9,83.0,2.9000000000000057,2.9000000000000057
KMDW,GFS,2026-05-16 12:00:00+00:00,2026-05-16,0,87.9,83.0,4.900000000000006,4.900000000000006
KMDW,GFS,2026-05-16 18:00:00+00:00,2026-05-16,0,85.2,83.0,2.200000000000003,2.200000000000003
KMDW,GFS,2026-05-17 00:00:00+00:00,2026-05-16,0,78.9,83.0,-4.099999999999994,4.099999999999994
KMDW,HRRR,2026-05-16 05:00:00+00:00,2026-05-16,0,66.98743408203129,83.0,-16.012565917968715,16.012565917968715
KMDW,HRRR,2026-05-16 06:00:00+00:00,2026-05-16,0,67.33921630859379,83.0,-15.660783691406209,15.660783691406209
KMDW,HRRR,2026-05-16 07:00:00+00:00,2026-05-16,0,66.27475097656254,83.0,-16.725249023437456,16.725249023437456
KMDW,HRRR,2026-05-16 08:00:00+00:00,2026-05-16,0,74.14749877929691,83.0,-8.85250122070309,8.85250122070309
KMDW,HRRR,2026-05-16 09:00:00+00:00,2026-05-16,0,81.48757446289066,83.0,-1.512425537109337,1.512425537109337
KMDW,HRRR,2026-05-16 10:00:00+00:00,2026-05-16,0,79.95014770507817,83.0,-3.049852294921834,3.049852294921834
KMDW,HRRR,2026-05-16 11:00:00+00:00,2026-05-16,0,82.31770141601567,83.0,-0.6822985839843341,0.6822985839843341
KMDW,HRRR,2026-05-16 12:00:00+00:00,2026-05-16,0,86.99529541015629,83.0,3.995295410156288,3.995295410156288
KMDW,HRRR,2026-05-16 13:00:00+00:00,2026-05-16,0,84.45998046875005,83.0,1.4599804687500466,1.4599804687500466
KMDW,HRRR,2026-05-16 14:00:00+00:00,2026-05-16,0,85.2585766601563,83.0,2.2585766601562938,2.2585766601562938
KMDW,HRRR,2026-05-16 15:00:00+00:00,2026-05-16,0,85.28098876953129,83.0,2.280988769531291,2.280988769531291
KMDW,HRRR,2026-05-16 16:00:00+00:00,2026-05-16,0,85.17453125000004,83.0,2.1745312500000438,2.1745312500000438
KMDW,HRRR,2026-05-16 17:00:00+00:00,2026-05-16,0,84.84373291015629,83.0,1.843732910156291,1.843732910156291
KMDW,HRRR,2026-05-16 18:00:00+00:00,2026-05-16,0,84.40477416992192,83.0,1.4047741699219216,1.4047741699219216
KMDW,HRRR,2026-05-16 19:00:00+00:00,2026-05-16,0,83.98053710937504,83.0,0.9805371093750352,0.9805371093750352
KMDW,HRRR,2026-05-16 20:00:00+00:00,2026-05-16,0,82.99748046875004,83.0,-0.0025195312499590727,0.0025195312499590727
KMDW,HRRR,2026-05-16 21:00:00+00:00,2026-05-16,0,82.59669921875005,83.0,-0.4033007812499534,0.4033007812499534
KMDW,HRRR,2026-05-16 22:00:00+00:00,2026-05-16,0,80.54945190429692,83.0,-2.450548095703084,2.450548095703084
KMDW,HRRR,2026-05-16 23:00:00+00:00,2026-05-16,0,78.81487548828129,83.0,-4.185124511718712,4.185124511718712
KMDW,HRRR,2026-05-17 00:00:00+00:00,2026-05-16,0,74.33289306640629,83.0,-8.667106933593715,8.667106933593715
KMDW,HRRR,2026-05-17 01:00:00+00:00,2026-05-16,0,72.21939819335941,83.0,-10.78060180664059,10.78060180664059
KMDW,HRRR,2026-05-17 02:00:00+00:00,2026-05-16,0,70.53151367187505,83.0,-12.468486328124953,12.468486328124953
KMDW,HRRR,2026-05-17 03:00:00+00:00,2026-05-16,0,68.89125488281255,83.0,-14.108745117187453,14.108745117187453
KMDW,NBM,2026-05-16 06:00:00+00:00,2026-05-16,0,85.36997802734379,83.0,2.369978027343791,2.369978027343791
KMDW,NBM,2026-05-16 12:00:00+00:00,2026-05-16,0,85.36997802734379,83.0,2.369978027343791,2.369978027343791
KMDW,ECMWF,2026-05-15 06:00:00+00:00,2026-05-16,1,80.7,83.0,-2.299999999999997,2.299999999999997
KMDW,ECMWF,2026-05-15 12:00:00+00:00,2026-05-16,1,79.7,83.0,-3.299999999999997,3.299999999999997
KMDW,ECMWF,2026-05-15 18:00:00+00:00,2026-05-16,1,81.8,83.0,-1.2000000000000028,1.2000000000000028
KMDW,ECMWF,2026-05-16 00:00:00+00:00,2026-05-16,1,78.1,83.0,-4.900000000000006,4.900000000000006
KMDW,GFS,2026-05-15 06:00:00+00:00,2026-05-16,1,81.4,83.0,-1.5999999999999943,1.5999999999999943
KMDW,GFS,2026-05-15 12:00:00+00:00,2026-05-16,1,82.3,83.0,-0.7000000000000028,0.7000000000000028
KMDW,GFS,2026-05-15 18:00:00+00:00,2026-05-16,1,84.3,83.0,1.2999999999999972,1.2999999999999972
KMDW,GFS,2026-05-16 00:00:00+00:00,2026-05-16,1,80.8,83.0,-2.200000000000003,2.200000000000003
KMDW,HRRR,2026-05-16 02:00:00+00:00,2026-05-16,1,65.19276245117192,83.0,-17.807237548828084,17.807237548828084
KMDW,HRRR,2026-05-16 03:00:00+00:00,2026-05-16,1,64.75902221679692,83.0,-18.24097778320308,18.24097778320308
KMDW,HRRR,2026-05-16 04:00:00+00:00,2026-05-16,1,65.31476562500004,83.0,-17.685234374999965,17.685234374999965
KMDW,NBM,2026-05-15 06:00:00+00:00,2026-05-16,1,84.29002197265629,83.0,1.290021972656291,1.290021972656291
KMDW,NBM,2026-05-15 12:00:00+00:00,2026-05-16,1,84.29002197265629,83.0,1.290021972656291,1.290021972656291
KMDW,NBM,2026-05-15 18:00:00+00:00,2026-05-16,1,84.29002197265629,83.0,1.290021972656291,1.290021972656291
KMDW,NBM,2026-05-16 00:00:00+00:00,2026-05-16,1,85.54998901367192,83.0,2.5499890136719188,2.5499890136719188
KMDW,ECMWF,2026-05-14 06:00:00+00:00,2026-05-16,2,81.0,83.0,-2.0,2.0
KMDW,ECMWF,2026-05-14 12:00:00+00:00,2026-05-16,2,83.4,83.0,0.4000000000000057,0.4000000000000057
KMDW,ECMWF,2026-05-14 18:00:00+00:00,2026-05-16,2,79.8,83.0,-3.200000000000003,3.200000000000003
KMDW,ECMWF,2026-05-15 00:00:00+00:00,2026-05-16,2,79.6,83.0,-3.4000000000000057,3.4000000000000057
KMDW,GFS,2026-05-14 06:00:00+00:00,2026-05-16,2,85.3,83.0,2.299999999999997,2.299999999999997
KMDW,GFS,2026-05-14 12:00:00+00:00,2026-05-16,2,85.7,83.0,2.700000000000003,2.700000000000003
KMDW,GFS,2026-05-14 18:00:00+00:00,2026-05-16,2,83.7,83.0,0.7000000000000028,0.7000000000000028
KMDW,GFS,2026-05-15 00:00:00+00:00,2026-05-16,2,81.2,83.0,-1.7999999999999972,1.7999999999999972
KMDW,NBM,2026-05-14 06:00:00+00:00,2026-05-16,2,83.5699780273438,83.0,0.5699780273437938,0.5699780273437938
KMDW,NBM,2026-05-14 12:00:00+00:00,2026-05-16,2,83.5699780273438,83.0,0.5699780273437938,0.5699780273437938
KMDW,NBM,2026-05-14 18:00:00+00:00,2026-05-16,2,83.93000000000004,83.0,0.9300000000000352,0.9300000000000352
KMDW,NBM,2026-05-15 00:00:00+00:00,2026-05-16,2,83.5699780273438,83.0,0.5699780273437938,0.5699780273437938
KMDW,ECMWF,2026-05-13 06:00:00+00:00,2026-05-16,3,81.0,83.0,-2.0,2.0
KMDW,ECMWF,2026-05-13 12:00:00+00:00,2026-05-16,3,80.8,83.0,-2.200000000000003,2.200000000000003
KMDW,ECMWF,2026-05-13 18:00:00+00:00,2026-05-16,3,83.3,83.0,0.29999999999999716,0.29999999999999716
KMDW,ECMWF,2026-05-14 00:00:00+00:00,2026-05-16,3,81.3,83.0,-1.7000000000000028,1.7000000000000028
KMDW,GFS,2026-05-13 06:00:00+00:00,2026-05-16,3,86.6,83.0,3.5999999999999943,3.5999999999999943
KMDW,GFS,2026-05-13 12:00:00+00:00,2026-05-16,3,86.2,83.0,3.200000000000003,3.200000000000003
KMDW,GFS,2026-05-13 18:00:00+00:00,2026-05-16,3,84.6,83.0,1.5999999999999943,1.5999999999999943
KMDW,GFS,2026-05-14 00:00:00+00:00,2026-05-16,3,81.7,83.0,-1.2999999999999972,1.2999999999999972
KMDW,NBM,2026-05-13 06:00:00+00:00,2026-05-16,3,83.5699780273438,83.0,0.5699780273437938,0.5699780273437938
KMDW,NBM,2026-05-13 12:00:00+00:00,2026-05-16,3,85.36997802734379,83.0,2.369978027343791,2.369978027343791
KMDW,NBM,2026-05-13 18:00:00+00:00,2026-05-16,3,83.39002197265629,83.0,0.39002197265628524,0.39002197265628524
KMDW,NBM,2026-05-14 00:00:00+00:00,2026-05-16,3,83.03000000000004,83.0,0.03000000000004377,0.03000000000004377
KMDW,ECMWF,2026-05-12 06:00:00+00:00,2026-05-16,4,84.4,83.0,1.4000000000000057,1.4000000000000057
KMDW,ECMWF,2026-05-12 12:00:00+00:00,2026-05-16,4,88.2,83.0,5.200000000000003,5.200000000000003
KMDW,ECMWF,2026-05-12 18:00:00+00:00,2026-05-16,4,88.2,83.0,5.200000000000003,5.200000000000003
KMDW,ECMWF,2026-05-13 00:00:00+00:00,2026-05-16,4,78.2,83.0,-4.799999999999997,4.799999999999997
KMDW,GFS,2026-05-12 06:00:00+00:00,2026-05-16,4,85.8,83.0,2.799999999999997,2.799999999999997
KMDW,GFS,2026-05-12 12:00:00+00:00,2026-05-16,4,87.6,83.0,4.599999999999994,4.599999999999994
KMDW,GFS,2026-05-12 18:00:00+00:00,2026-05-16,4,85.5,83.0,2.5,2.5
KMDW,GFS,2026-05-13 00:00:00+00:00,2026-05-16,4,87.5,83.0,4.5,4.5
KMDW,NBM,2026-05-12 06:00:00+00:00,2026-05-16,4,86.44998901367191,83.0,3.4499890136719102,3.4499890136719102
KMDW,NBM,2026-05-12 12:00:00+00:00,2026-05-16,4,86.63000000000004,83.0,3.630000000000038,3.630000000000038
KMDW,NBM,2026-05-12 18:00:00+00:00,2026-05-16,4,86.44998901367191,83.0,3.4499890136719102,3.4499890136719102
KMDW,NBM,2026-05-13 00:00:00+00:00,2026-05-16,4,84.29002197265629,83.0,1.290021972656291,1.290021972656291
KMDW,ECMWF,2026-05-11 06:00:00+00:00,2026-05-16,5,83.5,83.0,0.5,0.5
KMDW,ECMWF,2026-05-11 12:00:00+00:00,2026-05-16,5,77.1,83.0,-5.900000000000006,5.900000000000006
KMDW,ECMWF,2026-05-11 18:00:00+00:00,2026-05-16,5,86.0,83.0,3.0,3.0
KMDW,ECMWF,2026-05-12 00:00:00+00:00,2026-05-16,5,87.7,83.0,4.700000000000003,4.700000000000003
KMDW,GFS,2026-05-11 06:00:00+00:00,2026-05-16,5,74.2,83.0,-8.799999999999997,8.799999999999997
KMDW,GFS,2026-05-11 12:00:00+00:00,2026-05-16,5,82.4,83.0,-0.5999999999999943,0.5999999999999943
KMDW,GFS,2026-05-11 18:00:00+00:00,2026-05-16,5,79.9,83.0,-3.0999999999999943,3.0999999999999943
KMDW,GFS,2026-05-12 00:00:00+00:00,2026-05-16,5,85.8,83.0,2.799999999999997,2.799999999999997
KMDW,NBM,2026-05-11 06:00:00+00:00,2026-05-16,5,85.1900219726563,83.0,2.1900219726562966,2.1900219726562966
KMDW,NBM,2026-05-11 12:00:00+00:00,2026-05-16,5,85.36997802734379,83.0,2.369978027343791,2.369978027343791
KMDW,NBM,2026-05-11 18:00:00+00:00,2026-05-16,5,86.81001098632817,83.0,3.810010986328166,3.810010986328166
KMDW,NBM,2026-05-12 00:00:00+00:00,2026-05-16,5,86.81001098632817,83.0,3.810010986328166,3.810010986328166
KMDW,ECMWF,2026-05-10 18:00:00+00:00,2026-05-16,6,85.3,83.0,2.299999999999997,2.299999999999997
KMDW,ECMWF,2026-05-11 00:00:00+00:00,2026-05-16,6,83.5,83.0,0.5,0.5
KMDW,GFS,2026-05-10 18:00:00+00:00,2026-05-16,6,83.0,83.0,0.0,0.0
KMDW,GFS,2026-05-11 00:00:00+00:00,2026-05-16,6,79.4,83.0,-3.5999999999999943,3.5999999999999943
KMDW,NBM,2026-05-10 06:00:00+00:00,2026-05-16,6,83.03000000000004,83.0,0.03000000000004377,0.03000000000004377
KMDW,NBM,2026-05-10 12:00:00+00:00,2026-05-16,6,83.21001098632817,83.0,0.2100109863281716,0.2100109863281716
KMDW,NBM,2026-05-10 18:00:00+00:00,2026-05-16,6,82.66997802734379,83.0,-0.3300219726562119,0.3300219726562119
KMDW,NBM,2026-05-11 00:00:00+00:00,2026-05-16,6,84.11001098632816,83.0,1.110010986328163,1.110010986328163
KMDW,NBM,2026-05-09 12:00:00+00:00,2026-05-16,7,84.11001098632816,83.0,1.110010986328163,1.110010986328163
KMDW,NBM,2026-05-09 18:00:00+00:00,2026-05-16,7,82.4900219726563,83.0,-0.5099780273437062,0.5099780273437062
KMDW,NBM,2026-05-10 00:00:00+00:00,2026-05-16,7,82.66997802734379,83.0,-0.3300219726562119,0.3300219726562119
KMIA,ECMWF,2026-05-16 06:00:00+00:00,2026-05-16,0,84.2,90.0,-5.799999999999997,5.799999999999997
KMIA,ECMWF,2026-05-16 12:00:00+00:00,2026-05-16,0,85.2,90.0,-4.799999999999997,4.799999999999997
KMIA,ECMWF,2026-05-16 18:00:00+00:00,2026-05-16,0,83.9,90.0,-6.099999999999994,6.099999999999994
KMIA,ECMWF,2026-05-17 00:00:00+00:00,2026-05-16,0,81.3,90.0,-8.700000000000003,8.700000000000003
KMIA,GFS,2026-05-16 06:00:00+00:00,2026-05-16,0,88.6,90.0,-1.4000000000000057,1.4000000000000057
KMIA,GFS,2026-05-16 12:00:00+00:00,2026-05-16,0,87.8,90.0,-2.200000000000003,2.200000000000003
KMIA,GFS,2026-05-16 18:00:00+00:00,2026-05-16,0,87.9,90.0,-2.0999999999999943,2.0999999999999943
KMIA,GFS,2026-05-17 00:00:00+00:00,2026-05-16,0,81.7,90.0,-8.299999999999997,8.299999999999997
KMIA,HRRR,2026-05-16 04:00:00+00:00,2026-05-16,0,77.80226562500005,90.0,-12.197734374999953,12.197734374999953
KMIA,HRRR,2026-05-16 05:00:00+00:00,2026-05-16,0,78.12493408203129,90.0,-11.875065917968712,11.875065917968712
KMIA,HRRR,2026-05-16 06:00:00+00:00,2026-05-16,0,85.6767163085938,90.0,-4.323283691406203,4.323283691406203
KMIA,HRRR,2026-05-16 07:00:00+00:00,2026-05-16,0,85.27143066406254,90.0,-4.728569335937465,4.728569335937465
KMIA,HRRR,2026-05-16 08:00:00+00:00,2026-05-16,0,86.85999877929692,90.0,-3.140001220703084,3.140001220703084
KMIA,HRRR,2026-05-16 09:00:00+00:00,2026-05-16,0,86.21257446289067,90.0,-3.7874255371093284,3.7874255371093284
KMIA,HRRR,2026-05-16 10:00:00+00:00,2026-05-16,0,86.6127514648438,90.0,-3.3872485351562034,3.3872485351562034
KMIA,HRRR,2026-05-16 11:00:00+00:00,2026-05-16,0,87.49511840820317,90.0,-2.5048815917968312,2.5048815917968312
KMIA,HRRR,2026-05-16 12:00:00+00:00,2026-05-16,0,87.64991577148442,90.0,-2.350084228515584,2.350084228515584
KMIA,HRRR,2026-05-16 13:00:00+00:00,2026-05-16,0,87.48407714843754,90.0,-2.5159228515624648,2.5159228515624648
KMIA,HRRR,2026-05-16 14:00:00+00:00,2026-05-16,0,87.79976928710941,90.0,-2.200230712890587,2.200230712890587
KMIA,HRRR,2026-05-16 15:00:00+00:00,2026-05-16,0,87.3411450195313,90.0,-2.6588549804687034,2.6588549804687034
KMIA,HRRR,2026-05-16 16:00:00+00:00,2026-05-16,0,87.97225463867191,90.0,-2.027745361328087,2.027745361328087
KMIA,HRRR,2026-05-16 17:00:00+00:00,2026-05-16,0,88.74613159179691,90.0,-1.2538684082030898,1.2538684082030898
KMIA,HRRR,2026-05-16 18:00:00+00:00,2026-05-16,0,89.05550659179691,90.0,-0.9444934082030869,0.9444934082030869
KMIA,HRRR,2026-05-16 19:00:00+00:00,2026-05-16,0,87.12564819335941,90.0,-2.8743518066405898,2.8743518066405898
KMIA,HRRR,2026-05-16 20:00:00+00:00,2026-05-16,0,84.79748046875004,90.0,-5.202519531249962,5.202519531249962
KMIA,HRRR,2026-05-16 21:00:00+00:00,2026-05-16,0,84.50919921875004,90.0,-5.490800781249959,5.490800781249959
KMIA,HRRR,2026-05-16 22:00:00+00:00,2026-05-16,0,83.24945190429692,90.0,-6.750548095703081,6.750548095703081
KMIA,HRRR,2026-05-16 23:00:00+00:00,2026-05-16,0,82.5273754882813,90.0,-7.472624511718706,7.472624511718706
KMIA,HRRR,2026-05-17 00:00:00+00:00,2026-05-16,0,81.3078930664063,90.0,-8.692106933593706,8.692106933593706
KMIA,HRRR,2026-05-17 01:00:00+00:00,2026-05-16,0,81.44439819335942,90.0,-8.555601806640581,8.555601806640581
KMIA,HRRR,2026-05-17 02:00:00+00:00,2026-05-16,0,81.33151367187504,90.0,-8.668486328124956,8.668486328124956
KMIA,NBM,2026-05-16 06:00:00+00:00,2026-05-16,0,88.24998901367192,90.0,-1.7500109863280784,1.7500109863280784
KMIA,NBM,2026-05-16 12:00:00+00:00,2026-05-16,0,89.14998901367191,90.0,-0.8500109863280869,0.8500109863280869
KMIA,ECMWF,2026-05-15 06:00:00+00:00,2026-05-16,1,85.0,90.0,-5.0,5.0
KMIA,ECMWF,2026-05-15 12:00:00+00:00,2026-05-16,1,85.7,90.0,-4.299999999999997,4.299999999999997
KMIA,ECMWF,2026-05-15 18:00:00+00:00,2026-05-16,1,84.7,90.0,-5.299999999999997,5.299999999999997
KMIA,ECMWF,2026-05-16 00:00:00+00:00,2026-05-16,1,84.5,90.0,-5.5,5.5
KMIA,GFS,2026-05-15 06:00:00+00:00,2026-05-16,1,87.9,90.0,-2.0999999999999943,2.0999999999999943
KMIA,GFS,2026-05-15 12:00:00+00:00,2026-05-16,1,88.7,90.0,-1.2999999999999972,1.2999999999999972
KMIA,GFS,2026-05-15 18:00:00+00:00,2026-05-16,1,89.1,90.0,-0.9000000000000057,0.9000000000000057
KMIA,GFS,2026-05-16 00:00:00+00:00,2026-05-16,1,88.0,90.0,-2.0,2.0
KMIA,HRRR,2026-05-15 22:00:00+00:00,2026-05-16,1,77.13292358398442,90.0,-12.867076416015578,12.867076416015578
KMIA,HRRR,2026-05-16 01:00:00+00:00,2026-05-16,1,79.34502075195317,90.0,-10.654979248046828,10.654979248046828
KMIA,HRRR,2026-05-16 02:00:00+00:00,2026-05-16,1,78.56554077148442,90.0,-11.434459228515578,11.434459228515578
KMIA,HRRR,2026-05-16 03:00:00+00:00,2026-05-16,1,79.10601318359379,90.0,-10.893986816406212,10.893986816406212
KMIA,NBM,2026-05-15 06:00:00+00:00,2026-05-16,1,87.89002197265629,90.0,-2.1099780273437148,2.1099780273437148
KMIA,NBM,2026-05-15 12:00:00+00:00,2026-05-16,1,87.89002197265629,90.0,-2.1099780273437148,2.1099780273437148
KMIA,NBM,2026-05-15 18:00:00+00:00,2026-05-16,1,87.89002197265629,90.0,-2.1099780273437148,2.1099780273437148
KMIA,NBM,2026-05-16 00:00:00+00:00,2026-05-16,1,88.0699780273438,90.0,-1.9300219726562062,1.9300219726562062
KMIA,ECMWF,2026-05-14 06:00:00+00:00,2026-05-16,2,85.9,90.0,-4.099999999999994,4.099999999999994
KMIA,ECMWF,2026-05-14 12:00:00+00:00,2026-05-16,2,86.9,90.0,-3.0999999999999943,3.0999999999999943
KMIA,ECMWF,2026-05-14 18:00:00+00:00,2026-05-16,2,87.0,90.0,-3.0,3.0
KMIA,ECMWF,2026-05-15 00:00:00+00:00,2026-05-16,2,87.0,90.0,-3.0,3.0
KMIA,GFS,2026-05-14 06:00:00+00:00,2026-05-16,2,89.4,90.0,-0.5999999999999943,0.5999999999999943
KMIA,GFS,2026-05-14 12:00:00+00:00,2026-05-16,2,89.4,90.0,-0.5999999999999943,0.5999999999999943
KMIA,GFS,2026-05-14 18:00:00+00:00,2026-05-16,2,89.2,90.0,-0.7999999999999972,0.7999999999999972
KMIA,GFS,2026-05-15 00:00:00+00:00,2026-05-16,2,87.5,90.0,-2.5,2.5
KMIA,NBM,2026-05-14 06:00:00+00:00,2026-05-16,2,88.0699780273438,90.0,-1.9300219726562062,1.9300219726562062
KMIA,NBM,2026-05-14 12:00:00+00:00,2026-05-16,2,87.34998901367192,90.0,-2.650010986328084,2.650010986328084
KMIA,NBM,2026-05-14 18:00:00+00:00,2026-05-16,2,87.89002197265629,90.0,-2.1099780273437148,2.1099780273437148
KMIA,NBM,2026-05-15 00:00:00+00:00,2026-05-16,2,88.24998901367192,90.0,-1.7500109863280784,1.7500109863280784
KMIA,ECMWF,2026-05-13 06:00:00+00:00,2026-05-16,3,85.8,90.0,-4.200000000000003,4.200000000000003
KMIA,ECMWF,2026-05-13 12:00:00+00:00,2026-05-16,3,86.0,90.0,-4.0,4.0
KMIA,ECMWF,2026-05-13 18:00:00+00:00,2026-05-16,3,85.6,90.0,-4.400000000000006,4.400000000000006
KMIA,ECMWF,2026-05-14 00:00:00+00:00,2026-05-16,3,87.3,90.0,-2.700000000000003,2.700000000000003
KMIA,GFS,2026-05-13 06:00:00+00:00,2026-05-16,3,90.5,90.0,0.5,0.5
KMIA,GFS,2026-05-13 12:00:00+00:00,2026-05-16,3,89.9,90.0,-0.09999999999999432,0.09999999999999432
KMIA,GFS,2026-05-13 18:00:00+00:00,2026-05-16,3,89.8,90.0,-0.20000000000000284,0.20000000000000284
KMIA,GFS,2026-05-14 00:00:00+00:00,2026-05-16,3,89.4,90.0,-0.5999999999999943,0.5999999999999943
KMIA,NBM,2026-05-13 06:00:00+00:00,2026-05-16,3,88.79002197265629,90.0,-1.209978027343709,1.209978027343709
KMIA,NBM,2026-05-13 12:00:00+00:00,2026-05-16,3,89.14998901367191,90.0,-0.8500109863280869,0.8500109863280869
KMIA,NBM,2026-05-13 18:00:00+00:00,2026-05-16,3,88.79002197265629,90.0,-1.209978027343709,1.209978027343709
KMIA,NBM,2026-05-14 00:00:00+00:00,2026-05-16,3,87.89002197265629,90.0,-2.1099780273437148,2.1099780273437148
KMIA,ECMWF,2026-05-12 06:00:00+00:00,2026-05-16,4,85.0,90.0,-5.0,5.0
KMIA,ECMWF,2026-05-12 12:00:00+00:00,2026-05-16,4,86.2,90.0,-3.799999999999997,3.799999999999997
KMIA,ECMWF,2026-05-12 18:00:00+00:00,2026-05-16,4,86.2,90.0,-3.799999999999997,3.799999999999997
KMIA,ECMWF,2026-05-13 00:00:00+00:00,2026-05-16,4,84.9,90.0,-5.099999999999994,5.099999999999994
KMIA,GFS,2026-05-12 06:00:00+00:00,2026-05-16,4,89.9,90.0,-0.09999999999999432,0.09999999999999432
KMIA,GFS,2026-05-12 12:00:00+00:00,2026-05-16,4,90.5,90.0,0.5,0.5
KMIA,GFS,2026-05-12 18:00:00+00:00,2026-05-16,4,89.8,90.0,-0.20000000000000284,0.20000000000000284
KMIA,GFS,2026-05-13 00:00:00+00:00,2026-05-16,4,90.1,90.0,0.09999999999999432,0.09999999999999432
KMIA,NBM,2026-05-12 06:00:00+00:00,2026-05-16,4,88.0699780273438,90.0,-1.9300219726562062,1.9300219726562062
KMIA,NBM,2026-05-12 12:00:00+00:00,2026-05-16,4,88.43000000000004,90.0,-1.5699999999999648,1.5699999999999648
KMIA,NBM,2026-05-12 18:00:00+00:00,2026-05-16,4,88.61001098632816,90.0,-1.389989013671837,1.389989013671837
KMIA,NBM,2026-05-13 00:00:00+00:00,2026-05-16,4,88.61001098632816,90.0,-1.389989013671837,1.389989013671837
KMIA,ECMWF,2026-05-11 06:00:00+00:00,2026-05-16,5,85.3,90.0,-4.700000000000003,4.700000000000003
KMIA,ECMWF,2026-05-11 12:00:00+00:00,2026-05-16,5,85.9,90.0,-4.099999999999994,4.099999999999994
KMIA,ECMWF,2026-05-11 18:00:00+00:00,2026-05-16,5,88.7,90.0,-1.2999999999999972,1.2999999999999972
KMIA,ECMWF,2026-05-12 00:00:00+00:00,2026-05-16,5,87.9,90.0,-2.0999999999999943,2.0999999999999943
KMIA,GFS,2026-05-11 06:00:00+00:00,2026-05-16,5,89.7,90.0,-0.29999999999999716,0.29999999999999716
KMIA,GFS,2026-05-11 12:00:00+00:00,2026-05-16,5,90.1,90.0,0.09999999999999432,0.09999999999999432
KMIA,GFS,2026-05-11 18:00:00+00:00,2026-05-16,5,90.5,90.0,0.5,0.5
KMIA,GFS,2026-05-12 00:00:00+00:00,2026-05-16,5,89.9,90.0,-0.09999999999999432,0.09999999999999432
KMIA,NBM,2026-05-11 06:00:00+00:00,2026-05-16,5,88.61001098632816,90.0,-1.389989013671837,1.389989013671837
KMIA,NBM,2026-05-11 12:00:00+00:00,2026-05-16,5,87.89002197265629,90.0,-2.1099780273437148,2.1099780273437148
KMIA,NBM,2026-05-11 18:00:00+00:00,2026-05-16,5,88.0699780273438,90.0,-1.9300219726562062,1.9300219726562062
KMIA,NBM,2026-05-12 00:00:00+00:00,2026-05-16,5,87.89002197265629,90.0,-2.1099780273437148,2.1099780273437148
KMIA,ECMWF,2026-05-10 18:00:00+00:00,2026-05-16,6,85.1,90.0,-4.900000000000006,4.900000000000006
KMIA,ECMWF,2026-05-11 00:00:00+00:00,2026-05-16,6,86.3,90.0,-3.700000000000003,3.700000000000003
KMIA,GFS,2026-05-10 18:00:00+00:00,2026-05-16,6,86.8,90.0,-3.200000000000003,3.200000000000003
KMIA,GFS,2026-05-11 00:00:00+00:00,2026-05-16,6,86.3,90.0,-3.700000000000003,3.700000000000003
KMIA,NBM,2026-05-10 06:00:00+00:00,2026-05-16,6,88.0699780273438,90.0,-1.9300219726562062,1.9300219726562062
KMIA,NBM,2026-05-10 12:00:00+00:00,2026-05-16,6,87.89002197265629,90.0,-2.1099780273437148,2.1099780273437148
KMIA,NBM,2026-05-10 18:00:00+00:00,2026-05-16,6,87.89002197265629,90.0,-2.1099780273437148,2.1099780273437148
KMIA,NBM,2026-05-11 00:00:00+00:00,2026-05-16,6,87.71001098632817,90.0,-2.2899890136718284,2.2899890136718284
KMIA,NBM,2026-05-09 12:00:00+00:00,2026-05-16,7,87.71001098632817,90.0,-2.2899890136718284,2.2899890136718284
KMIA,NBM,2026-05-09 18:00:00+00:00,2026-05-16,7,87.71001098632817,90.0,-2.2899890136718284,2.2899890136718284
KMIA,NBM,2026-05-10 00:00:00+00:00,2026-05-16,7,87.53000000000004,90.0,-2.4699999999999562,2.4699999999999562
KNYC,ECMWF,2026-05-16 06:00:00+00:00,2026-05-16,0,81.3,80.0,1.2999999999999972,1.2999999999999972
KNYC,ECMWF,2026-05-16 12:00:00+00:00,2026-05-16,0,81.8,80.0,1.7999999999999972,1.7999999999999972
KNYC,ECMWF,2026-05-16 18:00:00+00:00,2026-05-16,0,80.5,80.0,0.5,0.5
KNYC,ECMWF,2026-05-17 00:00:00+00:00,2026-05-16,0,76.7,80.0,-3.299999999999997,3.299999999999997
KNYC,GFS,2026-05-16 06:00:00+00:00,2026-05-16,0,79.6,80.0,-0.4000000000000057,0.4000000000000057
KNYC,GFS,2026-05-16 12:00:00+00:00,2026-05-16,0,78.7,80.0,-1.2999999999999972,1.2999999999999972
KNYC,GFS,2026-05-16 18:00:00+00:00,2026-05-16,0,81.7,80.0,1.7000000000000028,1.7000000000000028
KNYC,GFS,2026-05-17 00:00:00+00:00,2026-05-16,0,74.7,80.0,-5.299999999999997,5.299999999999997
KNYC,HRRR,2026-05-16 04:00:00+00:00,2026-05-16,0,55.30226562500004,80.0,-24.69773437499996,24.69773437499996
KNYC,HRRR,2026-05-16 05:00:00+00:00,2026-05-16,0,58.99993408203129,80.0,-21.000065917968712,21.000065917968712
KNYC,HRRR,2026-05-16 06:00:00+00:00,2026-05-16,0,66.43921630859379,80.0,-13.560783691406215,13.560783691406215
KNYC,HRRR,2026-05-16 07:00:00+00:00,2026-05-16,0,65.80893066406254,80.0,-14.191069335937456,14.191069335937456
KNYC,HRRR,2026-05-16 08:00:00+00:00,2026-05-16,0,70.32249877929692,80.0,-9.677501220703078,9.677501220703078
KNYC,HRRR,2026-05-16 09:00:00+00:00,2026-05-16,0,74.17507446289066,80.0,-5.824925537109337,5.824925537109337
KNYC,HRRR,2026-05-16 10:00:00+00:00,2026-05-16,0,77.47514770507817,80.0,-2.5248522949218284,2.5248522949218284
KNYC,HRRR,2026-05-16 11:00:00+00:00,2026-05-16,0,78.04511840820317,80.0,-1.954881591796834,1.954881591796834
KNYC,HRRR,2026-05-16 12:00:00+00:00,2026-05-16,0,79.28662841796879,80.0,-0.7133715820312148,0.7133715820312148
KNYC,HRRR,2026-05-16 13:00:00+00:00,2026-05-16,0,78.52324340820317,80.0,-1.4767565917968284,1.4767565917968284
KNYC,HRRR,2026-05-16 14:00:00+00:00,2026-05-16,0,82.3335766601563,80.0,2.3335766601562966,2.3335766601562966
KNYC,HRRR,2026-05-16 15:00:00+00:00,2026-05-16,0,82.1709790039063,80.0,2.1709790039062966,2.1709790039062966
KNYC,HRRR,2026-05-16 16:00:00+00:00,2026-05-16,0,81.82035034179691,80.0,1.8203503417969102,1.8203503417969102
KNYC,HRRR,2026-05-16 17:00:00+00:00,2026-05-16,0,81.66467407226567,80.0,1.6646740722656688,1.6646740722656688
KNYC,HRRR,2026-05-16 18:00:00+00:00,2026-05-16,0,81.54744995117191,80.0,1.547449951171913,1.547449951171913
KNYC,HRRR,2026-05-16 19:00:00+00:00,2026-05-16,0,81.61803710937504,80.0,1.618037109375038,1.618037109375038
KNYC,HRRR,2026-05-16 20:00:00+00:00,2026-05-16,0,81.51740234375004,80.0,1.5174023437500352,1.5174023437500352
KNYC,HRRR,2026-05-16 21:00:00+00:00,2026-05-16,0,81.02169921875004,80.0,1.0216992187500438,1.0216992187500438
KNYC,HRRR,2026-05-16 22:00:00+00:00,2026-05-16,0,79.64945190429691,80.0,-0.35054809570308976,0.35054809570308976
KNYC,HRRR,2026-05-16 23:00:00+00:00,2026-05-16,0,74.98987548828129,80.0,-5.010124511718715,5.010124511718715
KNYC,HRRR,2026-05-17 00:00:00+00:00,2026-05-16,0,73.3203930664063,80.0,-6.679606933593703,6.679606933593703
KNYC,HRRR,2026-05-17 01:00:00+00:00,2026-05-16,0,71.43189819335942,80.0,-8.568101806640584,8.568101806640584
KNYC,HRRR,2026-05-17 02:00:00+00:00,2026-05-16,0,70.30651367187504,80.0,-9.693486328124962,9.693486328124962
KNYC,NBM,2026-05-16 06:00:00+00:00,2026-05-16,0,81.59002197265629,80.0,1.590021972656288,1.590021972656288
KNYC,NBM,2026-05-16 12:00:00+00:00,2026-05-16,0,81.41001098632816,80.0,1.4100109863281602,1.4100109863281602
KNYC,ECMWF,2026-05-15 06:00:00+00:00,2026-05-16,1,80.0,80.0,0.0,0.0
KNYC,ECMWF,2026-05-15 12:00:00+00:00,2026-05-16,1,81.1,80.0,1.0999999999999943,1.0999999999999943
KNYC,ECMWF,2026-05-15 18:00:00+00:00,2026-05-16,1,81.0,80.0,1.0,1.0
KNYC,ECMWF,2026-05-16 00:00:00+00:00,2026-05-16,1,80.7,80.0,0.7000000000000028,0.7000000000000028
KNYC,GFS,2026-05-15 06:00:00+00:00,2026-05-16,1,81.4,80.0,1.4000000000000057,1.4000000000000057
KNYC,GFS,2026-05-15 12:00:00+00:00,2026-05-16,1,82.5,80.0,2.5,2.5
KNYC,GFS,2026-05-15 18:00:00+00:00,2026-05-16,1,81.9,80.0,1.9000000000000057,1.9000000000000057
KNYC,GFS,2026-05-16 00:00:00+00:00,2026-05-16,1,79.1,80.0,-0.9000000000000057,0.9000000000000057
KNYC,HRRR,2026-05-15 22:00:00+00:00,2026-05-16,1,54.52042358398442,80.0,-25.479576416015583,25.479576416015583
KNYC,HRRR,2026-05-16 01:00:00+00:00,2026-05-16,1,55.720020751953165,80.0,-24.279979248046835,24.279979248046835
KNYC,HRRR,2026-05-16 02:00:00+00:00,2026-05-16,1,56.065540771484415,80.0,-23.934459228515585,23.934459228515585
KNYC,HRRR,2026-05-16 03:00:00+00:00,2026-05-16,1,56.04351318359379,80.0,-23.956486816406212,23.956486816406212
KNYC,NBM,2026-05-15 06:00:00+00:00,2026-05-16,1,81.04998901367192,80.0,1.0499890136719188,1.0499890136719188
KNYC,NBM,2026-05-15 12:00:00+00:00,2026-05-16,1,80.86997802734379,80.0,0.8699780273437909,0.8699780273437909
KNYC,NBM,2026-05-15 18:00:00+00:00,2026-05-16,1,81.23000000000005,80.0,1.2300000000000466,1.2300000000000466
KNYC,NBM,2026-05-16 00:00:00+00:00,2026-05-16,1,80.86997802734379,80.0,0.8699780273437909,0.8699780273437909
KNYC,ECMWF,2026-05-14 06:00:00+00:00,2026-05-16,2,73.9,80.0,-6.099999999999994,6.099999999999994
KNYC,ECMWF,2026-05-14 12:00:00+00:00,2026-05-16,2,76.0,80.0,-4.0,4.0
KNYC,ECMWF,2026-05-14 18:00:00+00:00,2026-05-16,2,80.1,80.0,0.09999999999999432,0.09999999999999432
KNYC,ECMWF,2026-05-15 00:00:00+00:00,2026-05-16,2,80.4,80.0,0.4000000000000057,0.4000000000000057
KNYC,GFS,2026-05-14 06:00:00+00:00,2026-05-16,2,77.5,80.0,-2.5,2.5
KNYC,GFS,2026-05-14 12:00:00+00:00,2026-05-16,2,76.4,80.0,-3.5999999999999943,3.5999999999999943
KNYC,GFS,2026-05-14 18:00:00+00:00,2026-05-16,2,78.2,80.0,-1.7999999999999972,1.7999999999999972
KNYC,GFS,2026-05-15 00:00:00+00:00,2026-05-16,2,79.3,80.0,-0.7000000000000028,0.7000000000000028
KNYC,NBM,2026-05-14 06:00:00+00:00,2026-05-16,2,80.6900219726563,80.0,0.6900219726562966,0.6900219726562966
KNYC,NBM,2026-05-14 12:00:00+00:00,2026-05-16,2,81.04998901367192,80.0,1.0499890136719188,1.0499890136719188
KNYC,NBM,2026-05-14 18:00:00+00:00,2026-05-16,2,80.6900219726563,80.0,0.6900219726562966,0.6900219726562966
KNYC,NBM,2026-05-15 00:00:00+00:00,2026-05-16,2,80.6900219726563,80.0,0.6900219726562966,0.6900219726562966
KNYC,ECMWF,2026-05-13 06:00:00+00:00,2026-05-16,3,75.4,80.0,-4.599999999999994,4.599999999999994
KNYC,ECMWF,2026-05-13 12:00:00+00:00,2026-05-16,3,74.2,80.0,-5.799999999999997,5.799999999999997
KNYC,ECMWF,2026-05-13 18:00:00+00:00,2026-05-16,3,73.8,80.0,-6.200000000000003,6.200000000000003
KNYC,ECMWF,2026-05-14 00:00:00+00:00,2026-05-16,3,74.1,80.0,-5.900000000000006,5.900000000000006
KNYC,GFS,2026-05-13 06:00:00+00:00,2026-05-16,3,79.1,80.0,-0.9000000000000057,0.9000000000000057
KNYC,GFS,2026-05-13 12:00:00+00:00,2026-05-16,3,79.5,80.0,-0.5,0.5
KNYC,GFS,2026-05-13 18:00:00+00:00,2026-05-16,3,78.6,80.0,-1.4000000000000057,1.4000000000000057
KNYC,GFS,2026-05-14 00:00:00+00:00,2026-05-16,3,78.7,80.0,-1.2999999999999972,1.2999999999999972
KNYC,NBM,2026-05-13 06:00:00+00:00,2026-05-16,3,81.04998901367192,80.0,1.0499890136719188,1.0499890136719188
KNYC,NBM,2026-05-13 12:00:00+00:00,2026-05-16,3,80.14998901367191,80.0,0.14998901367191309,0.14998901367191309
KNYC,NBM,2026-05-13 18:00:00+00:00,2026-05-16,3,80.86997802734379,80.0,0.8699780273437909,0.8699780273437909
KNYC,NBM,2026-05-14 00:00:00+00:00,2026-05-16,3,80.51001098632817,80.0,0.5100109863281688,0.5100109863281688
KNYC,ECMWF,2026-05-12 06:00:00+00:00,2026-05-16,4,76.8,80.0,-3.200000000000003,3.200000000000003
KNYC,ECMWF,2026-05-12 12:00:00+00:00,2026-05-16,4,75.9,80.0,-4.099999999999994,4.099999999999994
KNYC,ECMWF,2026-05-12 18:00:00+00:00,2026-05-16,4,75.9,80.0,-4.099999999999994,4.099999999999994
KNYC,ECMWF,2026-05-13 00:00:00+00:00,2026-05-16,4,79.5,80.0,-0.5,0.5
KNYC,GFS,2026-05-12 06:00:00+00:00,2026-05-16,4,78.6,80.0,-1.4000000000000057,1.4000000000000057
KNYC,GFS,2026-05-12 12:00:00+00:00,2026-05-16,4,78.7,80.0,-1.2999999999999972,1.2999999999999972
KNYC,GFS,2026-05-12 18:00:00+00:00,2026-05-16,4,78.0,80.0,-2.0,2.0
KNYC,GFS,2026-05-13 00:00:00+00:00,2026-05-16,4,78.6,80.0,-1.4000000000000057,1.4000000000000057
KNYC,NBM,2026-05-12 06:00:00+00:00,2026-05-16,4,80.33000000000004,80.0,0.3300000000000409,0.3300000000000409
KNYC,NBM,2026-05-12 12:00:00+00:00,2026-05-16,4,78.89002197265629,80.0,-1.1099780273437148,1.1099780273437148
KNYC,NBM,2026-05-12 18:00:00+00:00,2026-05-16,4,81.23000000000005,80.0,1.2300000000000466,1.2300000000000466
KNYC,NBM,2026-05-13 00:00:00+00:00,2026-05-16,4,80.33000000000004,80.0,0.3300000000000409,0.3300000000000409
KNYC,ECMWF,2026-05-11 06:00:00+00:00,2026-05-16,5,73.9,80.0,-6.099999999999994,6.099999999999994
KNYC,ECMWF,2026-05-11 12:00:00+00:00,2026-05-16,5,74.3,80.0,-5.700000000000003,5.700000000000003
KNYC,ECMWF,2026-05-11 18:00:00+00:00,2026-05-16,5,74.4,80.0,-5.599999999999994,5.599999999999994
KNYC,ECMWF,2026-05-12 00:00:00+00:00,2026-05-16,5,74.1,80.0,-5.900000000000006,5.900000000000006
KNYC,GFS,2026-05-11 06:00:00+00:00,2026-05-16,5,67.8,80.0,-12.200000000000003,12.200000000000003
KNYC,GFS,2026-05-11 12:00:00+00:00,2026-05-16,5,74.8,80.0,-5.200000000000003,5.200000000000003
KNYC,GFS,2026-05-11 18:00:00+00:00,2026-05-16,5,70.0,80.0,-10.0,10.0
KNYC,GFS,2026-05-12 00:00:00+00:00,2026-05-16,5,78.6,80.0,-1.4000000000000057,1.4000000000000057
KNYC,NBM,2026-05-11 06:00:00+00:00,2026-05-16,5,79.24998901367192,80.0,-0.7500109863280784,0.7500109863280784
KNYC,NBM,2026-05-11 12:00:00+00:00,2026-05-16,5,79.79002197265629,80.0,-0.20997802734370907,0.20997802734370907
KNYC,NBM,2026-05-11 18:00:00+00:00,2026-05-16,5,79.61001098632816,80.0,-0.3899890136718369,0.3899890136718369
KNYC,NBM,2026-05-12 00:00:00+00:00,2026-05-16,5,79.79002197265629,80.0,-0.20997802734370907,0.20997802734370907
KNYC,ECMWF,2026-05-10 18:00:00+00:00,2026-05-16,6,70.1,80.0,-9.900000000000006,9.900000000000006
KNYC,ECMWF,2026-05-11 00:00:00+00:00,2026-05-16,6,69.2,80.0,-10.799999999999997,10.799999999999997
KNYC,GFS,2026-05-10 18:00:00+00:00,2026-05-16,6,79.5,80.0,-0.5,0.5
KNYC,GFS,2026-05-11 00:00:00+00:00,2026-05-16,6,77.3,80.0,-2.700000000000003,2.700000000000003
KNYC,NBM,2026-05-10 06:00:00+00:00,2026-05-16,6,76.91001098632816,80.0,-3.0899890136718398,3.0899890136718398
KNYC,NBM,2026-05-10 12:00:00+00:00,2026-05-16,6,77.63000000000004,80.0,-2.369999999999962,2.369999999999962
KNYC,NBM,2026-05-10 18:00:00+00:00,2026-05-16,6,78.34998901367192,80.0,-1.650010986328084,1.650010986328084
KNYC,NBM,2026-05-11 00:00:00+00:00,2026-05-16,6,78.53000000000004,80.0,-1.4699999999999562,1.4699999999999562
KNYC,NBM,2026-05-09 12:00:00+00:00,2026-05-16,7,76.36997802734379,80.0,-3.630021972656209,3.630021972656209
KNYC,NBM,2026-05-09 18:00:00+00:00,2026-05-16,7,77.63000000000004,80.0,-2.369999999999962,2.369999999999962
KNYC,NBM,2026-05-10 00:00:00+00:00,2026-05-16,7,77.44998901367191,80.0,-2.5500109863280898,2.5500109863280898
KORD,ECMWF,2026-05-16 06:00:00+00:00,2026-05-16,0,80.0,84.0,-4.0,4.0
KORD,ECMWF,2026-05-16 12:00:00+00:00,2026-05-16,0,82.2,84.0,-1.7999999999999972,1.7999999999999972
KORD,ECMWF,2026-05-16 18:00:00+00:00,2026-05-16,0,86.1,84.0,2.0999999999999943,2.0999999999999943
KORD,ECMWF,2026-05-17 00:00:00+00:00,2026-05-16,0,80.8,84.0,-3.200000000000003,3.200000000000003
KORD,GFS,2026-05-16 06:00:00+00:00,2026-05-16,0,85.9,84.0,1.9000000000000057,1.9000000000000057
KORD,GFS,2026-05-16 12:00:00+00:00,2026-05-16,0,86.1,84.0,2.0999999999999943,2.0999999999999943
KORD,GFS,2026-05-16 18:00:00+00:00,2026-05-16,0,84.2,84.0,0.20000000000000284,0.20000000000000284
KORD,GFS,2026-05-17 00:00:00+00:00,2026-05-16,0,80.5,84.0,-3.5,3.5
KORD,HRRR,2026-05-16 05:00:00+00:00,2026-05-16,0,67.43743408203129,84.0,-16.562565917968712,16.562565917968712
KORD,HRRR,2026-05-16 06:00:00+00:00,2026-05-16,0,68.57671630859379,84.0,-15.423283691406212,15.423283691406212
KORD,HRRR,2026-05-16 07:00:00+00:00,2026-05-16,0,67.51225097656254,84.0,-16.48774902343746,16.48774902343746
KORD,HRRR,2026-05-16 08:00:00+00:00,2026-05-16,0,76.05999877929692,84.0,-7.940001220703081,7.940001220703081
KORD,HRRR,2026-05-16 09:00:00+00:00,2026-05-16,0,80.92507446289066,84.0,-3.074925537109337,3.074925537109337
KORD,HRRR,2026-05-16 10:00:00+00:00,2026-05-16,0,79.38764770507817,84.0,-4.612352294921834,4.612352294921834
KORD,HRRR,2026-05-16 11:00:00+00:00,2026-05-16,0,81.75520141601567,84.0,-2.244798583984334,2.244798583984334
KORD,HRRR,2026-05-16 12:00:00+00:00,2026-05-16,0,86.34166381835942,84.0,2.3416638183594216,2.3416638183594216
KORD,HRRR,2026-05-16 13:00:00+00:00,2026-05-16,0,83.10998046875004,84.0,-0.8900195312499619,0.8900195312499619
KORD,HRRR,2026-05-16 14:00:00+00:00,2026-05-16,0,84.47107666015629,84.0,0.47107666015628524,0.47107666015628524
KORD,HRRR,2026-05-16 15:00:00+00:00,2026-05-16,0,84.0434887695313,84.0,0.04348876953129377,0.04348876953129377
KORD,HRRR,2026-05-16 16:00:00+00:00,2026-05-16,0,84.29535034179692,84.0,0.29535034179691877,0.29535034179691877
KORD,HRRR,2026-05-16 17:00:00+00:00,2026-05-16,0,83.75927246093754,84.0,-0.24072753906246191,0.24072753906246191
KORD,HRRR,2026-05-16 18:00:00+00:00,2026-05-16,0,83.90994995117191,84.0,-0.09005004882808976,0.09005004882808976
KORD,HRRR,2026-05-16 19:00:00+00:00,2026-05-16,0,83.41803710937504,84.0,-0.5819628906249648,0.5819628906249648
KORD,HRRR,2026-05-16 20:00:00+00:00,2026-05-16,0,83.10998046875004,84.0,-0.8900195312499619,0.8900195312499619
KORD,HRRR,2026-05-16 21:00:00+00:00,2026-05-16,0,83.38419921875004,84.0,-0.6158007812499591,0.6158007812499591
KORD,HRRR,2026-05-16 22:00:00+00:00,2026-05-16,0,82.01195190429692,84.0,-1.9880480957030784,1.9880480957030784
KORD,HRRR,2026-05-16 23:00:00+00:00,2026-05-16,0,80.05237548828129,84.0,-3.9476245117187148,3.9476245117187148
KORD,HRRR,2026-05-17 00:00:00+00:00,2026-05-16,0,76.47039306640629,84.0,-7.529606933593712,7.529606933593712
KORD,HRRR,2026-05-17 01:00:00+00:00,2026-05-16,0,75.59439819335941,84.0,-8.40560180664059,8.40560180664059
KORD,HRRR,2026-05-17 02:00:00+00:00,2026-05-16,0,73.56901367187504,84.0,-10.430986328124959,10.430986328124959
KORD,HRRR,2026-05-17 03:00:00+00:00,2026-05-16,0,72.49125488281254,84.0,-11.508745117187459,11.508745117187459
KORD,NBM,2026-05-16 06:00:00+00:00,2026-05-16,0,86.2699780273438,84.0,2.2699780273437966,2.2699780273437966
KORD,NBM,2026-05-16 12:00:00+00:00,2026-05-16,0,85.73000000000005,84.0,1.7300000000000466,1.7300000000000466
KORD,ECMWF,2026-05-15 18:00:00+00:00,2026-05-16,1,81.0,84.0,-3.0,3.0
KORD,ECMWF,2026-05-16 00:00:00+00:00,2026-05-16,1,81.0,84.0,-3.0,3.0
KORD,GFS,2026-05-15 18:00:00+00:00,2026-05-16,1,80.6,84.0,-3.4000000000000057,3.4000000000000057
KORD,GFS,2026-05-16 00:00:00+00:00,2026-05-16,1,80.6,84.0,-3.4000000000000057,3.4000000000000057
KORD,HRRR,2026-05-16 02:00:00+00:00,2026-05-16,1,65.91665161132816,84.0,-18.083348388671837,18.083348388671837
KORD,HRRR,2026-05-16 03:00:00+00:00,2026-05-16,1,65.65902221679691,84.0,-18.340977783203087,18.340977783203087
KORD,HRRR,2026-05-16 04:00:00+00:00,2026-05-16,1,66.32111328125004,84.0,-17.678886718749965,17.678886718749965
KORD,NBM,2026-05-15 12:00:00+00:00,2026-05-16,1,85.1900219726563,84.0,1.1900219726562966,1.1900219726562966
KORD,NBM,2026-05-15 18:00:00+00:00,2026-05-16,1,84.83000000000004,84.0,0.8300000000000409,0.8300000000000409
KORD,NBM,2026-05-16 00:00:00+00:00,2026-05-16,1,86.09002197265629,84.0,2.090021972656288,2.090021972656288
KLGA,ECMWF,2026-05-17 06:00:00+00:00,2026-05-17,0,88.9,89.6,-0.6999999999999886,0.6999999999999886
KLGA,ECMWF,2026-05-17 12:00:00+00:00,2026-05-17,0,88.1,89.6,-1.5,1.5
KLGA,ECMWF,2026-05-17 18:00:00+00:00,2026-05-17,0,88.1,89.6,-1.5,1.5
KLGA,ECMWF,2026-05-18 00:00:00+00:00,2026-05-17,0,71.2,89.6,-18.39999999999999,18.39999999999999
KLGA,GFS,2026-05-17 06:00:00+00:00,2026-05-17,0,91.2,89.6,1.6000000000000085,1.6000000000000085
KLGA,GFS,2026-05-17 12:00:00+00:00,2026-05-17,0,90.0,89.6,0.4000000000000057,0.4000000000000057
KLGA,GFS,2026-05-17 18:00:00+00:00,2026-05-17,0,90.3,89.6,0.7000000000000028,0.7000000000000028
KLGA,GFS,2026-05-18 00:00:00+00:00,2026-05-17,0,75.3,89.6,-14.299999999999997,14.299999999999997
KLGA,HRRR,2026-05-17 04:00:00+00:00,2026-05-17,0,70.9825024414063,89.6,-18.617497558593698,18.617497558593698
KLGA,HRRR,2026-05-17 05:00:00+00:00,2026-05-17,0,75.35791748046879,89.6,-14.242082519531209,14.242082519531209
KLGA,HRRR,2026-05-17 06:00:00+00:00,2026-05-17,0,91.52358520507816,89.6,1.9235852050781688,1.9235852050781688
KLGA,HRRR,2026-05-17 07:00:00+00:00,2026-05-17,0,84.13764160156254,89.6,-5.462358398437459,5.462358398437459
KLGA,HRRR,2026-05-17 08:00:00+00:00,2026-05-17,0,80.41481445312505,89.6,-9.185185546874948,9.185185546874948
KLGA,HRRR,2026-05-17 09:00:00+00:00,2026-05-17,0,89.67519042968755,89.6,0.0751904296875523,0.0751904296875523
KLGA,HRRR,2026-05-17 10:00:00+00:00,2026-05-17,0,89.9767651367188,89.6,0.3767651367188023,0.3767651367188023
KLGA,HRRR,2026-05-17 11:00:00+00:00,2026-05-17,0,89.51078002929691,89.6,-0.08921997070308407,0.08921997070308407
KLGA,HRRR,2026-05-17 12:00:00+00:00,2026-05-17,0,90.02708251953129,89.6,0.4270825195312966,0.4270825195312966
KLGA,HRRR,2026-05-17 13:00:00+00:00,2026-05-17,0,89.76950805664066,89.6,0.16950805664066593,0.16950805664066593
KLGA,HRRR,2026-05-17 14:00:00+00:00,2026-05-17,0,91.34049804687504,89.6,1.7404980468750466,1.7404980468750466
KLGA,HRRR,2026-05-17 15:00:00+00:00,2026-05-17,0,90.10601928710942,89.6,0.5060192871094245,0.5060192871094245
KLGA,HRRR,2026-05-17 16:00:00+00:00,2026-05-17,0,90.25938842773442,89.6,0.6593884277344273,0.6593884277344273
KLGA,HRRR,2026-05-17 17:00:00+00:00,2026-05-17,0,89.70342529296879,89.6,0.10342529296879377,0.10342529296879377
KLGA,HRRR,2026-05-17 18:00:00+00:00,2026-05-17,0,88.39374511718754,89.6,-1.206254882812459,1.206254882812459
KLGA,HRRR,2026-05-17 19:00:00+00:00,2026-05-17,0,84.37121093750004,89.6,-5.228789062499956,5.228789062499956
KLGA,HRRR,2026-05-17 20:00:00+00:00,2026-05-17,0,84.03931396484379,89.6,-5.560686035156209,5.560686035156209
KLGA,HRRR,2026-05-17 21:00:00+00:00,2026-05-17,0,78.24770629882816,89.6,-11.352293701171831,11.352293701171831
KLGA,HRRR,2026-05-17 22:00:00+00:00,2026-05-17,0,79.5116284179688,89.6,-10.0883715820312,10.0883715820312
KLGA,HRRR,2026-05-17 23:00:00+00:00,2026-05-17,0,74.95197265625004,89.6,-14.648027343749959,14.648027343749959
KLGA,HRRR,2026-05-18 00:00:00+00:00,2026-05-17,0,70.51563842773442,89.6,-19.08436157226558,19.08436157226558
KLGA,HRRR,2026-05-18 01:00:00+00:00,2026-05-17,0,70.98305175781255,89.6,-18.616948242187448,18.616948242187448
KLGA,HRRR,2026-05-18 02:00:00+00:00,2026-05-17,0,68.22070434570317,89.6,-21.379295654296826,21.379295654296826
KLGA,NBM,2026-05-17 06:00:00+00:00,2026-05-17,0,88.96997802734379,89.6,-0.6300219726562091,0.6300219726562091
KLGA,NBM,2026-05-17 12:00:00+00:00,2026-05-17,0,88.96997802734379,89.6,-0.6300219726562091,0.6300219726562091
KLGA,ECMWF,2026-05-16 06:00:00+00:00,2026-05-17,1,85.6,89.6,-4.0,4.0
KLGA,ECMWF,2026-05-16 12:00:00+00:00,2026-05-17,1,87.2,89.6,-2.3999999999999915,2.3999999999999915
KLGA,ECMWF,2026-05-16 18:00:00+00:00,2026-05-17,1,86.4,89.6,-3.1999999999999886,3.1999999999999886
KLGA,ECMWF,2026-05-17 00:00:00+00:00,2026-05-17,1,89.0,89.6,-0.5999999999999943,0.5999999999999943
KLGA,GFS,2026-05-16 06:00:00+00:00,2026-05-17,1,90.1,89.6,0.5,0.5
KLGA,GFS,2026-05-16 12:00:00+00:00,2026-05-17,1,91.3,89.6,1.7000000000000028,1.7000000000000028
KLGA,GFS,2026-05-16 18:00:00+00:00,2026-05-17,1,90.6,89.6,1.0,1.0
KLGA,GFS,2026-05-17 00:00:00+00:00,2026-05-17,1,90.5,89.6,0.9000000000000057,0.9000000000000057
KLGA,HRRR,2026-05-16 18:00:00+00:00,2026-05-17,1,68.03717773437504,89.6,-21.56282226562496,21.56282226562496
KLGA,HRRR,2026-05-16 21:00:00+00:00,2026-05-17,1,67.17233398437504,89.6,-22.42766601562495,22.42766601562495
KLGA,HRRR,2026-05-16 22:00:00+00:00,2026-05-17,1,64.75094726562504,89.6,-24.84905273437495,24.84905273437495
KLGA,HRRR,2026-05-17 00:00:00+00:00,2026-05-17,1,69.12427490234379,89.6,-20.47572509765621,20.47572509765621
KLGA,HRRR,2026-05-17 01:00:00+00:00,2026-05-17,1,67.4119458007813,89.6,-22.188054199218698,22.188054199218698
KLGA,HRRR,2026-05-17 02:00:00+00:00,2026-05-17,1,68.13989990234379,89.6,-21.46010009765621,21.46010009765621
KLGA,HRRR,2026-05-17 03:00:00+00:00,2026-05-17,1,67.99125488281254,89.6,-21.608745117187453,21.608745117187453
KLGA,NBM,2026-05-16 06:00:00+00:00,2026-05-17,1,88.43000000000004,89.6,-1.169999999999959,1.169999999999959
KLGA,NBM,2026-05-16 12:00:00+00:00,2026-05-17,1,88.79002197265629,89.6,-0.8099780273437034,0.8099780273437034
KLGA,NBM,2026-05-16 18:00:00+00:00,2026-05-17,1,89.6900219726563,89.6,0.0900219726563023,0.0900219726563023
KLGA,NBM,2026-05-17 00:00:00+00:00,2026-05-17,1,89.33000000000004,89.6,-0.2699999999999534,0.2699999999999534
KLGA,ECMWF,2026-05-15 18:00:00+00:00,2026-05-17,2,88.8,89.6,-0.7999999999999972,0.7999999999999972
KLGA,ECMWF,2026-05-16 00:00:00+00:00,2026-05-17,2,88.8,89.6,-0.7999999999999972,0.7999999999999972
KLGA,GFS,2026-05-15 18:00:00+00:00,2026-05-17,2,88.2,89.6,-1.3999999999999915,1.3999999999999915
KLGA,GFS,2026-05-16 00:00:00+00:00,2026-05-17,2,87.6,89.6,-2.0,2.0
KLGA,NBM,2026-05-15 12:00:00+00:00,2026-05-17,2,85.91001098632816,89.6,-3.689989013671834,3.689989013671834
KLGA,NBM,2026-05-15 18:00:00+00:00,2026-05-17,2,86.9900219726563,89.6,-2.6099780273437005,2.6099780273437005
KLGA,NBM,2026-05-16 00:00:00+00:00,2026-05-17,2,87.53000000000004,89.6,-2.0699999999999505,2.0699999999999505
KMDW,ECMWF,2026-05-17 06:00:00+00:00,2026-05-17,0,82.0,87.0,-5.0,5.0
KMDW,ECMWF,2026-05-17 12:00:00+00:00,2026-05-17,0,84.7,87.0,-2.299999999999997,2.299999999999997
KMDW,ECMWF,2026-05-17 18:00:00+00:00,2026-05-17,0,85.3,87.0,-1.7000000000000028,1.7000000000000028
KMDW,ECMWF,2026-05-18 00:00:00+00:00,2026-05-17,0,84.3,87.0,-2.700000000000003,2.700000000000003
KMDW,GFS,2026-05-17 06:00:00+00:00,2026-05-17,0,87.3,87.0,0.29999999999999716,0.29999999999999716
KMDW,GFS,2026-05-17 12:00:00+00:00,2026-05-17,0,87.7,87.0,0.7000000000000028,0.7000000000000028
KMDW,GFS,2026-05-17 18:00:00+00:00,2026-05-17,0,88.4,87.0,1.4000000000000057,1.4000000000000057
KMDW,GFS,2026-05-18 00:00:00+00:00,2026-05-17,0,81.8,87.0,-5.200000000000003,5.200000000000003
KMDW,HRRR,2026-05-17 05:00:00+00:00,2026-05-17,0,68.8329174804688,87.0,-18.167082519531206,18.167082519531206
KMDW,HRRR,2026-05-17 06:00:00+00:00,2026-05-17,0,81.39858520507816,87.0,-5.601414794921837,5.601414794921837
KMDW,HRRR,2026-05-17 07:00:00+00:00,2026-05-17,0,75.81264160156255,87.0,-11.187358398437453,11.187358398437453
KMDW,HRRR,2026-05-17 08:00:00+00:00,2026-05-17,0,74.45231445312504,87.0,-12.547685546874959,12.547685546874959
KMDW,HRRR,2026-05-17 09:00:00+00:00,2026-05-17,0,83.71269042968754,87.0,-3.287309570312459,3.287309570312459
KMDW,HRRR,2026-05-17 10:00:00+00:00,2026-05-17,0,84.80176513671879,87.0,-2.1982348632812148,2.1982348632812148
KMDW,HRRR,2026-05-17 11:00:00+00:00,2026-05-17,0,86.79051025390629,87.0,-0.20948974609370907,0.20948974609370907
KMDW,HRRR,2026-05-17 12:00:00+00:00,2026-05-17,0,88.12496459960941,87.0,1.124964599609413,1.124964599609413
KMDW,HRRR,2026-05-17 13:00:00+00:00,2026-05-17,0,87.56614501953129,87.0,0.5661450195312909,0.5661450195312909
KMDW,HRRR,2026-05-17 14:00:00+00:00,2026-05-17,0,87.59174316406254,87.0,0.5917431640625352,0.5917431640625352
KMDW,HRRR,2026-05-17 15:00:00+00:00,2026-05-17,0,88.19066284179692,87.0,1.1906628417969216,1.1906628417969216
KMDW,HRRR,2026-05-17 16:00:00+00:00,2026-05-17,0,88.30514038085941,87.0,1.305140380859413,1.305140380859413
KMDW,HRRR,2026-05-17 17:00:00+00:00,2026-05-17,0,87.93182495117192,87.0,0.9318249511719188,0.9318249511719188
KMDW,HRRR,2026-05-17 18:00:00+00:00,2026-05-17,0,87.91765258789067,87.0,0.9176525878906716,0.9176525878906716
KMDW,HRRR,2026-05-17 19:00:00+00:00,2026-05-17,0,86.86054809570317,87.0,-0.13945190429683407,0.13945190429683407
KMDW,HRRR,2026-05-17 20:00:00+00:00,2026-05-17,0,86.9643139648438,87.0,-0.03568603515620339,0.03568603515620339
KMDW,HRRR,2026-05-17 21:00:00+00:00,2026-05-17,0,85.44770629882817,87.0,-1.552293701171834,1.552293701171834
KMDW,HRRR,2026-05-17 22:00:00+00:00,2026-05-17,0,83.67412841796879,87.0,-3.325871582031212,3.325871582031212
KMDW,HRRR,2026-05-17 23:00:00+00:00,2026-05-17,0,81.25197265625005,87.0,-5.748027343749953,5.748027343749953
KMDW,HRRR,2026-05-18 00:00:00+00:00,2026-05-17,0,79.40313842773442,87.0,-7.596861572265581,7.596861572265581
KMDW,HRRR,2026-05-18 01:00:00+00:00,2026-05-17,0,78.40805175781254,87.0,-8.591948242187456,8.591948242187456
KMDW,HRRR,2026-05-18 02:00:00+00:00,2026-05-17,0,77.78320434570317,87.0,-9.216795654296831,9.216795654296831
KMDW,HRRR,2026-05-18 03:00:00+00:00,2026-05-17,0,75.94129150390629,87.0,-11.058708496093715,11.058708496093715
KMDW,NBM,2026-05-17 06:00:00+00:00,2026-05-17,0,87.34998901367192,87.0,0.3499890136719159,0.3499890136719159
KMDW,NBM,2026-05-17 12:00:00+00:00,2026-05-17,0,87.16997802734379,87.0,0.16997802734378809,0.16997802734378809
KMDW,ECMWF,2026-05-16 06:00:00+00:00,2026-05-17,1,84.7,87.0,-2.299999999999997,2.299999999999997
KMDW,ECMWF,2026-05-16 12:00:00+00:00,2026-05-17,1,85.7,87.0,-1.2999999999999972,1.2999999999999972
KMDW,ECMWF,2026-05-16 18:00:00+00:00,2026-05-17,1,85.8,87.0,-1.2000000000000028,1.2000000000000028
KMDW,ECMWF,2026-05-17 00:00:00+00:00,2026-05-17,1,84.2,87.0,-2.799999999999997,2.799999999999997
KMDW,GFS,2026-05-16 06:00:00+00:00,2026-05-17,1,88.1,87.0,1.0999999999999943,1.0999999999999943
KMDW,GFS,2026-05-16 12:00:00+00:00,2026-05-17,1,87.7,87.0,0.7000000000000028,0.7000000000000028
KMDW,GFS,2026-05-16 18:00:00+00:00,2026-05-17,1,80.7,87.0,-6.299999999999997,6.299999999999997
KMDW,GFS,2026-05-17 00:00:00+00:00,2026-05-17,1,87.3,87.0,0.29999999999999716,0.29999999999999716
KMDW,HRRR,2026-05-16 18:00:00+00:00,2026-05-17,1,68.03717773437504,87.0,-18.962822265624965,18.962822265624965
KMDW,HRRR,2026-05-16 22:00:00+00:00,2026-05-17,1,66.66344726562504,87.0,-20.336552734374962,20.336552734374962
KMDW,HRRR,2026-05-17 00:00:00+00:00,2026-05-17,1,67.46160400390629,87.0,-19.538395996093712,19.538395996093712
KMDW,HRRR,2026-05-17 01:00:00+00:00,2026-05-17,1,65.8369458007813,87.0,-21.163054199218706,21.163054199218706
KMDW,HRRR,2026-05-17 02:00:00+00:00,2026-05-17,1,66.90239990234379,87.0,-20.097600097656212,20.097600097656212
KMDW,HRRR,2026-05-17 03:00:00+00:00,2026-05-17,1,66.64795654296879,87.0,-20.352043457031215,20.352043457031215
KMDW,HRRR,2026-05-17 04:00:00+00:00,2026-05-17,1,68.38522460937504,87.0,-18.614775390624956,18.614775390624956
KMDW,NBM,2026-05-16 06:00:00+00:00,2026-05-17,1,87.16997802734379,87.0,0.16997802734378809,0.16997802734378809
KMDW,NBM,2026-05-16 12:00:00+00:00,2026-05-17,1,86.9900219726563,87.0,-0.00997802734370623,0.00997802734370623
KMDW,NBM,2026-05-16 18:00:00+00:00,2026-05-17,1,87.34998901367192,87.0,0.3499890136719159,0.3499890136719159
KMDW,NBM,2026-05-17 00:00:00+00:00,2026-05-17,1,87.71001098632817,87.0,0.7100109863281716,0.7100109863281716
KMDW,ECMWF,2026-05-15 06:00:00+00:00,2026-05-17,2,83.4,87.0,-3.5999999999999943,3.5999999999999943
KMDW,ECMWF,2026-05-15 12:00:00+00:00,2026-05-17,2,83.1,87.0,-3.9000000000000057,3.9000000000000057
KMDW,ECMWF,2026-05-15 18:00:00+00:00,2026-05-17,2,82.4,87.0,-4.599999999999994,4.599999999999994
KMDW,ECMWF,2026-05-16 00:00:00+00:00,2026-05-17,2,81.6,87.0,-5.400000000000006,5.400000000000006
KMDW,GFS,2026-05-15 06:00:00+00:00,2026-05-17,2,83.5,87.0,-3.5,3.5
KMDW,GFS,2026-05-15 12:00:00+00:00,2026-05-17,2,84.8,87.0,-2.200000000000003,2.200000000000003
KMDW,GFS,2026-05-15 18:00:00+00:00,2026-05-17,2,84.2,87.0,-2.799999999999997,2.799999999999997
KMDW,GFS,2026-05-16 00:00:00+00:00,2026-05-17,2,81.9,87.0,-5.099999999999994,5.099999999999994
KMDW,NBM,2026-05-15 06:00:00+00:00,2026-05-17,2,86.81001098632817,87.0,-0.18998901367183407,0.18998901367183407
KMDW,NBM,2026-05-15 12:00:00+00:00,2026-05-17,2,86.44998901367191,87.0,-0.5500109863280898,0.5500109863280898
KMDW,NBM,2026-05-15 18:00:00+00:00,2026-05-17,2,86.63000000000004,87.0,-0.3699999999999619,0.3699999999999619
KMDW,NBM,2026-05-16 00:00:00+00:00,2026-05-17,2,87.16997802734379,87.0,0.16997802734378809,0.16997802734378809
KMDW,ECMWF,2026-05-14 06:00:00+00:00,2026-05-17,3,85.3,87.0,-1.7000000000000028,1.7000000000000028
KMDW,ECMWF,2026-05-14 12:00:00+00:00,2026-05-17,3,82.2,87.0,-4.799999999999997,4.799999999999997
KMDW,ECMWF,2026-05-14 18:00:00+00:00,2026-05-17,3,83.1,87.0,-3.9000000000000057,3.9000000000000057
KMDW,ECMWF,2026-05-15 00:00:00+00:00,2026-05-17,3,82.5,87.0,-4.5,4.5
KMDW,GFS,2026-05-14 06:00:00+00:00,2026-05-17,3,82.8,87.0,-4.200000000000003,4.200000000000003
KMDW,GFS,2026-05-14 12:00:00+00:00,2026-05-17,3,85.3,87.0,-1.7000000000000028,1.7000000000000028
KMDW,GFS,2026-05-14 18:00:00+00:00,2026-05-17,3,85.7,87.0,-1.2999999999999972,1.2999999999999972
KMDW,GFS,2026-05-15 00:00:00+00:00,2026-05-17,3,85.3,87.0,-1.7000000000000028,1.7000000000000028
KMDW,NBM,2026-05-14 06:00:00+00:00,2026-05-17,3,86.63000000000004,87.0,-0.3699999999999619,0.3699999999999619
KMDW,NBM,2026-05-14 12:00:00+00:00,2026-05-17,3,87.53000000000004,87.0,0.5300000000000438,0.5300000000000438
KMDW,NBM,2026-05-14 18:00:00+00:00,2026-05-17,3,86.9900219726563,87.0,-0.00997802734370623,0.00997802734370623
KMDW,NBM,2026-05-15 00:00:00+00:00,2026-05-17,3,86.63000000000004,87.0,-0.3699999999999619,0.3699999999999619
KMDW,ECMWF,2026-05-13 06:00:00+00:00,2026-05-17,4,78.5,87.0,-8.5,8.5
KMDW,ECMWF,2026-05-13 12:00:00+00:00,2026-05-17,4,79.6,87.0,-7.400000000000006,7.400000000000006
KMDW,ECMWF,2026-05-13 18:00:00+00:00,2026-05-17,4,81.6,87.0,-5.400000000000006,5.400000000000006
KMDW,ECMWF,2026-05-14 00:00:00+00:00,2026-05-17,4,82.5,87.0,-4.5,4.5
KMDW,GFS,2026-05-13 06:00:00+00:00,2026-05-17,4,85.3,87.0,-1.7000000000000028,1.7000000000000028
KMDW,GFS,2026-05-13 12:00:00+00:00,2026-05-17,4,84.4,87.0,-2.5999999999999943,2.5999999999999943
KMDW,GFS,2026-05-13 18:00:00+00:00,2026-05-17,4,71.3,87.0,-15.700000000000003,15.700000000000003
KMDW,GFS,2026-05-14 00:00:00+00:00,2026-05-17,4,71.6,87.0,-15.400000000000006,15.400000000000006
KMDW,NBM,2026-05-13 06:00:00+00:00,2026-05-17,4,83.03000000000004,87.0,-3.9699999999999562,3.9699999999999562
KMDW,NBM,2026-05-13 12:00:00+00:00,2026-05-17,4,77.63000000000004,87.0,-9.369999999999962,9.369999999999962
KMDW,NBM,2026-05-13 18:00:00+00:00,2026-05-17,4,79.96997802734379,87.0,-7.030021972656215,7.030021972656215
KMDW,NBM,2026-05-14 00:00:00+00:00,2026-05-17,4,86.2699780273438,87.0,-0.7300219726562034,0.7300219726562034
KMDW,ECMWF,2026-05-12 06:00:00+00:00,2026-05-17,5,74.6,87.0,-12.400000000000006,12.400000000000006
KMDW,ECMWF,2026-05-12 12:00:00+00:00,2026-05-17,5,67.4,87.0,-19.599999999999994,19.599999999999994
KMDW,ECMWF,2026-05-12 18:00:00+00:00,2026-05-17,5,67.4,87.0,-19.599999999999994,19.599999999999994
KMDW,ECMWF,2026-05-13 00:00:00+00:00,2026-05-17,5,81.5,87.0,-5.5,5.5
KMDW,GFS,2026-05-12 06:00:00+00:00,2026-05-17,5,88.0,87.0,1.0,1.0
KMDW,GFS,2026-05-12 12:00:00+00:00,2026-05-17,5,86.9,87.0,-0.09999999999999432,0.09999999999999432
KMDW,GFS,2026-05-12 18:00:00+00:00,2026-05-17,5,80.6,87.0,-6.400000000000006,6.400000000000006
KMDW,GFS,2026-05-13 00:00:00+00:00,2026-05-17,5,85.5,87.0,-1.5,1.5
KMDW,NBM,2026-05-12 06:00:00+00:00,2026-05-17,5,84.46997802734379,87.0,-2.5300219726562148,2.5300219726562148
KMDW,NBM,2026-05-12 12:00:00+00:00,2026-05-17,5,80.86997802734379,87.0,-6.130021972656209,6.130021972656209
KMDW,NBM,2026-05-12 18:00:00+00:00,2026-05-17,5,85.1900219726563,87.0,-1.8099780273437034,1.8099780273437034
KMDW,NBM,2026-05-13 00:00:00+00:00,2026-05-17,5,83.21001098632817,87.0,-3.7899890136718284,3.7899890136718284
KMDW,ECMWF,2026-05-11 06:00:00+00:00,2026-05-17,6,85.2,87.0,-1.7999999999999972,1.7999999999999972
KMDW,ECMWF,2026-05-11 12:00:00+00:00,2026-05-17,6,75.6,87.0,-11.400000000000006,11.400000000000006
KMDW,ECMWF,2026-05-11 18:00:00+00:00,2026-05-17,6,75.6,87.0,-11.400000000000006,11.400000000000006
KMDW,ECMWF,2026-05-12 00:00:00+00:00,2026-05-17,6,74.0,87.0,-13.0,13.0
KMDW,GFS,2026-05-11 06:00:00+00:00,2026-05-17,6,84.0,87.0,-3.0,3.0
KMDW,GFS,2026-05-11 12:00:00+00:00,2026-05-17,6,75.4,87.0,-11.599999999999994,11.599999999999994
KMDW,GFS,2026-05-11 18:00:00+00:00,2026-05-17,6,77.0,87.0,-10.0,10.0
KMDW,GFS,2026-05-12 00:00:00+00:00,2026-05-17,6,88.0,87.0,1.0,1.0
KMDW,NBM,2026-05-11 06:00:00+00:00,2026-05-17,6,83.5699780273438,87.0,-3.4300219726562062,3.4300219726562062
KMDW,NBM,2026-05-11 12:00:00+00:00,2026-05-17,6,83.5699780273438,87.0,-3.4300219726562062,3.4300219726562062
KMDW,NBM,2026-05-11 18:00:00+00:00,2026-05-17,6,85.73000000000005,87.0,-1.2699999999999534,1.2699999999999534
KMDW,NBM,2026-05-12 00:00:00+00:00,2026-05-17,6,85.54998901367192,87.0,-1.4500109863280812,1.4500109863280812
KMDW,ECMWF,2026-05-10 18:00:00+00:00,2026-05-17,7,82.4,87.0,-4.599999999999994,4.599999999999994
KMDW,ECMWF,2026-05-11 00:00:00+00:00,2026-05-17,7,85.2,87.0,-1.7999999999999972,1.7999999999999972
KMDW,GFS,2026-05-10 18:00:00+00:00,2026-05-17,7,77.4,87.0,-9.599999999999994,9.599999999999994
KMDW,GFS,2026-05-11 00:00:00+00:00,2026-05-17,7,89.3,87.0,2.299999999999997,2.299999999999997
KMDW,NBM,2026-05-10 06:00:00+00:00,2026-05-17,7,85.73000000000005,87.0,-1.2699999999999534,1.2699999999999534
KMDW,NBM,2026-05-10 12:00:00+00:00,2026-05-17,7,83.74998901367192,87.0,-3.2500109863280784,3.2500109863280784
KMDW,NBM,2026-05-10 18:00:00+00:00,2026-05-17,7,86.09002197265629,87.0,-0.9099780273437119,0.9099780273437119
KMDW,NBM,2026-05-11 00:00:00+00:00,2026-05-17,7,85.01001098632817,87.0,-1.9899890136718312,1.9899890136718312
KMIA,ECMWF,2026-05-17 06:00:00+00:00,2026-05-17,0,82.8,87.8,-5.0,5.0
KMIA,ECMWF,2026-05-17 12:00:00+00:00,2026-05-17,0,82.5,87.8,-5.299999999999997,5.299999999999997
KMIA,ECMWF,2026-05-17 18:00:00+00:00,2026-05-17,0,82.5,87.8,-5.299999999999997,5.299999999999997
KMIA,ECMWF,2026-05-18 00:00:00+00:00,2026-05-17,0,80.5,87.8,-7.299999999999997,7.299999999999997
KMIA,GFS,2026-05-17 06:00:00+00:00,2026-05-17,0,85.8,87.8,-2.0,2.0
KMIA,GFS,2026-05-17 12:00:00+00:00,2026-05-17,0,87.0,87.8,-0.7999999999999972,0.7999999999999972
KMIA,GFS,2026-05-17 18:00:00+00:00,2026-05-17,0,81.9,87.8,-5.8999999999999915,5.8999999999999915
KMIA,GFS,2026-05-18 00:00:00+00:00,2026-05-17,0,79.4,87.8,-8.399999999999991,8.399999999999991
KMIA,HRRR,2026-05-17 04:00:00+00:00,2026-05-17,0,81.7825024414063,87.8,-6.017497558593703,6.017497558593703
KMIA,HRRR,2026-05-17 05:00:00+00:00,2026-05-17,0,83.57041748046879,87.8,-4.229582519531206,4.229582519531206
KMIA,HRRR,2026-05-17 06:00:00+00:00,2026-05-17,0,85.85024536132816,87.8,-1.949754638671834,1.949754638671834
KMIA,HRRR,2026-05-17 07:00:00+00:00,2026-05-17,0,86.27514160156254,87.8,-1.524858398437459,1.524858398437459
KMIA,HRRR,2026-05-17 08:00:00+00:00,2026-05-17,0,84.35231445312505,87.8,-3.4476855468749505,3.4476855468749505
KMIA,HRRR,2026-05-17 09:00:00+00:00,2026-05-17,0,85.85019042968754,87.8,-1.9498095703124534,1.9498095703124534
KMIA,HRRR,2026-05-17 10:00:00+00:00,2026-05-17,0,86.56177490234379,87.8,-1.238225097656212,1.238225097656212
KMIA,HRRR,2026-05-17 11:00:00+00:00,2026-05-17,0,83.41551025390629,87.8,-4.384489746093706,4.384489746093706
KMIA,HRRR,2026-05-17 12:00:00+00:00,2026-05-17,0,82.7148022460938,87.8,-5.0851977539062005,5.0851977539062005
KMIA,HRRR,2026-05-17 13:00:00+00:00,2026-05-17,0,83.17864501953129,87.8,-4.621354980468709,4.621354980468709
KMIA,HRRR,2026-05-17 14:00:00+00:00,2026-05-17,0,82.61762817382817,87.8,-5.182371826171831,5.182371826171831
KMIA,HRRR,2026-05-17 15:00:00+00:00,2026-05-17,0,82.56851928710941,87.8,-5.231480712890587,5.231480712890587
KMIA,HRRR,2026-05-17 16:00:00+00:00,2026-05-17,0,81.82188842773442,87.8,-5.9781115722655755,5.9781115722655755
KMIA,HRRR,2026-05-17 17:00:00+00:00,2026-05-17,0,82.39092529296879,87.8,-5.409074707031209,5.409074707031209
KMIA,HRRR,2026-05-17 18:00:00+00:00,2026-05-17,0,81.64374511718754,87.8,-6.156254882812462,6.156254882812462
KMIA,HRRR,2026-05-17 19:00:00+00:00,2026-05-17,0,81.89621093750004,87.8,-5.903789062499953,5.903789062499953
KMIA,HRRR,2026-05-17 20:00:00+00:00,2026-05-17,0,81.4518139648438,87.8,-6.348186035156203,6.348186035156203
KMIA,HRRR,2026-05-17 21:00:00+00:00,2026-05-17,0,80.83520629882817,87.8,-6.964793701171828,6.964793701171828
KMIA,HRRR,2026-05-17 22:00:00+00:00,2026-05-17,0,79.3991284179688,87.8,-8.4008715820312,8.4008715820312
KMIA,HRRR,2026-05-17 23:00:00+00:00,2026-05-17,0,78.77697265625004,87.8,-9.023027343749959,9.023027343749959
KMIA,HRRR,2026-05-18 00:00:00+00:00,2026-05-17,0,78.05313842773441,87.8,-9.746861572265587,9.746861572265587
KMIA,HRRR,2026-05-18 01:00:00+00:00,2026-05-17,0,77.28305175781254,87.8,-10.516948242187453,10.516948242187453
KMIA,HRRR,2026-05-18 02:00:00+00:00,2026-05-17,0,76.65820434570317,87.8,-11.141795654296828,11.141795654296828
KMIA,NBM,2026-05-17 06:00:00+00:00,2026-05-17,0,87.16997802734379,87.8,-0.6300219726562091,0.6300219726562091
KMIA,NBM,2026-05-17 12:00:00+00:00,2026-05-17,0,87.16997802734379,87.8,-0.6300219726562091,0.6300219726562091
KMIA,ECMWF,2026-05-16 06:00:00+00:00,2026-05-17,1,82.8,87.8,-5.0,5.0
KMIA,ECMWF,2026-05-16 12:00:00+00:00,2026-05-17,1,83.0,87.8,-4.799999999999997,4.799999999999997
KMIA,ECMWF,2026-05-16 18:00:00+00:00,2026-05-17,1,83.1,87.8,-4.700000000000003,4.700000000000003
KMIA,ECMWF,2026-05-17 00:00:00+00:00,2026-05-17,1,84.0,87.8,-3.799999999999997,3.799999999999997
KMIA,GFS,2026-05-16 06:00:00+00:00,2026-05-17,1,85.3,87.8,-2.5,2.5
KMIA,GFS,2026-05-16 12:00:00+00:00,2026-05-17,1,87.4,87.8,-0.3999999999999915,0.3999999999999915
KMIA,GFS,2026-05-16 18:00:00+00:00,2026-05-17,1,86.2,87.8,-1.5999999999999943,1.5999999999999943
KMIA,GFS,2026-05-17 00:00:00+00:00,2026-05-17,1,87.3,87.8,-0.5,0.5
KMIA,HRRR,2026-05-16 18:00:00+00:00,2026-05-17,1,78.33241088867192,87.8,-9.467589111328081,9.467589111328081
KMIA,HRRR,2026-05-16 21:00:00+00:00,2026-05-17,1,79.54733398437504,87.8,-8.252666015624953,8.252666015624953
KMIA,HRRR,2026-05-16 22:00:00+00:00,2026-05-17,1,80.01205566406254,87.8,-7.787944335937453,7.787944335937453
KMIA,HRRR,2026-05-17 00:00:00+00:00,2026-05-17,1,80.37427490234379,87.8,-7.425725097656212,7.425725097656212
KMIA,HRRR,2026-05-17 01:00:00+00:00,2026-05-17,1,80.32483642578129,87.8,-7.475163574218712,7.475163574218712
KMIA,HRRR,2026-05-17 02:00:00+00:00,2026-05-17,1,80.24644897460942,87.8,-7.5535510253905755,7.5535510253905755
KMIA,HRRR,2026-05-17 03:00:00+00:00,2026-05-17,1,80.81625488281254,87.8,-6.983745117187453,6.983745117187453
KMIA,NBM,2026-05-16 06:00:00+00:00,2026-05-17,1,87.34998901367192,87.8,-0.45001098632808123,0.45001098632808123
KMIA,NBM,2026-05-16 12:00:00+00:00,2026-05-17,1,87.34998901367192,87.8,-0.45001098632808123,0.45001098632808123
KMIA,NBM,2026-05-16 18:00:00+00:00,2026-05-17,1,87.53000000000004,87.8,-0.2699999999999534,0.2699999999999534
KMIA,NBM,2026-05-17 00:00:00+00:00,2026-05-17,1,86.9900219726563,87.8,-0.8099780273437034,0.8099780273437034
KMIA,ECMWF,2026-05-15 06:00:00+00:00,2026-05-17,2,85.0,87.8,-2.799999999999997,2.799999999999997
KMIA,ECMWF,2026-05-15 12:00:00+00:00,2026-05-17,2,83.7,87.8,-4.099999999999994,4.099999999999994
KMIA,ECMWF,2026-05-15 18:00:00+00:00,2026-05-17,2,84.4,87.8,-3.3999999999999915,3.3999999999999915
KMIA,ECMWF,2026-05-16 00:00:00+00:00,2026-05-17,2,81.9,87.8,-5.8999999999999915,5.8999999999999915
KMIA,GFS,2026-05-15 06:00:00+00:00,2026-05-17,2,86.5,87.8,-1.2999999999999972,1.2999999999999972
KMIA,GFS,2026-05-15 12:00:00+00:00,2026-05-17,2,86.2,87.8,-1.5999999999999943,1.5999999999999943
KMIA,GFS,2026-05-15 18:00:00+00:00,2026-05-17,2,84.9,87.8,-2.8999999999999915,2.8999999999999915
KMIA,GFS,2026-05-16 00:00:00+00:00,2026-05-17,2,85.5,87.8,-2.299999999999997,2.299999999999997
KMIA,NBM,2026-05-15 06:00:00+00:00,2026-05-17,2,87.71001098632817,87.8,-0.08998901367182555,0.08998901367182555
KMIA,NBM,2026-05-15 12:00:00+00:00,2026-05-17,2,87.71001098632817,87.8,-0.08998901367182555,0.08998901367182555
KMIA,NBM,2026-05-15 18:00:00+00:00,2026-05-17,2,87.34998901367192,87.8,-0.45001098632808123,0.45001098632808123
KMIA,NBM,2026-05-16 00:00:00+00:00,2026-05-17,2,86.9900219726563,87.8,-0.8099780273437034,0.8099780273437034
KMIA,ECMWF,2026-05-14 06:00:00+00:00,2026-05-17,3,84.9,87.8,-2.8999999999999915,2.8999999999999915
KMIA,ECMWF,2026-05-14 12:00:00+00:00,2026-05-17,3,84.8,87.8,-3.0,3.0
KMIA,ECMWF,2026-05-14 18:00:00+00:00,2026-05-17,3,84.3,87.8,-3.5,3.5
KMIA,ECMWF,2026-05-15 00:00:00+00:00,2026-05-17,3,87.0,87.8,-0.7999999999999972,0.7999999999999972
KMIA,GFS,2026-05-14 06:00:00+00:00,2026-05-17,3,85.6,87.8,-2.200000000000003,2.200000000000003
KMIA,GFS,2026-05-14 12:00:00+00:00,2026-05-17,3,87.4,87.8,-0.3999999999999915,0.3999999999999915
KMIA,GFS,2026-05-14 18:00:00+00:00,2026-05-17,3,87.6,87.8,-0.20000000000000284,0.20000000000000284
KMIA,GFS,2026-05-15 00:00:00+00:00,2026-05-17,3,86.7,87.8,-1.0999999999999943,1.0999999999999943
KMIA,NBM,2026-05-14 06:00:00+00:00,2026-05-17,3,87.71001098632817,87.8,-0.08998901367182555,0.08998901367182555
KMIA,NBM,2026-05-14 12:00:00+00:00,2026-05-17,3,87.34998901367192,87.8,-0.45001098632808123,0.45001098632808123
KMIA,NBM,2026-05-14 18:00:00+00:00,2026-05-17,3,87.16997802734379,87.8,-0.6300219726562091,0.6300219726562091
KMIA,NBM,2026-05-15 00:00:00+00:00,2026-05-17,3,87.53000000000004,87.8,-0.2699999999999534,0.2699999999999534
KMIA,ECMWF,2026-05-13 06:00:00+00:00,2026-05-17,4,82.7,87.8,-5.099999999999994,5.099999999999994
KMIA,ECMWF,2026-05-13 12:00:00+00:00,2026-05-17,4,83.9,87.8,-3.8999999999999915,3.8999999999999915
KMIA,ECMWF,2026-05-13 18:00:00+00:00,2026-05-17,4,83.4,87.8,-4.3999999999999915,4.3999999999999915
KMIA,ECMWF,2026-05-14 00:00:00+00:00,2026-05-17,4,83.4,87.8,-4.3999999999999915,4.3999999999999915
KMIA,GFS,2026-05-13 06:00:00+00:00,2026-05-17,4,86.9,87.8,-0.8999999999999915,0.8999999999999915
KMIA,GFS,2026-05-13 12:00:00+00:00,2026-05-17,4,89.0,87.8,1.2000000000000028,1.2000000000000028
KMIA,GFS,2026-05-13 18:00:00+00:00,2026-05-17,4,88.5,87.8,0.7000000000000028,0.7000000000000028
KMIA,GFS,2026-05-14 00:00:00+00:00,2026-05-17,4,88.7,87.8,0.9000000000000057,0.9000000000000057
KMIA,NBM,2026-05-13 06:00:00+00:00,2026-05-17,4,88.0699780273438,87.8,0.2699780273437966,0.2699780273437966
KMIA,NBM,2026-05-13 12:00:00+00:00,2026-05-17,4,88.0699780273438,87.8,0.2699780273437966,0.2699780273437966
KMIA,NBM,2026-05-13 18:00:00+00:00,2026-05-17,4,88.0699780273438,87.8,0.2699780273437966,0.2699780273437966
KMIA,NBM,2026-05-14 00:00:00+00:00,2026-05-17,4,87.16997802734379,87.8,-0.6300219726562091,0.6300219726562091
KMIA,ECMWF,2026-05-12 06:00:00+00:00,2026-05-17,5,85.2,87.8,-2.5999999999999943,2.5999999999999943
KMIA,ECMWF,2026-05-12 12:00:00+00:00,2026-05-17,5,84.1,87.8,-3.700000000000003,3.700000000000003
KMIA,ECMWF,2026-05-12 18:00:00+00:00,2026-05-17,5,84.1,87.8,-3.700000000000003,3.700000000000003
KMIA,ECMWF,2026-05-13 00:00:00+00:00,2026-05-17,5,84.3,87.8,-3.5,3.5
KMIA,GFS,2026-05-12 06:00:00+00:00,2026-05-17,5,88.7,87.8,0.9000000000000057,0.9000000000000057
KMIA,GFS,2026-05-12 12:00:00+00:00,2026-05-17,5,89.2,87.8,1.4000000000000057,1.4000000000000057
KMIA,GFS,2026-05-12 18:00:00+00:00,2026-05-17,5,83.3,87.8,-4.5,4.5
KMIA,GFS,2026-05-13 00:00:00+00:00,2026-05-17,5,87.2,87.8,-0.5999999999999943,0.5999999999999943
KMIA,NBM,2026-05-12 06:00:00+00:00,2026-05-17,5,87.16997802734379,87.8,-0.6300219726562091,0.6300219726562091
KMIA,NBM,2026-05-12 12:00:00+00:00,2026-05-17,5,87.53000000000004,87.8,-0.2699999999999534,0.2699999999999534
KMIA,NBM,2026-05-12 18:00:00+00:00,2026-05-17,5,87.71001098632817,87.8,-0.08998901367182555,0.08998901367182555
KMIA,NBM,2026-05-13 00:00:00+00:00,2026-05-17,5,87.89002197265629,87.8,0.09002197265628809,0.09002197265628809
KMIA,ECMWF,2026-05-11 06:00:00+00:00,2026-05-17,6,86.4,87.8,-1.3999999999999915,1.3999999999999915
KMIA,ECMWF,2026-05-11 12:00:00+00:00,2026-05-17,6,85.6,87.8,-2.200000000000003,2.200000000000003
KMIA,ECMWF,2026-05-11 18:00:00+00:00,2026-05-17,6,85.6,87.8,-2.200000000000003,2.200000000000003
KMIA,ECMWF,2026-05-12 00:00:00+00:00,2026-05-17,6,86.4,87.8,-1.3999999999999915,1.3999999999999915
KMIA,GFS,2026-05-11 06:00:00+00:00,2026-05-17,6,89.9,87.8,2.1000000000000085,2.1000000000000085
KMIA,GFS,2026-05-11 12:00:00+00:00,2026-05-17,6,90.3,87.8,2.5,2.5
KMIA,GFS,2026-05-11 18:00:00+00:00,2026-05-17,6,90.0,87.8,2.200000000000003,2.200000000000003
KMIA,GFS,2026-05-12 00:00:00+00:00,2026-05-17,6,88.7,87.8,0.9000000000000057,0.9000000000000057
KMIA,NBM,2026-05-11 06:00:00+00:00,2026-05-17,6,88.96997802734379,87.8,1.169978027343788,1.169978027343788
KMIA,NBM,2026-05-11 12:00:00+00:00,2026-05-17,6,88.61001098632816,87.8,0.8100109863281659,0.8100109863281659
KMIA,NBM,2026-05-11 18:00:00+00:00,2026-05-17,6,87.89002197265629,87.8,0.09002197265628809,0.09002197265628809
KMIA,NBM,2026-05-12 00:00:00+00:00,2026-05-17,6,87.53000000000004,87.8,-0.2699999999999534,0.2699999999999534
KMIA,ECMWF,2026-05-10 18:00:00+00:00,2026-05-17,7,84.1,87.8,-3.700000000000003,3.700000000000003
KMIA,ECMWF,2026-05-11 00:00:00+00:00,2026-05-17,7,86.4,87.8,-1.3999999999999915,1.3999999999999915
KMIA,GFS,2026-05-10 18:00:00+00:00,2026-05-17,7,87.6,87.8,-0.20000000000000284,0.20000000000000284
KMIA,GFS,2026-05-11 00:00:00+00:00,2026-05-17,7,87.1,87.8,-0.7000000000000028,0.7000000000000028
KMIA,NBM,2026-05-10 06:00:00+00:00,2026-05-17,7,88.43000000000004,87.8,0.6300000000000381,0.6300000000000381
KMIA,NBM,2026-05-10 12:00:00+00:00,2026-05-17,7,88.24998901367192,87.8,0.44998901367192445,0.44998901367192445
KMIA,NBM,2026-05-10 18:00:00+00:00,2026-05-17,7,88.24998901367192,87.8,0.44998901367192445,0.44998901367192445
KMIA,NBM,2026-05-11 00:00:00+00:00,2026-05-17,7,88.0699780273438,87.8,0.2699780273437966,0.2699780273437966
KNYC,ECMWF,2026-05-17 06:00:00+00:00,2026-05-17,0,91.2,87.0,4.200000000000003,4.200000000000003
KNYC,ECMWF,2026-05-17 12:00:00+00:00,2026-05-17,0,91.6,87.0,4.599999999999994,4.599999999999994
KNYC,ECMWF,2026-05-17 18:00:00+00:00,2026-05-17,0,91.5,87.0,4.5,4.5
KNYC,ECMWF,2026-05-18 00:00:00+00:00,2026-05-17,0,78.9,87.0,-8.099999999999994,8.099999999999994
KNYC,GFS,2026-05-17 06:00:00+00:00,2026-05-17,0,90.6,87.0,3.5999999999999943,3.5999999999999943
KNYC,GFS,2026-05-17 12:00:00+00:00,2026-05-17,0,90.3,87.0,3.299999999999997,3.299999999999997
KNYC,GFS,2026-05-17 18:00:00+00:00,2026-05-17,0,89.4,87.0,2.4000000000000057,2.4000000000000057
KNYC,GFS,2026-05-18 00:00:00+00:00,2026-05-17,0,80.9,87.0,-6.099999999999994,6.099999999999994
KNYC,HRRR,2026-05-17 04:00:00+00:00,2026-05-17,0,71.99500244140629,87.0,-15.004997558593715,15.004997558593715
KNYC,HRRR,2026-05-17 05:00:00+00:00,2026-05-17,0,75.5829174804688,87.0,-11.417082519531206,11.417082519531206
KNYC,HRRR,2026-05-17 06:00:00+00:00,2026-05-17,0,90.96108520507816,87.0,3.961085205078163,3.961085205078163
KNYC,HRRR,2026-05-17 07:00:00+00:00,2026-05-17,0,83.91264160156254,87.0,-3.087358398437459,3.087358398437459
KNYC,HRRR,2026-05-17 08:00:00+00:00,2026-05-17,0,80.63981445312504,87.0,-6.360185546874959,6.360185546874959
KNYC,HRRR,2026-05-17 09:00:00+00:00,2026-05-17,0,89.11269042968755,87.0,2.1126904296875466,2.1126904296875466
KNYC,HRRR,2026-05-17 10:00:00+00:00,2026-05-17,0,90.0892651367188,87.0,3.0892651367187938,3.0892651367187938
KNYC,HRRR,2026-05-17 11:00:00+00:00,2026-05-17,0,89.84828002929692,87.0,2.848280029296916,2.848280029296916
KNYC,HRRR,2026-05-17 12:00:00+00:00,2026-05-17,0,90.13958251953129,87.0,3.139582519531288,3.139582519531288
KNYC,HRRR,2026-05-17 13:00:00+00:00,2026-05-17,0,90.15699584960942,87.0,3.156995849609416,3.156995849609416
KNYC,HRRR,2026-05-17 14:00:00+00:00,2026-05-17,0,90.32799804687504,87.0,3.327998046875038,3.327998046875038
KNYC,HRRR,2026-05-17 15:00:00+00:00,2026-05-17,0,90.21851928710942,87.0,3.218519287109416,3.218519287109416
KNYC,HRRR,2026-05-17 16:00:00+00:00,2026-05-17,0,89.47188842773441,87.0,2.471888427734413,2.471888427734413
KNYC,HRRR,2026-05-17 17:00:00+00:00,2026-05-17,0,89.3982250976563,87.0,2.3982250976562938,2.3982250976562938
KNYC,HRRR,2026-05-17 18:00:00+00:00,2026-05-17,0,89.18124511718754,87.0,2.1812451171875438,2.1812451171875438
KNYC,HRRR,2026-05-17 19:00:00+00:00,2026-05-17,0,89.09621093750005,87.0,2.0962109375000466,2.0962109375000466
KNYC,HRRR,2026-05-17 20:00:00+00:00,2026-05-17,0,88.82342041015629,87.0,1.823420410156288,1.823420410156288
KNYC,HRRR,2026-05-17 21:00:00+00:00,2026-05-17,0,86.68520629882816,87.0,-0.3147937011718369,0.3147937011718369
KNYC,HRRR,2026-05-17 22:00:00+00:00,2026-05-17,0,86.03662841796879,87.0,-0.9633715820312148,0.9633715820312148
KNYC,HRRR,2026-05-17 23:00:00+00:00,2026-05-17,0,79.78947265625004,87.0,-7.210527343749959,7.210527343749959
KNYC,HRRR,2026-05-18 00:00:00+00:00,2026-05-17,0,76.47813842773442,87.0,-10.521861572265578,10.521861572265578
KNYC,HRRR,2026-05-18 01:00:00+00:00,2026-05-17,0,76.04555175781255,87.0,-10.954448242187453,10.954448242187453
KNYC,HRRR,2026-05-18 02:00:00+00:00,2026-05-17,0,73.84570434570317,87.0,-13.154295654296831,13.154295654296831
KNYC,NBM,2026-05-17 06:00:00+00:00,2026-05-17,0,90.7699780273438,87.0,3.7699780273437966,3.7699780273437966
KNYC,NBM,2026-05-17 12:00:00+00:00,2026-05-17,0,90.41001098632816,87.0,3.4100109863281602,3.4100109863281602
KNYC,ECMWF,2026-05-16 06:00:00+00:00,2026-05-17,1,87.8,87.0,0.7999999999999972,0.7999999999999972
KNYC,ECMWF,2026-05-16 12:00:00+00:00,2026-05-17,1,90.6,87.0,3.5999999999999943,3.5999999999999943
KNYC,ECMWF,2026-05-16 18:00:00+00:00,2026-05-17,1,89.8,87.0,2.799999999999997,2.799999999999997
KNYC,ECMWF,2026-05-17 00:00:00+00:00,2026-05-17,1,90.3,87.0,3.299999999999997,3.299999999999997
KNYC,GFS,2026-05-16 06:00:00+00:00,2026-05-17,1,89.8,87.0,2.799999999999997,2.799999999999997
KNYC,GFS,2026-05-16 12:00:00+00:00,2026-05-17,1,90.7,87.0,3.700000000000003,3.700000000000003
KNYC,GFS,2026-05-16 18:00:00+00:00,2026-05-17,1,90.0,87.0,3.0,3.0
KNYC,GFS,2026-05-17 00:00:00+00:00,2026-05-17,1,90.0,87.0,3.0,3.0
KNYC,HRRR,2026-05-16 18:00:00+00:00,2026-05-17,1,68.26217773437504,87.0,-18.737822265624956,18.737822265624956
KNYC,HRRR,2026-05-16 21:00:00+00:00,2026-05-17,1,67.73483398437504,87.0,-19.265166015624956,19.265166015624956
KNYC,HRRR,2026-05-16 22:00:00+00:00,2026-05-17,1,67.63705566406254,87.0,-19.362944335937456,19.362944335937456
KNYC,HRRR,2026-05-17 00:00:00+00:00,2026-05-17,1,70.02427490234379,87.0,-16.97572509765621,16.97572509765621
KNYC,HRRR,2026-05-17 01:00:00+00:00,2026-05-17,1,69.1873364257813,87.0,-17.812663574218703,17.812663574218703
KNYC,HRRR,2026-05-17 02:00:00+00:00,2026-05-17,1,69.67144897460942,87.0,-17.32855102539058,17.32855102539058
KNYC,HRRR,2026-05-17 03:00:00+00:00,2026-05-17,1,70.24125488281254,87.0,-16.75874511718746,16.75874511718746
KNYC,NBM,2026-05-16 06:00:00+00:00,2026-05-17,1,89.51001098632817,87.0,2.5100109863281688,2.5100109863281688
KNYC,NBM,2026-05-16 12:00:00+00:00,2026-05-17,1,90.04998901367192,87.0,3.0499890136719188,3.0499890136719188
KNYC,NBM,2026-05-16 18:00:00+00:00,2026-05-17,1,91.31001098632817,87.0,4.310010986328166,4.310010986328166
KNYC,NBM,2026-05-17 00:00:00+00:00,2026-05-17,1,91.13000000000004,87.0,4.130000000000038,4.130000000000038
KNYC,ECMWF,2026-05-15 06:00:00+00:00,2026-05-17,2,85.6,87.0,-1.4000000000000057,1.4000000000000057
KNYC,ECMWF,2026-05-15 12:00:00+00:00,2026-05-17,2,88.0,87.0,1.0,1.0
KNYC,ECMWF,2026-05-15 18:00:00+00:00,2026-05-17,2,88.4,87.0,1.4000000000000057,1.4000000000000057
KNYC,ECMWF,2026-05-16 00:00:00+00:00,2026-05-17,2,89.1,87.0,2.0999999999999943,2.0999999999999943
KNYC,GFS,2026-05-15 06:00:00+00:00,2026-05-17,2,85.4,87.0,-1.5999999999999943,1.5999999999999943
KNYC,GFS,2026-05-15 12:00:00+00:00,2026-05-17,2,87.4,87.0,0.4000000000000057,0.4000000000000057
KNYC,GFS,2026-05-15 18:00:00+00:00,2026-05-17,2,90.1,87.0,3.0999999999999943,3.0999999999999943
KNYC,GFS,2026-05-16 00:00:00+00:00,2026-05-17,2,87.9,87.0,0.9000000000000057,0.9000000000000057
KNYC,NBM,2026-05-15 06:00:00+00:00,2026-05-17,2,87.89002197265629,87.0,0.8900219726562852,0.8900219726562852
KNYC,NBM,2026-05-15 12:00:00+00:00,2026-05-17,2,87.34998901367192,87.0,0.3499890136719159,0.3499890136719159
KNYC,NBM,2026-05-15 18:00:00+00:00,2026-05-17,2,88.24998901367192,87.0,1.2499890136719216,1.2499890136719216
KNYC,NBM,2026-05-16 00:00:00+00:00,2026-05-17,2,88.96997802734379,87.0,1.9699780273437852,1.9699780273437852
KNYC,ECMWF,2026-05-14 06:00:00+00:00,2026-05-17,3,84.9,87.0,-2.0999999999999943,2.0999999999999943
KNYC,ECMWF,2026-05-14 12:00:00+00:00,2026-05-17,3,87.7,87.0,0.7000000000000028,0.7000000000000028
KNYC,ECMWF,2026-05-14 18:00:00+00:00,2026-05-17,3,88.9,87.0,1.9000000000000057,1.9000000000000057
KNYC,ECMWF,2026-05-15 00:00:00+00:00,2026-05-17,3,87.3,87.0,0.29999999999999716,0.29999999999999716
KNYC,GFS,2026-05-14 06:00:00+00:00,2026-05-17,3,81.1,87.0,-5.900000000000006,5.900000000000006
KNYC,GFS,2026-05-14 12:00:00+00:00,2026-05-17,3,89.5,87.0,2.5,2.5
KNYC,GFS,2026-05-14 18:00:00+00:00,2026-05-17,3,87.0,87.0,0.0,0.0
KNYC,GFS,2026-05-15 00:00:00+00:00,2026-05-17,3,89.5,87.0,2.5,2.5
KNYC,NBM,2026-05-14 06:00:00+00:00,2026-05-17,3,88.24998901367192,87.0,1.2499890136719216,1.2499890136719216
KNYC,NBM,2026-05-14 12:00:00+00:00,2026-05-17,3,87.53000000000004,87.0,0.5300000000000438,0.5300000000000438
KNYC,NBM,2026-05-14 18:00:00+00:00,2026-05-17,3,88.43000000000004,87.0,1.4300000000000352,1.4300000000000352
KNYC,NBM,2026-05-15 00:00:00+00:00,2026-05-17,3,87.89002197265629,87.0,0.8900219726562852,0.8900219726562852
KNYC,ECMWF,2026-05-13 06:00:00+00:00,2026-05-17,4,81.5,87.0,-5.5,5.5
KNYC,ECMWF,2026-05-13 12:00:00+00:00,2026-05-17,4,88.0,87.0,1.0,1.0
KNYC,ECMWF,2026-05-13 18:00:00+00:00,2026-05-17,4,84.7,87.0,-2.299999999999997,2.299999999999997
KNYC,ECMWF,2026-05-14 00:00:00+00:00,2026-05-17,4,84.9,87.0,-2.0999999999999943,2.0999999999999943
KNYC,GFS,2026-05-13 06:00:00+00:00,2026-05-17,4,78.6,87.0,-8.400000000000006,8.400000000000006
KNYC,GFS,2026-05-13 12:00:00+00:00,2026-05-17,4,79.5,87.0,-7.5,7.5
KNYC,GFS,2026-05-13 18:00:00+00:00,2026-05-17,4,84.1,87.0,-2.9000000000000057,2.9000000000000057
KNYC,GFS,2026-05-14 00:00:00+00:00,2026-05-17,4,82.9,87.0,-4.099999999999994,4.099999999999994
KNYC,NBM,2026-05-13 06:00:00+00:00,2026-05-17,4,86.44998901367191,87.0,-0.5500109863280898,0.5500109863280898
KNYC,NBM,2026-05-13 12:00:00+00:00,2026-05-17,4,86.9900219726563,87.0,-0.00997802734370623,0.00997802734370623
KNYC,NBM,2026-05-13 18:00:00+00:00,2026-05-17,4,88.0699780273438,87.0,1.0699780273437938,1.0699780273437938
KNYC,NBM,2026-05-14 00:00:00+00:00,2026-05-17,4,88.43000000000004,87.0,1.4300000000000352,1.4300000000000352
KNYC,ECMWF,2026-05-12 06:00:00+00:00,2026-05-17,5,81.7,87.0,-5.299999999999997,5.299999999999997
KNYC,ECMWF,2026-05-12 12:00:00+00:00,2026-05-17,5,80.3,87.0,-6.700000000000003,6.700000000000003
KNYC,ECMWF,2026-05-12 18:00:00+00:00,2026-05-17,5,80.3,87.0,-6.700000000000003,6.700000000000003
KNYC,ECMWF,2026-05-13 00:00:00+00:00,2026-05-17,5,79.1,87.0,-7.900000000000006,7.900000000000006
KNYC,GFS,2026-05-12 06:00:00+00:00,2026-05-17,5,84.2,87.0,-2.799999999999997,2.799999999999997
KNYC,GFS,2026-05-12 12:00:00+00:00,2026-05-17,5,86.9,87.0,-0.09999999999999432,0.09999999999999432
KNYC,GFS,2026-05-12 18:00:00+00:00,2026-05-17,5,84.7,87.0,-2.299999999999997,2.299999999999997
KNYC,GFS,2026-05-13 00:00:00+00:00,2026-05-17,5,88.5,87.0,1.5,1.5
KNYC,NBM,2026-05-12 06:00:00+00:00,2026-05-17,5,84.64998901367191,87.0,-2.350010986328087,2.350010986328087
KNYC,NBM,2026-05-12 12:00:00+00:00,2026-05-17,5,85.36997802734379,87.0,-1.630021972656209,1.630021972656209
KNYC,NBM,2026-05-12 18:00:00+00:00,2026-05-17,5,88.61001098632816,87.0,1.610010986328163,1.610010986328163
KNYC,NBM,2026-05-13 00:00:00+00:00,2026-05-17,5,86.63000000000004,87.0,-0.3699999999999619,0.3699999999999619
KNYC,ECMWF,2026-05-11 06:00:00+00:00,2026-05-17,6,74.8,87.0,-12.200000000000003,12.200000000000003
KNYC,ECMWF,2026-05-11 12:00:00+00:00,2026-05-17,6,84.5,87.0,-2.5,2.5
KNYC,ECMWF,2026-05-11 18:00:00+00:00,2026-05-17,6,84.5,87.0,-2.5,2.5
KNYC,ECMWF,2026-05-12 00:00:00+00:00,2026-05-17,6,85.1,87.0,-1.9000000000000057,1.9000000000000057
KNYC,GFS,2026-05-11 06:00:00+00:00,2026-05-17,6,78.2,87.0,-8.799999999999997,8.799999999999997
KNYC,GFS,2026-05-11 12:00:00+00:00,2026-05-17,6,81.4,87.0,-5.599999999999994,5.599999999999994
KNYC,GFS,2026-05-11 18:00:00+00:00,2026-05-17,6,81.6,87.0,-5.400000000000006,5.400000000000006
KNYC,GFS,2026-05-12 00:00:00+00:00,2026-05-17,6,84.2,87.0,-2.799999999999997,2.799999999999997
KNYC,NBM,2026-05-11 06:00:00+00:00,2026-05-17,6,83.93000000000004,87.0,-3.0699999999999648,3.0699999999999648
KNYC,NBM,2026-05-11 12:00:00+00:00,2026-05-17,6,84.64998901367191,87.0,-2.350010986328087,2.350010986328087
KNYC,NBM,2026-05-11 18:00:00+00:00,2026-05-17,6,84.64998901367191,87.0,-2.350010986328087,2.350010986328087
KNYC,NBM,2026-05-12 00:00:00+00:00,2026-05-17,6,83.93000000000004,87.0,-3.0699999999999648,3.0699999999999648
KNYC,ECMWF,2026-05-10 18:00:00+00:00,2026-05-17,7,86.9,87.0,-0.09999999999999432,0.09999999999999432
KNYC,ECMWF,2026-05-11 00:00:00+00:00,2026-05-17,7,74.8,87.0,-12.200000000000003,12.200000000000003
KNYC,GFS,2026-05-10 18:00:00+00:00,2026-05-17,7,92.1,87.0,5.099999999999994,5.099999999999994
KNYC,GFS,2026-05-11 00:00:00+00:00,2026-05-17,7,81.6,87.0,-5.400000000000006,5.400000000000006
KNYC,NBM,2026-05-10 06:00:00+00:00,2026-05-17,7,79.96997802734379,87.0,-7.030021972656215,7.030021972656215
KNYC,NBM,2026-05-10 12:00:00+00:00,2026-05-17,7,81.04998901367192,87.0,-5.950010986328081,5.950010986328081
KNYC,NBM,2026-05-10 18:00:00+00:00,2026-05-17,7,81.41001098632816,87.0,-5.58998901367184,5.58998901367184
KNYC,NBM,2026-05-11 00:00:00+00:00,2026-05-17,7,82.66997802734379,87.0,-4.330021972656212,4.330021972656212
KORD,ECMWF,2026-05-17 06:00:00+00:00,2026-05-17,0,80.1,87.0,-6.900000000000006,6.900000000000006
KORD,ECMWF,2026-05-17 12:00:00+00:00,2026-05-17,0,83.4,87.0,-3.5999999999999943,3.5999999999999943
KORD,ECMWF,2026-05-17 18:00:00+00:00,2026-05-17,0,83.8,87.0,-3.200000000000003,3.200000000000003
KORD,ECMWF,2026-05-18 00:00:00+00:00,2026-05-17,0,82.8,87.0,-4.200000000000003,4.200000000000003
KORD,GFS,2026-05-17 06:00:00+00:00,2026-05-17,0,87.0,87.0,0.0,0.0
KORD,GFS,2026-05-17 12:00:00+00:00,2026-05-17,0,87.0,87.0,0.0,0.0
KORD,GFS,2026-05-17 18:00:00+00:00,2026-05-17,0,87.2,87.0,0.20000000000000284,0.20000000000000284
KORD,GFS,2026-05-18 00:00:00+00:00,2026-05-17,0,82.0,87.0,-5.0,5.0
KORD,HRRR,2026-05-17 05:00:00+00:00,2026-05-17,0,70.74541748046879,87.0,-16.254582519531212,16.254582519531212
KORD,HRRR,2026-05-17 06:00:00+00:00,2026-05-17,0,80.94858520507816,87.0,-6.05141479492184,6.05141479492184
KORD,HRRR,2026-05-17 07:00:00+00:00,2026-05-17,0,75.47514160156254,87.0,-11.524858398437459,11.524858398437459
KORD,HRRR,2026-05-17 08:00:00+00:00,2026-05-17,0,74.11481445312504,87.0,-12.885185546874965,12.885185546874965
KORD,HRRR,2026-05-17 09:00:00+00:00,2026-05-17,0,82.25019042968754,87.0,-4.749809570312465,4.749809570312465
KORD,HRRR,2026-05-17 10:00:00+00:00,2026-05-17,0,84.4642651367188,87.0,-2.5357348632812062,2.5357348632812062
KORD,HRRR,2026-05-17 11:00:00+00:00,2026-05-17,0,86.5655102539063,87.0,-0.4344897460937034,0.4344897460937034
KORD,HRRR,2026-05-17 12:00:00+00:00,2026-05-17,0,87.67496459960941,87.0,0.6749645996094102,0.6749645996094102
KORD,HRRR,2026-05-17 13:00:00+00:00,2026-05-17,0,86.7786450195313,87.0,-0.2213549804687034,0.2213549804687034
KORD,HRRR,2026-05-17 14:00:00+00:00,2026-05-17,0,87.14174316406255,87.0,0.1417431640625466,0.1417431640625466
KORD,HRRR,2026-05-17 15:00:00+00:00,2026-05-17,0,87.62816284179692,87.0,0.6281628417969216,0.6281628417969216
KORD,HRRR,2026-05-17 16:00:00+00:00,2026-05-17,0,87.40514038085942,87.0,0.4051403808594216,0.4051403808594216
KORD,HRRR,2026-05-17 17:00:00+00:00,2026-05-17,0,87.25682495117192,87.0,0.2568249511719216,0.2568249511719216
KORD,HRRR,2026-05-17 18:00:00+00:00,2026-05-17,0,87.24265258789066,87.0,0.24265258789066024,0.24265258789066024
KORD,HRRR,2026-05-17 19:00:00+00:00,2026-05-17,0,86.62121093750004,87.0,-0.3787890624999619,0.3787890624999619
KORD,HRRR,2026-05-17 20:00:00+00:00,2026-05-17,0,86.4018139648438,87.0,-0.5981860351562034,0.5981860351562034
KORD,HRRR,2026-05-17 21:00:00+00:00,2026-05-17,0,85.89770629882817,87.0,-1.1022937011718312,1.1022937011718312
KORD,HRRR,2026-05-17 22:00:00+00:00,2026-05-17,0,84.79912841796879,87.0,-2.200871582031212,2.200871582031212
KORD,HRRR,2026-05-17 23:00:00+00:00,2026-05-17,0,82.15197265625004,87.0,-4.848027343749962,4.848027343749962
KORD,HRRR,2026-05-18 00:00:00+00:00,2026-05-17,0,79.96563842773442,87.0,-7.034361572265581,7.034361572265581
KORD,HRRR,2026-05-18 01:00:00+00:00,2026-05-17,0,79.42055175781255,87.0,-7.579448242187453,7.579448242187453
KORD,HRRR,2026-05-18 02:00:00+00:00,2026-05-17,0,78.12070434570316,87.0,-8.87929565429684,8.87929565429684
KORD,HRRR,2026-05-18 03:00:00+00:00,2026-05-17,0,77.06629150390629,87.0,-9.933708496093715,9.933708496093715
KORD,NBM,2026-05-17 06:00:00+00:00,2026-05-17,0,87.53000000000004,87.0,0.5300000000000438,0.5300000000000438
KORD,NBM,2026-05-17 12:00:00+00:00,2026-05-17,0,87.34998901367192,87.0,0.3499890136719159,0.3499890136719159
KORD,ECMWF,2026-05-16 06:00:00+00:00,2026-05-17,1,81.2,87.0,-5.799999999999997,5.799999999999997
KORD,ECMWF,2026-05-16 12:00:00+00:00,2026-05-17,1,81.9,87.0,-5.099999999999994,5.099999999999994
KORD,ECMWF,2026-05-16 18:00:00+00:00,2026-05-17,1,82.3,87.0,-4.700000000000003,4.700000000000003
KORD,ECMWF,2026-05-17 00:00:00+00:00,2026-05-17,1,82.5,87.0,-4.5,4.5
KORD,GFS,2026-05-16 06:00:00+00:00,2026-05-17,1,87.2,87.0,0.20000000000000284,0.20000000000000284
KORD,GFS,2026-05-16 12:00:00+00:00,2026-05-17,1,86.2,87.0,-0.7999999999999972,0.7999999999999972
KORD,GFS,2026-05-16 18:00:00+00:00,2026-05-17,1,76.3,87.0,-10.700000000000003,10.700000000000003
KORD,GFS,2026-05-17 00:00:00+00:00,2026-05-17,1,87.2,87.0,0.20000000000000284,0.20000000000000284
KORD,HRRR,2026-05-16 18:00:00+00:00,2026-05-17,1,70.06217773437504,87.0,-16.93782226562496,16.93782226562496
KORD,HRRR,2026-05-16 22:00:00+00:00,2026-05-17,1,69.58844726562504,87.0,-17.411552734374965,17.411552734374965
KORD,HRRR,2026-05-17 00:00:00+00:00,2026-05-17,1,71.1741040039063,87.0,-15.825895996093706,15.825895996093706
KORD,HRRR,2026-05-17 01:00:00+00:00,2026-05-17,1,70.2244458007813,87.0,-16.775554199218703,16.775554199218703
KORD,HRRR,2026-05-17 02:00:00+00:00,2026-05-17,1,70.16489990234379,87.0,-16.83510009765621,16.83510009765621
KORD,HRRR,2026-05-17 03:00:00+00:00,2026-05-17,1,70.58545654296879,87.0,-16.414543457031215,16.414543457031215
KORD,HRRR,2026-05-17 04:00:00+00:00,2026-05-17,1,70.74772460937504,87.0,-16.25227539062496,16.25227539062496
KORD,NBM,2026-05-16 06:00:00+00:00,2026-05-17,1,87.16997802734379,87.0,0.16997802734378809,0.16997802734378809
KORD,NBM,2026-05-16 12:00:00+00:00,2026-05-17,1,86.81001098632817,87.0,-0.18998901367183407,0.18998901367183407
KORD,NBM,2026-05-16 18:00:00+00:00,2026-05-17,1,87.16997802734379,87.0,0.16997802734378809,0.16997802734378809
KORD,NBM,2026-05-17 00:00:00+00:00,2026-05-17,1,87.34998901367192,87.0,0.3499890136719159,0.3499890136719159
KORD,ECMWF,2026-05-15 18:00:00+00:00,2026-05-17,2,80.2,87.0,-6.799999999999997,6.799999999999997
KORD,ECMWF,2026-05-16 00:00:00+00:00,2026-05-17,2,80.2,87.0,-6.799999999999997,6.799999999999997
KORD,GFS,2026-05-15 18:00:00+00:00,2026-05-17,2,85.3,87.0,-1.7000000000000028,1.7000000000000028
KORD,GFS,2026-05-16 00:00:00+00:00,2026-05-17,2,82.0,87.0,-5.0,5.0
KORD,NBM,2026-05-15 12:00:00+00:00,2026-05-17,2,86.63000000000004,87.0,-0.3699999999999619,0.3699999999999619
KORD,NBM,2026-05-15 18:00:00+00:00,2026-05-17,2,86.44998901367191,87.0,-0.5500109863280898,0.5500109863280898
KORD,NBM,2026-05-16 00:00:00+00:00,2026-05-17,2,86.63000000000004,87.0,-0.3699999999999619,0.3699999999999619
KLGA,ECMWF,2026-05-18 06:00:00+00:00,2026-05-18,0,85.4,87.0,-1.5999999999999943,1.5999999999999943
KLGA,ECMWF,2026-05-18 12:00:00+00:00,2026-05-18,0,85.7,87.0,-1.2999999999999972,1.2999999999999972
KLGA,ECMWF,2026-05-18 18:00:00+00:00,2026-05-18,0,85.1,87.0,-1.9000000000000057,1.9000000000000057
KLGA,ECMWF,2026-05-19 00:00:00+00:00,2026-05-18,0,71.8,87.0,-15.200000000000003,15.200000000000003
KLGA,GFS,2026-05-18 06:00:00+00:00,2026-05-18,0,88.7,87.0,1.7000000000000028,1.7000000000000028
KLGA,GFS,2026-05-18 12:00:00+00:00,2026-05-18,0,87.3,87.0,0.29999999999999716,0.29999999999999716
KLGA,GFS,2026-05-18 18:00:00+00:00,2026-05-18,0,87.6,87.0,0.5999999999999943,0.5999999999999943
KLGA,GFS,2026-05-19 00:00:00+00:00,2026-05-18,0,76.0,87.0,-11.0,11.0
KLGA,HRRR,2026-05-18 04:00:00+00:00,2026-05-18,0,76.66298339843755,87.0,-10.337016601562453,10.337016601562453
KLGA,HRRR,2026-05-18 05:00:00+00:00,2026-05-18,0,69.64964111328129,87.0,-17.35035888671871,17.35035888671871
KLGA,HRRR,2026-05-18 06:00:00+00:00,2026-05-18,0,89.67595947265629,87.0,2.675959472656288,2.675959472656288
KLGA,HRRR,2026-05-18 07:00:00+00:00,2026-05-18,0,89.11302001953129,87.0,2.113020019531291,2.113020019531291
KLGA,HRRR,2026-05-18 08:00:00+00:00,2026-05-18,0,86.46317260742191,87.0,-0.5368273925780898,0.5368273925780898
KLGA,HRRR,2026-05-18 09:00:00+00:00,2026-05-18,0,88.0211987304688,87.0,1.0211987304687966,1.0211987304687966
KLGA,HRRR,2026-05-18 10:00:00+00:00,2026-05-18,0,87.27171142578129,87.0,0.2717114257812909,0.2717114257812909
KLGA,HRRR,2026-05-18 11:00:00+00:00,2026-05-18,0,88.16231811523441,87.0,1.162318115234413,1.162318115234413
KLGA,HRRR,2026-05-18 12:00:00+00:00,2026-05-18,0,89.43519409179692,87.0,2.435194091796916,2.435194091796916
KLGA,HRRR,2026-05-18 13:00:00+00:00,2026-05-18,0,90.01258056640629,87.0,3.0125805664062852,3.0125805664062852
KLGA,HRRR,2026-05-18 14:00:00+00:00,2026-05-18,0,88.3303540039063,87.0,1.3303540039062938,1.3303540039062938
KLGA,HRRR,2026-05-18 15:00:00+00:00,2026-05-18,0,88.08233764648442,87.0,1.0823376464844188,1.0823376464844188
KLGA,HRRR,2026-05-18 16:00:00+00:00,2026-05-18,0,87.71237304687504,87.0,0.7123730468750438,0.7123730468750438
KLGA,HRRR,2026-05-18 17:00:00+00:00,2026-05-18,0,87.55246704101566,87.0,0.5524670410156602,0.5524670410156602
KLGA,HRRR,2026-05-18 18:00:00+00:00,2026-05-18,0,85.84975097656255,87.0,-1.1502490234374534,1.1502490234374534
KLGA,HRRR,2026-05-18 19:00:00+00:00,2026-05-18,0,83.9112133789063,87.0,-3.0887866210937034,3.0887866210937034
KLGA,HRRR,2026-05-18 20:00:00+00:00,2026-05-18,0,79.95739868164067,87.0,-7.042601318359331,7.042601318359331
KLGA,HRRR,2026-05-18 21:00:00+00:00,2026-05-18,0,76.1186108398438,87.0,-10.881389160156203,10.881389160156203
KLGA,HRRR,2026-05-18 22:00:00+00:00,2026-05-18,0,76.18150756835942,87.0,-10.818492431640578,10.818492431640578
KLGA,HRRR,2026-05-18 23:00:00+00:00,2026-05-18,0,75.91761596679692,87.0,-11.082384033203084,11.082384033203084
KLGA,HRRR,2026-05-19 00:00:00+00:00,2026-05-18,0,75.85169799804692,87.0,-11.148302001953084,11.148302001953084
KLGA,HRRR,2026-05-19 01:00:00+00:00,2026-05-18,0,75.3225415039063,87.0,-11.677458496093706,11.677458496093706
KLGA,HRRR,2026-05-19 02:00:00+00:00,2026-05-18,0,73.74655273437504,87.0,-13.253447265624956,13.253447265624956
KLGA,NBM,2026-05-18 06:00:00+00:00,2026-05-18,0,87.89002197265629,87.0,0.8900219726562852,0.8900219726562852
KLGA,NBM,2026-05-18 12:00:00+00:00,2026-05-18,0,87.89002197265629,87.0,0.8900219726562852,0.8900219726562852
KLGA,ECMWF,2026-05-17 06:00:00+00:00,2026-05-18,1,82.7,87.0,-4.299999999999997,4.299999999999997
KLGA,ECMWF,2026-05-17 12:00:00+00:00,2026-05-18,1,81.8,87.0,-5.200000000000003,5.200000000000003
KLGA,ECMWF,2026-05-17 18:00:00+00:00,2026-05-18,1,83.9,87.0,-3.0999999999999943,3.0999999999999943
KLGA,ECMWF,2026-05-18 00:00:00+00:00,2026-05-18,1,84.8,87.0,-2.200000000000003,2.200000000000003
KLGA,GFS,2026-05-17 06:00:00+00:00,2026-05-18,1,84.1,87.0,-2.9000000000000057,2.9000000000000057
KLGA,GFS,2026-05-17 12:00:00+00:00,2026-05-18,1,86.9,87.0,-0.09999999999999432,0.09999999999999432
KLGA,GFS,2026-05-17 18:00:00+00:00,2026-05-18,1,86.6,87.0,-0.4000000000000057,0.4000000000000057
KLGA,GFS,2026-05-18 00:00:00+00:00,2026-05-18,1,89.6,87.0,2.5999999999999943,2.5999999999999943
KLGA,HRRR,2026-05-17 18:00:00+00:00,2026-05-18,1,67.98153198242191,87.0,-19.018468017578087,19.018468017578087
KLGA,HRRR,2026-05-17 21:00:00+00:00,2026-05-18,1,67.6525463867188,87.0,-19.347453613281203,19.347453613281203
KLGA,HRRR,2026-05-17 22:00:00+00:00,2026-05-18,1,68.34160888671879,87.0,-18.658391113281212,18.658391113281212
KLGA,HRRR,2026-05-18 00:00:00+00:00,2026-05-18,1,74.59870727539067,87.0,-12.401292724609334,12.401292724609334
KLGA,HRRR,2026-05-18 01:00:00+00:00,2026-05-18,1,69.26676757812504,87.0,-17.73323242187496,17.73323242187496
KLGA,HRRR,2026-05-18 02:00:00+00:00,2026-05-18,1,68.44801147460942,87.0,-18.551988525390584,18.551988525390584
KLGA,HRRR,2026-05-18 03:00:00+00:00,2026-05-18,1,75.26958740234379,87.0,-11.730412597656212,11.730412597656212
KLGA,NBM,2026-05-17 06:00:00+00:00,2026-05-18,1,85.36997802734379,87.0,-1.630021972656209,1.630021972656209
KLGA,NBM,2026-05-17 12:00:00+00:00,2026-05-18,1,85.73000000000005,87.0,-1.2699999999999534,1.2699999999999534
KLGA,NBM,2026-05-17 18:00:00+00:00,2026-05-18,1,86.9900219726563,87.0,-0.00997802734370623,0.00997802734370623
KLGA,NBM,2026-05-18 00:00:00+00:00,2026-05-18,1,86.9900219726563,87.0,-0.00997802734370623,0.00997802734370623
KLGA,ECMWF,2026-05-16 06:00:00+00:00,2026-05-18,2,77.0,87.0,-10.0,10.0
KLGA,ECMWF,2026-05-16 12:00:00+00:00,2026-05-18,2,78.4,87.0,-8.599999999999994,8.599999999999994
KLGA,ECMWF,2026-05-16 18:00:00+00:00,2026-05-18,2,77.1,87.0,-9.900000000000006,9.900000000000006
KLGA,ECMWF,2026-05-17 00:00:00+00:00,2026-05-18,2,83.3,87.0,-3.700000000000003,3.700000000000003
KLGA,GFS,2026-05-16 06:00:00+00:00,2026-05-18,2,82.0,87.0,-5.0,5.0
KLGA,GFS,2026-05-16 12:00:00+00:00,2026-05-18,2,76.6,87.0,-10.400000000000006,10.400000000000006
KLGA,GFS,2026-05-16 18:00:00+00:00,2026-05-18,2,76.6,87.0,-10.400000000000006,10.400000000000006
KLGA,GFS,2026-05-17 00:00:00+00:00,2026-05-18,2,78.6,87.0,-8.400000000000006,8.400000000000006
KLGA,NBM,2026-05-16 06:00:00+00:00,2026-05-18,2,81.7699780273438,87.0,-5.230021972656203,5.230021972656203
KLGA,NBM,2026-05-16 12:00:00+00:00,2026-05-18,2,82.4900219726563,87.0,-4.509978027343706,4.509978027343706
KLGA,NBM,2026-05-16 18:00:00+00:00,2026-05-18,2,84.64998901367191,87.0,-2.350010986328087,2.350010986328087
KLGA,NBM,2026-05-17 00:00:00+00:00,2026-05-18,2,84.46997802734379,87.0,-2.5300219726562148,2.5300219726562148
KLGA,ECMWF,2026-05-15 18:00:00+00:00,2026-05-18,3,75.2,87.0,-11.799999999999997,11.799999999999997
KLGA,ECMWF,2026-05-16 00:00:00+00:00,2026-05-18,3,75.2,87.0,-11.799999999999997,11.799999999999997
KLGA,GFS,2026-05-15 18:00:00+00:00,2026-05-18,3,82.8,87.0,-4.200000000000003,4.200000000000003
KLGA,GFS,2026-05-16 00:00:00+00:00,2026-05-18,3,82.0,87.0,-5.0,5.0
KLGA,NBM,2026-05-15 12:00:00+00:00,2026-05-18,3,79.0699780273438,87.0,-7.930021972656206,7.930021972656206
KLGA,NBM,2026-05-15 18:00:00+00:00,2026-05-18,3,80.6900219726563,87.0,-6.309978027343703,6.309978027343703
KLGA,NBM,2026-05-16 00:00:00+00:00,2026-05-18,3,81.7699780273438,87.0,-5.230021972656203,5.230021972656203
KMDW,ECMWF,2026-05-18 06:00:00+00:00,2026-05-18,0,81.5,80.0,1.5,1.5
KMDW,ECMWF,2026-05-18 12:00:00+00:00,2026-05-18,0,80.2,80.0,0.20000000000000284,0.20000000000000284
KMDW,ECMWF,2026-05-18 18:00:00+00:00,2026-05-18,0,84.1,80.0,4.099999999999994,4.099999999999994
KMDW,ECMWF,2026-05-19 00:00:00+00:00,2026-05-18,0,80.8,80.0,0.7999999999999972,0.7999999999999972
KMDW,GFS,2026-05-18 06:00:00+00:00,2026-05-18,0,82.4,80.0,2.4000000000000057,2.4000000000000057
KMDW,GFS,2026-05-18 12:00:00+00:00,2026-05-18,0,83.1,80.0,3.0999999999999943,3.0999999999999943
KMDW,GFS,2026-05-18 18:00:00+00:00,2026-05-18,0,77.6,80.0,-2.4000000000000057,2.4000000000000057
KMDW,GFS,2026-05-19 00:00:00+00:00,2026-05-18,0,71.5,80.0,-8.5,8.5
KMDW,HRRR,2026-05-18 05:00:00+00:00,2026-05-18,0,74.68555419921879,80.0,-5.314445800781215,5.314445800781215
KMDW,HRRR,2026-05-18 06:00:00+00:00,2026-05-18,0,79.98920410156254,80.0,-0.010795898437464757,0.010795898437464757
KMDW,HRRR,2026-05-18 07:00:00+00:00,2026-05-18,0,82.16696899414066,80.0,2.1669689941406602,2.1669689941406602
KMDW,HRRR,2026-05-18 08:00:00+00:00,2026-05-18,0,83.31317260742192,80.0,3.3131726074219188,3.3131726074219188
KMDW,HRRR,2026-05-18 09:00:00+00:00,2026-05-18,0,80.6036694335938,80.0,0.6036694335937938,0.6036694335937938
KMDW,HRRR,2026-05-18 10:00:00+00:00,2026-05-18,0,83.06251953125005,80.0,3.0625195312500466,3.0625195312500466
KMDW,HRRR,2026-05-18 11:00:00+00:00,2026-05-18,0,78.67441528320316,80.0,-1.3255847167968398,1.3255847167968398
KMDW,HRRR,2026-05-18 12:00:00+00:00,2026-05-18,0,81.22269409179691,80.0,1.2226940917969102,1.2226940917969102
KMDW,HRRR,2026-05-18 13:00:00+00:00,2026-05-18,0,81.75152099609379,80.0,1.751520996093788,1.751520996093788
KMDW,HRRR,2026-05-18 14:00:00+00:00,2026-05-18,0,80.36021240234379,80.0,0.3602124023437909,0.3602124023437909
KMDW,HRRR,2026-05-18 15:00:00+00:00,2026-05-18,0,80.17223632812504,80.0,0.17223632812503809,0.17223632812503809
KMDW,HRRR,2026-05-18 16:00:00+00:00,2026-05-18,0,79.47707641601566,80.0,-0.5229235839843369,0.5229235839843369
KMDW,HRRR,2026-05-18 17:00:00+00:00,2026-05-18,0,77.53996704101567,80.0,-2.4600329589843284,2.4600329589843284
KMDW,HRRR,2026-05-18 18:00:00+00:00,2026-05-18,0,77.63725097656254,80.0,-2.362749023437459,2.362749023437459
KMDW,HRRR,2026-05-18 19:00:00+00:00,2026-05-18,0,77.67010009765629,80.0,-2.329899902343712,2.329899902343712
KMDW,HRRR,2026-05-18 20:00:00+00:00,2026-05-18,0,78.04489868164066,80.0,-1.9551013183593398,1.9551013183593398
KMDW,HRRR,2026-05-18 21:00:00+00:00,2026-05-18,0,75.33111083984379,80.0,-4.668889160156212,4.668889160156212
KMDW,HRRR,2026-05-18 22:00:00+00:00,2026-05-18,0,73.3072094726563,80.0,-6.692790527343703,6.692790527343703
KMDW,HRRR,2026-05-18 23:00:00+00:00,2026-05-18,0,71.50446289062504,80.0,-8.495537109374965,8.495537109374965
KMDW,HRRR,2026-05-19 00:00:00+00:00,2026-05-18,0,68.12435424804691,80.0,-11.875645751953087,11.875645751953087
KMDW,HRRR,2026-05-19 01:00:00+00:00,2026-05-18,0,67.40722167968754,80.0,-12.592778320312462,12.592778320312462
KMDW,HRRR,2026-05-19 02:00:00+00:00,2026-05-18,0,66.77155273437504,80.0,-13.228447265624965,13.228447265624965
KMDW,HRRR,2026-05-19 03:00:00+00:00,2026-05-18,0,66.41652954101566,80.0,-13.583470458984337,13.583470458984337
KMDW,NBM,2026-05-18 06:00:00+00:00,2026-05-18,0,86.44998901367191,80.0,6.44998901367191,6.44998901367191
KMDW,NBM,2026-05-18 12:00:00+00:00,2026-05-18,0,84.46997802734379,80.0,4.469978027343785,4.469978027343785
KMDW,ECMWF,2026-05-17 06:00:00+00:00,2026-05-18,1,83.4,80.0,3.4000000000000057,3.4000000000000057
KMDW,ECMWF,2026-05-17 12:00:00+00:00,2026-05-18,1,82.2,80.0,2.200000000000003,2.200000000000003
KMDW,ECMWF,2026-05-17 18:00:00+00:00,2026-05-18,1,80.0,80.0,0.0,0.0
KMDW,ECMWF,2026-05-18 00:00:00+00:00,2026-05-18,1,80.9,80.0,0.9000000000000057,0.9000000000000057
KMDW,GFS,2026-05-17 06:00:00+00:00,2026-05-18,1,81.4,80.0,1.4000000000000057,1.4000000000000057
KMDW,GFS,2026-05-17 12:00:00+00:00,2026-05-18,1,76.4,80.0,-3.5999999999999943,3.5999999999999943
KMDW,GFS,2026-05-17 18:00:00+00:00,2026-05-18,1,76.2,80.0,-3.799999999999997,3.799999999999997
KMDW,GFS,2026-05-18 00:00:00+00:00,2026-05-18,1,80.1,80.0,0.09999999999999432,0.09999999999999432
KMDW,HRRR,2026-05-17 18:00:00+00:00,2026-05-18,1,74.75833862304691,80.0,-5.24166137695309,5.24166137695309
KMDW,HRRR,2026-05-17 21:00:00+00:00,2026-05-18,1,73.17218750000004,80.0,-6.827812499999965,6.827812499999965
KMDW,HRRR,2026-05-17 22:00:00+00:00,2026-05-18,1,73.32956665039066,80.0,-6.67043334960934,6.67043334960934
KMDW,HRRR,2026-05-18 00:00:00+00:00,2026-05-18,1,73.54978759765629,80.0,-6.450212402343709,6.450212402343709
KMDW,HRRR,2026-05-18 01:00:00+00:00,2026-05-18,1,73.63427246093754,80.0,-6.365727539062462,6.365727539062462
KMDW,HRRR,2026-05-18 02:00:00+00:00,2026-05-18,1,73.27512939453129,80.0,-6.724870605468709,6.724870605468709
KMDW,HRRR,2026-05-18 03:00:00+00:00,2026-05-18,1,74.4524243164063,80.0,-5.547575683593706,5.547575683593706
KMDW,HRRR,2026-05-18 04:00:00+00:00,2026-05-18,1,76.77548339843754,80.0,-3.2245166015624562,3.2245166015624562
KMDW,NBM,2026-05-17 06:00:00+00:00,2026-05-18,1,85.73000000000005,80.0,5.730000000000047,5.730000000000047
KMDW,NBM,2026-05-17 12:00:00+00:00,2026-05-18,1,84.64998901367191,80.0,4.649989013671913,4.649989013671913
KMDW,NBM,2026-05-17 18:00:00+00:00,2026-05-18,1,85.1900219726563,80.0,5.190021972656297,5.190021972656297
KMDW,NBM,2026-05-18 00:00:00+00:00,2026-05-18,1,85.36997802734379,80.0,5.369978027343791,5.369978027343791
KMDW,ECMWF,2026-05-16 06:00:00+00:00,2026-05-18,2,83.4,80.0,3.4000000000000057,3.4000000000000057
KMDW,ECMWF,2026-05-16 12:00:00+00:00,2026-05-18,2,85.4,80.0,5.400000000000006,5.400000000000006
KMDW,ECMWF,2026-05-16 18:00:00+00:00,2026-05-18,2,85.9,80.0,5.900000000000006,5.900000000000006
KMDW,ECMWF,2026-05-17 00:00:00+00:00,2026-05-18,2,81.9,80.0,1.9000000000000057,1.9000000000000057
KMDW,GFS,2026-05-16 06:00:00+00:00,2026-05-18,2,87.6,80.0,7.599999999999994,7.599999999999994
KMDW,GFS,2026-05-16 12:00:00+00:00,2026-05-18,2,83.5,80.0,3.5,3.5
KMDW,GFS,2026-05-16 18:00:00+00:00,2026-05-18,2,83.5,80.0,3.5,3.5
KMDW,GFS,2026-05-17 00:00:00+00:00,2026-05-18,2,87.3,80.0,7.299999999999997,7.299999999999997
KMDW,NBM,2026-05-16 06:00:00+00:00,2026-05-18,2,86.63000000000004,80.0,6.630000000000038,6.630000000000038
KMDW,NBM,2026-05-16 12:00:00+00:00,2026-05-18,2,85.91001098632816,80.0,5.91001098632816,5.91001098632816
KMDW,NBM,2026-05-16 18:00:00+00:00,2026-05-18,2,85.91001098632816,80.0,5.91001098632816,5.91001098632816
KMDW,NBM,2026-05-17 00:00:00+00:00,2026-05-18,2,85.1900219726563,80.0,5.190021972656297,5.190021972656297
KMDW,ECMWF,2026-05-15 06:00:00+00:00,2026-05-18,3,81.4,80.0,1.4000000000000057,1.4000000000000057
KMDW,ECMWF,2026-05-15 12:00:00+00:00,2026-05-18,3,79.3,80.0,-0.7000000000000028,0.7000000000000028
KMDW,ECMWF,2026-05-15 18:00:00+00:00,2026-05-18,3,83.2,80.0,3.200000000000003,3.200000000000003
KMDW,ECMWF,2026-05-16 00:00:00+00:00,2026-05-18,3,83.9,80.0,3.9000000000000057,3.9000000000000057
KMDW,GFS,2026-05-15 06:00:00+00:00,2026-05-18,3,81.3,80.0,1.2999999999999972,1.2999999999999972
KMDW,GFS,2026-05-15 12:00:00+00:00,2026-05-18,3,85.5,80.0,5.5,5.5
KMDW,GFS,2026-05-15 18:00:00+00:00,2026-05-18,3,82.6,80.0,2.5999999999999943,2.5999999999999943
KMDW,GFS,2026-05-16 00:00:00+00:00,2026-05-18,3,87.6,80.0,7.599999999999994,7.599999999999994
KMDW,NBM,2026-05-15 06:00:00+00:00,2026-05-18,3,88.79002197265629,80.0,8.790021972656291,8.790021972656291
KMDW,NBM,2026-05-15 12:00:00+00:00,2026-05-18,3,88.24998901367192,80.0,8.249989013671922,8.249989013671922
KMDW,NBM,2026-05-15 18:00:00+00:00,2026-05-18,3,87.53000000000004,80.0,7.530000000000044,7.530000000000044
KMDW,NBM,2026-05-16 00:00:00+00:00,2026-05-18,3,86.2699780273438,80.0,6.269978027343797,6.269978027343797
KMDW,ECMWF,2026-05-14 06:00:00+00:00,2026-05-18,4,88.3,80.0,8.299999999999997,8.299999999999997
KMDW,ECMWF,2026-05-14 12:00:00+00:00,2026-05-18,4,89.7,80.0,9.700000000000003,9.700000000000003
KMDW,ECMWF,2026-05-14 18:00:00+00:00,2026-05-18,4,82.7,80.0,2.700000000000003,2.700000000000003
KMDW,ECMWF,2026-05-15 00:00:00+00:00,2026-05-18,4,85.2,80.0,5.200000000000003,5.200000000000003
KMDW,GFS,2026-05-14 06:00:00+00:00,2026-05-18,4,78.1,80.0,-1.9000000000000057,1.9000000000000057
KMDW,GFS,2026-05-14 12:00:00+00:00,2026-05-18,4,79.9,80.0,-0.09999999999999432,0.09999999999999432
KMDW,GFS,2026-05-14 18:00:00+00:00,2026-05-18,4,83.7,80.0,3.700000000000003,3.700000000000003
KMDW,GFS,2026-05-15 00:00:00+00:00,2026-05-18,4,81.7,80.0,1.7000000000000028,1.7000000000000028
KMDW,NBM,2026-05-14 06:00:00+00:00,2026-05-18,4,91.31001098632817,80.0,11.310010986328166,11.310010986328166
KMDW,NBM,2026-05-14 12:00:00+00:00,2026-05-18,4,91.31001098632817,80.0,11.310010986328166,11.310010986328166
KMDW,NBM,2026-05-14 18:00:00+00:00,2026-05-18,4,88.61001098632816,80.0,8.610010986328163,8.610010986328163
KMDW,NBM,2026-05-15 00:00:00+00:00,2026-05-18,4,88.0699780273438,80.0,8.069978027343794,8.069978027343794
KMDW,ECMWF,2026-05-13 06:00:00+00:00,2026-05-18,5,80.7,80.0,0.7000000000000028,0.7000000000000028
KMDW,ECMWF,2026-05-13 12:00:00+00:00,2026-05-18,5,79.8,80.0,-0.20000000000000284,0.20000000000000284
KMDW,ECMWF,2026-05-13 18:00:00+00:00,2026-05-18,5,82.6,80.0,2.5999999999999943,2.5999999999999943
KMDW,ECMWF,2026-05-14 00:00:00+00:00,2026-05-18,5,81.4,80.0,1.4000000000000057,1.4000000000000057
KMDW,GFS,2026-05-13 06:00:00+00:00,2026-05-18,5,89.8,80.0,9.799999999999997,9.799999999999997
KMDW,GFS,2026-05-13 12:00:00+00:00,2026-05-18,5,88.5,80.0,8.5,8.5
KMDW,GFS,2026-05-13 18:00:00+00:00,2026-05-18,5,83.5,80.0,3.5,3.5
KMDW,GFS,2026-05-14 00:00:00+00:00,2026-05-18,5,83.9,80.0,3.9000000000000057,3.9000000000000057
KMDW,NBM,2026-05-13 06:00:00+00:00,2026-05-18,5,91.13000000000004,80.0,11.130000000000038,11.130000000000038
KMDW,NBM,2026-05-13 12:00:00+00:00,2026-05-18,5,91.66997802734379,80.0,11.669978027343788,11.669978027343788
KMDW,NBM,2026-05-13 18:00:00+00:00,2026-05-18,5,91.31001098632817,80.0,11.310010986328166,11.310010986328166
KMDW,NBM,2026-05-14 00:00:00+00:00,2026-05-18,5,91.4900219726563,80.0,11.490021972656294,11.490021972656294
KMDW,ECMWF,2026-05-12 06:00:00+00:00,2026-05-18,6,69.9,80.0,-10.099999999999994,10.099999999999994
KMDW,ECMWF,2026-05-12 12:00:00+00:00,2026-05-18,6,75.7,80.0,-4.299999999999997,4.299999999999997
KMDW,ECMWF,2026-05-12 18:00:00+00:00,2026-05-18,6,75.7,80.0,-4.299999999999997,4.299999999999997
KMDW,ECMWF,2026-05-13 00:00:00+00:00,2026-05-18,6,76.2,80.0,-3.799999999999997,3.799999999999997
KMDW,GFS,2026-05-12 06:00:00+00:00,2026-05-18,6,87.5,80.0,7.5,7.5
KMDW,GFS,2026-05-12 12:00:00+00:00,2026-05-18,6,85.3,80.0,5.299999999999997,5.299999999999997
KMDW,GFS,2026-05-12 18:00:00+00:00,2026-05-18,6,83.0,80.0,3.0,3.0
KMDW,GFS,2026-05-13 00:00:00+00:00,2026-05-18,6,86.6,80.0,6.599999999999994,6.599999999999994
KMDW,NBM,2026-05-12 06:00:00+00:00,2026-05-18,6,87.16997802734379,80.0,7.169978027343788,7.169978027343788
KMDW,NBM,2026-05-12 12:00:00+00:00,2026-05-18,6,87.71001098632817,80.0,7.710010986328172,7.710010986328172
KMDW,NBM,2026-05-12 18:00:00+00:00,2026-05-18,6,91.13000000000004,80.0,11.130000000000038,11.130000000000038
KMDW,NBM,2026-05-13 00:00:00+00:00,2026-05-18,6,91.31001098632817,80.0,11.310010986328166,11.310010986328166
KMDW,ECMWF,2026-05-11 06:00:00+00:00,2026-05-18,7,77.1,80.0,-2.9000000000000057,2.9000000000000057
KMDW,ECMWF,2026-05-11 12:00:00+00:00,2026-05-18,7,73.7,80.0,-6.299999999999997,6.299999999999997
KMDW,ECMWF,2026-05-11 18:00:00+00:00,2026-05-18,7,73.7,80.0,-6.299999999999997,6.299999999999997
KMDW,ECMWF,2026-05-12 00:00:00+00:00,2026-05-18,7,69.9,80.0,-10.099999999999994,10.099999999999994
KMDW,GFS,2026-05-11 06:00:00+00:00,2026-05-18,7,75.2,80.0,-4.799999999999997,4.799999999999997
KMDW,GFS,2026-05-11 12:00:00+00:00,2026-05-18,7,70.9,80.0,-9.099999999999994,9.099999999999994
KMDW,GFS,2026-05-11 18:00:00+00:00,2026-05-18,7,88.9,80.0,8.900000000000006,8.900000000000006
KMDW,GFS,2026-05-12 00:00:00+00:00,2026-05-18,7,87.5,80.0,7.5,7.5
KMDW,NBM,2026-05-11 06:00:00+00:00,2026-05-18,7,84.83000000000004,80.0,4.830000000000041,4.830000000000041
KMDW,NBM,2026-05-11 12:00:00+00:00,2026-05-18,7,84.46997802734379,80.0,4.469978027343785,4.469978027343785
KMDW,NBM,2026-05-11 18:00:00+00:00,2026-05-18,7,81.7699780273438,80.0,1.7699780273437966,1.7699780273437966
KMDW,NBM,2026-05-12 00:00:00+00:00,2026-05-18,7,82.13000000000004,80.0,2.130000000000038,2.130000000000038
KMIA,ECMWF,2026-05-18 06:00:00+00:00,2026-05-18,0,83.3,87.0,-3.700000000000003,3.700000000000003
KMIA,ECMWF,2026-05-18 12:00:00+00:00,2026-05-18,0,82.4,87.0,-4.599999999999994,4.599999999999994
KMIA,ECMWF,2026-05-18 18:00:00+00:00,2026-05-18,0,78.1,87.0,-8.900000000000006,8.900000000000006
KMIA,ECMWF,2026-05-19 00:00:00+00:00,2026-05-18,0,77.6,87.0,-9.400000000000006,9.400000000000006
KMIA,GFS,2026-05-18 06:00:00+00:00,2026-05-18,0,82.8,87.0,-4.200000000000003,4.200000000000003
KMIA,GFS,2026-05-18 12:00:00+00:00,2026-05-18,0,82.3,87.0,-4.700000000000003,4.700000000000003
KMIA,GFS,2026-05-18 18:00:00+00:00,2026-05-18,0,81.3,87.0,-5.700000000000003,5.700000000000003
KMIA,GFS,2026-05-19 00:00:00+00:00,2026-05-18,0,77.8,87.0,-9.200000000000003,9.200000000000003
KMIA,HRRR,2026-05-18 04:00:00+00:00,2026-05-18,0,80.26298339843754,87.0,-6.737016601562459,6.737016601562459
KMIA,HRRR,2026-05-18 05:00:00+00:00,2026-05-18,0,77.83555419921879,87.0,-9.164445800781209,9.164445800781209
KMIA,HRRR,2026-05-18 06:00:00+00:00,2026-05-18,0,82.71996582031254,87.0,-4.280034179687462,4.280034179687462
KMIA,HRRR,2026-05-18 07:00:00+00:00,2026-05-18,0,81.60446899414066,87.0,-5.39553100585934,5.39553100585934
KMIA,HRRR,2026-05-18 08:00:00+00:00,2026-05-18,0,81.73817260742192,87.0,-5.261827392578084,5.261827392578084
KMIA,HRRR,2026-05-18 09:00:00+00:00,2026-05-18,0,81.7286694335938,87.0,-5.271330566406206,5.271330566406206
KMIA,HRRR,2026-05-18 10:00:00+00:00,2026-05-18,0,82.23750122070317,87.0,-4.762498779296834,4.762498779296834
KMIA,HRRR,2026-05-18 11:00:00+00:00,2026-05-18,0,82.35835083007817,87.0,-4.641649169921834,4.641649169921834
KMIA,HRRR,2026-05-18 12:00:00+00:00,2026-05-18,0,82.72024047851566,87.0,-4.279759521484337,4.279759521484337
KMIA,HRRR,2026-05-18 13:00:00+00:00,2026-05-18,0,82.33615844726566,87.0,-4.66384155273434,4.66384155273434
KMIA,HRRR,2026-05-18 14:00:00+00:00,2026-05-18,0,82.1428540039063,87.0,-4.857145996093706,4.857145996093706
KMIA,HRRR,2026-05-18 15:00:00+00:00,2026-05-18,0,82.11983764648441,87.0,-4.880162353515587,4.880162353515587
KMIA,HRRR,2026-05-18 16:00:00+00:00,2026-05-18,0,81.97487304687505,87.0,-5.025126953124953,5.025126953124953
KMIA,HRRR,2026-05-18 17:00:00+00:00,2026-05-18,0,81.2338452148438,87.0,-5.766154785156203,5.766154785156203
KMIA,HRRR,2026-05-18 18:00:00+00:00,2026-05-18,0,79.66225097656255,87.0,-7.337749023437453,7.337749023437453
KMIA,HRRR,2026-05-18 19:00:00+00:00,2026-05-18,0,79.9737133789063,87.0,-7.026286621093703,7.026286621093703
KMIA,HRRR,2026-05-18 20:00:00+00:00,2026-05-18,0,81.41989868164066,87.0,-5.58010131835934,5.58010131835934
KMIA,HRRR,2026-05-18 21:00:00+00:00,2026-05-18,0,80.0561108398438,87.0,-6.943889160156203,6.943889160156203
KMIA,HRRR,2026-05-18 22:00:00+00:00,2026-05-18,0,79.94470947265629,87.0,-7.055290527343715,7.055290527343715
KMIA,HRRR,2026-05-18 23:00:00+00:00,2026-05-18,0,77.69196289062504,87.0,-9.308037109374965,9.308037109374965
KMIA,HRRR,2026-05-19 00:00:00+00:00,2026-05-18,0,78.02435424804692,87.0,-8.975645751953081,8.975645751953081
KMIA,HRRR,2026-05-19 01:00:00+00:00,2026-05-18,0,76.96972167968754,87.0,-10.030278320312462,10.030278320312462
KMIA,HRRR,2026-05-19 02:00:00+00:00,2026-05-18,0,77.34655273437504,87.0,-9.653447265624962,9.653447265624962
KMIA,NBM,2026-05-18 06:00:00+00:00,2026-05-18,0,86.63000000000004,87.0,-0.3699999999999619,0.3699999999999619
KMIA,NBM,2026-05-18 12:00:00+00:00,2026-05-18,0,86.63000000000004,87.0,-0.3699999999999619,0.3699999999999619
KMIA,ECMWF,2026-05-17 06:00:00+00:00,2026-05-18,1,83.9,87.0,-3.0999999999999943,3.0999999999999943
KMIA,ECMWF,2026-05-17 12:00:00+00:00,2026-05-18,1,83.1,87.0,-3.9000000000000057,3.9000000000000057
KMIA,ECMWF,2026-05-17 18:00:00+00:00,2026-05-18,1,84.3,87.0,-2.700000000000003,2.700000000000003
KMIA,ECMWF,2026-05-18 00:00:00+00:00,2026-05-18,1,84.3,87.0,-2.700000000000003,2.700000000000003
KMIA,GFS,2026-05-17 06:00:00+00:00,2026-05-18,1,86.2,87.0,-0.7999999999999972,0.7999999999999972
KMIA,GFS,2026-05-17 12:00:00+00:00,2026-05-18,1,87.7,87.0,0.7000000000000028,0.7000000000000028
KMIA,GFS,2026-05-17 18:00:00+00:00,2026-05-18,1,83.1,87.0,-3.9000000000000057,3.9000000000000057
KMIA,GFS,2026-05-18 00:00:00+00:00,2026-05-18,1,84.8,87.0,-2.200000000000003,2.200000000000003
KMIA,HRRR,2026-05-17 18:00:00+00:00,2026-05-18,1,76.67083862304692,87.0,-10.329161376953081,10.329161376953081
KMIA,HRRR,2026-05-17 21:00:00+00:00,2026-05-18,1,76.99004638671879,87.0,-10.009953613281212,10.009953613281212
KMIA,HRRR,2026-05-17 22:00:00+00:00,2026-05-18,1,76.25456665039067,87.0,-10.745433349609328,10.745433349609328
KMIA,HRRR,2026-05-18 00:00:00+00:00,2026-05-18,1,78.76120727539066,87.0,-8.23879272460934,8.23879272460934
KMIA,HRRR,2026-05-18 01:00:00+00:00,2026-05-18,1,75.77177246093754,87.0,-11.228227539062459,11.228227539062459
KMIA,HRRR,2026-05-18 02:00:00+00:00,2026-05-18,1,77.22301147460942,87.0,-9.776988525390578,9.776988525390578
KMIA,HRRR,2026-05-18 03:00:00+00:00,2026-05-18,1,79.20708740234379,87.0,-7.792912597656212,7.792912597656212
KMIA,NBM,2026-05-17 06:00:00+00:00,2026-05-18,1,87.53000000000004,87.0,0.5300000000000438,0.5300000000000438
KMIA,NBM,2026-05-17 12:00:00+00:00,2026-05-18,1,87.34998901367192,87.0,0.3499890136719159,0.3499890136719159
KMIA,NBM,2026-05-17 18:00:00+00:00,2026-05-18,1,87.16997802734379,87.0,0.16997802734378809,0.16997802734378809
KMIA,NBM,2026-05-18 00:00:00+00:00,2026-05-18,1,86.63000000000004,87.0,-0.3699999999999619,0.3699999999999619
KMIA,ECMWF,2026-05-16 06:00:00+00:00,2026-05-18,2,84.3,87.0,-2.700000000000003,2.700000000000003
KMIA,ECMWF,2026-05-16 12:00:00+00:00,2026-05-18,2,83.2,87.0,-3.799999999999997,3.799999999999997
KMIA,ECMWF,2026-05-16 18:00:00+00:00,2026-05-18,2,84.6,87.0,-2.4000000000000057,2.4000000000000057
KMIA,ECMWF,2026-05-17 00:00:00+00:00,2026-05-18,2,83.4,87.0,-3.5999999999999943,3.5999999999999943
KMIA,GFS,2026-05-16 06:00:00+00:00,2026-05-18,2,88.0,87.0,1.0,1.0
KMIA,GFS,2026-05-16 12:00:00+00:00,2026-05-18,2,87.6,87.0,0.5999999999999943,0.5999999999999943
KMIA,GFS,2026-05-16 18:00:00+00:00,2026-05-18,2,87.6,87.0,0.5999999999999943,0.5999999999999943
KMIA,GFS,2026-05-17 00:00:00+00:00,2026-05-18,2,87.2,87.0,0.20000000000000284,0.20000000000000284
KMIA,NBM,2026-05-16 06:00:00+00:00,2026-05-18,2,87.53000000000004,87.0,0.5300000000000438,0.5300000000000438
KMIA,NBM,2026-05-16 12:00:00+00:00,2026-05-18,2,87.71001098632817,87.0,0.7100109863281716,0.7100109863281716
KMIA,NBM,2026-05-16 18:00:00+00:00,2026-05-18,2,87.53000000000004,87.0,0.5300000000000438,0.5300000000000438
KMIA,NBM,2026-05-17 00:00:00+00:00,2026-05-18,2,87.16997802734379,87.0,0.16997802734378809,0.16997802734378809
KMIA,ECMWF,2026-05-15 06:00:00+00:00,2026-05-18,3,84.2,87.0,-2.799999999999997,2.799999999999997
KMIA,ECMWF,2026-05-15 12:00:00+00:00,2026-05-18,3,83.1,87.0,-3.9000000000000057,3.9000000000000057
KMIA,ECMWF,2026-05-15 18:00:00+00:00,2026-05-18,3,83.0,87.0,-4.0,4.0
KMIA,ECMWF,2026-05-16 00:00:00+00:00,2026-05-18,3,82.9,87.0,-4.099999999999994,4.099999999999994
KMIA,GFS,2026-05-15 06:00:00+00:00,2026-05-18,3,88.7,87.0,1.7000000000000028,1.7000000000000028
KMIA,GFS,2026-05-15 12:00:00+00:00,2026-05-18,3,87.2,87.0,0.20000000000000284,0.20000000000000284
KMIA,GFS,2026-05-15 18:00:00+00:00,2026-05-18,3,88.0,87.0,1.0,1.0
KMIA,GFS,2026-05-16 00:00:00+00:00,2026-05-18,3,88.0,87.0,1.0,1.0
KMIA,NBM,2026-05-15 06:00:00+00:00,2026-05-18,3,87.71001098632817,87.0,0.7100109863281716,0.7100109863281716
KMIA,NBM,2026-05-15 12:00:00+00:00,2026-05-18,3,87.71001098632817,87.0,0.7100109863281716,0.7100109863281716
KMIA,NBM,2026-05-15 18:00:00+00:00,2026-05-18,3,87.34998901367192,87.0,0.3499890136719159,0.3499890136719159
KMIA,NBM,2026-05-16 00:00:00+00:00,2026-05-18,3,87.16997802734379,87.0,0.16997802734378809,0.16997802734378809
KMIA,ECMWF,2026-05-14 06:00:00+00:00,2026-05-18,4,84.2,87.0,-2.799999999999997,2.799999999999997
KMIA,ECMWF,2026-05-14 12:00:00+00:00,2026-05-18,4,85.2,87.0,-1.7999999999999972,1.7999999999999972
KMIA,ECMWF,2026-05-14 18:00:00+00:00,2026-05-18,4,85.2,87.0,-1.7999999999999972,1.7999999999999972
KMIA,ECMWF,2026-05-15 00:00:00+00:00,2026-05-18,4,85.1,87.0,-1.9000000000000057,1.9000000000000057
KMIA,GFS,2026-05-14 06:00:00+00:00,2026-05-18,4,88.1,87.0,1.0999999999999943,1.0999999999999943
KMIA,GFS,2026-05-14 12:00:00+00:00,2026-05-18,4,87.8,87.0,0.7999999999999972,0.7999999999999972
KMIA,GFS,2026-05-14 18:00:00+00:00,2026-05-18,4,87.6,87.0,0.5999999999999943,0.5999999999999943
KMIA,GFS,2026-05-15 00:00:00+00:00,2026-05-18,4,88.0,87.0,1.0,1.0
KMIA,NBM,2026-05-14 06:00:00+00:00,2026-05-18,4,87.71001098632817,87.0,0.7100109863281716,0.7100109863281716
KMIA,NBM,2026-05-14 12:00:00+00:00,2026-05-18,4,87.71001098632817,87.0,0.7100109863281716,0.7100109863281716
KMIA,NBM,2026-05-14 18:00:00+00:00,2026-05-18,4,87.16997802734379,87.0,0.16997802734378809,0.16997802734378809
KMIA,NBM,2026-05-15 00:00:00+00:00,2026-05-18,4,87.34998901367192,87.0,0.3499890136719159,0.3499890136719159
KMIA,ECMWF,2026-05-13 06:00:00+00:00,2026-05-18,5,83.0,87.0,-4.0,4.0
KMIA,ECMWF,2026-05-13 12:00:00+00:00,2026-05-18,5,84.6,87.0,-2.4000000000000057,2.4000000000000057
KMIA,ECMWF,2026-05-13 18:00:00+00:00,2026-05-18,5,84.3,87.0,-2.700000000000003,2.700000000000003
KMIA,ECMWF,2026-05-14 00:00:00+00:00,2026-05-18,5,84.8,87.0,-2.200000000000003,2.200000000000003
KMIA,GFS,2026-05-13 06:00:00+00:00,2026-05-18,5,88.5,87.0,1.5,1.5
KMIA,GFS,2026-05-13 12:00:00+00:00,2026-05-18,5,88.2,87.0,1.2000000000000028,1.2000000000000028
KMIA,GFS,2026-05-13 18:00:00+00:00,2026-05-18,5,88.5,87.0,1.5,1.5
KMIA,GFS,2026-05-14 00:00:00+00:00,2026-05-18,5,87.8,87.0,0.7999999999999972,0.7999999999999972
KMIA,NBM,2026-05-13 06:00:00+00:00,2026-05-18,5,87.71001098632817,87.0,0.7100109863281716,0.7100109863281716
KMIA,NBM,2026-05-13 12:00:00+00:00,2026-05-18,5,87.53000000000004,87.0,0.5300000000000438,0.5300000000000438
KMIA,NBM,2026-05-13 18:00:00+00:00,2026-05-18,5,87.53000000000004,87.0,0.5300000000000438,0.5300000000000438
KMIA,NBM,2026-05-14 00:00:00+00:00,2026-05-18,5,87.53000000000004,87.0,0.5300000000000438,0.5300000000000438
KMIA,ECMWF,2026-05-12 06:00:00+00:00,2026-05-18,6,87.3,87.0,0.29999999999999716,0.29999999999999716
KMIA,ECMWF,2026-05-12 12:00:00+00:00,2026-05-18,6,84.6,87.0,-2.4000000000000057,2.4000000000000057
KMIA,ECMWF,2026-05-12 18:00:00+00:00,2026-05-18,6,84.6,87.0,-2.4000000000000057,2.4000000000000057
KMIA,ECMWF,2026-05-13 00:00:00+00:00,2026-05-18,6,84.0,87.0,-3.0,3.0
KMIA,GFS,2026-05-12 06:00:00+00:00,2026-05-18,6,86.1,87.0,-0.9000000000000057,0.9000000000000057
KMIA,GFS,2026-05-12 12:00:00+00:00,2026-05-18,6,84.0,87.0,-3.0,3.0
KMIA,GFS,2026-05-12 18:00:00+00:00,2026-05-18,6,82.7,87.0,-4.299999999999997,4.299999999999997
KMIA,GFS,2026-05-13 00:00:00+00:00,2026-05-18,6,88.7,87.0,1.7000000000000028,1.7000000000000028
KMIA,NBM,2026-05-12 06:00:00+00:00,2026-05-18,6,87.89002197265629,87.0,0.8900219726562852,0.8900219726562852
KMIA,NBM,2026-05-12 12:00:00+00:00,2026-05-18,6,87.53000000000004,87.0,0.5300000000000438,0.5300000000000438
KMIA,NBM,2026-05-12 18:00:00+00:00,2026-05-18,6,87.53000000000004,87.0,0.5300000000000438,0.5300000000000438
KMIA,NBM,2026-05-13 00:00:00+00:00,2026-05-18,6,87.71001098632817,87.0,0.7100109863281716,0.7100109863281716
KMIA,ECMWF,2026-05-11 06:00:00+00:00,2026-05-18,7,86.3,87.0,-0.7000000000000028,0.7000000000000028
KMIA,ECMWF,2026-05-11 12:00:00+00:00,2026-05-18,7,85.7,87.0,-1.2999999999999972,1.2999999999999972
KMIA,ECMWF,2026-05-11 18:00:00+00:00,2026-05-18,7,85.7,87.0,-1.2999999999999972,1.2999999999999972
KMIA,ECMWF,2026-05-12 00:00:00+00:00,2026-05-18,7,87.3,87.0,0.29999999999999716,0.29999999999999716
KMIA,GFS,2026-05-11 06:00:00+00:00,2026-05-18,7,89.3,87.0,2.299999999999997,2.299999999999997
KMIA,GFS,2026-05-11 12:00:00+00:00,2026-05-18,7,88.7,87.0,1.7000000000000028,1.7000000000000028
KMIA,GFS,2026-05-11 18:00:00+00:00,2026-05-18,7,88.1,87.0,1.0999999999999943,1.0999999999999943
KMIA,GFS,2026-05-12 00:00:00+00:00,2026-05-18,7,86.1,87.0,-0.9000000000000057,0.9000000000000057
KMIA,NBM,2026-05-11 06:00:00+00:00,2026-05-18,7,88.0699780273438,87.0,1.0699780273437938,1.0699780273437938
KMIA,NBM,2026-05-11 12:00:00+00:00,2026-05-18,7,88.24998901367192,87.0,1.2499890136719216,1.2499890136719216
KMIA,NBM,2026-05-11 18:00:00+00:00,2026-05-18,7,87.53000000000004,87.0,0.5300000000000438,0.5300000000000438
KMIA,NBM,2026-05-12 00:00:00+00:00,2026-05-18,7,87.71001098632817,87.0,0.7100109863281716,0.7100109863281716
KNYC,ECMWF,2026-05-18 06:00:00+00:00,2026-05-18,0,88.0,88.0,0.0,0.0
KNYC,ECMWF,2026-05-18 12:00:00+00:00,2026-05-18,0,88.5,88.0,0.5,0.5
KNYC,ECMWF,2026-05-18 18:00:00+00:00,2026-05-18,0,88.8,88.0,0.7999999999999972,0.7999999999999972
KNYC,ECMWF,2026-05-19 00:00:00+00:00,2026-05-18,0,80.0,88.0,-8.0,8.0
KNYC,GFS,2026-05-18 06:00:00+00:00,2026-05-18,0,88.5,88.0,0.5,0.5
KNYC,GFS,2026-05-18 12:00:00+00:00,2026-05-18,0,88.8,88.0,0.7999999999999972,0.7999999999999972
KNYC,GFS,2026-05-18 18:00:00+00:00,2026-05-18,0,87.9,88.0,-0.09999999999999432,0.09999999999999432
KNYC,GFS,2026-05-19 00:00:00+00:00,2026-05-18,0,76.4,88.0,-11.599999999999994,11.599999999999994
KNYC,HRRR,2026-05-18 04:00:00+00:00,2026-05-18,0,77.78798339843755,88.0,-10.212016601562453,10.212016601562453
KNYC,HRRR,2026-05-18 05:00:00+00:00,2026-05-18,0,72.6605541992188,88.0,-15.339445800781206,15.339445800781206
KNYC,HRRR,2026-05-18 06:00:00+00:00,2026-05-18,0,91.1384594726563,88.0,3.1384594726562938,3.1384594726562938
KNYC,HRRR,2026-05-18 07:00:00+00:00,2026-05-18,0,89.22552001953129,88.0,1.225520019531288,1.225520019531288
KNYC,HRRR,2026-05-18 08:00:00+00:00,2026-05-18,0,88.78947265625004,88.0,0.7894726562500409,0.7894726562500409
KNYC,HRRR,2026-05-18 09:00:00+00:00,2026-05-18,0,90.49619873046879,88.0,2.496198730468791,2.496198730468791
KNYC,HRRR,2026-05-18 10:00:00+00:00,2026-05-18,0,88.95921142578129,88.0,0.9592114257812909,0.9592114257812909
KNYC,HRRR,2026-05-18 11:00:00+00:00,2026-05-18,0,89.6410229492188,88.0,1.6410229492187938,1.6410229492187938
KNYC,HRRR,2026-05-18 12:00:00+00:00,2026-05-18,0,90.89950683593754,88.0,2.8995068359375438,2.8995068359375438
KNYC,HRRR,2026-05-18 13:00:00+00:00,2026-05-18,0,90.91258056640629,88.0,2.912580566406291,2.912580566406291
KNYC,HRRR,2026-05-18 14:00:00+00:00,2026-05-18,0,89.9053540039063,88.0,1.9053540039062966,1.9053540039062966
KNYC,HRRR,2026-05-18 15:00:00+00:00,2026-05-18,0,89.77263916015629,88.0,1.772639160156288,1.772639160156288
KNYC,HRRR,2026-05-18 16:00:00+00:00,2026-05-18,0,88.72487304687505,88.0,0.7248730468750466,0.7248730468750466
KNYC,HRRR,2026-05-18 17:00:00+00:00,2026-05-18,0,88.00246704101566,88.0,0.002467041015663085,0.002467041015663085
KNYC,HRRR,2026-05-18 18:00:00+00:00,2026-05-18,0,87.19975097656254,88.0,-0.8002490234374591,0.8002490234374591
KNYC,HRRR,2026-05-18 19:00:00+00:00,2026-05-18,0,85.7112133789063,88.0,-2.2887866210937062,2.2887866210937062
KNYC,HRRR,2026-05-18 20:00:00+00:00,2026-05-18,0,82.99489868164066,88.0,-5.005101318359337,5.005101318359337
KNYC,HRRR,2026-05-18 21:00:00+00:00,2026-05-18,0,80.0561108398438,88.0,-7.943889160156203,7.943889160156203
KNYC,HRRR,2026-05-18 22:00:00+00:00,2026-05-18,0,80.39470947265629,88.0,-7.605290527343712,7.605290527343712
KNYC,HRRR,2026-05-18 23:00:00+00:00,2026-05-18,0,76.56696289062504,88.0,-11.433037109374965,11.433037109374965
KNYC,HRRR,2026-05-19 00:00:00+00:00,2026-05-18,0,76.75169799804692,88.0,-11.248302001953078,11.248302001953078
KNYC,HRRR,2026-05-19 01:00:00+00:00,2026-05-18,0,77.53222167968754,88.0,-10.467778320312462,10.467778320312462
KNYC,HRRR,2026-05-19 02:00:00+00:00,2026-05-18,0,77.34655273437504,88.0,-10.653447265624962,10.653447265624962
KNYC,NBM,2026-05-18 06:00:00+00:00,2026-05-18,0,89.33000000000004,88.0,1.330000000000041,1.330000000000041
KNYC,NBM,2026-05-18 12:00:00+00:00,2026-05-18,0,89.33000000000004,88.0,1.330000000000041,1.330000000000041
KNYC,ECMWF,2026-05-17 06:00:00+00:00,2026-05-18,1,84.7,88.0,-3.299999999999997,3.299999999999997
KNYC,ECMWF,2026-05-17 12:00:00+00:00,2026-05-18,1,84.0,88.0,-4.0,4.0
KNYC,ECMWF,2026-05-17 18:00:00+00:00,2026-05-18,1,86.4,88.0,-1.5999999999999943,1.5999999999999943
KNYC,ECMWF,2026-05-18 00:00:00+00:00,2026-05-18,1,86.6,88.0,-1.4000000000000057,1.4000000000000057
KNYC,GFS,2026-05-17 06:00:00+00:00,2026-05-18,1,84.6,88.0,-3.4000000000000057,3.4000000000000057
KNYC,GFS,2026-05-17 12:00:00+00:00,2026-05-18,1,88.0,88.0,0.0,0.0
KNYC,GFS,2026-05-17 18:00:00+00:00,2026-05-18,1,87.9,88.0,-0.09999999999999432,0.09999999999999432
KNYC,GFS,2026-05-18 00:00:00+00:00,2026-05-18,1,89.6,88.0,1.5999999999999943,1.5999999999999943
KNYC,HRRR,2026-05-17 18:00:00+00:00,2026-05-18,1,70.56903198242192,88.0,-17.43096801757808,17.43096801757808
KNYC,HRRR,2026-05-17 21:00:00+00:00,2026-05-18,1,70.91504638671879,88.0,-17.084953613281215,17.084953613281215
KNYC,HRRR,2026-05-17 22:00:00+00:00,2026-05-18,1,71.71660888671879,88.0,-16.283391113281212,16.283391113281212
KNYC,HRRR,2026-05-18 00:00:00+00:00,2026-05-18,1,73.58620727539066,88.0,-14.413792724609337,14.413792724609337
KNYC,HRRR,2026-05-18 01:00:00+00:00,2026-05-18,1,72.64176757812504,88.0,-15.358232421874959,15.358232421874959
KNYC,HRRR,2026-05-18 02:00:00+00:00,2026-05-18,1,73.17301147460941,88.0,-14.82698852539059,14.82698852539059
KNYC,HRRR,2026-05-18 03:00:00+00:00,2026-05-18,1,74.70379150390629,88.0,-13.296208496093712,13.296208496093712
KNYC,NBM,2026-05-17 06:00:00+00:00,2026-05-18,1,86.44998901367191,88.0,-1.5500109863280898,1.5500109863280898
KNYC,NBM,2026-05-17 12:00:00+00:00,2026-05-18,1,87.53000000000004,88.0,-0.46999999999995623,0.46999999999995623
KNYC,NBM,2026-05-17 18:00:00+00:00,2026-05-18,1,88.61001098632816,88.0,0.6100109863281631,0.6100109863281631
KNYC,NBM,2026-05-18 00:00:00+00:00,2026-05-18,1,88.61001098632816,88.0,0.6100109863281631,0.6100109863281631
KNYC,ECMWF,2026-05-16 06:00:00+00:00,2026-05-18,2,79.5,88.0,-8.5,8.5
KNYC,ECMWF,2026-05-16 12:00:00+00:00,2026-05-18,2,79.3,88.0,-8.700000000000003,8.700000000000003
KNYC,ECMWF,2026-05-16 18:00:00+00:00,2026-05-18,2,78.4,88.0,-9.599999999999994,9.599999999999994
KNYC,ECMWF,2026-05-17 00:00:00+00:00,2026-05-18,2,84.9,88.0,-3.0999999999999943,3.0999999999999943
KNYC,GFS,2026-05-16 06:00:00+00:00,2026-05-18,2,83.6,88.0,-4.400000000000006,4.400000000000006
KNYC,GFS,2026-05-16 12:00:00+00:00,2026-05-18,2,83.2,88.0,-4.799999999999997,4.799999999999997
KNYC,GFS,2026-05-16 18:00:00+00:00,2026-05-18,2,83.2,88.0,-4.799999999999997,4.799999999999997
KNYC,GFS,2026-05-17 00:00:00+00:00,2026-05-18,2,84.5,88.0,-3.5,3.5
KNYC,NBM,2026-05-16 06:00:00+00:00,2026-05-18,2,83.03000000000004,88.0,-4.969999999999956,4.969999999999956
KNYC,NBM,2026-05-16 12:00:00+00:00,2026-05-18,2,83.74998901367192,88.0,-4.250010986328078,4.250010986328078
KNYC,NBM,2026-05-16 18:00:00+00:00,2026-05-18,2,86.09002197265629,88.0,-1.909978027343712,1.909978027343712
KNYC,NBM,2026-05-17 00:00:00+00:00,2026-05-18,2,86.09002197265629,88.0,-1.909978027343712,1.909978027343712
KNYC,ECMWF,2026-05-15 06:00:00+00:00,2026-05-18,3,77.2,88.0,-10.799999999999997,10.799999999999997
KNYC,ECMWF,2026-05-15 12:00:00+00:00,2026-05-18,3,77.6,88.0,-10.400000000000006,10.400000000000006
KNYC,ECMWF,2026-05-15 18:00:00+00:00,2026-05-18,3,76.8,88.0,-11.200000000000003,11.200000000000003
KNYC,ECMWF,2026-05-16 00:00:00+00:00,2026-05-18,3,76.5,88.0,-11.5,11.5
KNYC,GFS,2026-05-15 06:00:00+00:00,2026-05-18,3,83.4,88.0,-4.599999999999994,4.599999999999994
KNYC,GFS,2026-05-15 12:00:00+00:00,2026-05-18,3,82.9,88.0,-5.099999999999994,5.099999999999994
KNYC,GFS,2026-05-15 18:00:00+00:00,2026-05-18,3,83.2,88.0,-4.799999999999997,4.799999999999997
KNYC,GFS,2026-05-16 00:00:00+00:00,2026-05-18,3,83.6,88.0,-4.400000000000006,4.400000000000006
KNYC,NBM,2026-05-15 06:00:00+00:00,2026-05-18,3,79.79002197265629,88.0,-8.209978027343709,8.209978027343709
KNYC,NBM,2026-05-15 12:00:00+00:00,2026-05-18,3,79.96997802734379,88.0,-8.030021972656215,8.030021972656215
KNYC,NBM,2026-05-15 18:00:00+00:00,2026-05-18,3,81.7699780273438,88.0,-6.230021972656203,6.230021972656203
KNYC,NBM,2026-05-16 00:00:00+00:00,2026-05-18,3,83.03000000000004,88.0,-4.969999999999956,4.969999999999956
KNYC,ECMWF,2026-05-14 06:00:00+00:00,2026-05-18,4,78.0,88.0,-10.0,10.0
KNYC,ECMWF,2026-05-14 12:00:00+00:00,2026-05-18,4,76.0,88.0,-12.0,12.0
KNYC,ECMWF,2026-05-14 18:00:00+00:00,2026-05-18,4,77.1,88.0,-10.900000000000006,10.900000000000006
KNYC,ECMWF,2026-05-15 00:00:00+00:00,2026-05-18,4,77.0,88.0,-11.0,11.0
KNYC,GFS,2026-05-14 06:00:00+00:00,2026-05-18,4,90.3,88.0,2.299999999999997,2.299999999999997
KNYC,GFS,2026-05-14 12:00:00+00:00,2026-05-18,4,83.2,88.0,-4.799999999999997,4.799999999999997
KNYC,GFS,2026-05-14 18:00:00+00:00,2026-05-18,4,86.8,88.0,-1.2000000000000028,1.2000000000000028
KNYC,GFS,2026-05-15 00:00:00+00:00,2026-05-18,4,85.8,88.0,-2.200000000000003,2.200000000000003
KNYC,NBM,2026-05-14 06:00:00+00:00,2026-05-18,4,83.74998901367192,88.0,-4.250010986328078,4.250010986328078
KNYC,NBM,2026-05-14 12:00:00+00:00,2026-05-18,4,82.66997802734379,88.0,-5.330021972656212,5.330021972656212
KNYC,NBM,2026-05-14 18:00:00+00:00,2026-05-18,4,82.13000000000004,88.0,-5.869999999999962,5.869999999999962
KNYC,NBM,2026-05-15 00:00:00+00:00,2026-05-18,4,81.23000000000005,88.0,-6.769999999999953,6.769999999999953
KNYC,ECMWF,2026-05-13 06:00:00+00:00,2026-05-18,5,78.6,88.0,-9.400000000000006,9.400000000000006
KNYC,ECMWF,2026-05-13 12:00:00+00:00,2026-05-18,5,74.1,88.0,-13.900000000000006,13.900000000000006
KNYC,ECMWF,2026-05-13 18:00:00+00:00,2026-05-18,5,73.0,88.0,-15.0,15.0
KNYC,ECMWF,2026-05-14 00:00:00+00:00,2026-05-18,5,73.5,88.0,-14.5,14.5
KNYC,GFS,2026-05-13 06:00:00+00:00,2026-05-18,5,80.7,88.0,-7.299999999999997,7.299999999999997
KNYC,GFS,2026-05-13 12:00:00+00:00,2026-05-18,5,82.5,88.0,-5.5,5.5
KNYC,GFS,2026-05-13 18:00:00+00:00,2026-05-18,5,82.9,88.0,-5.099999999999994,5.099999999999994
KNYC,GFS,2026-05-14 00:00:00+00:00,2026-05-18,5,82.5,88.0,-5.5,5.5
KNYC,NBM,2026-05-13 06:00:00+00:00,2026-05-18,5,82.66997802734379,88.0,-5.330021972656212,5.330021972656212
KNYC,NBM,2026-05-13 12:00:00+00:00,2026-05-18,5,82.84998901367192,88.0,-5.150010986328084,5.150010986328084
KNYC,NBM,2026-05-13 18:00:00+00:00,2026-05-18,5,83.5699780273438,88.0,-4.430021972656206,4.430021972656206
KNYC,NBM,2026-05-14 00:00:00+00:00,2026-05-18,5,83.21001098632817,88.0,-4.789989013671828,4.789989013671828
KNYC,ECMWF,2026-05-12 06:00:00+00:00,2026-05-18,6,87.4,88.0,-0.5999999999999943,0.5999999999999943
KNYC,ECMWF,2026-05-12 12:00:00+00:00,2026-05-18,6,72.1,88.0,-15.900000000000006,15.900000000000006
KNYC,ECMWF,2026-05-12 18:00:00+00:00,2026-05-18,6,72.1,88.0,-15.900000000000006,15.900000000000006
KNYC,ECMWF,2026-05-13 00:00:00+00:00,2026-05-18,6,81.1,88.0,-6.900000000000006,6.900000000000006
KNYC,GFS,2026-05-12 06:00:00+00:00,2026-05-18,6,81.7,88.0,-6.299999999999997,6.299999999999997
KNYC,GFS,2026-05-12 12:00:00+00:00,2026-05-18,6,80.7,88.0,-7.299999999999997,7.299999999999997
KNYC,GFS,2026-05-12 18:00:00+00:00,2026-05-18,6,80.5,88.0,-7.5,7.5
KNYC,GFS,2026-05-13 00:00:00+00:00,2026-05-18,6,85.0,88.0,-3.0,3.0
KNYC,NBM,2026-05-12 06:00:00+00:00,2026-05-18,6,81.59002197265629,88.0,-6.409978027343712,6.409978027343712
KNYC,NBM,2026-05-12 12:00:00+00:00,2026-05-18,6,80.14998901367191,88.0,-7.850010986328087,7.850010986328087
KNYC,NBM,2026-05-12 18:00:00+00:00,2026-05-18,6,85.91001098632816,88.0,-2.0899890136718398,2.0899890136718398
KNYC,NBM,2026-05-13 00:00:00+00:00,2026-05-18,6,84.11001098632816,88.0,-3.889989013671837,3.889989013671837
KNYC,ECMWF,2026-05-11 06:00:00+00:00,2026-05-18,7,71.3,88.0,-16.700000000000003,16.700000000000003
KNYC,ECMWF,2026-05-11 12:00:00+00:00,2026-05-18,7,81.1,88.0,-6.900000000000006,6.900000000000006
KNYC,ECMWF,2026-05-11 18:00:00+00:00,2026-05-18,7,81.1,88.0,-6.900000000000006,6.900000000000006
KNYC,ECMWF,2026-05-12 00:00:00+00:00,2026-05-18,7,87.4,88.0,-0.5999999999999943,0.5999999999999943
KNYC,GFS,2026-05-11 06:00:00+00:00,2026-05-18,7,80.9,88.0,-7.099999999999994,7.099999999999994
KNYC,GFS,2026-05-11 12:00:00+00:00,2026-05-18,7,88.4,88.0,0.4000000000000057,0.4000000000000057
KNYC,GFS,2026-05-11 18:00:00+00:00,2026-05-18,7,78.6,88.0,-9.400000000000006,9.400000000000006
KNYC,GFS,2026-05-12 00:00:00+00:00,2026-05-18,7,81.7,88.0,-6.299999999999997,6.299999999999997
KNYC,NBM,2026-05-11 06:00:00+00:00,2026-05-18,7,82.66997802734379,88.0,-5.330021972656212,5.330021972656212
KNYC,NBM,2026-05-11 12:00:00+00:00,2026-05-18,7,82.84998901367192,88.0,-5.150010986328084,5.150010986328084
KNYC,NBM,2026-05-11 18:00:00+00:00,2026-05-18,7,86.09002197265629,88.0,-1.909978027343712,1.909978027343712
KNYC,NBM,2026-05-12 00:00:00+00:00,2026-05-18,7,83.74998901367192,88.0,-4.250010986328078,4.250010986328078
KORD,ECMWF,2026-05-18 06:00:00+00:00,2026-05-18,0,79.5,79.0,0.5,0.5
KORD,ECMWF,2026-05-18 12:00:00+00:00,2026-05-18,0,79.6,79.0,0.5999999999999943,0.5999999999999943
KORD,ECMWF,2026-05-18 18:00:00+00:00,2026-05-18,0,81.0,79.0,2.0,2.0
KORD,ECMWF,2026-05-19 00:00:00+00:00,2026-05-18,0,80.9,79.0,1.9000000000000057,1.9000000000000057
KORD,GFS,2026-05-18 06:00:00+00:00,2026-05-18,0,81.2,79.0,2.200000000000003,2.200000000000003
KORD,GFS,2026-05-18 12:00:00+00:00,2026-05-18,0,80.7,79.0,1.7000000000000028,1.7000000000000028
KORD,GFS,2026-05-18 18:00:00+00:00,2026-05-18,0,77.9,79.0,-1.0999999999999943,1.0999999999999943
KORD,GFS,2026-05-19 00:00:00+00:00,2026-05-18,0,74.2,79.0,-4.799999999999997,4.799999999999997
KORD,HRRR,2026-05-18 05:00:00+00:00,2026-05-18,0,76.14805419921879,79.0,-2.851945800781209,2.851945800781209
KORD,HRRR,2026-05-18 06:00:00+00:00,2026-05-18,0,77.74030273437504,79.0,-1.2596972656249648,1.2596972656249648
KORD,HRRR,2026-05-18 07:00:00+00:00,2026-05-18,0,81.60446899414066,79.0,2.6044689941406602,2.6044689941406602
KORD,HRRR,2026-05-18 08:00:00+00:00,2026-05-18,0,82.52567260742191,79.0,3.5256726074219102,3.5256726074219102
KORD,HRRR,2026-05-18 09:00:00+00:00,2026-05-18,0,79.89735839843755,79.0,0.8973583984375466,0.8973583984375466
KORD,HRRR,2026-05-18 10:00:00+00:00,2026-05-18,0,79.99354370117192,79.0,0.9935437011719159,0.9935437011719159
KORD,HRRR,2026-05-18 11:00:00+00:00,2026-05-18,0,80.02441528320317,79.0,1.0244152832031688,1.0244152832031688
KORD,HRRR,2026-05-18 12:00:00+00:00,2026-05-18,0,80.7834057617188,79.0,1.7834057617187966,1.7834057617187966
KORD,HRRR,2026-05-18 13:00:00+00:00,2026-05-18,0,81.63902099609379,79.0,2.639020996093791,2.639020996093791
KORD,HRRR,2026-05-18 14:00:00+00:00,2026-05-18,0,78.67271240234379,79.0,-0.3272875976562091,0.3272875976562091
KORD,HRRR,2026-05-18 15:00:00+00:00,2026-05-18,0,76.98021362304692,79.0,-2.0197863769530784,2.0197863769530784
KORD,HRRR,2026-05-18 16:00:00+00:00,2026-05-18,0,77.93097045898442,79.0,-1.0690295410155812,1.0690295410155812
KORD,HRRR,2026-05-18 17:00:00+00:00,2026-05-18,0,78.1229565429688,79.0,-0.8770434570312062,0.8770434570312062
KORD,HRRR,2026-05-18 18:00:00+00:00,2026-05-18,0,78.47028930664067,79.0,-0.5297106933593341,0.5297106933593341
KORD,HRRR,2026-05-18 19:00:00+00:00,2026-05-18,0,79.24510009765629,79.0,0.24510009765629093,0.24510009765629093
KORD,HRRR,2026-05-18 20:00:00+00:00,2026-05-18,0,79.61989868164066,79.0,0.6198986816406631,0.6198986816406631
KORD,HRRR,2026-05-18 21:00:00+00:00,2026-05-18,0,78.03111083984379,79.0,-0.9688891601562091,0.9688891601562091
KORD,HRRR,2026-05-18 22:00:00+00:00,2026-05-18,0,76.34470947265629,79.0,-2.655290527343709,2.655290527343709
KORD,HRRR,2026-05-18 23:00:00+00:00,2026-05-18,0,74.42946289062505,79.0,-4.570537109374953,4.570537109374953
KORD,HRRR,2026-05-19 00:00:00+00:00,2026-05-18,0,71.94935424804692,79.0,-7.050645751953084,7.050645751953084
KORD,HRRR,2026-05-19 01:00:00+00:00,2026-05-18,0,70.44472167968755,79.0,-8.555278320312453,8.555278320312453
KORD,HRRR,2026-05-19 02:00:00+00:00,2026-05-18,0,69.02155273437504,79.0,-9.978447265624965,9.978447265624965
KORD,HRRR,2026-05-19 03:00:00+00:00,2026-05-18,0,68.21652954101566,79.0,-10.78347045898434,10.78347045898434
KORD,NBM,2026-05-18 06:00:00+00:00,2026-05-18,0,86.09002197265629,79.0,7.090021972656288,7.090021972656288
KORD,NBM,2026-05-18 12:00:00+00:00,2026-05-18,0,84.64998901367191,79.0,5.649989013671913,5.649989013671913
KORD,ECMWF,2026-05-17 06:00:00+00:00,2026-05-18,1,81.0,79.0,2.0,2.0
KORD,ECMWF,2026-05-17 12:00:00+00:00,2026-05-18,1,79.6,79.0,0.5999999999999943,0.5999999999999943
KORD,ECMWF,2026-05-17 18:00:00+00:00,2026-05-18,1,81.3,79.0,2.299999999999997,2.299999999999997
KORD,ECMWF,2026-05-18 00:00:00+00:00,2026-05-18,1,81.6,79.0,2.5999999999999943,2.5999999999999943
KORD,GFS,2026-05-17 06:00:00+00:00,2026-05-18,1,80.7,79.0,1.7000000000000028,1.7000000000000028
KORD,GFS,2026-05-17 12:00:00+00:00,2026-05-18,1,78.5,79.0,-0.5,0.5
KORD,GFS,2026-05-17 18:00:00+00:00,2026-05-18,1,75.0,79.0,-4.0,4.0
KORD,GFS,2026-05-18 00:00:00+00:00,2026-05-18,1,82.0,79.0,3.0,3.0
KORD,HRRR,2026-05-17 18:00:00+00:00,2026-05-18,1,75.20833862304691,79.0,-3.791661376953087,3.791661376953087
KORD,HRRR,2026-05-17 21:00:00+00:00,2026-05-18,1,75.19718750000004,79.0,-3.802812499999959,3.802812499999959
KORD,HRRR,2026-05-17 22:00:00+00:00,2026-05-18,1,75.01706665039066,79.0,-3.9829333496093398,3.9829333496093398
KORD,HRRR,2026-05-18 00:00:00+00:00,2026-05-18,1,75.0122875976563,79.0,-3.9877124023437034,3.9877124023437034
KORD,HRRR,2026-05-18 01:00:00+00:00,2026-05-18,1,74.98427246093755,79.0,-4.015727539062453,4.015727539062453
KORD,HRRR,2026-05-18 02:00:00+00:00,2026-05-18,1,74.96262939453129,79.0,-4.037370605468709,4.037370605468709
KORD,HRRR,2026-05-18 03:00:00+00:00,2026-05-18,1,76.1399243164063,79.0,-2.8600756835937062,2.8600756835937062
KORD,HRRR,2026-05-18 04:00:00+00:00,2026-05-18,1,77.00048339843754,79.0,-1.999516601562462,1.999516601562462
KORD,NBM,2026-05-17 06:00:00+00:00,2026-05-18,1,85.36997802734379,79.0,6.369978027343791,6.369978027343791
KORD,NBM,2026-05-17 12:00:00+00:00,2026-05-18,1,84.64998901367191,79.0,5.649989013671913,5.649989013671913
KORD,NBM,2026-05-17 18:00:00+00:00,2026-05-18,1,85.1900219726563,79.0,6.190021972656297,6.190021972656297
KORD,NBM,2026-05-18 00:00:00+00:00,2026-05-18,1,85.01001098632817,79.0,6.010010986328169,6.010010986328169
KORD,ECMWF,2026-05-16 06:00:00+00:00,2026-05-18,2,81.2,79.0,2.200000000000003,2.200000000000003
KORD,ECMWF,2026-05-16 12:00:00+00:00,2026-05-18,2,81.7,79.0,2.700000000000003,2.700000000000003
KORD,ECMWF,2026-05-16 18:00:00+00:00,2026-05-18,2,83.7,79.0,4.700000000000003,4.700000000000003
KORD,ECMWF,2026-05-17 00:00:00+00:00,2026-05-18,2,80.1,79.0,1.0999999999999943,1.0999999999999943
KORD,GFS,2026-05-16 06:00:00+00:00,2026-05-18,2,87.4,79.0,8.400000000000006,8.400000000000006
KORD,GFS,2026-05-16 12:00:00+00:00,2026-05-18,2,82.0,79.0,3.0,3.0
KORD,GFS,2026-05-16 18:00:00+00:00,2026-05-18,2,82.0,79.0,3.0,3.0
KORD,GFS,2026-05-17 00:00:00+00:00,2026-05-18,2,86.5,79.0,7.5,7.5
KORD,NBM,2026-05-16 06:00:00+00:00,2026-05-18,2,86.09002197265629,79.0,7.090021972656288,7.090021972656288
KORD,NBM,2026-05-16 12:00:00+00:00,2026-05-18,2,85.54998901367192,79.0,6.549989013671919,6.549989013671919
KORD,NBM,2026-05-16 18:00:00+00:00,2026-05-18,2,85.73000000000005,79.0,6.730000000000047,6.730000000000047
KORD,NBM,2026-05-17 00:00:00+00:00,2026-05-18,2,85.36997802734379,79.0,6.369978027343791,6.369978027343791
KORD,ECMWF,2026-05-15 18:00:00+00:00,2026-05-18,3,82.0,79.0,3.0,3.0
KORD,ECMWF,2026-05-16 00:00:00+00:00,2026-05-18,3,82.0,79.0,3.0,3.0
KORD,GFS,2026-05-15 18:00:00+00:00,2026-05-18,3,83.3,79.0,4.299999999999997,4.299999999999997
KORD,GFS,2026-05-16 00:00:00+00:00,2026-05-18,3,87.4,79.0,8.400000000000006,8.400000000000006
KORD,NBM,2026-05-15 12:00:00+00:00,2026-05-18,3,87.71001098632817,79.0,8.710010986328172,8.710010986328172
KORD,NBM,2026-05-15 18:00:00+00:00,2026-05-18,3,87.53000000000004,79.0,8.530000000000044,8.530000000000044
KORD,NBM,2026-05-16 00:00:00+00:00,2026-05-18,3,85.91001098632816,79.0,6.91001098632816,6.91001098632816
KLGA,ECMWF,2026-05-19 06:00:00+00:00,2026-05-19,0,94.4,96.0,-1.5999999999999943,1.5999999999999943
KLGA,ECMWF,2026-05-19 12:00:00+00:00,2026-05-19,0,93.8,96.0,-2.200000000000003,2.200000000000003
KLGA,ECMWF,2026-05-19 18:00:00+00:00,2026-05-19,0,91.1,96.0,-4.900000000000006,4.900000000000006
KLGA,ECMWF,2026-05-20 00:00:00+00:00,2026-05-19,0,79.6,96.0,-16.400000000000006,16.400000000000006
KLGA,GFS,2026-05-19 06:00:00+00:00,2026-05-19,0,98.0,96.0,2.0,2.0
KLGA,GFS,2026-05-19 12:00:00+00:00,2026-05-19,0,97.7,96.0,1.7000000000000028,1.7000000000000028
KLGA,GFS,2026-05-19 18:00:00+00:00,2026-05-19,0,97.1,96.0,1.0999999999999943,1.0999999999999943
KLGA,GFS,2026-05-20 00:00:00+00:00,2026-05-19,0,87.9,96.0,-8.099999999999994,8.099999999999994
KLGA,HRRR,2026-05-19 04:00:00+00:00,2026-05-19,0,87.13548095703129,96.0,-8.864519042968709,8.864519042968709
KLGA,HRRR,2026-05-19 05:00:00+00:00,2026-05-19,0,87.45490844726567,96.0,-8.545091552734334,8.545091552734334
KLGA,HRRR,2026-05-19 06:00:00+00:00,2026-05-19,0,98.20546997070316,96.0,2.205469970703163,2.205469970703163
KLGA,HRRR,2026-05-19 07:00:00+00:00,2026-05-19,0,94.43430297851566,96.0,-1.5656970214843398,1.5656970214843398
KLGA,HRRR,2026-05-19 08:00:00+00:00,2026-05-19,0,97.75832641601566,96.0,1.758326416015663,1.758326416015663
KLGA,HRRR,2026-05-19 09:00:00+00:00,2026-05-19,0,96.39311035156254,96.0,0.3931103515625409,0.3931103515625409
KLGA,HRRR,2026-05-19 10:00:00+00:00,2026-05-19,0,97.34117553710942,96.0,1.3411755371094216,1.3411755371094216
KLGA,HRRR,2026-05-19 11:00:00+00:00,2026-05-19,0,97.87653930664067,96.0,1.876539306640666,1.876539306640666
KLGA,HRRR,2026-05-19 12:00:00+00:00,2026-05-19,0,97.61028564453129,96.0,1.610285644531288,1.610285644531288
KLGA,HRRR,2026-05-19 13:00:00+00:00,2026-05-19,0,97.25652587890629,96.0,1.256525878906288,1.256525878906288
KLGA,HRRR,2026-05-19 14:00:00+00:00,2026-05-19,0,97.57353637695317,96.0,1.5735363769531716,1.5735363769531716
KLGA,HRRR,2026-05-19 15:00:00+00:00,2026-05-19,0,97.40110595703129,96.0,1.401105957031291,1.401105957031291
KLGA,HRRR,2026-05-19 16:00:00+00:00,2026-05-19,0,97.05229003906254,96.0,1.052290039062541,1.052290039062541
KLGA,HRRR,2026-05-19 17:00:00+00:00,2026-05-19,0,96.66342895507816,96.0,0.6634289550781602,0.6634289550781602
KLGA,HRRR,2026-05-19 18:00:00+00:00,2026-05-19,0,96.84569213867192,96.0,0.8456921386719216,0.8456921386719216
KLGA,HRRR,2026-05-19 19:00:00+00:00,2026-05-19,0,95.44921997070317,96.0,-0.5507800292968312,0.5507800292968312
KLGA,HRRR,2026-05-19 20:00:00+00:00,2026-05-19,0,95.14423950195317,96.0,-0.8557604980468341,0.8557604980468341
KLGA,HRRR,2026-05-19 21:00:00+00:00,2026-05-19,0,94.51873291015629,96.0,-1.481267089843712,1.481267089843712
KLGA,HRRR,2026-05-19 22:00:00+00:00,2026-05-19,0,91.5218823242188,96.0,-4.478117675781206,4.478117675781206
KLGA,HRRR,2026-05-19 23:00:00+00:00,2026-05-19,0,86.96453369140629,96.0,-9.035466308593712,9.035466308593712
KLGA,HRRR,2026-05-20 00:00:00+00:00,2026-05-19,0,82.61718872070317,96.0,-13.382811279296831,13.382811279296831
KLGA,HRRR,2026-05-20 01:00:00+00:00,2026-05-19,0,82.6471264648438,96.0,-13.352873535156206,13.352873535156206
KLGA,HRRR,2026-05-20 02:00:00+00:00,2026-05-19,0,81.4265454101563,96.0,-14.573454589843706,14.573454589843706
KLGA,NBM,2026-05-19 06:00:00+00:00,2026-05-19,0,95.09002197265629,96.0,-0.9099780273437119,0.9099780273437119
KLGA,NBM,2026-05-19 12:00:00+00:00,2026-05-19,0,95.09002197265629,96.0,-0.9099780273437119,0.9099780273437119
KLGA,ECMWF,2026-05-18 06:00:00+00:00,2026-05-19,1,90.3,96.0,-5.700000000000003,5.700000000000003
KLGA,ECMWF,2026-05-18 12:00:00+00:00,2026-05-19,1,91.5,96.0,-4.5,4.5
KLGA,ECMWF,2026-05-18 18:00:00+00:00,2026-05-19,1,91.4,96.0,-4.599999999999994,4.599999999999994
KLGA,ECMWF,2026-05-19 00:00:00+00:00,2026-05-19,1,92.6,96.0,-3.4000000000000057,3.4000000000000057
KLGA,GFS,2026-05-18 06:00:00+00:00,2026-05-19,1,98.5,96.0,2.5,2.5
KLGA,GFS,2026-05-18 12:00:00+00:00,2026-05-19,1,97.6,96.0,1.5999999999999943,1.5999999999999943
KLGA,GFS,2026-05-18 18:00:00+00:00,2026-05-19,1,97.3,96.0,1.2999999999999972,1.2999999999999972
KLGA,GFS,2026-05-19 00:00:00+00:00,2026-05-19,1,97.8,96.0,1.7999999999999972,1.7999999999999972
KLGA,HRRR,2026-05-18 18:00:00+00:00,2026-05-19,1,69.88315551757816,96.0,-26.11684448242184,26.11684448242184
KLGA,HRRR,2026-05-18 21:00:00+00:00,2026-05-19,1,72.50042846679692,96.0,-23.49957153320308,23.49957153320308
KLGA,HRRR,2026-05-18 22:00:00+00:00,2026-05-19,1,73.87360961914067,96.0,-22.126390380859334,22.126390380859334
KLGA,HRRR,2026-05-19 00:00:00+00:00,2026-05-19,1,74.69846313476566,96.0,-21.30153686523434,21.30153686523434
KLGA,HRRR,2026-05-19 01:00:00+00:00,2026-05-19,1,74.43286865234379,96.0,-21.567131347656215,21.567131347656215
KLGA,HRRR,2026-05-19 02:00:00+00:00,2026-05-19,1,78.77169921875004,96.0,-17.228300781249956,17.228300781249956
KLGA,HRRR,2026-05-19 03:00:00+00:00,2026-05-19,1,73.05402954101567,96.0,-22.945970458984334,22.945970458984334
KLGA,NBM,2026-05-18 06:00:00+00:00,2026-05-19,1,94.91001098632816,96.0,-1.0899890136718398,1.0899890136718398
KLGA,NBM,2026-05-18 12:00:00+00:00,2026-05-19,1,95.09002197265629,96.0,-0.9099780273437119,0.9099780273437119
KLGA,NBM,2026-05-18 18:00:00+00:00,2026-05-19,1,95.44998901367191,96.0,-0.5500109863280898,0.5500109863280898
KLGA,NBM,2026-05-19 00:00:00+00:00,2026-05-19,1,94.73000000000005,96.0,-1.2699999999999534,1.2699999999999534
KLGA,ECMWF,2026-05-17 06:00:00+00:00,2026-05-19,2,87.8,96.0,-8.200000000000003,8.200000000000003
KLGA,ECMWF,2026-05-17 12:00:00+00:00,2026-05-19,2,88.6,96.0,-7.400000000000006,7.400000000000006
KLGA,ECMWF,2026-05-17 18:00:00+00:00,2026-05-19,2,88.8,96.0,-7.200000000000003,7.200000000000003
KLGA,ECMWF,2026-05-18 00:00:00+00:00,2026-05-19,2,89.4,96.0,-6.599999999999994,6.599999999999994
KLGA,GFS,2026-05-17 06:00:00+00:00,2026-05-19,2,93.6,96.0,-2.4000000000000057,2.4000000000000057
KLGA,GFS,2026-05-17 12:00:00+00:00,2026-05-19,2,93.9,96.0,-2.0999999999999943,2.0999999999999943
KLGA,GFS,2026-05-17 18:00:00+00:00,2026-05-19,2,96.4,96.0,0.4000000000000057,0.4000000000000057
KLGA,GFS,2026-05-18 00:00:00+00:00,2026-05-19,2,95.9,96.0,-0.09999999999999432,0.09999999999999432
KLGA,NBM,2026-05-17 06:00:00+00:00,2026-05-19,2,93.83000000000004,96.0,-2.169999999999959,2.169999999999959
KLGA,NBM,2026-05-17 12:00:00+00:00,2026-05-19,2,94.01001098632817,96.0,-1.9899890136718312,1.9899890136718312
KLGA,NBM,2026-05-17 18:00:00+00:00,2026-05-19,2,94.36997802734379,96.0,-1.630021972656209,1.630021972656209
KLGA,NBM,2026-05-18 00:00:00+00:00,2026-05-19,2,94.54998901367192,96.0,-1.4500109863280812,1.4500109863280812
KLGA,ECMWF,2026-05-16 06:00:00+00:00,2026-05-19,3,90.4,96.0,-5.599999999999994,5.599999999999994
KLGA,ECMWF,2026-05-16 12:00:00+00:00,2026-05-19,3,83.9,96.0,-12.099999999999994,12.099999999999994
KLGA,ECMWF,2026-05-16 18:00:00+00:00,2026-05-19,3,89.5,96.0,-6.5,6.5
KLGA,ECMWF,2026-05-17 00:00:00+00:00,2026-05-19,3,89.3,96.0,-6.700000000000003,6.700000000000003
KLGA,GFS,2026-05-16 06:00:00+00:00,2026-05-19,3,94.3,96.0,-1.7000000000000028,1.7000000000000028
KLGA,GFS,2026-05-16 12:00:00+00:00,2026-05-19,3,93.7,96.0,-2.299999999999997,2.299999999999997
KLGA,GFS,2026-05-16 18:00:00+00:00,2026-05-19,3,93.7,96.0,-2.299999999999997,2.299999999999997
KLGA,GFS,2026-05-17 00:00:00+00:00,2026-05-19,3,93.0,96.0,-3.0,3.0
KLGA,NBM,2026-05-16 06:00:00+00:00,2026-05-19,3,93.29002197265629,96.0,-2.709978027343709,2.709978027343709
KLGA,NBM,2026-05-16 12:00:00+00:00,2026-05-19,3,93.11001098632816,96.0,-2.889989013671837,2.889989013671837
KLGA,NBM,2026-05-16 18:00:00+00:00,2026-05-19,3,93.83000000000004,96.0,-2.169999999999959,2.169999999999959
KLGA,NBM,2026-05-17 00:00:00+00:00,2026-05-19,3,94.01001098632817,96.0,-1.9899890136718312,1.9899890136718312
KLGA,ECMWF,2026-05-15 18:00:00+00:00,2026-05-19,4,89.0,96.0,-7.0,7.0
KLGA,ECMWF,2026-05-16 00:00:00+00:00,2026-05-19,4,89.0,96.0,-7.0,7.0
KLGA,GFS,2026-05-15 18:00:00+00:00,2026-05-19,4,94.3,96.0,-1.7000000000000028,1.7000000000000028
KLGA,GFS,2026-05-16 00:00:00+00:00,2026-05-19,4,94.3,96.0,-1.7000000000000028,1.7000000000000028
KLGA,NBM,2026-05-15 12:00:00+00:00,2026-05-19,4,91.13000000000004,96.0,-4.869999999999962,4.869999999999962
KLGA,NBM,2026-05-15 18:00:00+00:00,2026-05-19,4,93.46997802734379,96.0,-2.5300219726562148,2.5300219726562148
KLGA,NBM,2026-05-16 00:00:00+00:00,2026-05-19,4,93.64998901367191,96.0,-2.350010986328087,2.350010986328087
KMDW,ECMWF,2026-05-19 06:00:00+00:00,2026-05-19,0,82.0,79.0,3.0,3.0
KMDW,ECMWF,2026-05-19 12:00:00+00:00,2026-05-19,0,81.8,79.0,2.799999999999997,2.799999999999997
KMDW,ECMWF,2026-05-19 18:00:00+00:00,2026-05-19,0,81.1,79.0,2.0999999999999943,2.0999999999999943
KMDW,ECMWF,2026-05-20 00:00:00+00:00,2026-05-19,0,72.8,79.0,-6.200000000000003,6.200000000000003
KMDW,GFS,2026-05-19 06:00:00+00:00,2026-05-19,0,78.2,79.0,-0.7999999999999972,0.7999999999999972
KMDW,GFS,2026-05-19 12:00:00+00:00,2026-05-19,0,80.7,79.0,1.7000000000000028,1.7000000000000028
KMDW,GFS,2026-05-19 18:00:00+00:00,2026-05-19,0,76.0,79.0,-3.0,3.0
KMDW,GFS,2026-05-20 00:00:00+00:00,2026-05-19,0,68.3,79.0,-10.700000000000003,10.700000000000003
KMDW,HRRR,2026-05-19 05:00:00+00:00,2026-05-19,0,71.14240844726567,79.0,-7.857591552734334,7.857591552734334
KMDW,HRRR,2026-05-19 06:00:00+00:00,2026-05-19,0,80.85031250000004,79.0,1.8503125000000438,1.8503125000000438
KMDW,HRRR,2026-05-19 07:00:00+00:00,2026-05-19,0,74.63430297851566,79.0,-4.365697021484337,4.365697021484337
KMDW,HRRR,2026-05-19 08:00:00+00:00,2026-05-19,0,82.45832641601567,79.0,3.458326416015666,3.458326416015666
KMDW,HRRR,2026-05-19 09:00:00+00:00,2026-05-19,0,83.34311035156254,79.0,4.343110351562544,4.343110351562544
KMDW,HRRR,2026-05-19 10:00:00+00:00,2026-05-19,0,80.64854858398442,79.0,1.6485485839844216,1.6485485839844216
KMDW,HRRR,2026-05-19 11:00:00+00:00,2026-05-19,0,79.20153930664067,79.0,0.20153930664066877,0.20153930664066877
KMDW,HRRR,2026-05-19 12:00:00+00:00,2026-05-19,0,79.65906494140629,79.0,0.6590649414062852,0.6590649414062852
KMDW,HRRR,2026-05-19 13:00:00+00:00,2026-05-19,0,80.75313842773441,79.0,1.753138427734413,1.753138427734413
KMDW,HRRR,2026-05-19 14:00:00+00:00,2026-05-19,0,79.79919555664067,79.0,0.7991955566406688,0.7991955566406688
KMDW,HRRR,2026-05-19 15:00:00+00:00,2026-05-19,0,77.59281127929691,79.0,-1.4071887207030898,1.4071887207030898
KMDW,HRRR,2026-05-19 16:00:00+00:00,2026-05-19,0,75.90229003906254,79.0,-3.0977099609374648,3.0977099609374648
KMDW,HRRR,2026-05-19 17:00:00+00:00,2026-05-19,0,76.43622558593754,79.0,-2.5637744140624648,2.5637744140624648
KMDW,HRRR,2026-05-19 18:00:00+00:00,2026-05-19,0,78.38739746093754,79.0,-0.6126025390624648,0.6126025390624648
KMDW,HRRR,2026-05-19 19:00:00+00:00,2026-05-19,0,77.81555908203129,79.0,-1.1844409179687148,1.1844409179687148
KMDW,HRRR,2026-05-19 20:00:00+00:00,2026-05-19,0,77.1051831054688,79.0,-1.8948168945312034,1.8948168945312034
KMDW,HRRR,2026-05-19 21:00:00+00:00,2026-05-19,0,74.94373291015629,79.0,-4.056267089843715,4.056267089843715
KMDW,HRRR,2026-05-19 22:00:00+00:00,2026-05-19,0,71.60938232421879,79.0,-7.390617675781215,7.390617675781215
KMDW,HRRR,2026-05-19 23:00:00+00:00,2026-05-19,0,68.6270336914063,79.0,-10.372966308593703,10.372966308593703
KMDW,HRRR,2026-05-20 00:00:00+00:00,2026-05-19,0,66.41718872070317,79.0,-12.582811279296834,12.582811279296834
KMDW,HRRR,2026-05-20 01:00:00+00:00,2026-05-19,0,64.5346264648438,79.0,-14.465373535156203,14.465373535156203
KMDW,HRRR,2026-05-20 02:00:00+00:00,2026-05-19,0,63.65154541015629,79.0,-15.348454589843712,15.348454589843712
KMDW,HRRR,2026-05-20 03:00:00+00:00,2026-05-19,0,62.47024047851566,79.0,-16.529759521484337,16.529759521484337
KMDW,NBM,2026-05-19 06:00:00+00:00,2026-05-19,0,81.94998901367191,79.0,2.9499890136719102,2.9499890136719102
KMDW,NBM,2026-05-19 12:00:00+00:00,2026-05-19,0,81.7699780273438,79.0,2.7699780273437966,2.7699780273437966
KMDW,ECMWF,2026-05-18 06:00:00+00:00,2026-05-19,1,81.2,79.0,2.200000000000003,2.200000000000003
KMDW,ECMWF,2026-05-18 12:00:00+00:00,2026-05-19,1,83.6,79.0,4.599999999999994,4.599999999999994
KMDW,ECMWF,2026-05-18 18:00:00+00:00,2026-05-19,1,80.0,79.0,1.0,1.0
KMDW,ECMWF,2026-05-19 00:00:00+00:00,2026-05-19,1,87.1,79.0,8.099999999999994,8.099999999999994
KMDW,GFS,2026-05-18 06:00:00+00:00,2026-05-19,1,77.7,79.0,-1.2999999999999972,1.2999999999999972
KMDW,GFS,2026-05-18 12:00:00+00:00,2026-05-19,1,82.2,79.0,3.200000000000003,3.200000000000003
KMDW,GFS,2026-05-18 18:00:00+00:00,2026-05-19,1,79.8,79.0,0.7999999999999972,0.7999999999999972
KMDW,GFS,2026-05-19 00:00:00+00:00,2026-05-19,1,78.7,79.0,-0.29999999999999716,0.29999999999999716
KMDW,HRRR,2026-05-18 18:00:00+00:00,2026-05-19,1,67.12295043945316,79.0,-11.877049560546837,11.877049560546837
KMDW,HRRR,2026-05-18 21:00:00+00:00,2026-05-19,1,65.26021850585941,79.0,-13.739781494140587,13.739781494140587
KMDW,HRRR,2026-05-18 22:00:00+00:00,2026-05-19,1,65.09773071289067,79.0,-13.902269287109334,13.902269287109334
KMDW,HRRR,2026-05-19 00:00:00+00:00,2026-05-19,1,64.48540771484379,79.0,-14.514592285156212,14.514592285156212
KMDW,HRRR,2026-05-19 01:00:00+00:00,2026-05-19,1,65.55410278320316,79.0,-13.445897216796837,13.445897216796837
KMDW,HRRR,2026-05-19 02:00:00+00:00,2026-05-19,1,66.46102416992191,79.0,-12.538975830078087,12.538975830078087
KMDW,HRRR,2026-05-19 03:00:00+00:00,2026-05-19,1,66.6681713867188,79.0,-12.331828613281203,12.331828613281203
KMDW,HRRR,2026-05-19 04:00:00+00:00,2026-05-19,1,70.0354809570313,79.0,-8.964519042968703,8.964519042968703
KMDW,NBM,2026-05-18 06:00:00+00:00,2026-05-19,1,83.21001098632817,79.0,4.210010986328172,4.210010986328172
KMDW,NBM,2026-05-18 12:00:00+00:00,2026-05-19,1,83.21001098632817,79.0,4.210010986328172,4.210010986328172
KMDW,NBM,2026-05-18 18:00:00+00:00,2026-05-19,1,83.03000000000004,79.0,4.030000000000044,4.030000000000044
KMDW,NBM,2026-05-19 00:00:00+00:00,2026-05-19,1,81.94998901367191,79.0,2.9499890136719102,2.9499890136719102
KMDW,ECMWF,2026-05-17 06:00:00+00:00,2026-05-19,2,82.6,79.0,3.5999999999999943,3.5999999999999943
KMDW,ECMWF,2026-05-17 12:00:00+00:00,2026-05-19,2,80.5,79.0,1.5,1.5
KMDW,ECMWF,2026-05-17 18:00:00+00:00,2026-05-19,2,82.2,79.0,3.200000000000003,3.200000000000003
KMDW,ECMWF,2026-05-18 00:00:00+00:00,2026-05-19,2,82.9,79.0,3.9000000000000057,3.9000000000000057
KMDW,GFS,2026-05-17 06:00:00+00:00,2026-05-19,2,79.2,79.0,0.20000000000000284,0.20000000000000284
KMDW,GFS,2026-05-17 12:00:00+00:00,2026-05-19,2,77.7,79.0,-1.2999999999999972,1.2999999999999972
KMDW,GFS,2026-05-17 18:00:00+00:00,2026-05-19,2,79.9,79.0,0.9000000000000057,0.9000000000000057
KMDW,GFS,2026-05-18 00:00:00+00:00,2026-05-19,2,79.1,79.0,0.09999999999999432,0.09999999999999432
KMDW,NBM,2026-05-17 06:00:00+00:00,2026-05-19,2,83.03000000000004,79.0,4.030000000000044,4.030000000000044
KMDW,NBM,2026-05-17 12:00:00+00:00,2026-05-19,2,82.66997802734379,79.0,3.669978027343788,3.669978027343788
KMDW,NBM,2026-05-17 18:00:00+00:00,2026-05-19,2,83.74998901367192,79.0,4.749989013671922,4.749989013671922
KMDW,NBM,2026-05-18 00:00:00+00:00,2026-05-19,2,83.5699780273438,79.0,4.569978027343794,4.569978027343794
KMDW,ECMWF,2026-05-16 06:00:00+00:00,2026-05-19,3,80.7,79.0,1.7000000000000028,1.7000000000000028
KMDW,ECMWF,2026-05-16 12:00:00+00:00,2026-05-19,3,84.4,79.0,5.400000000000006,5.400000000000006
KMDW,ECMWF,2026-05-16 18:00:00+00:00,2026-05-19,3,83.1,79.0,4.099999999999994,4.099999999999994
KMDW,ECMWF,2026-05-17 00:00:00+00:00,2026-05-19,3,82.5,79.0,3.5,3.5
KMDW,GFS,2026-05-16 06:00:00+00:00,2026-05-19,3,83.7,79.0,4.700000000000003,4.700000000000003
KMDW,GFS,2026-05-16 12:00:00+00:00,2026-05-19,3,79.5,79.0,0.5,0.5
KMDW,GFS,2026-05-16 18:00:00+00:00,2026-05-19,3,79.5,79.0,0.5,0.5
KMDW,GFS,2026-05-17 00:00:00+00:00,2026-05-19,3,77.0,79.0,-2.0,2.0
KMDW,NBM,2026-05-16 06:00:00+00:00,2026-05-19,3,85.54998901367192,79.0,6.549989013671919,6.549989013671919
KMDW,NBM,2026-05-16 12:00:00+00:00,2026-05-19,3,85.1900219726563,79.0,6.190021972656297,6.190021972656297
KMDW,NBM,2026-05-16 18:00:00+00:00,2026-05-19,3,84.29002197265629,79.0,5.290021972656291,5.290021972656291
KMDW,NBM,2026-05-17 00:00:00+00:00,2026-05-19,3,83.39002197265629,79.0,4.390021972656285,4.390021972656285
KMDW,ECMWF,2026-05-15 06:00:00+00:00,2026-05-19,4,81.6,79.0,2.5999999999999943,2.5999999999999943
KMDW,ECMWF,2026-05-15 12:00:00+00:00,2026-05-19,4,79.1,79.0,0.09999999999999432,0.09999999999999432
KMDW,ECMWF,2026-05-15 18:00:00+00:00,2026-05-19,4,76.7,79.0,-2.299999999999997,2.299999999999997
KMDW,ECMWF,2026-05-16 00:00:00+00:00,2026-05-19,4,79.8,79.0,0.7999999999999972,0.7999999999999972
KMDW,GFS,2026-05-15 06:00:00+00:00,2026-05-19,4,74.0,79.0,-5.0,5.0
KMDW,GFS,2026-05-15 12:00:00+00:00,2026-05-19,4,79.5,79.0,0.5,0.5
KMDW,GFS,2026-05-15 18:00:00+00:00,2026-05-19,4,79.0,79.0,0.0,0.0
KMDW,GFS,2026-05-16 00:00:00+00:00,2026-05-19,4,83.7,79.0,4.700000000000003,4.700000000000003
KMDW,NBM,2026-05-15 06:00:00+00:00,2026-05-19,4,85.54998901367192,79.0,6.549989013671919,6.549989013671919
KMDW,NBM,2026-05-15 12:00:00+00:00,2026-05-19,4,85.91001098632816,79.0,6.91001098632816,6.91001098632816
KMDW,NBM,2026-05-15 18:00:00+00:00,2026-05-19,4,85.36997802734379,79.0,6.369978027343791,6.369978027343791
KMDW,NBM,2026-05-16 00:00:00+00:00,2026-05-19,4,84.83000000000004,79.0,5.830000000000041,5.830000000000041
KMDW,ECMWF,2026-05-14 06:00:00+00:00,2026-05-19,5,81.2,79.0,2.200000000000003,2.200000000000003
KMDW,ECMWF,2026-05-14 12:00:00+00:00,2026-05-19,5,83.4,79.0,4.400000000000006,4.400000000000006
KMDW,ECMWF,2026-05-14 18:00:00+00:00,2026-05-19,5,83.3,79.0,4.299999999999997,4.299999999999997
KMDW,ECMWF,2026-05-15 00:00:00+00:00,2026-05-19,5,80.1,79.0,1.0999999999999943,1.0999999999999943
KMDW,GFS,2026-05-14 06:00:00+00:00,2026-05-19,5,70.1,79.0,-8.900000000000006,8.900000000000006
KMDW,GFS,2026-05-14 12:00:00+00:00,2026-05-19,5,73.2,79.0,-5.799999999999997,5.799999999999997
KMDW,GFS,2026-05-14 18:00:00+00:00,2026-05-19,5,74.3,79.0,-4.700000000000003,4.700000000000003
KMDW,GFS,2026-05-15 00:00:00+00:00,2026-05-19,5,73.6,79.0,-5.400000000000006,5.400000000000006
KMDW,NBM,2026-05-14 06:00:00+00:00,2026-05-19,5,87.53000000000004,79.0,8.530000000000044,8.530000000000044
KMDW,NBM,2026-05-14 12:00:00+00:00,2026-05-19,5,89.14998901367191,79.0,10.149989013671913,10.149989013671913
KMDW,NBM,2026-05-14 18:00:00+00:00,2026-05-19,5,85.73000000000005,79.0,6.730000000000047,6.730000000000047
KMDW,NBM,2026-05-15 00:00:00+00:00,2026-05-19,5,85.91001098632816,79.0,6.91001098632816,6.91001098632816
KMDW,ECMWF,2026-05-13 06:00:00+00:00,2026-05-19,6,70.8,79.0,-8.200000000000003,8.200000000000003
KMDW,ECMWF,2026-05-13 12:00:00+00:00,2026-05-19,6,74.9,79.0,-4.099999999999994,4.099999999999994
KMDW,ECMWF,2026-05-13 18:00:00+00:00,2026-05-19,6,74.9,79.0,-4.099999999999994,4.099999999999994
KMDW,ECMWF,2026-05-14 00:00:00+00:00,2026-05-19,6,78.0,79.0,-1.0,1.0
KMDW,GFS,2026-05-13 06:00:00+00:00,2026-05-19,6,75.4,79.0,-3.5999999999999943,3.5999999999999943
KMDW,GFS,2026-05-13 12:00:00+00:00,2026-05-19,6,74.4,79.0,-4.599999999999994,4.599999999999994
KMDW,GFS,2026-05-13 18:00:00+00:00,2026-05-19,6,64.0,79.0,-15.0,15.0
KMDW,GFS,2026-05-14 00:00:00+00:00,2026-05-19,6,73.1,79.0,-5.900000000000006,5.900000000000006
KMDW,NBM,2026-05-13 06:00:00+00:00,2026-05-19,6,82.66997802734379,79.0,3.669978027343788,3.669978027343788
KMDW,NBM,2026-05-13 12:00:00+00:00,2026-05-19,6,84.29002197265629,79.0,5.290021972656291,5.290021972656291
KMDW,NBM,2026-05-13 18:00:00+00:00,2026-05-19,6,87.16997802734379,79.0,8.169978027343788,8.169978027343788
KMDW,NBM,2026-05-14 00:00:00+00:00,2026-05-19,6,87.16997802734379,79.0,8.169978027343788,8.169978027343788
KMDW,ECMWF,2026-05-12 06:00:00+00:00,2026-05-19,7,60.9,79.0,-18.1,18.1
KMDW,ECMWF,2026-05-12 12:00:00+00:00,2026-05-19,7,60.6,79.0,-18.4,18.4
KMDW,ECMWF,2026-05-12 18:00:00+00:00,2026-05-19,7,60.6,79.0,-18.4,18.4
KMDW,ECMWF,2026-05-13 00:00:00+00:00,2026-05-19,7,70.8,79.0,-8.200000000000003,8.200000000000003
KMDW,GFS,2026-05-12 06:00:00+00:00,2026-05-19,7,74.7,79.0,-4.299999999999997,4.299999999999997
KMDW,GFS,2026-05-12 12:00:00+00:00,2026-05-19,7,82.2,79.0,3.200000000000003,3.200000000000003
KMDW,GFS,2026-05-12 18:00:00+00:00,2026-05-19,7,74.9,79.0,-4.099999999999994,4.099999999999994
KMDW,GFS,2026-05-13 00:00:00+00:00,2026-05-19,7,73.2,79.0,-5.799999999999997,5.799999999999997
KMDW,NBM,2026-05-12 06:00:00+00:00,2026-05-19,7,74.03000000000004,79.0,-4.969999999999956,4.969999999999956
KMDW,NBM,2026-05-12 12:00:00+00:00,2026-05-19,7,72.23000000000005,79.0,-6.769999999999953,6.769999999999953
KMDW,NBM,2026-05-12 18:00:00+00:00,2026-05-19,7,81.04998901367192,79.0,2.0499890136719188,2.0499890136719188
KMDW,NBM,2026-05-13 00:00:00+00:00,2026-05-19,7,83.39002197265629,79.0,4.390021972656285,4.390021972656285
KMIA,ECMWF,2026-05-19 06:00:00+00:00,2026-05-19,0,81.6,87.0,-5.400000000000006,5.400000000000006
KMIA,ECMWF,2026-05-19 12:00:00+00:00,2026-05-19,0,81.2,87.0,-5.799999999999997,5.799999999999997
KMIA,ECMWF,2026-05-19 18:00:00+00:00,2026-05-19,0,80.8,87.0,-6.200000000000003,6.200000000000003
KMIA,ECMWF,2026-05-20 00:00:00+00:00,2026-05-19,0,78.1,87.0,-8.900000000000006,8.900000000000006
KMIA,GFS,2026-05-19 06:00:00+00:00,2026-05-19,0,82.6,87.0,-4.400000000000006,4.400000000000006
KMIA,GFS,2026-05-19 12:00:00+00:00,2026-05-19,0,83.5,87.0,-3.5,3.5
KMIA,GFS,2026-05-19 18:00:00+00:00,2026-05-19,0,82.7,87.0,-4.299999999999997,4.299999999999997
KMIA,GFS,2026-05-20 00:00:00+00:00,2026-05-19,0,78.5,87.0,-8.5,8.5
KMIA,HRRR,2026-05-19 04:00:00+00:00,2026-05-19,0,81.06048095703129,87.0,-5.939519042968712,5.939519042968712
KMIA,HRRR,2026-05-19 05:00:00+00:00,2026-05-19,0,81.04240844726567,87.0,-5.957591552734328,5.957591552734328
KMIA,HRRR,2026-05-19 06:00:00+00:00,2026-05-19,0,82.93117797851566,87.0,-4.068822021484337,4.068822021484337
KMIA,HRRR,2026-05-19 07:00:00+00:00,2026-05-19,0,82.39680297851567,87.0,-4.603197021484334,4.603197021484334
KMIA,HRRR,2026-05-19 08:00:00+00:00,2026-05-19,0,82.79582641601567,87.0,-4.204173583984328,4.204173583984328
KMIA,HRRR,2026-05-19 09:00:00+00:00,2026-05-19,0,83.08762329101566,87.0,-3.9123767089843398,3.9123767089843398
KMIA,HRRR,2026-05-19 10:00:00+00:00,2026-05-19,0,83.39117553710942,87.0,-3.6088244628905812,3.6088244628905812
KMIA,HRRR,2026-05-19 11:00:00+00:00,2026-05-19,0,83.25153930664067,87.0,-3.748460693359334,3.748460693359334
KMIA,HRRR,2026-05-19 12:00:00+00:00,2026-05-19,0,83.37156494140629,87.0,-3.628435058593709,3.628435058593709
KMIA,HRRR,2026-05-19 13:00:00+00:00,2026-05-19,0,82.33505981445316,87.0,-4.66494018554684,4.66494018554684
KMIA,HRRR,2026-05-19 14:00:00+00:00,2026-05-19,0,83.06169555664067,87.0,-3.9383044433593284,3.9383044433593284
KMIA,HRRR,2026-05-19 15:00:00+00:00,2026-05-19,0,82.99281127929692,87.0,-4.007188720703084,4.007188720703084
KMIA,HRRR,2026-05-19 16:00:00+00:00,2026-05-19,0,82.53979003906254,87.0,-4.460209960937462,4.460209960937462
KMIA,HRRR,2026-05-19 17:00:00+00:00,2026-05-19,0,83.29872558593755,87.0,-3.7012744140624534,3.7012744140624534
KMIA,HRRR,2026-05-19 18:00:00+00:00,2026-05-19,0,83.44989746093754,87.0,-3.5501025390624648,3.5501025390624648
KMIA,HRRR,2026-05-19 19:00:00+00:00,2026-05-19,0,83.21555908203129,87.0,-3.784440917968709,3.784440917968709
KMIA,HRRR,2026-05-19 20:00:00+00:00,2026-05-19,0,82.8426831054688,87.0,-4.157316894531206,4.157316894531206
KMIA,HRRR,2026-05-19 21:00:00+00:00,2026-05-19,0,81.9187329101563,87.0,-5.081267089843706,5.081267089843706
KMIA,HRRR,2026-05-19 22:00:00+00:00,2026-05-19,0,80.1593823242188,87.0,-6.840617675781203,6.840617675781203
KMIA,HRRR,2026-05-19 23:00:00+00:00,2026-05-19,0,78.52703369140629,87.0,-8.472966308593712,8.472966308593712
KMIA,HRRR,2026-05-20 00:00:00+00:00,2026-05-19,0,77.66718872070317,87.0,-9.332811279296834,9.332811279296834
KMIA,HRRR,2026-05-20 01:00:00+00:00,2026-05-19,0,76.79712646484379,87.0,-10.202873535156215,10.202873535156215
KMIA,HRRR,2026-05-20 02:00:00+00:00,2026-05-19,0,77.60154541015629,87.0,-9.398454589843709,9.398454589843709
KMIA,NBM,2026-05-19 06:00:00+00:00,2026-05-19,0,86.44998901367191,87.0,-0.5500109863280898,0.5500109863280898
KMIA,NBM,2026-05-19 12:00:00+00:00,2026-05-19,0,86.09002197265629,87.0,-0.9099780273437119,0.9099780273437119
KMIA,ECMWF,2026-05-18 06:00:00+00:00,2026-05-19,1,83.0,87.0,-4.0,4.0
KMIA,ECMWF,2026-05-18 12:00:00+00:00,2026-05-19,1,83.4,87.0,-3.5999999999999943,3.5999999999999943
KMIA,ECMWF,2026-05-18 18:00:00+00:00,2026-05-19,1,83.2,87.0,-3.799999999999997,3.799999999999997
KMIA,ECMWF,2026-05-19 00:00:00+00:00,2026-05-19,1,80.3,87.0,-6.700000000000003,6.700000000000003
KMIA,GFS,2026-05-18 06:00:00+00:00,2026-05-19,1,81.9,87.0,-5.099999999999994,5.099999999999994
KMIA,GFS,2026-05-18 12:00:00+00:00,2026-05-19,1,81.8,87.0,-5.200000000000003,5.200000000000003
KMIA,GFS,2026-05-18 18:00:00+00:00,2026-05-19,1,83.8,87.0,-3.200000000000003,3.200000000000003
KMIA,GFS,2026-05-19 00:00:00+00:00,2026-05-19,1,82.7,87.0,-4.299999999999997,4.299999999999997
KMIA,HRRR,2026-05-18 18:00:00+00:00,2026-05-19,1,76.67402465820317,87.0,-10.325975341796834,10.325975341796834
KMIA,HRRR,2026-05-18 21:00:00+00:00,2026-05-19,1,76.39771850585942,87.0,-10.602281494140584,10.602281494140584
KMIA,HRRR,2026-05-18 22:00:00+00:00,2026-05-19,1,76.13119018554691,87.0,-10.868809814453087,10.868809814453087
KMIA,HRRR,2026-05-19 00:00:00+00:00,2026-05-19,1,76.38596313476566,87.0,-10.61403686523434,10.61403686523434
KMIA,HRRR,2026-05-19 01:00:00+00:00,2026-05-19,1,76.9078686523438,87.0,-10.092131347656206,10.092131347656206
KMIA,HRRR,2026-05-19 02:00:00+00:00,2026-05-19,1,76.9704907226563,87.0,-10.029509277343706,10.029509277343706
KMIA,HRRR,2026-05-19 03:00:00+00:00,2026-05-19,1,77.77902954101566,87.0,-9.22097045898434,9.22097045898434
KMIA,NBM,2026-05-18 06:00:00+00:00,2026-05-19,1,86.81001098632817,87.0,-0.18998901367183407,0.18998901367183407
KMIA,NBM,2026-05-18 12:00:00+00:00,2026-05-19,1,86.81001098632817,87.0,-0.18998901367183407,0.18998901367183407
KMIA,NBM,2026-05-18 18:00:00+00:00,2026-05-19,1,86.2699780273438,87.0,-0.7300219726562034,0.7300219726562034
KMIA,NBM,2026-05-19 00:00:00+00:00,2026-05-19,1,85.91001098632816,87.0,-1.0899890136718398,1.0899890136718398
KMIA,ECMWF,2026-05-17 06:00:00+00:00,2026-05-19,2,84.3,87.0,-2.700000000000003,2.700000000000003
KMIA,ECMWF,2026-05-17 12:00:00+00:00,2026-05-19,2,84.2,87.0,-2.799999999999997,2.799999999999997
KMIA,ECMWF,2026-05-17 18:00:00+00:00,2026-05-19,2,84.2,87.0,-2.799999999999997,2.799999999999997
KMIA,ECMWF,2026-05-18 00:00:00+00:00,2026-05-19,2,84.4,87.0,-2.5999999999999943,2.5999999999999943
KMIA,GFS,2026-05-17 06:00:00+00:00,2026-05-19,2,87.8,87.0,0.7999999999999972,0.7999999999999972
KMIA,GFS,2026-05-17 12:00:00+00:00,2026-05-19,2,87.8,87.0,0.7999999999999972,0.7999999999999972
KMIA,GFS,2026-05-17 18:00:00+00:00,2026-05-19,2,86.9,87.0,-0.09999999999999432,0.09999999999999432
KMIA,GFS,2026-05-18 00:00:00+00:00,2026-05-19,2,86.9,87.0,-0.09999999999999432,0.09999999999999432
KMIA,NBM,2026-05-17 06:00:00+00:00,2026-05-19,2,87.53000000000004,87.0,0.5300000000000438,0.5300000000000438
KMIA,NBM,2026-05-17 12:00:00+00:00,2026-05-19,2,87.71001098632817,87.0,0.7100109863281716,0.7100109863281716
KMIA,NBM,2026-05-17 18:00:00+00:00,2026-05-19,2,87.16997802734379,87.0,0.16997802734378809,0.16997802734378809
KMIA,NBM,2026-05-18 00:00:00+00:00,2026-05-19,2,86.9900219726563,87.0,-0.00997802734370623,0.00997802734370623
KMIA,ECMWF,2026-05-16 06:00:00+00:00,2026-05-19,3,84.3,87.0,-2.700000000000003,2.700000000000003
KMIA,ECMWF,2026-05-16 12:00:00+00:00,2026-05-19,3,84.3,87.0,-2.700000000000003,2.700000000000003
KMIA,ECMWF,2026-05-16 18:00:00+00:00,2026-05-19,3,84.7,87.0,-2.299999999999997,2.299999999999997
KMIA,ECMWF,2026-05-17 00:00:00+00:00,2026-05-19,3,84.5,87.0,-2.5,2.5
KMIA,GFS,2026-05-16 06:00:00+00:00,2026-05-19,3,87.8,87.0,0.7999999999999972,0.7999999999999972
KMIA,GFS,2026-05-16 12:00:00+00:00,2026-05-19,3,87.6,87.0,0.5999999999999943,0.5999999999999943
KMIA,GFS,2026-05-16 18:00:00+00:00,2026-05-19,3,87.6,87.0,0.5999999999999943,0.5999999999999943
KMIA,GFS,2026-05-17 00:00:00+00:00,2026-05-19,3,87.4,87.0,0.4000000000000057,0.4000000000000057
KMIA,NBM,2026-05-16 06:00:00+00:00,2026-05-19,3,87.34998901367192,87.0,0.3499890136719159,0.3499890136719159
KMIA,NBM,2026-05-16 12:00:00+00:00,2026-05-19,3,87.34998901367192,87.0,0.3499890136719159,0.3499890136719159
KMIA,NBM,2026-05-16 18:00:00+00:00,2026-05-19,3,87.34998901367192,87.0,0.3499890136719159,0.3499890136719159
KMIA,NBM,2026-05-17 00:00:00+00:00,2026-05-19,3,87.34998901367192,87.0,0.3499890136719159,0.3499890136719159
KMIA,ECMWF,2026-05-15 06:00:00+00:00,2026-05-19,4,84.3,87.0,-2.700000000000003,2.700000000000003
KMIA,ECMWF,2026-05-15 12:00:00+00:00,2026-05-19,4,84.6,87.0,-2.4000000000000057,2.4000000000000057
KMIA,ECMWF,2026-05-15 18:00:00+00:00,2026-05-19,4,84.0,87.0,-3.0,3.0
KMIA,ECMWF,2026-05-16 00:00:00+00:00,2026-05-19,4,84.3,87.0,-2.700000000000003,2.700000000000003
KMIA,GFS,2026-05-15 06:00:00+00:00,2026-05-19,4,88.3,87.0,1.2999999999999972,1.2999999999999972
KMIA,GFS,2026-05-15 12:00:00+00:00,2026-05-19,4,88.1,87.0,1.0999999999999943,1.0999999999999943
KMIA,GFS,2026-05-15 18:00:00+00:00,2026-05-19,4,88.3,87.0,1.2999999999999972,1.2999999999999972
KMIA,GFS,2026-05-16 00:00:00+00:00,2026-05-19,4,87.8,87.0,0.7999999999999972,0.7999999999999972
KMIA,NBM,2026-05-15 06:00:00+00:00,2026-05-19,4,87.53000000000004,87.0,0.5300000000000438,0.5300000000000438
KMIA,NBM,2026-05-15 12:00:00+00:00,2026-05-19,4,87.53000000000004,87.0,0.5300000000000438,0.5300000000000438
KMIA,NBM,2026-05-15 18:00:00+00:00,2026-05-19,4,87.16997802734379,87.0,0.16997802734378809,0.16997802734378809
KMIA,NBM,2026-05-16 00:00:00+00:00,2026-05-19,4,86.9900219726563,87.0,-0.00997802734370623,0.00997802734370623
KMIA,ECMWF,2026-05-14 06:00:00+00:00,2026-05-19,5,85.2,87.0,-1.7999999999999972,1.7999999999999972
KMIA,ECMWF,2026-05-14 12:00:00+00:00,2026-05-19,5,85.2,87.0,-1.7999999999999972,1.7999999999999972
KMIA,ECMWF,2026-05-14 18:00:00+00:00,2026-05-19,5,85.1,87.0,-1.9000000000000057,1.9000000000000057
KMIA,ECMWF,2026-05-15 00:00:00+00:00,2026-05-19,5,84.8,87.0,-2.200000000000003,2.200000000000003
KMIA,GFS,2026-05-14 06:00:00+00:00,2026-05-19,5,88.1,87.0,1.0999999999999943,1.0999999999999943
KMIA,GFS,2026-05-14 12:00:00+00:00,2026-05-19,5,87.6,87.0,0.5999999999999943,0.5999999999999943
KMIA,GFS,2026-05-14 18:00:00+00:00,2026-05-19,5,87.1,87.0,0.09999999999999432,0.09999999999999432
KMIA,GFS,2026-05-15 00:00:00+00:00,2026-05-19,5,87.7,87.0,0.7000000000000028,0.7000000000000028
KMIA,NBM,2026-05-14 06:00:00+00:00,2026-05-19,5,87.34998901367192,87.0,0.3499890136719159,0.3499890136719159
KMIA,NBM,2026-05-14 12:00:00+00:00,2026-05-19,5,87.53000000000004,87.0,0.5300000000000438,0.5300000000000438
KMIA,NBM,2026-05-14 18:00:00+00:00,2026-05-19,5,86.9900219726563,87.0,-0.00997802734370623,0.00997802734370623
KMIA,NBM,2026-05-15 00:00:00+00:00,2026-05-19,5,86.9900219726563,87.0,-0.00997802734370623,0.00997802734370623
KMIA,ECMWF,2026-05-13 06:00:00+00:00,2026-05-19,6,84.8,87.0,-2.200000000000003,2.200000000000003
KMIA,ECMWF,2026-05-13 12:00:00+00:00,2026-05-19,6,84.5,87.0,-2.5,2.5
KMIA,ECMWF,2026-05-13 18:00:00+00:00,2026-05-19,6,84.5,87.0,-2.5,2.5
KMIA,ECMWF,2026-05-14 00:00:00+00:00,2026-05-19,6,84.6,87.0,-2.4000000000000057,2.4000000000000057
KMIA,GFS,2026-05-13 06:00:00+00:00,2026-05-19,6,86.9,87.0,-0.09999999999999432,0.09999999999999432
KMIA,GFS,2026-05-13 12:00:00+00:00,2026-05-19,6,88.3,87.0,1.2999999999999972,1.2999999999999972
KMIA,GFS,2026-05-13 18:00:00+00:00,2026-05-19,6,87.3,87.0,0.29999999999999716,0.29999999999999716
KMIA,GFS,2026-05-14 00:00:00+00:00,2026-05-19,6,87.9,87.0,0.9000000000000057,0.9000000000000057
KMIA,NBM,2026-05-13 06:00:00+00:00,2026-05-19,6,87.71001098632817,87.0,0.7100109863281716,0.7100109863281716
KMIA,NBM,2026-05-13 12:00:00+00:00,2026-05-19,6,86.9900219726563,87.0,-0.00997802734370623,0.00997802734370623
KMIA,NBM,2026-05-13 18:00:00+00:00,2026-05-19,6,87.34998901367192,87.0,0.3499890136719159,0.3499890136719159
KMIA,NBM,2026-05-14 00:00:00+00:00,2026-05-19,6,87.34998901367192,87.0,0.3499890136719159,0.3499890136719159
KMIA,ECMWF,2026-05-12 06:00:00+00:00,2026-05-19,7,86.8,87.0,-0.20000000000000284,0.20000000000000284
KMIA,ECMWF,2026-05-12 12:00:00+00:00,2026-05-19,7,86.8,87.0,-0.20000000000000284,0.20000000000000284
KMIA,ECMWF,2026-05-12 18:00:00+00:00,2026-05-19,7,86.8,87.0,-0.20000000000000284,0.20000000000000284
KMIA,ECMWF,2026-05-13 00:00:00+00:00,2026-05-19,7,84.8,87.0,-2.200000000000003,2.200000000000003
KMIA,GFS,2026-05-12 06:00:00+00:00,2026-05-19,7,87.2,87.0,0.20000000000000284,0.20000000000000284
KMIA,GFS,2026-05-12 12:00:00+00:00,2026-05-19,7,87.8,87.0,0.7999999999999972,0.7999999999999972
KMIA,GFS,2026-05-12 18:00:00+00:00,2026-05-19,7,87.2,87.0,0.20000000000000284,0.20000000000000284
KMIA,GFS,2026-05-13 00:00:00+00:00,2026-05-19,7,88.0,87.0,1.0,1.0
KMIA,NBM,2026-05-12 06:00:00+00:00,2026-05-19,7,87.71001098632817,87.0,0.7100109863281716,0.7100109863281716
KMIA,NBM,2026-05-12 12:00:00+00:00,2026-05-19,7,87.53000000000004,87.0,0.5300000000000438,0.5300000000000438
KMIA,NBM,2026-05-12 18:00:00+00:00,2026-05-19,7,87.53000000000004,87.0,0.5300000000000438,0.5300000000000438
KMIA,NBM,2026-05-13 00:00:00+00:00,2026-05-19,7,87.53000000000004,87.0,0.5300000000000438,0.5300000000000438
KNYC,ECMWF,2026-05-19 06:00:00+00:00,2026-05-19,0,99.9,93.0,6.900000000000006,6.900000000000006
KNYC,ECMWF,2026-05-19 12:00:00+00:00,2026-05-19,0,99.5,93.0,6.5,6.5
KNYC,ECMWF,2026-05-19 18:00:00+00:00,2026-05-19,0,98.9,93.0,5.900000000000006,5.900000000000006
KNYC,ECMWF,2026-05-20 00:00:00+00:00,2026-05-19,0,82.7,93.0,-10.299999999999997,10.299999999999997
KNYC,GFS,2026-05-19 06:00:00+00:00,2026-05-19,0,97.9,93.0,4.900000000000006,4.900000000000006
KNYC,GFS,2026-05-19 12:00:00+00:00,2026-05-19,0,97.5,93.0,4.5,4.5
KNYC,GFS,2026-05-19 18:00:00+00:00,2026-05-19,0,96.2,93.0,3.200000000000003,3.200000000000003
KNYC,GFS,2026-05-20 00:00:00+00:00,2026-05-19,0,87.3,93.0,-5.700000000000003,5.700000000000003
KNYC,HRRR,2026-05-19 04:00:00+00:00,2026-05-19,0,87.24798095703129,93.0,-5.752019042968712,5.752019042968712
KNYC,HRRR,2026-05-19 05:00:00+00:00,2026-05-19,0,87.67990844726566,93.0,-5.32009155273434,5.32009155273434
KNYC,HRRR,2026-05-19 06:00:00+00:00,2026-05-19,0,98.11867797851566,93.0,5.118677978515663,5.118677978515663
KNYC,HRRR,2026-05-19 07:00:00+00:00,2026-05-19,0,94.88430297851566,93.0,1.884302978515663,1.884302978515663
KNYC,HRRR,2026-05-19 08:00:00+00:00,2026-05-19,0,97.08332641601567,93.0,4.083326416015666,4.083326416015666
KNYC,HRRR,2026-05-19 09:00:00+00:00,2026-05-19,0,97.18061035156254,93.0,4.180610351562535,4.180610351562535
KNYC,HRRR,2026-05-19 10:00:00+00:00,2026-05-19,0,97.63604858398442,93.0,4.636048583984419,4.636048583984419
KNYC,HRRR,2026-05-19 11:00:00+00:00,2026-05-19,0,97.53903930664066,93.0,4.53903930664066,4.53903930664066
KNYC,HRRR,2026-05-19 12:00:00+00:00,2026-05-19,0,96.98406494140629,93.0,3.984064941406288,3.984064941406288
KNYC,HRRR,2026-05-19 13:00:00+00:00,2026-05-19,0,97.07255981445317,93.0,4.072559814453172,4.072559814453172
KNYC,HRRR,2026-05-19 14:00:00+00:00,2026-05-19,0,96.71803100585942,93.0,3.718031005859416,3.718031005859416
KNYC,HRRR,2026-05-19 15:00:00+00:00,2026-05-19,0,96.53076904296879,93.0,3.5307690429687852,3.5307690429687852
KNYC,HRRR,2026-05-19 16:00:00+00:00,2026-05-19,0,96.37729003906254,93.0,3.3772900390625438,3.3772900390625438
KNYC,HRRR,2026-05-19 17:00:00+00:00,2026-05-19,0,96.23682983398442,93.0,3.236829833984416,3.236829833984416
KNYC,HRRR,2026-05-19 18:00:00+00:00,2026-05-19,0,96.44831665039067,93.0,3.448316650390666,3.448316650390666
KNYC,HRRR,2026-05-19 19:00:00+00:00,2026-05-19,0,95.81555908203129,93.0,2.8155590820312852,2.8155590820312852
KNYC,HRRR,2026-05-19 20:00:00+00:00,2026-05-19,0,95.1051831054688,93.0,2.1051831054687966,2.1051831054687966
KNYC,HRRR,2026-05-19 21:00:00+00:00,2026-05-19,0,94.1812329101563,93.0,1.1812329101562966,1.1812329101562966
KNYC,HRRR,2026-05-19 22:00:00+00:00,2026-05-19,0,91.18438232421879,93.0,-1.815617675781212,1.815617675781212
KNYC,HRRR,2026-05-19 23:00:00+00:00,2026-05-19,0,87.8645336914063,93.0,-5.135466308593706,5.135466308593706
KNYC,HRRR,2026-05-20 00:00:00+00:00,2026-05-19,0,86.44218872070317,93.0,-6.557811279296828,6.557811279296828
KNYC,HRRR,2026-05-20 01:00:00+00:00,2026-05-19,0,83.99712646484379,93.0,-9.002873535156212,9.002873535156212
KNYC,HRRR,2026-05-20 02:00:00+00:00,2026-05-19,0,82.4390454101563,93.0,-10.560954589843703,10.560954589843703
KNYC,NBM,2026-05-19 06:00:00+00:00,2026-05-19,0,96.71001098632817,93.0,3.7100109863281716,3.7100109863281716
KNYC,NBM,2026-05-19 12:00:00+00:00,2026-05-19,0,97.0699780273438,93.0,4.069978027343794,4.069978027343794
KNYC,ECMWF,2026-05-18 06:00:00+00:00,2026-05-19,1,99.6,93.0,6.599999999999994,6.599999999999994
KNYC,ECMWF,2026-05-18 12:00:00+00:00,2026-05-19,1,100.0,93.0,7.0,7.0
KNYC,ECMWF,2026-05-18 18:00:00+00:00,2026-05-19,1,98.8,93.0,5.799999999999997,5.799999999999997
KNYC,ECMWF,2026-05-19 00:00:00+00:00,2026-05-19,1,100.1,93.0,7.099999999999994,7.099999999999994
KNYC,GFS,2026-05-18 06:00:00+00:00,2026-05-19,1,97.2,93.0,4.200000000000003,4.200000000000003
KNYC,GFS,2026-05-18 12:00:00+00:00,2026-05-19,1,97.3,93.0,4.299999999999997,4.299999999999997
KNYC,GFS,2026-05-18 18:00:00+00:00,2026-05-19,1,96.6,93.0,3.5999999999999943,3.5999999999999943
KNYC,GFS,2026-05-19 00:00:00+00:00,2026-05-19,1,97.3,93.0,4.299999999999997,4.299999999999997
KNYC,HRRR,2026-05-18 18:00:00+00:00,2026-05-19,1,71.17295043945316,93.0,-21.82704956054684,21.82704956054684
KNYC,HRRR,2026-05-18 21:00:00+00:00,2026-05-19,1,73.17542846679692,93.0,-19.824571533203084,19.824571533203084
KNYC,HRRR,2026-05-18 22:00:00+00:00,2026-05-19,1,74.54860961914066,93.0,-18.451390380859337,18.451390380859337
KNYC,HRRR,2026-05-19 00:00:00+00:00,2026-05-19,1,75.48596313476567,93.0,-17.51403686523433,17.51403686523433
KNYC,HRRR,2026-05-19 01:00:00+00:00,2026-05-19,1,75.55786865234379,93.0,-17.442131347656215,17.442131347656215
KNYC,HRRR,2026-05-19 02:00:00+00:00,2026-05-19,1,75.2829907226563,93.0,-17.717009277343706,17.717009277343706
KNYC,HRRR,2026-05-19 03:00:00+00:00,2026-05-19,1,75.30402954101567,93.0,-17.695970458984334,17.695970458984334
KNYC,NBM,2026-05-18 06:00:00+00:00,2026-05-19,1,97.0699780273438,93.0,4.069978027343794,4.069978027343794
KNYC,NBM,2026-05-18 12:00:00+00:00,2026-05-19,1,97.24998901367192,93.0,4.249989013671922,4.249989013671922
KNYC,NBM,2026-05-18 18:00:00+00:00,2026-05-19,1,97.43000000000004,93.0,4.430000000000035,4.430000000000035
KNYC,NBM,2026-05-19 00:00:00+00:00,2026-05-19,1,96.71001098632817,93.0,3.7100109863281716,3.7100109863281716
KNYC,ECMWF,2026-05-17 06:00:00+00:00,2026-05-19,2,97.5,93.0,4.5,4.5
KNYC,ECMWF,2026-05-17 12:00:00+00:00,2026-05-19,2,98.3,93.0,5.299999999999997,5.299999999999997
KNYC,ECMWF,2026-05-17 18:00:00+00:00,2026-05-19,2,99.3,93.0,6.299999999999997,6.299999999999997
KNYC,ECMWF,2026-05-18 00:00:00+00:00,2026-05-19,2,99.0,93.0,6.0,6.0
KNYC,GFS,2026-05-17 06:00:00+00:00,2026-05-19,2,96.4,93.0,3.4000000000000057,3.4000000000000057
KNYC,GFS,2026-05-17 12:00:00+00:00,2026-05-19,2,96.2,93.0,3.200000000000003,3.200000000000003
KNYC,GFS,2026-05-17 18:00:00+00:00,2026-05-19,2,96.9,93.0,3.9000000000000057,3.9000000000000057
KNYC,GFS,2026-05-18 00:00:00+00:00,2026-05-19,2,96.9,93.0,3.9000000000000057,3.9000000000000057
KNYC,NBM,2026-05-17 06:00:00+00:00,2026-05-19,2,96.34998901367192,93.0,3.349989013671916,3.349989013671916
KNYC,NBM,2026-05-17 12:00:00+00:00,2026-05-19,2,96.71001098632817,93.0,3.7100109863281716,3.7100109863281716
KNYC,NBM,2026-05-17 18:00:00+00:00,2026-05-19,2,96.89002197265629,93.0,3.8900219726562852,3.8900219726562852
KNYC,NBM,2026-05-18 00:00:00+00:00,2026-05-19,2,96.89002197265629,93.0,3.8900219726562852,3.8900219726562852
KNYC,ECMWF,2026-05-16 06:00:00+00:00,2026-05-19,3,98.2,93.0,5.200000000000003,5.200000000000003
KNYC,ECMWF,2026-05-16 12:00:00+00:00,2026-05-19,3,90.9,93.0,-2.0999999999999943,2.0999999999999943
KNYC,ECMWF,2026-05-16 18:00:00+00:00,2026-05-19,3,97.1,93.0,4.099999999999994,4.099999999999994
KNYC,ECMWF,2026-05-17 00:00:00+00:00,2026-05-19,3,98.8,93.0,5.799999999999997,5.799999999999997
KNYC,GFS,2026-05-16 06:00:00+00:00,2026-05-19,3,95.5,93.0,2.5,2.5
KNYC,GFS,2026-05-16 12:00:00+00:00,2026-05-19,3,96.0,93.0,3.0,3.0
KNYC,GFS,2026-05-16 18:00:00+00:00,2026-05-19,3,96.0,93.0,3.0,3.0
KNYC,GFS,2026-05-17 00:00:00+00:00,2026-05-19,3,95.8,93.0,2.799999999999997,2.799999999999997
KNYC,NBM,2026-05-16 06:00:00+00:00,2026-05-19,3,95.81001098632817,93.0,2.810010986328166,2.810010986328166
KNYC,NBM,2026-05-16 12:00:00+00:00,2026-05-19,3,95.63000000000004,93.0,2.630000000000038,2.630000000000038
KNYC,NBM,2026-05-16 18:00:00+00:00,2026-05-19,3,96.53000000000004,93.0,3.5300000000000438,3.5300000000000438
KNYC,NBM,2026-05-17 00:00:00+00:00,2026-05-19,3,96.89002197265629,93.0,3.8900219726562852,3.8900219726562852
KNYC,ECMWF,2026-05-15 06:00:00+00:00,2026-05-19,4,95.8,93.0,2.799999999999997,2.799999999999997
KNYC,ECMWF,2026-05-15 12:00:00+00:00,2026-05-19,4,95.7,93.0,2.700000000000003,2.700000000000003
KNYC,ECMWF,2026-05-15 18:00:00+00:00,2026-05-19,4,95.7,93.0,2.700000000000003,2.700000000000003
KNYC,ECMWF,2026-05-16 00:00:00+00:00,2026-05-19,4,97.2,93.0,4.200000000000003,4.200000000000003
KNYC,GFS,2026-05-15 06:00:00+00:00,2026-05-19,4,94.6,93.0,1.5999999999999943,1.5999999999999943
KNYC,GFS,2026-05-15 12:00:00+00:00,2026-05-19,4,94.6,93.0,1.5999999999999943,1.5999999999999943
KNYC,GFS,2026-05-15 18:00:00+00:00,2026-05-19,4,94.8,93.0,1.7999999999999972,1.7999999999999972
KNYC,GFS,2026-05-16 00:00:00+00:00,2026-05-19,4,95.5,93.0,2.5,2.5
KNYC,NBM,2026-05-15 06:00:00+00:00,2026-05-19,4,94.54998901367192,93.0,1.5499890136719188,1.5499890136719188
KNYC,NBM,2026-05-15 12:00:00+00:00,2026-05-19,4,93.83000000000004,93.0,0.8300000000000409,0.8300000000000409
KNYC,NBM,2026-05-15 18:00:00+00:00,2026-05-19,4,95.63000000000004,93.0,2.630000000000038,2.630000000000038
KNYC,NBM,2026-05-16 00:00:00+00:00,2026-05-19,4,95.9900219726563,93.0,2.9900219726562938,2.9900219726562938
KNYC,ECMWF,2026-05-14 06:00:00+00:00,2026-05-19,5,93.9,93.0,0.9000000000000057,0.9000000000000057
KNYC,ECMWF,2026-05-14 12:00:00+00:00,2026-05-19,5,93.0,93.0,0.0,0.0
KNYC,ECMWF,2026-05-14 18:00:00+00:00,2026-05-19,5,95.2,93.0,2.200000000000003,2.200000000000003
KNYC,ECMWF,2026-05-15 00:00:00+00:00,2026-05-19,5,93.7,93.0,0.7000000000000028,0.7000000000000028
KNYC,GFS,2026-05-14 06:00:00+00:00,2026-05-19,5,94.4,93.0,1.4000000000000057,1.4000000000000057
KNYC,GFS,2026-05-14 12:00:00+00:00,2026-05-19,5,96.4,93.0,3.4000000000000057,3.4000000000000057
KNYC,GFS,2026-05-14 18:00:00+00:00,2026-05-19,5,94.6,93.0,1.5999999999999943,1.5999999999999943
KNYC,GFS,2026-05-15 00:00:00+00:00,2026-05-19,5,94.3,93.0,1.2999999999999972,1.2999999999999972
KNYC,NBM,2026-05-14 06:00:00+00:00,2026-05-19,5,92.5699780273438,93.0,-0.43002197265620623,0.43002197265620623
KNYC,NBM,2026-05-14 12:00:00+00:00,2026-05-19,5,93.83000000000004,93.0,0.8300000000000409,0.8300000000000409
KNYC,NBM,2026-05-14 18:00:00+00:00,2026-05-19,5,94.54998901367192,93.0,1.5499890136719188,1.5499890136719188
KNYC,NBM,2026-05-15 00:00:00+00:00,2026-05-19,5,95.09002197265629,93.0,2.090021972656288,2.090021972656288
KNYC,ECMWF,2026-05-13 06:00:00+00:00,2026-05-19,6,91.2,93.0,-1.7999999999999972,1.7999999999999972
KNYC,ECMWF,2026-05-13 12:00:00+00:00,2026-05-19,6,90.5,93.0,-2.5,2.5
KNYC,ECMWF,2026-05-13 18:00:00+00:00,2026-05-19,6,90.5,93.0,-2.5,2.5
KNYC,ECMWF,2026-05-14 00:00:00+00:00,2026-05-19,6,90.0,93.0,-3.0,3.0
KNYC,GFS,2026-05-13 06:00:00+00:00,2026-05-19,6,79.5,93.0,-13.5,13.5
KNYC,GFS,2026-05-13 12:00:00+00:00,2026-05-19,6,93.3,93.0,0.29999999999999716,0.29999999999999716
KNYC,GFS,2026-05-13 18:00:00+00:00,2026-05-19,6,92.7,93.0,-0.29999999999999716,0.29999999999999716
KNYC,GFS,2026-05-14 00:00:00+00:00,2026-05-19,6,93.8,93.0,0.7999999999999972,0.7999999999999972
KNYC,NBM,2026-05-13 06:00:00+00:00,2026-05-19,6,90.7699780273438,93.0,-2.2300219726562034,2.2300219726562034
KNYC,NBM,2026-05-13 12:00:00+00:00,2026-05-19,6,90.7699780273438,93.0,-2.2300219726562034,2.2300219726562034
KNYC,NBM,2026-05-13 18:00:00+00:00,2026-05-19,6,90.7699780273438,93.0,-2.2300219726562034,2.2300219726562034
KNYC,NBM,2026-05-14 00:00:00+00:00,2026-05-19,6,92.03000000000004,93.0,-0.9699999999999562,0.9699999999999562
KNYC,ECMWF,2026-05-12 06:00:00+00:00,2026-05-19,7,91.0,93.0,-2.0,2.0
KNYC,ECMWF,2026-05-12 12:00:00+00:00,2026-05-19,7,92.5,93.0,-0.5,0.5
KNYC,ECMWF,2026-05-12 18:00:00+00:00,2026-05-19,7,92.5,93.0,-0.5,0.5
KNYC,ECMWF,2026-05-13 00:00:00+00:00,2026-05-19,7,91.2,93.0,-1.7999999999999972,1.7999999999999972
KNYC,GFS,2026-05-12 06:00:00+00:00,2026-05-19,7,83.4,93.0,-9.599999999999994,9.599999999999994
KNYC,GFS,2026-05-12 12:00:00+00:00,2026-05-19,7,95.6,93.0,2.5999999999999943,2.5999999999999943
KNYC,GFS,2026-05-12 18:00:00+00:00,2026-05-19,7,82.9,93.0,-10.099999999999994,10.099999999999994
KNYC,GFS,2026-05-13 00:00:00+00:00,2026-05-19,7,85.9,93.0,-7.099999999999994,7.099999999999994
KNYC,NBM,2026-05-12 06:00:00+00:00,2026-05-19,7,91.13000000000004,93.0,-1.869999999999962,1.869999999999962
KNYC,NBM,2026-05-12 12:00:00+00:00,2026-05-19,7,90.04998901367192,93.0,-2.9500109863280812,2.9500109863280812
KNYC,NBM,2026-05-12 18:00:00+00:00,2026-05-19,7,90.7699780273438,93.0,-2.2300219726562034,2.2300219726562034
KNYC,NBM,2026-05-13 00:00:00+00:00,2026-05-19,7,88.43000000000004,93.0,-4.569999999999965,4.569999999999965
KORD,ECMWF,2026-05-19 06:00:00+00:00,2026-05-19,0,78.6,79.0,-0.4000000000000057,0.4000000000000057
KORD,ECMWF,2026-05-19 12:00:00+00:00,2026-05-19,0,75.8,79.0,-3.200000000000003,3.200000000000003
KORD,ECMWF,2026-05-19 18:00:00+00:00,2026-05-19,0,78.3,79.0,-0.7000000000000028,0.7000000000000028
KORD,ECMWF,2026-05-20 00:00:00+00:00,2026-05-19,0,68.4,79.0,-10.599999999999994,10.599999999999994
KORD,GFS,2026-05-19 06:00:00+00:00,2026-05-19,0,78.9,79.0,-0.09999999999999432,0.09999999999999432
KORD,GFS,2026-05-19 12:00:00+00:00,2026-05-19,0,79.0,79.0,0.0,0.0
KORD,GFS,2026-05-19 18:00:00+00:00,2026-05-19,0,76.4,79.0,-2.5999999999999943,2.5999999999999943
KORD,GFS,2026-05-20 00:00:00+00:00,2026-05-19,0,67.1,79.0,-11.900000000000006,11.900000000000006
KORD,HRRR,2026-05-19 05:00:00+00:00,2026-05-19,0,70.91740844726567,79.0,-8.082591552734328,8.082591552734328
KORD,HRRR,2026-05-19 06:00:00+00:00,2026-05-19,0,80.34367797851567,79.0,1.3436779785156716,1.3436779785156716
KORD,HRRR,2026-05-19 07:00:00+00:00,2026-05-19,0,76.77180297851567,79.0,-2.228197021484334,2.228197021484334
KORD,HRRR,2026-05-19 08:00:00+00:00,2026-05-19,0,82.34582641601567,79.0,3.3458264160156688,3.3458264160156688
KORD,HRRR,2026-05-19 09:00:00+00:00,2026-05-19,0,81.88061035156254,79.0,2.880610351562538,2.880610351562538
KORD,HRRR,2026-05-19 10:00:00+00:00,2026-05-19,0,79.11617553710941,79.0,0.11617553710941309,0.11617553710941309
KORD,HRRR,2026-05-19 11:00:00+00:00,2026-05-19,0,78.86403930664066,79.0,-0.13596069335933691,0.13596069335933691
KORD,HRRR,2026-05-19 12:00:00+00:00,2026-05-19,0,78.53406494140629,79.0,-0.46593505859371476,0.46593505859371476
KORD,HRRR,2026-05-19 13:00:00+00:00,2026-05-19,0,79.24416625976566,79.0,0.24416625976566309,0.24416625976566309
KORD,HRRR,2026-05-19 14:00:00+00:00,2026-05-19,0,79.23702514648441,79.0,0.23702514648441309,0.23702514648441309
KORD,HRRR,2026-05-19 15:00:00+00:00,2026-05-19,0,77.37160156250005,79.0,-1.6283984374999534,1.6283984374999534
KORD,HRRR,2026-05-19 16:00:00+00:00,2026-05-19,0,76.99740722656254,79.0,-2.0025927734374562,2.0025927734374562
KORD,HRRR,2026-05-19 17:00:00+00:00,2026-05-19,0,78.46122558593754,79.0,-0.5387744140624591,0.5387744140624591
KORD,HRRR,2026-05-19 18:00:00+00:00,2026-05-19,0,78.72489746093754,79.0,-0.2751025390624591,0.2751025390624591
KORD,HRRR,2026-05-19 19:00:00+00:00,2026-05-19,0,77.4780590820313,79.0,-1.5219409179687062,1.5219409179687062
KORD,HRRR,2026-05-19 20:00:00+00:00,2026-05-19,0,76.43018310546879,79.0,-2.5698168945312148,2.5698168945312148
KORD,HRRR,2026-05-19 21:00:00+00:00,2026-05-19,0,73.9312329101563,79.0,-5.068767089843703,5.068767089843703
KORD,HRRR,2026-05-19 22:00:00+00:00,2026-05-19,0,70.25938232421879,79.0,-8.740617675781209,8.740617675781209
KORD,HRRR,2026-05-19 23:00:00+00:00,2026-05-19,0,67.27703369140629,79.0,-11.722966308593712,11.722966308593712
KORD,HRRR,2026-05-20 00:00:00+00:00,2026-05-19,0,65.40468872070316,79.0,-13.595311279296837,13.595311279296837
KORD,HRRR,2026-05-20 01:00:00+00:00,2026-05-19,0,63.97212646484379,79.0,-15.02787353515621,15.02787353515621
KORD,HRRR,2026-05-20 02:00:00+00:00,2026-05-19,0,62.52654541015629,79.0,-16.473454589843712,16.473454589843712
KORD,HRRR,2026-05-20 03:00:00+00:00,2026-05-19,0,61.34524047851566,79.0,-17.654759521484337,17.654759521484337
KORD,NBM,2026-05-19 06:00:00+00:00,2026-05-19,0,80.51001098632817,79.0,1.5100109863281688,1.5100109863281688
KORD,NBM,2026-05-19 12:00:00+00:00,2026-05-19,0,81.04998901367192,79.0,2.0499890136719188,2.0499890136719188
KORD,ECMWF,2026-05-18 06:00:00+00:00,2026-05-19,1,78.7,79.0,-0.29999999999999716,0.29999999999999716
KORD,ECMWF,2026-05-18 12:00:00+00:00,2026-05-19,1,80.8,79.0,1.7999999999999972,1.7999999999999972
KORD,ECMWF,2026-05-18 18:00:00+00:00,2026-05-19,1,79.9,79.0,0.9000000000000057,0.9000000000000057
KORD,ECMWF,2026-05-19 00:00:00+00:00,2026-05-19,1,78.6,79.0,-0.4000000000000057,0.4000000000000057
KORD,GFS,2026-05-18 06:00:00+00:00,2026-05-19,1,80.7,79.0,1.7000000000000028,1.7000000000000028
KORD,GFS,2026-05-18 12:00:00+00:00,2026-05-19,1,80.9,79.0,1.9000000000000057,1.9000000000000057
KORD,GFS,2026-05-18 18:00:00+00:00,2026-05-19,1,81.1,79.0,2.0999999999999943,2.0999999999999943
KORD,GFS,2026-05-19 00:00:00+00:00,2026-05-19,1,78.4,79.0,-0.5999999999999943,0.5999999999999943
KORD,HRRR,2026-05-18 18:00:00+00:00,2026-05-19,1,68.69795043945317,79.0,-10.302049560546834,10.302049560546834
KORD,HRRR,2026-05-18 21:00:00+00:00,2026-05-19,1,66.83521850585942,79.0,-12.164781494140584,12.164781494140584
KORD,HRRR,2026-05-18 22:00:00+00:00,2026-05-19,1,66.33523071289066,79.0,-12.664769287109337,12.664769287109337
KORD,HRRR,2026-05-19 00:00:00+00:00,2026-05-19,1,67.59558227539067,79.0,-11.404417724609331,11.404417724609331
KORD,HRRR,2026-05-19 01:00:00+00:00,2026-05-19,1,66.70409667968754,79.0,-12.295903320312462,12.295903320312462
KORD,HRRR,2026-05-19 02:00:00+00:00,2026-05-19,1,67.92709472656254,79.0,-11.072905273437456,11.072905273437456
KORD,HRRR,2026-05-19 03:00:00+00:00,2026-05-19,1,68.04728515625004,79.0,-10.952714843749959,10.952714843749959
KORD,HRRR,2026-05-19 04:00:00+00:00,2026-05-19,1,71.15399902343754,79.0,-7.846000976562465,7.846000976562465
KORD,NBM,2026-05-18 06:00:00+00:00,2026-05-19,1,81.94998901367191,79.0,2.9499890136719102,2.9499890136719102
KORD,NBM,2026-05-18 12:00:00+00:00,2026-05-19,1,82.13000000000004,79.0,3.130000000000038,3.130000000000038
KORD,NBM,2026-05-18 18:00:00+00:00,2026-05-19,1,82.13000000000004,79.0,3.130000000000038,3.130000000000038
KORD,NBM,2026-05-19 00:00:00+00:00,2026-05-19,1,80.86997802734379,79.0,1.869978027343791,1.869978027343791
KORD,ECMWF,2026-05-17 06:00:00+00:00,2026-05-19,2,79.9,79.0,0.9000000000000057,0.9000000000000057
KORD,ECMWF,2026-05-17 12:00:00+00:00,2026-05-19,2,80.3,79.0,1.2999999999999972,1.2999999999999972
KORD,ECMWF,2026-05-17 18:00:00+00:00,2026-05-19,2,81.7,79.0,2.700000000000003,2.700000000000003
KORD,ECMWF,2026-05-18 00:00:00+00:00,2026-05-19,2,79.9,79.0,0.9000000000000057,0.9000000000000057
KORD,GFS,2026-05-17 06:00:00+00:00,2026-05-19,2,76.6,79.0,-2.4000000000000057,2.4000000000000057
KORD,GFS,2026-05-17 12:00:00+00:00,2026-05-19,2,76.8,79.0,-2.200000000000003,2.200000000000003
KORD,GFS,2026-05-17 18:00:00+00:00,2026-05-19,2,76.8,79.0,-2.200000000000003,2.200000000000003
KORD,GFS,2026-05-18 00:00:00+00:00,2026-05-19,2,77.1,79.0,-1.9000000000000057,1.9000000000000057
KORD,NBM,2026-05-17 06:00:00+00:00,2026-05-19,2,82.31001098632817,79.0,3.310010986328166,3.310010986328166
KORD,NBM,2026-05-17 12:00:00+00:00,2026-05-19,2,82.31001098632817,79.0,3.310010986328166,3.310010986328166
KORD,NBM,2026-05-17 18:00:00+00:00,2026-05-19,2,83.03000000000004,79.0,4.030000000000044,4.030000000000044
KORD,NBM,2026-05-18 00:00:00+00:00,2026-05-19,2,82.66997802734379,79.0,3.669978027343788,3.669978027343788
KORD,ECMWF,2026-05-16 06:00:00+00:00,2026-05-19,3,80.6,79.0,1.5999999999999943,1.5999999999999943
KORD,ECMWF,2026-05-16 12:00:00+00:00,2026-05-19,3,82.0,79.0,3.0,3.0
KORD,ECMWF,2026-05-16 18:00:00+00:00,2026-05-19,3,81.9,79.0,2.9000000000000057,2.9000000000000057
KORD,ECMWF,2026-05-17 00:00:00+00:00,2026-05-19,3,80.7,79.0,1.7000000000000028,1.7000000000000028
KORD,GFS,2026-05-16 06:00:00+00:00,2026-05-19,3,82.4,79.0,3.4000000000000057,3.4000000000000057
KORD,GFS,2026-05-16 12:00:00+00:00,2026-05-19,3,78.4,79.0,-0.5999999999999943,0.5999999999999943
KORD,GFS,2026-05-16 18:00:00+00:00,2026-05-19,3,78.4,79.0,-0.5999999999999943,0.5999999999999943
KORD,GFS,2026-05-17 00:00:00+00:00,2026-05-19,3,75.2,79.0,-3.799999999999997,3.799999999999997
KORD,NBM,2026-05-16 06:00:00+00:00,2026-05-19,3,85.1900219726563,79.0,6.190021972656297,6.190021972656297
KORD,NBM,2026-05-16 12:00:00+00:00,2026-05-19,3,84.46997802734379,79.0,5.469978027343785,5.469978027343785
KORD,NBM,2026-05-16 18:00:00+00:00,2026-05-19,3,83.5699780273438,79.0,4.569978027343794,4.569978027343794
KORD,NBM,2026-05-17 00:00:00+00:00,2026-05-19,3,82.31001098632817,79.0,3.310010986328166,3.310010986328166
KORD,ECMWF,2026-05-15 18:00:00+00:00,2026-05-19,4,78.9,79.0,-0.09999999999999432,0.09999999999999432
KORD,ECMWF,2026-05-16 00:00:00+00:00,2026-05-19,4,78.9,79.0,-0.09999999999999432,0.09999999999999432
KORD,GFS,2026-05-15 18:00:00+00:00,2026-05-19,4,77.7,79.0,-1.2999999999999972,1.2999999999999972
KORD,GFS,2026-05-16 00:00:00+00:00,2026-05-19,4,82.4,79.0,3.4000000000000057,3.4000000000000057
KORD,NBM,2026-05-15 12:00:00+00:00,2026-05-19,4,84.64998901367191,79.0,5.649989013671913,5.649989013671913
KORD,NBM,2026-05-15 18:00:00+00:00,2026-05-19,4,85.01001098632817,79.0,6.010010986328169,6.010010986328169
KORD,NBM,2026-05-16 00:00:00+00:00,2026-05-19,4,84.29002197265629,79.0,5.290021972656291,5.290021972656291
KLGA,ECMWF,2026-05-20 06:00:00+00:00,2026-05-20,0,91.9,96.0,-4.099999999999994,4.099999999999994
KLGA,ECMWF,2026-05-20 12:00:00+00:00,2026-05-20,0,96.3,96.0,0.29999999999999716,0.29999999999999716
KLGA,ECMWF,2026-05-20 18:00:00+00:00,2026-05-20,0,97.0,96.0,1.0,1.0
KLGA,ECMWF,2026-05-21 00:00:00+00:00,2026-05-20,0,75.1,96.0,-20.900000000000006,20.900000000000006
KLGA,GFS,2026-05-20 06:00:00+00:00,2026-05-20,0,93.3,96.0,-2.700000000000003,2.700000000000003
KLGA,GFS,2026-05-20 12:00:00+00:00,2026-05-20,0,94.1,96.0,-1.9000000000000057,1.9000000000000057
KLGA,GFS,2026-05-20 18:00:00+00:00,2026-05-20,0,94.2,96.0,-1.7999999999999972,1.7999999999999972
KLGA,GFS,2026-05-21 00:00:00+00:00,2026-05-20,0,76.7,96.0,-19.299999999999997,19.299999999999997
KLGA,HRRR,2026-05-20 04:00:00+00:00,2026-05-20,0,87.09005249023441,96.0,-8.909947509765587,8.909947509765587
KLGA,HRRR,2026-05-20 05:00:00+00:00,2026-05-20,0,91.08599975585942,96.0,-4.914000244140581,4.914000244140581
KLGA,HRRR,2026-05-20 06:00:00+00:00,2026-05-20,0,93.76402709960942,96.0,-2.2359729003905784,2.2359729003905784
KLGA,HRRR,2026-05-20 07:00:00+00:00,2026-05-20,0,93.70030639648442,96.0,-2.2996936035155784,2.2996936035155784
KLGA,HRRR,2026-05-20 08:00:00+00:00,2026-05-20,0,93.9713940429688,96.0,-2.0286059570312034,2.0286059570312034
KLGA,HRRR,2026-05-20 09:00:00+00:00,2026-05-20,0,93.61834838867192,96.0,-2.3816516113280812,2.3816516113280812
KLGA,HRRR,2026-05-20 10:00:00+00:00,2026-05-20,0,94.07224853515629,96.0,-1.927751464843709,1.927751464843709
KLGA,HRRR,2026-05-20 11:00:00+00:00,2026-05-20,0,94.47863281250004,96.0,-1.521367187499962,1.521367187499962
KLGA,HRRR,2026-05-20 12:00:00+00:00,2026-05-20,0,94.55833862304692,96.0,-1.4416613769530784,1.4416613769530784
KLGA,HRRR,2026-05-20 13:00:00+00:00,2026-05-20,0,94.65331542968754,96.0,-1.346684570312462,1.346684570312462
KLGA,HRRR,2026-05-20 14:00:00+00:00,2026-05-20,0,94.84645507812505,96.0,-1.1535449218749534,1.1535449218749534
KLGA,HRRR,2026-05-20 15:00:00+00:00,2026-05-20,0,93.84268920898441,96.0,-2.1573107910155898,2.1573107910155898
KLGA,HRRR,2026-05-20 16:00:00+00:00,2026-05-20,0,94.18447387695316,96.0,-1.815526123046837,1.815526123046837
KLGA,HRRR,2026-05-20 17:00:00+00:00,2026-05-20,0,94.12866333007817,96.0,-1.8713366699218312,1.8713366699218312
KLGA,HRRR,2026-05-20 18:00:00+00:00,2026-05-20,0,94.0267651367188,96.0,-1.9732348632812062,1.9732348632812062
KLGA,HRRR,2026-05-20 19:00:00+00:00,2026-05-20,0,93.53029296875005,96.0,-2.4697070312499534,2.4697070312499534
KLGA,HRRR,2026-05-20 20:00:00+00:00,2026-05-20,0,93.2089428710938,96.0,-2.7910571289062034,2.7910571289062034
KLGA,HRRR,2026-05-20 21:00:00+00:00,2026-05-20,0,90.85852783203129,96.0,-5.141472167968715,5.141472167968715
KLGA,HRRR,2026-05-20 22:00:00+00:00,2026-05-20,0,82.56335571289067,96.0,-13.436644287109331,13.436644287109331
KLGA,HRRR,2026-05-20 23:00:00+00:00,2026-05-20,0,76.62843139648442,96.0,-19.371568603515584,19.371568603515584
KLGA,HRRR,2026-05-21 00:00:00+00:00,2026-05-20,0,72.99997680664066,96.0,-23.00002319335934,23.00002319335934
KLGA,HRRR,2026-05-21 01:00:00+00:00,2026-05-20,0,71.25567749023442,96.0,-24.74432250976558,24.74432250976558
KLGA,HRRR,2026-05-21 02:00:00+00:00,2026-05-20,0,69.33328979492191,96.0,-26.66671020507809,26.66671020507809
KLGA,NBM,2026-05-20 06:00:00+00:00,2026-05-20,0,93.64998901367191,96.0,-2.350010986328087,2.350010986328087
KLGA,NBM,2026-05-20 12:00:00+00:00,2026-05-20,0,93.29002197265629,96.0,-2.709978027343709,2.709978027343709
KLGA,ECMWF,2026-05-19 06:00:00+00:00,2026-05-20,1,94.0,96.0,-2.0,2.0
KLGA,ECMWF,2026-05-19 12:00:00+00:00,2026-05-20,1,94.5,96.0,-1.5,1.5
KLGA,ECMWF,2026-05-19 18:00:00+00:00,2026-05-20,1,94.2,96.0,-1.7999999999999972,1.7999999999999972
KLGA,ECMWF,2026-05-20 00:00:00+00:00,2026-05-20,1,90.1,96.0,-5.900000000000006,5.900000000000006
KLGA,GFS,2026-05-19 06:00:00+00:00,2026-05-20,1,96.2,96.0,0.20000000000000284,0.20000000000000284
KLGA,GFS,2026-05-19 12:00:00+00:00,2026-05-20,1,94.9,96.0,-1.0999999999999943,1.0999999999999943
KLGA,GFS,2026-05-19 18:00:00+00:00,2026-05-20,1,95.0,96.0,-1.0,1.0
KLGA,GFS,2026-05-20 00:00:00+00:00,2026-05-20,1,94.6,96.0,-1.4000000000000057,1.4000000000000057
KLGA,HRRR,2026-05-19 18:00:00+00:00,2026-05-20,1,80.2967114257813,96.0,-15.703288574218703,15.703288574218703
KLGA,HRRR,2026-05-19 19:00:00+00:00,2026-05-20,1,79.3237622070313,96.0,-16.676237792968706,16.676237792968706
KLGA,HRRR,2026-05-19 20:00:00+00:00,2026-05-20,1,78.16789062500004,96.0,-17.83210937499996,17.83210937499996
KLGA,HRRR,2026-05-19 21:00:00+00:00,2026-05-20,1,76.79113891601567,96.0,-19.20886108398433,19.20886108398433
KLGA,HRRR,2026-05-19 22:00:00+00:00,2026-05-20,1,77.47635620117191,96.0,-18.52364379882809,18.52364379882809
KLGA,HRRR,2026-05-20 00:00:00+00:00,2026-05-20,1,90.17819946289066,96.0,-5.82180053710934,5.82180053710934
KLGA,HRRR,2026-05-20 01:00:00+00:00,2026-05-20,1,79.82413452148441,96.0,-16.17586547851559,16.17586547851559
KLGA,HRRR,2026-05-20 02:00:00+00:00,2026-05-20,1,81.22571533203129,96.0,-14.774284667968715,14.774284667968715
KLGA,HRRR,2026-05-20 03:00:00+00:00,2026-05-20,1,84.98221557617191,96.0,-11.01778442382809,11.01778442382809
KLGA,NBM,2026-05-19 06:00:00+00:00,2026-05-20,1,94.01001098632817,96.0,-1.9899890136718312,1.9899890136718312
KLGA,NBM,2026-05-19 12:00:00+00:00,2026-05-20,1,94.1900219726563,96.0,-1.8099780273437034,1.8099780273437034
KLGA,NBM,2026-05-19 18:00:00+00:00,2026-05-20,1,94.01001098632817,96.0,-1.9899890136718312,1.9899890136718312
KLGA,NBM,2026-05-20 00:00:00+00:00,2026-05-20,1,92.03000000000004,96.0,-3.9699999999999562,3.9699999999999562
KLGA,ECMWF,2026-05-18 06:00:00+00:00,2026-05-20,2,97.1,96.0,1.0999999999999943,1.0999999999999943
KLGA,ECMWF,2026-05-18 12:00:00+00:00,2026-05-20,2,95.1,96.0,-0.9000000000000057,0.9000000000000057
KLGA,ECMWF,2026-05-18 18:00:00+00:00,2026-05-20,2,92.6,96.0,-3.4000000000000057,3.4000000000000057
KLGA,ECMWF,2026-05-19 00:00:00+00:00,2026-05-20,2,95.4,96.0,-0.5999999999999943,0.5999999999999943
KLGA,GFS,2026-05-18 06:00:00+00:00,2026-05-20,2,94.3,96.0,-1.7000000000000028,1.7000000000000028
KLGA,GFS,2026-05-18 12:00:00+00:00,2026-05-20,2,95.0,96.0,-1.0,1.0
KLGA,GFS,2026-05-18 18:00:00+00:00,2026-05-20,2,94.5,96.0,-1.5,1.5
KLGA,GFS,2026-05-19 00:00:00+00:00,2026-05-20,2,95.7,96.0,-0.29999999999999716,0.29999999999999716
KLGA,NBM,2026-05-18 06:00:00+00:00,2026-05-20,2,94.01001098632817,96.0,-1.9899890136718312,1.9899890136718312
KLGA,NBM,2026-05-18 12:00:00+00:00,2026-05-20,2,94.1900219726563,96.0,-1.8099780273437034,1.8099780273437034
KLGA,NBM,2026-05-18 18:00:00+00:00,2026-05-20,2,94.36997802734379,96.0,-1.630021972656209,1.630021972656209
KLGA,NBM,2026-05-19 00:00:00+00:00,2026-05-20,2,94.1900219726563,96.0,-1.8099780273437034,1.8099780273437034
KLGA,ECMWF,2026-05-17 06:00:00+00:00,2026-05-20,3,92.6,96.0,-3.4000000000000057,3.4000000000000057
KLGA,ECMWF,2026-05-17 12:00:00+00:00,2026-05-20,3,92.6,96.0,-3.4000000000000057,3.4000000000000057
KLGA,ECMWF,2026-05-17 18:00:00+00:00,2026-05-20,3,96.9,96.0,0.9000000000000057,0.9000000000000057
KLGA,ECMWF,2026-05-18 00:00:00+00:00,2026-05-20,3,94.0,96.0,-2.0,2.0
KLGA,GFS,2026-05-17 06:00:00+00:00,2026-05-20,3,92.3,96.0,-3.700000000000003,3.700000000000003
KLGA,GFS,2026-05-17 12:00:00+00:00,2026-05-20,3,93.6,96.0,-2.4000000000000057,2.4000000000000057
KLGA,GFS,2026-05-17 18:00:00+00:00,2026-05-20,3,93.9,96.0,-2.0999999999999943,2.0999999999999943
KLGA,GFS,2026-05-18 00:00:00+00:00,2026-05-20,3,95.2,96.0,-0.7999999999999972,0.7999999999999972
KLGA,NBM,2026-05-17 06:00:00+00:00,2026-05-20,3,93.46997802734379,96.0,-2.5300219726562148,2.5300219726562148
KLGA,NBM,2026-05-17 12:00:00+00:00,2026-05-20,3,93.83000000000004,96.0,-2.169999999999959,2.169999999999959
KLGA,NBM,2026-05-17 18:00:00+00:00,2026-05-20,3,94.54998901367192,96.0,-1.4500109863280812,1.4500109863280812
KLGA,NBM,2026-05-18 00:00:00+00:00,2026-05-20,3,94.91001098632816,96.0,-1.0899890136718398,1.0899890136718398
KLGA,ECMWF,2026-05-16 06:00:00+00:00,2026-05-20,4,91.5,96.0,-4.5,4.5
KLGA,ECMWF,2026-05-16 12:00:00+00:00,2026-05-20,4,95.7,96.0,-0.29999999999999716,0.29999999999999716
KLGA,ECMWF,2026-05-16 18:00:00+00:00,2026-05-20,4,89.4,96.0,-6.599999999999994,6.599999999999994
KLGA,ECMWF,2026-05-17 00:00:00+00:00,2026-05-20,4,90.6,96.0,-5.400000000000006,5.400000000000006
KLGA,GFS,2026-05-16 06:00:00+00:00,2026-05-20,4,95.1,96.0,-0.9000000000000057,0.9000000000000057
KLGA,GFS,2026-05-16 12:00:00+00:00,2026-05-20,4,94.6,96.0,-1.4000000000000057,1.4000000000000057
KLGA,GFS,2026-05-16 18:00:00+00:00,2026-05-20,4,94.6,96.0,-1.4000000000000057,1.4000000000000057
KLGA,GFS,2026-05-17 00:00:00+00:00,2026-05-20,4,94.1,96.0,-1.9000000000000057,1.9000000000000057
KLGA,NBM,2026-05-16 06:00:00+00:00,2026-05-20,4,94.73000000000005,96.0,-1.2699999999999534,1.2699999999999534
KLGA,NBM,2026-05-16 12:00:00+00:00,2026-05-20,4,94.01001098632817,96.0,-1.9899890136718312,1.9899890136718312
KLGA,NBM,2026-05-16 18:00:00+00:00,2026-05-20,4,94.01001098632817,96.0,-1.9899890136718312,1.9899890136718312
KLGA,NBM,2026-05-17 00:00:00+00:00,2026-05-20,4,93.64998901367191,96.0,-2.350010986328087,2.350010986328087
KLGA,ECMWF,2026-05-15 18:00:00+00:00,2026-05-20,5,90.6,96.0,-5.400000000000006,5.400000000000006
KLGA,ECMWF,2026-05-16 00:00:00+00:00,2026-05-20,5,90.6,96.0,-5.400000000000006,5.400000000000006
KLGA,GFS,2026-05-15 18:00:00+00:00,2026-05-20,5,94.1,96.0,-1.9000000000000057,1.9000000000000057
KLGA,GFS,2026-05-16 00:00:00+00:00,2026-05-20,5,95.1,96.0,-0.9000000000000057,0.9000000000000057
KLGA,NBM,2026-05-15 12:00:00+00:00,2026-05-20,5,93.29002197265629,96.0,-2.709978027343709,2.709978027343709
KLGA,NBM,2026-05-15 18:00:00+00:00,2026-05-20,5,94.36997802734379,96.0,-1.630021972656209,1.630021972656209
KLGA,NBM,2026-05-16 00:00:00+00:00,2026-05-20,5,94.36997802734379,96.0,-1.630021972656209,1.630021972656209
KMDW,ECMWF,2026-05-20 06:00:00+00:00,2026-05-20,0,60.6,61.0,-0.3999999999999986,0.3999999999999986
KMDW,ECMWF,2026-05-20 12:00:00+00:00,2026-05-20,0,61.3,61.0,0.29999999999999716,0.29999999999999716
KMDW,ECMWF,2026-05-20 18:00:00+00:00,2026-05-20,0,59.1,61.0,-1.8999999999999986,1.8999999999999986
KMDW,ECMWF,2026-05-21 00:00:00+00:00,2026-05-20,0,55.3,61.0,-5.700000000000003,5.700000000000003
KMDW,GFS,2026-05-20 06:00:00+00:00,2026-05-20,0,59.7,61.0,-1.2999999999999972,1.2999999999999972
KMDW,GFS,2026-05-20 12:00:00+00:00,2026-05-20,0,60.4,61.0,-0.6000000000000014,0.6000000000000014
KMDW,GFS,2026-05-20 18:00:00+00:00,2026-05-20,0,60.6,61.0,-0.3999999999999986,0.3999999999999986
KMDW,GFS,2026-05-21 00:00:00+00:00,2026-05-20,0,53.0,61.0,-8.0,8.0
KMDW,HRRR,2026-05-20 05:00:00+00:00,2026-05-20,0,58.910999755859415,61.0,-2.0890002441405855,2.0890002441405855
KMDW,HRRR,2026-05-20 06:00:00+00:00,2026-05-20,0,59.90152709960942,61.0,-1.0984729003905827,1.0984729003905827
KMDW,HRRR,2026-05-20 07:00:00+00:00,2026-05-20,0,59.819184570312544,61.0,-1.1808154296874562,1.1808154296874562
KMDW,HRRR,2026-05-20 08:00:00+00:00,2026-05-20,0,60.333894042968794,61.0,-0.6661059570312062,0.6661059570312062
KMDW,HRRR,2026-05-20 09:00:00+00:00,2026-05-20,0,60.543348388671916,61.0,-0.4566516113280841,0.4566516113280841
KMDW,HRRR,2026-05-20 10:00:00+00:00,2026-05-20,0,60.33180664062504,61.0,-0.6681933593749605,0.6681933593749605
KMDW,HRRR,2026-05-20 11:00:00+00:00,2026-05-20,0,60.27863281250004,61.0,-0.7213671874999577,0.7213671874999577
KMDW,HRRR,2026-05-20 12:00:00+00:00,2026-05-20,0,60.615528564453165,61.0,-0.3844714355468355,0.3844714355468355
KMDW,HRRR,2026-05-20 13:00:00+00:00,2026-05-20,0,61.317170410156294,61.0,0.31717041015629377,0.31717041015629377
KMDW,HRRR,2026-05-20 14:00:00+00:00,2026-05-20,0,60.92836425781254,61.0,-0.0716357421874605,0.0716357421874605
KMDW,HRRR,2026-05-20 15:00:00+00:00,2026-05-20,0,61.17522705078129,61.0,0.17522705078128809,0.17522705078128809
KMDW,HRRR,2026-05-20 16:00:00+00:00,2026-05-20,0,60.54697387695317,61.0,-0.45302612304683265,0.45302612304683265
KMDW,HRRR,2026-05-20 17:00:00+00:00,2026-05-20,0,60.267042236328166,61.0,-0.7329577636718341,0.7329577636718341
KMDW,HRRR,2026-05-20 18:00:00+00:00,2026-05-20,0,59.60176513671879,61.0,-1.3982348632812105,1.3982348632812105
KMDW,HRRR,2026-05-20 19:00:00+00:00,2026-05-20,0,59.330292968750044,61.0,-1.6697070312499562,1.6697070312499562
KMDW,HRRR,2026-05-20 20:00:00+00:00,2026-05-20,0,58.045057373046916,61.0,-2.954942626953084,2.954942626953084
KMDW,HRRR,2026-05-20 21:00:00+00:00,2026-05-20,0,57.10852783203129,61.0,-3.8914721679687077,3.8914721679687077
KMDW,HRRR,2026-05-20 22:00:00+00:00,2026-05-20,0,56.12585571289067,61.0,-4.874144287109331,4.874144287109331
KMDW,HRRR,2026-05-20 23:00:00+00:00,2026-05-20,0,53.003431396484416,61.0,-7.996568603515584,7.996568603515584
KMDW,HRRR,2026-05-21 00:00:00+00:00,2026-05-20,0,52.07497680664066,61.0,-8.925023193359337,8.925023193359337
KMDW,HRRR,2026-05-21 01:00:00+00:00,2026-05-20,0,50.44317749023442,61.0,-10.556822509765581,10.556822509765581
KMDW,HRRR,2026-05-21 02:00:00+00:00,2026-05-20,0,50.20828979492192,61.0,-10.791710205078083,10.791710205078083
KMDW,HRRR,2026-05-21 03:00:00+00:00,2026-05-20,0,49.12009399414067,61.0,-11.879906005859333,11.879906005859333
KMDW,NBM,2026-05-20 06:00:00+00:00,2026-05-20,0,60.16997802734379,61.0,-0.8300219726562119,0.8300219726562119
KMDW,NBM,2026-05-20 12:00:00+00:00,2026-05-20,0,60.530000000000044,61.0,-0.46999999999995623,0.46999999999995623
KMDW,ECMWF,2026-05-19 06:00:00+00:00,2026-05-20,1,60.9,61.0,-0.10000000000000142,0.10000000000000142
KMDW,ECMWF,2026-05-19 12:00:00+00:00,2026-05-20,1,59.5,61.0,-1.5,1.5
KMDW,ECMWF,2026-05-19 18:00:00+00:00,2026-05-20,1,61.2,61.0,0.20000000000000284,0.20000000000000284
KMDW,ECMWF,2026-05-20 00:00:00+00:00,2026-05-20,1,62.3,61.0,1.2999999999999972,1.2999999999999972
KMDW,GFS,2026-05-19 06:00:00+00:00,2026-05-20,1,57.4,61.0,-3.6000000000000014,3.6000000000000014
KMDW,GFS,2026-05-19 12:00:00+00:00,2026-05-20,1,56.5,61.0,-4.5,4.5
KMDW,GFS,2026-05-19 18:00:00+00:00,2026-05-20,1,58.4,61.0,-2.6000000000000014,2.6000000000000014
KMDW,GFS,2026-05-20 00:00:00+00:00,2026-05-20,1,59.9,61.0,-1.1000000000000014,1.1000000000000014
KMDW,HRRR,2026-05-19 18:00:00+00:00,2026-05-20,1,59.27547119140629,61.0,-1.7245288085937105,1.7245288085937105
KMDW,HRRR,2026-05-19 19:00:00+00:00,2026-05-20,1,59.72970092773441,61.0,-1.270299072265587,1.270299072265587
KMDW,HRRR,2026-05-19 20:00:00+00:00,2026-05-20,1,59.66911132812504,61.0,-1.330888671874959,1.330888671874959
KMDW,HRRR,2026-05-19 21:00:00+00:00,2026-05-20,1,59.69756591796879,61.0,-1.302434082031212,1.302434082031212
KMDW,HRRR,2026-05-19 22:00:00+00:00,2026-05-20,1,59.921741943359415,61.0,-1.0782580566405855,1.0782580566405855
KMDW,HRRR,2026-05-20 00:00:00+00:00,2026-05-20,1,59.91833618164067,61.0,-1.0816638183593312,1.0816638183593312
KMDW,HRRR,2026-05-20 01:00:00+00:00,2026-05-20,1,60.42595947265629,61.0,-0.5740405273437119,0.5740405273437119
KMDW,HRRR,2026-05-20 02:00:00+00:00,2026-05-20,1,59.955579833984416,61.0,-1.044420166015584,1.044420166015584
KMDW,HRRR,2026-05-20 03:00:00+00:00,2026-05-20,1,60.72973144531254,61.0,-0.2702685546874619,0.2702685546874619
KMDW,HRRR,2026-05-20 04:00:00+00:00,2026-05-20,1,61.56079223632817,61.0,0.5607922363281688,0.5607922363281688
KMDW,NBM,2026-05-19 06:00:00+00:00,2026-05-20,1,58.54998901367192,61.0,-2.4500109863280812,2.4500109863280812
KMDW,NBM,2026-05-19 12:00:00+00:00,2026-05-20,1,58.54998901367192,61.0,-2.4500109863280812,2.4500109863280812
KMDW,NBM,2026-05-19 18:00:00+00:00,2026-05-20,1,59.09002197265629,61.0,-1.909978027343712,1.909978027343712
KMDW,NBM,2026-05-20 00:00:00+00:00,2026-05-20,1,59.09002197265629,61.0,-1.909978027343712,1.909978027343712
KMDW,ECMWF,2026-05-18 06:00:00+00:00,2026-05-20,2,59.1,61.0,-1.8999999999999986,1.8999999999999986
KMDW,ECMWF,2026-05-18 12:00:00+00:00,2026-05-20,2,60.4,61.0,-0.6000000000000014,0.6000000000000014
KMDW,ECMWF,2026-05-18 18:00:00+00:00,2026-05-20,2,61.5,61.0,0.5,0.5
KMDW,ECMWF,2026-05-19 00:00:00+00:00,2026-05-20,2,61.5,61.0,0.5,0.5
KMDW,GFS,2026-05-18 06:00:00+00:00,2026-05-20,2,57.2,61.0,-3.799999999999997,3.799999999999997
KMDW,GFS,2026-05-18 12:00:00+00:00,2026-05-20,2,56.7,61.0,-4.299999999999997,4.299999999999997
KMDW,GFS,2026-05-18 18:00:00+00:00,2026-05-20,2,56.7,61.0,-4.299999999999997,4.299999999999997
KMDW,GFS,2026-05-19 00:00:00+00:00,2026-05-20,2,56.4,61.0,-4.600000000000001,4.600000000000001
KMDW,NBM,2026-05-18 06:00:00+00:00,2026-05-20,2,57.64998901367191,61.0,-3.350010986328087,3.350010986328087
KMDW,NBM,2026-05-18 12:00:00+00:00,2026-05-20,2,58.19002197265629,61.0,-2.8099780273437105,2.8099780273437105
KMDW,NBM,2026-05-18 18:00:00+00:00,2026-05-20,2,58.19002197265629,61.0,-2.8099780273437105,2.8099780273437105
KMDW,NBM,2026-05-19 00:00:00+00:00,2026-05-20,2,58.01001098632817,61.0,-2.9899890136718312,2.9899890136718312
KMDW,ECMWF,2026-05-17 06:00:00+00:00,2026-05-20,3,59.4,61.0,-1.6000000000000014,1.6000000000000014
KMDW,ECMWF,2026-05-17 12:00:00+00:00,2026-05-20,3,59.4,61.0,-1.6000000000000014,1.6000000000000014
KMDW,ECMWF,2026-05-17 18:00:00+00:00,2026-05-20,3,60.6,61.0,-0.3999999999999986,0.3999999999999986
KMDW,ECMWF,2026-05-18 00:00:00+00:00,2026-05-20,3,59.8,61.0,-1.2000000000000028,1.2000000000000028
KMDW,GFS,2026-05-17 06:00:00+00:00,2026-05-20,3,57.4,61.0,-3.6000000000000014,3.6000000000000014
KMDW,GFS,2026-05-17 12:00:00+00:00,2026-05-20,3,57.8,61.0,-3.200000000000003,3.200000000000003
KMDW,GFS,2026-05-17 18:00:00+00:00,2026-05-20,3,57.8,61.0,-3.200000000000003,3.200000000000003
KMDW,GFS,2026-05-18 00:00:00+00:00,2026-05-20,3,57.9,61.0,-3.1000000000000014,3.1000000000000014
KMDW,NBM,2026-05-17 06:00:00+00:00,2026-05-20,3,58.91001098632817,61.0,-2.0899890136718327,2.0899890136718327
KMDW,NBM,2026-05-17 12:00:00+00:00,2026-05-20,3,59.26997802734379,61.0,-1.7300219726562105,1.7300219726562105
KMDW,NBM,2026-05-17 18:00:00+00:00,2026-05-20,3,60.349989013671916,61.0,-0.6500109863280841,0.6500109863280841
KMDW,NBM,2026-05-18 00:00:00+00:00,2026-05-20,3,59.26997802734379,61.0,-1.7300219726562105,1.7300219726562105
KMDW,ECMWF,2026-05-16 06:00:00+00:00,2026-05-20,4,62.4,61.0,1.3999999999999986,1.3999999999999986
KMDW,ECMWF,2026-05-16 12:00:00+00:00,2026-05-20,4,64.7,61.0,3.700000000000003,3.700000000000003
KMDW,ECMWF,2026-05-16 18:00:00+00:00,2026-05-20,4,62.8,61.0,1.7999999999999972,1.7999999999999972
KMDW,ECMWF,2026-05-17 00:00:00+00:00,2026-05-20,4,60.8,61.0,-0.20000000000000284,0.20000000000000284
KMDW,GFS,2026-05-16 06:00:00+00:00,2026-05-20,4,71.1,61.0,10.099999999999994,10.099999999999994
KMDW,GFS,2026-05-16 12:00:00+00:00,2026-05-20,4,59.2,61.0,-1.7999999999999972,1.7999999999999972
KMDW,GFS,2026-05-16 18:00:00+00:00,2026-05-20,4,59.2,61.0,-1.7999999999999972,1.7999999999999972
KMDW,GFS,2026-05-17 00:00:00+00:00,2026-05-20,4,60.3,61.0,-0.7000000000000028,0.7000000000000028
KMDW,NBM,2026-05-16 06:00:00+00:00,2026-05-20,4,62.33000000000004,61.0,1.330000000000041,1.330000000000041
KMDW,NBM,2026-05-16 12:00:00+00:00,2026-05-20,4,62.51001098632817,61.0,1.5100109863281688,1.5100109863281688
KMDW,NBM,2026-05-16 18:00:00+00:00,2026-05-20,4,62.33000000000004,61.0,1.330000000000041,1.330000000000041
KMDW,NBM,2026-05-17 00:00:00+00:00,2026-05-20,4,60.89002197265629,61.0,-0.10997802734370765,0.10997802734370765
KMDW,ECMWF,2026-05-15 06:00:00+00:00,2026-05-20,5,64.5,61.0,3.5,3.5
KMDW,ECMWF,2026-05-15 12:00:00+00:00,2026-05-20,5,64.1,61.0,3.0999999999999943,3.0999999999999943
KMDW,ECMWF,2026-05-15 18:00:00+00:00,2026-05-20,5,63.7,61.0,2.700000000000003,2.700000000000003
KMDW,ECMWF,2026-05-16 00:00:00+00:00,2026-05-20,5,63.7,61.0,2.700000000000003,2.700000000000003
KMDW,GFS,2026-05-15 06:00:00+00:00,2026-05-20,5,66.9,61.0,5.900000000000006,5.900000000000006
KMDW,GFS,2026-05-15 12:00:00+00:00,2026-05-20,5,65.7,61.0,4.700000000000003,4.700000000000003
KMDW,GFS,2026-05-15 18:00:00+00:00,2026-05-20,5,65.7,61.0,4.700000000000003,4.700000000000003
KMDW,GFS,2026-05-16 00:00:00+00:00,2026-05-20,5,71.1,61.0,10.099999999999994,10.099999999999994
KMDW,NBM,2026-05-15 06:00:00+00:00,2026-05-20,5,68.09002197265629,61.0,7.090021972656288,7.090021972656288
KMDW,NBM,2026-05-15 12:00:00+00:00,2026-05-20,5,67.01001098632817,61.0,6.010010986328169,6.010010986328169
KMDW,NBM,2026-05-15 18:00:00+00:00,2026-05-20,5,66.29002197265629,61.0,5.290021972656291,5.290021972656291
KMDW,NBM,2026-05-16 00:00:00+00:00,2026-05-20,5,62.86997802734379,61.0,1.869978027343791,1.869978027343791
KMDW,ECMWF,2026-05-14 06:00:00+00:00,2026-05-20,6,65.9,61.0,4.900000000000006,4.900000000000006
KMDW,ECMWF,2026-05-14 12:00:00+00:00,2026-05-20,6,70.5,61.0,9.5,9.5
KMDW,ECMWF,2026-05-14 18:00:00+00:00,2026-05-20,6,70.5,61.0,9.5,9.5
KMDW,ECMWF,2026-05-15 00:00:00+00:00,2026-05-20,6,68.2,61.0,7.200000000000003,7.200000000000003
KMDW,GFS,2026-05-14 06:00:00+00:00,2026-05-20,6,69.6,61.0,8.599999999999994,8.599999999999994
KMDW,GFS,2026-05-14 12:00:00+00:00,2026-05-20,6,75.4,61.0,14.400000000000006,14.400000000000006
KMDW,GFS,2026-05-14 18:00:00+00:00,2026-05-20,6,66.8,61.0,5.799999999999997,5.799999999999997
KMDW,GFS,2026-05-15 00:00:00+00:00,2026-05-20,6,71.4,61.0,10.400000000000006,10.400000000000006
KMDW,NBM,2026-05-14 06:00:00+00:00,2026-05-20,6,70.61001098632816,61.0,9.610010986328163,9.610010986328163
KMDW,NBM,2026-05-14 12:00:00+00:00,2026-05-20,6,69.53000000000004,61.0,8.530000000000044,8.530000000000044
KMDW,NBM,2026-05-14 18:00:00+00:00,2026-05-20,6,68.9900219726563,61.0,7.990021972656294,7.990021972656294
KMDW,NBM,2026-05-15 00:00:00+00:00,2026-05-20,6,67.91001098632816,61.0,6.91001098632816,6.91001098632816
KMDW,ECMWF,2026-05-13 06:00:00+00:00,2026-05-20,7,58.8,61.0,-2.200000000000003,2.200000000000003
KMDW,ECMWF,2026-05-13 12:00:00+00:00,2026-05-20,7,60.6,61.0,-0.3999999999999986,0.3999999999999986
KMDW,ECMWF,2026-05-13 18:00:00+00:00,2026-05-20,7,60.6,61.0,-0.3999999999999986,0.3999999999999986
KMDW,ECMWF,2026-05-14 00:00:00+00:00,2026-05-20,7,65.9,61.0,4.900000000000006,4.900000000000006
KMDW,GFS,2026-05-13 06:00:00+00:00,2026-05-20,7,71.4,61.0,10.400000000000006,10.400000000000006
KMDW,GFS,2026-05-13 12:00:00+00:00,2026-05-20,7,58.2,61.0,-2.799999999999997,2.799999999999997
KMDW,GFS,2026-05-13 18:00:00+00:00,2026-05-20,7,55.9,61.0,-5.100000000000001,5.100000000000001
KMDW,GFS,2026-05-14 00:00:00+00:00,2026-05-20,7,65.4,61.0,4.400000000000006,4.400000000000006
KMDW,NBM,2026-05-13 06:00:00+00:00,2026-05-20,7,74.39002197265629,61.0,13.390021972656285,13.390021972656285
KMDW,NBM,2026-05-13 12:00:00+00:00,2026-05-20,7,74.21001098632817,61.0,13.210010986328172,13.210010986328172
KMDW,NBM,2026-05-13 18:00:00+00:00,2026-05-20,7,74.21001098632817,61.0,13.210010986328172,13.210010986328172
KMDW,NBM,2026-05-14 00:00:00+00:00,2026-05-20,7,71.86997802734379,61.0,10.869978027343791,10.869978027343791
KMIA,ECMWF,2026-05-20 06:00:00+00:00,2026-05-20,0,83.6,88.0,-4.400000000000006,4.400000000000006
KMIA,ECMWF,2026-05-20 12:00:00+00:00,2026-05-20,0,84.2,88.0,-3.799999999999997,3.799999999999997
KMIA,ECMWF,2026-05-20 18:00:00+00:00,2026-05-20,0,84.6,88.0,-3.4000000000000057,3.4000000000000057
KMIA,ECMWF,2026-05-21 00:00:00+00:00,2026-05-20,0,80.7,88.0,-7.299999999999997,7.299999999999997
KMIA,GFS,2026-05-20 06:00:00+00:00,2026-05-20,0,83.6,88.0,-4.400000000000006,4.400000000000006
KMIA,GFS,2026-05-20 12:00:00+00:00,2026-05-20,0,86.0,88.0,-2.0,2.0
KMIA,GFS,2026-05-20 18:00:00+00:00,2026-05-20,0,84.7,88.0,-3.299999999999997,3.299999999999997
KMIA,GFS,2026-05-21 00:00:00+00:00,2026-05-20,0,79.1,88.0,-8.900000000000006,8.900000000000006
KMIA,HRRR,2026-05-20 04:00:00+00:00,2026-05-20,0,81.35255249023442,88.0,-6.647447509765584,6.647447509765584
KMIA,HRRR,2026-05-20 05:00:00+00:00,2026-05-20,0,83.09849975585942,88.0,-4.901500244140578,4.901500244140578
KMIA,HRRR,2026-05-20 06:00:00+00:00,2026-05-20,0,84.85340087890629,88.0,-3.1465991210937148,3.1465991210937148
KMIA,HRRR,2026-05-20 07:00:00+00:00,2026-05-20,0,84.25030639648442,88.0,-3.7496936035155812,3.7496936035155812
KMIA,HRRR,2026-05-20 08:00:00+00:00,2026-05-20,0,82.70837524414067,88.0,-5.291624755859331,5.291624755859331
KMIA,HRRR,2026-05-20 09:00:00+00:00,2026-05-20,0,85.14333007812505,88.0,-2.8566699218749534,2.8566699218749534
KMIA,HRRR,2026-05-20 10:00:00+00:00,2026-05-20,0,85.87567871093754,88.0,-2.1243212890624648,2.1243212890624648
KMIA,HRRR,2026-05-20 11:00:00+00:00,2026-05-20,0,83.84524047851566,88.0,-4.154759521484337,4.154759521484337
KMIA,HRRR,2026-05-20 12:00:00+00:00,2026-05-20,0,84.48755615234379,88.0,-3.5124438476562148,3.5124438476562148
KMIA,HRRR,2026-05-20 13:00:00+00:00,2026-05-20,0,84.44536865234379,88.0,-3.554631347656212,3.554631347656212
KMIA,HRRR,2026-05-20 14:00:00+00:00,2026-05-20,0,85.39645507812504,88.0,-2.6035449218749562,2.6035449218749562
KMIA,HRRR,2026-05-20 15:00:00+00:00,2026-05-20,0,84.78979003906254,88.0,-3.210209960937462,3.210209960937462
KMIA,HRRR,2026-05-20 16:00:00+00:00,2026-05-20,0,84.6494946289063,88.0,-3.3505053710937034,3.3505053710937034
KMIA,HRRR,2026-05-20 17:00:00+00:00,2026-05-20,0,83.66616333007816,88.0,-4.333836669921837,4.333836669921837
KMIA,HRRR,2026-05-20 18:00:00+00:00,2026-05-20,0,84.14307983398442,88.0,-3.856920166015584,3.856920166015584
KMIA,HRRR,2026-05-20 19:00:00+00:00,2026-05-20,0,84.08029296875004,88.0,-3.9197070312499562,3.9197070312499562
KMIA,HRRR,2026-05-20 20:00:00+00:00,2026-05-20,0,84.09644287109379,88.0,-3.9035571289062148,3.9035571289062148
KMIA,HRRR,2026-05-20 21:00:00+00:00,2026-05-20,0,83.7710278320313,88.0,-4.228972167968706,4.228972167968706
KMIA,HRRR,2026-05-20 22:00:00+00:00,2026-05-20,0,81.55085571289067,88.0,-6.449144287109334,6.449144287109334
KMIA,HRRR,2026-05-20 23:00:00+00:00,2026-05-20,0,78.99093139648441,88.0,-9.009068603515587,9.009068603515587
KMIA,HRRR,2026-05-21 00:00:00+00:00,2026-05-20,0,78.06247680664066,88.0,-9.93752319335934,9.93752319335934
KMIA,HRRR,2026-05-21 01:00:00+00:00,2026-05-20,0,77.21817749023441,88.0,-10.78182250976559,10.78182250976559
KMIA,HRRR,2026-05-21 02:00:00+00:00,2026-05-20,0,77.20828979492191,88.0,-10.79171020507809,10.79171020507809
KMIA,NBM,2026-05-20 06:00:00+00:00,2026-05-20,0,87.71001098632817,88.0,-0.2899890136718284,0.2899890136718284
KMIA,NBM,2026-05-20 12:00:00+00:00,2026-05-20,0,87.71001098632817,88.0,-0.2899890136718284,0.2899890136718284
KMIA,ECMWF,2026-05-19 06:00:00+00:00,2026-05-20,1,83.9,88.0,-4.099999999999994,4.099999999999994
KMIA,ECMWF,2026-05-19 12:00:00+00:00,2026-05-20,1,83.7,88.0,-4.299999999999997,4.299999999999997
KMIA,ECMWF,2026-05-19 18:00:00+00:00,2026-05-20,1,83.1,88.0,-4.900000000000006,4.900000000000006
KMIA,ECMWF,2026-05-20 00:00:00+00:00,2026-05-20,1,83.3,88.0,-4.700000000000003,4.700000000000003
KMIA,GFS,2026-05-19 06:00:00+00:00,2026-05-20,1,83.1,88.0,-4.900000000000006,4.900000000000006
KMIA,GFS,2026-05-19 12:00:00+00:00,2026-05-20,1,82.9,88.0,-5.099999999999994,5.099999999999994
KMIA,GFS,2026-05-19 18:00:00+00:00,2026-05-20,1,86.9,88.0,-1.0999999999999943,1.0999999999999943
KMIA,GFS,2026-05-20 00:00:00+00:00,2026-05-20,1,84.7,88.0,-3.299999999999997,3.299999999999997
KMIA,HRRR,2026-05-19 18:00:00+00:00,2026-05-20,1,76.13421142578129,88.0,-11.865788574218712,11.865788574218712
KMIA,HRRR,2026-05-19 19:00:00+00:00,2026-05-20,1,76.73626220703129,88.0,-11.263737792968712,11.263737792968712
KMIA,HRRR,2026-05-19 20:00:00+00:00,2026-05-20,1,77.40873535156254,88.0,-10.591264648437459,10.591264648437459
KMIA,HRRR,2026-05-19 21:00:00+00:00,2026-05-20,1,77.24113891601567,88.0,-10.758861083984328,10.758861083984328
KMIA,HRRR,2026-05-19 22:00:00+00:00,2026-05-20,1,78.37635620117192,88.0,-9.623643798828084,9.623643798828084
KMIA,HRRR,2026-05-20 00:00:00+00:00,2026-05-20,1,81.26356323242192,88.0,-6.736436767578084,6.736436767578084
KMIA,HRRR,2026-05-20 01:00:00+00:00,2026-05-20,1,77.45652587890629,88.0,-10.543474121093709,10.543474121093709
KMIA,HRRR,2026-05-20 02:00:00+00:00,2026-05-20,1,78.30071533203129,88.0,-9.699284667968712,9.699284667968712
KMIA,HRRR,2026-05-20 03:00:00+00:00,2026-05-20,1,80.70721557617192,88.0,-7.292784423828081,7.292784423828081
KMIA,NBM,2026-05-19 06:00:00+00:00,2026-05-20,1,87.53000000000004,88.0,-0.46999999999995623,0.46999999999995623
KMIA,NBM,2026-05-19 12:00:00+00:00,2026-05-20,1,87.71001098632817,88.0,-0.2899890136718284,0.2899890136718284
KMIA,NBM,2026-05-19 18:00:00+00:00,2026-05-20,1,87.34998901367192,88.0,-0.6500109863280841,0.6500109863280841
KMIA,NBM,2026-05-20 00:00:00+00:00,2026-05-20,1,87.16997802734379,88.0,-0.8300219726562119,0.8300219726562119
KMIA,ECMWF,2026-05-18 06:00:00+00:00,2026-05-20,2,82.0,88.0,-6.0,6.0
KMIA,ECMWF,2026-05-18 12:00:00+00:00,2026-05-20,2,84.5,88.0,-3.5,3.5
KMIA,ECMWF,2026-05-18 18:00:00+00:00,2026-05-20,2,83.3,88.0,-4.700000000000003,4.700000000000003
KMIA,ECMWF,2026-05-19 00:00:00+00:00,2026-05-20,2,82.5,88.0,-5.5,5.5
KMIA,GFS,2026-05-18 06:00:00+00:00,2026-05-20,2,87.4,88.0,-0.5999999999999943,0.5999999999999943
KMIA,GFS,2026-05-18 12:00:00+00:00,2026-05-20,2,87.4,88.0,-0.5999999999999943,0.5999999999999943
KMIA,GFS,2026-05-18 18:00:00+00:00,2026-05-20,2,87.6,88.0,-0.4000000000000057,0.4000000000000057
KMIA,GFS,2026-05-19 00:00:00+00:00,2026-05-20,2,87.6,88.0,-0.4000000000000057,0.4000000000000057
KMIA,NBM,2026-05-18 06:00:00+00:00,2026-05-20,2,87.71001098632817,88.0,-0.2899890136718284,0.2899890136718284
KMIA,NBM,2026-05-18 12:00:00+00:00,2026-05-20,2,87.89002197265629,88.0,-0.10997802734371476,0.10997802734371476
KMIA,NBM,2026-05-18 18:00:00+00:00,2026-05-20,2,87.53000000000004,88.0,-0.46999999999995623,0.46999999999995623
KMIA,NBM,2026-05-19 00:00:00+00:00,2026-05-20,2,87.53000000000004,88.0,-0.46999999999995623,0.46999999999995623
KMIA,ECMWF,2026-05-17 06:00:00+00:00,2026-05-20,3,84.9,88.0,-3.0999999999999943,3.0999999999999943
KMIA,ECMWF,2026-05-17 12:00:00+00:00,2026-05-20,3,85.6,88.0,-2.4000000000000057,2.4000000000000057
KMIA,ECMWF,2026-05-17 18:00:00+00:00,2026-05-20,3,85.5,88.0,-2.5,2.5
KMIA,ECMWF,2026-05-18 00:00:00+00:00,2026-05-20,3,84.3,88.0,-3.700000000000003,3.700000000000003
KMIA,GFS,2026-05-17 06:00:00+00:00,2026-05-20,3,87.8,88.0,-0.20000000000000284,0.20000000000000284
KMIA,GFS,2026-05-17 12:00:00+00:00,2026-05-20,3,87.8,88.0,-0.20000000000000284,0.20000000000000284
KMIA,GFS,2026-05-17 18:00:00+00:00,2026-05-20,3,87.4,88.0,-0.5999999999999943,0.5999999999999943
KMIA,GFS,2026-05-18 00:00:00+00:00,2026-05-20,3,86.9,88.0,-1.0999999999999943,1.0999999999999943
KMIA,NBM,2026-05-17 06:00:00+00:00,2026-05-20,3,87.53000000000004,88.0,-0.46999999999995623,0.46999999999995623
KMIA,NBM,2026-05-17 12:00:00+00:00,2026-05-20,3,87.71001098632817,88.0,-0.2899890136718284,0.2899890136718284
KMIA,NBM,2026-05-17 18:00:00+00:00,2026-05-20,3,87.53000000000004,88.0,-0.46999999999995623,0.46999999999995623
KMIA,NBM,2026-05-18 00:00:00+00:00,2026-05-20,3,87.71001098632817,88.0,-0.2899890136718284,0.2899890136718284
KMIA,ECMWF,2026-05-16 06:00:00+00:00,2026-05-20,4,83.9,88.0,-4.099999999999994,4.099999999999994
KMIA,ECMWF,2026-05-16 12:00:00+00:00,2026-05-20,4,85.2,88.0,-2.799999999999997,2.799999999999997
KMIA,ECMWF,2026-05-16 18:00:00+00:00,2026-05-20,4,85.4,88.0,-2.5999999999999943,2.5999999999999943
KMIA,ECMWF,2026-05-17 00:00:00+00:00,2026-05-20,4,86.1,88.0,-1.9000000000000057,1.9000000000000057
KMIA,GFS,2026-05-16 06:00:00+00:00,2026-05-20,4,86.7,88.0,-1.2999999999999972,1.2999999999999972
KMIA,GFS,2026-05-16 12:00:00+00:00,2026-05-20,4,86.7,88.0,-1.2999999999999972,1.2999999999999972
KMIA,GFS,2026-05-16 18:00:00+00:00,2026-05-20,4,86.7,88.0,-1.2999999999999972,1.2999999999999972
KMIA,GFS,2026-05-17 00:00:00+00:00,2026-05-20,4,87.1,88.0,-0.9000000000000057,0.9000000000000057
KMIA,NBM,2026-05-16 06:00:00+00:00,2026-05-20,4,87.71001098632817,88.0,-0.2899890136718284,0.2899890136718284
KMIA,NBM,2026-05-16 12:00:00+00:00,2026-05-20,4,87.71001098632817,88.0,-0.2899890136718284,0.2899890136718284
KMIA,NBM,2026-05-16 18:00:00+00:00,2026-05-20,4,87.53000000000004,88.0,-0.46999999999995623,0.46999999999995623
KMIA,NBM,2026-05-17 00:00:00+00:00,2026-05-20,4,87.53000000000004,88.0,-0.46999999999995623,0.46999999999995623
KMIA,ECMWF,2026-05-15 06:00:00+00:00,2026-05-20,5,84.8,88.0,-3.200000000000003,3.200000000000003
KMIA,ECMWF,2026-05-15 12:00:00+00:00,2026-05-20,5,84.8,88.0,-3.200000000000003,3.200000000000003
KMIA,ECMWF,2026-05-15 18:00:00+00:00,2026-05-20,5,84.7,88.0,-3.299999999999997,3.299999999999997
KMIA,ECMWF,2026-05-16 00:00:00+00:00,2026-05-20,5,83.8,88.0,-4.200000000000003,4.200000000000003
KMIA,GFS,2026-05-15 06:00:00+00:00,2026-05-20,5,88.1,88.0,0.09999999999999432,0.09999999999999432
KMIA,GFS,2026-05-15 12:00:00+00:00,2026-05-20,5,88.1,88.0,0.09999999999999432,0.09999999999999432
KMIA,GFS,2026-05-15 18:00:00+00:00,2026-05-20,5,87.4,88.0,-0.5999999999999943,0.5999999999999943
KMIA,GFS,2026-05-16 00:00:00+00:00,2026-05-20,5,86.7,88.0,-1.2999999999999972,1.2999999999999972
KMIA,NBM,2026-05-15 06:00:00+00:00,2026-05-20,5,87.53000000000004,88.0,-0.46999999999995623,0.46999999999995623
KMIA,NBM,2026-05-15 12:00:00+00:00,2026-05-20,5,87.16997802734379,88.0,-0.8300219726562119,0.8300219726562119
KMIA,NBM,2026-05-15 18:00:00+00:00,2026-05-20,5,86.9900219726563,88.0,-1.0099780273437062,1.0099780273437062
KMIA,NBM,2026-05-16 00:00:00+00:00,2026-05-20,5,87.53000000000004,88.0,-0.46999999999995623,0.46999999999995623
KMIA,ECMWF,2026-05-14 06:00:00+00:00,2026-05-20,6,84.3,88.0,-3.700000000000003,3.700000000000003
KMIA,ECMWF,2026-05-14 12:00:00+00:00,2026-05-20,6,86.0,88.0,-2.0,2.0
KMIA,ECMWF,2026-05-14 18:00:00+00:00,2026-05-20,6,86.0,88.0,-2.0,2.0
KMIA,ECMWF,2026-05-15 00:00:00+00:00,2026-05-20,6,84.2,88.0,-3.799999999999997,3.799999999999997
KMIA,GFS,2026-05-14 06:00:00+00:00,2026-05-20,6,86.6,88.0,-1.4000000000000057,1.4000000000000057
KMIA,GFS,2026-05-14 12:00:00+00:00,2026-05-20,6,87.3,88.0,-0.7000000000000028,0.7000000000000028
KMIA,GFS,2026-05-14 18:00:00+00:00,2026-05-20,6,87.3,88.0,-0.7000000000000028,0.7000000000000028
KMIA,GFS,2026-05-15 00:00:00+00:00,2026-05-20,6,88.3,88.0,0.29999999999999716,0.29999999999999716
KMIA,NBM,2026-05-14 06:00:00+00:00,2026-05-20,6,87.34998901367192,88.0,-0.6500109863280841,0.6500109863280841
KMIA,NBM,2026-05-14 12:00:00+00:00,2026-05-20,6,87.71001098632817,88.0,-0.2899890136718284,0.2899890136718284
KMIA,NBM,2026-05-14 18:00:00+00:00,2026-05-20,6,87.53000000000004,88.0,-0.46999999999995623,0.46999999999995623
KMIA,NBM,2026-05-15 00:00:00+00:00,2026-05-20,6,87.16997802734379,88.0,-0.8300219726562119,0.8300219726562119
KMIA,ECMWF,2026-05-13 06:00:00+00:00,2026-05-20,7,85.0,88.0,-3.0,3.0
KMIA,ECMWF,2026-05-13 12:00:00+00:00,2026-05-20,7,85.9,88.0,-2.0999999999999943,2.0999999999999943
KMIA,ECMWF,2026-05-13 18:00:00+00:00,2026-05-20,7,85.9,88.0,-2.0999999999999943,2.0999999999999943
KMIA,ECMWF,2026-05-14 00:00:00+00:00,2026-05-20,7,84.3,88.0,-3.700000000000003,3.700000000000003
KMIA,GFS,2026-05-13 06:00:00+00:00,2026-05-20,7,86.9,88.0,-1.0999999999999943,1.0999999999999943
KMIA,GFS,2026-05-13 12:00:00+00:00,2026-05-20,7,87.0,88.0,-1.0,1.0
KMIA,GFS,2026-05-13 18:00:00+00:00,2026-05-20,7,88.1,88.0,0.09999999999999432,0.09999999999999432
KMIA,GFS,2026-05-14 00:00:00+00:00,2026-05-20,7,87.5,88.0,-0.5,0.5
KMIA,NBM,2026-05-13 06:00:00+00:00,2026-05-20,7,88.0699780273438,88.0,0.06997802734379377,0.06997802734379377
KMIA,NBM,2026-05-13 12:00:00+00:00,2026-05-20,7,87.71001098632817,88.0,-0.2899890136718284,0.2899890136718284
KMIA,NBM,2026-05-13 18:00:00+00:00,2026-05-20,7,87.53000000000004,88.0,-0.46999999999995623,0.46999999999995623
KMIA,NBM,2026-05-14 00:00:00+00:00,2026-05-20,7,87.53000000000004,88.0,-0.46999999999995623,0.46999999999995623
KNYC,ECMWF,2026-05-20 06:00:00+00:00,2026-05-20,0,90.5,92.0,-1.5,1.5
KNYC,ECMWF,2026-05-20 12:00:00+00:00,2026-05-20,0,93.6,92.0,1.5999999999999943,1.5999999999999943
KNYC,ECMWF,2026-05-20 18:00:00+00:00,2026-05-20,0,92.1,92.0,0.09999999999999432,0.09999999999999432
KNYC,ECMWF,2026-05-21 00:00:00+00:00,2026-05-20,0,73.9,92.0,-18.099999999999994,18.099999999999994
KNYC,GFS,2026-05-20 06:00:00+00:00,2026-05-20,0,92.4,92.0,0.4000000000000057,0.4000000000000057
KNYC,GFS,2026-05-20 12:00:00+00:00,2026-05-20,0,93.0,92.0,1.0,1.0
KNYC,GFS,2026-05-20 18:00:00+00:00,2026-05-20,0,93.6,92.0,1.5999999999999943,1.5999999999999943
KNYC,GFS,2026-05-21 00:00:00+00:00,2026-05-20,0,75.6,92.0,-16.400000000000006,16.400000000000006
KNYC,HRRR,2026-05-20 04:00:00+00:00,2026-05-20,0,86.52755249023441,92.0,-5.472447509765587,5.472447509765587
KNYC,HRRR,2026-05-20 05:00:00+00:00,2026-05-20,0,90.52349975585942,92.0,-1.4765002441405812,1.4765002441405812
KNYC,HRRR,2026-05-20 06:00:00+00:00,2026-05-20,0,93.08902709960941,92.0,1.0890270996094102,1.0890270996094102
KNYC,HRRR,2026-05-20 07:00:00+00:00,2026-05-20,0,92.10174072265629,92.0,0.10174072265628809,0.10174072265628809
KNYC,HRRR,2026-05-20 08:00:00+00:00,2026-05-20,0,93.85889404296879,92.0,1.8588940429687852,1.8588940429687852
KNYC,HRRR,2026-05-20 09:00:00+00:00,2026-05-20,0,92.71834838867191,92.0,0.7183483886719131,0.7183483886719131
KNYC,HRRR,2026-05-20 10:00:00+00:00,2026-05-20,0,93.06930664062504,92.0,1.0693066406250438,1.0693066406250438
KNYC,HRRR,2026-05-20 11:00:00+00:00,2026-05-20,0,93.91613281250004,92.0,1.916132812500038,1.916132812500038
KNYC,HRRR,2026-05-20 12:00:00+00:00,2026-05-20,0,94.10833862304692,92.0,2.1083386230469188,2.1083386230469188
KNYC,HRRR,2026-05-20 13:00:00+00:00,2026-05-20,0,93.86581542968754,92.0,1.8658154296875438,1.8658154296875438
KNYC,HRRR,2026-05-20 14:00:00+00:00,2026-05-20,0,94.17145507812504,92.0,2.1714550781250352,2.1714550781250352
KNYC,HRRR,2026-05-20 15:00:00+00:00,2026-05-20,0,93.50518920898442,92.0,1.5051892089844188,1.5051892089844188
KNYC,HRRR,2026-05-20 16:00:00+00:00,2026-05-20,0,93.73447387695316,92.0,1.7344738769531602,1.7344738769531602
KNYC,HRRR,2026-05-20 17:00:00+00:00,2026-05-20,0,93.56616333007817,92.0,1.5661633300781688,1.5661633300781688
KNYC,HRRR,2026-05-20 18:00:00+00:00,2026-05-20,0,93.3517651367188,92.0,1.3517651367187966,1.3517651367187966
KNYC,HRRR,2026-05-20 19:00:00+00:00,2026-05-20,0,92.96779296875005,92.0,0.9677929687500466,0.9677929687500466
KNYC,HRRR,2026-05-20 20:00:00+00:00,2026-05-20,0,92.42144287109379,92.0,0.4214428710937881,0.4214428710937881
KNYC,HRRR,2026-05-20 21:00:00+00:00,2026-05-20,0,90.18352783203129,92.0,-1.816472167968712,1.816472167968712
KNYC,HRRR,2026-05-20 22:00:00+00:00,2026-05-20,0,79.63835571289067,92.0,-12.361644287109328,12.361644287109328
KNYC,HRRR,2026-05-20 23:00:00+00:00,2026-05-20,0,75.72843139648441,92.0,-16.27156860351559,16.27156860351559
KNYC,HRRR,2026-05-21 00:00:00+00:00,2026-05-20,0,71.64997680664067,92.0,-20.350023193359334,20.350023193359334
KNYC,HRRR,2026-05-21 01:00:00+00:00,2026-05-20,0,70.46817749023441,92.0,-21.53182250976559,21.53182250976559
KNYC,HRRR,2026-05-21 02:00:00+00:00,2026-05-20,0,68.77078979492191,92.0,-23.22921020507809,23.22921020507809
KNYC,NBM,2026-05-20 06:00:00+00:00,2026-05-20,0,94.54998901367192,92.0,2.5499890136719188,2.5499890136719188
KNYC,NBM,2026-05-20 12:00:00+00:00,2026-05-20,0,94.1900219726563,92.0,2.1900219726562966,2.1900219726562966
KNYC,ECMWF,2026-05-19 06:00:00+00:00,2026-05-20,1,97.6,92.0,5.599999999999994,5.599999999999994
KNYC,ECMWF,2026-05-19 12:00:00+00:00,2026-05-20,1,92.1,92.0,0.09999999999999432,0.09999999999999432
KNYC,ECMWF,2026-05-19 18:00:00+00:00,2026-05-20,1,96.7,92.0,4.700000000000003,4.700000000000003
KNYC,ECMWF,2026-05-20 00:00:00+00:00,2026-05-20,1,89.4,92.0,-2.5999999999999943,2.5999999999999943
KNYC,GFS,2026-05-19 06:00:00+00:00,2026-05-20,1,95.3,92.0,3.299999999999997,3.299999999999997
KNYC,GFS,2026-05-19 12:00:00+00:00,2026-05-20,1,94.0,92.0,2.0,2.0
KNYC,GFS,2026-05-19 18:00:00+00:00,2026-05-20,1,94.3,92.0,2.299999999999997,2.299999999999997
KNYC,GFS,2026-05-20 00:00:00+00:00,2026-05-20,1,93.6,92.0,1.5999999999999943,1.5999999999999943
KNYC,HRRR,2026-05-19 18:00:00+00:00,2026-05-20,1,79.62171142578129,92.0,-12.378288574218715,12.378288574218715
KNYC,HRRR,2026-05-19 19:00:00+00:00,2026-05-20,1,79.09876220703129,92.0,-12.901237792968715,12.901237792968715
KNYC,HRRR,2026-05-19 20:00:00+00:00,2026-05-20,1,78.28039062500004,92.0,-13.719609374999962,13.719609374999962
KNYC,HRRR,2026-05-19 21:00:00+00:00,2026-05-20,1,75.66613891601567,92.0,-16.33386108398433,16.33386108398433
KNYC,HRRR,2026-05-19 22:00:00+00:00,2026-05-20,1,78.60135620117191,92.0,-13.39864379882809,13.39864379882809
KNYC,HRRR,2026-05-20 00:00:00+00:00,2026-05-20,1,89.61569946289066,92.0,-2.3843005371093398,2.3843005371093398
KNYC,HRRR,2026-05-20 01:00:00+00:00,2026-05-20,1,80.72413452148442,92.0,-11.275865478515584,11.275865478515584
KNYC,HRRR,2026-05-20 02:00:00+00:00,2026-05-20,1,81.22571533203129,92.0,-10.774284667968715,10.774284667968715
KNYC,HRRR,2026-05-20 03:00:00+00:00,2026-05-20,1,84.53221557617192,92.0,-7.467784423828078,7.467784423828078
KNYC,NBM,2026-05-19 06:00:00+00:00,2026-05-20,1,95.2699780273438,92.0,3.2699780273437966,3.2699780273437966
KNYC,NBM,2026-05-19 12:00:00+00:00,2026-05-20,1,95.44998901367191,92.0,3.4499890136719102,3.4499890136719102
KNYC,NBM,2026-05-19 18:00:00+00:00,2026-05-20,1,95.44998901367191,92.0,3.4499890136719102,3.4499890136719102
KNYC,NBM,2026-05-20 00:00:00+00:00,2026-05-20,1,93.46997802734379,92.0,1.4699780273437852,1.4699780273437852
KNYC,ECMWF,2026-05-18 06:00:00+00:00,2026-05-20,2,93.9,92.0,1.9000000000000057,1.9000000000000057
KNYC,ECMWF,2026-05-18 12:00:00+00:00,2026-05-20,2,96.6,92.0,4.599999999999994,4.599999999999994
KNYC,ECMWF,2026-05-18 18:00:00+00:00,2026-05-20,2,97.5,92.0,5.5,5.5
KNYC,ECMWF,2026-05-19 00:00:00+00:00,2026-05-20,2,99.2,92.0,7.200000000000003,7.200000000000003
KNYC,GFS,2026-05-18 06:00:00+00:00,2026-05-20,2,94.6,92.0,2.5999999999999943,2.5999999999999943
KNYC,GFS,2026-05-18 12:00:00+00:00,2026-05-20,2,95.1,92.0,3.0999999999999943,3.0999999999999943
KNYC,GFS,2026-05-18 18:00:00+00:00,2026-05-20,2,94.6,92.0,2.5999999999999943,2.5999999999999943
KNYC,GFS,2026-05-19 00:00:00+00:00,2026-05-20,2,95.8,92.0,3.799999999999997,3.799999999999997
KNYC,NBM,2026-05-18 06:00:00+00:00,2026-05-20,2,95.2699780273438,92.0,3.2699780273437966,3.2699780273437966
KNYC,NBM,2026-05-18 12:00:00+00:00,2026-05-20,2,95.63000000000004,92.0,3.630000000000038,3.630000000000038
KNYC,NBM,2026-05-18 18:00:00+00:00,2026-05-20,2,95.9900219726563,92.0,3.9900219726562938,3.9900219726562938
KNYC,NBM,2026-05-19 00:00:00+00:00,2026-05-20,2,95.63000000000004,92.0,3.630000000000038,3.630000000000038
KNYC,ECMWF,2026-05-17 06:00:00+00:00,2026-05-20,3,97.5,92.0,5.5,5.5
KNYC,ECMWF,2026-05-17 12:00:00+00:00,2026-05-20,3,97.3,92.0,5.299999999999997,5.299999999999997
KNYC,ECMWF,2026-05-17 18:00:00+00:00,2026-05-20,3,96.3,92.0,4.299999999999997,4.299999999999997
KNYC,ECMWF,2026-05-18 00:00:00+00:00,2026-05-20,3,92.9,92.0,0.9000000000000057,0.9000000000000057
KNYC,GFS,2026-05-17 06:00:00+00:00,2026-05-20,3,92.4,92.0,0.4000000000000057,0.4000000000000057
KNYC,GFS,2026-05-17 12:00:00+00:00,2026-05-20,3,93.5,92.0,1.5,1.5
KNYC,GFS,2026-05-17 18:00:00+00:00,2026-05-20,3,94.0,92.0,2.0,2.0
KNYC,GFS,2026-05-18 00:00:00+00:00,2026-05-20,3,95.3,92.0,3.299999999999997,3.299999999999997
KNYC,NBM,2026-05-17 06:00:00+00:00,2026-05-20,3,94.73000000000005,92.0,2.7300000000000466,2.7300000000000466
KNYC,NBM,2026-05-17 12:00:00+00:00,2026-05-20,3,95.09002197265629,92.0,3.090021972656288,3.090021972656288
KNYC,NBM,2026-05-17 18:00:00+00:00,2026-05-20,3,95.9900219726563,92.0,3.9900219726562938,3.9900219726562938
KNYC,NBM,2026-05-18 00:00:00+00:00,2026-05-20,3,96.34998901367192,92.0,4.349989013671916,4.349989013671916
KNYC,ECMWF,2026-05-16 06:00:00+00:00,2026-05-20,4,97.5,92.0,5.5,5.5
KNYC,ECMWF,2026-05-16 12:00:00+00:00,2026-05-20,4,97.5,92.0,5.5,5.5
KNYC,ECMWF,2026-05-16 18:00:00+00:00,2026-05-20,4,94.3,92.0,2.299999999999997,2.299999999999997
KNYC,ECMWF,2026-05-17 00:00:00+00:00,2026-05-20,4,96.7,92.0,4.700000000000003,4.700000000000003
KNYC,GFS,2026-05-16 06:00:00+00:00,2026-05-20,4,95.7,92.0,3.700000000000003,3.700000000000003
KNYC,GFS,2026-05-16 12:00:00+00:00,2026-05-20,4,95.7,92.0,3.700000000000003,3.700000000000003
KNYC,GFS,2026-05-16 18:00:00+00:00,2026-05-20,4,95.7,92.0,3.700000000000003,3.700000000000003
KNYC,GFS,2026-05-17 00:00:00+00:00,2026-05-20,4,94.0,92.0,2.0,2.0
KNYC,NBM,2026-05-16 06:00:00+00:00,2026-05-20,4,96.34998901367192,92.0,4.349989013671916,4.349989013671916
KNYC,NBM,2026-05-16 12:00:00+00:00,2026-05-20,4,95.81001098632817,92.0,3.810010986328166,3.810010986328166
KNYC,NBM,2026-05-16 18:00:00+00:00,2026-05-20,4,95.81001098632817,92.0,3.810010986328166,3.810010986328166
KNYC,NBM,2026-05-17 00:00:00+00:00,2026-05-20,4,95.2699780273438,92.0,3.2699780273437966,3.2699780273437966
KNYC,ECMWF,2026-05-15 06:00:00+00:00,2026-05-20,5,96.8,92.0,4.799999999999997,4.799999999999997
KNYC,ECMWF,2026-05-15 12:00:00+00:00,2026-05-20,5,96.6,92.0,4.599999999999994,4.599999999999994
KNYC,ECMWF,2026-05-15 18:00:00+00:00,2026-05-20,5,94.7,92.0,2.700000000000003,2.700000000000003
KNYC,ECMWF,2026-05-16 00:00:00+00:00,2026-05-20,5,97.5,92.0,5.5,5.5
KNYC,GFS,2026-05-15 06:00:00+00:00,2026-05-20,5,94.8,92.0,2.799999999999997,2.799999999999997
KNYC,GFS,2026-05-15 12:00:00+00:00,2026-05-20,5,94.3,92.0,2.299999999999997,2.299999999999997
KNYC,GFS,2026-05-15 18:00:00+00:00,2026-05-20,5,95.9,92.0,3.9000000000000057,3.9000000000000057
KNYC,GFS,2026-05-16 00:00:00+00:00,2026-05-20,5,95.7,92.0,3.700000000000003,3.700000000000003
KNYC,NBM,2026-05-15 06:00:00+00:00,2026-05-20,5,95.09002197265629,92.0,3.090021972656288,3.090021972656288
KNYC,NBM,2026-05-15 12:00:00+00:00,2026-05-20,5,95.09002197265629,92.0,3.090021972656288,3.090021972656288
KNYC,NBM,2026-05-15 18:00:00+00:00,2026-05-20,5,95.9900219726563,92.0,3.9900219726562938,3.9900219726562938
KNYC,NBM,2026-05-16 00:00:00+00:00,2026-05-20,5,96.34998901367192,92.0,4.349989013671916,4.349989013671916
KNYC,ECMWF,2026-05-14 06:00:00+00:00,2026-05-20,6,93.3,92.0,1.2999999999999972,1.2999999999999972
KNYC,ECMWF,2026-05-14 12:00:00+00:00,2026-05-20,6,94.8,92.0,2.799999999999997,2.799999999999997
KNYC,ECMWF,2026-05-14 18:00:00+00:00,2026-05-20,6,94.8,92.0,2.799999999999997,2.799999999999997
KNYC,ECMWF,2026-05-15 00:00:00+00:00,2026-05-20,6,97.2,92.0,5.200000000000003,5.200000000000003
KNYC,GFS,2026-05-14 06:00:00+00:00,2026-05-20,6,76.4,92.0,-15.599999999999994,15.599999999999994
KNYC,GFS,2026-05-14 12:00:00+00:00,2026-05-20,6,92.4,92.0,0.4000000000000057,0.4000000000000057
KNYC,GFS,2026-05-14 18:00:00+00:00,2026-05-20,6,91.3,92.0,-0.7000000000000028,0.7000000000000028
KNYC,GFS,2026-05-15 00:00:00+00:00,2026-05-20,6,94.8,92.0,2.799999999999997,2.799999999999997
KNYC,NBM,2026-05-14 06:00:00+00:00,2026-05-20,6,95.44998901367191,92.0,3.4499890136719102,3.4499890136719102
KNYC,NBM,2026-05-14 12:00:00+00:00,2026-05-20,6,95.81001098632817,92.0,3.810010986328166,3.810010986328166
KNYC,NBM,2026-05-14 18:00:00+00:00,2026-05-20,6,95.44998901367191,92.0,3.4499890136719102,3.4499890136719102
KNYC,NBM,2026-05-15 00:00:00+00:00,2026-05-20,6,95.63000000000004,92.0,3.630000000000038,3.630000000000038
KNYC,ECMWF,2026-05-13 06:00:00+00:00,2026-05-20,7,81.3,92.0,-10.700000000000003,10.700000000000003
KNYC,ECMWF,2026-05-13 12:00:00+00:00,2026-05-20,7,96.0,92.0,4.0,4.0
KNYC,ECMWF,2026-05-13 18:00:00+00:00,2026-05-20,7,96.0,92.0,4.0,4.0
KNYC,ECMWF,2026-05-14 00:00:00+00:00,2026-05-20,7,93.3,92.0,1.2999999999999972,1.2999999999999972
KNYC,GFS,2026-05-13 06:00:00+00:00,2026-05-20,7,87.9,92.0,-4.099999999999994,4.099999999999994
KNYC,GFS,2026-05-13 12:00:00+00:00,2026-05-20,7,76.4,92.0,-15.599999999999994,15.599999999999994
KNYC,GFS,2026-05-13 18:00:00+00:00,2026-05-20,7,74.2,92.0,-17.799999999999997,17.799999999999997
KNYC,GFS,2026-05-14 00:00:00+00:00,2026-05-20,7,75.0,92.0,-17.0,17.0
KNYC,NBM,2026-05-13 06:00:00+00:00,2026-05-20,7,91.4900219726563,92.0,-0.5099780273437062,0.5099780273437062
KNYC,NBM,2026-05-13 12:00:00+00:00,2026-05-20,7,91.66997802734379,92.0,-0.3300219726562119,0.3300219726562119
KNYC,NBM,2026-05-13 18:00:00+00:00,2026-05-20,7,93.64998901367191,92.0,1.649989013671913,1.649989013671913
KNYC,NBM,2026-05-14 00:00:00+00:00,2026-05-20,7,94.54998901367192,92.0,2.5499890136719188,2.5499890136719188
KORD,ECMWF,2026-05-20 06:00:00+00:00,2026-05-20,0,58.6,59.0,-0.3999999999999986,0.3999999999999986
KORD,ECMWF,2026-05-20 12:00:00+00:00,2026-05-20,0,60.0,59.0,1.0,1.0
KORD,ECMWF,2026-05-20 18:00:00+00:00,2026-05-20,0,56.6,59.0,-2.3999999999999986,2.3999999999999986
KORD,ECMWF,2026-05-21 00:00:00+00:00,2026-05-20,0,52.8,59.0,-6.200000000000003,6.200000000000003
KORD,GFS,2026-05-20 06:00:00+00:00,2026-05-20,0,60.2,59.0,1.2000000000000028,1.2000000000000028
KORD,GFS,2026-05-20 12:00:00+00:00,2026-05-20,0,60.8,59.0,1.7999999999999972,1.7999999999999972
KORD,GFS,2026-05-20 18:00:00+00:00,2026-05-20,0,58.6,59.0,-0.3999999999999986,0.3999999999999986
KORD,GFS,2026-05-21 00:00:00+00:00,2026-05-20,0,53.2,59.0,-5.799999999999997,5.799999999999997
KORD,HRRR,2026-05-20 05:00:00+00:00,2026-05-20,0,59.99491088867192,59.0,0.9949108886719173,0.9949108886719173
KORD,HRRR,2026-05-20 06:00:00+00:00,2026-05-20,0,60.31565673828129,59.0,1.315656738281291,1.315656738281291
KORD,HRRR,2026-05-20 07:00:00+00:00,2026-05-20,0,60.71424072265629,59.0,1.7142407226562923,1.7142407226562923
KORD,HRRR,2026-05-20 08:00:00+00:00,2026-05-20,0,60.44639404296879,59.0,1.446394042968791,1.446394042968791
KORD,HRRR,2026-05-20 09:00:00+00:00,2026-05-20,0,61.67763183593754,59.0,2.6776318359375395,2.6776318359375395
KORD,HRRR,2026-05-20 10:00:00+00:00,2026-05-20,0,60.99098632812504,59.0,1.9909863281250395,1.9909863281250395
KORD,HRRR,2026-05-20 11:00:00+00:00,2026-05-20,0,59.882740478515665,59.0,0.8827404785156645,0.8827404785156645
KORD,HRRR,2026-05-20 12:00:00+00:00,2026-05-20,0,60.278028564453166,59.0,1.278028564453166,1.278028564453166
KORD,HRRR,2026-05-20 13:00:00+00:00,2026-05-20,0,61.317170410156294,59.0,2.3171704101562938,2.3171704101562938
KORD,HRRR,2026-05-20 14:00:00+00:00,2026-05-20,0,60.68062255859379,59.0,1.6806225585937895,1.6806225585937895
KORD,HRRR,2026-05-20 15:00:00+00:00,2026-05-20,0,60.05022705078129,59.0,1.050227050781288,1.050227050781288
KORD,HRRR,2026-05-20 16:00:00+00:00,2026-05-20,0,60.020069580078165,59.0,1.0200695800781645,1.0200695800781645
KORD,HRRR,2026-05-20 17:00:00+00:00,2026-05-20,0,58.24204223632817,59.0,-0.7579577636718327,0.7579577636718327
KORD,HRRR,2026-05-20 18:00:00+00:00,2026-05-20,0,59.26426513671879,59.0,0.2642651367187909,0.2642651367187909
KORD,HRRR,2026-05-20 19:00:00+00:00,2026-05-20,0,57.34813964843754,59.0,-1.651860351562462,1.651860351562462
KORD,HRRR,2026-05-20 20:00:00+00:00,2026-05-20,0,57.14505737304692,59.0,-1.8549426269530827,1.8549426269530827
KORD,HRRR,2026-05-20 21:00:00+00:00,2026-05-20,0,56.208527832031294,59.0,-2.7914721679687062,2.7914721679687062
KORD,HRRR,2026-05-20 22:00:00+00:00,2026-05-20,0,55.33835571289067,59.0,-3.6616442871093327,3.6616442871093327
KORD,HRRR,2026-05-20 23:00:00+00:00,2026-05-20,0,53.45343139648442,59.0,-5.546568603515581,5.546568603515581
KORD,HRRR,2026-05-21 00:00:00+00:00,2026-05-20,0,51.962476806640666,59.0,-7.037523193359334,7.037523193359334
KORD,HRRR,2026-05-21 01:00:00+00:00,2026-05-20,0,49.65567749023442,59.0,-9.344322509765583,9.344322509765583
KORD,HRRR,2026-05-21 02:00:00+00:00,2026-05-20,0,48.40828979492191,59.0,-10.591710205078087,10.591710205078087
KORD,HRRR,2026-05-21 03:00:00+00:00,2026-05-20,0,48.22009399414067,59.0,-10.779906005859331,10.779906005859331
KORD,NBM,2026-05-20 06:00:00+00:00,2026-05-20,0,59.990021972656294,59.0,0.9900219726562938,0.9900219726562938
KORD,NBM,2026-05-20 12:00:00+00:00,2026-05-20,0,60.349989013671916,59.0,1.349989013671916,1.349989013671916
KORD,ECMWF,2026-05-19 06:00:00+00:00,2026-05-20,1,57.9,59.0,-1.1000000000000014,1.1000000000000014
KORD,ECMWF,2026-05-19 12:00:00+00:00,2026-05-20,1,56.3,59.0,-2.700000000000003,2.700000000000003
KORD,ECMWF,2026-05-19 18:00:00+00:00,2026-05-20,1,57.6,59.0,-1.3999999999999986,1.3999999999999986
KORD,ECMWF,2026-05-20 00:00:00+00:00,2026-05-20,1,58.6,59.0,-0.3999999999999986,0.3999999999999986
KORD,GFS,2026-05-19 06:00:00+00:00,2026-05-20,1,56.5,59.0,-2.5,2.5
KORD,GFS,2026-05-19 12:00:00+00:00,2026-05-20,1,56.8,59.0,-2.200000000000003,2.200000000000003
KORD,GFS,2026-05-19 18:00:00+00:00,2026-05-20,1,58.0,59.0,-1.0,1.0
KORD,GFS,2026-05-20 00:00:00+00:00,2026-05-20,1,59.6,59.0,0.6000000000000014,0.6000000000000014
KORD,HRRR,2026-05-19 18:00:00+00:00,2026-05-20,1,58.71297119140629,59.0,-0.2870288085937105,0.2870288085937105
KORD,HRRR,2026-05-19 19:00:00+00:00,2026-05-20,1,59.16720092773441,59.0,0.16720092773441309,0.16720092773441309
KORD,HRRR,2026-05-19 20:00:00+00:00,2026-05-20,1,59.44411132812504,59.0,0.4441113281250395,0.4441113281250395
KORD,HRRR,2026-05-19 21:00:00+00:00,2026-05-20,1,60.48506591796879,59.0,1.4850659179687895,1.4850659179687895
KORD,HRRR,2026-05-19 22:00:00+00:00,2026-05-20,1,59.80924194335942,59.0,0.8092419433594173,0.8092419433594173
KORD,HRRR,2026-05-20 00:00:00+00:00,2026-05-20,1,61.26833618164066,59.0,2.268336181640663,2.268336181640663
KORD,HRRR,2026-05-20 01:00:00+00:00,2026-05-20,1,59.97595947265629,59.0,0.9759594726562923,0.9759594726562923
KORD,HRRR,2026-05-20 02:00:00+00:00,2026-05-20,1,59.61807983398442,59.0,0.6180798339844173,0.6180798339844173
KORD,HRRR,2026-05-20 03:00:00+00:00,2026-05-20,1,60.16723144531254,59.0,1.167231445312538,1.167231445312538
KORD,HRRR,2026-05-20 04:00:00+00:00,2026-05-20,1,61.448292236328165,59.0,2.4482922363281645,2.4482922363281645
KORD,NBM,2026-05-19 06:00:00+00:00,2026-05-20,1,58.36997802734379,59.0,-0.6300219726562091,0.6300219726562091
KORD,NBM,2026-05-19 12:00:00+00:00,2026-05-20,1,58.54998901367192,59.0,-0.45001098632808123,0.45001098632808123
KORD,NBM,2026-05-19 18:00:00+00:00,2026-05-20,1,59.09002197265629,59.0,0.09002197265628809,0.09002197265628809
KORD,NBM,2026-05-20 00:00:00+00:00,2026-05-20,1,58.91001098632817,59.0,-0.08998901367183265,0.08998901367183265
KORD,ECMWF,2026-05-18 06:00:00+00:00,2026-05-20,2,58.8,59.0,-0.20000000000000284,0.20000000000000284
KORD,ECMWF,2026-05-18 12:00:00+00:00,2026-05-20,2,57.7,59.0,-1.2999999999999972,1.2999999999999972
KORD,ECMWF,2026-05-18 18:00:00+00:00,2026-05-20,2,59.0,59.0,0.0,0.0
KORD,ECMWF,2026-05-19 00:00:00+00:00,2026-05-20,2,58.0,59.0,-1.0,1.0
KORD,GFS,2026-05-18 06:00:00+00:00,2026-05-20,2,57.2,59.0,-1.7999999999999972,1.7999999999999972
KORD,GFS,2026-05-18 12:00:00+00:00,2026-05-20,2,56.1,59.0,-2.8999999999999986,2.8999999999999986
KORD,GFS,2026-05-18 18:00:00+00:00,2026-05-20,2,56.7,59.0,-2.299999999999997,2.299999999999997
KORD,GFS,2026-05-19 00:00:00+00:00,2026-05-20,2,56.0,59.0,-3.0,3.0
KORD,NBM,2026-05-18 06:00:00+00:00,2026-05-20,2,57.83000000000004,59.0,-1.169999999999959,1.169999999999959
KORD,NBM,2026-05-18 12:00:00+00:00,2026-05-20,2,58.73000000000004,59.0,-0.2699999999999605,0.2699999999999605
KORD,NBM,2026-05-18 18:00:00+00:00,2026-05-20,2,58.36997802734379,59.0,-0.6300219726562091,0.6300219726562091
KORD,NBM,2026-05-19 00:00:00+00:00,2026-05-20,2,58.19002197265629,59.0,-0.8099780273437105,0.8099780273437105
KORD,ECMWF,2026-05-17 06:00:00+00:00,2026-05-20,3,58.5,59.0,-0.5,0.5
KORD,ECMWF,2026-05-17 12:00:00+00:00,2026-05-20,3,58.0,59.0,-1.0,1.0
KORD,ECMWF,2026-05-17 18:00:00+00:00,2026-05-20,3,59.8,59.0,0.7999999999999972,0.7999999999999972
KORD,ECMWF,2026-05-18 00:00:00+00:00,2026-05-20,3,58.5,59.0,-0.5,0.5
KORD,GFS,2026-05-17 06:00:00+00:00,2026-05-20,3,57.0,59.0,-2.0,2.0
KORD,GFS,2026-05-17 12:00:00+00:00,2026-05-20,3,56.8,59.0,-2.200000000000003,2.200000000000003
KORD,GFS,2026-05-17 18:00:00+00:00,2026-05-20,3,57.7,59.0,-1.2999999999999972,1.2999999999999972
KORD,GFS,2026-05-18 00:00:00+00:00,2026-05-20,3,58.6,59.0,-0.3999999999999986,0.3999999999999986
KORD,NBM,2026-05-17 06:00:00+00:00,2026-05-20,3,59.810010986328166,59.0,0.8100109863281659,0.8100109863281659
KORD,NBM,2026-05-17 12:00:00+00:00,2026-05-20,3,59.810010986328166,59.0,0.8100109863281659,0.8100109863281659
KORD,NBM,2026-05-17 18:00:00+00:00,2026-05-20,3,60.89002197265629,59.0,1.8900219726562923,1.8900219726562923
KORD,NBM,2026-05-18 00:00:00+00:00,2026-05-20,3,59.63000000000004,59.0,0.6300000000000381,0.6300000000000381
KORD,ECMWF,2026-05-16 06:00:00+00:00,2026-05-20,4,62.4,59.0,3.3999999999999986,3.3999999999999986
KORD,ECMWF,2026-05-16 12:00:00+00:00,2026-05-20,4,63.5,59.0,4.5,4.5
KORD,ECMWF,2026-05-16 18:00:00+00:00,2026-05-20,4,62.5,59.0,3.5,3.5
KORD,ECMWF,2026-05-17 00:00:00+00:00,2026-05-20,4,61.2,59.0,2.200000000000003,2.200000000000003
KORD,GFS,2026-05-16 06:00:00+00:00,2026-05-20,4,65.7,59.0,6.700000000000003,6.700000000000003
KORD,GFS,2026-05-16 12:00:00+00:00,2026-05-20,4,57.4,59.0,-1.6000000000000014,1.6000000000000014
KORD,GFS,2026-05-16 18:00:00+00:00,2026-05-20,4,57.4,59.0,-1.6000000000000014,1.6000000000000014
KORD,GFS,2026-05-17 00:00:00+00:00,2026-05-20,4,59.7,59.0,0.7000000000000028,0.7000000000000028
KORD,NBM,2026-05-16 06:00:00+00:00,2026-05-20,4,62.86997802734379,59.0,3.869978027343791,3.869978027343791
KORD,NBM,2026-05-16 12:00:00+00:00,2026-05-20,4,62.86997802734379,59.0,3.869978027343791,3.869978027343791
KORD,NBM,2026-05-16 18:00:00+00:00,2026-05-20,4,63.23000000000004,59.0,4.2300000000000395,4.2300000000000395
KORD,NBM,2026-05-17 00:00:00+00:00,2026-05-20,4,61.79002197265629,59.0,2.790021972656291,2.790021972656291
KORD,ECMWF,2026-05-15 18:00:00+00:00,2026-05-20,5,63.1,59.0,4.100000000000001,4.100000000000001
KORD,ECMWF,2026-05-16 00:00:00+00:00,2026-05-20,5,63.1,59.0,4.100000000000001,4.100000000000001
KORD,GFS,2026-05-15 18:00:00+00:00,2026-05-20,5,64.9,59.0,5.900000000000006,5.900000000000006
KORD,GFS,2026-05-16 00:00:00+00:00,2026-05-20,5,65.7,59.0,6.700000000000003,6.700000000000003
KORD,NBM,2026-05-15 12:00:00+00:00,2026-05-20,5,67.36997802734379,59.0,8.369978027343791,8.369978027343791
KORD,NBM,2026-05-15 18:00:00+00:00,2026-05-20,5,66.11001098632816,59.0,7.110010986328163,7.110010986328163
KORD,NBM,2026-05-16 00:00:00+00:00,2026-05-20,5,63.76997802734379,59.0,4.7699780273437895,4.7699780273437895
KLGA,ECMWF,2026-05-21 06:00:00+00:00,2026-05-21,0,68.0,66.0,2.0,2.0
KLGA,ECMWF,2026-05-21 12:00:00+00:00,2026-05-21,0,62.9,66.0,-3.1000000000000014,3.1000000000000014
KLGA,ECMWF,2026-05-21 18:00:00+00:00,2026-05-21,0,60.2,66.0,-5.799999999999997,5.799999999999997
KLGA,ECMWF,2026-05-22 00:00:00+00:00,2026-05-21,0,59.2,66.0,-6.799999999999997,6.799999999999997
KLGA,GFS,2026-05-21 06:00:00+00:00,2026-05-21,0,64.4,66.0,-1.5999999999999943,1.5999999999999943
KLGA,GFS,2026-05-21 12:00:00+00:00,2026-05-21,0,63.0,66.0,-3.0,3.0
KLGA,GFS,2026-05-21 18:00:00+00:00,2026-05-21,0,63.0,66.0,-3.0,3.0
KLGA,GFS,2026-05-22 00:00:00+00:00,2026-05-21,0,60.9,66.0,-5.100000000000001,5.100000000000001
KLGA,HRRR,2026-05-21 04:00:00+00:00,2026-05-21,0,66.06507690429692,66.0,0.06507690429691593,0.06507690429691593
KLGA,HRRR,2026-05-21 05:00:00+00:00,2026-05-21,0,64.3808178710938,66.0,-1.6191821289062034,1.6191821289062034
KLGA,HRRR,2026-05-21 06:00:00+00:00,2026-05-21,0,63.728834228515666,66.0,-2.271165771484334,2.271165771484334
KLGA,HRRR,2026-05-21 07:00:00+00:00,2026-05-21,0,64.36082275390629,66.0,-1.639177246093709,1.639177246093709
KLGA,HRRR,2026-05-21 08:00:00+00:00,2026-05-21,0,66.0995190429688,66.0,0.09951904296879377,0.09951904296879377
KLGA,HRRR,2026-05-21 09:00:00+00:00,2026-05-21,0,63.16831176757817,66.0,-2.8316882324218327,2.8316882324218327
KLGA,HRRR,2026-05-21 10:00:00+00:00,2026-05-21,0,63.54821899414067,66.0,-2.4517810058593312,2.4517810058593312
KLGA,HRRR,2026-05-21 11:00:00+00:00,2026-05-21,0,62.930347900390665,66.0,-3.0696520996093355,3.0696520996093355
KLGA,HRRR,2026-05-21 12:00:00+00:00,2026-05-21,0,65.10476196289066,66.0,-0.8952380371093369,0.8952380371093369
KLGA,HRRR,2026-05-21 13:00:00+00:00,2026-05-21,0,65.8387036132813,66.0,-0.1612963867187034,0.1612963867187034
KLGA,HRRR,2026-05-21 14:00:00+00:00,2026-05-21,0,64.87904785156255,66.0,-1.1209521484374534,1.1209521484374534
KLGA,HRRR,2026-05-21 15:00:00+00:00,2026-05-21,0,64.17421997070316,66.0,-1.825780029296837,1.825780029296837
KLGA,HRRR,2026-05-21 16:00:00+00:00,2026-05-21,0,62.987092285156294,66.0,-3.0129077148437062,3.0129077148437062
KLGA,HRRR,2026-05-21 17:00:00+00:00,2026-05-21,0,61.718171386718794,66.0,-4.281828613281206,4.281828613281206
KLGA,HRRR,2026-05-21 18:00:00+00:00,2026-05-21,0,60.77906005859379,66.0,-5.220939941406208,5.220939941406208
KLGA,HRRR,2026-05-21 19:00:00+00:00,2026-05-21,0,61.31706054687504,66.0,-4.682939453124959,4.682939453124959
KLGA,HRRR,2026-05-21 20:00:00+00:00,2026-05-21,0,61.45059936523442,66.0,-4.549400634765583,4.549400634765583
KLGA,HRRR,2026-05-21 21:00:00+00:00,2026-05-21,0,60.931934814453165,66.0,-5.0680651855468355,5.0680651855468355
KLGA,HRRR,2026-05-21 22:00:00+00:00,2026-05-21,0,62.15482299804692,66.0,-3.8451770019530827,3.8451770019530827
KLGA,HRRR,2026-05-21 23:00:00+00:00,2026-05-21,0,61.18747680664067,66.0,-4.812523193359333,4.812523193359333
KLGA,HRRR,2026-05-22 00:00:00+00:00,2026-05-21,0,59.96173217773442,66.0,-6.038267822265581,6.038267822265581
KLGA,HRRR,2026-05-22 01:00:00+00:00,2026-05-21,0,58.70176513671879,66.0,-7.298234863281209,7.298234863281209
KLGA,HRRR,2026-05-22 02:00:00+00:00,2026-05-21,0,58.19123046875004,66.0,-7.808769531249958,7.808769531249958
KLGA,NBM,2026-05-21 06:00:00+00:00,2026-05-21,0,64.31001098632817,66.0,-1.689989013671834,1.689989013671834
KLGA,NBM,2026-05-21 12:00:00+00:00,2026-05-21,0,64.84998901367192,66.0,-1.150010986328084,1.150010986328084
KLGA,ECMWF,2026-05-20 06:00:00+00:00,2026-05-21,1,68.7,66.0,2.700000000000003,2.700000000000003
KLGA,ECMWF,2026-05-20 12:00:00+00:00,2026-05-21,1,69.2,66.0,3.200000000000003,3.200000000000003
KLGA,ECMWF,2026-05-20 18:00:00+00:00,2026-05-21,1,71.0,66.0,5.0,5.0
KLGA,ECMWF,2026-05-21 00:00:00+00:00,2026-05-21,1,70.9,66.0,4.900000000000006,4.900000000000006
KLGA,GFS,2026-05-20 06:00:00+00:00,2026-05-21,1,67.1,66.0,1.0999999999999943,1.0999999999999943
KLGA,GFS,2026-05-20 12:00:00+00:00,2026-05-21,1,65.6,66.0,-0.4000000000000057,0.4000000000000057
KLGA,GFS,2026-05-20 18:00:00+00:00,2026-05-21,1,69.2,66.0,3.200000000000003,3.200000000000003
KLGA,GFS,2026-05-21 00:00:00+00:00,2026-05-21,1,68.2,66.0,2.200000000000003,2.200000000000003
KLGA,HRRR,2026-05-20 17:00:00+00:00,2026-05-21,1,68.89812133789067,66.0,2.8981213378906716,2.8981213378906716
KLGA,HRRR,2026-05-20 18:00:00+00:00,2026-05-21,1,71.99242065429692,66.0,5.992420654296922,5.992420654296922
KLGA,HRRR,2026-05-20 19:00:00+00:00,2026-05-21,1,68.09661376953129,66.0,2.096613769531288,2.096613769531288
KLGA,HRRR,2026-05-20 20:00:00+00:00,2026-05-21,1,68.60566528320317,66.0,2.605665283203166,2.605665283203166
KLGA,HRRR,2026-05-20 21:00:00+00:00,2026-05-21,1,67.56383178710942,66.0,1.5638317871094216,1.5638317871094216
KLGA,HRRR,2026-05-20 22:00:00+00:00,2026-05-21,1,68.01388671875004,66.0,2.0138867187500438,2.0138867187500438
KLGA,HRRR,2026-05-21 00:00:00+00:00,2026-05-21,1,67.08548706054691,66.0,1.0854870605469102,1.0854870605469102
KLGA,HRRR,2026-05-21 01:00:00+00:00,2026-05-21,1,67.13454101562505,66.0,1.1345410156250466,1.1345410156250466
KLGA,HRRR,2026-05-21 02:00:00+00:00,2026-05-21,1,67.04895751953129,66.0,1.0489575195312852,1.0489575195312852
KLGA,HRRR,2026-05-21 03:00:00+00:00,2026-05-21,1,66.89509399414067,66.0,0.8950939941406659,0.8950939941406659
KLGA,NBM,2026-05-20 06:00:00+00:00,2026-05-21,1,63.41001098632817,66.0,-2.5899890136718327,2.5899890136718327
KLGA,NBM,2026-05-20 12:00:00+00:00,2026-05-21,1,63.04998901367192,66.0,-2.9500109863280812,2.9500109863280812
KLGA,NBM,2026-05-20 18:00:00+00:00,2026-05-21,1,63.59002197265629,66.0,-2.409978027343712,2.409978027343712
KLGA,NBM,2026-05-21 00:00:00+00:00,2026-05-21,1,63.41001098632817,66.0,-2.5899890136718327,2.5899890136718327
KLGA,ECMWF,2026-05-19 06:00:00+00:00,2026-05-21,2,69.4,66.0,3.4000000000000057,3.4000000000000057
KLGA,ECMWF,2026-05-19 12:00:00+00:00,2026-05-21,2,70.6,66.0,4.599999999999994,4.599999999999994
KLGA,ECMWF,2026-05-19 18:00:00+00:00,2026-05-21,2,69.4,66.0,3.4000000000000057,3.4000000000000057
KLGA,ECMWF,2026-05-20 00:00:00+00:00,2026-05-21,2,67.7,66.0,1.7000000000000028,1.7000000000000028
KLGA,GFS,2026-05-19 06:00:00+00:00,2026-05-21,2,72.1,66.0,6.099999999999994,6.099999999999994
KLGA,GFS,2026-05-19 12:00:00+00:00,2026-05-21,2,68.8,66.0,2.799999999999997,2.799999999999997
KLGA,GFS,2026-05-19 18:00:00+00:00,2026-05-21,2,68.4,66.0,2.4000000000000057,2.4000000000000057
KLGA,GFS,2026-05-20 00:00:00+00:00,2026-05-21,2,65.3,66.0,-0.7000000000000028,0.7000000000000028
KLGA,NBM,2026-05-19 06:00:00+00:00,2026-05-21,2,69.34998901367192,66.0,3.349989013671916,3.349989013671916
KLGA,NBM,2026-05-19 12:00:00+00:00,2026-05-21,2,67.36997802734379,66.0,1.369978027343791,1.369978027343791
KLGA,NBM,2026-05-19 18:00:00+00:00,2026-05-21,2,66.83000000000004,66.0,0.8300000000000409,0.8300000000000409
KLGA,NBM,2026-05-20 00:00:00+00:00,2026-05-21,2,65.39002197265629,66.0,-0.6099780273437148,0.6099780273437148
KLGA,ECMWF,2026-05-18 06:00:00+00:00,2026-05-21,3,70.5,66.0,4.5,4.5
KLGA,ECMWF,2026-05-18 12:00:00+00:00,2026-05-21,3,71.9,66.0,5.900000000000006,5.900000000000006
KLGA,ECMWF,2026-05-18 18:00:00+00:00,2026-05-21,3,68.3,66.0,2.299999999999997,2.299999999999997
KLGA,ECMWF,2026-05-19 00:00:00+00:00,2026-05-21,3,69.4,66.0,3.4000000000000057,3.4000000000000057
KLGA,GFS,2026-05-18 06:00:00+00:00,2026-05-21,3,70.0,66.0,4.0,4.0
KLGA,GFS,2026-05-18 12:00:00+00:00,2026-05-21,3,65.7,66.0,-0.29999999999999716,0.29999999999999716
KLGA,GFS,2026-05-18 18:00:00+00:00,2026-05-21,3,70.5,66.0,4.5,4.5
KLGA,GFS,2026-05-19 00:00:00+00:00,2026-05-21,3,69.1,66.0,3.0999999999999943,3.0999999999999943
KLGA,NBM,2026-05-18 06:00:00+00:00,2026-05-21,3,71.14998901367191,66.0,5.149989013671913,5.149989013671913
KLGA,NBM,2026-05-18 12:00:00+00:00,2026-05-21,3,71.86997802734379,66.0,5.869978027343791,5.869978027343791
KLGA,NBM,2026-05-18 18:00:00+00:00,2026-05-21,3,70.61001098632816,66.0,4.610010986328163,4.610010986328163
KLGA,NBM,2026-05-19 00:00:00+00:00,2026-05-21,3,70.43000000000004,66.0,4.430000000000035,4.430000000000035
KLGA,ECMWF,2026-05-17 06:00:00+00:00,2026-05-21,4,67.8,66.0,1.7999999999999972,1.7999999999999972
KLGA,ECMWF,2026-05-17 12:00:00+00:00,2026-05-21,4,66.0,66.0,0.0,0.0
KLGA,ECMWF,2026-05-17 18:00:00+00:00,2026-05-21,4,67.2,66.0,1.2000000000000028,1.2000000000000028
KLGA,ECMWF,2026-05-18 00:00:00+00:00,2026-05-21,4,70.7,66.0,4.700000000000003,4.700000000000003
KLGA,GFS,2026-05-17 06:00:00+00:00,2026-05-21,4,73.6,66.0,7.599999999999994,7.599999999999994
KLGA,GFS,2026-05-17 12:00:00+00:00,2026-05-21,4,73.0,66.0,7.0,7.0
KLGA,GFS,2026-05-17 18:00:00+00:00,2026-05-21,4,70.3,66.0,4.299999999999997,4.299999999999997
KLGA,GFS,2026-05-18 00:00:00+00:00,2026-05-21,4,74.1,66.0,8.099999999999994,8.099999999999994
KLGA,NBM,2026-05-17 06:00:00+00:00,2026-05-21,4,71.14998901367191,66.0,5.149989013671913,5.149989013671913
KLGA,NBM,2026-05-17 12:00:00+00:00,2026-05-21,4,70.61001098632816,66.0,4.610010986328163,4.610010986328163
KLGA,NBM,2026-05-17 18:00:00+00:00,2026-05-21,4,70.61001098632816,66.0,4.610010986328163,4.610010986328163
KLGA,NBM,2026-05-18 00:00:00+00:00,2026-05-21,4,70.79002197265629,66.0,4.790021972656291,4.790021972656291
KLGA,ECMWF,2026-05-16 06:00:00+00:00,2026-05-21,5,70.4,66.0,4.400000000000006,4.400000000000006
KLGA,ECMWF,2026-05-16 12:00:00+00:00,2026-05-21,5,72.6,66.0,6.599999999999994,6.599999999999994
KLGA,ECMWF,2026-05-16 18:00:00+00:00,2026-05-21,5,70.6,66.0,4.599999999999994,4.599999999999994
KLGA,ECMWF,2026-05-17 00:00:00+00:00,2026-05-21,5,68.3,66.0,2.299999999999997,2.299999999999997
KLGA,GFS,2026-05-16 06:00:00+00:00,2026-05-21,5,78.9,66.0,12.900000000000006,12.900000000000006
KLGA,GFS,2026-05-16 12:00:00+00:00,2026-05-21,5,70.7,66.0,4.700000000000003,4.700000000000003
KLGA,GFS,2026-05-16 18:00:00+00:00,2026-05-21,5,70.7,66.0,4.700000000000003,4.700000000000003
KLGA,GFS,2026-05-17 00:00:00+00:00,2026-05-21,5,73.1,66.0,7.099999999999994,7.099999999999994
KLGA,NBM,2026-05-16 06:00:00+00:00,2026-05-21,5,73.66997802734379,66.0,7.669978027343788,7.669978027343788
KLGA,NBM,2026-05-16 12:00:00+00:00,2026-05-21,5,72.23000000000005,66.0,6.230000000000047,6.230000000000047
KLGA,NBM,2026-05-16 18:00:00+00:00,2026-05-21,5,71.6900219726563,66.0,5.690021972656297,5.690021972656297
KLGA,NBM,2026-05-17 00:00:00+00:00,2026-05-21,5,71.14998901367191,66.0,5.149989013671913,5.149989013671913
KLGA,ECMWF,2026-05-15 18:00:00+00:00,2026-05-21,6,71.3,66.0,5.299999999999997,5.299999999999997
KLGA,ECMWF,2026-05-16 00:00:00+00:00,2026-05-21,6,71.3,66.0,5.299999999999997,5.299999999999997
KLGA,GFS,2026-05-15 18:00:00+00:00,2026-05-21,6,77.8,66.0,11.799999999999997,11.799999999999997
KLGA,GFS,2026-05-16 00:00:00+00:00,2026-05-21,6,78.9,66.0,12.900000000000006,12.900000000000006
KLGA,NBM,2026-05-15 12:00:00+00:00,2026-05-21,6,73.4900219726563,66.0,7.490021972656294,7.490021972656294
KLGA,NBM,2026-05-15 18:00:00+00:00,2026-05-21,6,74.5699780273438,66.0,8.569978027343794,8.569978027343794
KLGA,NBM,2026-05-16 00:00:00+00:00,2026-05-21,6,72.59002197265629,66.0,6.590021972656288,6.590021972656288
KMDW,ECMWF,2026-05-21 06:00:00+00:00,2026-05-21,0,62.4,61.0,1.3999999999999986,1.3999999999999986
KMDW,ECMWF,2026-05-21 12:00:00+00:00,2026-05-21,0,62.1,61.0,1.1000000000000014,1.1000000000000014
KMDW,ECMWF,2026-05-21 18:00:00+00:00,2026-05-21,0,61.7,61.0,0.7000000000000028,0.7000000000000028
KMDW,ECMWF,2026-05-22 00:00:00+00:00,2026-05-21,0,57.7,61.0,-3.299999999999997,3.299999999999997
KMDW,GFS,2026-05-21 06:00:00+00:00,2026-05-21,0,60.6,61.0,-0.3999999999999986,0.3999999999999986
KMDW,GFS,2026-05-21 12:00:00+00:00,2026-05-21,0,61.5,61.0,0.5,0.5
KMDW,GFS,2026-05-21 18:00:00+00:00,2026-05-21,0,60.8,61.0,-0.20000000000000284,0.20000000000000284
KMDW,GFS,2026-05-22 00:00:00+00:00,2026-05-21,0,53.3,61.0,-7.700000000000003,7.700000000000003
KMDW,HRRR,2026-05-21 05:00:00+00:00,2026-05-21,0,57.98529174804692,61.0,-3.0147082519530812,3.0147082519530812
KMDW,HRRR,2026-05-21 06:00:00+00:00,2026-05-21,0,60.01023681640629,61.0,-0.9897631835937091,0.9897631835937091
KMDW,HRRR,2026-05-21 07:00:00+00:00,2026-05-21,0,60.80075805664067,61.0,-0.19924194335933265,0.19924194335933265
KMDW,HRRR,2026-05-21 08:00:00+00:00,2026-05-21,0,60.660737304687544,61.0,-0.33926269531245623,0.33926269531245623
KMDW,HRRR,2026-05-21 09:00:00+00:00,2026-05-21,0,61.06514404296879,61.0,0.0651440429687895,0.0651440429687895
KMDW,HRRR,2026-05-21 10:00:00+00:00,2026-05-21,0,61.12661254882816,61.0,0.12661254882816309,0.12661254882816309
KMDW,HRRR,2026-05-21 11:00:00+00:00,2026-05-21,0,61.41670654296879,61.0,0.4167065429687895,0.4167065429687895
KMDW,HRRR,2026-05-21 12:00:00+00:00,2026-05-21,0,61.24070556640629,61.0,0.24070556640629093,0.24070556640629093
KMDW,HRRR,2026-05-21 13:00:00+00:00,2026-05-21,0,60.98422973632817,61.0,-0.01577026367183265,0.01577026367183265
KMDW,HRRR,2026-05-21 14:00:00+00:00,2026-05-21,0,61.92921875000004,61.0,0.9292187500000395,0.9292187500000395
KMDW,HRRR,2026-05-21 15:00:00+00:00,2026-05-21,0,61.36171997070316,61.0,0.3617199707031631,0.3617199707031631
KMDW,HRRR,2026-05-21 16:00:00+00:00,2026-05-21,0,60.764008789062544,61.0,-0.23599121093745623,0.23599121093745623
KMDW,HRRR,2026-05-21 17:00:00+00:00,2026-05-21,0,59.96771972656254,61.0,-1.0322802734374577,1.0322802734374577
KMDW,HRRR,2026-05-21 18:00:00+00:00,2026-05-21,0,59.65406005859379,61.0,-1.3459399414062077,1.3459399414062077
KMDW,HRRR,2026-05-21 19:00:00+00:00,2026-05-21,0,59.87735717773442,61.0,-1.1226428222655827,1.1226428222655827
KMDW,HRRR,2026-05-21 20:00:00+00:00,2026-05-21,0,58.99713256835942,61.0,-2.0028674316405812,2.0028674316405812
KMDW,HRRR,2026-05-21 21:00:00+00:00,2026-05-21,0,58.00693481445317,61.0,-2.9930651855468327,2.9930651855468327
KMDW,HRRR,2026-05-21 22:00:00+00:00,2026-05-21,0,55.85482299804691,61.0,-5.145177001953087,5.145177001953087
KMDW,HRRR,2026-05-21 23:00:00+00:00,2026-05-21,0,54.43747680664067,61.0,-6.562523193359333,6.562523193359333
KMDW,HRRR,2026-05-22 00:00:00+00:00,2026-05-21,0,52.64923217773442,61.0,-8.350767822265581,8.350767822265581
KMDW,HRRR,2026-05-22 01:00:00+00:00,2026-05-21,0,51.05176513671879,61.0,-9.948234863281208,9.948234863281208
KMDW,HRRR,2026-05-22 02:00:00+00:00,2026-05-21,0,50.541230468750044,61.0,-10.458769531249956,10.458769531249956
KMDW,HRRR,2026-05-22 03:00:00+00:00,2026-05-21,0,51.18255737304692,61.0,-9.817442626953081,9.817442626953081
KMDW,NBM,2026-05-21 06:00:00+00:00,2026-05-21,0,62.14998901367191,61.0,1.149989013671913,1.149989013671913
KMDW,NBM,2026-05-21 12:00:00+00:00,2026-05-21,0,61.61001098632816,61.0,0.6100109863281631,0.6100109863281631
KMDW,ECMWF,2026-05-20 06:00:00+00:00,2026-05-21,1,62.4,61.0,1.3999999999999986,1.3999999999999986
KMDW,ECMWF,2026-05-20 12:00:00+00:00,2026-05-21,1,61.4,61.0,0.3999999999999986,0.3999999999999986
KMDW,ECMWF,2026-05-20 18:00:00+00:00,2026-05-21,1,61.6,61.0,0.6000000000000014,0.6000000000000014
KMDW,ECMWF,2026-05-21 00:00:00+00:00,2026-05-21,1,61.2,61.0,0.20000000000000284,0.20000000000000284
KMDW,GFS,2026-05-20 06:00:00+00:00,2026-05-21,1,58.2,61.0,-2.799999999999997,2.799999999999997
KMDW,GFS,2026-05-20 12:00:00+00:00,2026-05-21,1,60.2,61.0,-0.7999999999999972,0.7999999999999972
KMDW,GFS,2026-05-20 18:00:00+00:00,2026-05-21,1,60.9,61.0,-0.10000000000000142,0.10000000000000142
KMDW,GFS,2026-05-21 00:00:00+00:00,2026-05-21,1,61.3,61.0,0.29999999999999716,0.29999999999999716
KMDW,HRRR,2026-05-20 18:00:00+00:00,2026-05-21,1,53.12114990234379,61.0,-7.878850097656212,7.878850097656212
KMDW,HRRR,2026-05-20 19:00:00+00:00,2026-05-21,1,47.925770263671915,61.0,-13.074229736328085,13.074229736328085
KMDW,HRRR,2026-05-20 20:00:00+00:00,2026-05-21,1,47.73416870117192,61.0,-13.265831298828083,13.265831298828083
KMDW,HRRR,2026-05-20 21:00:00+00:00,2026-05-21,1,50.11984985351567,61.0,-10.880150146484333,10.880150146484333
KMDW,HRRR,2026-05-20 22:00:00+00:00,2026-05-21,1,50.24745605468754,61.0,-10.75254394531246,10.75254394531246
KMDW,HRRR,2026-05-21 00:00:00+00:00,2026-05-21,1,60.97066162109379,61.0,-0.029338378906210494,0.029338378906210494
KMDW,HRRR,2026-05-21 01:00:00+00:00,2026-05-21,1,54.836719970703165,61.0,-6.1632800292968355,6.1632800292968355
KMDW,HRRR,2026-05-21 02:00:00+00:00,2026-05-21,1,55.92804687500004,61.0,-5.071953124999958,5.071953124999958
KMDW,HRRR,2026-05-21 03:00:00+00:00,2026-05-21,1,57.28183715820317,61.0,-3.7181628417968327,3.7181628417968327
KMDW,HRRR,2026-05-21 04:00:00+00:00,2026-05-21,1,58.846345214843794,61.0,-2.1536547851562062,2.1536547851562062
KMDW,NBM,2026-05-20 06:00:00+00:00,2026-05-21,1,61.96997802734379,61.0,0.9699780273437923,0.9699780273437923
KMDW,NBM,2026-05-20 12:00:00+00:00,2026-05-21,1,61.96997802734379,61.0,0.9699780273437923,0.9699780273437923
KMDW,NBM,2026-05-20 18:00:00+00:00,2026-05-21,1,61.79002197265629,61.0,0.7900219726562909,0.7900219726562909
KMDW,NBM,2026-05-21 00:00:00+00:00,2026-05-21,1,61.43000000000004,61.0,0.43000000000004235,0.43000000000004235
KMDW,ECMWF,2026-05-19 06:00:00+00:00,2026-05-21,2,61.0,61.0,0.0,0.0
KMDW,ECMWF,2026-05-19 12:00:00+00:00,2026-05-21,2,61.9,61.0,0.8999999999999986,0.8999999999999986
KMDW,ECMWF,2026-05-19 18:00:00+00:00,2026-05-21,2,61.2,61.0,0.20000000000000284,0.20000000000000284
KMDW,ECMWF,2026-05-20 00:00:00+00:00,2026-05-21,2,62.6,61.0,1.6000000000000014,1.6000000000000014
KMDW,GFS,2026-05-19 06:00:00+00:00,2026-05-21,2,65.0,61.0,4.0,4.0
KMDW,GFS,2026-05-19 12:00:00+00:00,2026-05-21,2,64.4,61.0,3.4000000000000057,3.4000000000000057
KMDW,GFS,2026-05-19 18:00:00+00:00,2026-05-21,2,64.4,61.0,3.4000000000000057,3.4000000000000057
KMDW,GFS,2026-05-20 00:00:00+00:00,2026-05-21,2,63.2,61.0,2.200000000000003,2.200000000000003
KMDW,NBM,2026-05-19 06:00:00+00:00,2026-05-21,2,62.51001098632817,61.0,1.5100109863281688,1.5100109863281688
KMDW,NBM,2026-05-19 12:00:00+00:00,2026-05-21,2,62.51001098632817,61.0,1.5100109863281688,1.5100109863281688
KMDW,NBM,2026-05-19 18:00:00+00:00,2026-05-21,2,62.86997802734379,61.0,1.869978027343791,1.869978027343791
KMDW,NBM,2026-05-20 00:00:00+00:00,2026-05-21,2,61.96997802734379,61.0,0.9699780273437923,0.9699780273437923
KMDW,ECMWF,2026-05-18 06:00:00+00:00,2026-05-21,3,60.9,61.0,-0.10000000000000142,0.10000000000000142
KMDW,ECMWF,2026-05-18 12:00:00+00:00,2026-05-21,3,61.9,61.0,0.8999999999999986,0.8999999999999986
KMDW,ECMWF,2026-05-18 18:00:00+00:00,2026-05-21,3,58.8,61.0,-2.200000000000003,2.200000000000003
KMDW,ECMWF,2026-05-19 00:00:00+00:00,2026-05-21,3,61.4,61.0,0.3999999999999986,0.3999999999999986
KMDW,GFS,2026-05-18 06:00:00+00:00,2026-05-21,3,65.3,61.0,4.299999999999997,4.299999999999997
KMDW,GFS,2026-05-18 12:00:00+00:00,2026-05-21,3,65.1,61.0,4.099999999999994,4.099999999999994
KMDW,GFS,2026-05-18 18:00:00+00:00,2026-05-21,3,64.1,61.0,3.0999999999999943,3.0999999999999943
KMDW,GFS,2026-05-19 00:00:00+00:00,2026-05-21,3,64.6,61.0,3.5999999999999943,3.5999999999999943
KMDW,NBM,2026-05-18 06:00:00+00:00,2026-05-21,3,61.61001098632816,61.0,0.6100109863281631,0.6100109863281631
KMDW,NBM,2026-05-18 12:00:00+00:00,2026-05-21,3,61.79002197265629,61.0,0.7900219726562909,0.7900219726562909
KMDW,NBM,2026-05-18 18:00:00+00:00,2026-05-21,3,61.79002197265629,61.0,0.7900219726562909,0.7900219726562909
KMDW,NBM,2026-05-19 00:00:00+00:00,2026-05-21,3,62.14998901367191,61.0,1.149989013671913,1.149989013671913
KMDW,ECMWF,2026-05-17 06:00:00+00:00,2026-05-21,4,55.8,61.0,-5.200000000000003,5.200000000000003
KMDW,ECMWF,2026-05-17 12:00:00+00:00,2026-05-21,4,57.9,61.0,-3.1000000000000014,3.1000000000000014
KMDW,ECMWF,2026-05-17 18:00:00+00:00,2026-05-21,4,59.4,61.0,-1.6000000000000014,1.6000000000000014
KMDW,ECMWF,2026-05-18 00:00:00+00:00,2026-05-21,4,63.2,61.0,2.200000000000003,2.200000000000003
KMDW,GFS,2026-05-17 06:00:00+00:00,2026-05-21,4,67.8,61.0,6.799999999999997,6.799999999999997
KMDW,GFS,2026-05-17 12:00:00+00:00,2026-05-21,4,68.7,61.0,7.700000000000003,7.700000000000003
KMDW,GFS,2026-05-17 18:00:00+00:00,2026-05-21,4,67.3,61.0,6.299999999999997,6.299999999999997
KMDW,GFS,2026-05-18 00:00:00+00:00,2026-05-21,4,65.5,61.0,4.5,4.5
KMDW,NBM,2026-05-17 06:00:00+00:00,2026-05-21,4,62.51001098632817,61.0,1.5100109863281688,1.5100109863281688
KMDW,NBM,2026-05-17 12:00:00+00:00,2026-05-21,4,62.51001098632817,61.0,1.5100109863281688,1.5100109863281688
KMDW,NBM,2026-05-17 18:00:00+00:00,2026-05-21,4,62.86997802734379,61.0,1.869978027343791,1.869978027343791
KMDW,NBM,2026-05-18 00:00:00+00:00,2026-05-21,4,62.33000000000004,61.0,1.330000000000041,1.330000000000041
KMDW,ECMWF,2026-05-16 06:00:00+00:00,2026-05-21,5,59.5,61.0,-1.5,1.5
KMDW,ECMWF,2026-05-16 12:00:00+00:00,2026-05-21,5,57.5,61.0,-3.5,3.5
KMDW,ECMWF,2026-05-16 18:00:00+00:00,2026-05-21,5,56.4,61.0,-4.600000000000001,4.600000000000001
KMDW,ECMWF,2026-05-17 00:00:00+00:00,2026-05-21,5,58.6,61.0,-2.3999999999999986,2.3999999999999986
KMDW,GFS,2026-05-16 06:00:00+00:00,2026-05-21,5,59.2,61.0,-1.7999999999999972,1.7999999999999972
KMDW,GFS,2026-05-16 12:00:00+00:00,2026-05-21,5,62.4,61.0,1.3999999999999986,1.3999999999999986
KMDW,GFS,2026-05-16 18:00:00+00:00,2026-05-21,5,62.4,61.0,1.3999999999999986,1.3999999999999986
KMDW,GFS,2026-05-17 00:00:00+00:00,2026-05-21,5,63.6,61.0,2.6000000000000014,2.6000000000000014
KMDW,NBM,2026-05-16 06:00:00+00:00,2026-05-21,5,60.710010986328165,61.0,-0.2899890136718355,0.2899890136718355
KMDW,NBM,2026-05-16 12:00:00+00:00,2026-05-21,5,61.069978027343794,61.0,0.06997802734379377,0.06997802734379377
KMDW,NBM,2026-05-16 18:00:00+00:00,2026-05-21,5,62.33000000000004,61.0,1.330000000000041,1.330000000000041
KMDW,NBM,2026-05-17 00:00:00+00:00,2026-05-21,5,61.96997802734379,61.0,0.9699780273437923,0.9699780273437923
KMDW,ECMWF,2026-05-15 06:00:00+00:00,2026-05-21,6,58.3,61.0,-2.700000000000003,2.700000000000003
KMDW,ECMWF,2026-05-15 12:00:00+00:00,2026-05-21,6,66.5,61.0,5.5,5.5
KMDW,ECMWF,2026-05-15 18:00:00+00:00,2026-05-21,6,66.5,61.0,5.5,5.5
KMDW,ECMWF,2026-05-16 00:00:00+00:00,2026-05-21,6,60.0,61.0,-1.0,1.0
KMDW,GFS,2026-05-15 06:00:00+00:00,2026-05-21,6,58.8,61.0,-2.200000000000003,2.200000000000003
KMDW,GFS,2026-05-15 12:00:00+00:00,2026-05-21,6,62.3,61.0,1.2999999999999972,1.2999999999999972
KMDW,GFS,2026-05-15 18:00:00+00:00,2026-05-21,6,57.8,61.0,-3.200000000000003,3.200000000000003
KMDW,GFS,2026-05-16 00:00:00+00:00,2026-05-21,6,59.2,61.0,-1.7999999999999972,1.7999999999999972
KMDW,NBM,2026-05-15 06:00:00+00:00,2026-05-21,6,65.74998901367192,61.0,4.749989013671922,4.749989013671922
KMDW,NBM,2026-05-15 12:00:00+00:00,2026-05-21,6,63.41001098632817,61.0,2.4100109863281673,2.4100109863281673
KMDW,NBM,2026-05-15 18:00:00+00:00,2026-05-21,6,62.33000000000004,61.0,1.330000000000041,1.330000000000041
KMDW,NBM,2026-05-16 00:00:00+00:00,2026-05-21,6,62.33000000000004,61.0,1.330000000000041,1.330000000000041
KMDW,ECMWF,2026-05-14 06:00:00+00:00,2026-05-21,7,53.5,61.0,-7.5,7.5
KMDW,ECMWF,2026-05-14 12:00:00+00:00,2026-05-21,7,58.7,61.0,-2.299999999999997,2.299999999999997
KMDW,ECMWF,2026-05-14 18:00:00+00:00,2026-05-21,7,58.7,61.0,-2.299999999999997,2.299999999999997
KMDW,ECMWF,2026-05-15 00:00:00+00:00,2026-05-21,7,58.3,61.0,-2.700000000000003,2.700000000000003
KMDW,GFS,2026-05-14 06:00:00+00:00,2026-05-21,7,58.0,61.0,-3.0,3.0
KMDW,GFS,2026-05-14 12:00:00+00:00,2026-05-21,7,68.5,61.0,7.5,7.5
KMDW,GFS,2026-05-14 18:00:00+00:00,2026-05-21,7,53.8,61.0,-7.200000000000003,7.200000000000003
KMDW,GFS,2026-05-15 00:00:00+00:00,2026-05-21,7,67.3,61.0,6.299999999999997,6.299999999999997
KMDW,NBM,2026-05-14 06:00:00+00:00,2026-05-21,7,67.54998901367192,61.0,6.549989013671919,6.549989013671919
KMDW,NBM,2026-05-14 12:00:00+00:00,2026-05-21,7,65.39002197265629,61.0,4.390021972656285,4.390021972656285
KMDW,NBM,2026-05-14 18:00:00+00:00,2026-05-21,7,65.93000000000004,61.0,4.930000000000035,4.930000000000035
KMDW,NBM,2026-05-15 00:00:00+00:00,2026-05-21,7,65.5699780273438,61.0,4.569978027343794,4.569978027343794
KMIA,ECMWF,2026-05-21 06:00:00+00:00,2026-05-21,0,85.0,89.0,-4.0,4.0
KMIA,ECMWF,2026-05-21 12:00:00+00:00,2026-05-21,0,84.4,89.0,-4.599999999999994,4.599999999999994
KMIA,ECMWF,2026-05-21 18:00:00+00:00,2026-05-21,0,84.1,89.0,-4.900000000000006,4.900000000000006
KMIA,ECMWF,2026-05-22 00:00:00+00:00,2026-05-21,0,80.6,89.0,-8.400000000000006,8.400000000000006
KMIA,GFS,2026-05-21 06:00:00+00:00,2026-05-21,0,87.2,89.0,-1.7999999999999972,1.7999999999999972
KMIA,GFS,2026-05-21 12:00:00+00:00,2026-05-21,0,87.0,89.0,-2.0,2.0
KMIA,GFS,2026-05-21 18:00:00+00:00,2026-05-21,0,87.3,89.0,-1.7000000000000028,1.7000000000000028
KMIA,GFS,2026-05-22 00:00:00+00:00,2026-05-21,0,79.4,89.0,-9.599999999999994,9.599999999999994
KMIA,HRRR,2026-05-21 04:00:00+00:00,2026-05-21,0,84.27134521484379,89.0,-4.728654785156209,4.728654785156209
KMIA,HRRR,2026-05-21 05:00:00+00:00,2026-05-21,0,84.53529174804692,89.0,-4.464708251953084,4.464708251953084
KMIA,HRRR,2026-05-21 06:00:00+00:00,2026-05-21,0,86.7852368164063,89.0,-2.2147631835937034,2.2147631835937034
KMIA,HRRR,2026-05-21 07:00:00+00:00,2026-05-21,0,85.55075805664066,89.0,-3.4492419433593398,3.4492419433593398
KMIA,HRRR,2026-05-21 08:00:00+00:00,2026-05-21,0,86.19082153320316,89.0,-2.809178466796837,2.809178466796837
KMIA,HRRR,2026-05-21 09:00:00+00:00,2026-05-21,0,86.9401440429688,89.0,-2.0598559570312034,2.0598559570312034
KMIA,HRRR,2026-05-21 10:00:00+00:00,2026-05-21,0,87.00161254882816,89.0,-1.998387451171837,1.998387451171837
KMIA,HRRR,2026-05-21 11:00:00+00:00,2026-05-21,0,86.85835083007817,89.0,-2.141649169921834,2.141649169921834
KMIA,HRRR,2026-05-21 12:00:00+00:00,2026-05-21,0,85.98911254882816,89.0,-3.0108874511718398,3.0108874511718398
KMIA,HRRR,2026-05-21 13:00:00+00:00,2026-05-21,0,87.10120361328129,89.0,-1.8987963867187148,1.8987963867187148
KMIA,HRRR,2026-05-21 14:00:00+00:00,2026-05-21,0,86.82923706054692,89.0,-2.170762939453084,2.170762939453084
KMIA,HRRR,2026-05-21 15:00:00+00:00,2026-05-21,0,86.82989624023442,89.0,-2.1701037597655812,2.1701037597655812
KMIA,HRRR,2026-05-21 16:00:00+00:00,2026-05-21,0,87.22276733398442,89.0,-1.7772326660155784,1.7772326660155784
KMIA,HRRR,2026-05-21 17:00:00+00:00,2026-05-21,0,87.11229980468754,89.0,-1.887700195312462,1.887700195312462
KMIA,HRRR,2026-05-21 18:00:00+00:00,2026-05-21,0,86.75095947265629,89.0,-2.249040527343709,2.249040527343709
KMIA,HRRR,2026-05-21 19:00:00+00:00,2026-05-21,0,85.52735717773442,89.0,-3.472642822265584,3.472642822265584
KMIA,HRRR,2026-05-21 20:00:00+00:00,2026-05-21,0,84.75963256835942,89.0,-4.240367431640578,4.240367431640578
KMIA,HRRR,2026-05-21 21:00:00+00:00,2026-05-21,0,84.21943481445317,89.0,-4.780565185546834,4.780565185546834
KMIA,HRRR,2026-05-21 22:00:00+00:00,2026-05-21,0,82.85482299804691,89.0,-6.145177001953087,6.145177001953087
KMIA,HRRR,2026-05-21 23:00:00+00:00,2026-05-21,0,80.08747680664067,89.0,-8.912523193359334,8.912523193359334
KMIA,HRRR,2026-05-22 00:00:00+00:00,2026-05-21,0,77.84923217773442,89.0,-11.150767822265578,11.150767822265578
KMIA,HRRR,2026-05-22 01:00:00+00:00,2026-05-21,0,77.82676513671879,89.0,-11.173234863281209,11.173234863281209
KMIA,HRRR,2026-05-22 02:00:00+00:00,2026-05-21,0,77.99123046875005,89.0,-11.008769531249953,11.008769531249953
KMIA,NBM,2026-05-21 06:00:00+00:00,2026-05-21,0,88.24998901367192,89.0,-0.7500109863280784,0.7500109863280784
KMIA,NBM,2026-05-21 12:00:00+00:00,2026-05-21,0,88.24998901367192,89.0,-0.7500109863280784,0.7500109863280784
KMIA,ECMWF,2026-05-20 06:00:00+00:00,2026-05-21,1,85.0,89.0,-4.0,4.0
KMIA,ECMWF,2026-05-20 12:00:00+00:00,2026-05-21,1,85.2,89.0,-3.799999999999997,3.799999999999997
KMIA,ECMWF,2026-05-20 18:00:00+00:00,2026-05-21,1,85.5,89.0,-3.5,3.5
KMIA,ECMWF,2026-05-21 00:00:00+00:00,2026-05-21,1,85.2,89.0,-3.799999999999997,3.799999999999997
KMIA,GFS,2026-05-20 06:00:00+00:00,2026-05-21,1,86.2,89.0,-2.799999999999997,2.799999999999997
KMIA,GFS,2026-05-20 12:00:00+00:00,2026-05-21,1,85.0,89.0,-4.0,4.0
KMIA,GFS,2026-05-20 18:00:00+00:00,2026-05-21,1,85.5,89.0,-3.5,3.5
KMIA,GFS,2026-05-21 00:00:00+00:00,2026-05-21,1,85.6,89.0,-3.4000000000000057,3.4000000000000057
KMIA,HRRR,2026-05-20 17:00:00+00:00,2026-05-21,1,77.33562133789067,89.0,-11.664378662109328,11.664378662109328
KMIA,HRRR,2026-05-20 18:00:00+00:00,2026-05-21,1,78.43364990234379,89.0,-10.566350097656212,10.566350097656212
KMIA,HRRR,2026-05-20 19:00:00+00:00,2026-05-21,1,76.8716137695313,89.0,-12.128386230468706,12.128386230468706
KMIA,HRRR,2026-05-20 20:00:00+00:00,2026-05-21,1,77.15566528320316,89.0,-11.844334716796837,11.844334716796837
KMIA,HRRR,2026-05-20 21:00:00+00:00,2026-05-21,1,76.90133178710941,89.0,-12.098668212890587,12.098668212890587
KMIA,HRRR,2026-05-20 22:00:00+00:00,2026-05-21,1,77.00938232421879,89.0,-11.990617675781209,11.990617675781209
KMIA,HRRR,2026-05-21 00:00:00+00:00,2026-05-21,1,86.50816162109379,89.0,-2.491838378906209,2.491838378906209
KMIA,HRRR,2026-05-21 01:00:00+00:00,2026-05-21,1,80.93671997070317,89.0,-8.063280029296834,8.063280029296834
KMIA,HRRR,2026-05-21 02:00:00+00:00,2026-05-21,1,81.91554687500005,89.0,-7.084453124999953,7.084453124999953
KMIA,HRRR,2026-05-21 03:00:00+00:00,2026-05-21,1,82.93183715820317,89.0,-6.068162841796834,6.068162841796834
KMIA,NBM,2026-05-20 06:00:00+00:00,2026-05-21,1,88.79002197265629,89.0,-0.20997802734370907,0.20997802734370907
KMIA,NBM,2026-05-20 12:00:00+00:00,2026-05-21,1,88.61001098632816,89.0,-0.3899890136718369,0.3899890136718369
KMIA,NBM,2026-05-20 18:00:00+00:00,2026-05-21,1,88.24998901367192,89.0,-0.7500109863280784,0.7500109863280784
KMIA,NBM,2026-05-21 00:00:00+00:00,2026-05-21,1,88.0699780273438,89.0,-0.9300219726562062,0.9300219726562062
KMIA,ECMWF,2026-05-19 06:00:00+00:00,2026-05-21,2,84.3,89.0,-4.700000000000003,4.700000000000003
KMIA,ECMWF,2026-05-19 12:00:00+00:00,2026-05-21,2,85.2,89.0,-3.799999999999997,3.799999999999997
KMIA,ECMWF,2026-05-19 18:00:00+00:00,2026-05-21,2,84.9,89.0,-4.099999999999994,4.099999999999994
KMIA,ECMWF,2026-05-20 00:00:00+00:00,2026-05-21,2,84.4,89.0,-4.599999999999994,4.599999999999994
KMIA,GFS,2026-05-19 06:00:00+00:00,2026-05-21,2,87.2,89.0,-1.7999999999999972,1.7999999999999972
KMIA,GFS,2026-05-19 12:00:00+00:00,2026-05-21,2,85.6,89.0,-3.4000000000000057,3.4000000000000057
KMIA,GFS,2026-05-19 18:00:00+00:00,2026-05-21,2,85.6,89.0,-3.4000000000000057,3.4000000000000057
KMIA,GFS,2026-05-20 00:00:00+00:00,2026-05-21,2,88.0,89.0,-1.0,1.0
KMIA,NBM,2026-05-19 06:00:00+00:00,2026-05-21,2,88.79002197265629,89.0,-0.20997802734370907,0.20997802734370907
KMIA,NBM,2026-05-19 12:00:00+00:00,2026-05-21,2,88.79002197265629,89.0,-0.20997802734370907,0.20997802734370907
KMIA,NBM,2026-05-19 18:00:00+00:00,2026-05-21,2,88.43000000000004,89.0,-0.5699999999999648,0.5699999999999648
KMIA,NBM,2026-05-20 00:00:00+00:00,2026-05-21,2,88.24998901367192,89.0,-0.7500109863280784,0.7500109863280784
KMIA,ECMWF,2026-05-18 06:00:00+00:00,2026-05-21,3,83.4,89.0,-5.599999999999994,5.599999999999994
KMIA,ECMWF,2026-05-18 12:00:00+00:00,2026-05-21,3,85.5,89.0,-3.5,3.5
KMIA,ECMWF,2026-05-18 18:00:00+00:00,2026-05-21,3,85.2,89.0,-3.799999999999997,3.799999999999997
KMIA,ECMWF,2026-05-19 00:00:00+00:00,2026-05-21,3,83.5,89.0,-5.5,5.5
KMIA,GFS,2026-05-18 06:00:00+00:00,2026-05-21,3,87.1,89.0,-1.9000000000000057,1.9000000000000057
KMIA,GFS,2026-05-18 12:00:00+00:00,2026-05-21,3,86.7,89.0,-2.299999999999997,2.299999999999997
KMIA,GFS,2026-05-18 18:00:00+00:00,2026-05-21,3,86.9,89.0,-2.0999999999999943,2.0999999999999943
KMIA,GFS,2026-05-19 00:00:00+00:00,2026-05-21,3,87.8,89.0,-1.2000000000000028,1.2000000000000028
KMIA,NBM,2026-05-18 06:00:00+00:00,2026-05-21,3,88.43000000000004,89.0,-0.5699999999999648,0.5699999999999648
KMIA,NBM,2026-05-18 12:00:00+00:00,2026-05-21,3,88.61001098632816,89.0,-0.3899890136718369,0.3899890136718369
KMIA,NBM,2026-05-18 18:00:00+00:00,2026-05-21,3,88.0699780273438,89.0,-0.9300219726562062,0.9300219726562062
KMIA,NBM,2026-05-19 00:00:00+00:00,2026-05-21,3,88.0699780273438,89.0,-0.9300219726562062,0.9300219726562062
KMIA,ECMWF,2026-05-17 06:00:00+00:00,2026-05-21,4,83.7,89.0,-5.299999999999997,5.299999999999997
KMIA,ECMWF,2026-05-17 12:00:00+00:00,2026-05-21,4,86.0,89.0,-3.0,3.0
KMIA,ECMWF,2026-05-17 18:00:00+00:00,2026-05-21,4,87.4,89.0,-1.5999999999999943,1.5999999999999943
KMIA,ECMWF,2026-05-18 00:00:00+00:00,2026-05-21,4,85.5,89.0,-3.5,3.5
KMIA,GFS,2026-05-17 06:00:00+00:00,2026-05-21,4,88.7,89.0,-0.29999999999999716,0.29999999999999716
KMIA,GFS,2026-05-17 12:00:00+00:00,2026-05-21,4,87.6,89.0,-1.4000000000000057,1.4000000000000057
KMIA,GFS,2026-05-17 18:00:00+00:00,2026-05-21,4,87.6,89.0,-1.4000000000000057,1.4000000000000057
KMIA,GFS,2026-05-18 00:00:00+00:00,2026-05-21,4,88.0,89.0,-1.0,1.0
KMIA,NBM,2026-05-17 06:00:00+00:00,2026-05-21,4,88.43000000000004,89.0,-0.5699999999999648,0.5699999999999648
KMIA,NBM,2026-05-17 12:00:00+00:00,2026-05-21,4,88.24998901367192,89.0,-0.7500109863280784,0.7500109863280784
KMIA,NBM,2026-05-17 18:00:00+00:00,2026-05-21,4,88.24998901367192,89.0,-0.7500109863280784,0.7500109863280784
KMIA,NBM,2026-05-18 00:00:00+00:00,2026-05-21,4,88.0699780273438,89.0,-0.9300219726562062,0.9300219726562062
KMIA,ECMWF,2026-05-16 06:00:00+00:00,2026-05-21,5,85.2,89.0,-3.799999999999997,3.799999999999997
KMIA,ECMWF,2026-05-16 12:00:00+00:00,2026-05-21,5,85.9,89.0,-3.0999999999999943,3.0999999999999943
KMIA,ECMWF,2026-05-16 18:00:00+00:00,2026-05-21,5,85.7,89.0,-3.299999999999997,3.299999999999997
KMIA,ECMWF,2026-05-17 00:00:00+00:00,2026-05-21,5,85.6,89.0,-3.4000000000000057,3.4000000000000057
KMIA,GFS,2026-05-16 06:00:00+00:00,2026-05-21,5,87.0,89.0,-2.0,2.0
KMIA,GFS,2026-05-16 12:00:00+00:00,2026-05-21,5,86.7,89.0,-2.299999999999997,2.299999999999997
KMIA,GFS,2026-05-16 18:00:00+00:00,2026-05-21,5,86.7,89.0,-2.299999999999997,2.299999999999997
KMIA,GFS,2026-05-17 00:00:00+00:00,2026-05-21,5,87.8,89.0,-1.2000000000000028,1.2000000000000028
KMIA,NBM,2026-05-16 06:00:00+00:00,2026-05-21,5,88.0699780273438,89.0,-0.9300219726562062,0.9300219726562062
KMIA,NBM,2026-05-16 12:00:00+00:00,2026-05-21,5,88.0699780273438,89.0,-0.9300219726562062,0.9300219726562062
KMIA,NBM,2026-05-16 18:00:00+00:00,2026-05-21,5,88.0699780273438,89.0,-0.9300219726562062,0.9300219726562062
KMIA,NBM,2026-05-17 00:00:00+00:00,2026-05-21,5,88.0699780273438,89.0,-0.9300219726562062,0.9300219726562062
KMIA,ECMWF,2026-05-15 06:00:00+00:00,2026-05-21,6,84.9,89.0,-4.099999999999994,4.099999999999994
KMIA,ECMWF,2026-05-15 12:00:00+00:00,2026-05-21,6,86.1,89.0,-2.9000000000000057,2.9000000000000057
KMIA,ECMWF,2026-05-15 18:00:00+00:00,2026-05-21,6,86.1,89.0,-2.9000000000000057,2.9000000000000057
KMIA,ECMWF,2026-05-16 00:00:00+00:00,2026-05-21,6,85.9,89.0,-3.0999999999999943,3.0999999999999943
KMIA,GFS,2026-05-15 06:00:00+00:00,2026-05-21,6,88.1,89.0,-0.9000000000000057,0.9000000000000057
KMIA,GFS,2026-05-15 12:00:00+00:00,2026-05-21,6,88.5,89.0,-0.5,0.5
KMIA,GFS,2026-05-15 18:00:00+00:00,2026-05-21,6,87.8,89.0,-1.2000000000000028,1.2000000000000028
KMIA,GFS,2026-05-16 00:00:00+00:00,2026-05-21,6,87.0,89.0,-2.0,2.0
KMIA,NBM,2026-05-15 06:00:00+00:00,2026-05-21,6,88.61001098632816,89.0,-0.3899890136718369,0.3899890136718369
KMIA,NBM,2026-05-15 12:00:00+00:00,2026-05-21,6,88.43000000000004,89.0,-0.5699999999999648,0.5699999999999648
KMIA,NBM,2026-05-15 18:00:00+00:00,2026-05-21,6,87.71001098632817,89.0,-1.2899890136718284,1.2899890136718284
KMIA,NBM,2026-05-16 00:00:00+00:00,2026-05-21,6,87.71001098632817,89.0,-1.2899890136718284,1.2899890136718284
KMIA,ECMWF,2026-05-14 06:00:00+00:00,2026-05-21,7,82.8,89.0,-6.200000000000003,6.200000000000003
KMIA,ECMWF,2026-05-14 12:00:00+00:00,2026-05-21,7,84.6,89.0,-4.400000000000006,4.400000000000006
KMIA,ECMWF,2026-05-14 18:00:00+00:00,2026-05-21,7,84.6,89.0,-4.400000000000006,4.400000000000006
KMIA,ECMWF,2026-05-15 00:00:00+00:00,2026-05-21,7,84.9,89.0,-4.099999999999994,4.099999999999994
KMIA,GFS,2026-05-14 06:00:00+00:00,2026-05-21,7,88.5,89.0,-0.5,0.5
KMIA,GFS,2026-05-14 12:00:00+00:00,2026-05-21,7,88.3,89.0,-0.7000000000000028,0.7000000000000028
KMIA,GFS,2026-05-14 18:00:00+00:00,2026-05-21,7,88.6,89.0,-0.4000000000000057,0.4000000000000057
KMIA,GFS,2026-05-15 00:00:00+00:00,2026-05-21,7,88.3,89.0,-0.7000000000000028,0.7000000000000028
KMIA,NBM,2026-05-14 06:00:00+00:00,2026-05-21,7,88.43000000000004,89.0,-0.5699999999999648,0.5699999999999648
KMIA,NBM,2026-05-14 12:00:00+00:00,2026-05-21,7,88.43000000000004,89.0,-0.5699999999999648,0.5699999999999648
KMIA,NBM,2026-05-14 18:00:00+00:00,2026-05-21,7,88.0699780273438,89.0,-0.9300219726562062,0.9300219726562062
KMIA,NBM,2026-05-15 00:00:00+00:00,2026-05-21,7,88.24998901367192,89.0,-0.7500109863280784,0.7500109863280784
KNYC,ECMWF,2026-05-21 06:00:00+00:00,2026-05-21,0,67.5,66.0,1.5,1.5
KNYC,ECMWF,2026-05-21 12:00:00+00:00,2026-05-21,0,63.8,66.0,-2.200000000000003,2.200000000000003
KNYC,ECMWF,2026-05-21 18:00:00+00:00,2026-05-21,0,60.4,66.0,-5.600000000000001,5.600000000000001
KNYC,ECMWF,2026-05-22 00:00:00+00:00,2026-05-21,0,59.1,66.0,-6.899999999999999,6.899999999999999
KNYC,GFS,2026-05-21 06:00:00+00:00,2026-05-21,0,63.6,66.0,-2.3999999999999986,2.3999999999999986
KNYC,GFS,2026-05-21 12:00:00+00:00,2026-05-21,0,63.5,66.0,-2.5,2.5
KNYC,GFS,2026-05-21 18:00:00+00:00,2026-05-21,0,61.8,66.0,-4.200000000000003,4.200000000000003
KNYC,GFS,2026-05-22 00:00:00+00:00,2026-05-21,0,60.5,66.0,-5.5,5.5
KNYC,HRRR,2026-05-21 04:00:00+00:00,2026-05-21,0,65.39007690429692,66.0,-0.6099230957030812,0.6099230957030812
KNYC,HRRR,2026-05-21 05:00:00+00:00,2026-05-21,0,63.70581787109379,66.0,-2.2941821289062077,2.2941821289062077
KNYC,HRRR,2026-05-21 06:00:00+00:00,2026-05-21,0,62.901783447265665,66.0,-3.0982165527343355,3.0982165527343355
KNYC,HRRR,2026-05-21 07:00:00+00:00,2026-05-21,0,62.833668212890665,66.0,-3.1663317871093355,3.1663317871093355
KNYC,HRRR,2026-05-21 08:00:00+00:00,2026-05-21,0,64.4120190429688,66.0,-1.5879809570312062,1.5879809570312062
KNYC,HRRR,2026-05-21 09:00:00+00:00,2026-05-21,0,63.280811767578165,66.0,-2.7191882324218355,2.7191882324218355
KNYC,HRRR,2026-05-21 10:00:00+00:00,2026-05-21,0,62.66162231445317,66.0,-3.3383776855468312,3.3383776855468312
KNYC,HRRR,2026-05-21 11:00:00+00:00,2026-05-21,0,63.60534790039067,66.0,-2.3946520996093312,2.3946520996093312
KNYC,HRRR,2026-05-21 12:00:00+00:00,2026-05-21,0,64.87976196289067,66.0,-1.1202380371093312,1.1202380371093312
KNYC,HRRR,2026-05-21 13:00:00+00:00,2026-05-21,0,64.47650878906254,66.0,-1.5234912109374648,1.5234912109374648
KNYC,HRRR,2026-05-21 14:00:00+00:00,2026-05-21,0,63.87923706054691,66.0,-2.120762939453087,2.120762939453087
KNYC,HRRR,2026-05-21 15:00:00+00:00,2026-05-21,0,64.06171997070317,66.0,-1.938280029296834,1.938280029296834
KNYC,HRRR,2026-05-21 16:00:00+00:00,2026-05-21,0,61.97459228515629,66.0,-4.025407714843709,4.025407714843709
KNYC,HRRR,2026-05-21 17:00:00+00:00,2026-05-21,0,60.93067138671879,66.0,-5.069328613281208,5.069328613281208
KNYC,HRRR,2026-05-21 18:00:00+00:00,2026-05-21,0,60.89156005859379,66.0,-5.1084399414062105,5.1084399414062105
KNYC,HRRR,2026-05-21 19:00:00+00:00,2026-05-21,0,60.91995971679692,66.0,-5.080040283203083,5.080040283203083
KNYC,HRRR,2026-05-21 20:00:00+00:00,2026-05-21,0,61.225599365234416,66.0,-4.774400634765584,4.774400634765584
KNYC,HRRR,2026-05-21 21:00:00+00:00,2026-05-21,0,60.70693481445316,66.0,-5.293065185546837,5.293065185546837
KNYC,HRRR,2026-05-21 22:00:00+00:00,2026-05-21,0,61.59232299804692,66.0,-4.407677001953083,4.407677001953083
KNYC,HRRR,2026-05-21 23:00:00+00:00,2026-05-21,0,61.07497680664066,66.0,-4.925023193359337,4.925023193359337
KNYC,HRRR,2026-05-22 00:00:00+00:00,2026-05-21,0,59.62423217773441,66.0,-6.375767822265587,6.375767822265587
KNYC,HRRR,2026-05-22 01:00:00+00:00,2026-05-21,0,59.03926513671879,66.0,-6.9607348632812105,6.9607348632812105
KNYC,HRRR,2026-05-22 02:00:00+00:00,2026-05-21,0,58.64123046875004,66.0,-7.358769531249962,7.358769531249962
KNYC,NBM,2026-05-21 06:00:00+00:00,2026-05-21,0,64.84998901367192,66.0,-1.150010986328084,1.150010986328084
KNYC,NBM,2026-05-21 12:00:00+00:00,2026-05-21,0,65.39002197265629,66.0,-0.6099780273437148,0.6099780273437148
KNYC,ECMWF,2026-05-20 06:00:00+00:00,2026-05-21,1,68.7,66.0,2.700000000000003,2.700000000000003
KNYC,ECMWF,2026-05-20 12:00:00+00:00,2026-05-21,1,68.1,66.0,2.0999999999999943,2.0999999999999943
KNYC,ECMWF,2026-05-20 18:00:00+00:00,2026-05-21,1,71.1,66.0,5.099999999999994,5.099999999999994
KNYC,ECMWF,2026-05-21 00:00:00+00:00,2026-05-21,1,70.1,66.0,4.099999999999994,4.099999999999994
KNYC,GFS,2026-05-20 06:00:00+00:00,2026-05-21,1,66.0,66.0,0.0,0.0
KNYC,GFS,2026-05-20 12:00:00+00:00,2026-05-21,1,65.9,66.0,-0.09999999999999432,0.09999999999999432
KNYC,GFS,2026-05-20 18:00:00+00:00,2026-05-21,1,70.9,66.0,4.900000000000006,4.900000000000006
KNYC,GFS,2026-05-21 00:00:00+00:00,2026-05-21,1,67.2,66.0,1.2000000000000028,1.2000000000000028
KNYC,HRRR,2026-05-20 17:00:00+00:00,2026-05-21,1,69.34812133789066,66.0,3.3481213378906602,3.3481213378906602
KNYC,HRRR,2026-05-20 18:00:00+00:00,2026-05-21,1,71.31742065429691,66.0,5.31742065429691,5.31742065429691
KNYC,HRRR,2026-05-20 19:00:00+00:00,2026-05-21,1,67.3091137695313,66.0,1.3091137695312938,1.3091137695312938
KNYC,HRRR,2026-05-20 20:00:00+00:00,2026-05-21,1,67.25566528320317,66.0,1.2556652832031716,1.2556652832031716
KNYC,HRRR,2026-05-20 21:00:00+00:00,2026-05-21,1,66.77633178710941,66.0,0.7763317871094131,0.7763317871094131
KNYC,HRRR,2026-05-20 22:00:00+00:00,2026-05-21,1,67.11388671875004,66.0,1.113886718750038,1.113886718750038
KNYC,HRRR,2026-05-21 00:00:00+00:00,2026-05-21,1,66.52298706054691,66.0,0.5229870605469102,0.5229870605469102
KNYC,HRRR,2026-05-21 01:00:00+00:00,2026-05-21,1,66.45954101562504,66.0,0.45954101562503524,0.45954101562503524
KNYC,HRRR,2026-05-21 02:00:00+00:00,2026-05-21,1,66.37395751953129,66.0,0.3739575195312881,0.3739575195312881
KNYC,HRRR,2026-05-21 03:00:00+00:00,2026-05-21,1,66.33259399414067,66.0,0.3325939941406659,0.3325939941406659
KNYC,NBM,2026-05-20 06:00:00+00:00,2026-05-21,1,63.94998901367192,66.0,-2.0500109863280827,2.0500109863280827
KNYC,NBM,2026-05-20 12:00:00+00:00,2026-05-21,1,63.59002197265629,66.0,-2.409978027343712,2.409978027343712
KNYC,NBM,2026-05-20 18:00:00+00:00,2026-05-21,1,64.13000000000004,66.0,-1.869999999999962,1.869999999999962
KNYC,NBM,2026-05-21 00:00:00+00:00,2026-05-21,1,63.94998901367192,66.0,-2.0500109863280827,2.0500109863280827
KNYC,ECMWF,2026-05-19 06:00:00+00:00,2026-05-21,2,67.0,66.0,1.0,1.0
KNYC,ECMWF,2026-05-19 12:00:00+00:00,2026-05-21,2,69.2,66.0,3.200000000000003,3.200000000000003
KNYC,ECMWF,2026-05-19 18:00:00+00:00,2026-05-21,2,68.5,66.0,2.5,2.5
KNYC,ECMWF,2026-05-20 00:00:00+00:00,2026-05-21,2,67.0,66.0,1.0,1.0
KNYC,GFS,2026-05-19 06:00:00+00:00,2026-05-21,2,71.5,66.0,5.5,5.5
KNYC,GFS,2026-05-19 12:00:00+00:00,2026-05-21,2,69.2,66.0,3.200000000000003,3.200000000000003
KNYC,GFS,2026-05-19 18:00:00+00:00,2026-05-21,2,69.2,66.0,3.200000000000003,3.200000000000003
KNYC,GFS,2026-05-20 00:00:00+00:00,2026-05-21,2,64.4,66.0,-1.5999999999999943,1.5999999999999943
KNYC,NBM,2026-05-19 06:00:00+00:00,2026-05-21,2,69.89002197265629,66.0,3.8900219726562852,3.8900219726562852
KNYC,NBM,2026-05-19 12:00:00+00:00,2026-05-21,2,67.73000000000005,66.0,1.7300000000000466,1.7300000000000466
KNYC,NBM,2026-05-19 18:00:00+00:00,2026-05-21,2,67.36997802734379,66.0,1.369978027343791,1.369978027343791
KNYC,NBM,2026-05-20 00:00:00+00:00,2026-05-21,2,65.93000000000004,66.0,-0.06999999999996476,0.06999999999996476
KNYC,ECMWF,2026-05-18 06:00:00+00:00,2026-05-21,3,72.1,66.0,6.099999999999994,6.099999999999994
KNYC,ECMWF,2026-05-18 12:00:00+00:00,2026-05-21,3,73.1,66.0,7.099999999999994,7.099999999999994
KNYC,ECMWF,2026-05-18 18:00:00+00:00,2026-05-21,3,71.2,66.0,5.200000000000003,5.200000000000003
KNYC,ECMWF,2026-05-19 00:00:00+00:00,2026-05-21,3,71.6,66.0,5.599999999999994,5.599999999999994
KNYC,GFS,2026-05-18 06:00:00+00:00,2026-05-21,3,70.1,66.0,4.099999999999994,4.099999999999994
KNYC,GFS,2026-05-18 12:00:00+00:00,2026-05-21,3,65.2,66.0,-0.7999999999999972,0.7999999999999972
KNYC,GFS,2026-05-18 18:00:00+00:00,2026-05-21,3,71.2,66.0,5.200000000000003,5.200000000000003
KNYC,GFS,2026-05-19 00:00:00+00:00,2026-05-21,3,69.7,66.0,3.700000000000003,3.700000000000003
KNYC,NBM,2026-05-18 06:00:00+00:00,2026-05-21,3,72.04998901367192,66.0,6.049989013671919,6.049989013671919
KNYC,NBM,2026-05-18 12:00:00+00:00,2026-05-21,3,72.94998901367191,66.0,6.94998901367191,6.94998901367191
KNYC,NBM,2026-05-18 18:00:00+00:00,2026-05-21,3,71.6900219726563,66.0,5.690021972656297,5.690021972656297
KNYC,NBM,2026-05-19 00:00:00+00:00,2026-05-21,3,71.33000000000004,66.0,5.330000000000041,5.330000000000041
KNYC,ECMWF,2026-05-17 06:00:00+00:00,2026-05-21,4,70.2,66.0,4.200000000000003,4.200000000000003
KNYC,ECMWF,2026-05-17 12:00:00+00:00,2026-05-21,4,66.9,66.0,0.9000000000000057,0.9000000000000057
KNYC,ECMWF,2026-05-17 18:00:00+00:00,2026-05-21,4,66.4,66.0,0.4000000000000057,0.4000000000000057
KNYC,ECMWF,2026-05-18 00:00:00+00:00,2026-05-21,4,71.9,66.0,5.900000000000006,5.900000000000006
KNYC,GFS,2026-05-17 06:00:00+00:00,2026-05-21,4,73.9,66.0,7.900000000000006,7.900000000000006
KNYC,GFS,2026-05-17 12:00:00+00:00,2026-05-21,4,75.3,66.0,9.299999999999997,9.299999999999997
KNYC,GFS,2026-05-17 18:00:00+00:00,2026-05-21,4,70.5,66.0,4.5,4.5
KNYC,GFS,2026-05-18 00:00:00+00:00,2026-05-21,4,74.8,66.0,8.799999999999997,8.799999999999997
KNYC,NBM,2026-05-17 06:00:00+00:00,2026-05-21,4,72.23000000000005,66.0,6.230000000000047,6.230000000000047
KNYC,NBM,2026-05-17 12:00:00+00:00,2026-05-21,4,71.33000000000004,66.0,5.330000000000041,5.330000000000041
KNYC,NBM,2026-05-17 18:00:00+00:00,2026-05-21,4,71.51001098632817,66.0,5.510010986328169,5.510010986328169
KNYC,NBM,2026-05-18 00:00:00+00:00,2026-05-21,4,72.04998901367192,66.0,6.049989013671919,6.049989013671919
KNYC,ECMWF,2026-05-16 06:00:00+00:00,2026-05-21,5,69.1,66.0,3.0999999999999943,3.0999999999999943
KNYC,ECMWF,2026-05-16 12:00:00+00:00,2026-05-21,5,71.8,66.0,5.799999999999997,5.799999999999997
KNYC,ECMWF,2026-05-16 18:00:00+00:00,2026-05-21,5,69.5,66.0,3.5,3.5
KNYC,ECMWF,2026-05-17 00:00:00+00:00,2026-05-21,5,68.6,66.0,2.5999999999999943,2.5999999999999943
KNYC,GFS,2026-05-16 06:00:00+00:00,2026-05-21,5,79.1,66.0,13.099999999999994,13.099999999999994
KNYC,GFS,2026-05-16 12:00:00+00:00,2026-05-21,5,69.2,66.0,3.200000000000003,3.200000000000003
KNYC,GFS,2026-05-16 18:00:00+00:00,2026-05-21,5,69.2,66.0,3.200000000000003,3.200000000000003
KNYC,GFS,2026-05-17 00:00:00+00:00,2026-05-21,5,73.2,66.0,7.200000000000003,7.200000000000003
KNYC,NBM,2026-05-16 06:00:00+00:00,2026-05-21,5,74.5699780273438,66.0,8.569978027343794,8.569978027343794
KNYC,NBM,2026-05-16 12:00:00+00:00,2026-05-21,5,73.31001098632817,66.0,7.310010986328166,7.310010986328166
KNYC,NBM,2026-05-16 18:00:00+00:00,2026-05-21,5,72.7699780273438,66.0,6.769978027343797,6.769978027343797
KNYC,NBM,2026-05-17 00:00:00+00:00,2026-05-21,5,72.23000000000005,66.0,6.230000000000047,6.230000000000047
KNYC,ECMWF,2026-05-15 06:00:00+00:00,2026-05-21,6,74.6,66.0,8.599999999999994,8.599999999999994
KNYC,ECMWF,2026-05-15 12:00:00+00:00,2026-05-21,6,67.7,66.0,1.7000000000000028,1.7000000000000028
KNYC,ECMWF,2026-05-15 18:00:00+00:00,2026-05-21,6,61.9,66.0,-4.100000000000001,4.100000000000001
KNYC,ECMWF,2026-05-16 00:00:00+00:00,2026-05-21,6,69.6,66.0,3.5999999999999943,3.5999999999999943
KNYC,GFS,2026-05-15 06:00:00+00:00,2026-05-21,6,69.2,66.0,3.200000000000003,3.200000000000003
KNYC,GFS,2026-05-15 12:00:00+00:00,2026-05-21,6,71.5,66.0,5.5,5.5
KNYC,GFS,2026-05-15 18:00:00+00:00,2026-05-21,6,79.2,66.0,13.200000000000003,13.200000000000003
KNYC,GFS,2026-05-16 00:00:00+00:00,2026-05-21,6,79.1,66.0,13.099999999999994,13.099999999999994
KNYC,NBM,2026-05-15 06:00:00+00:00,2026-05-21,6,76.73000000000005,66.0,10.730000000000047,10.730000000000047
KNYC,NBM,2026-05-15 12:00:00+00:00,2026-05-21,6,74.39002197265629,66.0,8.390021972656285,8.390021972656285
KNYC,NBM,2026-05-15 18:00:00+00:00,2026-05-21,6,75.46997802734379,66.0,9.469978027343785,9.469978027343785
KNYC,NBM,2026-05-16 00:00:00+00:00,2026-05-21,6,73.84998901367192,66.0,7.849989013671916,7.849989013671916
KNYC,ECMWF,2026-05-14 06:00:00+00:00,2026-05-21,7,71.6,66.0,5.599999999999994,5.599999999999994
KNYC,ECMWF,2026-05-14 12:00:00+00:00,2026-05-21,7,89.7,66.0,23.700000000000003,23.700000000000003
KNYC,ECMWF,2026-05-14 18:00:00+00:00,2026-05-21,7,89.7,66.0,23.700000000000003,23.700000000000003
KNYC,ECMWF,2026-05-15 00:00:00+00:00,2026-05-21,7,74.6,66.0,8.599999999999994,8.599999999999994
KNYC,GFS,2026-05-14 06:00:00+00:00,2026-05-21,7,75.5,66.0,9.5,9.5
KNYC,GFS,2026-05-14 12:00:00+00:00,2026-05-21,7,76.8,66.0,10.799999999999997,10.799999999999997
KNYC,GFS,2026-05-14 18:00:00+00:00,2026-05-21,7,70.6,66.0,4.599999999999994,4.599999999999994
KNYC,GFS,2026-05-15 00:00:00+00:00,2026-05-21,7,79.1,66.0,13.099999999999994,13.099999999999994
KNYC,NBM,2026-05-14 06:00:00+00:00,2026-05-21,7,81.94998901367191,66.0,15.94998901367191,15.94998901367191
KNYC,NBM,2026-05-14 12:00:00+00:00,2026-05-21,7,81.7699780273438,66.0,15.769978027343797,15.769978027343797
KNYC,NBM,2026-05-14 18:00:00+00:00,2026-05-21,7,79.0699780273438,66.0,13.069978027343794,13.069978027343794
KNYC,NBM,2026-05-15 00:00:00+00:00,2026-05-21,7,77.44998901367191,66.0,11.44998901367191,11.44998901367191
KORD,ECMWF,2026-05-21 06:00:00+00:00,2026-05-21,0,58.9,58.0,0.8999999999999986,0.8999999999999986
KORD,ECMWF,2026-05-21 12:00:00+00:00,2026-05-21,0,58.5,58.0,0.5,0.5
KORD,ECMWF,2026-05-21 18:00:00+00:00,2026-05-21,0,58.5,58.0,0.5,0.5
KORD,ECMWF,2026-05-22 00:00:00+00:00,2026-05-21,0,55.8,58.0,-2.200000000000003,2.200000000000003
KORD,GFS,2026-05-21 06:00:00+00:00,2026-05-21,0,60.4,58.0,2.3999999999999986,2.3999999999999986
KORD,GFS,2026-05-21 12:00:00+00:00,2026-05-21,0,61.1,58.0,3.1000000000000014,3.1000000000000014
KORD,GFS,2026-05-21 18:00:00+00:00,2026-05-21,0,59.8,58.0,1.7999999999999972,1.7999999999999972
KORD,GFS,2026-05-22 00:00:00+00:00,2026-05-21,0,52.8,58.0,-5.200000000000003,5.200000000000003
KORD,HRRR,2026-05-21 05:00:00+00:00,2026-05-21,0,58.097791748046916,58.0,0.09779174804691593,0.09779174804691593
KORD,HRRR,2026-05-21 06:00:00+00:00,2026-05-21,0,60.23523681640629,58.0,2.2352368164062923,2.2352368164062923
KORD,HRRR,2026-05-21 07:00:00+00:00,2026-05-21,0,61.25075805664066,58.0,3.250758056640663,3.250758056640663
KORD,HRRR,2026-05-21 08:00:00+00:00,2026-05-21,0,60.77323730468754,58.0,2.773237304687541,2.773237304687541
KORD,HRRR,2026-05-21 09:00:00+00:00,2026-05-21,0,60.95264404296879,58.0,2.9526440429687923,2.9526440429687923
KORD,HRRR,2026-05-21 10:00:00+00:00,2026-05-21,0,60.67661254882817,58.0,2.6766125488281673,2.6766125488281673
KORD,HRRR,2026-05-21 11:00:00+00:00,2026-05-21,0,61.320850830078165,58.0,3.3208508300781645,3.3208508300781645
KORD,HRRR,2026-05-21 12:00:00+00:00,2026-05-21,0,60.99823730468754,58.0,2.9982373046875423,2.9982373046875423
KORD,HRRR,2026-05-21 13:00:00+00:00,2026-05-21,0,61.11370361328129,58.0,3.113703613281288,3.113703613281288
KORD,HRRR,2026-05-21 14:00:00+00:00,2026-05-21,0,61.70421875000004,58.0,3.704218750000038,3.704218750000038
KORD,HRRR,2026-05-21 15:00:00+00:00,2026-05-21,0,61.249219970703166,58.0,3.249219970703166,3.249219970703166
KORD,HRRR,2026-05-21 16:00:00+00:00,2026-05-21,0,59.97650878906254,58.0,1.9765087890625423,1.9765087890625423
KORD,HRRR,2026-05-21 17:00:00+00:00,2026-05-21,0,59.58067138671879,58.0,1.580671386718791,1.580671386718791
KORD,HRRR,2026-05-21 18:00:00+00:00,2026-05-21,0,58.52906005859379,58.0,0.5290600585937923,0.5290600585937923
KORD,HRRR,2026-05-21 19:00:00+00:00,2026-05-21,0,58.527357177734416,58.0,0.5273571777344159,0.5273571777344159
KORD,HRRR,2026-05-21 20:00:00+00:00,2026-05-21,0,55.172132568359416,58.0,-2.827867431640584,2.827867431640584
KORD,HRRR,2026-05-21 21:00:00+00:00,2026-05-21,0,56.431934814453165,58.0,-1.5680651855468355,1.5680651855468355
KORD,HRRR,2026-05-21 22:00:00+00:00,2026-05-21,0,54.72982299804691,58.0,-3.270177001953087,3.270177001953087
KORD,HRRR,2026-05-21 23:00:00+00:00,2026-05-21,0,53.53747680664067,58.0,-4.462523193359331,4.462523193359331
KORD,HRRR,2026-05-22 00:00:00+00:00,2026-05-21,0,50.60138061523442,58.0,-7.398619384765581,7.398619384765581
KORD,HRRR,2026-05-22 01:00:00+00:00,2026-05-21,0,49.51241577148441,58.0,-8.487584228515587,8.487584228515587
KORD,HRRR,2026-05-22 02:00:00+00:00,2026-05-21,0,49.86623046875004,58.0,-8.13376953124996,8.13376953124996
KORD,HRRR,2026-05-22 03:00:00+00:00,2026-05-21,0,50.39505737304692,58.0,-7.604942626953083,7.604942626953083
KORD,NBM,2026-05-21 06:00:00+00:00,2026-05-21,0,60.89002197265629,58.0,2.8900219726562923,2.8900219726562923
KORD,NBM,2026-05-21 12:00:00+00:00,2026-05-21,0,60.530000000000044,58.0,2.5300000000000438,2.5300000000000438
KORD,ECMWF,2026-05-20 06:00:00+00:00,2026-05-21,1,59.6,58.0,1.6000000000000014,1.6000000000000014
KORD,ECMWF,2026-05-20 12:00:00+00:00,2026-05-21,1,59.6,58.0,1.6000000000000014,1.6000000000000014
KORD,ECMWF,2026-05-20 18:00:00+00:00,2026-05-21,1,59.4,58.0,1.3999999999999986,1.3999999999999986
KORD,ECMWF,2026-05-21 00:00:00+00:00,2026-05-21,1,58.1,58.0,0.10000000000000142,0.10000000000000142
KORD,GFS,2026-05-20 06:00:00+00:00,2026-05-21,1,57.5,58.0,-0.5,0.5
KORD,GFS,2026-05-20 12:00:00+00:00,2026-05-21,1,60.1,58.0,2.1000000000000014,2.1000000000000014
KORD,GFS,2026-05-20 18:00:00+00:00,2026-05-21,1,60.6,58.0,2.6000000000000014,2.6000000000000014
KORD,GFS,2026-05-21 00:00:00+00:00,2026-05-21,1,60.9,58.0,2.8999999999999986,2.8999999999999986
KORD,HRRR,2026-05-20 18:00:00+00:00,2026-05-21,1,55.85800903320317,58.0,-2.1419909667968327,2.1419909667968327
KORD,HRRR,2026-05-20 19:00:00+00:00,2026-05-21,1,48.150770263671916,58.0,-9.849229736328084,9.849229736328084
KORD,HRRR,2026-05-20 20:00:00+00:00,2026-05-21,1,48.34643676757817,58.0,-9.653563232421831,9.653563232421831
KORD,HRRR,2026-05-20 21:00:00+00:00,2026-05-21,1,50.743378906250044,58.0,-7.256621093749956,7.256621093749956
KORD,HRRR,2026-05-20 22:00:00+00:00,2026-05-21,1,51.42848632812504,58.0,-6.5715136718749605,6.5715136718749605
KORD,HRRR,2026-05-21 00:00:00+00:00,2026-05-21,1,60.29566162109379,58.0,2.2956616210937923,2.2956616210937923
KORD,HRRR,2026-05-21 01:00:00+00:00,2026-05-21,1,54.274219970703165,58.0,-3.7257800292968355,3.7257800292968355
KORD,HRRR,2026-05-21 02:00:00+00:00,2026-05-21,1,56.04054687500004,58.0,-1.9594531249999605,1.9594531249999605
KORD,HRRR,2026-05-21 03:00:00+00:00,2026-05-21,1,57.28183715820317,58.0,-0.7181628417968327,0.7181628417968327
KORD,HRRR,2026-05-21 04:00:00+00:00,2026-05-21,1,58.846345214843794,58.0,0.8463452148437938,0.8463452148437938
KORD,NBM,2026-05-20 06:00:00+00:00,2026-05-21,1,60.89002197265629,58.0,2.8900219726562923,2.8900219726562923
KORD,NBM,2026-05-20 12:00:00+00:00,2026-05-21,1,61.069978027343794,58.0,3.0699780273437938,3.0699780273437938
KORD,NBM,2026-05-20 18:00:00+00:00,2026-05-21,1,60.710010986328165,58.0,2.7100109863281645,2.7100109863281645
KORD,NBM,2026-05-21 00:00:00+00:00,2026-05-21,1,60.349989013671916,58.0,2.349989013671916,2.349989013671916
KORD,ECMWF,2026-05-19 06:00:00+00:00,2026-05-21,2,60.3,58.0,2.299999999999997,2.299999999999997
KORD,ECMWF,2026-05-19 12:00:00+00:00,2026-05-21,2,59.5,58.0,1.5,1.5
KORD,ECMWF,2026-05-19 18:00:00+00:00,2026-05-21,2,59.8,58.0,1.7999999999999972,1.7999999999999972
KORD,ECMWF,2026-05-20 00:00:00+00:00,2026-05-21,2,60.9,58.0,2.8999999999999986,2.8999999999999986
KORD,GFS,2026-05-19 06:00:00+00:00,2026-05-21,2,62.2,58.0,4.200000000000003,4.200000000000003
KORD,GFS,2026-05-19 12:00:00+00:00,2026-05-21,2,61.5,58.0,3.5,3.5
KORD,GFS,2026-05-19 18:00:00+00:00,2026-05-21,2,61.5,58.0,3.5,3.5
KORD,GFS,2026-05-20 00:00:00+00:00,2026-05-21,2,60.4,58.0,2.3999999999999986,2.3999999999999986
KORD,NBM,2026-05-19 06:00:00+00:00,2026-05-21,2,61.96997802734379,58.0,3.9699780273437923,3.9699780273437923
KORD,NBM,2026-05-19 12:00:00+00:00,2026-05-21,2,61.96997802734379,58.0,3.9699780273437923,3.9699780273437923
KORD,NBM,2026-05-19 18:00:00+00:00,2026-05-21,2,61.79002197265629,58.0,3.790021972656291,3.790021972656291
KORD,NBM,2026-05-20 00:00:00+00:00,2026-05-21,2,61.249989013671915,58.0,3.2499890136719145,3.2499890136719145
KORD,ECMWF,2026-05-18 06:00:00+00:00,2026-05-21,3,60.7,58.0,2.700000000000003,2.700000000000003
KORD,ECMWF,2026-05-18 12:00:00+00:00,2026-05-21,3,59.4,58.0,1.3999999999999986,1.3999999999999986
KORD,ECMWF,2026-05-18 18:00:00+00:00,2026-05-21,3,58.2,58.0,0.20000000000000284,0.20000000000000284
KORD,ECMWF,2026-05-19 00:00:00+00:00,2026-05-21,3,60.7,58.0,2.700000000000003,2.700000000000003
KORD,GFS,2026-05-18 06:00:00+00:00,2026-05-21,3,63.1,58.0,5.100000000000001,5.100000000000001
KORD,GFS,2026-05-18 12:00:00+00:00,2026-05-21,3,62.8,58.0,4.799999999999997,4.799999999999997
KORD,GFS,2026-05-18 18:00:00+00:00,2026-05-21,3,61.7,58.0,3.700000000000003,3.700000000000003
KORD,GFS,2026-05-19 00:00:00+00:00,2026-05-21,3,61.9,58.0,3.8999999999999986,3.8999999999999986
KORD,NBM,2026-05-18 06:00:00+00:00,2026-05-21,3,61.069978027343794,58.0,3.0699780273437938,3.0699780273437938
KORD,NBM,2026-05-18 12:00:00+00:00,2026-05-21,3,61.249989013671915,58.0,3.2499890136719145,3.2499890136719145
KORD,NBM,2026-05-18 18:00:00+00:00,2026-05-21,3,61.249989013671915,58.0,3.2499890136719145,3.2499890136719145
KORD,NBM,2026-05-19 00:00:00+00:00,2026-05-21,3,61.249989013671915,58.0,3.2499890136719145,3.2499890136719145
KORD,ECMWF,2026-05-17 06:00:00+00:00,2026-05-21,4,54.9,58.0,-3.1000000000000014,3.1000000000000014
KORD,ECMWF,2026-05-17 12:00:00+00:00,2026-05-21,4,56.7,58.0,-1.2999999999999972,1.2999999999999972
KORD,ECMWF,2026-05-17 18:00:00+00:00,2026-05-21,4,58.6,58.0,0.6000000000000014,0.6000000000000014
KORD,ECMWF,2026-05-18 00:00:00+00:00,2026-05-21,4,61.2,58.0,3.200000000000003,3.200000000000003
KORD,GFS,2026-05-17 06:00:00+00:00,2026-05-21,4,64.9,58.0,6.900000000000006,6.900000000000006
KORD,GFS,2026-05-17 12:00:00+00:00,2026-05-21,4,66.2,58.0,8.200000000000003,8.200000000000003
KORD,GFS,2026-05-17 18:00:00+00:00,2026-05-21,4,65.1,58.0,7.099999999999994,7.099999999999994
KORD,GFS,2026-05-18 00:00:00+00:00,2026-05-21,4,63.1,58.0,5.100000000000001,5.100000000000001
KORD,NBM,2026-05-17 06:00:00+00:00,2026-05-21,4,62.33000000000004,58.0,4.330000000000041,4.330000000000041
KORD,NBM,2026-05-17 12:00:00+00:00,2026-05-21,4,62.14998901367191,58.0,4.149989013671913,4.149989013671913
KORD,NBM,2026-05-17 18:00:00+00:00,2026-05-21,4,62.14998901367191,58.0,4.149989013671913,4.149989013671913
KORD,NBM,2026-05-18 00:00:00+00:00,2026-05-21,4,61.61001098632816,58.0,3.610010986328163,3.610010986328163
KORD,ECMWF,2026-05-16 06:00:00+00:00,2026-05-21,5,59.4,58.0,1.3999999999999986,1.3999999999999986
KORD,ECMWF,2026-05-16 12:00:00+00:00,2026-05-21,5,57.6,58.0,-0.3999999999999986,0.3999999999999986
KORD,ECMWF,2026-05-16 18:00:00+00:00,2026-05-21,5,56.3,58.0,-1.7000000000000028,1.7000000000000028
KORD,ECMWF,2026-05-17 00:00:00+00:00,2026-05-21,5,58.3,58.0,0.29999999999999716,0.29999999999999716
KORD,GFS,2026-05-16 06:00:00+00:00,2026-05-21,5,57.6,58.0,-0.3999999999999986,0.3999999999999986
KORD,GFS,2026-05-16 12:00:00+00:00,2026-05-21,5,60.5,58.0,2.5,2.5
KORD,GFS,2026-05-16 18:00:00+00:00,2026-05-21,5,60.5,58.0,2.5,2.5
KORD,GFS,2026-05-17 00:00:00+00:00,2026-05-21,5,62.0,58.0,4.0,4.0
KORD,NBM,2026-05-16 06:00:00+00:00,2026-05-21,5,60.710010986328165,58.0,2.7100109863281645,2.7100109863281645
KORD,NBM,2026-05-16 12:00:00+00:00,2026-05-21,5,61.43000000000004,58.0,3.4300000000000423,3.4300000000000423
KORD,NBM,2026-05-16 18:00:00+00:00,2026-05-21,5,62.51001098632817,58.0,4.510010986328169,4.510010986328169
KORD,NBM,2026-05-17 00:00:00+00:00,2026-05-21,5,61.96997802734379,58.0,3.9699780273437923,3.9699780273437923
KORD,ECMWF,2026-05-15 18:00:00+00:00,2026-05-21,6,59.7,58.0,1.7000000000000028,1.7000000000000028
KORD,ECMWF,2026-05-16 00:00:00+00:00,2026-05-21,6,59.7,58.0,1.7000000000000028,1.7000000000000028
KORD,GFS,2026-05-15 18:00:00+00:00,2026-05-21,6,57.2,58.0,-0.7999999999999972,0.7999999999999972
KORD,GFS,2026-05-16 00:00:00+00:00,2026-05-21,6,57.6,58.0,-0.3999999999999986,0.3999999999999986
KORD,NBM,2026-05-15 12:00:00+00:00,2026-05-21,6,64.31001098632817,58.0,6.310010986328166,6.310010986328166
KORD,NBM,2026-05-15 18:00:00+00:00,2026-05-21,6,63.04998901367192,58.0,5.049989013671919,5.049989013671919
KORD,NBM,2026-05-16 00:00:00+00:00,2026-05-21,6,62.33000000000004,58.0,4.330000000000041,4.330000000000041
